config,family,task_key,seed,L,n_features,seconds,unit_id,control,model,n_pca,n_reupload,num_memory,shots,total_time,arm,metric,value,W,encoding
negative_controls,classification,source:W16n1000,1,5,144,0.784,040a7b85a94c0c7a,shuffle_labels,XXZ,16.0,1.0,4,0,0.2,quantum,acc,0.25583333333333336,,
negative_controls,classification,source:W16n1000,1,5,144,0.784,040a7b85a94c0c7a,shuffle_labels,XXZ,16.0,1.0,4,0,0.2,quantum,balanced_acc,0.25583333333333336,,
negative_controls,classification,source:W16n1000,1,5,144,0.784,040a7b85a94c0c7a,shuffle_labels,XXZ,16.0,1.0,4,0,0.2,random_unitary,acc,0.2525,,
negative_controls,classification,source:W16n1000,1,5,144,0.784,040a7b85a94c0c7a,shuffle_labels,XXZ,16.0,1.0,4,0,0.2,random_unitary,balanced_acc,0.25249999999999995,,
negative_controls,classification,source:W16n1000,1,5,144,0.784,040a7b85a94c0c7a,shuffle_labels,XXZ,16.0,1.0,4,0,0.2,majority,acc,0.25,,
negative_controls,classification,source:W16n1000,1,5,144,0.784,040a7b85a94c0c7a,shuffle_labels,XXZ,16.0,1.0,4,0,0.2,majority,balanced_acc,0.25,,
negative_controls,classification,source:W16n1000,1,5,144,0.784,040a7b85a94c0c7a,shuffle_labels,XXZ,16.0,1.0,4,0,0.2,logistic,acc,0.27,,
negative_controls,classification,source:W16n1000,1,5,144,0.784,040a7b85a94c0c7a,shuffle_labels,XXZ,16.0,1.0,4,0,0.2,logistic,balanced_acc,0.27,,
negative_controls,classification,source:W16n1000,1,5,144,0.784,040a7b85a94c0c7a,shuffle_labels,XXZ,16.0,1.0,4,0,0.2,rbf_svm,acc,0.24166666666666667,,
negative_controls,classification,source:W16n1000,1,5,144,0.784,040a7b85a94c0c7a,shuffle_labels,XXZ,16.0,1.0,4,0,0.2,rbf_svm,balanced_acc,0.24166666666666664,,
negative_controls,classification,source:W16n1000,1,5,144,0.784,040a7b85a94c0c7a,shuffle_labels,XXZ,16.0,1.0,4,0,0.2,rff,acc,0.25166666666666665,,
negative_controls,classification,source:W16n1000,1,5,144,0.784,040a7b85a94c0c7a,shuffle_labels,XXZ,16.0,1.0,4,0,0.2,rff,balanced_acc,0.25166666666666665,,
negative_controls,classification,digits:all,2,5,144,0.326,04243bf66df418f0,shuffle_features,XXZ,16.0,1.0,4,0,0.2,quantum,acc,0.09074074074074075,,
negative_controls,classification,digits:all,2,5,144,0.326,04243bf66df418f0,shuffle_features,XXZ,16.0,1.0,4,0,0.2,quantum,balanced_acc,0.09076651859670729,,
negative_controls,classification,digits:all,2,5,144,0.326,04243bf66df418f0,shuffle_features,XXZ,16.0,1.0,4,0,0.2,random_unitary,acc,0.11296296296296296,,
negative_controls,classification,digits:all,2,5,144,0.326,04243bf66df418f0,shuffle_features,XXZ,16.0,1.0,4,0,0.2,random_unitary,balanced_acc,0.11309879149501792,,
negative_controls,classification,digits:all,2,5,144,0.326,04243bf66df418f0,shuffle_features,XXZ,16.0,1.0,4,0,0.2,majority,acc,0.10185185185185185,,
negative_controls,classification,digits:all,2,5,144,0.326,04243bf66df418f0,shuffle_features,XXZ,16.0,1.0,4,0,0.2,majority,balanced_acc,0.1,,
negative_controls,classification,digits:all,2,5,144,0.326,04243bf66df418f0,shuffle_features,XXZ,16.0,1.0,4,0,0.2,logistic,acc,0.9333333333333333,,
negative_controls,classification,digits:all,2,5,144,0.326,04243bf66df418f0,shuffle_features,XXZ,16.0,1.0,4,0,0.2,logistic,balanced_acc,0.9329578562597429,,
negative_controls,classification,digits:all,2,5,144,0.326,04243bf66df418f0,shuffle_features,XXZ,16.0,1.0,4,0,0.2,rbf_svm,acc,0.9592592592592593,,
negative_controls,classification,digits:all,2,5,144,0.326,04243bf66df418f0,shuffle_features,XXZ,16.0,1.0,4,0,0.2,rbf_svm,balanced_acc,0.959004217306104,,
negative_controls,classification,digits:all,2,5,144,0.326,04243bf66df418f0,shuffle_features,XXZ,16.0,1.0,4,0,0.2,rff,acc,0.9574074074074074,,
negative_controls,classification,digits:all,2,5,144,0.326,04243bf66df418f0,shuffle_features,XXZ,16.0,1.0,4,0,0.2,rff,balanced_acc,0.9571510948869439,,
negative_controls,classification,source:W16n1000,0,5,144,0.794,0544fcf480f56087,shuffle_features,XXZ,16.0,1.0,4,0,0.2,quantum,acc,0.25166666666666665,,
negative_controls,classification,source:W16n1000,0,5,144,0.794,0544fcf480f56087,shuffle_features,XXZ,16.0,1.0,4,0,0.2,quantum,balanced_acc,0.2516666666666667,,
negative_controls,classification,source:W16n1000,0,5,144,0.794,0544fcf480f56087,shuffle_features,XXZ,16.0,1.0,4,0,0.2,random_unitary,acc,0.2475,,
negative_controls,classification,source:W16n1000,0,5,144,0.794,0544fcf480f56087,shuffle_features,XXZ,16.0,1.0,4,0,0.2,random_unitary,balanced_acc,0.2475,,
negative_controls,classification,source:W16n1000,0,5,144,0.794,0544fcf480f56087,shuffle_features,XXZ,16.0,1.0,4,0,0.2,majority,acc,0.25,,
negative_controls,classification,source:W16n1000,0,5,144,0.794,0544fcf480f56087,shuffle_features,XXZ,16.0,1.0,4,0,0.2,majority,balanced_acc,0.25,,
negative_controls,classification,source:W16n1000,0,5,144,0.794,0544fcf480f56087,shuffle_features,XXZ,16.0,1.0,4,0,0.2,logistic,acc,0.3325,,
negative_controls,classification,source:W16n1000,0,5,144,0.794,0544fcf480f56087,shuffle_features,XXZ,16.0,1.0,4,0,0.2,logistic,balanced_acc,0.3325,,
negative_controls,classification,source:W16n1000,0,5,144,0.794,0544fcf480f56087,shuffle_features,XXZ,16.0,1.0,4,0,0.2,rbf_svm,acc,0.8591666666666666,,
negative_controls,classification,source:W16n1000,0,5,144,0.794,0544fcf480f56087,shuffle_features,XXZ,16.0,1.0,4,0,0.2,rbf_svm,balanced_acc,0.8591666666666666,,
negative_controls,classification,source:W16n1000,0,5,144,0.794,0544fcf480f56087,shuffle_features,XXZ,16.0,1.0,4,0,0.2,rff,acc,0.8166666666666667,,
negative_controls,classification,source:W16n1000,0,5,144,0.794,0544fcf480f56087,shuffle_features,XXZ,16.0,1.0,4,0,0.2,rff,balanced_acc,0.8166666666666667,,
negative_controls,classification,digits:all,1,5,144,1.442,0b088777ca98f027,shuffle_labels,IAA_LOCALIZED,16.0,1.0,4,0,0.2,quantum,acc,0.08333333333333333,,
negative_controls,classification,digits:all,1,5,144,1.442,0b088777ca98f027,shuffle_labels,IAA_LOCALIZED,16.0,1.0,4,0,0.2,quantum,balanced_acc,0.08325167494978815,,
negative_controls,classification,digits:all,1,5,144,1.442,0b088777ca98f027,shuffle_labels,IAA_LOCALIZED,16.0,1.0,4,0,0.2,random_unitary,acc,0.10925925925925926,,
negative_controls,classification,digits:all,1,5,144,1.442,0b088777ca98f027,shuffle_labels,IAA_LOCALIZED,16.0,1.0,4,0,0.2,random_unitary,balanced_acc,0.10945846955280918,,
negative_controls,classification,digits:all,1,5,144,1.442,0b088777ca98f027,shuffle_labels,IAA_LOCALIZED,16.0,1.0,4,0,0.2,majority,acc,0.10185185185185185,,
negative_controls,classification,digits:all,1,5,144,1.442,0b088777ca98f027,shuffle_labels,IAA_LOCALIZED,16.0,1.0,4,0,0.2,majority,balanced_acc,0.1,,
negative_controls,classification,digits:all,1,5,144,1.442,0b088777ca98f027,shuffle_labels,IAA_LOCALIZED,16.0,1.0,4,0,0.2,logistic,acc,0.1,,
negative_controls,classification,digits:all,1,5,144,1.442,0b088777ca98f027,shuffle_labels,IAA_LOCALIZED,16.0,1.0,4,0,0.2,logistic,balanced_acc,0.09939775109586428,,
negative_controls,classification,digits:all,1,5,144,1.442,0b088777ca98f027,shuffle_labels,IAA_LOCALIZED,16.0,1.0,4,0,0.2,rbf_svm,acc,0.09444444444444444,,
negative_controls,classification,digits:all,1,5,144,1.442,0b088777ca98f027,shuffle_labels,IAA_LOCALIZED,16.0,1.0,4,0,0.2,rbf_svm,balanced_acc,0.09397941680960549,,
negative_controls,classification,digits:all,1,5,144,1.442,0b088777ca98f027,shuffle_labels,IAA_LOCALIZED,16.0,1.0,4,0,0.2,rff,acc,0.10740740740740741,,
negative_controls,classification,digits:all,1,5,144,1.442,0b088777ca98f027,shuffle_labels,IAA_LOCALIZED,16.0,1.0,4,0,0.2,rff,balanced_acc,0.10712111438526532,,
negative_controls,classification,source:W16n1000,2,5,144,0.766,0bef5ac0d10bc61f,shuffle_features,XXZ,16.0,1.0,4,0,0.2,quantum,acc,0.24166666666666667,,
negative_controls,classification,source:W16n1000,2,5,144,0.766,0bef5ac0d10bc61f,shuffle_features,XXZ,16.0,1.0,4,0,0.2,quantum,balanced_acc,0.24166666666666667,,
negative_controls,classification,source:W16n1000,2,5,144,0.766,0bef5ac0d10bc61f,shuffle_features,XXZ,16.0,1.0,4,0,0.2,random_unitary,acc,0.2325,,
negative_controls,classification,source:W16n1000,2,5,144,0.766,0bef5ac0d10bc61f,shuffle_features,XXZ,16.0,1.0,4,0,0.2,random_unitary,balanced_acc,0.23249999999999998,,
negative_controls,classification,source:W16n1000,2,5,144,0.766,0bef5ac0d10bc61f,shuffle_features,XXZ,16.0,1.0,4,0,0.2,majority,acc,0.25,,
negative_controls,classification,source:W16n1000,2,5,144,0.766,0bef5ac0d10bc61f,shuffle_features,XXZ,16.0,1.0,4,0,0.2,majority,balanced_acc,0.25,,
negative_controls,classification,source:W16n1000,2,5,144,0.766,0bef5ac0d10bc61f,shuffle_features,XXZ,16.0,1.0,4,0,0.2,logistic,acc,0.2575,,
negative_controls,classification,source:W16n1000,2,5,144,0.766,0bef5ac0d10bc61f,shuffle_features,XXZ,16.0,1.0,4,0,0.2,logistic,balanced_acc,0.2575,,
negative_controls,classification,source:W16n1000,2,5,144,0.766,0bef5ac0d10bc61f,shuffle_features,XXZ,16.0,1.0,4,0,0.2,rbf_svm,acc,0.8925,,
negative_controls,classification,source:W16n1000,2,5,144,0.766,0bef5ac0d10bc61f,shuffle_features,XXZ,16.0,1.0,4,0,0.2,rbf_svm,balanced_acc,0.8925,,
negative_controls,classification,source:W16n1000,2,5,144,0.766,0bef5ac0d10bc61f,shuffle_features,XXZ,16.0,1.0,4,0,0.2,rff,acc,0.8858333333333334,,
negative_controls,classification,source:W16n1000,2,5,144,0.766,0bef5ac0d10bc61f,shuffle_features,XXZ,16.0,1.0,4,0,0.2,rff,balanced_acc,0.8858333333333335,,
negative_controls,classification,source:W16n1000,2,5,144,3.906,0d610bf9f655f499,shuffle_features,IAA_LOCALIZED,16.0,1.0,4,0,0.2,quantum,acc,0.2625,,
negative_controls,classification,source:W16n1000,2,5,144,3.906,0d610bf9f655f499,shuffle_features,IAA_LOCALIZED,16.0,1.0,4,0,0.2,quantum,balanced_acc,0.2625,,
negative_controls,classification,source:W16n1000,2,5,144,3.906,0d610bf9f655f499,shuffle_features,IAA_LOCALIZED,16.0,1.0,4,0,0.2,random_unitary,acc,0.2325,,
negative_controls,classification,source:W16n1000,2,5,144,3.906,0d610bf9f655f499,shuffle_features,IAA_LOCALIZED,16.0,1.0,4,0,0.2,random_unitary,balanced_acc,0.23249999999999998,,
negative_controls,classification,source:W16n1000,2,5,144,3.906,0d610bf9f655f499,shuffle_features,IAA_LOCALIZED,16.0,1.0,4,0,0.2,majority,acc,0.25,,
negative_controls,classification,source:W16n1000,2,5,144,3.906,0d610bf9f655f499,shuffle_features,IAA_LOCALIZED,16.0,1.0,4,0,0.2,majority,balanced_acc,0.25,,
negative_controls,classification,source:W16n1000,2,5,144,3.906,0d610bf9f655f499,shuffle_features,IAA_LOCALIZED,16.0,1.0,4,0,0.2,logistic,acc,0.2575,,
negative_controls,classification,source:W16n1000,2,5,144,3.906,0d610bf9f655f499,shuffle_features,IAA_LOCALIZED,16.0,1.0,4,0,0.2,logistic,balanced_acc,0.2575,,
negative_controls,classification,source:W16n1000,2,5,144,3.906,0d610bf9f655f499,shuffle_features,IAA_LOCALIZED,16.0,1.0,4,0,0.2,rbf_svm,acc,0.8925,,
negative_controls,classification,source:W16n1000,2,5,144,3.906,0d610bf9f655f499,shuffle_features,IAA_LOCALIZED,16.0,1.0,4,0,0.2,rbf_svm,balanced_acc,0.8925,,
negative_controls,classification,source:W16n1000,2,5,144,3.906,0d610bf9f655f499,shuffle_features,IAA_LOCALIZED,16.0,1.0,4,0,0.2,rff,acc,0.8858333333333334,,
negative_controls,classification,source:W16n1000,2,5,144,3.906,0d610bf9f655f499,shuffle_features,IAA_LOCALIZED,16.0,1.0,4,0,0.2,rff,balanced_acc,0.8858333333333335,,
negative_controls,classification,digits:all,1,5,144,0.284,0f183d0c31904fe5,none,XXZ,16.0,1.0,4,0,0.2,quantum,acc,0.9462962962962963,,
negative_controls,classification,digits:all,1,5,144,0.284,0f183d0c31904fe5,none,XXZ,16.0,1.0,4,0,0.2,quantum,balanced_acc,0.9459920442939312,,
negative_controls,classification,digits:all,1,5,144,0.284,0f183d0c31904fe5,none,XXZ,16.0,1.0,4,0,0.2,random_unitary,acc,0.9629629629629629,,
negative_controls,classification,digits:all,1,5,144,0.284,0f183d0c31904fe5,none,XXZ,16.0,1.0,4,0,0.2,random_unitary,balanced_acc,0.9627389766069012,,
negative_controls,classification,digits:all,1,5,144,0.284,0f183d0c31904fe5,none,XXZ,16.0,1.0,4,0,0.2,majority,acc,0.10185185185185185,,
negative_controls,classification,digits:all,1,5,144,0.284,0f183d0c31904fe5,none,XXZ,16.0,1.0,4,0,0.2,majority,balanced_acc,0.1,,
negative_controls,classification,digits:all,1,5,144,0.284,0f183d0c31904fe5,none,XXZ,16.0,1.0,4,0,0.2,logistic,acc,0.9407407407407408,,
negative_controls,classification,digits:all,1,5,144,0.284,0f183d0c31904fe5,none,XXZ,16.0,1.0,4,0,0.2,logistic,balanced_acc,0.9406126089144957,,
negative_controls,classification,digits:all,1,5,144,0.284,0f183d0c31904fe5,none,XXZ,16.0,1.0,4,0,0.2,rbf_svm,acc,0.9666666666666667,,
negative_controls,classification,digits:all,1,5,144,0.284,0f183d0c31904fe5,none,XXZ,16.0,1.0,4,0,0.2,rbf_svm,balanced_acc,0.9668272468272467,,
negative_controls,classification,digits:all,1,5,144,0.284,0f183d0c31904fe5,none,XXZ,16.0,1.0,4,0,0.2,rff,acc,0.9648148148148148,,
negative_controls,classification,digits:all,1,5,144,0.284,0f183d0c31904fe5,none,XXZ,16.0,1.0,4,0,0.2,rff,balanced_acc,0.9646594390934015,,
negative_controls,classification,source:W16n1000,0,5,144,3.954,10124c98ce3b11e5,shuffle_features,IAA_LOCALIZED,16.0,1.0,4,0,0.2,quantum,acc,0.2625,,
negative_controls,classification,source:W16n1000,0,5,144,3.954,10124c98ce3b11e5,shuffle_features,IAA_LOCALIZED,16.0,1.0,4,0,0.2,quantum,balanced_acc,0.26249999999999996,,
negative_controls,classification,source:W16n1000,0,5,144,3.954,10124c98ce3b11e5,shuffle_features,IAA_LOCALIZED,16.0,1.0,4,0,0.2,random_unitary,acc,0.2475,,
negative_controls,classification,source:W16n1000,0,5,144,3.954,10124c98ce3b11e5,shuffle_features,IAA_LOCALIZED,16.0,1.0,4,0,0.2,random_unitary,balanced_acc,0.2475,,
negative_controls,classification,source:W16n1000,0,5,144,3.954,10124c98ce3b11e5,shuffle_features,IAA_LOCALIZED,16.0,1.0,4,0,0.2,majority,acc,0.25,,
negative_controls,classification,source:W16n1000,0,5,144,3.954,10124c98ce3b11e5,shuffle_features,IAA_LOCALIZED,16.0,1.0,4,0,0.2,majority,balanced_acc,0.25,,
negative_controls,classification,source:W16n1000,0,5,144,3.954,10124c98ce3b11e5,shuffle_features,IAA_LOCALIZED,16.0,1.0,4,0,0.2,logistic,acc,0.3325,,
negative_controls,classification,source:W16n1000,0,5,144,3.954,10124c98ce3b11e5,shuffle_features,IAA_LOCALIZED,16.0,1.0,4,0,0.2,logistic,balanced_acc,0.3325,,
negative_controls,classification,source:W16n1000,0,5,144,3.954,10124c98ce3b11e5,shuffle_features,IAA_LOCALIZED,16.0,1.0,4,0,0.2,rbf_svm,acc,0.8591666666666666,,
negative_controls,classification,source:W16n1000,0,5,144,3.954,10124c98ce3b11e5,shuffle_features,IAA_LOCALIZED,16.0,1.0,4,0,0.2,rbf_svm,balanced_acc,0.8591666666666666,,
negative_controls,classification,source:W16n1000,0,5,144,3.954,10124c98ce3b11e5,shuffle_features,IAA_LOCALIZED,16.0,1.0,4,0,0.2,rff,acc,0.8166666666666667,,
negative_controls,classification,source:W16n1000,0,5,144,3.954,10124c98ce3b11e5,shuffle_features,IAA_LOCALIZED,16.0,1.0,4,0,0.2,rff,balanced_acc,0.8166666666666667,,
negative_controls,classification,digits:all,0,5,144,0.348,12a4a7e4f715daf6,shuffle_features,XXZ,16.0,1.0,4,0,0.2,quantum,acc,0.09074074074074075,,
negative_controls,classification,digits:all,0,5,144,0.348,12a4a7e4f715daf6,shuffle_features,XXZ,16.0,1.0,4,0,0.2,quantum,balanced_acc,0.09083378536208724,,
negative_controls,classification,digits:all,0,5,144,0.348,12a4a7e4f715daf6,shuffle_features,XXZ,16.0,1.0,4,0,0.2,random_unitary,acc,0.09444444444444444,,
negative_controls,classification,digits:all,0,5,144,0.348,12a4a7e4f715daf6,shuffle_features,XXZ,16.0,1.0,4,0,0.2,random_unitary,balanced_acc,0.09440161166576261,,
negative_controls,classification,digits:all,0,5,144,0.348,12a4a7e4f715daf6,shuffle_features,XXZ,16.0,1.0,4,0,0.2,majority,acc,0.10185185185185185,,
negative_controls,classification,digits:all,0,5,144,0.348,12a4a7e4f715daf6,shuffle_features,XXZ,16.0,1.0,4,0,0.2,majority,balanced_acc,0.1,,
negative_controls,classification,digits:all,0,5,144,0.348,12a4a7e4f715daf6,shuffle_features,XXZ,16.0,1.0,4,0,0.2,logistic,acc,0.9444444444444444,,
negative_controls,classification,digits:all,0,5,144,0.348,12a4a7e4f715daf6,shuffle_features,XXZ,16.0,1.0,4,0,0.2,logistic,balanced_acc,0.9445260295260294,,
negative_controls,classification,digits:all,0,5,144,0.348,12a4a7e4f715daf6,shuffle_features,XXZ,16.0,1.0,4,0,0.2,rbf_svm,acc,0.9537037037037037,,
negative_controls,classification,digits:all,0,5,144,0.348,12a4a7e4f715daf6,shuffle_features,XXZ,16.0,1.0,4,0,0.2,rbf_svm,balanced_acc,0.9537917882257505,,
negative_controls,classification,digits:all,0,5,144,0.348,12a4a7e4f715daf6,shuffle_features,XXZ,16.0,1.0,4,0,0.2,rff,acc,0.9685185185185186,,
negative_controls,classification,digits:all,0,5,144,0.348,12a4a7e4f715daf6,shuffle_features,XXZ,16.0,1.0,4,0,0.2,rff,balanced_acc,0.9684719229058851,,
negative_controls,classification,digits:all,0,5,144,1.419,149b7d8be6f5c8f6,shuffle_labels,IAA_LOCALIZED,16.0,1.0,4,0,0.2,quantum,acc,0.1111111111111111,,
negative_controls,classification,digits:all,0,5,144,1.419,149b7d8be6f5c8f6,shuffle_labels,IAA_LOCALIZED,16.0,1.0,4,0,0.2,quantum,balanced_acc,0.11110837450460091,,
negative_controls,classification,digits:all,0,5,144,1.419,149b7d8be6f5c8f6,shuffle_labels,IAA_LOCALIZED,16.0,1.0,4,0,0.2,random_unitary,acc,0.1037037037037037,,
negative_controls,classification,digits:all,0,5,144,1.419,149b7d8be6f5c8f6,shuffle_labels,IAA_LOCALIZED,16.0,1.0,4,0,0.2,random_unitary,balanced_acc,0.10355986082401177,,
negative_controls,classification,digits:all,0,5,144,1.419,149b7d8be6f5c8f6,shuffle_labels,IAA_LOCALIZED,16.0,1.0,4,0,0.2,majority,acc,0.10185185185185185,,
negative_controls,classification,digits:all,0,5,144,1.419,149b7d8be6f5c8f6,shuffle_labels,IAA_LOCALIZED,16.0,1.0,4,0,0.2,majority,balanced_acc,0.1,,
negative_controls,classification,digits:all,0,5,144,1.419,149b7d8be6f5c8f6,shuffle_labels,IAA_LOCALIZED,16.0,1.0,4,0,0.2,logistic,acc,0.12407407407407407,,
negative_controls,classification,digits:all,0,5,144,1.419,149b7d8be6f5c8f6,shuffle_labels,IAA_LOCALIZED,16.0,1.0,4,0,0.2,logistic,balanced_acc,0.12383168892602854,,
negative_controls,classification,digits:all,0,5,144,1.419,149b7d8be6f5c8f6,shuffle_labels,IAA_LOCALIZED,16.0,1.0,4,0,0.2,rbf_svm,acc,0.11481481481481481,,
negative_controls,classification,digits:all,0,5,144,1.419,149b7d8be6f5c8f6,shuffle_labels,IAA_LOCALIZED,16.0,1.0,4,0,0.2,rbf_svm,balanced_acc,0.11470979753998622,,
negative_controls,classification,digits:all,0,5,144,1.419,149b7d8be6f5c8f6,shuffle_labels,IAA_LOCALIZED,16.0,1.0,4,0,0.2,rff,acc,0.09814814814814815,,
negative_controls,classification,digits:all,0,5,144,1.419,149b7d8be6f5c8f6,shuffle_labels,IAA_LOCALIZED,16.0,1.0,4,0,0.2,rff,balanced_acc,0.09796809410016957,,
negative_controls,classification,digits:all,0,5,144,0.726,19b53cce073e310b,none,IAA_LOCALIZED,16.0,1.0,4,0,0.2,quantum,acc,0.9333333333333333,,
negative_controls,classification,digits:all,0,5,144,0.726,19b53cce073e310b,none,IAA_LOCALIZED,16.0,1.0,4,0,0.2,quantum,balanced_acc,0.9330627513646382,,
negative_controls,classification,digits:all,0,5,144,0.726,19b53cce073e310b,none,IAA_LOCALIZED,16.0,1.0,4,0,0.2,random_unitary,acc,0.9666666666666667,,
negative_controls,classification,digits:all,0,5,144,0.726,19b53cce073e310b,none,IAA_LOCALIZED,16.0,1.0,4,0,0.2,random_unitary,balanced_acc,0.9668285906965151,,
negative_controls,classification,digits:all,0,5,144,0.726,19b53cce073e310b,none,IAA_LOCALIZED,16.0,1.0,4,0,0.2,majority,acc,0.10185185185185185,,
negative_controls,classification,digits:all,0,5,144,0.726,19b53cce073e310b,none,IAA_LOCALIZED,16.0,1.0,4,0,0.2,majority,balanced_acc,0.1,,
negative_controls,classification,digits:all,0,5,144,0.726,19b53cce073e310b,none,IAA_LOCALIZED,16.0,1.0,4,0,0.2,logistic,acc,0.9444444444444444,,
negative_controls,classification,digits:all,0,5,144,0.726,19b53cce073e310b,none,IAA_LOCALIZED,16.0,1.0,4,0,0.2,logistic,balanced_acc,0.9445260295260294,,
negative_controls,classification,digits:all,0,5,144,0.726,19b53cce073e310b,none,IAA_LOCALIZED,16.0,1.0,4,0,0.2,rbf_svm,acc,0.9537037037037037,,
negative_controls,classification,digits:all,0,5,144,0.726,19b53cce073e310b,none,IAA_LOCALIZED,16.0,1.0,4,0,0.2,rbf_svm,balanced_acc,0.9537917882257505,,
negative_controls,classification,digits:all,0,5,144,0.726,19b53cce073e310b,none,IAA_LOCALIZED,16.0,1.0,4,0,0.2,rff,acc,0.9685185185185186,,
negative_controls,classification,digits:all,0,5,144,0.726,19b53cce073e310b,none,IAA_LOCALIZED,16.0,1.0,4,0,0.2,rff,balanced_acc,0.9684719229058851,,
negative_controls,classification,source:W16n1000,2,5,144,4.508,26283560858a90c6,shuffle_labels,IAA_LOCALIZED,16.0,1.0,4,0,0.2,quantum,acc,0.23916666666666667,,
negative_controls,classification,source:W16n1000,2,5,144,4.508,26283560858a90c6,shuffle_labels,IAA_LOCALIZED,16.0,1.0,4,0,0.2,quantum,balanced_acc,0.23916666666666667,,
negative_controls,classification,source:W16n1000,2,5,144,4.508,26283560858a90c6,shuffle_labels,IAA_LOCALIZED,16.0,1.0,4,0,0.2,random_unitary,acc,0.23333333333333334,,
negative_controls,classification,source:W16n1000,2,5,144,4.508,26283560858a90c6,shuffle_labels,IAA_LOCALIZED,16.0,1.0,4,0,0.2,random_unitary,balanced_acc,0.23333333333333334,,
negative_controls,classification,source:W16n1000,2,5,144,4.508,26283560858a90c6,shuffle_labels,IAA_LOCALIZED,16.0,1.0,4,0,0.2,majority,acc,0.25,,
negative_controls,classification,source:W16n1000,2,5,144,4.508,26283560858a90c6,shuffle_labels,IAA_LOCALIZED,16.0,1.0,4,0,0.2,majority,balanced_acc,0.25,,
negative_controls,classification,source:W16n1000,2,5,144,4.508,26283560858a90c6,shuffle_labels,IAA_LOCALIZED,16.0,1.0,4,0,0.2,logistic,acc,0.23,,
negative_controls,classification,source:W16n1000,2,5,144,4.508,26283560858a90c6,shuffle_labels,IAA_LOCALIZED,16.0,1.0,4,0,0.2,logistic,balanced_acc,0.23,,
negative_controls,classification,source:W16n1000,2,5,144,4.508,26283560858a90c6,shuffle_labels,IAA_LOCALIZED,16.0,1.0,4,0,0.2,rbf_svm,acc,0.24083333333333334,,
negative_controls,classification,source:W16n1000,2,5,144,4.508,26283560858a90c6,shuffle_labels,IAA_LOCALIZED,16.0,1.0,4,0,0.2,rbf_svm,balanced_acc,0.24083333333333332,,
negative_controls,classification,source:W16n1000,2,5,144,4.508,26283560858a90c6,shuffle_labels,IAA_LOCALIZED,16.0,1.0,4,0,0.2,rff,acc,0.2525,,
negative_controls,classification,source:W16n1000,2,5,144,4.508,26283560858a90c6,shuffle_labels,IAA_LOCALIZED,16.0,1.0,4,0,0.2,rff,balanced_acc,0.2525,,
negative_controls,classification,digits:all,2,5,144,0.326,2d473d93e95b397e,shuffle_labels,XXZ,16.0,1.0,4,0,0.2,quantum,acc,0.10925925925925926,,
negative_controls,classification,digits:all,2,5,144,0.326,2d473d93e95b397e,shuffle_labels,XXZ,16.0,1.0,4,0,0.2,quantum,balanced_acc,0.10922158205177072,,
negative_controls,classification,digits:all,2,5,144,0.326,2d473d93e95b397e,shuffle_labels,XXZ,16.0,1.0,4,0,0.2,random_unitary,acc,0.10185185185185185,,
negative_controls,classification,digits:all,2,5,144,0.326,2d473d93e95b397e,shuffle_labels,XXZ,16.0,1.0,4,0,0.2,random_unitary,balanced_acc,0.10166649562875978,,
negative_controls,classification,digits:all,2,5,144,0.326,2d473d93e95b397e,shuffle_labels,XXZ,16.0,1.0,4,0,0.2,majority,acc,0.10185185185185185,,
negative_controls,classification,digits:all,2,5,144,0.326,2d473d93e95b397e,shuffle_labels,XXZ,16.0,1.0,4,0,0.2,majority,balanced_acc,0.1,,
negative_controls,classification,digits:all,2,5,144,0.326,2d473d93e95b397e,shuffle_labels,XXZ,16.0,1.0,4,0,0.2,logistic,acc,0.10740740740740741,,
negative_controls,classification,digits:all,2,5,144,0.326,2d473d93e95b397e,shuffle_labels,XXZ,16.0,1.0,4,0,0.2,logistic,balanced_acc,0.10714955554578195,,
negative_controls,classification,digits:all,2,5,144,0.326,2d473d93e95b397e,shuffle_labels,XXZ,16.0,1.0,4,0,0.2,rbf_svm,acc,0.08888888888888889,,
negative_controls,classification,digits:all,2,5,144,0.326,2d473d93e95b397e,shuffle_labels,XXZ,16.0,1.0,4,0,0.2,rbf_svm,balanced_acc,0.08866082205704848,,
negative_controls,classification,digits:all,2,5,144,0.326,2d473d93e95b397e,shuffle_labels,XXZ,16.0,1.0,4,0,0.2,rff,acc,0.1,,
negative_controls,classification,digits:all,2,5,144,0.326,2d473d93e95b397e,shuffle_labels,XXZ,16.0,1.0,4,0,0.2,rff,balanced_acc,0.09971505084712631,,
negative_controls,classification,source:W16n1000,0,5,144,0.907,434f00a82dbe7947,none,XXZ,16.0,1.0,4,0,0.2,quantum,acc,0.77,,
negative_controls,classification,source:W16n1000,0,5,144,0.907,434f00a82dbe7947,none,XXZ,16.0,1.0,4,0,0.2,quantum,balanced_acc,0.77,,
negative_controls,classification,source:W16n1000,0,5,144,0.907,434f00a82dbe7947,none,XXZ,16.0,1.0,4,0,0.2,random_unitary,acc,0.8491666666666666,,
negative_controls,classification,source:W16n1000,0,5,144,0.907,434f00a82dbe7947,none,XXZ,16.0,1.0,4,0,0.2,random_unitary,balanced_acc,0.8491666666666666,,
negative_controls,classification,source:W16n1000,0,5,144,0.907,434f00a82dbe7947,none,XXZ,16.0,1.0,4,0,0.2,majority,acc,0.25,,
negative_controls,classification,source:W16n1000,0,5,144,0.907,434f00a82dbe7947,none,XXZ,16.0,1.0,4,0,0.2,majority,balanced_acc,0.25,,
negative_controls,classification,source:W16n1000,0,5,144,0.907,434f00a82dbe7947,none,XXZ,16.0,1.0,4,0,0.2,logistic,acc,0.3325,,
negative_controls,classification,source:W16n1000,0,5,144,0.907,434f00a82dbe7947,none,XXZ,16.0,1.0,4,0,0.2,logistic,balanced_acc,0.3325,,
negative_controls,classification,source:W16n1000,0,5,144,0.907,434f00a82dbe7947,none,XXZ,16.0,1.0,4,0,0.2,rbf_svm,acc,0.8591666666666666,,
negative_controls,classification,source:W16n1000,0,5,144,0.907,434f00a82dbe7947,none,XXZ,16.0,1.0,4,0,0.2,rbf_svm,balanced_acc,0.8591666666666666,,
negative_controls,classification,source:W16n1000,0,5,144,0.907,434f00a82dbe7947,none,XXZ,16.0,1.0,4,0,0.2,rff,acc,0.8166666666666667,,
negative_controls,classification,source:W16n1000,0,5,144,0.907,434f00a82dbe7947,none,XXZ,16.0,1.0,4,0,0.2,rff,balanced_acc,0.8166666666666667,,
negative_controls,classification,source:W16n1000,2,5,144,0.892,4517cd1bb84cd378,none,XXZ,16.0,1.0,4,0,0.2,quantum,acc,0.7791666666666667,,
negative_controls,classification,source:W16n1000,2,5,144,0.892,4517cd1bb84cd378,none,XXZ,16.0,1.0,4,0,0.2,quantum,balanced_acc,0.7791666666666666,,
negative_controls,classification,source:W16n1000,2,5,144,0.892,4517cd1bb84cd378,none,XXZ,16.0,1.0,4,0,0.2,random_unitary,acc,0.8725,,
negative_controls,classification,source:W16n1000,2,5,144,0.892,4517cd1bb84cd378,none,XXZ,16.0,1.0,4,0,0.2,random_unitary,balanced_acc,0.8725,,
negative_controls,classification,source:W16n1000,2,5,144,0.892,4517cd1bb84cd378,none,XXZ,16.0,1.0,4,0,0.2,majority,acc,0.25,,
negative_controls,classification,source:W16n1000,2,5,144,0.892,4517cd1bb84cd378,none,XXZ,16.0,1.0,4,0,0.2,majority,balanced_acc,0.25,,
negative_controls,classification,source:W16n1000,2,5,144,0.892,4517cd1bb84cd378,none,XXZ,16.0,1.0,4,0,0.2,logistic,acc,0.2575,,
negative_controls,classification,source:W16n1000,2,5,144,0.892,4517cd1bb84cd378,none,XXZ,16.0,1.0,4,0,0.2,logistic,balanced_acc,0.2575,,
negative_controls,classification,source:W16n1000,2,5,144,0.892,4517cd1bb84cd378,none,XXZ,16.0,1.0,4,0,0.2,rbf_svm,acc,0.8925,,
negative_controls,classification,source:W16n1000,2,5,144,0.892,4517cd1bb84cd378,none,XXZ,16.0,1.0,4,0,0.2,rbf_svm,balanced_acc,0.8925,,
negative_controls,classification,source:W16n1000,2,5,144,0.892,4517cd1bb84cd378,none,XXZ,16.0,1.0,4,0,0.2,rff,acc,0.8858333333333334,,
negative_controls,classification,source:W16n1000,2,5,144,0.892,4517cd1bb84cd378,none,XXZ,16.0,1.0,4,0,0.2,rff,balanced_acc,0.8858333333333335,,
negative_controls,classification,digits:all,2,5,144,0.668,4a5ae8f875d08fae,none,IAA_LOCALIZED,16.0,1.0,4,0,0.2,quantum,acc,0.937037037037037,,
negative_controls,classification,digits:all,2,5,144,0.668,4a5ae8f875d08fae,none,IAA_LOCALIZED,16.0,1.0,4,0,0.2,quantum,balanced_acc,0.9368429090127203,,
negative_controls,classification,digits:all,2,5,144,0.668,4a5ae8f875d08fae,none,IAA_LOCALIZED,16.0,1.0,4,0,0.2,random_unitary,acc,0.9407407407407408,,
negative_controls,classification,digits:all,2,5,144,0.668,4a5ae8f875d08fae,none,IAA_LOCALIZED,16.0,1.0,4,0,0.2,random_unitary,balanced_acc,0.9405803560520543,,
negative_controls,classification,digits:all,2,5,144,0.668,4a5ae8f875d08fae,none,IAA_LOCALIZED,16.0,1.0,4,0,0.2,majority,acc,0.10185185185185185,,
negative_controls,classification,digits:all,2,5,144,0.668,4a5ae8f875d08fae,none,IAA_LOCALIZED,16.0,1.0,4,0,0.2,majority,balanced_acc,0.1,,
negative_controls,classification,digits:all,2,5,144,0.668,4a5ae8f875d08fae,none,IAA_LOCALIZED,16.0,1.0,4,0,0.2,logistic,acc,0.9333333333333333,,
negative_controls,classification,digits:all,2,5,144,0.668,4a5ae8f875d08fae,none,IAA_LOCALIZED,16.0,1.0,4,0,0.2,logistic,balanced_acc,0.9329578562597429,,
negative_controls,classification,digits:all,2,5,144,0.668,4a5ae8f875d08fae,none,IAA_LOCALIZED,16.0,1.0,4,0,0.2,rbf_svm,acc,0.9592592592592593,,
negative_controls,classification,digits:all,2,5,144,0.668,4a5ae8f875d08fae,none,IAA_LOCALIZED,16.0,1.0,4,0,0.2,rbf_svm,balanced_acc,0.959004217306104,,
negative_controls,classification,digits:all,2,5,144,0.668,4a5ae8f875d08fae,none,IAA_LOCALIZED,16.0,1.0,4,0,0.2,rff,acc,0.9574074074074074,,
negative_controls,classification,digits:all,2,5,144,0.668,4a5ae8f875d08fae,none,IAA_LOCALIZED,16.0,1.0,4,0,0.2,rff,balanced_acc,0.9571510948869439,,
negative_controls,classification,digits:all,0,5,144,0.342,58d19c65e022e62c,shuffle_labels,XXZ,16.0,1.0,4,0,0.2,quantum,acc,0.09259259259259259,,
negative_controls,classification,digits:all,0,5,144,0.342,58d19c65e022e62c,shuffle_labels,XXZ,16.0,1.0,4,0,0.2,quantum,balanced_acc,0.09244352083974726,,
negative_controls,classification,digits:all,0,5,144,0.342,58d19c65e022e62c,shuffle_labels,XXZ,16.0,1.0,4,0,0.2,random_unitary,acc,0.1037037037037037,,
negative_controls,classification,digits:all,0,5,144,0.342,58d19c65e022e62c,shuffle_labels,XXZ,16.0,1.0,4,0,0.2,random_unitary,balanced_acc,0.10355986082401177,,
negative_controls,classification,digits:all,0,5,144,0.342,58d19c65e022e62c,shuffle_labels,XXZ,16.0,1.0,4,0,0.2,majority,acc,0.10185185185185185,,
negative_controls,classification,digits:all,0,5,144,0.342,58d19c65e022e62c,shuffle_labels,XXZ,16.0,1.0,4,0,0.2,majority,balanced_acc,0.1,,
negative_controls,classification,digits:all,0,5,144,0.342,58d19c65e022e62c,shuffle_labels,XXZ,16.0,1.0,4,0,0.2,logistic,acc,0.12407407407407407,,
negative_controls,classification,digits:all,0,5,144,0.342,58d19c65e022e62c,shuffle_labels,XXZ,16.0,1.0,4,0,0.2,logistic,balanced_acc,0.12383168892602854,,
negative_controls,classification,digits:all,0,5,144,0.342,58d19c65e022e62c,shuffle_labels,XXZ,16.0,1.0,4,0,0.2,rbf_svm,acc,0.11481481481481481,,
negative_controls,classification,digits:all,0,5,144,0.342,58d19c65e022e62c,shuffle_labels,XXZ,16.0,1.0,4,0,0.2,rbf_svm,balanced_acc,0.11470979753998622,,
negative_controls,classification,digits:all,0,5,144,0.342,58d19c65e022e62c,shuffle_labels,XXZ,16.0,1.0,4,0,0.2,rff,acc,0.09814814814814815,,
negative_controls,classification,digits:all,0,5,144,0.342,58d19c65e022e62c,shuffle_labels,XXZ,16.0,1.0,4,0,0.2,rff,balanced_acc,0.09796809410016957,,
negative_controls,classification,digits:all,1,5,144,0.347,5b7fb89b392299e8,shuffle_features,XXZ,16.0,1.0,4,0,0.2,quantum,acc,0.0962962962962963,,
negative_controls,classification,digits:all,1,5,144,0.347,5b7fb89b392299e8,shuffle_features,XXZ,16.0,1.0,4,0,0.2,quantum,balanced_acc,0.09628974798786119,,
negative_controls,classification,digits:all,1,5,144,0.347,5b7fb89b392299e8,shuffle_features,XXZ,16.0,1.0,4,0,0.2,random_unitary,acc,0.09814814814814815,,
negative_controls,classification,digits:all,1,5,144,0.347,5b7fb89b392299e8,shuffle_features,XXZ,16.0,1.0,4,0,0.2,random_unitary,balanced_acc,0.09776084502499596,,
negative_controls,classification,digits:all,1,5,144,0.347,5b7fb89b392299e8,shuffle_features,XXZ,16.0,1.0,4,0,0.2,majority,acc,0.10185185185185185,,
negative_controls,classification,digits:all,1,5,144,0.347,5b7fb89b392299e8,shuffle_features,XXZ,16.0,1.0,4,0,0.2,majority,balanced_acc,0.1,,
negative_controls,classification,digits:all,1,5,144,0.347,5b7fb89b392299e8,shuffle_features,XXZ,16.0,1.0,4,0,0.2,logistic,acc,0.9407407407407408,,
negative_controls,classification,digits:all,1,5,144,0.347,5b7fb89b392299e8,shuffle_features,XXZ,16.0,1.0,4,0,0.2,logistic,balanced_acc,0.9406126089144957,,
negative_controls,classification,digits:all,1,5,144,0.347,5b7fb89b392299e8,shuffle_features,XXZ,16.0,1.0,4,0,0.2,rbf_svm,acc,0.9666666666666667,,
negative_controls,classification,digits:all,1,5,144,0.347,5b7fb89b392299e8,shuffle_features,XXZ,16.0,1.0,4,0,0.2,rbf_svm,balanced_acc,0.9668272468272467,,
negative_controls,classification,digits:all,1,5,144,0.347,5b7fb89b392299e8,shuffle_features,XXZ,16.0,1.0,4,0,0.2,rff,acc,0.9648148148148148,,
negative_controls,classification,digits:all,1,5,144,0.347,5b7fb89b392299e8,shuffle_features,XXZ,16.0,1.0,4,0,0.2,rff,balanced_acc,0.9646594390934015,,
negative_controls,classification,source:W16n1000,0,5,144,0.777,5f9fb1683994e806,shuffle_labels,XXZ,16.0,1.0,4,0,0.2,quantum,acc,0.25666666666666665,,
negative_controls,classification,source:W16n1000,0,5,144,0.777,5f9fb1683994e806,shuffle_labels,XXZ,16.0,1.0,4,0,0.2,quantum,balanced_acc,0.25666666666666665,,
negative_controls,classification,source:W16n1000,0,5,144,0.777,5f9fb1683994e806,shuffle_labels,XXZ,16.0,1.0,4,0,0.2,random_unitary,acc,0.25333333333333335,,
negative_controls,classification,source:W16n1000,0,5,144,0.777,5f9fb1683994e806,shuffle_labels,XXZ,16.0,1.0,4,0,0.2,random_unitary,balanced_acc,0.25333333333333335,,
negative_controls,classification,source:W16n1000,0,5,144,0.777,5f9fb1683994e806,shuffle_labels,XXZ,16.0,1.0,4,0,0.2,majority,acc,0.25,,
negative_controls,classification,source:W16n1000,0,5,144,0.777,5f9fb1683994e806,shuffle_labels,XXZ,16.0,1.0,4,0,0.2,majority,balanced_acc,0.25,,
negative_controls,classification,source:W16n1000,0,5,144,0.777,5f9fb1683994e806,shuffle_labels,XXZ,16.0,1.0,4,0,0.2,logistic,acc,0.2425,,
negative_controls,classification,source:W16n1000,0,5,144,0.777,5f9fb1683994e806,shuffle_labels,XXZ,16.0,1.0,4,0,0.2,logistic,balanced_acc,0.2425,,
negative_controls,classification,source:W16n1000,0,5,144,0.777,5f9fb1683994e806,shuffle_labels,XXZ,16.0,1.0,4,0,0.2,rbf_svm,acc,0.25166666666666665,,
negative_controls,classification,source:W16n1000,0,5,144,0.777,5f9fb1683994e806,shuffle_labels,XXZ,16.0,1.0,4,0,0.2,rbf_svm,balanced_acc,0.25166666666666665,,
negative_controls,classification,source:W16n1000,0,5,144,0.777,5f9fb1683994e806,shuffle_labels,XXZ,16.0,1.0,4,0,0.2,rff,acc,0.25666666666666665,,
negative_controls,classification,source:W16n1000,0,5,144,0.777,5f9fb1683994e806,shuffle_labels,XXZ,16.0,1.0,4,0,0.2,rff,balanced_acc,0.25666666666666665,,
negative_controls,classification,digits:all,2,5,144,0.263,71038cc5212a405b,none,XXZ,16.0,1.0,4,0,0.2,quantum,acc,0.9425925925925925,,
negative_controls,classification,digits:all,2,5,144,0.263,71038cc5212a405b,none,XXZ,16.0,1.0,4,0,0.2,quantum,balanced_acc,0.9424386340424075,,
negative_controls,classification,digits:all,2,5,144,0.263,71038cc5212a405b,none,XXZ,16.0,1.0,4,0,0.2,random_unitary,acc,0.9407407407407408,,
negative_controls,classification,digits:all,2,5,144,0.263,71038cc5212a405b,none,XXZ,16.0,1.0,4,0,0.2,random_unitary,balanced_acc,0.9405803560520543,,
negative_controls,classification,digits:all,2,5,144,0.263,71038cc5212a405b,none,XXZ,16.0,1.0,4,0,0.2,majority,acc,0.10185185185185185,,
negative_controls,classification,digits:all,2,5,144,0.263,71038cc5212a405b,none,XXZ,16.0,1.0,4,0,0.2,majority,balanced_acc,0.1,,
negative_controls,classification,digits:all,2,5,144,0.263,71038cc5212a405b,none,XXZ,16.0,1.0,4,0,0.2,logistic,acc,0.9333333333333333,,
negative_controls,classification,digits:all,2,5,144,0.263,71038cc5212a405b,none,XXZ,16.0,1.0,4,0,0.2,logistic,balanced_acc,0.9329578562597429,,
negative_controls,classification,digits:all,2,5,144,0.263,71038cc5212a405b,none,XXZ,16.0,1.0,4,0,0.2,rbf_svm,acc,0.9592592592592593,,
negative_controls,classification,digits:all,2,5,144,0.263,71038cc5212a405b,none,XXZ,16.0,1.0,4,0,0.2,rbf_svm,balanced_acc,0.959004217306104,,
negative_controls,classification,digits:all,2,5,144,0.263,71038cc5212a405b,none,XXZ,16.0,1.0,4,0,0.2,rff,acc,0.9574074074074074,,
negative_controls,classification,digits:all,2,5,144,0.263,71038cc5212a405b,none,XXZ,16.0,1.0,4,0,0.2,rff,balanced_acc,0.9571510948869439,,
negative_controls,classification,digits:all,2,5,144,1.339,71af571913cdd1d6,shuffle_labels,IAA_LOCALIZED,16.0,1.0,4,0,0.2,quantum,acc,0.10740740740740741,,
negative_controls,classification,digits:all,2,5,144,1.339,71af571913cdd1d6,shuffle_labels,IAA_LOCALIZED,16.0,1.0,4,0,0.2,quantum,balanced_acc,0.10718972501991368,,
negative_controls,classification,digits:all,2,5,144,1.339,71af571913cdd1d6,shuffle_labels,IAA_LOCALIZED,16.0,1.0,4,0,0.2,random_unitary,acc,0.10185185185185185,,
negative_controls,classification,digits:all,2,5,144,1.339,71af571913cdd1d6,shuffle_labels,IAA_LOCALIZED,16.0,1.0,4,0,0.2,random_unitary,balanced_acc,0.10166649562875978,,
negative_controls,classification,digits:all,2,5,144,1.339,71af571913cdd1d6,shuffle_labels,IAA_LOCALIZED,16.0,1.0,4,0,0.2,majority,acc,0.10185185185185185,,
negative_controls,classification,digits:all,2,5,144,1.339,71af571913cdd1d6,shuffle_labels,IAA_LOCALIZED,16.0,1.0,4,0,0.2,majority,balanced_acc,0.1,,
negative_controls,classification,digits:all,2,5,144,1.339,71af571913cdd1d6,shuffle_labels,IAA_LOCALIZED,16.0,1.0,4,0,0.2,logistic,acc,0.10740740740740741,,
negative_controls,classification,digits:all,2,5,144,1.339,71af571913cdd1d6,shuffle_labels,IAA_LOCALIZED,16.0,1.0,4,0,0.2,logistic,balanced_acc,0.10714955554578195,,
negative_controls,classification,digits:all,2,5,144,1.339,71af571913cdd1d6,shuffle_labels,IAA_LOCALIZED,16.0,1.0,4,0,0.2,rbf_svm,acc,0.08888888888888889,,
negative_controls,classification,digits:all,2,5,144,1.339,71af571913cdd1d6,shuffle_labels,IAA_LOCALIZED,16.0,1.0,4,0,0.2,rbf_svm,balanced_acc,0.08866082205704848,,
negative_controls,classification,digits:all,2,5,144,1.339,71af571913cdd1d6,shuffle_labels,IAA_LOCALIZED,16.0,1.0,4,0,0.2,rff,acc,0.1,,
negative_controls,classification,digits:all,2,5,144,1.339,71af571913cdd1d6,shuffle_labels,IAA_LOCALIZED,16.0,1.0,4,0,0.2,rff,balanced_acc,0.09971505084712631,,
negative_controls,classification,source:W16n1000,2,5,144,0.677,73c53e7ee525bc02,shuffle_labels,XXZ,16.0,1.0,4,0,0.2,quantum,acc,0.2375,,
negative_controls,classification,source:W16n1000,2,5,144,0.677,73c53e7ee525bc02,shuffle_labels,XXZ,16.0,1.0,4,0,0.2,quantum,balanced_acc,0.23750000000000002,,
negative_controls,classification,source:W16n1000,2,5,144,0.677,73c53e7ee525bc02,shuffle_labels,XXZ,16.0,1.0,4,0,0.2,random_unitary,acc,0.23333333333333334,,
negative_controls,classification,source:W16n1000,2,5,144,0.677,73c53e7ee525bc02,shuffle_labels,XXZ,16.0,1.0,4,0,0.2,random_unitary,balanced_acc,0.23333333333333334,,
negative_controls,classification,source:W16n1000,2,5,144,0.677,73c53e7ee525bc02,shuffle_labels,XXZ,16.0,1.0,4,0,0.2,majority,acc,0.25,,
negative_controls,classification,source:W16n1000,2,5,144,0.677,73c53e7ee525bc02,shuffle_labels,XXZ,16.0,1.0,4,0,0.2,majority,balanced_acc,0.25,,
negative_controls,classification,source:W16n1000,2,5,144,0.677,73c53e7ee525bc02,shuffle_labels,XXZ,16.0,1.0,4,0,0.2,logistic,acc,0.23,,
negative_controls,classification,source:W16n1000,2,5,144,0.677,73c53e7ee525bc02,shuffle_labels,XXZ,16.0,1.0,4,0,0.2,logistic,balanced_acc,0.23,,
negative_controls,classification,source:W16n1000,2,5,144,0.677,73c53e7ee525bc02,shuffle_labels,XXZ,16.0,1.0,4,0,0.2,rbf_svm,acc,0.24083333333333334,,
negative_controls,classification,source:W16n1000,2,5,144,0.677,73c53e7ee525bc02,shuffle_labels,XXZ,16.0,1.0,4,0,0.2,rbf_svm,balanced_acc,0.24083333333333332,,
negative_controls,classification,source:W16n1000,2,5,144,0.677,73c53e7ee525bc02,shuffle_labels,XXZ,16.0,1.0,4,0,0.2,rff,acc,0.2525,,
negative_controls,classification,source:W16n1000,2,5,144,0.677,73c53e7ee525bc02,shuffle_labels,XXZ,16.0,1.0,4,0,0.2,rff,balanced_acc,0.2525,,
negative_controls,classification,digits:all,1,5,144,0.34,7505923484794b40,shuffle_labels,XXZ,16.0,1.0,4,0,0.2,quantum,acc,0.12962962962962962,,
negative_controls,classification,digits:all,1,5,144,0.34,7505923484794b40,shuffle_labels,XXZ,16.0,1.0,4,0,0.2,quantum,balanced_acc,0.1295932229894494,,
negative_controls,classification,digits:all,1,5,144,0.34,7505923484794b40,shuffle_labels,XXZ,16.0,1.0,4,0,0.2,random_unitary,acc,0.10925925925925926,,
negative_controls,classification,digits:all,1,5,144,0.34,7505923484794b40,shuffle_labels,XXZ,16.0,1.0,4,0,0.2,random_unitary,balanced_acc,0.10945846955280918,,
negative_controls,classification,digits:all,1,5,144,0.34,7505923484794b40,shuffle_labels,XXZ,16.0,1.0,4,0,0.2,majority,acc,0.10185185185185185,,
negative_controls,classification,digits:all,1,5,144,0.34,7505923484794b40,shuffle_labels,XXZ,16.0,1.0,4,0,0.2,majority,balanced_acc,0.1,,
negative_controls,classification,digits:all,1,5,144,0.34,7505923484794b40,shuffle_labels,XXZ,16.0,1.0,4,0,0.2,logistic,acc,0.1,,
negative_controls,classification,digits:all,1,5,144,0.34,7505923484794b40,shuffle_labels,XXZ,16.0,1.0,4,0,0.2,logistic,balanced_acc,0.09939775109586428,,
negative_controls,classification,digits:all,1,5,144,0.34,7505923484794b40,shuffle_labels,XXZ,16.0,1.0,4,0,0.2,rbf_svm,acc,0.09444444444444444,,
negative_controls,classification,digits:all,1,5,144,0.34,7505923484794b40,shuffle_labels,XXZ,16.0,1.0,4,0,0.2,rbf_svm,balanced_acc,0.09397941680960549,,
negative_controls,classification,digits:all,1,5,144,0.34,7505923484794b40,shuffle_labels,XXZ,16.0,1.0,4,0,0.2,rff,acc,0.10740740740740741,,
negative_controls,classification,digits:all,1,5,144,0.34,7505923484794b40,shuffle_labels,XXZ,16.0,1.0,4,0,0.2,rff,balanced_acc,0.10712111438526532,,
negative_controls,classification,digits:all,2,5,144,0.737,784191cf5ecb4282,shuffle_features,IAA_LOCALIZED,16.0,1.0,4,0,0.2,quantum,acc,0.09074074074074075,,
negative_controls,classification,digits:all,2,5,144,0.737,784191cf5ecb4282,shuffle_features,IAA_LOCALIZED,16.0,1.0,4,0,0.2,quantum,balanced_acc,0.0905903984205871,,
negative_controls,classification,digits:all,2,5,144,0.737,784191cf5ecb4282,shuffle_features,IAA_LOCALIZED,16.0,1.0,4,0,0.2,random_unitary,acc,0.11296296296296296,,
negative_controls,classification,digits:all,2,5,144,0.737,784191cf5ecb4282,shuffle_features,IAA_LOCALIZED,16.0,1.0,4,0,0.2,random_unitary,balanced_acc,0.11309879149501792,,
negative_controls,classification,digits:all,2,5,144,0.737,784191cf5ecb4282,shuffle_features,IAA_LOCALIZED,16.0,1.0,4,0,0.2,majority,acc,0.10185185185185185,,
negative_controls,classification,digits:all,2,5,144,0.737,784191cf5ecb4282,shuffle_features,IAA_LOCALIZED,16.0,1.0,4,0,0.2,majority,balanced_acc,0.1,,
negative_controls,classification,digits:all,2,5,144,0.737,784191cf5ecb4282,shuffle_features,IAA_LOCALIZED,16.0,1.0,4,0,0.2,logistic,acc,0.9333333333333333,,
negative_controls,classification,digits:all,2,5,144,0.737,784191cf5ecb4282,shuffle_features,IAA_LOCALIZED,16.0,1.0,4,0,0.2,logistic,balanced_acc,0.9329578562597429,,
negative_controls,classification,digits:all,2,5,144,0.737,784191cf5ecb4282,shuffle_features,IAA_LOCALIZED,16.0,1.0,4,0,0.2,rbf_svm,acc,0.9592592592592593,,
negative_controls,classification,digits:all,2,5,144,0.737,784191cf5ecb4282,shuffle_features,IAA_LOCALIZED,16.0,1.0,4,0,0.2,rbf_svm,balanced_acc,0.959004217306104,,
negative_controls,classification,digits:all,2,5,144,0.737,784191cf5ecb4282,shuffle_features,IAA_LOCALIZED,16.0,1.0,4,0,0.2,rff,acc,0.9574074074074074,,
negative_controls,classification,digits:all,2,5,144,0.737,784191cf5ecb4282,shuffle_features,IAA_LOCALIZED,16.0,1.0,4,0,0.2,rff,balanced_acc,0.9571510948869439,,
negative_controls,classification,source:W16n1000,1,5,144,4.004,8b1f23046a7bf5b3,shuffle_features,IAA_LOCALIZED,16.0,1.0,4,0,0.2,quantum,acc,0.23083333333333333,,
negative_controls,classification,source:W16n1000,1,5,144,4.004,8b1f23046a7bf5b3,shuffle_features,IAA_LOCALIZED,16.0,1.0,4,0,0.2,quantum,balanced_acc,0.23083333333333333,,
negative_controls,classification,source:W16n1000,1,5,144,4.004,8b1f23046a7bf5b3,shuffle_features,IAA_LOCALIZED,16.0,1.0,4,0,0.2,random_unitary,acc,0.25666666666666665,,
negative_controls,classification,source:W16n1000,1,5,144,4.004,8b1f23046a7bf5b3,shuffle_features,IAA_LOCALIZED,16.0,1.0,4,0,0.2,random_unitary,balanced_acc,0.25666666666666665,,
negative_controls,classification,source:W16n1000,1,5,144,4.004,8b1f23046a7bf5b3,shuffle_features,IAA_LOCALIZED,16.0,1.0,4,0,0.2,majority,acc,0.25,,
negative_controls,classification,source:W16n1000,1,5,144,4.004,8b1f23046a7bf5b3,shuffle_features,IAA_LOCALIZED,16.0,1.0,4,0,0.2,majority,balanced_acc,0.25,,
negative_controls,classification,source:W16n1000,1,5,144,4.004,8b1f23046a7bf5b3,shuffle_features,IAA_LOCALIZED,16.0,1.0,4,0,0.2,logistic,acc,0.30333333333333334,,
negative_controls,classification,source:W16n1000,1,5,144,4.004,8b1f23046a7bf5b3,shuffle_features,IAA_LOCALIZED,16.0,1.0,4,0,0.2,logistic,balanced_acc,0.30333333333333334,,
negative_controls,classification,source:W16n1000,1,5,144,4.004,8b1f23046a7bf5b3,shuffle_features,IAA_LOCALIZED,16.0,1.0,4,0,0.2,rbf_svm,acc,0.8633333333333333,,
negative_controls,classification,source:W16n1000,1,5,144,4.004,8b1f23046a7bf5b3,shuffle_features,IAA_LOCALIZED,16.0,1.0,4,0,0.2,rbf_svm,balanced_acc,0.8633333333333333,,
negative_controls,classification,source:W16n1000,1,5,144,4.004,8b1f23046a7bf5b3,shuffle_features,IAA_LOCALIZED,16.0,1.0,4,0,0.2,rff,acc,0.8408333333333333,,
negative_controls,classification,source:W16n1000,1,5,144,4.004,8b1f23046a7bf5b3,shuffle_features,IAA_LOCALIZED,16.0,1.0,4,0,0.2,rff,balanced_acc,0.8408333333333333,,
negative_controls,classification,source:W16n1000,1,5,144,4.135,8b4779ac321c4c49,none,IAA_LOCALIZED,16.0,1.0,4,0,0.2,quantum,acc,0.7591666666666667,,
negative_controls,classification,source:W16n1000,1,5,144,4.135,8b4779ac321c4c49,none,IAA_LOCALIZED,16.0,1.0,4,0,0.2,quantum,balanced_acc,0.7591666666666665,,
negative_controls,classification,source:W16n1000,1,5,144,4.135,8b4779ac321c4c49,none,IAA_LOCALIZED,16.0,1.0,4,0,0.2,random_unitary,acc,0.8508333333333333,,
negative_controls,classification,source:W16n1000,1,5,144,4.135,8b4779ac321c4c49,none,IAA_LOCALIZED,16.0,1.0,4,0,0.2,random_unitary,balanced_acc,0.8508333333333333,,
negative_controls,classification,source:W16n1000,1,5,144,4.135,8b4779ac321c4c49,none,IAA_LOCALIZED,16.0,1.0,4,0,0.2,majority,acc,0.25,,
negative_controls,classification,source:W16n1000,1,5,144,4.135,8b4779ac321c4c49,none,IAA_LOCALIZED,16.0,1.0,4,0,0.2,majority,balanced_acc,0.25,,
negative_controls,classification,source:W16n1000,1,5,144,4.135,8b4779ac321c4c49,none,IAA_LOCALIZED,16.0,1.0,4,0,0.2,logistic,acc,0.30333333333333334,,
negative_controls,classification,source:W16n1000,1,5,144,4.135,8b4779ac321c4c49,none,IAA_LOCALIZED,16.0,1.0,4,0,0.2,logistic,balanced_acc,0.30333333333333334,,
negative_controls,classification,source:W16n1000,1,5,144,4.135,8b4779ac321c4c49,none,IAA_LOCALIZED,16.0,1.0,4,0,0.2,rbf_svm,acc,0.8633333333333333,,
negative_controls,classification,source:W16n1000,1,5,144,4.135,8b4779ac321c4c49,none,IAA_LOCALIZED,16.0,1.0,4,0,0.2,rbf_svm,balanced_acc,0.8633333333333333,,
negative_controls,classification,source:W16n1000,1,5,144,4.135,8b4779ac321c4c49,none,IAA_LOCALIZED,16.0,1.0,4,0,0.2,rff,acc,0.8408333333333333,,
negative_controls,classification,source:W16n1000,1,5,144,4.135,8b4779ac321c4c49,none,IAA_LOCALIZED,16.0,1.0,4,0,0.2,rff,balanced_acc,0.8408333333333333,,
negative_controls,classification,source:W16n1000,1,5,144,0.82,9eb3ff7177753b25,shuffle_features,XXZ,16.0,1.0,4,0,0.2,quantum,acc,0.23333333333333334,,
negative_controls,classification,source:W16n1000,1,5,144,0.82,9eb3ff7177753b25,shuffle_features,XXZ,16.0,1.0,4,0,0.2,quantum,balanced_acc,0.23333333333333334,,
negative_controls,classification,source:W16n1000,1,5,144,0.82,9eb3ff7177753b25,shuffle_features,XXZ,16.0,1.0,4,0,0.2,random_unitary,acc,0.25666666666666665,,
negative_controls,classification,source:W16n1000,1,5,144,0.82,9eb3ff7177753b25,shuffle_features,XXZ,16.0,1.0,4,0,0.2,random_unitary,balanced_acc,0.25666666666666665,,
negative_controls,classification,source:W16n1000,1,5,144,0.82,9eb3ff7177753b25,shuffle_features,XXZ,16.0,1.0,4,0,0.2,majority,acc,0.25,,
negative_controls,classification,source:W16n1000,1,5,144,0.82,9eb3ff7177753b25,shuffle_features,XXZ,16.0,1.0,4,0,0.2,majority,balanced_acc,0.25,,
negative_controls,classification,source:W16n1000,1,5,144,0.82,9eb3ff7177753b25,shuffle_features,XXZ,16.0,1.0,4,0,0.2,logistic,acc,0.30333333333333334,,
negative_controls,classification,source:W16n1000,1,5,144,0.82,9eb3ff7177753b25,shuffle_features,XXZ,16.0,1.0,4,0,0.2,logistic,balanced_acc,0.30333333333333334,,
negative_controls,classification,source:W16n1000,1,5,144,0.82,9eb3ff7177753b25,shuffle_features,XXZ,16.0,1.0,4,0,0.2,rbf_svm,acc,0.8633333333333333,,
negative_controls,classification,source:W16n1000,1,5,144,0.82,9eb3ff7177753b25,shuffle_features,XXZ,16.0,1.0,4,0,0.2,rbf_svm,balanced_acc,0.8633333333333333,,
negative_controls,classification,source:W16n1000,1,5,144,0.82,9eb3ff7177753b25,shuffle_features,XXZ,16.0,1.0,4,0,0.2,rff,acc,0.8408333333333333,,
negative_controls,classification,source:W16n1000,1,5,144,0.82,9eb3ff7177753b25,shuffle_features,XXZ,16.0,1.0,4,0,0.2,rff,balanced_acc,0.8408333333333333,,
negative_controls,classification,digits:all,0,5,144,0.286,b8d066fe990195e2,none,XXZ,16.0,1.0,4,0,0.2,quantum,acc,0.9333333333333333,,
negative_controls,classification,digits:all,0,5,144,0.286,b8d066fe990195e2,none,XXZ,16.0,1.0,4,0,0.2,quantum,balanced_acc,0.9332052015070882,,
negative_controls,classification,digits:all,0,5,144,0.286,b8d066fe990195e2,none,XXZ,16.0,1.0,4,0,0.2,random_unitary,acc,0.9666666666666667,,
negative_controls,classification,digits:all,0,5,144,0.286,b8d066fe990195e2,none,XXZ,16.0,1.0,4,0,0.2,random_unitary,balanced_acc,0.9668285906965151,,
negative_controls,classification,digits:all,0,5,144,0.286,b8d066fe990195e2,none,XXZ,16.0,1.0,4,0,0.2,majority,acc,0.10185185185185185,,
negative_controls,classification,digits:all,0,5,144,0.286,b8d066fe990195e2,none,XXZ,16.0,1.0,4,0,0.2,majority,balanced_acc,0.1,,
negative_controls,classification,digits:all,0,5,144,0.286,b8d066fe990195e2,none,XXZ,16.0,1.0,4,0,0.2,logistic,acc,0.9444444444444444,,
negative_controls,classification,digits:all,0,5,144,0.286,b8d066fe990195e2,none,XXZ,16.0,1.0,4,0,0.2,logistic,balanced_acc,0.9445260295260294,,
negative_controls,classification,digits:all,0,5,144,0.286,b8d066fe990195e2,none,XXZ,16.0,1.0,4,0,0.2,rbf_svm,acc,0.9537037037037037,,
negative_controls,classification,digits:all,0,5,144,0.286,b8d066fe990195e2,none,XXZ,16.0,1.0,4,0,0.2,rbf_svm,balanced_acc,0.9537917882257505,,
negative_controls,classification,digits:all,0,5,144,0.286,b8d066fe990195e2,none,XXZ,16.0,1.0,4,0,0.2,rff,acc,0.9685185185185186,,
negative_controls,classification,digits:all,0,5,144,0.286,b8d066fe990195e2,none,XXZ,16.0,1.0,4,0,0.2,rff,balanced_acc,0.9684719229058851,,
negative_controls,classification,source:W16n1000,0,5,144,4.018,bb2db458c28aa572,none,IAA_LOCALIZED,16.0,1.0,4,0,0.2,quantum,acc,0.775,,
negative_controls,classification,source:W16n1000,0,5,144,4.018,bb2db458c28aa572,none,IAA_LOCALIZED,16.0,1.0,4,0,0.2,quantum,balanced_acc,0.7749999999999999,,
negative_controls,classification,source:W16n1000,0,5,144,4.018,bb2db458c28aa572,none,IAA_LOCALIZED,16.0,1.0,4,0,0.2,random_unitary,acc,0.8491666666666666,,
negative_controls,classification,source:W16n1000,0,5,144,4.018,bb2db458c28aa572,none,IAA_LOCALIZED,16.0,1.0,4,0,0.2,random_unitary,balanced_acc,0.8491666666666666,,
negative_controls,classification,source:W16n1000,0,5,144,4.018,bb2db458c28aa572,none,IAA_LOCALIZED,16.0,1.0,4,0,0.2,majority,acc,0.25,,
negative_controls,classification,source:W16n1000,0,5,144,4.018,bb2db458c28aa572,none,IAA_LOCALIZED,16.0,1.0,4,0,0.2,majority,balanced_acc,0.25,,
negative_controls,classification,source:W16n1000,0,5,144,4.018,bb2db458c28aa572,none,IAA_LOCALIZED,16.0,1.0,4,0,0.2,logistic,acc,0.3325,,
negative_controls,classification,source:W16n1000,0,5,144,4.018,bb2db458c28aa572,none,IAA_LOCALIZED,16.0,1.0,4,0,0.2,logistic,balanced_acc,0.3325,,
negative_controls,classification,source:W16n1000,0,5,144,4.018,bb2db458c28aa572,none,IAA_LOCALIZED,16.0,1.0,4,0,0.2,rbf_svm,acc,0.8591666666666666,,
negative_controls,classification,source:W16n1000,0,5,144,4.018,bb2db458c28aa572,none,IAA_LOCALIZED,16.0,1.0,4,0,0.2,rbf_svm,balanced_acc,0.8591666666666666,,
negative_controls,classification,source:W16n1000,0,5,144,4.018,bb2db458c28aa572,none,IAA_LOCALIZED,16.0,1.0,4,0,0.2,rff,acc,0.8166666666666667,,
negative_controls,classification,source:W16n1000,0,5,144,4.018,bb2db458c28aa572,none,IAA_LOCALIZED,16.0,1.0,4,0,0.2,rff,balanced_acc,0.8166666666666667,,
negative_controls,classification,digits:all,1,5,144,0.728,c16b69a036cec270,none,IAA_LOCALIZED,16.0,1.0,4,0,0.2,quantum,acc,0.937037037037037,,
negative_controls,classification,digits:all,1,5,144,0.728,c16b69a036cec270,none,IAA_LOCALIZED,16.0,1.0,4,0,0.2,quantum,balanced_acc,0.936904946904947,,
negative_controls,classification,digits:all,1,5,144,0.728,c16b69a036cec270,none,IAA_LOCALIZED,16.0,1.0,4,0,0.2,random_unitary,acc,0.9629629629629629,,
negative_controls,classification,digits:all,1,5,144,0.728,c16b69a036cec270,none,IAA_LOCALIZED,16.0,1.0,4,0,0.2,random_unitary,balanced_acc,0.9627389766069012,,
negative_controls,classification,digits:all,1,5,144,0.728,c16b69a036cec270,none,IAA_LOCALIZED,16.0,1.0,4,0,0.2,majority,acc,0.10185185185185185,,
negative_controls,classification,digits:all,1,5,144,0.728,c16b69a036cec270,none,IAA_LOCALIZED,16.0,1.0,4,0,0.2,majority,balanced_acc,0.1,,
negative_controls,classification,digits:all,1,5,144,0.728,c16b69a036cec270,none,IAA_LOCALIZED,16.0,1.0,4,0,0.2,logistic,acc,0.9407407407407408,,
negative_controls,classification,digits:all,1,5,144,0.728,c16b69a036cec270,none,IAA_LOCALIZED,16.0,1.0,4,0,0.2,logistic,balanced_acc,0.9406126089144957,,
negative_controls,classification,digits:all,1,5,144,0.728,c16b69a036cec270,none,IAA_LOCALIZED,16.0,1.0,4,0,0.2,rbf_svm,acc,0.9666666666666667,,
negative_controls,classification,digits:all,1,5,144,0.728,c16b69a036cec270,none,IAA_LOCALIZED,16.0,1.0,4,0,0.2,rbf_svm,balanced_acc,0.9668272468272467,,
negative_controls,classification,digits:all,1,5,144,0.728,c16b69a036cec270,none,IAA_LOCALIZED,16.0,1.0,4,0,0.2,rff,acc,0.9648148148148148,,
negative_controls,classification,digits:all,1,5,144,0.728,c16b69a036cec270,none,IAA_LOCALIZED,16.0,1.0,4,0,0.2,rff,balanced_acc,0.9646594390934015,,
negative_controls,classification,source:W16n1000,0,5,144,4.535,c9e3c8707bc31b67,shuffle_labels,IAA_LOCALIZED,16.0,1.0,4,0,0.2,quantum,acc,0.255,,
negative_controls,classification,source:W16n1000,0,5,144,4.535,c9e3c8707bc31b67,shuffle_labels,IAA_LOCALIZED,16.0,1.0,4,0,0.2,quantum,balanced_acc,0.255,,
negative_controls,classification,source:W16n1000,0,5,144,4.535,c9e3c8707bc31b67,shuffle_labels,IAA_LOCALIZED,16.0,1.0,4,0,0.2,random_unitary,acc,0.25333333333333335,,
negative_controls,classification,source:W16n1000,0,5,144,4.535,c9e3c8707bc31b67,shuffle_labels,IAA_LOCALIZED,16.0,1.0,4,0,0.2,random_unitary,balanced_acc,0.25333333333333335,,
negative_controls,classification,source:W16n1000,0,5,144,4.535,c9e3c8707bc31b67,shuffle_labels,IAA_LOCALIZED,16.0,1.0,4,0,0.2,majority,acc,0.25,,
negative_controls,classification,source:W16n1000,0,5,144,4.535,c9e3c8707bc31b67,shuffle_labels,IAA_LOCALIZED,16.0,1.0,4,0,0.2,majority,balanced_acc,0.25,,
negative_controls,classification,source:W16n1000,0,5,144,4.535,c9e3c8707bc31b67,shuffle_labels,IAA_LOCALIZED,16.0,1.0,4,0,0.2,logistic,acc,0.2425,,
negative_controls,classification,source:W16n1000,0,5,144,4.535,c9e3c8707bc31b67,shuffle_labels,IAA_LOCALIZED,16.0,1.0,4,0,0.2,logistic,balanced_acc,0.2425,,
negative_controls,classification,source:W16n1000,0,5,144,4.535,c9e3c8707bc31b67,shuffle_labels,IAA_LOCALIZED,16.0,1.0,4,0,0.2,rbf_svm,acc,0.25166666666666665,,
negative_controls,classification,source:W16n1000,0,5,144,4.535,c9e3c8707bc31b67,shuffle_labels,IAA_LOCALIZED,16.0,1.0,4,0,0.2,rbf_svm,balanced_acc,0.25166666666666665,,
negative_controls,classification,source:W16n1000,0,5,144,4.535,c9e3c8707bc31b67,shuffle_labels,IAA_LOCALIZED,16.0,1.0,4,0,0.2,rff,acc,0.25666666666666665,,
negative_controls,classification,source:W16n1000,0,5,144,4.535,c9e3c8707bc31b67,shuffle_labels,IAA_LOCALIZED,16.0,1.0,4,0,0.2,rff,balanced_acc,0.25666666666666665,,
negative_controls,classification,source:W16n1000,1,5,144,0.924,cd15d6c9aeb9964e,none,XXZ,16.0,1.0,4,0,0.2,quantum,acc,0.7725,,
negative_controls,classification,source:W16n1000,1,5,144,0.924,cd15d6c9aeb9964e,none,XXZ,16.0,1.0,4,0,0.2,quantum,balanced_acc,0.7725,,
negative_controls,classification,source:W16n1000,1,5,144,0.924,cd15d6c9aeb9964e,none,XXZ,16.0,1.0,4,0,0.2,random_unitary,acc,0.8508333333333333,,
negative_controls,classification,source:W16n1000,1,5,144,0.924,cd15d6c9aeb9964e,none,XXZ,16.0,1.0,4,0,0.2,random_unitary,balanced_acc,0.8508333333333333,,
negative_controls,classification,source:W16n1000,1,5,144,0.924,cd15d6c9aeb9964e,none,XXZ,16.0,1.0,4,0,0.2,majority,acc,0.25,,
negative_controls,classification,source:W16n1000,1,5,144,0.924,cd15d6c9aeb9964e,none,XXZ,16.0,1.0,4,0,0.2,majority,balanced_acc,0.25,,
negative_controls,classification,source:W16n1000,1,5,144,0.924,cd15d6c9aeb9964e,none,XXZ,16.0,1.0,4,0,0.2,logistic,acc,0.30333333333333334,,
negative_controls,classification,source:W16n1000,1,5,144,0.924,cd15d6c9aeb9964e,none,XXZ,16.0,1.0,4,0,0.2,logistic,balanced_acc,0.30333333333333334,,
negative_controls,classification,source:W16n1000,1,5,144,0.924,cd15d6c9aeb9964e,none,XXZ,16.0,1.0,4,0,0.2,rbf_svm,acc,0.8633333333333333,,
negative_controls,classification,source:W16n1000,1,5,144,0.924,cd15d6c9aeb9964e,none,XXZ,16.0,1.0,4,0,0.2,rbf_svm,balanced_acc,0.8633333333333333,,
negative_controls,classification,source:W16n1000,1,5,144,0.924,cd15d6c9aeb9964e,none,XXZ,16.0,1.0,4,0,0.2,rff,acc,0.8408333333333333,,
negative_controls,classification,source:W16n1000,1,5,144,0.924,cd15d6c9aeb9964e,none,XXZ,16.0,1.0,4,0,0.2,rff,balanced_acc,0.8408333333333333,,
negative_controls,classification,source:W16n1000,1,5,144,4.646,cde6371db03a1c34,shuffle_labels,IAA_LOCALIZED,16.0,1.0,4,0,0.2,quantum,acc,0.2708333333333333,,
negative_controls,classification,source:W16n1000,1,5,144,4.646,cde6371db03a1c34,shuffle_labels,IAA_LOCALIZED,16.0,1.0,4,0,0.2,quantum,balanced_acc,0.27083333333333337,,
negative_controls,classification,source:W16n1000,1,5,144,4.646,cde6371db03a1c34,shuffle_labels,IAA_LOCALIZED,16.0,1.0,4,0,0.2,random_unitary,acc,0.2525,,
negative_controls,classification,source:W16n1000,1,5,144,4.646,cde6371db03a1c34,shuffle_labels,IAA_LOCALIZED,16.0,1.0,4,0,0.2,random_unitary,balanced_acc,0.25249999999999995,,
negative_controls,classification,source:W16n1000,1,5,144,4.646,cde6371db03a1c34,shuffle_labels,IAA_LOCALIZED,16.0,1.0,4,0,0.2,majority,acc,0.25,,
negative_controls,classification,source:W16n1000,1,5,144,4.646,cde6371db03a1c34,shuffle_labels,IAA_LOCALIZED,16.0,1.0,4,0,0.2,majority,balanced_acc,0.25,,
negative_controls,classification,source:W16n1000,1,5,144,4.646,cde6371db03a1c34,shuffle_labels,IAA_LOCALIZED,16.0,1.0,4,0,0.2,logistic,acc,0.27,,
negative_controls,classification,source:W16n1000,1,5,144,4.646,cde6371db03a1c34,shuffle_labels,IAA_LOCALIZED,16.0,1.0,4,0,0.2,logistic,balanced_acc,0.27,,
negative_controls,classification,source:W16n1000,1,5,144,4.646,cde6371db03a1c34,shuffle_labels,IAA_LOCALIZED,16.0,1.0,4,0,0.2,rbf_svm,acc,0.24166666666666667,,
negative_controls,classification,source:W16n1000,1,5,144,4.646,cde6371db03a1c34,shuffle_labels,IAA_LOCALIZED,16.0,1.0,4,0,0.2,rbf_svm,balanced_acc,0.24166666666666664,,
negative_controls,classification,source:W16n1000,1,5,144,4.646,cde6371db03a1c34,shuffle_labels,IAA_LOCALIZED,16.0,1.0,4,0,0.2,rff,acc,0.25166666666666665,,
negative_controls,classification,source:W16n1000,1,5,144,4.646,cde6371db03a1c34,shuffle_labels,IAA_LOCALIZED,16.0,1.0,4,0,0.2,rff,balanced_acc,0.25166666666666665,,
negative_controls,classification,digits:all,0,5,144,0.795,dd039aba716f23bf,shuffle_features,IAA_LOCALIZED,16.0,1.0,4,0,0.2,quantum,acc,0.07777777777777778,,
negative_controls,classification,digits:all,0,5,144,0.795,dd039aba716f23bf,shuffle_features,IAA_LOCALIZED,16.0,1.0,4,0,0.2,quantum,balanced_acc,0.07779197392404938,,
negative_controls,classification,digits:all,0,5,144,0.795,dd039aba716f23bf,shuffle_features,IAA_LOCALIZED,16.0,1.0,4,0,0.2,random_unitary,acc,0.09444444444444444,,
negative_controls,classification,digits:all,0,5,144,0.795,dd039aba716f23bf,shuffle_features,IAA_LOCALIZED,16.0,1.0,4,0,0.2,random_unitary,balanced_acc,0.09440161166576261,,
negative_controls,classification,digits:all,0,5,144,0.795,dd039aba716f23bf,shuffle_features,IAA_LOCALIZED,16.0,1.0,4,0,0.2,majority,acc,0.10185185185185185,,
negative_controls,classification,digits:all,0,5,144,0.795,dd039aba716f23bf,shuffle_features,IAA_LOCALIZED,16.0,1.0,4,0,0.2,majority,balanced_acc,0.1,,
negative_controls,classification,digits:all,0,5,144,0.795,dd039aba716f23bf,shuffle_features,IAA_LOCALIZED,16.0,1.0,4,0,0.2,logistic,acc,0.9444444444444444,,
negative_controls,classification,digits:all,0,5,144,0.795,dd039aba716f23bf,shuffle_features,IAA_LOCALIZED,16.0,1.0,4,0,0.2,logistic,balanced_acc,0.9445260295260294,,
negative_controls,classification,digits:all,0,5,144,0.795,dd039aba716f23bf,shuffle_features,IAA_LOCALIZED,16.0,1.0,4,0,0.2,rbf_svm,acc,0.9537037037037037,,
negative_controls,classification,digits:all,0,5,144,0.795,dd039aba716f23bf,shuffle_features,IAA_LOCALIZED,16.0,1.0,4,0,0.2,rbf_svm,balanced_acc,0.9537917882257505,,
negative_controls,classification,digits:all,0,5,144,0.795,dd039aba716f23bf,shuffle_features,IAA_LOCALIZED,16.0,1.0,4,0,0.2,rff,acc,0.9685185185185186,,
negative_controls,classification,digits:all,0,5,144,0.795,dd039aba716f23bf,shuffle_features,IAA_LOCALIZED,16.0,1.0,4,0,0.2,rff,balanced_acc,0.9684719229058851,,
negative_controls,classification,digits:all,1,5,144,0.776,ed7910a3494c1cd7,shuffle_features,IAA_LOCALIZED,16.0,1.0,4,0,0.2,quantum,acc,0.1037037037037037,,
negative_controls,classification,digits:all,1,5,144,0.776,ed7910a3494c1cd7,shuffle_features,IAA_LOCALIZED,16.0,1.0,4,0,0.2,quantum,balanced_acc,0.10386416169435038,,
negative_controls,classification,digits:all,1,5,144,0.776,ed7910a3494c1cd7,shuffle_features,IAA_LOCALIZED,16.0,1.0,4,0,0.2,random_unitary,acc,0.09814814814814815,,
negative_controls,classification,digits:all,1,5,144,0.776,ed7910a3494c1cd7,shuffle_features,IAA_LOCALIZED,16.0,1.0,4,0,0.2,random_unitary,balanced_acc,0.09776084502499596,,
negative_controls,classification,digits:all,1,5,144,0.776,ed7910a3494c1cd7,shuffle_features,IAA_LOCALIZED,16.0,1.0,4,0,0.2,majority,acc,0.10185185185185185,,
negative_controls,classification,digits:all,1,5,144,0.776,ed7910a3494c1cd7,shuffle_features,IAA_LOCALIZED,16.0,1.0,4,0,0.2,majority,balanced_acc,0.1,,
negative_controls,classification,digits:all,1,5,144,0.776,ed7910a3494c1cd7,shuffle_features,IAA_LOCALIZED,16.0,1.0,4,0,0.2,logistic,acc,0.9407407407407408,,
negative_controls,classification,digits:all,1,5,144,0.776,ed7910a3494c1cd7,shuffle_features,IAA_LOCALIZED,16.0,1.0,4,0,0.2,logistic,balanced_acc,0.9406126089144957,,
negative_controls,classification,digits:all,1,5,144,0.776,ed7910a3494c1cd7,shuffle_features,IAA_LOCALIZED,16.0,1.0,4,0,0.2,rbf_svm,acc,0.9666666666666667,,
negative_controls,classification,digits:all,1,5,144,0.776,ed7910a3494c1cd7,shuffle_features,IAA_LOCALIZED,16.0,1.0,4,0,0.2,rbf_svm,balanced_acc,0.9668272468272467,,
negative_controls,classification,digits:all,1,5,144,0.776,ed7910a3494c1cd7,shuffle_features,IAA_LOCALIZED,16.0,1.0,4,0,0.2,rff,acc,0.9648148148148148,,
negative_controls,classification,digits:all,1,5,144,0.776,ed7910a3494c1cd7,shuffle_features,IAA_LOCALIZED,16.0,1.0,4,0,0.2,rff,balanced_acc,0.9646594390934015,,
negative_controls,classification,source:W16n1000,2,5,144,4.001,fdaabae997f8684e,none,IAA_LOCALIZED,16.0,1.0,4,0,0.2,quantum,acc,0.7575,,
negative_controls,classification,source:W16n1000,2,5,144,4.001,fdaabae997f8684e,none,IAA_LOCALIZED,16.0,1.0,4,0,0.2,quantum,balanced_acc,0.7575000000000001,,
negative_controls,classification,source:W16n1000,2,5,144,4.001,fdaabae997f8684e,none,IAA_LOCALIZED,16.0,1.0,4,0,0.2,random_unitary,acc,0.8725,,
negative_controls,classification,source:W16n1000,2,5,144,4.001,fdaabae997f8684e,none,IAA_LOCALIZED,16.0,1.0,4,0,0.2,random_unitary,balanced_acc,0.8725,,
negative_controls,classification,source:W16n1000,2,5,144,4.001,fdaabae997f8684e,none,IAA_LOCALIZED,16.0,1.0,4,0,0.2,majority,acc,0.25,,
negative_controls,classification,source:W16n1000,2,5,144,4.001,fdaabae997f8684e,none,IAA_LOCALIZED,16.0,1.0,4,0,0.2,majority,balanced_acc,0.25,,
negative_controls,classification,source:W16n1000,2,5,144,4.001,fdaabae997f8684e,none,IAA_LOCALIZED,16.0,1.0,4,0,0.2,logistic,acc,0.2575,,
negative_controls,classification,source:W16n1000,2,5,144,4.001,fdaabae997f8684e,none,IAA_LOCALIZED,16.0,1.0,4,0,0.2,logistic,balanced_acc,0.2575,,
negative_controls,classification,source:W16n1000,2,5,144,4.001,fdaabae997f8684e,none,IAA_LOCALIZED,16.0,1.0,4,0,0.2,rbf_svm,acc,0.8925,,
negative_controls,classification,source:W16n1000,2,5,144,4.001,fdaabae997f8684e,none,IAA_LOCALIZED,16.0,1.0,4,0,0.2,rbf_svm,balanced_acc,0.8925,,
negative_controls,classification,source:W16n1000,2,5,144,4.001,fdaabae997f8684e,none,IAA_LOCALIZED,16.0,1.0,4,0,0.2,rff,acc,0.8858333333333334,,
negative_controls,classification,source:W16n1000,2,5,144,4.001,fdaabae997f8684e,none,IAA_LOCALIZED,16.0,1.0,4,0,0.2,rff,balanced_acc,0.8858333333333335,,
negative_controls,timeseries,stock:vol2of3,2,5,90,0.258,039910722d813c59,shuffle_labels,XXZ,,,4,0,0.2,quantum,NRMSE,0.6992548922316376,10.0,continuous
negative_controls,timeseries,stock:vol2of3,2,5,90,0.258,039910722d813c59,shuffle_labels,XXZ,,,4,0,0.2,quantum,RMSE,0.0466830286532045,10.0,continuous
negative_controls,timeseries,stock:vol2of3,2,5,90,0.258,039910722d813c59,shuffle_labels,XXZ,,,4,0,0.2,quantum,MAE,0.029794244286512863,10.0,continuous
negative_controls,timeseries,stock:vol2of3,2,5,90,0.258,039910722d813c59,shuffle_labels,XXZ,,,4,0,0.2,quantum,R2,-0.020682556840704525,10.0,continuous
negative_controls,timeseries,stock:vol2of3,2,5,90,0.258,039910722d813c59,shuffle_labels,XXZ,,,4,0,0.2,random_unitary,NRMSE,0.6993413655677343,10.0,continuous
negative_controls,timeseries,stock:vol2of3,2,5,90,0.258,039910722d813c59,shuffle_labels,XXZ,,,4,0,0.2,random_unitary,RMSE,0.046688801708597585,10.0,continuous
negative_controls,timeseries,stock:vol2of3,2,5,90,0.258,039910722d813c59,shuffle_labels,XXZ,,,4,0,0.2,random_unitary,MAE,0.0300185439215386,10.0,continuous
negative_controls,timeseries,stock:vol2of3,2,5,90,0.258,039910722d813c59,shuffle_labels,XXZ,,,4,0,0.2,random_unitary,R2,-0.020935017807983902,10.0,continuous
negative_controls,timeseries,stock:vol2of3,2,5,90,0.258,039910722d813c59,shuffle_labels,XXZ,,,4,0,0.2,raw_only,NRMSE,0.6929286245861629,10.0,continuous
negative_controls,timeseries,stock:vol2of3,2,5,90,0.258,039910722d813c59,shuffle_labels,XXZ,,,4,0,0.2,raw_only,RMSE,0.04626068004035603,10.0,continuous
negative_controls,timeseries,stock:vol2of3,2,5,90,0.258,039910722d813c59,shuffle_labels,XXZ,,,4,0,0.2,raw_only,MAE,0.029142866465475765,10.0,continuous
negative_controls,timeseries,stock:vol2of3,2,5,90,0.258,039910722d813c59,shuffle_labels,XXZ,,,4,0,0.2,raw_only,R2,-0.0022975534214990656,10.0,continuous
negative_controls,timeseries,stock:vol2of3,2,5,90,0.258,039910722d813c59,shuffle_labels,XXZ,,,4,0,0.2,raw_plus_reservoir,NRMSE,0.7008021893331755,10.0,continuous
negative_controls,timeseries,stock:vol2of3,2,5,90,0.258,039910722d813c59,shuffle_labels,XXZ,,,4,0,0.2,raw_plus_reservoir,RMSE,0.04678632791607499,10.0,continuous
negative_controls,timeseries,stock:vol2of3,2,5,90,0.258,039910722d813c59,shuffle_labels,XXZ,,,4,0,0.2,raw_plus_reservoir,MAE,0.02994736306031686,10.0,continuous
negative_controls,timeseries,stock:vol2of3,2,5,90,0.258,039910722d813c59,shuffle_labels,XXZ,,,4,0,0.2,raw_plus_reservoir,R2,-0.02520464599588146,10.0,continuous
negative_controls,timeseries,stock:vol2of3,2,5,90,0.258,039910722d813c59,shuffle_labels,XXZ,,,4,0,0.2,mean,NRMSE,0.6924928633823692,10.0,continuous
negative_controls,timeseries,stock:vol2of3,2,5,90,0.258,039910722d813c59,shuffle_labels,XXZ,,,4,0,0.2,mean,RMSE,0.04623158814126651,10.0,continuous
negative_controls,timeseries,stock:vol2of3,2,5,90,0.258,039910722d813c59,shuffle_labels,XXZ,,,4,0,0.2,mean,MAE,0.028966683985178095,10.0,continuous
negative_controls,timeseries,stock:vol2of3,2,5,90,0.258,039910722d813c59,shuffle_labels,XXZ,,,4,0,0.2,mean,R2,-0.0010373224544897308,10.0,continuous
negative_controls,timeseries,stock:vol2of3,2,5,90,0.258,039910722d813c59,shuffle_labels,XXZ,,,4,0,0.2,persistence,NRMSE,0.9318650323764361,10.0,continuous
negative_controls,timeseries,stock:vol2of3,2,5,90,0.258,039910722d813c59,shuffle_labels,XXZ,,,4,0,0.2,persistence,RMSE,0.06221233843429127,10.0,continuous
negative_controls,timeseries,stock:vol2of3,2,5,90,0.258,039910722d813c59,shuffle_labels,XXZ,,,4,0,0.2,persistence,MAE,0.04241083873505078,10.0,continuous
negative_controls,timeseries,stock:vol2of3,2,5,90,0.258,039910722d813c59,shuffle_labels,XXZ,,,4,0,0.2,persistence,R2,-0.8126990062385064,10.0,continuous
negative_controls,timeseries,stock:vol2of3,2,5,90,0.258,039910722d813c59,shuffle_labels,XXZ,,,4,0,0.2,linear_raw,NRMSE,0.6924469989974908,10.0,continuous
negative_controls,timeseries,stock:vol2of3,2,5,90,0.258,039910722d813c59,shuffle_labels,XXZ,,,4,0,0.2,linear_raw,RMSE,0.046228526184293135,10.0,continuous
negative_controls,timeseries,stock:vol2of3,2,5,90,0.258,039910722d813c59,shuffle_labels,XXZ,,,4,0,0.2,linear_raw,MAE,0.02897158959690911,10.0,continuous
negative_controls,timeseries,stock:vol2of3,2,5,90,0.258,039910722d813c59,shuffle_labels,XXZ,,,4,0,0.2,linear_raw,R2,-0.0009047277576537116,10.0,continuous
negative_controls,timeseries,stock:vol2of3,2,5,90,0.258,039910722d813c59,shuffle_labels,XXZ,,,4,0,0.2,linear_symbolic,NRMSE,0.6989827544953411,10.0,continuous
negative_controls,timeseries,stock:vol2of3,2,5,90,0.258,039910722d813c59,shuffle_labels,XXZ,,,4,0,0.2,linear_symbolic,RMSE,0.046664860437461875,10.0,continuous
negative_controls,timeseries,stock:vol2of3,2,5,90,0.258,039910722d813c59,shuffle_labels,XXZ,,,4,0,0.2,linear_symbolic,MAE,0.029634179803057836,10.0,continuous
negative_controls,timeseries,stock:vol2of3,2,5,90,0.258,039910722d813c59,shuffle_labels,XXZ,,,4,0,0.2,linear_symbolic,R2,-0.019888247947888793,10.0,continuous
negative_controls,timeseries,narma10,1,5,90,0.266,152a36e6278c57e4,none,XXZ,,,4,0,0.2,quantum,NRMSE,0.8480627007985665,10.0,continuous
negative_controls,timeseries,narma10,1,5,90,0.266,152a36e6278c57e4,none,XXZ,,,4,0,0.2,quantum,RMSE,0.09069969158059578,10.0,continuous
negative_controls,timeseries,narma10,1,5,90,0.266,152a36e6278c57e4,none,XXZ,,,4,0,0.2,quantum,MAE,0.07118797993697507,10.0,continuous
negative_controls,timeseries,narma10,1,5,90,0.266,152a36e6278c57e4,none,XXZ,,,4,0,0.2,quantum,R2,0.35951481758628356,10.0,continuous
negative_controls,timeseries,narma10,1,5,90,0.266,152a36e6278c57e4,none,XXZ,,,4,0,0.2,random_unitary,NRMSE,0.7933281366273988,10.0,continuous
negative_controls,timeseries,narma10,1,5,90,0.266,152a36e6278c57e4,none,XXZ,,,4,0,0.2,random_unitary,RMSE,0.08484586958789575,10.0,continuous
negative_controls,timeseries,narma10,1,5,90,0.266,152a36e6278c57e4,none,XXZ,,,4,0,0.2,random_unitary,MAE,0.06660288830956226,10.0,continuous
negative_controls,timeseries,narma10,1,5,90,0.266,152a36e6278c57e4,none,XXZ,,,4,0,0.2,random_unitary,R2,0.4395216047254412,10.0,continuous
negative_controls,timeseries,narma10,1,5,90,0.266,152a36e6278c57e4,none,XXZ,,,4,0,0.2,raw_only,NRMSE,0.7043544463274488,10.0,continuous
negative_controls,timeseries,narma10,1,5,90,0.266,152a36e6278c57e4,none,XXZ,,,4,0,0.2,raw_only,RMSE,0.07533019785584809,10.0,continuous
negative_controls,timeseries,narma10,1,5,90,0.266,152a36e6278c57e4,none,XXZ,,,4,0,0.2,raw_only,MAE,0.0595993346884292,10.0,continuous
negative_controls,timeseries,narma10,1,5,90,0.266,152a36e6278c57e4,none,XXZ,,,4,0,0.2,raw_only,R2,0.5581898565852115,10.0,continuous
negative_controls,timeseries,narma10,1,5,90,0.266,152a36e6278c57e4,none,XXZ,,,4,0,0.2,raw_plus_reservoir,NRMSE,0.7113782395860553,10.0,continuous
negative_controls,timeseries,narma10,1,5,90,0.266,152a36e6278c57e4,none,XXZ,,,4,0,0.2,raw_plus_reservoir,RMSE,0.07608138745737354,10.0,continuous
negative_controls,timeseries,narma10,1,5,90,0.266,152a36e6278c57e4,none,XXZ,,,4,0,0.2,raw_plus_reservoir,MAE,0.060117141901200724,10.0,continuous
negative_controls,timeseries,narma10,1,5,90,0.266,152a36e6278c57e4,none,XXZ,,,4,0,0.2,raw_plus_reservoir,R2,0.5493344982364918,10.0,continuous
negative_controls,timeseries,narma10,1,5,90,0.266,152a36e6278c57e4,none,XXZ,,,4,0,0.2,mean,NRMSE,1.0614491748041568,10.0,continuous
negative_controls,timeseries,narma10,1,5,90,0.266,152a36e6278c57e4,none,XXZ,,,4,0,0.2,mean,RMSE,0.11352122041514229,10.0,continuous
negative_controls,timeseries,narma10,1,5,90,0.266,152a36e6278c57e4,none,XXZ,,,4,0,0.2,mean,MAE,0.09109485161822696,10.0,continuous
negative_controls,timeseries,narma10,1,5,90,0.266,152a36e6278c57e4,none,XXZ,,,4,0,0.2,mean,R2,-0.0033479531500015813,10.0,continuous
negative_controls,timeseries,narma10,1,5,90,0.266,152a36e6278c57e4,none,XXZ,,,4,0,0.2,persistence,NRMSE,0.8878662400381848,10.0,continuous
negative_controls,timeseries,narma10,1,5,90,0.266,152a36e6278c57e4,none,XXZ,,,4,0,0.2,persistence,RMSE,0.09495665127172483,10.0,continuous
negative_controls,timeseries,narma10,1,5,90,0.266,152a36e6278c57e4,none,XXZ,,,4,0,0.2,persistence,MAE,0.07540389625715413,10.0,continuous
negative_controls,timeseries,narma10,1,5,90,0.266,152a36e6278c57e4,none,XXZ,,,4,0,0.2,persistence,R2,0.2979820009126505,10.0,continuous
negative_controls,timeseries,narma10,1,5,90,0.266,152a36e6278c57e4,none,XXZ,,,4,0,0.2,linear_raw,NRMSE,0.7043775889354162,10.0,continuous
negative_controls,timeseries,narma10,1,5,90,0.266,152a36e6278c57e4,none,XXZ,,,4,0,0.2,linear_raw,RMSE,0.07533267294100753,10.0,continuous
negative_controls,timeseries,narma10,1,5,90,0.266,152a36e6278c57e4,none,XXZ,,,4,0,0.2,linear_raw,MAE,0.059598233522704824,10.0,continuous
negative_controls,timeseries,narma10,1,5,90,0.266,152a36e6278c57e4,none,XXZ,,,4,0,0.2,linear_raw,R2,0.5581608234557375,10.0,continuous
negative_controls,timeseries,narma10,1,5,90,0.266,152a36e6278c57e4,none,XXZ,,,4,0,0.2,linear_symbolic,NRMSE,0.9401366182881896,10.0,continuous
negative_controls,timeseries,narma10,1,5,90,0.266,152a36e6278c57e4,none,XXZ,,,4,0,0.2,linear_symbolic,RMSE,0.10054693036501865,10.0,continuous
negative_controls,timeseries,narma10,1,5,90,0.266,152a36e6278c57e4,none,XXZ,,,4,0,0.2,linear_symbolic,MAE,0.0795487002397238,10.0,continuous
negative_controls,timeseries,narma10,1,5,90,0.266,152a36e6278c57e4,none,XXZ,,,4,0,0.2,linear_symbolic,R2,0.21289059978739266,10.0,continuous
negative_controls,timeseries,stock:vol2of3,1,5,90,0.322,2092828fc86f7d74,shuffle_labels,XXZ,,,4,0,0.2,quantum,NRMSE,0.24672360026044857,10.0,continuous
negative_controls,timeseries,stock:vol2of3,1,5,90,0.322,2092828fc86f7d74,shuffle_labels,XXZ,,,4,0,0.2,quantum,RMSE,0.04633371231970078,10.0,continuous
negative_controls,timeseries,stock:vol2of3,1,5,90,0.322,2092828fc86f7d74,shuffle_labels,XXZ,,,4,0,0.2,quantum,MAE,0.031182122074526496,10.0,continuous
negative_controls,timeseries,stock:vol2of3,1,5,90,0.322,2092828fc86f7d74,shuffle_labels,XXZ,,,4,0,0.2,quantum,R2,-0.19021055445355373,10.0,continuous
negative_controls,timeseries,stock:vol2of3,1,5,90,0.322,2092828fc86f7d74,shuffle_labels,XXZ,,,4,0,0.2,random_unitary,NRMSE,0.25223052569661064,10.0,continuous
negative_controls,timeseries,stock:vol2of3,1,5,90,0.322,2092828fc86f7d74,shuffle_labels,XXZ,,,4,0,0.2,random_unitary,RMSE,0.04736789104705327,10.0,continuous
negative_controls,timeseries,stock:vol2of3,1,5,90,0.322,2092828fc86f7d74,shuffle_labels,XXZ,,,4,0,0.2,random_unitary,MAE,0.03194330358491718,10.0,continuous
negative_controls,timeseries,stock:vol2of3,1,5,90,0.322,2092828fc86f7d74,shuffle_labels,XXZ,,,4,0,0.2,random_unitary,R2,-0.24393503487347856,10.0,continuous
negative_controls,timeseries,stock:vol2of3,1,5,90,0.322,2092828fc86f7d74,shuffle_labels,XXZ,,,4,0,0.2,raw_only,NRMSE,0.22712575696655937,10.0,continuous
negative_controls,timeseries,stock:vol2of3,1,5,90,0.322,2092828fc86f7d74,shuffle_labels,XXZ,,,4,0,0.2,raw_only,RMSE,0.04265331517768808,10.0,continuous
negative_controls,timeseries,stock:vol2of3,1,5,90,0.322,2092828fc86f7d74,shuffle_labels,XXZ,,,4,0,0.2,raw_only,MAE,0.027948954688593746,10.0,continuous
negative_controls,timeseries,stock:vol2of3,1,5,90,0.322,2092828fc86f7d74,shuffle_labels,XXZ,,,4,0,0.2,raw_only,R2,-0.008637672780358097,10.0,continuous
negative_controls,timeseries,stock:vol2of3,1,5,90,0.322,2092828fc86f7d74,shuffle_labels,XXZ,,,4,0,0.2,raw_plus_reservoir,NRMSE,0.24227743606536234,10.0,continuous
negative_controls,timeseries,stock:vol2of3,1,5,90,0.322,2092828fc86f7d74,shuffle_labels,XXZ,,,4,0,0.2,raw_plus_reservoir,RMSE,0.045498740340839366,10.0,continuous
negative_controls,timeseries,stock:vol2of3,1,5,90,0.322,2092828fc86f7d74,shuffle_labels,XXZ,,,4,0,0.2,raw_plus_reservoir,MAE,0.030720673319353298,10.0,continuous
negative_controls,timeseries,stock:vol2of3,1,5,90,0.322,2092828fc86f7d74,shuffle_labels,XXZ,,,4,0,0.2,raw_plus_reservoir,R2,-0.14769991026708196,10.0,continuous
negative_controls,timeseries,stock:vol2of3,1,5,90,0.322,2092828fc86f7d74,shuffle_labels,XXZ,,,4,0,0.2,mean,NRMSE,0.22621667667063008,10.0,continuous
negative_controls,timeseries,stock:vol2of3,1,5,90,0.322,2092828fc86f7d74,shuffle_labels,XXZ,,,4,0,0.2,mean,RMSE,0.04248259350832758,10.0,continuous
negative_controls,timeseries,stock:vol2of3,1,5,90,0.322,2092828fc86f7d74,shuffle_labels,XXZ,,,4,0,0.2,mean,MAE,0.027516915807504486,10.0,continuous
negative_controls,timeseries,stock:vol2of3,1,5,90,0.322,2092828fc86f7d74,shuffle_labels,XXZ,,,4,0,0.2,mean,R2,-0.0005796029624582921,10.0,continuous
negative_controls,timeseries,stock:vol2of3,1,5,90,0.322,2092828fc86f7d74,shuffle_labels,XXZ,,,4,0,0.2,persistence,NRMSE,0.31268460241236073,10.0,continuous
negative_controls,timeseries,stock:vol2of3,1,5,90,0.322,2092828fc86f7d74,shuffle_labels,XXZ,,,4,0,0.2,persistence,RMSE,0.05872092657403084,10.0,continuous
negative_controls,timeseries,stock:vol2of3,1,5,90,0.322,2092828fc86f7d74,shuffle_labels,XXZ,,,4,0,0.2,persistence,MAE,0.03906392604650053,10.0,continuous
negative_controls,timeseries,stock:vol2of3,1,5,90,0.322,2092828fc86f7d74,shuffle_labels,XXZ,,,4,0,0.2,persistence,R2,-0.9116809000660846,10.0,continuous
negative_controls,timeseries,stock:vol2of3,1,5,90,0.322,2092828fc86f7d74,shuffle_labels,XXZ,,,4,0,0.2,linear_raw,NRMSE,0.22595293028642585,10.0,continuous
negative_controls,timeseries,stock:vol2of3,1,5,90,0.322,2092828fc86f7d74,shuffle_labels,XXZ,,,4,0,0.2,linear_raw,RMSE,0.042433062984785525,10.0,continuous
negative_controls,timeseries,stock:vol2of3,1,5,90,0.322,2092828fc86f7d74,shuffle_labels,XXZ,,,4,0,0.2,linear_raw,MAE,0.027483153125498917,10.0,continuous
negative_controls,timeseries,stock:vol2of3,1,5,90,0.322,2092828fc86f7d74,shuffle_labels,XXZ,,,4,0,0.2,linear_raw,R2,0.0017521916336951104,10.0,continuous
negative_controls,timeseries,stock:vol2of3,1,5,90,0.322,2092828fc86f7d74,shuffle_labels,XXZ,,,4,0,0.2,linear_symbolic,NRMSE,0.2342294300952781,10.0,continuous
negative_controls,timeseries,stock:vol2of3,1,5,90,0.322,2092828fc86f7d74,shuffle_labels,XXZ,,,4,0,0.2,linear_symbolic,RMSE,0.04398735678056593,10.0,continuous
negative_controls,timeseries,stock:vol2of3,1,5,90,0.322,2092828fc86f7d74,shuffle_labels,XXZ,,,4,0,0.2,linear_symbolic,MAE,0.029895425693999996,10.0,continuous
negative_controls,timeseries,stock:vol2of3,1,5,90,0.322,2092828fc86f7d74,shuffle_labels,XXZ,,,4,0,0.2,linear_symbolic,R2,-0.07271741955037103,10.0,continuous
negative_controls,timeseries,stock:vol2of3,0,5,90,0.322,2afa24d58b7ff99f,shuffle_labels,XXZ,,,4,0,0.2,quantum,NRMSE,0.23050590478213026,10.0,continuous
negative_controls,timeseries,stock:vol2of3,0,5,90,0.322,2afa24d58b7ff99f,shuffle_labels,XXZ,,,4,0,0.2,quantum,RMSE,0.04329489589796143,10.0,continuous
negative_controls,timeseries,stock:vol2of3,0,5,90,0.322,2afa24d58b7ff99f,shuffle_labels,XXZ,,,4,0,0.2,quantum,MAE,0.030249638655094845,10.0,continuous
negative_controls,timeseries,stock:vol2of3,0,5,90,0.322,2afa24d58b7ff99f,shuffle_labels,XXZ,,,4,0,0.2,quantum,R2,-0.027137689332177084,10.0,continuous
negative_controls,timeseries,stock:vol2of3,0,5,90,0.322,2afa24d58b7ff99f,shuffle_labels,XXZ,,,4,0,0.2,random_unitary,NRMSE,0.23187615696870983,10.0,continuous
negative_controls,timeseries,stock:vol2of3,0,5,90,0.322,2afa24d58b7ff99f,shuffle_labels,XXZ,,,4,0,0.2,random_unitary,RMSE,0.043552264254004144,10.0,continuous
negative_controls,timeseries,stock:vol2of3,0,5,90,0.322,2afa24d58b7ff99f,shuffle_labels,XXZ,,,4,0,0.2,random_unitary,MAE,0.030458276501288233,10.0,continuous
negative_controls,timeseries,stock:vol2of3,0,5,90,0.322,2afa24d58b7ff99f,shuffle_labels,XXZ,,,4,0,0.2,random_unitary,R2,-0.03938571354384601,10.0,continuous
negative_controls,timeseries,stock:vol2of3,0,5,90,0.322,2afa24d58b7ff99f,shuffle_labels,XXZ,,,4,0,0.2,raw_only,NRMSE,0.2277018938609129,10.0,continuous
negative_controls,timeseries,stock:vol2of3,0,5,90,0.322,2afa24d58b7ff99f,shuffle_labels,XXZ,,,4,0,0.2,raw_only,RMSE,0.042768231034232246,10.0,continuous
negative_controls,timeseries,stock:vol2of3,0,5,90,0.322,2afa24d58b7ff99f,shuffle_labels,XXZ,,,4,0,0.2,raw_only,MAE,0.029663153812925815,10.0,continuous
negative_controls,timeseries,stock:vol2of3,0,5,90,0.322,2afa24d58b7ff99f,shuffle_labels,XXZ,,,4,0,0.2,raw_only,R2,-0.00230025495688424,10.0,continuous
negative_controls,timeseries,stock:vol2of3,0,5,90,0.322,2afa24d58b7ff99f,shuffle_labels,XXZ,,,4,0,0.2,raw_plus_reservoir,NRMSE,0.23673563213601215,10.0,continuous
negative_controls,timeseries,stock:vol2of3,0,5,90,0.322,2afa24d58b7ff99f,shuffle_labels,XXZ,,,4,0,0.2,raw_plus_reservoir,RMSE,0.04446499779844822,10.0,continuous
negative_controls,timeseries,stock:vol2of3,0,5,90,0.322,2afa24d58b7ff99f,shuffle_labels,XXZ,,,4,0,0.2,raw_plus_reservoir,MAE,0.030597285655650577,10.0,continuous
negative_controls,timeseries,stock:vol2of3,0,5,90,0.322,2afa24d58b7ff99f,shuffle_labels,XXZ,,,4,0,0.2,raw_plus_reservoir,R2,-0.08340744625987351,10.0,continuous
negative_controls,timeseries,stock:vol2of3,0,5,90,0.322,2afa24d58b7ff99f,shuffle_labels,XXZ,,,4,0,0.2,mean,NRMSE,0.22767371038535197,10.0,continuous
negative_controls,timeseries,stock:vol2of3,0,5,90,0.322,2afa24d58b7ff99f,shuffle_labels,XXZ,,,4,0,0.2,mean,RMSE,0.042762937457733165,10.0,continuous
negative_controls,timeseries,stock:vol2of3,0,5,90,0.322,2afa24d58b7ff99f,shuffle_labels,XXZ,,,4,0,0.2,mean,MAE,0.029533118041159195,10.0,continuous
negative_controls,timeseries,stock:vol2of3,0,5,90,0.322,2afa24d58b7ff99f,shuffle_labels,XXZ,,,4,0,0.2,mean,R2,-0.002052153756980868,10.0,continuous
negative_controls,timeseries,stock:vol2of3,0,5,90,0.322,2afa24d58b7ff99f,shuffle_labels,XXZ,,,4,0,0.2,persistence,NRMSE,0.3121572920850382,10.0,continuous
negative_controls,timeseries,stock:vol2of3,0,5,90,0.322,2afa24d58b7ff99f,shuffle_labels,XXZ,,,4,0,0.2,persistence,RMSE,0.05863111175995778,10.0,continuous
negative_controls,timeseries,stock:vol2of3,0,5,90,0.322,2afa24d58b7ff99f,shuffle_labels,XXZ,,,4,0,0.2,persistence,MAE,0.04385321125431042,10.0,continuous
negative_controls,timeseries,stock:vol2of3,0,5,90,0.322,2afa24d58b7ff99f,shuffle_labels,XXZ,,,4,0,0.2,persistence,R2,-0.8836990750729072,10.0,continuous
negative_controls,timeseries,stock:vol2of3,0,5,90,0.322,2afa24d58b7ff99f,shuffle_labels,XXZ,,,4,0,0.2,linear_raw,NRMSE,0.22755447986857508,10.0,continuous
negative_controls,timeseries,stock:vol2of3,0,5,90,0.322,2afa24d58b7ff99f,shuffle_labels,XXZ,,,4,0,0.2,linear_raw,RMSE,0.04274054292160796,10.0,continuous
negative_controls,timeseries,stock:vol2of3,0,5,90,0.322,2afa24d58b7ff99f,shuffle_labels,XXZ,,,4,0,0.2,linear_raw,MAE,0.029534499206120855,10.0,continuous
negative_controls,timeseries,stock:vol2of3,0,5,90,0.322,2afa24d58b7ff99f,shuffle_labels,XXZ,,,4,0,0.2,linear_raw,R2,-0.001002898558159382,10.0,continuous
negative_controls,timeseries,stock:vol2of3,0,5,90,0.322,2afa24d58b7ff99f,shuffle_labels,XXZ,,,4,0,0.2,linear_symbolic,NRMSE,0.24416096523137573,10.0,continuous
negative_controls,timeseries,stock:vol2of3,0,5,90,0.322,2afa24d58b7ff99f,shuffle_labels,XXZ,,,4,0,0.2,linear_symbolic,RMSE,0.04585966499222493,10.0,continuous
negative_controls,timeseries,stock:vol2of3,0,5,90,0.322,2afa24d58b7ff99f,shuffle_labels,XXZ,,,4,0,0.2,linear_symbolic,MAE,0.0328100876049896,10.0,continuous
negative_controls,timeseries,stock:vol2of3,0,5,90,0.322,2afa24d58b7ff99f,shuffle_labels,XXZ,,,4,0,0.2,linear_symbolic,R2,-0.15243654450150457,10.0,continuous
negative_controls,timeseries,stock:vol2of3,0,5,90,0.322,3747ade3b03e28f5,none,XXZ,,,4,0,0.2,quantum,NRMSE,0.2503212931936734,10.0,continuous
negative_controls,timeseries,stock:vol2of3,0,5,90,0.322,3747ade3b03e28f5,none,XXZ,,,4,0,0.2,quantum,RMSE,0.047016731914554175,10.0,continuous
negative_controls,timeseries,stock:vol2of3,0,5,90,0.322,3747ade3b03e28f5,none,XXZ,,,4,0,0.2,quantum,MAE,0.03269053795573873,10.0,continuous
negative_controls,timeseries,stock:vol2of3,0,5,90,0.322,3747ade3b03e28f5,none,XXZ,,,4,0,0.2,quantum,R2,-0.21132350020554824,10.0,continuous
negative_controls,timeseries,stock:vol2of3,0,5,90,0.322,3747ade3b03e28f5,none,XXZ,,,4,0,0.2,random_unitary,NRMSE,0.248942524617888,10.0,continuous
negative_controls,timeseries,stock:vol2of3,0,5,90,0.322,3747ade3b03e28f5,none,XXZ,,,4,0,0.2,random_unitary,RMSE,0.04675776396311523,10.0,continuous
negative_controls,timeseries,stock:vol2of3,0,5,90,0.322,3747ade3b03e28f5,none,XXZ,,,4,0,0.2,random_unitary,MAE,0.03159790393006727,10.0,continuous
negative_controls,timeseries,stock:vol2of3,0,5,90,0.322,3747ade3b03e28f5,none,XXZ,,,4,0,0.2,random_unitary,R2,-0.19801632039306516,10.0,continuous
negative_controls,timeseries,stock:vol2of3,0,5,90,0.322,3747ade3b03e28f5,none,XXZ,,,4,0,0.2,raw_only,NRMSE,0.2893046629302167,10.0,continuous
negative_controls,timeseries,stock:vol2of3,0,5,90,0.322,3747ade3b03e28f5,none,XXZ,,,4,0,0.2,raw_only,RMSE,0.054338804362505745,10.0,continuous
negative_controls,timeseries,stock:vol2of3,0,5,90,0.322,3747ade3b03e28f5,none,XXZ,,,4,0,0.2,raw_only,MAE,0.03821198890907066,10.0,continuous
negative_controls,timeseries,stock:vol2of3,0,5,90,0.322,3747ade3b03e28f5,none,XXZ,,,4,0,0.2,raw_only,R2,-0.6179884696325286,10.0,continuous
negative_controls,timeseries,stock:vol2of3,0,5,90,0.322,3747ade3b03e28f5,none,XXZ,,,4,0,0.2,raw_plus_reservoir,NRMSE,0.2706713770283242,10.0,continuous
negative_controls,timeseries,stock:vol2of3,0,5,90,0.322,3747ade3b03e28f5,none,XXZ,,,4,0,0.2,raw_plus_reservoir,RMSE,0.05083899738740074,10.0,continuous
negative_controls,timeseries,stock:vol2of3,0,5,90,0.322,3747ade3b03e28f5,none,XXZ,,,4,0,0.2,raw_plus_reservoir,MAE,0.032662244206122626,10.0,continuous
negative_controls,timeseries,stock:vol2of3,0,5,90,0.322,3747ade3b03e28f5,none,XXZ,,,4,0,0.2,raw_plus_reservoir,R2,-0.41628031883758987,10.0,continuous
negative_controls,timeseries,stock:vol2of3,0,5,90,0.322,3747ade3b03e28f5,none,XXZ,,,4,0,0.2,mean,NRMSE,0.22767371038535197,10.0,continuous
negative_controls,timeseries,stock:vol2of3,0,5,90,0.322,3747ade3b03e28f5,none,XXZ,,,4,0,0.2,mean,RMSE,0.042762937457733165,10.0,continuous
negative_controls,timeseries,stock:vol2of3,0,5,90,0.322,3747ade3b03e28f5,none,XXZ,,,4,0,0.2,mean,MAE,0.0295331180411592,10.0,continuous
negative_controls,timeseries,stock:vol2of3,0,5,90,0.322,3747ade3b03e28f5,none,XXZ,,,4,0,0.2,mean,R2,-0.002052153756980868,10.0,continuous
negative_controls,timeseries,stock:vol2of3,0,5,90,0.322,3747ade3b03e28f5,none,XXZ,,,4,0,0.2,persistence,NRMSE,0.3298348889316838,10.0,continuous
negative_controls,timeseries,stock:vol2of3,0,5,90,0.322,3747ade3b03e28f5,none,XXZ,,,4,0,0.2,persistence,RMSE,0.06195141592277324,10.0,continuous
negative_controls,timeseries,stock:vol2of3,0,5,90,0.322,3747ade3b03e28f5,none,XXZ,,,4,0,0.2,persistence,MAE,0.04295230951811579,10.0,continuous
negative_controls,timeseries,stock:vol2of3,0,5,90,0.322,3747ade3b03e28f5,none,XXZ,,,4,0,0.2,persistence,R2,-1.1030894241665838,10.0,continuous
negative_controls,timeseries,stock:vol2of3,0,5,90,0.322,3747ade3b03e28f5,none,XXZ,,,4,0,0.2,linear_raw,NRMSE,0.2302226916759883,10.0,continuous
negative_controls,timeseries,stock:vol2of3,0,5,90,0.322,3747ade3b03e28f5,none,XXZ,,,4,0,0.2,linear_raw,RMSE,0.04324170124353839,10.0,continuous
negative_controls,timeseries,stock:vol2of3,0,5,90,0.322,3747ade3b03e28f5,none,XXZ,,,4,0,0.2,linear_raw,MAE,0.02999758096523235,10.0,continuous
negative_controls,timeseries,stock:vol2of3,0,5,90,0.322,3747ade3b03e28f5,none,XXZ,,,4,0,0.2,linear_raw,R2,-0.02461523639989216,10.0,continuous
negative_controls,timeseries,stock:vol2of3,0,5,90,0.322,3747ade3b03e28f5,none,XXZ,,,4,0,0.2,linear_symbolic,NRMSE,0.22555715598398768,10.0,continuous
negative_controls,timeseries,stock:vol2of3,0,5,90,0.322,3747ade3b03e28f5,none,XXZ,,,4,0,0.2,linear_symbolic,RMSE,0.042365394485651596,10.0,continuous
negative_controls,timeseries,stock:vol2of3,0,5,90,0.322,3747ade3b03e28f5,none,XXZ,,,4,0,0.2,linear_symbolic,MAE,0.02876037859560613,10.0,continuous
negative_controls,timeseries,stock:vol2of3,0,5,90,0.322,3747ade3b03e28f5,none,XXZ,,,4,0,0.2,linear_symbolic,R2,0.016492275422575253,10.0,continuous
negative_controls,timeseries,narma10,2,5,90,0.243,38ad4fb3ca0d7461,shuffle_features,XXZ,,,4,0,0.2,quantum,NRMSE,1.1784930621567729,10.0,continuous
negative_controls,timeseries,narma10,2,5,90,0.243,38ad4fb3ca0d7461,shuffle_features,XXZ,,,4,0,0.2,quantum,RMSE,0.12850308502699806,10.0,continuous
negative_controls,timeseries,narma10,2,5,90,0.243,38ad4fb3ca0d7461,shuffle_features,XXZ,,,4,0,0.2,quantum,MAE,0.10448942017854078,10.0,continuous
negative_controls,timeseries,narma10,2,5,90,0.243,38ad4fb3ca0d7461,shuffle_features,XXZ,,,4,0,0.2,quantum,R2,-0.03490297570147294,10.0,continuous
negative_controls,timeseries,narma10,2,5,90,0.243,38ad4fb3ca0d7461,shuffle_features,XXZ,,,4,0,0.2,random_unitary,NRMSE,1.1860824980519207,10.0,continuous
negative_controls,timeseries,narma10,2,5,90,0.243,38ad4fb3ca0d7461,shuffle_features,XXZ,,,4,0,0.2,random_unitary,RMSE,0.12933063841484432,10.0,continuous
negative_controls,timeseries,narma10,2,5,90,0.243,38ad4fb3ca0d7461,shuffle_features,XXZ,,,4,0,0.2,random_unitary,MAE,0.10502953400492789,10.0,continuous
negative_controls,timeseries,narma10,2,5,90,0.243,38ad4fb3ca0d7461,shuffle_features,XXZ,,,4,0,0.2,random_unitary,R2,-0.048275342139112,10.0,continuous
negative_controls,timeseries,narma10,2,5,90,0.243,38ad4fb3ca0d7461,shuffle_features,XXZ,,,4,0,0.2,raw_only,NRMSE,0.71761901524813,10.0,continuous
negative_controls,timeseries,narma10,2,5,90,0.243,38ad4fb3ca0d7461,shuffle_features,XXZ,,,4,0,0.2,raw_only,RMSE,0.07824930013983715,10.0,continuous
negative_controls,timeseries,narma10,2,5,90,0.243,38ad4fb3ca0d7461,shuffle_features,XXZ,,,4,0,0.2,raw_only,MAE,0.06202065077522636,10.0,continuous
negative_controls,timeseries,narma10,2,5,90,0.243,38ad4fb3ca0d7461,shuffle_features,XXZ,,,4,0,0.2,raw_only,R2,0.6162631984695472,10.0,continuous
negative_controls,timeseries,narma10,2,5,90,0.243,38ad4fb3ca0d7461,shuffle_features,XXZ,,,4,0,0.2,raw_plus_reservoir,NRMSE,0.7229375867993475,10.0,continuous
negative_controls,timeseries,narma10,2,5,90,0.243,38ad4fb3ca0d7461,shuffle_features,XXZ,,,4,0,0.2,raw_plus_reservoir,RMSE,0.07882923809128972,10.0,continuous
negative_controls,timeseries,narma10,2,5,90,0.243,38ad4fb3ca0d7461,shuffle_features,XXZ,,,4,0,0.2,raw_plus_reservoir,MAE,0.06263523330963167,10.0,continuous
negative_controls,timeseries,narma10,2,5,90,0.243,38ad4fb3ca0d7461,shuffle_features,XXZ,,,4,0,0.2,raw_plus_reservoir,R2,0.6105540556324571,10.0,continuous
negative_controls,timeseries,narma10,2,5,90,0.243,38ad4fb3ca0d7461,shuffle_features,XXZ,,,4,0,0.2,mean,NRMSE,1.1739456011392644,10.0,continuous
negative_controls,timeseries,narma10,2,5,90,0.243,38ad4fb3ca0d7461,shuffle_features,XXZ,,,4,0,0.2,mean,RMSE,0.12800722910000567,10.0,continuous
negative_controls,timeseries,narma10,2,5,90,0.243,38ad4fb3ca0d7461,shuffle_features,XXZ,,,4,0,0.2,mean,MAE,0.10387247152321491,10.0,continuous
negative_controls,timeseries,narma10,2,5,90,0.243,38ad4fb3ca0d7461,shuffle_features,XXZ,,,4,0,0.2,mean,R2,-0.02693160751968593,10.0,continuous
negative_controls,timeseries,narma10,2,5,90,0.243,38ad4fb3ca0d7461,shuffle_features,XXZ,,,4,0,0.2,persistence,NRMSE,0.8783489103397628,10.0,continuous
negative_controls,timeseries,narma10,2,5,90,0.243,38ad4fb3ca0d7461,shuffle_features,XXZ,,,4,0,0.2,persistence,RMSE,0.09577531538641054,10.0,continuous
negative_controls,timeseries,narma10,2,5,90,0.243,38ad4fb3ca0d7461,shuffle_features,XXZ,,,4,0,0.2,persistence,MAE,0.07621376382603756,10.0,continuous
negative_controls,timeseries,narma10,2,5,90,0.243,38ad4fb3ca0d7461,shuffle_features,XXZ,,,4,0,0.2,persistence,R2,0.42511667849093104,10.0,continuous
negative_controls,timeseries,narma10,2,5,90,0.243,38ad4fb3ca0d7461,shuffle_features,XXZ,,,4,0,0.2,linear_raw,NRMSE,0.7167889150896302,10.0,continuous
negative_controls,timeseries,narma10,2,5,90,0.243,38ad4fb3ca0d7461,shuffle_features,XXZ,,,4,0,0.2,linear_raw,RMSE,0.07815878587660219,10.0,continuous
negative_controls,timeseries,narma10,2,5,90,0.243,38ad4fb3ca0d7461,shuffle_features,XXZ,,,4,0,0.2,linear_raw,MAE,0.06187331857989967,10.0,continuous
negative_controls,timeseries,narma10,2,5,90,0.243,38ad4fb3ca0d7461,shuffle_features,XXZ,,,4,0,0.2,linear_raw,R2,0.6171504540709136,10.0,continuous
negative_controls,timeseries,narma10,2,5,90,0.243,38ad4fb3ca0d7461,shuffle_features,XXZ,,,4,0,0.2,linear_symbolic,NRMSE,1.037223127495143,10.0,continuous
negative_controls,timeseries,narma10,2,5,90,0.243,38ad4fb3ca0d7461,shuffle_features,XXZ,,,4,0,0.2,linear_symbolic,RMSE,0.11309898719348283,10.0,continuous
negative_controls,timeseries,narma10,2,5,90,0.243,38ad4fb3ca0d7461,shuffle_features,XXZ,,,4,0,0.2,linear_symbolic,MAE,0.09109736537381717,10.0,continuous
negative_controls,timeseries,narma10,2,5,90,0.243,38ad4fb3ca0d7461,shuffle_features,XXZ,,,4,0,0.2,linear_symbolic,R2,0.19834047109644903,10.0,continuous
negative_controls,timeseries,narma10,1,5,90,0.269,3dfab0015ad704b5,shuffle_features,XXZ,,,4,0,0.2,quantum,NRMSE,1.0676982632368603,10.0,continuous
negative_controls,timeseries,narma10,1,5,90,0.269,3dfab0015ad704b5,shuffle_features,XXZ,,,4,0,0.2,quantum,RMSE,0.11418955589667257,10.0,continuous
negative_controls,timeseries,narma10,1,5,90,0.269,3dfab0015ad704b5,shuffle_features,XXZ,,,4,0,0.2,quantum,MAE,0.09154940291460488,10.0,continuous
negative_controls,timeseries,narma10,1,5,90,0.269,3dfab0015ad704b5,shuffle_features,XXZ,,,4,0,0.2,quantum,R2,-0.015196785873641705,10.0,continuous
negative_controls,timeseries,narma10,1,5,90,0.269,3dfab0015ad704b5,shuffle_features,XXZ,,,4,0,0.2,random_unitary,NRMSE,1.0823232979751587,10.0,continuous
negative_controls,timeseries,narma10,1,5,90,0.269,3dfab0015ad704b5,shuffle_features,XXZ,,,4,0,0.2,random_unitary,RMSE,0.11575369276871054,10.0,continuous
negative_controls,timeseries,narma10,1,5,90,0.269,3dfab0015ad704b5,shuffle_features,XXZ,,,4,0,0.2,random_unitary,MAE,0.0926437505970551,10.0,continuous
negative_controls,timeseries,narma10,1,5,90,0.269,3dfab0015ad704b5,shuffle_features,XXZ,,,4,0,0.2,random_unitary,R2,-0.04319903293736349,10.0,continuous
negative_controls,timeseries,narma10,1,5,90,0.269,3dfab0015ad704b5,shuffle_features,XXZ,,,4,0,0.2,raw_only,NRMSE,0.7043544463274488,10.0,continuous
negative_controls,timeseries,narma10,1,5,90,0.269,3dfab0015ad704b5,shuffle_features,XXZ,,,4,0,0.2,raw_only,RMSE,0.07533019785584809,10.0,continuous
negative_controls,timeseries,narma10,1,5,90,0.269,3dfab0015ad704b5,shuffle_features,XXZ,,,4,0,0.2,raw_only,MAE,0.0595993346884292,10.0,continuous
negative_controls,timeseries,narma10,1,5,90,0.269,3dfab0015ad704b5,shuffle_features,XXZ,,,4,0,0.2,raw_only,R2,0.5581898565852115,10.0,continuous
negative_controls,timeseries,narma10,1,5,90,0.269,3dfab0015ad704b5,shuffle_features,XXZ,,,4,0,0.2,raw_plus_reservoir,NRMSE,0.7112529878008519,10.0,continuous
negative_controls,timeseries,narma10,1,5,90,0.269,3dfab0015ad704b5,shuffle_features,XXZ,,,4,0,0.2,raw_plus_reservoir,RMSE,0.07606799186966856,10.0,continuous
negative_controls,timeseries,narma10,1,5,90,0.269,3dfab0015ad704b5,shuffle_features,XXZ,,,4,0,0.2,raw_plus_reservoir,MAE,0.060724621147901274,10.0,continuous
negative_controls,timeseries,narma10,1,5,90,0.269,3dfab0015ad704b5,shuffle_features,XXZ,,,4,0,0.2,raw_plus_reservoir,R2,0.5494931808787943,10.0,continuous
negative_controls,timeseries,narma10,1,5,90,0.269,3dfab0015ad704b5,shuffle_features,XXZ,,,4,0,0.2,mean,NRMSE,1.0614491748041568,10.0,continuous
negative_controls,timeseries,narma10,1,5,90,0.269,3dfab0015ad704b5,shuffle_features,XXZ,,,4,0,0.2,mean,RMSE,0.11352122041514229,10.0,continuous
negative_controls,timeseries,narma10,1,5,90,0.269,3dfab0015ad704b5,shuffle_features,XXZ,,,4,0,0.2,mean,MAE,0.09109485161822696,10.0,continuous
negative_controls,timeseries,narma10,1,5,90,0.269,3dfab0015ad704b5,shuffle_features,XXZ,,,4,0,0.2,mean,R2,-0.0033479531500015813,10.0,continuous
negative_controls,timeseries,narma10,1,5,90,0.269,3dfab0015ad704b5,shuffle_features,XXZ,,,4,0,0.2,persistence,NRMSE,0.8878662400381848,10.0,continuous
negative_controls,timeseries,narma10,1,5,90,0.269,3dfab0015ad704b5,shuffle_features,XXZ,,,4,0,0.2,persistence,RMSE,0.09495665127172483,10.0,continuous
negative_controls,timeseries,narma10,1,5,90,0.269,3dfab0015ad704b5,shuffle_features,XXZ,,,4,0,0.2,persistence,MAE,0.07540389625715413,10.0,continuous
negative_controls,timeseries,narma10,1,5,90,0.269,3dfab0015ad704b5,shuffle_features,XXZ,,,4,0,0.2,persistence,R2,0.2979820009126505,10.0,continuous
negative_controls,timeseries,narma10,1,5,90,0.269,3dfab0015ad704b5,shuffle_features,XXZ,,,4,0,0.2,linear_raw,NRMSE,0.7043775889354162,10.0,continuous
negative_controls,timeseries,narma10,1,5,90,0.269,3dfab0015ad704b5,shuffle_features,XXZ,,,4,0,0.2,linear_raw,RMSE,0.07533267294100753,10.0,continuous
negative_controls,timeseries,narma10,1,5,90,0.269,3dfab0015ad704b5,shuffle_features,XXZ,,,4,0,0.2,linear_raw,MAE,0.059598233522704824,10.0,continuous
negative_controls,timeseries,narma10,1,5,90,0.269,3dfab0015ad704b5,shuffle_features,XXZ,,,4,0,0.2,linear_raw,R2,0.5581608234557375,10.0,continuous
negative_controls,timeseries,narma10,1,5,90,0.269,3dfab0015ad704b5,shuffle_features,XXZ,,,4,0,0.2,linear_symbolic,NRMSE,0.9401366182881896,10.0,continuous
negative_controls,timeseries,narma10,1,5,90,0.269,3dfab0015ad704b5,shuffle_features,XXZ,,,4,0,0.2,linear_symbolic,RMSE,0.10054693036501865,10.0,continuous
negative_controls,timeseries,narma10,1,5,90,0.269,3dfab0015ad704b5,shuffle_features,XXZ,,,4,0,0.2,linear_symbolic,MAE,0.0795487002397238,10.0,continuous
negative_controls,timeseries,narma10,1,5,90,0.269,3dfab0015ad704b5,shuffle_features,XXZ,,,4,0,0.2,linear_symbolic,R2,0.21289059978739266,10.0,continuous
negative_controls,timeseries,narma10,0,5,90,0.265,3f8a4139e9d65f4d,shuffle_labels,XXZ,,,4,0,0.2,quantum,NRMSE,0.9038582822257457,10.0,continuous
negative_controls,timeseries,narma10,0,5,90,0.265,3f8a4139e9d65f4d,shuffle_labels,XXZ,,,4,0,0.2,quantum,RMSE,0.1045516645826144,10.0,continuous
negative_controls,timeseries,narma10,0,5,90,0.265,3f8a4139e9d65f4d,shuffle_labels,XXZ,,,4,0,0.2,quantum,MAE,0.08366841352398598,10.0,continuous
negative_controls,timeseries,narma10,0,5,90,0.265,3f8a4139e9d65f4d,shuffle_labels,XXZ,,,4,0,0.2,quantum,R2,-0.01775566229868142,10.0,continuous
negative_controls,timeseries,narma10,0,5,90,0.265,3f8a4139e9d65f4d,shuffle_labels,XXZ,,,4,0,0.2,random_unitary,NRMSE,0.909043110912924,10.0,continuous
negative_controls,timeseries,narma10,0,5,90,0.265,3f8a4139e9d65f4d,shuffle_labels,XXZ,,,4,0,0.2,random_unitary,RMSE,0.10515140735255983,10.0,continuous
negative_controls,timeseries,narma10,0,5,90,0.265,3f8a4139e9d65f4d,shuffle_labels,XXZ,,,4,0,0.2,random_unitary,MAE,0.08375329023567252,10.0,continuous
negative_controls,timeseries,narma10,0,5,90,0.265,3f8a4139e9d65f4d,shuffle_labels,XXZ,,,4,0,0.2,random_unitary,R2,-0.029465515146418708,10.0,continuous
negative_controls,timeseries,narma10,0,5,90,0.265,3f8a4139e9d65f4d,shuffle_labels,XXZ,,,4,0,0.2,raw_only,NRMSE,0.903395944435708,10.0,continuous
negative_controls,timeseries,narma10,0,5,90,0.265,3f8a4139e9d65f4d,shuffle_labels,XXZ,,,4,0,0.2,raw_only,RMSE,0.10449818475452802,10.0,continuous
negative_controls,timeseries,narma10,0,5,90,0.265,3f8a4139e9d65f4d,shuffle_labels,XXZ,,,4,0,0.2,raw_only,MAE,0.08347255608857253,10.0,continuous
negative_controls,timeseries,narma10,0,5,90,0.265,3f8a4139e9d65f4d,shuffle_labels,XXZ,,,4,0,0.2,raw_only,R2,-0.016714732394361054,10.0,continuous
negative_controls,timeseries,narma10,0,5,90,0.265,3f8a4139e9d65f4d,shuffle_labels,XXZ,,,4,0,0.2,raw_plus_reservoir,NRMSE,0.9074366836595655,10.0,continuous
negative_controls,timeseries,narma10,0,5,90,0.265,3f8a4139e9d65f4d,shuffle_labels,XXZ,,,4,0,0.2,raw_plus_reservoir,RMSE,0.1049655876873841,10.0,continuous
negative_controls,timeseries,narma10,0,5,90,0.265,3f8a4139e9d65f4d,shuffle_labels,XXZ,,,4,0,0.2,raw_plus_reservoir,MAE,0.08404146911175167,10.0,continuous
negative_controls,timeseries,narma10,0,5,90,0.265,3f8a4139e9d65f4d,shuffle_labels,XXZ,,,4,0,0.2,raw_plus_reservoir,R2,-0.025830263512814478,10.0,continuous
negative_controls,timeseries,narma10,0,5,90,0.265,3f8a4139e9d65f4d,shuffle_labels,XXZ,,,4,0,0.2,mean,NRMSE,0.8988668081422881,10.0,continuous
negative_controls,timeseries,narma10,0,5,90,0.265,3f8a4139e9d65f4d,shuffle_labels,XXZ,,,4,0,0.2,mean,RMSE,0.10397428764818904,10.0,continuous
negative_controls,timeseries,narma10,0,5,90,0.265,3f8a4139e9d65f4d,shuffle_labels,XXZ,,,4,0,0.2,mean,MAE,0.08304377464364285,10.0,continuous
negative_controls,timeseries,narma10,0,5,90,0.265,3f8a4139e9d65f4d,shuffle_labels,XXZ,,,4,0,0.2,mean,R2,-0.006545777040344314,10.0,continuous
negative_controls,timeseries,narma10,0,5,90,0.265,3f8a4139e9d65f4d,shuffle_labels,XXZ,,,4,0,0.2,persistence,NRMSE,1.2593254215643248,10.0,continuous
negative_controls,timeseries,narma10,0,5,90,0.265,3f8a4139e9d65f4d,shuffle_labels,XXZ,,,4,0,0.2,persistence,RMSE,0.14566948344106506,10.0,continuous
negative_controls,timeseries,narma10,0,5,90,0.265,3f8a4139e9d65f4d,shuffle_labels,XXZ,,,4,0,0.2,persistence,MAE,0.11515453272412132,10.0,continuous
negative_controls,timeseries,narma10,0,5,90,0.265,3f8a4139e9d65f4d,shuffle_labels,XXZ,,,4,0,0.2,persistence,R2,-0.9756899208392384,10.0,continuous
negative_controls,timeseries,narma10,0,5,90,0.265,3f8a4139e9d65f4d,shuffle_labels,XXZ,,,4,0,0.2,linear_raw,NRMSE,0.8992760280653931,10.0,continuous
negative_controls,timeseries,narma10,0,5,90,0.265,3f8a4139e9d65f4d,shuffle_labels,XXZ,,,4,0,0.2,linear_raw,RMSE,0.10402162319291143,10.0,continuous
negative_controls,timeseries,narma10,0,5,90,0.265,3f8a4139e9d65f4d,shuffle_labels,XXZ,,,4,0,0.2,linear_raw,MAE,0.08309538423533398,10.0,continuous
negative_controls,timeseries,narma10,0,5,90,0.265,3f8a4139e9d65f4d,shuffle_labels,XXZ,,,4,0,0.2,linear_raw,R2,-0.007462469797585136,10.0,continuous
negative_controls,timeseries,narma10,0,5,90,0.265,3f8a4139e9d65f4d,shuffle_labels,XXZ,,,4,0,0.2,linear_symbolic,NRMSE,0.9015458397355386,10.0,continuous
negative_controls,timeseries,narma10,0,5,90,0.265,3f8a4139e9d65f4d,shuffle_labels,XXZ,,,4,0,0.2,linear_symbolic,RMSE,0.10428417827822677,10.0,continuous
negative_controls,timeseries,narma10,0,5,90,0.265,3f8a4139e9d65f4d,shuffle_labels,XXZ,,,4,0,0.2,linear_symbolic,MAE,0.08273062019921525,10.0,continuous
negative_controls,timeseries,narma10,0,5,90,0.265,3f8a4139e9d65f4d,shuffle_labels,XXZ,,,4,0,0.2,linear_symbolic,R2,-0.012554646010155768,10.0,continuous
negative_controls,timeseries,narma10,0,5,90,0.262,6ac5095fad3c1813,none,XXZ,,,4,0,0.2,quantum,NRMSE,0.6927197519434646,10.0,continuous
negative_controls,timeseries,narma10,0,5,90,0.262,6ac5095fad3c1813,none,XXZ,,,4,0,0.2,quantum,RMSE,0.08012871550681465,10.0,continuous
negative_controls,timeseries,narma10,0,5,90,0.262,6ac5095fad3c1813,none,XXZ,,,4,0,0.2,quantum,MAE,0.06166607852805391,10.0,continuous
negative_controls,timeseries,narma10,0,5,90,0.262,6ac5095fad3c1813,none,XXZ,,,4,0,0.2,quantum,R2,0.4021971437918881,10.0,continuous
negative_controls,timeseries,narma10,0,5,90,0.262,6ac5095fad3c1813,none,XXZ,,,4,0,0.2,random_unitary,NRMSE,0.6692946489894624,10.0,continuous
negative_controls,timeseries,narma10,0,5,90,0.262,6ac5095fad3c1813,none,XXZ,,,4,0,0.2,random_unitary,RMSE,0.07741907224191137,10.0,continuous
negative_controls,timeseries,narma10,0,5,90,0.262,6ac5095fad3c1813,none,XXZ,,,4,0,0.2,random_unitary,MAE,0.0599266069680185,10.0,continuous
negative_controls,timeseries,narma10,0,5,90,0.262,6ac5095fad3c1813,none,XXZ,,,4,0,0.2,random_unitary,R2,0.44194429905355215,10.0,continuous
negative_controls,timeseries,narma10,0,5,90,0.262,6ac5095fad3c1813,none,XXZ,,,4,0,0.2,raw_only,NRMSE,0.6261782895521841,10.0,continuous
negative_controls,timeseries,narma10,0,5,90,0.262,6ac5095fad3c1813,none,XXZ,,,4,0,0.2,raw_only,RMSE,0.07243168955310188,10.0,continuous
negative_controls,timeseries,narma10,0,5,90,0.262,6ac5095fad3c1813,none,XXZ,,,4,0,0.2,raw_only,MAE,0.056438066266168374,10.0,continuous
negative_controls,timeseries,narma10,0,5,90,0.262,6ac5095fad3c1813,none,XXZ,,,4,0,0.2,raw_only,R2,0.5115289210762772,10.0,continuous
negative_controls,timeseries,narma10,0,5,90,0.262,6ac5095fad3c1813,none,XXZ,,,4,0,0.2,raw_plus_reservoir,NRMSE,0.6305656560427596,10.0,continuous
negative_controls,timeseries,narma10,0,5,90,0.262,6ac5095fad3c1813,none,XXZ,,,4,0,0.2,raw_plus_reservoir,RMSE,0.0729391877735022,10.0,continuous
negative_controls,timeseries,narma10,0,5,90,0.262,6ac5095fad3c1813,none,XXZ,,,4,0,0.2,raw_plus_reservoir,MAE,0.05658316256959927,10.0,continuous
negative_controls,timeseries,narma10,0,5,90,0.262,6ac5095fad3c1813,none,XXZ,,,4,0,0.2,raw_plus_reservoir,R2,0.5046599204013514,10.0,continuous
negative_controls,timeseries,narma10,0,5,90,0.262,6ac5095fad3c1813,none,XXZ,,,4,0,0.2,mean,NRMSE,0.8988668081422881,10.0,continuous
negative_controls,timeseries,narma10,0,5,90,0.262,6ac5095fad3c1813,none,XXZ,,,4,0,0.2,mean,RMSE,0.10397428764818904,10.0,continuous
negative_controls,timeseries,narma10,0,5,90,0.262,6ac5095fad3c1813,none,XXZ,,,4,0,0.2,mean,MAE,0.08304377464364285,10.0,continuous
negative_controls,timeseries,narma10,0,5,90,0.262,6ac5095fad3c1813,none,XXZ,,,4,0,0.2,mean,R2,-0.006545777040344314,10.0,continuous
negative_controls,timeseries,narma10,0,5,90,0.262,6ac5095fad3c1813,none,XXZ,,,4,0,0.2,persistence,NRMSE,0.8117322120910541,10.0,continuous
negative_controls,timeseries,narma10,0,5,90,0.262,6ac5095fad3c1813,none,XXZ,,,4,0,0.2,persistence,RMSE,0.09389519976567638,10.0,continuous
negative_controls,timeseries,narma10,0,5,90,0.262,6ac5095fad3c1813,none,XXZ,,,4,0,0.2,persistence,MAE,0.0740910681424542,10.0,continuous
negative_controls,timeseries,narma10,0,5,90,0.262,6ac5095fad3c1813,none,XXZ,,,4,0,0.2,persistence,R2,0.17914130200180334,10.0,continuous
negative_controls,timeseries,narma10,0,5,90,0.262,6ac5095fad3c1813,none,XXZ,,,4,0,0.2,linear_raw,NRMSE,0.6255210923044231,10.0,continuous
negative_controls,timeseries,narma10,0,5,90,0.262,6ac5095fad3c1813,none,XXZ,,,4,0,0.2,linear_raw,RMSE,0.07235566981907529,10.0,continuous
negative_controls,timeseries,narma10,0,5,90,0.262,6ac5095fad3c1813,none,XXZ,,,4,0,0.2,linear_raw,MAE,0.05634672044474478,10.0,continuous
negative_controls,timeseries,narma10,0,5,90,0.262,6ac5095fad3c1813,none,XXZ,,,4,0,0.2,linear_raw,R2,0.5125537198975975,10.0,continuous
negative_controls,timeseries,narma10,0,5,90,0.262,6ac5095fad3c1813,none,XXZ,,,4,0,0.2,linear_symbolic,NRMSE,0.8450787259934565,10.0,continuous
negative_controls,timeseries,narma10,0,5,90,0.262,6ac5095fad3c1813,none,XXZ,,,4,0,0.2,linear_symbolic,RMSE,0.09775247872752663,10.0,continuous
negative_controls,timeseries,narma10,0,5,90,0.262,6ac5095fad3c1813,none,XXZ,,,4,0,0.2,linear_symbolic,MAE,0.0768803401031661,10.0,continuous
negative_controls,timeseries,narma10,0,5,90,0.262,6ac5095fad3c1813,none,XXZ,,,4,0,0.2,linear_symbolic,R2,0.11031313000423293,10.0,continuous
negative_controls,timeseries,narma10,2,5,90,0.275,a0affb07782b462c,shuffle_labels,XXZ,,,4,0,0.2,quantum,NRMSE,1.1847463384330061,10.0,continuous
negative_controls,timeseries,narma10,2,5,90,0.275,a0affb07782b462c,shuffle_labels,XXZ,,,4,0,0.2,quantum,RMSE,0.12918494334150651,10.0,continuous
negative_controls,timeseries,narma10,2,5,90,0.275,a0affb07782b462c,shuffle_labels,XXZ,,,4,0,0.2,quantum,MAE,0.10432149286543288,10.0,continuous
negative_controls,timeseries,narma10,2,5,90,0.275,a0affb07782b462c,shuffle_labels,XXZ,,,4,0,0.2,quantum,R2,-0.04591484151933045,10.0,continuous
negative_controls,timeseries,narma10,2,5,90,0.275,a0affb07782b462c,shuffle_labels,XXZ,,,4,0,0.2,random_unitary,NRMSE,1.1824127542192662,10.0,continuous
negative_controls,timeseries,narma10,2,5,90,0.275,a0affb07782b462c,shuffle_labels,XXZ,,,4,0,0.2,random_unitary,RMSE,0.12893048891978334,10.0,continuous
negative_controls,timeseries,narma10,2,5,90,0.275,a0affb07782b462c,shuffle_labels,XXZ,,,4,0,0.2,random_unitary,MAE,0.10421198995830369,10.0,continuous
negative_controls,timeseries,narma10,2,5,90,0.275,a0affb07782b462c,shuffle_labels,XXZ,,,4,0,0.2,random_unitary,R2,-0.04179864121271981,10.0,continuous
negative_controls,timeseries,narma10,2,5,90,0.275,a0affb07782b462c,shuffle_labels,XXZ,,,4,0,0.2,raw_only,NRMSE,1.176159361748106,10.0,continuous
negative_controls,timeseries,narma10,2,5,90,0.275,a0affb07782b462c,shuffle_labels,XXZ,,,4,0,0.2,raw_only,RMSE,0.1282486179353602,10.0,continuous
negative_controls,timeseries,narma10,2,5,90,0.275,a0affb07782b462c,shuffle_labels,XXZ,,,4,0,0.2,raw_only,MAE,0.10383077659860632,10.0,continuous
negative_controls,timeseries,narma10,2,5,90,0.275,a0affb07782b462c,shuffle_labels,XXZ,,,4,0,0.2,raw_only,R2,-0.03080831909010695,10.0,continuous
negative_controls,timeseries,narma10,2,5,90,0.275,a0affb07782b462c,shuffle_labels,XXZ,,,4,0,0.2,raw_plus_reservoir,NRMSE,1.1877204267174686,10.0,continuous
negative_controls,timeseries,narma10,2,5,90,0.275,a0affb07782b462c,shuffle_labels,XXZ,,,4,0,0.2,raw_plus_reservoir,RMSE,0.12950923843663134,10.0,continuous
negative_controls,timeseries,narma10,2,5,90,0.275,a0affb07782b462c,shuffle_labels,XXZ,,,4,0,0.2,raw_plus_reservoir,MAE,0.10444949725382043,10.0,continuous
negative_controls,timeseries,narma10,2,5,90,0.275,a0affb07782b462c,shuffle_labels,XXZ,,,4,0,0.2,raw_plus_reservoir,R2,-0.051172587122750635,10.0,continuous
negative_controls,timeseries,narma10,2,5,90,0.275,a0affb07782b462c,shuffle_labels,XXZ,,,4,0,0.2,mean,NRMSE,1.1739456011392646,10.0,continuous
negative_controls,timeseries,narma10,2,5,90,0.275,a0affb07782b462c,shuffle_labels,XXZ,,,4,0,0.2,mean,RMSE,0.1280072291000057,10.0,continuous
negative_controls,timeseries,narma10,2,5,90,0.275,a0affb07782b462c,shuffle_labels,XXZ,,,4,0,0.2,mean,MAE,0.1038724715232149,10.0,continuous
negative_controls,timeseries,narma10,2,5,90,0.275,a0affb07782b462c,shuffle_labels,XXZ,,,4,0,0.2,mean,R2,-0.02693160751968615,10.0,continuous
negative_controls,timeseries,narma10,2,5,90,0.275,a0affb07782b462c,shuffle_labels,XXZ,,,4,0,0.2,persistence,NRMSE,1.5947069944016543,10.0,continuous
negative_controls,timeseries,narma10,2,5,90,0.275,a0affb07782b462c,shuffle_labels,XXZ,,,4,0,0.2,persistence,RMSE,0.17388712337407342,10.0,continuous
negative_controls,timeseries,narma10,2,5,90,0.275,a0affb07782b462c,shuffle_labels,XXZ,,,4,0,0.2,persistence,MAE,0.14090404920940153,10.0,continuous
negative_controls,timeseries,narma10,2,5,90,0.275,a0affb07782b462c,shuffle_labels,XXZ,,,4,0,0.2,persistence,R2,-0.894991967792097,10.0,continuous
negative_controls,timeseries,narma10,2,5,90,0.275,a0affb07782b462c,shuffle_labels,XXZ,,,4,0,0.2,linear_raw,NRMSE,1.1743261762525123,10.0,continuous
negative_controls,timeseries,narma10,2,5,90,0.275,a0affb07782b462c,shuffle_labels,XXZ,,,4,0,0.2,linear_raw,RMSE,0.12804872707543488,10.0,continuous
negative_controls,timeseries,narma10,2,5,90,0.275,a0affb07782b462c,shuffle_labels,XXZ,,,4,0,0.2,linear_raw,MAE,0.10385955153689028,10.0,continuous
negative_controls,timeseries,narma10,2,5,90,0.275,a0affb07782b462c,shuffle_labels,XXZ,,,4,0,0.2,linear_raw,R2,-0.027597546319772626,10.0,continuous
negative_controls,timeseries,narma10,2,5,90,0.275,a0affb07782b462c,shuffle_labels,XXZ,,,4,0,0.2,linear_symbolic,NRMSE,1.1783030821116973,10.0,continuous
negative_controls,timeseries,narma10,2,5,90,0.275,a0affb07782b462c,shuffle_labels,XXZ,,,4,0,0.2,linear_symbolic,RMSE,0.1284823695703953,10.0,continuous
negative_controls,timeseries,narma10,2,5,90,0.275,a0affb07782b462c,shuffle_labels,XXZ,,,4,0,0.2,linear_symbolic,MAE,0.10390808946104388,10.0,continuous
negative_controls,timeseries,narma10,2,5,90,0.275,a0affb07782b462c,shuffle_labels,XXZ,,,4,0,0.2,linear_symbolic,R2,-0.03456933764646042,10.0,continuous
negative_controls,timeseries,stock:vol2of3,2,5,90,0.26,a315eeee861a3a88,none,XXZ,,,4,0,0.2,quantum,NRMSE,0.689656527501099,10.0,continuous
negative_controls,timeseries,stock:vol2of3,2,5,90,0.26,a315eeee861a3a88,none,XXZ,,,4,0,0.2,quantum,RMSE,0.04604223122623246,10.0,continuous
negative_controls,timeseries,stock:vol2of3,2,5,90,0.26,a315eeee861a3a88,none,XXZ,,,4,0,0.2,quantum,MAE,0.028263429630238465,10.0,continuous
negative_controls,timeseries,stock:vol2of3,2,5,90,0.26,a315eeee861a3a88,none,XXZ,,,4,0,0.2,quantum,R2,0.00714604988050338,10.0,continuous
negative_controls,timeseries,stock:vol2of3,2,5,90,0.26,a315eeee861a3a88,none,XXZ,,,4,0,0.2,random_unitary,NRMSE,0.6767801065916353,10.0,continuous
negative_controls,timeseries,stock:vol2of3,2,5,90,0.26,a315eeee861a3a88,none,XXZ,,,4,0,0.2,random_unitary,RMSE,0.045182587149451246,10.0,continuous
negative_controls,timeseries,stock:vol2of3,2,5,90,0.26,a315eeee861a3a88,none,XXZ,,,4,0,0.2,random_unitary,MAE,0.028018875075932703,10.0,continuous
negative_controls,timeseries,stock:vol2of3,2,5,90,0.26,a315eeee861a3a88,none,XXZ,,,4,0,0.2,random_unitary,R2,0.04387464589616674,10.0,continuous
negative_controls,timeseries,stock:vol2of3,2,5,90,0.26,a315eeee861a3a88,none,XXZ,,,4,0,0.2,raw_only,NRMSE,0.7021497849061762,10.0,continuous
negative_controls,timeseries,stock:vol2of3,2,5,90,0.26,a315eeee861a3a88,none,XXZ,,,4,0,0.2,raw_only,RMSE,0.04687629488440974,10.0,continuous
negative_controls,timeseries,stock:vol2of3,2,5,90,0.26,a315eeee861a3a88,none,XXZ,,,4,0,0.2,raw_only,MAE,0.03017160067774167,10.0,continuous
negative_controls,timeseries,stock:vol2of3,2,5,90,0.26,a315eeee861a3a88,none,XXZ,,,4,0,0.2,raw_only,R2,-0.029151236312472184,10.0,continuous
negative_controls,timeseries,stock:vol2of3,2,5,90,0.26,a315eeee861a3a88,none,XXZ,,,4,0,0.2,raw_plus_reservoir,NRMSE,0.6988528679692493,10.0,continuous
negative_controls,timeseries,stock:vol2of3,2,5,90,0.26,a315eeee861a3a88,none,XXZ,,,4,0,0.2,raw_plus_reservoir,RMSE,0.04665618906957218,10.0,continuous
negative_controls,timeseries,stock:vol2of3,2,5,90,0.26,a315eeee861a3a88,none,XXZ,,,4,0,0.2,raw_plus_reservoir,MAE,0.029851994272126505,10.0,continuous
negative_controls,timeseries,stock:vol2of3,2,5,90,0.26,a315eeee861a3a88,none,XXZ,,,4,0,0.2,raw_plus_reservoir,R2,-0.01950924737093529,10.0,continuous
negative_controls,timeseries,stock:vol2of3,2,5,90,0.26,a315eeee861a3a88,none,XXZ,,,4,0,0.2,mean,NRMSE,0.6924928633823692,10.0,continuous
negative_controls,timeseries,stock:vol2of3,2,5,90,0.26,a315eeee861a3a88,none,XXZ,,,4,0,0.2,mean,RMSE,0.04623158814126651,10.0,continuous
negative_controls,timeseries,stock:vol2of3,2,5,90,0.26,a315eeee861a3a88,none,XXZ,,,4,0,0.2,mean,MAE,0.028966683985178095,10.0,continuous
negative_controls,timeseries,stock:vol2of3,2,5,90,0.26,a315eeee861a3a88,none,XXZ,,,4,0,0.2,mean,R2,-0.0010373224544897308,10.0,continuous
negative_controls,timeseries,stock:vol2of3,2,5,90,0.26,a315eeee861a3a88,none,XXZ,,,4,0,0.2,persistence,NRMSE,1.0130124801113483,10.0,continuous
negative_controls,timeseries,stock:vol2of3,2,5,90,0.26,a315eeee861a3a88,none,XXZ,,,4,0,0.2,persistence,RMSE,0.06762983164002835,10.0,continuous
negative_controls,timeseries,stock:vol2of3,2,5,90,0.26,a315eeee861a3a88,none,XXZ,,,4,0,0.2,persistence,MAE,0.04249093769710293,10.0,continuous
negative_controls,timeseries,stock:vol2of3,2,5,90,0.26,a315eeee861a3a88,none,XXZ,,,4,0,0.2,persistence,R2,-1.142146938067,10.0,continuous
negative_controls,timeseries,stock:vol2of3,2,5,90,0.26,a315eeee861a3a88,none,XXZ,,,4,0,0.2,linear_raw,NRMSE,0.6860775785117419,10.0,continuous
negative_controls,timeseries,stock:vol2of3,2,5,90,0.26,a315eeee861a3a88,none,XXZ,,,4,0,0.2,linear_raw,RMSE,0.04580329664018287,10.0,continuous
negative_controls,timeseries,stock:vol2of3,2,5,90,0.26,a315eeee861a3a88,none,XXZ,,,4,0,0.2,linear_raw,MAE,0.02886897481933405,10.0,continuous
negative_controls,timeseries,stock:vol2of3,2,5,90,0.26,a315eeee861a3a88,none,XXZ,,,4,0,0.2,linear_raw,R2,0.017424075084268575,10.0,continuous
negative_controls,timeseries,stock:vol2of3,2,5,90,0.26,a315eeee861a3a88,none,XXZ,,,4,0,0.2,linear_symbolic,NRMSE,0.7027306468305575,10.0,continuous
negative_controls,timeseries,stock:vol2of3,2,5,90,0.26,a315eeee861a3a88,none,XXZ,,,4,0,0.2,linear_symbolic,RMSE,0.0469150738678115,10.0,continuous
negative_controls,timeseries,stock:vol2of3,2,5,90,0.26,a315eeee861a3a88,none,XXZ,,,4,0,0.2,linear_symbolic,MAE,0.02932309628753082,10.0,continuous
negative_controls,timeseries,stock:vol2of3,2,5,90,0.26,a315eeee861a3a88,none,XXZ,,,4,0,0.2,linear_symbolic,R2,-0.03085469630618043,10.0,continuous
negative_controls,timeseries,narma10,1,5,90,0.241,a770e4ef2d68fd1b,shuffle_labels,XXZ,,,4,0,0.2,quantum,NRMSE,1.0675321316481567,10.0,continuous
negative_controls,timeseries,narma10,1,5,90,0.241,a770e4ef2d68fd1b,shuffle_labels,XXZ,,,4,0,0.2,quantum,RMSE,0.11417178824359336,10.0,continuous
negative_controls,timeseries,narma10,1,5,90,0.241,a770e4ef2d68fd1b,shuffle_labels,XXZ,,,4,0,0.2,quantum,MAE,0.0916915791544642,10.0,continuous
negative_controls,timeseries,narma10,1,5,90,0.241,a770e4ef2d68fd1b,shuffle_labels,XXZ,,,4,0,0.2,quantum,R2,-0.014880885512251973,10.0,continuous
negative_controls,timeseries,narma10,1,5,90,0.241,a770e4ef2d68fd1b,shuffle_labels,XXZ,,,4,0,0.2,random_unitary,NRMSE,1.069986156316665,10.0,continuous
negative_controls,timeseries,narma10,1,5,90,0.241,a770e4ef2d68fd1b,shuffle_labels,XXZ,,,4,0,0.2,random_unitary,RMSE,0.11443424440438818,10.0,continuous
negative_controls,timeseries,narma10,1,5,90,0.241,a770e4ef2d68fd1b,shuffle_labels,XXZ,,,4,0,0.2,random_unitary,MAE,0.0915512877414183,10.0,continuous
negative_controls,timeseries,narma10,1,5,90,0.241,a770e4ef2d68fd1b,shuffle_labels,XXZ,,,4,0,0.2,random_unitary,R2,-0.019552230314552332,10.0,continuous
negative_controls,timeseries,narma10,1,5,90,0.241,a770e4ef2d68fd1b,shuffle_labels,XXZ,,,4,0,0.2,raw_only,NRMSE,1.0607474997347066,10.0,continuous
negative_controls,timeseries,narma10,1,5,90,0.241,a770e4ef2d68fd1b,shuffle_labels,XXZ,,,4,0,0.2,raw_only,RMSE,0.11344617677470273,10.0,continuous
negative_controls,timeseries,narma10,1,5,90,0.241,a770e4ef2d68fd1b,shuffle_labels,XXZ,,,4,0,0.2,raw_only,MAE,0.09100488109260484,10.0,continuous
negative_controls,timeseries,narma10,1,5,90,0.241,a770e4ef2d68fd1b,shuffle_labels,XXZ,,,4,0,0.2,raw_only,R2,-0.002021857539501015,10.0,continuous
negative_controls,timeseries,narma10,1,5,90,0.241,a770e4ef2d68fd1b,shuffle_labels,XXZ,,,4,0,0.2,raw_plus_reservoir,NRMSE,1.0689903181322666,10.0,continuous
negative_controls,timeseries,narma10,1,5,90,0.241,a770e4ef2d68fd1b,shuffle_labels,XXZ,,,4,0,0.2,raw_plus_reservoir,RMSE,0.11432774023187349,10.0,continuous
negative_controls,timeseries,narma10,1,5,90,0.241,a770e4ef2d68fd1b,shuffle_labels,XXZ,,,4,0,0.2,raw_plus_reservoir,MAE,0.09191568495186407,10.0,continuous
negative_controls,timeseries,narma10,1,5,90,0.241,a770e4ef2d68fd1b,shuffle_labels,XXZ,,,4,0,0.2,raw_plus_reservoir,R2,-0.017655314992983673,10.0,continuous
negative_controls,timeseries,narma10,1,5,90,0.241,a770e4ef2d68fd1b,shuffle_labels,XXZ,,,4,0,0.2,mean,NRMSE,1.0614491748041566,10.0,continuous
negative_controls,timeseries,narma10,1,5,90,0.241,a770e4ef2d68fd1b,shuffle_labels,XXZ,,,4,0,0.2,mean,RMSE,0.11352122041514227,10.0,continuous
negative_controls,timeseries,narma10,1,5,90,0.241,a770e4ef2d68fd1b,shuffle_labels,XXZ,,,4,0,0.2,mean,MAE,0.09109485161822696,10.0,continuous
negative_controls,timeseries,narma10,1,5,90,0.241,a770e4ef2d68fd1b,shuffle_labels,XXZ,,,4,0,0.2,mean,R2,-0.0033479531500013593,10.0,continuous
negative_controls,timeseries,narma10,1,5,90,0.241,a770e4ef2d68fd1b,shuffle_labels,XXZ,,,4,0,0.2,persistence,NRMSE,1.4553292532211952,10.0,continuous
negative_controls,timeseries,narma10,1,5,90,0.241,a770e4ef2d68fd1b,shuffle_labels,XXZ,,,4,0,0.2,persistence,RMSE,0.15564640950614525,10.0,continuous
negative_controls,timeseries,narma10,1,5,90,0.241,a770e4ef2d68fd1b,shuffle_labels,XXZ,,,4,0,0.2,persistence,MAE,0.1220585357475386,10.0,continuous
negative_controls,timeseries,narma10,1,5,90,0.241,a770e4ef2d68fd1b,shuffle_labels,XXZ,,,4,0,0.2,persistence,R2,-0.8861476189810806,10.0,continuous
negative_controls,timeseries,narma10,1,5,90,0.241,a770e4ef2d68fd1b,shuffle_labels,XXZ,,,4,0,0.2,linear_raw,NRMSE,1.0612690034060026,10.0,continuous
negative_controls,timeseries,narma10,1,5,90,0.241,a770e4ef2d68fd1b,shuffle_labels,XXZ,,,4,0,0.2,linear_raw,RMSE,0.11350195121461168,10.0,continuous
negative_controls,timeseries,narma10,1,5,90,0.241,a770e4ef2d68fd1b,shuffle_labels,XXZ,,,4,0,0.2,linear_raw,MAE,0.09105559471974667,10.0,continuous
negative_controls,timeseries,narma10,1,5,90,0.241,a770e4ef2d68fd1b,shuffle_labels,XXZ,,,4,0,0.2,linear_raw,R2,-0.0030073635760159423,10.0,continuous
negative_controls,timeseries,narma10,1,5,90,0.241,a770e4ef2d68fd1b,shuffle_labels,XXZ,,,4,0,0.2,linear_symbolic,NRMSE,1.0664074223469482,10.0,continuous
negative_controls,timeseries,narma10,1,5,90,0.241,a770e4ef2d68fd1b,shuffle_labels,XXZ,,,4,0,0.2,linear_symbolic,RMSE,0.11405150139847992,10.0,continuous
negative_controls,timeseries,narma10,1,5,90,0.241,a770e4ef2d68fd1b,shuffle_labels,XXZ,,,4,0,0.2,linear_symbolic,MAE,0.0917695615649672,10.0,continuous
negative_controls,timeseries,narma10,1,5,90,0.241,a770e4ef2d68fd1b,shuffle_labels,XXZ,,,4,0,0.2,linear_symbolic,R2,-0.012743535924835125,10.0,continuous
negative_controls,timeseries,narma10,0,5,90,0.261,aff598e628f12161,shuffle_features,XXZ,,,4,0,0.2,quantum,NRMSE,0.9064281091410673,10.0,continuous
negative_controls,timeseries,narma10,0,5,90,0.261,aff598e628f12161,shuffle_features,XXZ,,,4,0,0.2,quantum,RMSE,0.10484892322035622,10.0,continuous
negative_controls,timeseries,narma10,0,5,90,0.261,aff598e628f12161,shuffle_features,XXZ,,,4,0,0.2,quantum,MAE,0.08358376588511018,10.0,continuous
negative_controls,timeseries,narma10,0,5,90,0.261,aff598e628f12161,shuffle_features,XXZ,,,4,0,0.2,quantum,R2,-0.023551203578973334,10.0,continuous
negative_controls,timeseries,narma10,0,5,90,0.261,aff598e628f12161,shuffle_features,XXZ,,,4,0,0.2,random_unitary,NRMSE,0.9060106153137076,10.0,continuous
negative_controls,timeseries,narma10,0,5,90,0.261,aff598e628f12161,shuffle_features,XXZ,,,4,0,0.2,random_unitary,RMSE,0.10480063061136896,10.0,continuous
negative_controls,timeseries,narma10,0,5,90,0.261,aff598e628f12161,shuffle_features,XXZ,,,4,0,0.2,random_unitary,MAE,0.08387053280054002,10.0,continuous
negative_controls,timeseries,narma10,0,5,90,0.261,aff598e628f12161,shuffle_features,XXZ,,,4,0,0.2,random_unitary,R2,-0.022608541069804255,10.0,continuous
negative_controls,timeseries,narma10,0,5,90,0.261,aff598e628f12161,shuffle_features,XXZ,,,4,0,0.2,raw_only,NRMSE,0.6261782895521841,10.0,continuous
negative_controls,timeseries,narma10,0,5,90,0.261,aff598e628f12161,shuffle_features,XXZ,,,4,0,0.2,raw_only,RMSE,0.07243168955310188,10.0,continuous
negative_controls,timeseries,narma10,0,5,90,0.261,aff598e628f12161,shuffle_features,XXZ,,,4,0,0.2,raw_only,MAE,0.056438066266168374,10.0,continuous
negative_controls,timeseries,narma10,0,5,90,0.261,aff598e628f12161,shuffle_features,XXZ,,,4,0,0.2,raw_only,R2,0.5115289210762772,10.0,continuous
negative_controls,timeseries,narma10,0,5,90,0.261,aff598e628f12161,shuffle_features,XXZ,,,4,0,0.2,raw_plus_reservoir,NRMSE,0.6403048336350791,10.0,continuous
negative_controls,timeseries,narma10,0,5,90,0.261,aff598e628f12161,shuffle_features,XXZ,,,4,0,0.2,raw_plus_reservoir,RMSE,0.07406574405889162,10.0,continuous
negative_controls,timeseries,narma10,0,5,90,0.261,aff598e628f12161,shuffle_features,XXZ,,,4,0,0.2,raw_plus_reservoir,MAE,0.058032379104199276,10.0,continuous
negative_controls,timeseries,narma10,0,5,90,0.261,aff598e628f12161,shuffle_features,XXZ,,,4,0,0.2,raw_plus_reservoir,R2,0.48924055771137875,10.0,continuous
negative_controls,timeseries,narma10,0,5,90,0.261,aff598e628f12161,shuffle_features,XXZ,,,4,0,0.2,mean,NRMSE,0.8988668081422881,10.0,continuous
negative_controls,timeseries,narma10,0,5,90,0.261,aff598e628f12161,shuffle_features,XXZ,,,4,0,0.2,mean,RMSE,0.10397428764818904,10.0,continuous
negative_controls,timeseries,narma10,0,5,90,0.261,aff598e628f12161,shuffle_features,XXZ,,,4,0,0.2,mean,MAE,0.08304377464364285,10.0,continuous
negative_controls,timeseries,narma10,0,5,90,0.261,aff598e628f12161,shuffle_features,XXZ,,,4,0,0.2,mean,R2,-0.006545777040344314,10.0,continuous
negative_controls,timeseries,narma10,0,5,90,0.261,aff598e628f12161,shuffle_features,XXZ,,,4,0,0.2,persistence,NRMSE,0.8117322120910541,10.0,continuous
negative_controls,timeseries,narma10,0,5,90,0.261,aff598e628f12161,shuffle_features,XXZ,,,4,0,0.2,persistence,RMSE,0.09389519976567638,10.0,continuous
negative_controls,timeseries,narma10,0,5,90,0.261,aff598e628f12161,shuffle_features,XXZ,,,4,0,0.2,persistence,MAE,0.0740910681424542,10.0,continuous
negative_controls,timeseries,narma10,0,5,90,0.261,aff598e628f12161,shuffle_features,XXZ,,,4,0,0.2,persistence,R2,0.17914130200180334,10.0,continuous
negative_controls,timeseries,narma10,0,5,90,0.261,aff598e628f12161,shuffle_features,XXZ,,,4,0,0.2,linear_raw,NRMSE,0.6255210923044231,10.0,continuous
negative_controls,timeseries,narma10,0,5,90,0.261,aff598e628f12161,shuffle_features,XXZ,,,4,0,0.2,linear_raw,RMSE,0.07235566981907529,10.0,continuous
negative_controls,timeseries,narma10,0,5,90,0.261,aff598e628f12161,shuffle_features,XXZ,,,4,0,0.2,linear_raw,MAE,0.05634672044474478,10.0,continuous
negative_controls,timeseries,narma10,0,5,90,0.261,aff598e628f12161,shuffle_features,XXZ,,,4,0,0.2,linear_raw,R2,0.5125537198975975,10.0,continuous
negative_controls,timeseries,narma10,0,5,90,0.261,aff598e628f12161,shuffle_features,XXZ,,,4,0,0.2,linear_symbolic,NRMSE,0.8450787259934565,10.0,continuous
negative_controls,timeseries,narma10,0,5,90,0.261,aff598e628f12161,shuffle_features,XXZ,,,4,0,0.2,linear_symbolic,RMSE,0.09775247872752663,10.0,continuous
negative_controls,timeseries,narma10,0,5,90,0.261,aff598e628f12161,shuffle_features,XXZ,,,4,0,0.2,linear_symbolic,MAE,0.0768803401031661,10.0,continuous
negative_controls,timeseries,narma10,0,5,90,0.261,aff598e628f12161,shuffle_features,XXZ,,,4,0,0.2,linear_symbolic,R2,0.11031313000423293,10.0,continuous
negative_controls,timeseries,stock:vol2of3,0,5,90,0.323,b35ae0202d1b9398,shuffle_features,XXZ,,,4,0,0.2,quantum,NRMSE,0.23762687108677516,10.0,continuous
negative_controls,timeseries,stock:vol2of3,0,5,90,0.323,b35ae0202d1b9398,shuffle_features,XXZ,,,4,0,0.2,quantum,RMSE,0.04463239523509942,10.0,continuous
negative_controls,timeseries,stock:vol2of3,0,5,90,0.323,b35ae0202d1b9398,shuffle_features,XXZ,,,4,0,0.2,quantum,MAE,0.0313059536901252,10.0,continuous
negative_controls,timeseries,stock:vol2of3,0,5,90,0.323,b35ae0202d1b9398,shuffle_features,XXZ,,,4,0,0.2,quantum,R2,-0.09158021229017366,10.0,continuous
negative_controls,timeseries,stock:vol2of3,0,5,90,0.323,b35ae0202d1b9398,shuffle_features,XXZ,,,4,0,0.2,random_unitary,NRMSE,0.2526587019856417,10.0,continuous
negative_controls,timeseries,stock:vol2of3,0,5,90,0.323,b35ae0202d1b9398,shuffle_features,XXZ,,,4,0,0.2,random_unitary,RMSE,0.04745575698167728,10.0,continuous
negative_controls,timeseries,stock:vol2of3,0,5,90,0.323,b35ae0202d1b9398,shuffle_features,XXZ,,,4,0,0.2,random_unitary,MAE,0.034040971441496204,10.0,continuous
negative_controls,timeseries,stock:vol2of3,0,5,90,0.323,b35ae0202d1b9398,shuffle_features,XXZ,,,4,0,0.2,random_unitary,R2,-0.23405090990595978,10.0,continuous
negative_controls,timeseries,stock:vol2of3,0,5,90,0.323,b35ae0202d1b9398,shuffle_features,XXZ,,,4,0,0.2,raw_only,NRMSE,0.2893046629302167,10.0,continuous
negative_controls,timeseries,stock:vol2of3,0,5,90,0.323,b35ae0202d1b9398,shuffle_features,XXZ,,,4,0,0.2,raw_only,RMSE,0.054338804362505745,10.0,continuous
negative_controls,timeseries,stock:vol2of3,0,5,90,0.323,b35ae0202d1b9398,shuffle_features,XXZ,,,4,0,0.2,raw_only,MAE,0.03821198890907066,10.0,continuous
negative_controls,timeseries,stock:vol2of3,0,5,90,0.323,b35ae0202d1b9398,shuffle_features,XXZ,,,4,0,0.2,raw_only,R2,-0.6179884696325286,10.0,continuous
negative_controls,timeseries,stock:vol2of3,0,5,90,0.323,b35ae0202d1b9398,shuffle_features,XXZ,,,4,0,0.2,raw_plus_reservoir,NRMSE,0.29726303117972547,10.0,continuous
negative_controls,timeseries,stock:vol2of3,0,5,90,0.323,b35ae0202d1b9398,shuffle_features,XXZ,,,4,0,0.2,raw_plus_reservoir,RMSE,0.05583358917162285,10.0,continuous
negative_controls,timeseries,stock:vol2of3,0,5,90,0.323,b35ae0202d1b9398,shuffle_features,XXZ,,,4,0,0.2,raw_plus_reservoir,MAE,0.0398198835535886,10.0,continuous
negative_controls,timeseries,stock:vol2of3,0,5,90,0.323,b35ae0202d1b9398,shuffle_features,XXZ,,,4,0,0.2,raw_plus_reservoir,R2,-0.7082300570449898,10.0,continuous
negative_controls,timeseries,stock:vol2of3,0,5,90,0.323,b35ae0202d1b9398,shuffle_features,XXZ,,,4,0,0.2,mean,NRMSE,0.22767371038535197,10.0,continuous
negative_controls,timeseries,stock:vol2of3,0,5,90,0.323,b35ae0202d1b9398,shuffle_features,XXZ,,,4,0,0.2,mean,RMSE,0.042762937457733165,10.0,continuous
negative_controls,timeseries,stock:vol2of3,0,5,90,0.323,b35ae0202d1b9398,shuffle_features,XXZ,,,4,0,0.2,mean,MAE,0.0295331180411592,10.0,continuous
negative_controls,timeseries,stock:vol2of3,0,5,90,0.323,b35ae0202d1b9398,shuffle_features,XXZ,,,4,0,0.2,mean,R2,-0.002052153756980868,10.0,continuous
negative_controls,timeseries,stock:vol2of3,0,5,90,0.323,b35ae0202d1b9398,shuffle_features,XXZ,,,4,0,0.2,persistence,NRMSE,0.3298348889316838,10.0,continuous
negative_controls,timeseries,stock:vol2of3,0,5,90,0.323,b35ae0202d1b9398,shuffle_features,XXZ,,,4,0,0.2,persistence,RMSE,0.06195141592277324,10.0,continuous
negative_controls,timeseries,stock:vol2of3,0,5,90,0.323,b35ae0202d1b9398,shuffle_features,XXZ,,,4,0,0.2,persistence,MAE,0.04295230951811579,10.0,continuous
negative_controls,timeseries,stock:vol2of3,0,5,90,0.323,b35ae0202d1b9398,shuffle_features,XXZ,,,4,0,0.2,persistence,R2,-1.1030894241665838,10.0,continuous
negative_controls,timeseries,stock:vol2of3,0,5,90,0.323,b35ae0202d1b9398,shuffle_features,XXZ,,,4,0,0.2,linear_raw,NRMSE,0.2302226916759883,10.0,continuous
negative_controls,timeseries,stock:vol2of3,0,5,90,0.323,b35ae0202d1b9398,shuffle_features,XXZ,,,4,0,0.2,linear_raw,RMSE,0.04324170124353839,10.0,continuous
negative_controls,timeseries,stock:vol2of3,0,5,90,0.323,b35ae0202d1b9398,shuffle_features,XXZ,,,4,0,0.2,linear_raw,MAE,0.02999758096523235,10.0,continuous
negative_controls,timeseries,stock:vol2of3,0,5,90,0.323,b35ae0202d1b9398,shuffle_features,XXZ,,,4,0,0.2,linear_raw,R2,-0.02461523639989216,10.0,continuous
negative_controls,timeseries,stock:vol2of3,0,5,90,0.323,b35ae0202d1b9398,shuffle_features,XXZ,,,4,0,0.2,linear_symbolic,NRMSE,0.22555715598398768,10.0,continuous
negative_controls,timeseries,stock:vol2of3,0,5,90,0.323,b35ae0202d1b9398,shuffle_features,XXZ,,,4,0,0.2,linear_symbolic,RMSE,0.042365394485651596,10.0,continuous
negative_controls,timeseries,stock:vol2of3,0,5,90,0.323,b35ae0202d1b9398,shuffle_features,XXZ,,,4,0,0.2,linear_symbolic,MAE,0.02876037859560613,10.0,continuous
negative_controls,timeseries,stock:vol2of3,0,5,90,0.323,b35ae0202d1b9398,shuffle_features,XXZ,,,4,0,0.2,linear_symbolic,R2,0.016492275422575253,10.0,continuous
negative_controls,timeseries,stock:vol2of3,2,5,90,0.259,d099a1020e273bf8,shuffle_features,XXZ,,,4,0,0.2,quantum,NRMSE,0.6989159162416844,10.0,continuous
negative_controls,timeseries,stock:vol2of3,2,5,90,0.259,d099a1020e273bf8,shuffle_features,XXZ,,,4,0,0.2,quantum,RMSE,0.04666039824185159,10.0,continuous
negative_controls,timeseries,stock:vol2of3,2,5,90,0.259,d099a1020e273bf8,shuffle_features,XXZ,,,4,0,0.2,quantum,MAE,0.029530611334707264,10.0,continuous
negative_controls,timeseries,stock:vol2of3,2,5,90,0.259,d099a1020e273bf8,shuffle_features,XXZ,,,4,0,0.2,quantum,R2,-0.01969320940133068,10.0,continuous
negative_controls,timeseries,stock:vol2of3,2,5,90,0.259,d099a1020e273bf8,shuffle_features,XXZ,,,4,0,0.2,random_unitary,NRMSE,0.7034463882957446,10.0,continuous
negative_controls,timeseries,stock:vol2of3,2,5,90,0.259,d099a1020e273bf8,shuffle_features,XXZ,,,4,0,0.2,random_unitary,RMSE,0.046962857558278046,10.0,continuous
negative_controls,timeseries,stock:vol2of3,2,5,90,0.259,d099a1020e273bf8,shuffle_features,XXZ,,,4,0,0.2,random_unitary,MAE,0.029375969189514572,10.0,continuous
negative_controls,timeseries,stock:vol2of3,2,5,90,0.259,d099a1020e273bf8,shuffle_features,XXZ,,,4,0,0.2,random_unitary,R2,-0.03295564692524744,10.0,continuous
negative_controls,timeseries,stock:vol2of3,2,5,90,0.259,d099a1020e273bf8,shuffle_features,XXZ,,,4,0,0.2,raw_only,NRMSE,0.7021497849061762,10.0,continuous
negative_controls,timeseries,stock:vol2of3,2,5,90,0.259,d099a1020e273bf8,shuffle_features,XXZ,,,4,0,0.2,raw_only,RMSE,0.04687629488440974,10.0,continuous
negative_controls,timeseries,stock:vol2of3,2,5,90,0.259,d099a1020e273bf8,shuffle_features,XXZ,,,4,0,0.2,raw_only,MAE,0.03017160067774167,10.0,continuous
negative_controls,timeseries,stock:vol2of3,2,5,90,0.259,d099a1020e273bf8,shuffle_features,XXZ,,,4,0,0.2,raw_only,R2,-0.029151236312472184,10.0,continuous
negative_controls,timeseries,stock:vol2of3,2,5,90,0.259,d099a1020e273bf8,shuffle_features,XXZ,,,4,0,0.2,raw_plus_reservoir,NRMSE,0.7056251561371727,10.0,continuous
negative_controls,timeseries,stock:vol2of3,2,5,90,0.259,d099a1020e273bf8,shuffle_features,XXZ,,,4,0,0.2,raw_plus_reservoir,RMSE,0.0471083145049509,10.0,continuous
negative_controls,timeseries,stock:vol2of3,2,5,90,0.259,d099a1020e273bf8,shuffle_features,XXZ,,,4,0,0.2,raw_plus_reservoir,MAE,0.03035054728998957,10.0,continuous
negative_controls,timeseries,stock:vol2of3,2,5,90,0.259,d099a1020e273bf8,shuffle_features,XXZ,,,4,0,0.2,raw_plus_reservoir,R2,-0.0393642543246886,10.0,continuous
negative_controls,timeseries,stock:vol2of3,2,5,90,0.259,d099a1020e273bf8,shuffle_features,XXZ,,,4,0,0.2,mean,NRMSE,0.6924928633823692,10.0,continuous
negative_controls,timeseries,stock:vol2of3,2,5,90,0.259,d099a1020e273bf8,shuffle_features,XXZ,,,4,0,0.2,mean,RMSE,0.04623158814126651,10.0,continuous
negative_controls,timeseries,stock:vol2of3,2,5,90,0.259,d099a1020e273bf8,shuffle_features,XXZ,,,4,0,0.2,mean,MAE,0.028966683985178095,10.0,continuous
negative_controls,timeseries,stock:vol2of3,2,5,90,0.259,d099a1020e273bf8,shuffle_features,XXZ,,,4,0,0.2,mean,R2,-0.0010373224544897308,10.0,continuous
negative_controls,timeseries,stock:vol2of3,2,5,90,0.259,d099a1020e273bf8,shuffle_features,XXZ,,,4,0,0.2,persistence,NRMSE,1.0130124801113483,10.0,continuous
negative_controls,timeseries,stock:vol2of3,2,5,90,0.259,d099a1020e273bf8,shuffle_features,XXZ,,,4,0,0.2,persistence,RMSE,0.06762983164002835,10.0,continuous
negative_controls,timeseries,stock:vol2of3,2,5,90,0.259,d099a1020e273bf8,shuffle_features,XXZ,,,4,0,0.2,persistence,MAE,0.04249093769710293,10.0,continuous
negative_controls,timeseries,stock:vol2of3,2,5,90,0.259,d099a1020e273bf8,shuffle_features,XXZ,,,4,0,0.2,persistence,R2,-1.142146938067,10.0,continuous
negative_controls,timeseries,stock:vol2of3,2,5,90,0.259,d099a1020e273bf8,shuffle_features,XXZ,,,4,0,0.2,linear_raw,NRMSE,0.6860775785117419,10.0,continuous
negative_controls,timeseries,stock:vol2of3,2,5,90,0.259,d099a1020e273bf8,shuffle_features,XXZ,,,4,0,0.2,linear_raw,RMSE,0.04580329664018287,10.0,continuous
negative_controls,timeseries,stock:vol2of3,2,5,90,0.259,d099a1020e273bf8,shuffle_features,XXZ,,,4,0,0.2,linear_raw,MAE,0.02886897481933405,10.0,continuous
negative_controls,timeseries,stock:vol2of3,2,5,90,0.259,d099a1020e273bf8,shuffle_features,XXZ,,,4,0,0.2,linear_raw,R2,0.017424075084268575,10.0,continuous
negative_controls,timeseries,stock:vol2of3,2,5,90,0.259,d099a1020e273bf8,shuffle_features,XXZ,,,4,0,0.2,linear_symbolic,NRMSE,0.7027306468305575,10.0,continuous
negative_controls,timeseries,stock:vol2of3,2,5,90,0.259,d099a1020e273bf8,shuffle_features,XXZ,,,4,0,0.2,linear_symbolic,RMSE,0.0469150738678115,10.0,continuous
negative_controls,timeseries,stock:vol2of3,2,5,90,0.259,d099a1020e273bf8,shuffle_features,XXZ,,,4,0,0.2,linear_symbolic,MAE,0.02932309628753082,10.0,continuous
negative_controls,timeseries,stock:vol2of3,2,5,90,0.259,d099a1020e273bf8,shuffle_features,XXZ,,,4,0,0.2,linear_symbolic,R2,-0.03085469630618043,10.0,continuous
negative_controls,timeseries,narma10,2,5,90,0.259,d4aa014666023ae2,none,XXZ,,,4,0,0.2,quantum,NRMSE,0.8850109174652733,10.0,continuous
negative_controls,timeseries,narma10,2,5,90,0.259,d4aa014666023ae2,none,XXZ,,,4,0,0.2,quantum,RMSE,0.09650174178261961,10.0,continuous
negative_controls,timeseries,narma10,2,5,90,0.259,d4aa014666023ae2,none,XXZ,,,4,0,0.2,quantum,MAE,0.07690889292092254,10.0,continuous
negative_controls,timeseries,narma10,2,5,90,0.259,d4aa014666023ae2,none,XXZ,,,4,0,0.2,quantum,R2,0.41636297945531253,10.0,continuous
negative_controls,timeseries,narma10,2,5,90,0.259,d4aa014666023ae2,none,XXZ,,,4,0,0.2,random_unitary,NRMSE,0.8614462632027439,10.0,continuous
negative_controls,timeseries,narma10,2,5,90,0.259,d4aa014666023ae2,none,XXZ,,,4,0,0.2,random_unitary,RMSE,0.09393224785213536,10.0,continuous
negative_controls,timeseries,narma10,2,5,90,0.259,d4aa014666023ae2,none,XXZ,,,4,0,0.2,random_unitary,MAE,0.07436889382614521,10.0,continuous
negative_controls,timeseries,narma10,2,5,90,0.259,d4aa014666023ae2,none,XXZ,,,4,0,0.2,random_unitary,R2,0.4470295061070376,10.0,continuous
negative_controls,timeseries,narma10,2,5,90,0.259,d4aa014666023ae2,none,XXZ,,,4,0,0.2,raw_only,NRMSE,0.71761901524813,10.0,continuous
negative_controls,timeseries,narma10,2,5,90,0.259,d4aa014666023ae2,none,XXZ,,,4,0,0.2,raw_only,RMSE,0.07824930013983715,10.0,continuous
negative_controls,timeseries,narma10,2,5,90,0.259,d4aa014666023ae2,none,XXZ,,,4,0,0.2,raw_only,MAE,0.06202065077522636,10.0,continuous
negative_controls,timeseries,narma10,2,5,90,0.259,d4aa014666023ae2,none,XXZ,,,4,0,0.2,raw_only,R2,0.6162631984695472,10.0,continuous
negative_controls,timeseries,narma10,2,5,90,0.259,d4aa014666023ae2,none,XXZ,,,4,0,0.2,raw_plus_reservoir,NRMSE,0.7206040292310553,10.0,continuous
negative_controls,timeseries,narma10,2,5,90,0.259,d4aa014666023ae2,none,XXZ,,,4,0,0.2,raw_plus_reservoir,RMSE,0.07857478657499072,10.0,continuous
negative_controls,timeseries,narma10,2,5,90,0.259,d4aa014666023ae2,none,XXZ,,,4,0,0.2,raw_plus_reservoir,MAE,0.062219397558225226,10.0,continuous
negative_controls,timeseries,narma10,2,5,90,0.259,d4aa014666023ae2,none,XXZ,,,4,0,0.2,raw_plus_reservoir,R2,0.613064169386442,10.0,continuous
negative_controls,timeseries,narma10,2,5,90,0.259,d4aa014666023ae2,none,XXZ,,,4,0,0.2,mean,NRMSE,1.1739456011392644,10.0,continuous
negative_controls,timeseries,narma10,2,5,90,0.259,d4aa014666023ae2,none,XXZ,,,4,0,0.2,mean,RMSE,0.12800722910000567,10.0,continuous
negative_controls,timeseries,narma10,2,5,90,0.259,d4aa014666023ae2,none,XXZ,,,4,0,0.2,mean,MAE,0.10387247152321491,10.0,continuous
negative_controls,timeseries,narma10,2,5,90,0.259,d4aa014666023ae2,none,XXZ,,,4,0,0.2,mean,R2,-0.02693160751968593,10.0,continuous
negative_controls,timeseries,narma10,2,5,90,0.259,d4aa014666023ae2,none,XXZ,,,4,0,0.2,persistence,NRMSE,0.8783489103397628,10.0,continuous
negative_controls,timeseries,narma10,2,5,90,0.259,d4aa014666023ae2,none,XXZ,,,4,0,0.2,persistence,RMSE,0.09577531538641054,10.0,continuous
negative_controls,timeseries,narma10,2,5,90,0.259,d4aa014666023ae2,none,XXZ,,,4,0,0.2,persistence,MAE,0.07621376382603756,10.0,continuous
negative_controls,timeseries,narma10,2,5,90,0.259,d4aa014666023ae2,none,XXZ,,,4,0,0.2,persistence,R2,0.42511667849093104,10.0,continuous
negative_controls,timeseries,narma10,2,5,90,0.259,d4aa014666023ae2,none,XXZ,,,4,0,0.2,linear_raw,NRMSE,0.7167889150896302,10.0,continuous
negative_controls,timeseries,narma10,2,5,90,0.259,d4aa014666023ae2,none,XXZ,,,4,0,0.2,linear_raw,RMSE,0.07815878587660219,10.0,continuous
negative_controls,timeseries,narma10,2,5,90,0.259,d4aa014666023ae2,none,XXZ,,,4,0,0.2,linear_raw,MAE,0.06187331857989967,10.0,continuous
negative_controls,timeseries,narma10,2,5,90,0.259,d4aa014666023ae2,none,XXZ,,,4,0,0.2,linear_raw,R2,0.6171504540709136,10.0,continuous
negative_controls,timeseries,narma10,2,5,90,0.259,d4aa014666023ae2,none,XXZ,,,4,0,0.2,linear_symbolic,NRMSE,1.037223127495143,10.0,continuous
negative_controls,timeseries,narma10,2,5,90,0.259,d4aa014666023ae2,none,XXZ,,,4,0,0.2,linear_symbolic,RMSE,0.11309898719348283,10.0,continuous
negative_controls,timeseries,narma10,2,5,90,0.259,d4aa014666023ae2,none,XXZ,,,4,0,0.2,linear_symbolic,MAE,0.09109736537381717,10.0,continuous
negative_controls,timeseries,narma10,2,5,90,0.259,d4aa014666023ae2,none,XXZ,,,4,0,0.2,linear_symbolic,R2,0.19834047109644903,10.0,continuous
negative_controls,timeseries,stock:vol2of3,1,5,90,0.332,e7063e352413dd3f,none,XXZ,,,4,0,0.2,quantum,NRMSE,0.24927168840811334,10.0,continuous
negative_controls,timeseries,stock:vol2of3,1,5,90,0.332,e7063e352413dd3f,none,XXZ,,,4,0,0.2,quantum,RMSE,0.04681223315465337,10.0,continuous
negative_controls,timeseries,stock:vol2of3,1,5,90,0.332,e7063e352413dd3f,none,XXZ,,,4,0,0.2,quantum,MAE,0.030221153307254365,10.0,continuous
negative_controls,timeseries,stock:vol2of3,1,5,90,0.332,e7063e352413dd3f,none,XXZ,,,4,0,0.2,quantum,R2,-0.21492178705432452,10.0,continuous
negative_controls,timeseries,stock:vol2of3,1,5,90,0.332,e7063e352413dd3f,none,XXZ,,,4,0,0.2,random_unitary,NRMSE,0.3070196888724428,10.0,continuous
negative_controls,timeseries,stock:vol2of3,1,5,90,0.332,e7063e352413dd3f,none,XXZ,,,4,0,0.2,random_unitary,RMSE,0.05765707830820845,10.0,continuous
negative_controls,timeseries,stock:vol2of3,1,5,90,0.332,e7063e352413dd3f,none,XXZ,,,4,0,0.2,random_unitary,MAE,0.03430560248263753,10.0,continuous
negative_controls,timeseries,stock:vol2of3,1,5,90,0.332,e7063e352413dd3f,none,XXZ,,,4,0,0.2,random_unitary,R2,-0.8430404378978618,10.0,continuous
negative_controls,timeseries,stock:vol2of3,1,5,90,0.332,e7063e352413dd3f,none,XXZ,,,4,0,0.2,raw_only,NRMSE,0.2867695120105252,10.0,continuous
negative_controls,timeseries,stock:vol2of3,1,5,90,0.332,e7063e352413dd3f,none,XXZ,,,4,0,0.2,raw_only,RMSE,0.053854175512721154,10.0,continuous
negative_controls,timeseries,stock:vol2of3,1,5,90,0.332,e7063e352413dd3f,none,XXZ,,,4,0,0.2,raw_only,MAE,0.036199394648222555,10.0,continuous
negative_controls,timeseries,stock:vol2of3,1,5,90,0.332,e7063e352413dd3f,none,XXZ,,,4,0,0.2,raw_only,R2,-0.6079345393902054,10.0,continuous
negative_controls,timeseries,stock:vol2of3,1,5,90,0.332,e7063e352413dd3f,none,XXZ,,,4,0,0.2,raw_plus_reservoir,NRMSE,0.2552918444784435,10.0,continuous
negative_controls,timeseries,stock:vol2of3,1,5,90,0.332,e7063e352413dd3f,none,XXZ,,,4,0,0.2,raw_plus_reservoir,RMSE,0.04794279455691859,10.0,continuous
negative_controls,timeseries,stock:vol2of3,1,5,90,0.332,e7063e352413dd3f,none,XXZ,,,4,0,0.2,raw_plus_reservoir,MAE,0.029909237166843263,10.0,continuous
negative_controls,timeseries,stock:vol2of3,1,5,90,0.332,e7063e352413dd3f,none,XXZ,,,4,0,0.2,raw_plus_reservoir,R2,-0.27431352292761524,10.0,continuous
negative_controls,timeseries,stock:vol2of3,1,5,90,0.332,e7063e352413dd3f,none,XXZ,,,4,0,0.2,mean,NRMSE,0.22621667667063008,10.0,continuous
negative_controls,timeseries,stock:vol2of3,1,5,90,0.332,e7063e352413dd3f,none,XXZ,,,4,0,0.2,mean,RMSE,0.04248259350832758,10.0,continuous
negative_controls,timeseries,stock:vol2of3,1,5,90,0.332,e7063e352413dd3f,none,XXZ,,,4,0,0.2,mean,MAE,0.02751691580750449,10.0,continuous
negative_controls,timeseries,stock:vol2of3,1,5,90,0.332,e7063e352413dd3f,none,XXZ,,,4,0,0.2,mean,R2,-0.0005796029624582921,10.0,continuous
negative_controls,timeseries,stock:vol2of3,1,5,90,0.332,e7063e352413dd3f,none,XXZ,,,4,0,0.2,persistence,NRMSE,0.32671707936096683,10.0,continuous
negative_controls,timeseries,stock:vol2of3,1,5,90,0.332,e7063e352413dd3f,none,XXZ,,,4,0,0.2,persistence,RMSE,0.06135617001804351,10.0,continuous
negative_controls,timeseries,stock:vol2of3,1,5,90,0.332,e7063e352413dd3f,none,XXZ,,,4,0,0.2,persistence,MAE,0.03983889057047871,10.0,continuous
negative_controls,timeseries,stock:vol2of3,1,5,90,0.332,e7063e352413dd3f,none,XXZ,,,4,0,0.2,persistence,R2,-1.0871135895124784,10.0,continuous
negative_controls,timeseries,stock:vol2of3,1,5,90,0.332,e7063e352413dd3f,none,XXZ,,,4,0,0.2,linear_raw,NRMSE,0.22847244693011848,10.0,continuous
negative_controls,timeseries,stock:vol2of3,1,5,90,0.332,e7063e352413dd3f,none,XXZ,,,4,0,0.2,linear_raw,RMSE,0.04290621820475767,10.0,continuous
negative_controls,timeseries,stock:vol2of3,1,5,90,0.332,e7063e352413dd3f,none,XXZ,,,4,0,0.2,linear_raw,MAE,0.028282599576177608,10.0,continuous
negative_controls,timeseries,stock:vol2of3,1,5,90,0.332,e7063e352413dd3f,none,XXZ,,,4,0,0.2,linear_raw,R2,-0.020634103116593305,10.0,continuous
negative_controls,timeseries,stock:vol2of3,1,5,90,0.332,e7063e352413dd3f,none,XXZ,,,4,0,0.2,linear_symbolic,NRMSE,0.22486900636486584,10.0,continuous
negative_controls,timeseries,stock:vol2of3,1,5,90,0.332,e7063e352413dd3f,none,XXZ,,,4,0,0.2,linear_symbolic,RMSE,0.04222950637688508,10.0,continuous
negative_controls,timeseries,stock:vol2of3,1,5,90,0.332,e7063e352413dd3f,none,XXZ,,,4,0,0.2,linear_symbolic,MAE,0.026998872094537454,10.0,continuous
negative_controls,timeseries,stock:vol2of3,1,5,90,0.332,e7063e352413dd3f,none,XXZ,,,4,0,0.2,linear_symbolic,R2,0.011306653929999522,10.0,continuous
negative_controls,timeseries,stock:vol2of3,1,5,90,0.315,fde7707d3c38975b,shuffle_features,XXZ,,,4,0,0.2,quantum,NRMSE,0.30895117154896473,10.0,continuous
negative_controls,timeseries,stock:vol2of3,1,5,90,0.315,fde7707d3c38975b,shuffle_features,XXZ,,,4,0,0.2,quantum,RMSE,0.05801980308439518,10.0,continuous
negative_controls,timeseries,stock:vol2of3,1,5,90,0.315,fde7707d3c38975b,shuffle_features,XXZ,,,4,0,0.2,quantum,MAE,0.035528843277599774,10.0,continuous
negative_controls,timeseries,stock:vol2of3,1,5,90,0.315,fde7707d3c38975b,shuffle_features,XXZ,,,4,0,0.2,quantum,R2,-0.8663027776555419,10.0,continuous
negative_controls,timeseries,stock:vol2of3,1,5,90,0.315,fde7707d3c38975b,shuffle_features,XXZ,,,4,0,0.2,random_unitary,NRMSE,0.23411855124003078,10.0,continuous
negative_controls,timeseries,stock:vol2of3,1,5,90,0.315,fde7707d3c38975b,shuffle_features,XXZ,,,4,0,0.2,random_unitary,RMSE,0.04396653417188178,10.0,continuous
negative_controls,timeseries,stock:vol2of3,1,5,90,0.315,fde7707d3c38975b,shuffle_features,XXZ,,,4,0,0.2,random_unitary,MAE,0.028851250139554297,10.0,continuous
negative_controls,timeseries,stock:vol2of3,1,5,90,0.315,fde7707d3c38975b,shuffle_features,XXZ,,,4,0,0.2,random_unitary,R2,-0.07170206014570679,10.0,continuous
negative_controls,timeseries,stock:vol2of3,1,5,90,0.315,fde7707d3c38975b,shuffle_features,XXZ,,,4,0,0.2,raw_only,NRMSE,0.2867695120105252,10.0,continuous
negative_controls,timeseries,stock:vol2of3,1,5,90,0.315,fde7707d3c38975b,shuffle_features,XXZ,,,4,0,0.2,raw_only,RMSE,0.053854175512721154,10.0,continuous
negative_controls,timeseries,stock:vol2of3,1,5,90,0.315,fde7707d3c38975b,shuffle_features,XXZ,,,4,0,0.2,raw_only,MAE,0.036199394648222555,10.0,continuous
negative_controls,timeseries,stock:vol2of3,1,5,90,0.315,fde7707d3c38975b,shuffle_features,XXZ,,,4,0,0.2,raw_only,R2,-0.6079345393902054,10.0,continuous
negative_controls,timeseries,stock:vol2of3,1,5,90,0.315,fde7707d3c38975b,shuffle_features,XXZ,,,4,0,0.2,raw_plus_reservoir,NRMSE,0.3718490095769866,10.0,continuous
negative_controls,timeseries,stock:vol2of3,1,5,90,0.315,fde7707d3c38975b,shuffle_features,XXZ,,,4,0,0.2,raw_plus_reservoir,RMSE,0.0698317672809499,10.0,continuous
negative_controls,timeseries,stock:vol2of3,1,5,90,0.315,fde7707d3c38975b,shuffle_features,XXZ,,,4,0,0.2,raw_plus_reservoir,MAE,0.04518179564221714,10.0,continuous
negative_controls,timeseries,stock:vol2of3,1,5,90,0.315,fde7707d3c38975b,shuffle_features,XXZ,,,4,0,0.2,raw_plus_reservoir,R2,-1.7035578552721073,10.0,continuous
negative_controls,timeseries,stock:vol2of3,1,5,90,0.315,fde7707d3c38975b,shuffle_features,XXZ,,,4,0,0.2,mean,NRMSE,0.22621667667063008,10.0,continuous
negative_controls,timeseries,stock:vol2of3,1,5,90,0.315,fde7707d3c38975b,shuffle_features,XXZ,,,4,0,0.2,mean,RMSE,0.04248259350832758,10.0,continuous
negative_controls,timeseries,stock:vol2of3,1,5,90,0.315,fde7707d3c38975b,shuffle_features,XXZ,,,4,0,0.2,mean,MAE,0.02751691580750449,10.0,continuous
negative_controls,timeseries,stock:vol2of3,1,5,90,0.315,fde7707d3c38975b,shuffle_features,XXZ,,,4,0,0.2,mean,R2,-0.0005796029624582921,10.0,continuous
negative_controls,timeseries,stock:vol2of3,1,5,90,0.315,fde7707d3c38975b,shuffle_features,XXZ,,,4,0,0.2,persistence,NRMSE,0.32671707936096683,10.0,continuous
negative_controls,timeseries,stock:vol2of3,1,5,90,0.315,fde7707d3c38975b,shuffle_features,XXZ,,,4,0,0.2,persistence,RMSE,0.06135617001804351,10.0,continuous
negative_controls,timeseries,stock:vol2of3,1,5,90,0.315,fde7707d3c38975b,shuffle_features,XXZ,,,4,0,0.2,persistence,MAE,0.03983889057047871,10.0,continuous
negative_controls,timeseries,stock:vol2of3,1,5,90,0.315,fde7707d3c38975b,shuffle_features,XXZ,,,4,0,0.2,persistence,R2,-1.0871135895124784,10.0,continuous
negative_controls,timeseries,stock:vol2of3,1,5,90,0.315,fde7707d3c38975b,shuffle_features,XXZ,,,4,0,0.2,linear_raw,NRMSE,0.22847244693011848,10.0,continuous
negative_controls,timeseries,stock:vol2of3,1,5,90,0.315,fde7707d3c38975b,shuffle_features,XXZ,,,4,0,0.2,linear_raw,RMSE,0.04290621820475767,10.0,continuous
negative_controls,timeseries,stock:vol2of3,1,5,90,0.315,fde7707d3c38975b,shuffle_features,XXZ,,,4,0,0.2,linear_raw,MAE,0.028282599576177608,10.0,continuous
negative_controls,timeseries,stock:vol2of3,1,5,90,0.315,fde7707d3c38975b,shuffle_features,XXZ,,,4,0,0.2,linear_raw,R2,-0.020634103116593305,10.0,continuous
negative_controls,timeseries,stock:vol2of3,1,5,90,0.315,fde7707d3c38975b,shuffle_features,XXZ,,,4,0,0.2,linear_symbolic,NRMSE,0.22486900636486584,10.0,continuous
negative_controls,timeseries,stock:vol2of3,1,5,90,0.315,fde7707d3c38975b,shuffle_features,XXZ,,,4,0,0.2,linear_symbolic,RMSE,0.04222950637688508,10.0,continuous
negative_controls,timeseries,stock:vol2of3,1,5,90,0.315,fde7707d3c38975b,shuffle_features,XXZ,,,4,0,0.2,linear_symbolic,MAE,0.026998872094537454,10.0,continuous
negative_controls,timeseries,stock:vol2of3,1,5,90,0.315,fde7707d3c38975b,shuffle_features,XXZ,,,4,0,0.2,linear_symbolic,R2,0.011306653929999522,10.0,continuous
