symbol,open,high,low,close,volume,adjust_close
A,42.440001,42.75,42.070001,42.31,4013900,
AA,7.959991,7.969992,7.709992,7.789992,9962900,
AAMRQ,3.84,4.21,3.5,3.9,10294500,
AAN,28,28.030001,27.49,27.690001,445400,
AAON,31.169992,32.240002,30.280005,31.920008,159500,
AAP,79.849998,80.870003,79.489998,80.220001,706000,
AAPL,407.400005,408.660007,398.049992,402.540001,120186500,
AAT,29.27,29.780001,28.66,29.280001,127400,
AAU,1.25,1.25,1.13,1.21,272400,
AAV,3.97,4.01,3.91,3.96,240200,
AAWW,44.119999,44.220001,43.34,43.59,306300,
AAXJ,52.25,52.57,51.599998,52.16,655600,
AB,21.459999,21.5,20.049999,20.280001,1038000,
ABAX,45.529999,46.919998,44.849998,46.419998,81800,
ABB,20.67,21.01,20.65,20.889999,3910100,
ABBV,42.07,42.400002,41.32,41.889999,6042400,
ABC,54.02,54.310001,53.25,53.610001,2936800,
ABCO,53.330002,54.130001,52.450001,53.689999,139400,
ABFS,18.66,19.07,18.1,18.34,246800,
ABG,37.619999,37.990002,36.610001,37.490002,231600,
ABM,23.860001,24.02,23.75,23.85,169700,
ABMD,20.969999,21.15,20.190001,20.57,370200,
ABR,6.06,6.1,5.78,5.87,334100,
ABT,35.290001,35.380001,34.689999,34.970001,7535800,
ABV,33.89,35.065,33.83,34.51,27630700,
ABX,16.530001,17.209999,15.71,16.57,31080500,
ACAD,17.639999,17.860001,17.139999,17.48,3117700,
ACAS,12.1,12.15,11.82,11.86,4287800,
ACAT,45.959999,46.540001,45.669998,45.759998,180200,
ACC,37.240002,38.330002,36.599998,37.48,859600,
ACCO,6.35,6.42,6.26,6.32,579400,
ACE,85.449997,86.349998,84.730003,85.790001,2071600,
ACET,12.82,12.99,12.62,12.86,104600,
ACFN,8.17,8.57,8.1,8.45,69500,
ACGL,49.779999,50.43,49.459999,50.16,967300,
ACH,7.39,7.48,7.25,7.37,171700,
ACHC,34.139999,35.16,33.970001,34.900002,479700,
ACHN,7.77,7.98,7.45,7.84,1009400,
ACI,3.84,3.86,3.47,3.65,1609700,
ACIW,44.739999,45.150001,44.710001,44.929999,1165800,
ACLS,1.65,1.73,1.65,1.7,517800,
ACM,29.530001,29.84,29.24,29.57,716500,
ACMP,46.98,46.98,45.31,46.02,428500,
ACN,79.059998,79.870003,78.849998,79.160004,2516500,
ACO,30.68,31.05,30.34,30.89,68500,
ACOR,32.799999,33.029999,31.75,31.959999,332400,
ACRE,13,13,12.65,12.71,1569000,
ACRX,8.87,9,8.31,8.67,405600,
ACT,120.779999,121.889999,118.919998,120.220001,1201800,
ACTG,23.82,24.110001,23.02,23.459999,366000,
ACTV,6.84,6.88,6.55,6.73,282200,
ACUR,2.04,2.08,2.02,2.02,239496,
ACW,4.93,4.97,4.75,4.8,419300,
ACWI,49.23,49.610001,48.799999,49.23,3674100,
ACXM,21.74,22.18,21.4,21.74,493100,
ADBE,44.34,44.599998,43.369999,43.599998,4492900,
ADC,29.440001,30.290001,29.08,29.58,130000,
ADES,36.75,37.11,33.84,36.03,170600,
ADI,44.68,45.029999,43.950001,44.029999,2495900,
ADM,32.75,33.330002,32.599998,32.93,3022700,
ADNC,13.19,13.22,12.43,12.87,179100,
ADP,68.420003,68.930003,68.110004,68.380003,2064200,
ADS,171.539993,173.570007,169.929993,172.160004,1031400,
ADSK,33.970001,34.029999,33.009998,33.48,2969300,
ADT,39.09,39.310001,38.630001,39.139999,2706900,
ADTN,23.690001,23.860001,23.280001,23.389999,328400,
ADVS,33.450001,34.099998,33.189999,33.599998,321000,
ADY,7.36,7.38,7.33,7.38,41800,
AEC,15.49,15.7,14.98,15.48,1655500,
AEE,32.869999,33.110001,32.459999,32.790001,1609500,
AEG,6.7,6.78,6.65,6.73,1304100,
AEGN,21.610001,22.049999,21.24,21.559999,137500,
AEGR,61.810001,62.09,56.860001,58.639999,1108400,
AEIS,17.08,17.209999,16.889999,16.950001,223900,
AEL,15.85,15.85,15.47,15.7,731800,
AEM,26.280001,26.91,25.41,26.139999,2118300,
AEO,18.059999,18.139999,17.370001,17.620001,4837000,
AEP,43.459999,43.959999,42.950001,43.57,2795600,
AER,16.51,16.709999,16.16,16.65,484600,
AERL,3.65,3.75,3.41,3.75,353800,
AES,11.38,11.59,11.24,11.41,5858200,
AET,61.5,62.790001,61.349998,62.16,5216700,
AF,10.34,10.44,10.18,10.2,749800,
AFAM,19.559999,19.99,19.379999,19.67,24400,
AFCE,33.44,33.84,33,33.57,205200,
AFFX,3.67,3.84,3.49,3.78,580200,
AFFY,1,1.09,0.95,1.04,943100,
AFG,47.549999,47.830002,47.23,47.32,780400,
AFL,56.189999,56.330002,55.200001,55.68,2630100,
AFSI,35.459999,35.580001,33.890001,33.92,1539600,
AG,9.87,9.87,9.17,9.23,1790900,
AGCO,51.27,51.27,50.290001,50.580002,945800,
AGEN,3.77,3.81,3.61,3.61,238200,
AGG,106.010002,106.599998,105.82,106.18,2270900,
AGII,43.220003,43.730005,41.770005,41.849997,252500,
AGM,26.940001,27.23,26.379999,27.08,46900,
AGN,120.779999,121.889999,118.919998,120.220001,1201800,
AGNC,23.27,23.32,22.219999,22.620001,17577700,
AGO,21.690001,21.690001,20.870001,20.9,3289800,
AGQ,17.43,17.559999,16.84,17.139999,671400,
AGRO,6.37,6.37,6.01,6.07,672600,
AGU,84.970001,85.040001,83.330002,84.419998,787600,
AGX,15.59,15.84,15.16,15.76,104000,
AGYS,12.64,12.72,12.23,12.62,51300,
AH,18.6,19,18.1,18.2,202200,
AHGP,60.57,61.849998,57.099998,60.119999,109100,
AHH,11.2,11.29,10.7,11.22,151500,
AHL,36.02,36.299999,35.73,36.029999,677800,
AHS,14.27,14.31,13.97,14.06,237900,
AHT,11.550001,11.560005,11.050009,11.339997,3230900,
AI,27.200001,27.200001,25.5,26.110001,528700,
AIG,43.009998,43.040001,41.529999,42.32,27345600,
AIMC,26.48,27.299999,26.360001,26.67,156000,
AIN,33.27,33.439999,32.57,32.880001,134700,
AINV,7.49,7.5,7.28,7.37,2827000,
AIR,21.33,21.450001,21.1,21.129999,199700,
AIRM,37.080002,37.220001,35.91,35.919998,493500,
AIT,46.950001,47.259998,46.740002,46.889999,210900,
AIV,27.620001,28.74,27.309999,28.07,1809900,
AIXG,15.95,16.07,15.65,15.8,88000,
AIZ,49.759998,49.919998,49.029999,49.400002,599100,
AJG,42.700001,42.939999,42.34,42.68,430800,
AKAM,40.470001,41.689999,40.080002,41.41,2489300,
AKG,2.01,2.07,1.94,1.94,165600,
AKRX,13.15,13.66,12.97,13.61,1156300,
AKS,3.26,3.28,3.06,3.15,8198500,
AL,26.129999,26.23,25.129999,26.18,916800,
ALB,61.299999,61.75,60.25,61.23,802800,
ALC,11.9,11.92,11.85,11.89,259400,
ALDW,24,24.280001,22.389999,22.610001,611700,
ALE,47.669998,48.419998,47.419998,48.119999,148000,
ALEX,39.529999,40.759998,39.02,39.919998,241400,
ALGN,35.290001,36.220001,34.880001,35.77,605900,
ALGT,101.120003,104.599998,100.059998,103.43,101000,
ALIM,4.81,4.95,4.68,4.9,120900,
ALJ,15.49,15.49,14.86,14.92,729800,
ALK,51.040001,51.490002,50.310001,50.959999,1728800,
ALKS,26.559999,27.34,26.469999,27.09,1247500,
ALL,46.68,47.02,46.290001,46.599998,4401300,
ALLT,11.67,11.79,11.28,11.44,567500,
ALNY,28.57,29.67,28,29.4,497400,
ALOG,73.82,74.529999,73.150002,74.120003,34400,
ALR,24.639999,24.85,24.33,24.84,399200,
ALSK,1.73,1.73,1.7,1.7,172000,
ALSN,22.389999,22.459999,21.950001,22.27,200200,
ALTR,31.799999,32.009998,31.469999,31.799999,3092100,
ALU,1.83,1.85,1.79,1.8,19512500,
ALV,72.160004,74.410004,71.339996,73.580002,1582500,
ALXA,4.35,4.4,4.15,4.3,428300,
ALXN,88.019997,89.400002,87.010002,87.989998,1774500,
AM,18.35,18.36,18.28,18.36,305900,
AMAG,19.68,21.65,19.34,21.5,107600,
AMAT,14.96,15.06,14.81,14.98,14138800,
AMBA,16.549999,16.549999,15.5,15.95,1851900,
AMBC,23.219999,23.6,21.209999,22.620001,2261200,
AMCC,9.59,9.68,9.32,9.36,1071200,
AMCN,1.53,1.77,1.53,1.72,32400,
AMCX,63.080002,63.220001,61.68,62.27,291300,
AMD,4.07,4.09,3.99,4.05,29135600,
AME,39.810001,40.720001,39.459999,40.419998,1427300,
AMED,12.72,12.98,12.4,12.55,208400,
AMG,157.869995,157.869995,151.229996,154.759995,792200,
AMGN,96.730003,97.230003,95.410004,96.139999,3745400,
AMJ,44.150002,44.73,42.18,43.970001,1387300,
AMKR,4.03,4.08,3.91,4.03,1078000,
AMLP,17.110001,17.27,16.75,17.16,7233600,
AMP,78.25,78.400002,76.769997,77.449997,1640500,
AMPE,6,6,5.71,5.86,211300,
AMRC,8.92,9.19,8.75,9,192700,
AMRI,11.05,11.47,11,11.47,326500,
AMRN,6.22,6.22,5.86,5.87,6215600,
AMRS,2.67,2.75,2.61,2.71,149400,
AMSC,2.25,2.25,2.15,2.19,31800,
AMSG,35.09,35.369999,34.75,35,87300,
AMSWA,8.33,8.42,8.25,8.3,66500,
AMT,71.239998,72.279999,69.540001,71.089996,4436800,
AMTD,23.440001,23.85,23.200001,23.629999,3328500,
AMTG,17.02,17.02,16.25,16.42,864400,
AMWD,32.630001,32.970001,31.690001,32.48,174100,
AMX,18.76,18.99,18.4,18.93,6668000,
AMZN,271.290009,273.160004,265,270.609985,3863800,
AN,42.509998,42.73,41.889999,42.400002,828500,
ANAC,5.18,5.6,5,5.54,356200,
ANAD,2.11,2.14,2.07,2.1,473300,
ANDE,52.810003,52.810003,51.700006,52.110003,94500,
ANEN,22.91,23.04,22.62,22.8,29600,
ANF,45.150002,45.279999,43.41,43.459999,3194900,
ANGI,26.93,27.139999,26.450001,26.530001,1150000,
ANGO,11.2,11.32,11.08,11.27,36400,
ANH,5.58,5.59,5.38,5.47,2192500,
ANIK,17.16,17.16,16.450001,16.75,153200,
ANN,31.690001,31.790001,30.879999,30.91,1654600,
ANR,5.4,5.42,4.93,5.05,14376100,
ANSS,71.839996,72.169998,70.760002,71.169998,390100,
ANV,6.36,6.52,6.08,6.37,2963100,
ANW,8.48,8.57,8.16,8.31,300400,
AOI,3.84,3.89,3.8,3.8,33200,
AOL,34.419998,35.07,33.900002,34.5,899600,
AON,62.869999,63.220001,62.189999,62.84,920200,
AOS,36.029999,36.029999,35.110001,35.689999,2458400,
AOSL,7.52,7.56,7.4,7.47,87200,
APA,83.720001,84.269997,81.669998,82.18,4594700,
APAM,54.549999,54.77,52.200001,53.02,115400,
APC,82.269997,84.160004,80.440002,82.970001,4247500,
APD,93.639998,94.039995,92.61,93.549994,2047300,
APEI,36.849998,37.830002,36.700001,37.439999,127200,
APH,75.470001,76.230003,74.879997,74.959999,1227600,
APL,36.61,36.61,34.41,35.83,921100,
APO,22.280001,22.360001,20.860001,21.76,2817900,
APOG,22.59,23.17,22.200001,22.959999,264500,
APOL,19.139999,19.34,18.6,19.120001,2429300,
APP,1.92,1.97,1.85,1.96,419100,
APRI,2.47,2.49,2.25,2.34,661600,
APU,47.099998,47.279999,45.119999,46.5,266100,
ARAY,5.63,5.74,5.45,5.61,511200,
ARB,46.78,46.85,46.71,46.82,177900,
ARCC,16.35,16.559999,16.15,16.42,3398400,
ARCO,11.54,11.92,11.22,11.74,1201600,
ARCP,14.59,14.93,14.12,14.61,6806500,
ARE,61.990002,64.080002,61.200001,62.66,673700,
AREX,23.9,24.219999,23.07,23.48,448000,
ARG,93.82,94.580002,92.860001,94.059998,584500,
ARI,16.049999,16.09,15.78,15.97,867900,
ARIA,16.469999,16.68,16.049999,16.379999,1901700,
ARII,30.9,31.02,29.860001,30.389999,269800,
ARLP,69,69.129997,64.220001,67.5,311800,
ARMH,34.810001,36.259998,34.75,35.599998,6498300,
ARNA,8.03,8.29,7.82,8.14,6299000,
ARO,12.86,12.88,12.65,12.79,2156400,
ARP,21.52,21.52,20.68,20.959999,710100,
ARPI,17.549999,17.92,17.08,17.559999,220000,
ARQL,2.47,2.47,2.34,2.37,319200,
ARR,4.5,4.51,4.23,4.29,1416600,
ARRS,14.54,14.58,14.34,14.35,1096700,
ARRY,4.92,4.98,4.57,4.6,2596400,
ARTC,35.58,35.985,35.2,35.74,84900,
ARUN,14.68,14.76,14.3,14.41,1343700,
ARW,38.41,38.52,37.669998,37.68,695500,
ARX,7.15,7.4,7.15,7.37,23700,
ASA,12.62,12.62,12,12.03,158300,
ASBC,15.06,15.2,15,15.03,875400,
ASCA,26.31,26.38,26.3,26.34,362400,
ASEI,57.080002,57.619999,56.240002,56.290001,42400,
ASFI,8.72,8.72,8.27,8.44,53100,
ASGN,25.450001,25.73,25.26,25.440001,325100,
ASH,83.129997,83.309998,81,81.93,1226400,
ASIA,11.42,11.45,11.4,11.43,341400,
ASMI,32.779999,33.189999,32.720001,33.099998,6000,
ASML,73.949997,75.029999,73.889999,74.510002,1024300,
ASNA,17.33,17.360001,17.049999,17.08,1546900,
ASPS,93.980003,94.370003,91.150002,92.400002,155800,
ASR,101.209999,102.449997,100.25,101.099998,90500,
ASTE,33.509998,33.639999,32.959999,33.209999,72100,
ASTI,0.75,0.75,0.71,0.72,26000,
ASTX,4.18,4.2,3.9,4.045,1994100,
ASYS,6.41,7.18,6.1,7.07,146300,
AT,4.2,4.22,4.07,4.19,970700,
ATAX,6.78,6.79,6.7,6.74,180900,
ATHN,89.18,90.709999,88.160004,89.410004,478500,
ATHX,1.58,1.58,1.55,1.55,204800,
ATI,27,27.049999,25.6,26.120001,2158300,
ATK,78.12,79.19,78,78.77,339400,
ATLC,3.6,3.65,3.53,3.53,7300,
ATLS,13.81,13.81,13.44,13.63,1051038,
ATMI,23.85,24.04,23.75,23.75,132400,
ATML,7.29,7.3,6.99,7.03,7671700,
ATNI,49.48,50.150002,49.200001,49.240002,61400,
ATO,38.330002,38.869999,38.060001,38.59,468300,
ATPAQ,0.07,0.082,0.06,0.0749,689000,
ATR,54.470001,55.110001,54.130001,54.830002,146400,
ATRS,4.06,4.25,4.02,4.16,1228100,
ATSG,6.45,6.69,6.36,6.38,185500,
ATU,31.549999,31.6,31.18,31.379999,843400,
ATVI,13.5,13.56,13.27,13.49,7879800,
ATW,53.32,53.610001,51.389999,52.049999,1010800,
AU,14.67,14.7,13.99,14.05,4446500,
AUDC,4.26,4.36,4.04,4.08,155200,
AUM,91.970001,92.989998,91.75,92.489998,0,
AUMN,1.36,1.58,1.26,1.35,1028500,
AUO,3.39,3.41,3.27,3.29,3638800,
AUQ,4.17,4.23,4.1,4.19,2481000,
AUX,107.97,107.97,107.97,107.97,0,
AUXL,17.01,17.136,16.44,16.53,677900,
AUY,9.26,9.3,8.98,9.03,7208900,
AVA,26.25,26.610001,26.02,26.43,321400,
AVAV,19.57,19.620001,19.299999,19.360001,184300,
AVB,130.429993,136.880005,128.669998,133.539993,1358200,
AVD,27.84,28,26.870001,27.540001,236400,
AVEO,2.54,2.58,2.4,2.43,1068100,
AVG,18.85,18.99,18.43,18.76,599400,
AVGO,36.98,36.990002,36.099998,36.689999,3685800,
AVHI,16.34,16.77,16.25,16.48,18700,
AVID,6.22,6.3,6.09,6.19,46200,
AVIV,24.65,25.02,24.4,24.64,282400,
AVL,0.6,0.6,0.55,0.56,304200,
AVNR,4.27,4.405,4.11,4.34,1606300,
AVP,20.48,21.209999,19.950001,20.969999,7413900,
AVSPY,130.79,130.79,128.03,128.86,0,
AVT,32.68,32.84,32.52,32.57,928800,
AVX,11.78,11.83,11.65,11.7,204900,
AVY,41.209999,41.43,40.709999,41.080002,509600,
AWAY,29.92,30.530001,29.799999,30.24,767400,
AWC,29.677,29.677,29.509,29.587,300,
AWH,89.299999,89.49,88.309999,88.530001,472800,
AWI,46.099998,46.330002,44.93,46.23,460300,
AWK,39,39.639999,38.91,39.400002,777000,
AWR,51.830002,52.740002,51.290001,52.240002,211400,
AWRE,5.06,5.09,4.85,4.85,113800,
AXAS,2.19,2.22,2.15,2.15,545200,
AXE,73.849998,74.269997,73.230003,73.449997,337600,
AXL,16.879999,16.9,16.17,16.530001,2087300,
AXLL,42.099998,42.099998,40.27,41.060001,1817900,
AXP,72.57,72.839996,71.68,72.010002,6293100,
AXS,44.630001,45.029999,44.16,44.830002,1122300,
AXTI,2.63,2.66,2.51,2.51,369000,
AXU,1.04,1.04,0.92,0.94,759000,
AYI,74.150002,75.25,73.510002,74.580002,254400,
AYR,15.44,15.58,15.22,15.48,516600,
AZC,2.07,2.07,1.9,1.92,201200,
AZN,46.970001,47.630001,46.869999,47.220001,6638800,
AZO,408.179993,419.279999,405.709991,414.98999,243800,
AZPN,28.700001,28.799999,28.35,28.35,543600,
AZZ,41.310001,41.52,40.119999,41.09,113100,
B,29.049999,29.34,28.99,29.049999,213500,
BA,99.059998,99.459999,96.309998,97.849998,5585200,
BAA,0.75,0.78,0.69,0.72,690900,
BABY,13.73,13.93,13.5,13.51,70600,
BAC,12.4,12.45,12.13,12.3,159762500,
BAH,16.959999,17.15,16.66,16.91,500100,
BAK,13.94,14.09,13.52,14.05,378900,
BAL,53.849998,54.110001,53.209999,53.27,76200,
BALT,3.47,3.47,3.41,3.43,107200,
BAM,33.839999,34.549997,33.589994,34.339995,2154000,
BANR,33.07,33.610001,32.959999,33.150002,93500,
BAP,122.319995,124.720003,120.610003,123.410005,367300,
BAS,12.22,12.31,11.77,12.1,509100,
BAX,69.600001,69.999995,68.599996,69.470001,5326500,
BAXS,2.5,2.5,2.31,2.31,27700,
BBBY,69.839996,69.940002,67.580002,68.400002,2509500,
BBCN,13.15,13.51,13.13,13.34,726500,
BBD,12.520001,12.840001,12.15,12.62,13038900,
BBEP,17.75,17.940001,16.65,17.360001,1235000,
BBG,20.76,20.969999,20.17,20.540001,1093200,
BBH,65.099998,66.660004,64.25,65.989998,86900,
BBL,52.130001,52.639999,51.41,52.060001,1252800,
BBOX,25.290001,25.540001,24.82,24.959999,48300,
BBRG,17.59,17.790001,17.52,17.68,116600,
BBRY,13.5,14.29,13.5,14.1,19076300,
BBT,33.349998,33.630001,33.07,33.220001,5553100,
BBVA,8.17,8.36,8.13,8.25,1781000,
BBW,6.23,6.29,6.16,6.2,58800,
BBX,12.37,12.49,12.22,12.48,44100,
BBY,26.360001,26.559999,25.780001,26.32,3326400,
BC,30.690001,31.08,29.99,30.65,1335700,
BCC,27.08,27.299999,26.16,26.389999,241100,
BCE,41.169998,41.279999,40.459999,40.959999,1336000,
BCEI,34.880001,35.32,33.200001,35.09,611100,
BCO,25.25,25.75,25.08,25.48,244200,
BCOR,18.26,18.35,18.129999,18.129999,265900,
BCOV,8.1,8.22,7.83,8.01,331200,
BCPC,45.75,46.209999,44.919998,45.68,72000,
BCR,109.540001,110.339996,108.699997,109.129997,968500,
BCRX,1.5,1.52,1.42,1.42,757700,
BCS,17.21,17.5,17.1,17.3,2578401,
BDBD,11.75,12.05,11.7,11.91,429200,
BDC,49.470001,49.59,48.369999,49.07,511400,
BDE,9.09,9.28,9.09,9.19,239300,
BDN,12.42,12.96,12.23,12.76,2285400,
BDSI,4.16,4.21,4.03,4.14,220700,
BDX,94.849998,97.760002,94.25,97.690002,1650400,
BEAM,62.26,63.35,61.985,62.84,637400,
BEAT,5.74,5.85,5.1,5.33,961200,
BEAV,61.600001,61.999998,60.47,61.310009,1059400,
BEBE,5.32,5.39,5.13,5.2,53100,
BECN,37.810001,38.099998,37.139999,37.540001,590600,
BEE,8.66,8.84,8.43,8.6,3912700,
BEN,136.5,136.5,132.650002,133.98,5026800,
BERY,22.860001,23.110001,22.1,22.27,519400,
BF.B,67.940002,68.529999,66.970001,67.610001,288100,
BFAM,31.299999,32.330002,30.35,31.9,445800,
BG,69.580002,69.790001,68.68,69,1372000,
BGC,29.98,30.1,29.200001,29.43,1169100,
BGCP,5.5,5.56,5.35,5.44,1520100,
BGFV,19,19.32,18.549999,19.15,348100,
BGG,19.09,19.16,18.889999,18.91,265600,
BGS,33.209999,33.990002,32.91,33.650002,482200,
BHE,19.700001,19.91,19.559999,19.57,435500,
BHI,44.34,44.900002,43.34,44.330002,4152000,
BHP,57.73,58.130001,56.580002,57.380001,2923900,
BIB,83.709999,86.43,81,84.849998,314800,
BID,36.759998,37.380001,36.349998,37,1297800,
BIDU,91.160004,91.279999,88.080002,89.889999,5475400,
BIG,31.719999,31.799999,31.17,31.48,517800,
BIIB,197.800003,203.649994,195.100006,200.460007,1820100,
BIO,112.059998,112.919998,111.980003,112.150002,79200,
BIOD,4.11,4.17,3.93,4.07,497200,
BIOL,3.740015,3.750014,3.630017,3.650015,355100,
BIOS,16.49,16.559999,16.200001,16.459999,525100,
BIP,34.580003,34.689998,34.009998,34.19,479300,
BIRT,6.45,6.64,6.28,6.28,242800,
BITA,10.5,10.91,9.84,10.22,167900,
BIV,82.459999,82.75,82.209999,82.449997,659800,
BJRI,35.43,35.779999,35.119999,35.630001,304700,
BK,28.139999,28.23,27.540001,27.860001,10502400,
BKCC,9.21,9.23,8.96,9.15,1027600,
BKD,25.780001,26.15,25.309999,25.719999,1384200,
BKE,51.370002,51.759997,50.889994,50.949996,268000,
BKF,33.049999,33.470001,32.619999,33.200001,193600,
BKH,45.669998,46.630001,45.389999,46.509998,158800,
BKI,37.2,37.38,37.1,37.32,490800,
BKLN,24.66,24.68,24.49,24.65,7732900,
BKMU,5.81,5.91,5.7,5.76,97200,
BKS,18.680001,19.05,18.380001,18.82,2740500,
BKU,25.67,25.83,25.35,25.629999,854400,
BKW,19.51,19.91,19.09,19.89,849100,
BKX,60,60,58.73,59.19,0,
BLC,13.85,14.05,13.74,14,2084900,
BLDP,1.61,1.66,1.53,1.58,684900,
BLDR,6.13,6.23,5.84,5.92,438200,
BLK,246.389999,248.300003,240.600006,245.630005,1564400,
BLKB,32.360001,32.740002,32.169998,32.48,171700,
BLL,42.060001,42.25,41.540001,42.029999,922300,
BLMN,24.76,25.41,24.15,25.309999,982600,
BLOX,28.98,29.42,28.110001,29.299999,797200,
BLT,12.4,12.46,12.09,12.25,188200,
BLV,82.940002,83.5,82.5,83.230003,227800,
BLX,22.049999,22.120001,21.700001,21.92,172500,
BMC,44.7,44.77,44.6,44.75,2999400,
BMI,44.220001,44.950001,43.259998,43.330002,149400,
BMO,56.119999,56.990002,55.610001,56.540001,572000,
BMR,18.73,19.41,18.549999,18.98,2091700,
BMRN,54.880001,55.400002,53.529999,54.720001,1157800,
BMS,38.400002,38.450001,37.939999,38.209999,469600,
BMY,45.32,45.959999,44.889999,45.470001,8740100,
BNCL,8.429997,8.510003,8.400003,8.410001,113700,
BND,79.940002,80.339996,79.790001,80.050003,3496300,
BNNY,40.26,40.9,39.73,40.83,232000,
BNO,76.230003,77.050003,75.919998,76.910004,49000,
BNS,52.639999,53.580002,52.23,53.060001,681500,
BOBE,45.220001,45.639999,44.849998,45.139999,152200,
BODY,12.15,12.25,11.81,12.22,13900,
BOFI,47.369999,47.650002,43.419998,44.650002,1729600,
BOH,49.240002,49.740002,49.119999,49.360001,377200,
BOIL,41.23,41.459999,40.220001,40.43,20500,
BOKF,62.509998,63.169998,62.400002,62.630001,131900,
BOLT,16.5,16.68,16.02,16.53,54300,
BONA,3.71,3.83,3.59,3.8,132500,
BOND,104.400002,105.07,104.099998,105.010002,1745000,
BONT,17.57,18.200001,17.1,17.879999,272000,
BOOM,16.5,16.73,16,16.4,32500,
BORN,1.2,1.2,1.18,1.18,16100,
BOTA,3.15,3.18,3.1,3.11,19200,
BP,41.27,41.889999,41.16,41.52,7039200,
BPAX,1.05,1.07,0.95,0.96,576100,
BPFH,10.05,10.17,9.97,9.98,426900,
BPI,11.96,11.96,11.53,11.74,403200,
BPL,66.230003,68.169998,64.290001,65.959999,772700,
BPO,15.81,16.05,15.6,15.94,1415300,
BPOP,28.780001,29.110001,28.49,28.969999,705200,
BPT,93.489998,94.449997,91.900002,93.980003,213100,
BPX,65.120003,65.139999,64.660004,64.790001,0,
BPY,19.9,20.34,19.07,19.57,231100,
BPZ,1.75,1.8,1.67,1.7,662200,
BR,26,26.030001,25.73,25.809999,930600,
BRC,30.1,30.219999,29.73,29.959999,243300,
BRCD,5.47,5.47,5.33,5.36,6426400,
BRCM,33.099998,33.220001,32.700001,32.919998,6441200,
BRE,46.435,48.48,45.76,47.59,951100,
BREW,7.73,8.09,7.56,8.04,36100,
BRF,30.5,30.84,29.959999,30.639999,147100,
BRFS,20.6,21.190001,20.360001,20.940001,2770600,
BRK.B,111.75,112,109.529999,110.709999,5193400,
BRKL,8.49,8.61,8.44,8.47,325100,
BRKR,15.86,16.02,15.7,15.95,724000,
BRKS,9.78,9.88,9.56,9.66,373000,
BRLI,28.18,28.8,27.83,28.26,326900,
BRO,31.129999,31.23,30.74,30.91,1179600,
BRS,63.299999,64.080002,62.34,63.619999,252300,
BRY,42.59,43,41.67,42.44,630700,
BSAC,22.15,22.15,21.73,21.93,399000,
BSBR,6.18,6.28,6.03,6.18,4490700,
BSDM,1.32,1.33,1.24,1.3,58200,
BSET,14.15,15.15,14.15,15.12,50300,
BSFT,27.08,27.27,26.530001,26.57,305700,
BSMX,13.44,13.44,13.02,13.09,2775100,
BSRR,14.4,14.6,14.23,14.27,20300,
BSX,9.07,9.23,8.95,9.21,18266600,
BTE,35.75,35.77,34.709999,35.099998,276300,
BTH,13.9,14.24,13.66,13.97,362800,
BTI,101.57,103.080002,100,102.349998,367100,
BTN,4.05,4.05,3.91,4.02,56200,
BTU,15.700008,15.800008,14.370007,14.850007,770800,
BTX,3.97,4.05,3.85,3.99,258200,
BUD,84.519997,87.43,83.940002,86.639999,4767000,
BUSE,4.419995,4.499995,4.379996,4.439996,53200,
BV,8.98,9.13,8.45,9.01,937500,
BVN,15.68,15.68,14.97,15.04,2387900,
BWA,81.589996,82.599998,80.510002,81.870003,2012400,
BWC,29.290001,29.65,29.15,29.280001,534600,
BWEN,4.04,4.81,4.01,4.55,208200,
BWLD,94.75,95,93.389999,94.440002,283300,
BWP,29.68,29.93,28.790001,29.17,970500,
BWS,20.36,20.62,19.65,20.08,336900,
BWX,56.009998,56.279999,55.84,56.110001,564200,
BX,20.24,20.24,19.15,19.790001,9261500,
BXP,100.43,104.900002,99.589996,102.629997,1484600,
BXS,16.700001,17.040001,16.58,16.940001,1307100,
BYD,10.62,10.66,10.15,10.48,1912500,
BYI,54.37,54.79,53.86,54.22,570400,
BZ,8.15,8.2,8.07,8.1,738100,
BZF,17.370001,17.76,17.370001,17.709999,33300,
BZH,17.459999,17.68,16.6,16.799999,2066000,
BZQ,100.120003,106.129997,99.309998,101.339996,85400,
C,45.77,46.029999,45.060001,45.439999,50809800,
CA,27.379999,27.639999,27.209999,27.24,4943200,
CAAS,5.28,5.28,5.11,5.14,35300,
CAB,65.349998,66.370003,64.669998,65.529999,706800,
CACI,60.860001,61.349998,60.389999,60.919998,322200,
CADX,6.57,7.11,6.4,7.04,794400,
CAG,32.939999,33.429999,32.809998,33.119999,3742300,
CAH,47.029999,47.139999,46.419998,46.580002,2769800,
CAJ,32.939999,33.220001,32.639999,33.009998,363100,
CAK,0.55002,0.55999,0.55002,0.55002,89400,
CAKE,40.330002,40.880001,39.91,40.639999,552500,
CALD,6.43,6.55,6.36,6.51,141900,
CALL,14.5,14.74,13.6,13.79,384170,
CALM,46.439999,46.900002,46.040001,46.310001,98400,
CALX,10.11,10.24,10.02,10.13,287300,
CAM,60.700001,61.5,59.330002,60.98,2163300,
CAMP,13.31,13.47,13.24,13.39,4143100,
CAP,24.110001,24.549999,23.379999,24.32,137100,
CAR,27.48,28.16,26.950001,27.889999,2044200,
CARB,12.44,12.91,12.4,12.85,139500,
CAS,16.549999,16.67,15.97,16.02,238700,
CASY,57.689999,58.669998,57.220001,58.02,320900,
CAT,82.059998,82.25,80.860001,81.519997,7525600,
CATM,27.860001,27.879999,27.309999,27.379999,273200,
CATO,24.33,24.610001,23.879999,24.26,109900,
CATY,19.51,19.799999,19.440001,19.440001,277800,
CAVM,34.110001,34.490002,33.509998,34.150002,469100,
CB,85.449997,86.349998,84.730003,85.790001,2071600,
CBAK,1.1,1.1,0.89,0.95,182700,
CBB,3,3.02,2.83,2.92,340300,
CBD,42.09,42.759998,41.360001,42.110001,342400,
CBEY,7.96,7.96,7.65,7.7,214600,
CBF,18.610001,19.02,18.049999,18.799999,331900,
CBG,21.24,21.940001,20.59,21.450001,5147500,
CBI,58.240002,58.880001,56.040001,58.09,2283500,
CBK,5.52,5.85,5.5,5.83,380100,
CBL,20.719999,21.26,20.219999,20.860001,2535000,
CBLI,1.49,1.54,1.47,1.5,3600,
CBM,14.16,14.16,13.88,13.9,99700,
CBOE,42.759998,44,42.580002,43.779999,859700,
CBR,3.61,3.64,3.42,3.58,192300,
CBRL,90.800003,92.75,89.459999,92.360001,276500,
CBS,46.369999,47.02,45.779999,46.66,4965200,
CBS.A,46.119999,46.950001,45.799999,46.689999,10400,
CBSH,42.950124,43.350127,42.790131,42.920124,893100,
CBST,49.07,50.16,48.49,49.31,937800,
CBT,37.310001,37.59,36.93,37.07,339900,
CBU,29.389999,29.719999,29.33,29.52,135300,
CBZ,6.65,6.74,6.62,6.65,111900,
CCC,16.34,16.49,16.209999,16.34,394200,
CCE,34.139999,34.639999,33.84,34.310001,3626100,
CCG,11.1,11.4,11.08,11.16,923200,
CCI,67.699997,67.970001,66.949997,67.330002,1967400,
CCIX,17.91,17.98,17.31,17.61,168700,
CCJ,20.219999,20.469999,19.93,20.299999,1510500,
CCK,39.889999,40.560001,39.32,40.279999,1168200,
CCL,33.060001,33.41,32.5,33.220001,9519500,
CCM,4.080003,4.080003,4.030004,4.030004,5800,
CCMP,33.23,33.860001,33.189999,33.200001,217500,
CCO,7.33,7.39,7.26,7.38,700200,
CCOI,27.41,27.93,27.129999,27.75,367500,
CCRN,5.07,5.22,4.97,5.1,52300,
CCUR,7.56,7.63,7.1,7.16,101800,
CDD,105.07,105.57,104.709999,104.980003,0,
CDE,12.54,12.6,12.06,12.25,1433500,
CDI,14.32,14.36,13.91,14.19,32200,
CDNS,14.27,14.35,14.09,14.22,1875800,
CDR,5.28,5.28,5.13,5.15,499500,
CDZI,4.74,5.17,4.71,4.75,97700,
CE,44.900002,45.279999,43.57,43.689999,2490400,
CEB,59.220001,61.889999,59.220001,61.099998,192900,
CECE,12.45,12.68,12.26,12.37,86100,
CECO,2.68,2.73,2.57,2.68,894100,
CEL,8.91,9.16,8.9,9.07,114200,
CELG,112.519997,114.839996,110.529999,113,6670000,
CENTA,7.22,7.31,7.21,7.28,135200,
CENX,8.89,9.04,8.63,8.95,1020300,
CEO,157.050003,160.830002,155.270004,159.190002,203000,
CERN,94.099998,95.529999,93.019997,94.639999,1936800,
CERS,4.42,4.55,4.35,4.5,331700,
CETV,3.39,3.4,3.24,3.3,598400,
CEVA,18.09,18.59,17.77,18.35,242600,
CF,180.189991,180.189991,174.610004,176.329994,5787000,
CFI,16.75,17.379999,16.370001,16.969999,45000,
CFN,36.59,36.83,36.33,36.5,1738300,
CFNL,14.7,14.77,14.53,14.54,187200,
CFR,64.25,65.260002,64.18,64.919998,285600,
CFX,50.389999,50.419998,49.549999,50.040001,686400,
CG,24.58,24.879999,23.85,24.190001,586200,
CGA,2.83,2.83,2.8,2.8,38700,
CGEN,5.83,5.86,5.55,5.58,190000,
CGG,22,22.34,21.82,22.280001,500,
CGI,18.360001,18.4,17.959999,18.08,147500,
CGNX,44.77,44.950001,44.25,44.27,379400,
CGX,46.32,47.11,46.16,46.47,34800,
CHCO,38.279999,38.68,37.959999,38.349998,44900,
CHD,59.290001,60.279999,58.91,59.720001,1385000,
CHDN,77.900002,77.900002,76.25,76.559998,34800,
CHDX,15.72,15.88,15.08,15.51,32500,
CHE,72.870003,73.629997,72.489998,73.019997,242600,
CHEF,16.809999,17.23,16.290001,16.860001,37200,
CHFC,25.860001,26.23,25.709999,25.959999,33000,
CHH,38.860001,39.650002,38.57,39.099998,78300,
CHIQ,12.88,13.06,12.74,13,238100,
CHK,19.83,19.91,19.32,19.600001,10958800,
CHKP,49,49.759998,48.68,49.299999,1508200,
CHKR,14.88,14.88,14.43,14.87,158800,
CHL,48.740002,49.349998,48.5,48.98,1409100,
CHLN,1.82,1.82,1.63,1.65,21700,
CHMT,21.5,21.76,21,21.34,828400,
CHOP,1.9,1.9,1.75,1.82,7100,
CHRW,54.560001,54.82,53.740002,54.330002,2219100,
CHS,16.110001,16.139999,15.68,15.84,3262500,
CHSP,20.049999,20.57,19.85,20.450001,941700,
CHT,30.459999,31.200001,30.190001,31.120001,431800,
CHTP,2.17,2.23,2.05,2.15,1505500,
CHTR,118.949997,120.769997,116.449997,118.440002,1125600,
CHU,12.6,12.63,12.4,12.54,662100,
CHUY,39,39.950001,38.119999,39.740002,248400,
CI,70.629997,71.900002,70.290001,70.839996,4413700,
CIB,55.73,55.73,53.580002,53.990002,465200,
CIE,25.389999,25.879999,24.65,25.709999,3288400,
CIEN,19.48,19.51,19,19.25,3477600,
CIG,8.470005,8.559994,8.250001,8.41,4732300,
CIM,2.91,2.99,2.87,2.9,2251600,
CINF,45.139999,45.16,44.529999,44.77,895700,
CIS,1.7,1.73,1.68,1.73,64468,
CISG,6.08,6.15,6.04,6.06,45100,
CIT,45.75,45.76,43.63,44.31,4019868,
CJES,18.790001,19.190001,18.629999,18.940001,466500,
CKEC,17.33,17.49,17.08,17.309999,119400,
CKH,78.809998,80.269997,77.5,80.059998,180000,
CKP,13.9,13.98,13.74,13.75,217500,
CKSW,8.27,8.37,8.07,8.33,39600,
CL,56.279999,56.740002,55.470001,56.150002,4418700,
CLB,150.139999,153,147,150.309998,463900,
CLC,51.650002,52.290001,51.290001,51.84,197300,
CLD,16.950001,17.1,16.190001,16.75,1228800,
CLDT,16.389999,16.530001,16.129999,16.25,142600,
CLDX,13.81,14.11,13.46,13.76,2007400,
CLF,16.799999,16.83,15.5,15.88,14909000,
CLGX,21.59,22.18,21.4,22.08,1324400,
CLH,51.099998,51.380001,50.369999,50.759998,769800,
CLI,23,23.83,22.59,23.200001,933800,
CLMS,10.46,10.56,10.25,10.3,116700,
CLMT,34.610001,34.720001,33.189999,34.009998,641000,
CLNE,12.34,12.5,12.16,12.25,949000,
CLNY,19.639999,19.84,19.219999,19.549999,1107900,
CLP,5000,5000,5000,5000,0,
CLR,82.559998,84.43,80.440002,83.260002,2104000,
CLS,8.99,9.12,8.89,9.03,163700,
CLSN,1.220001,1.300001,1.13,1.21,491300,
CLW,47.650002,47.700001,46.700001,47.110001,130700,
CLWR,5.06,5.08,5.02,5.03,17150900,
CLX,81.830002,82.75,81.300003,81.910004,976500,
CM,71.120003,72.449997,70.57,71.970001,555300,
CMA,38.220001,38.650002,37.740002,38.439999,2475100,
CMC,13.76,13.83,13.43,13.54,1529000,
CMCO,20.709999,21.030001,20.5,20.82,85300,
CMCSA,39.369999,40,39.330002,39.779999,33677800,
CMCSK,38,38.439999,37.82,38.110001,1855500,
CME,77.150002,77.150002,75.760002,76.059998,3469900,
CMG,357.720001,360.75,352.269989,358.160004,452500,
CMI,109.110001,109.260002,105.550003,105.940002,4270800,
CMLP,21.719999,22.15,21.120001,22,545400,
CMN,34.120005,34.429994,33.850004,34.129995,114100,
CMO,12.25,12.33,11.9,12.04,1698800,
CMP,82.25,83.029999,81.519997,82.510002,134200,
CMRE,17.18,17.379999,17.049999,17.219999,248900,
CMS,26.139999,26.76,25.809999,26.6,3354400,
CMTL,25.540001,25.950001,25.450001,25.66,56900,
CNA,30.4,31.26,30.18,31.15,364600,
CNC,49.82,50.349998,49.439999,49.84,746000,
CNDO,8.33,8.41,7.89,8.13,953700,
CNH,40.18,41.28,40.18,40.39,261400,
CNI,93.910004,94.739998,92.949997,93.980003,1362600,
CNIT,2.6,2.64,2.42,2.44,43800,
CNK,26.9,27.219999,26.59,27.059999,679400,
CNL,44.18,45,43.900002,44.709999,387200,
CNMD,30.42,30.82,29.950001,30.73,140100,
CNO,12.53,12.58,12.19,12.3,1379300,
CNP,22.58,22.809999,22.360001,22.620001,2138000,
CNQ,27.639999,28.23,26.98,28,4495200,
CNQR,75.66,77.92,74.77,77,707800,
CNS,33.139999,33.32,32.119999,33.09,166800,
CNSI,28.809999,29.32,28.68,28.92,72000,
CNSL,16.5,16.85,16.309999,16.700001,209600,
CNW,38.66,38.889999,37.5,38.189999,1285100,
CNX,29.49,29.559999,27.280001,28.049999,5613800,
COCO,2.12,2.18,2.08,2.14,640600,
CODE,1.12,1.12,1.12,1.12,0,
CODI,16.799999,16.9,16.540001,16.73,129200,
COF,60.93,61,59.810001,59.970001,3147200,
COG,67.290001,69.68,65.68,69.07,4105400,
COGO,1.95,1.98,1.9,1.9,25500,
COH,55.759998,55.810001,53.790001,55.27,5269200,
COHR,55.369999,55.759998,54.330002,54.450001,66400,
COHU,11.63,12,11.63,11.84,95900,
COL,62.380001,62.389999,61.130001,61.73,840000,
COLB,22.389999,22.59,22.209999,22.41,279100,
COLM,61.119999,61.650002,60.02,60.709999,171800,
CONE,19.16,19.51,19.049999,19.200001,249000,
CONN,48.610001,49.400002,47.310001,48.82,647500,
COO,117.480003,119.050003,116.75,117.849998,233800,
COP,59.779999,59.900002,58.709999,59.349998,7389700,
COR,29.709999,30.639999,28.84,30.09,441200,
CORE,63.290001,63.68,63.049999,63.27,299200,
CORN,40.939999,41.240002,40.900002,41.16,51000,
CORR,7.1,7.1,6.73,7.01,45200,
CORT,1.77,1.83,1.74,1.8,76500,
COST,107.459999,110.599998,107.440002,109.639999,1832300,
COT,7.57,7.64,7.39,7.56,454100,
COTY,16.799999,16.82,16.459999,16.610001,1206100,
COV,55.75,56.39,54.48,55.91,3623200,
COW,26.98,27.24,26.959999,27.02,21300,
COWN,2.92,2.97,2.84,2.91,355300,
CP,116.370003,117.82,113.82,116.800003,1833400,
CPA,131.729996,131.929993,128,131.179993,430100,
CPB,43.189999,44.080002,42.900002,43.599998,1197600,
CPE,3.35,3.35,3.2,3.27,325000,
CPF,17.719999,17.99,17.639999,17.91,101000,
CPHD,32.240002,34.419998,32.240002,33.830002,721700,
CPIX,5.02,5.06,4.95,5.04,161800,
CPL,16.78995,17.109951,16.499947,16.89995,394400,
CPLA,40.189999,41.389999,39.830002,40.459999,107000,
CPLP,9,9,8.44,8.74,283600,
CPN,20.67,21,20.379999,20.889999,4551000,
CPRT,30.68,30.83,30.139999,30.139999,1116100,
CPSI,49.09,49.970001,48.68,49.470001,87700,
CPSS,7.06,7.27,6.82,7.08,133600,
CPT,64.580002,67.43,64.019997,65.989998,990100,
CPWR,9.98712,10.014,9.78546,9.9007,2140000,
CQB,10.26,11.192,10.26,10.79,833400,
CQP,25.77,25.77,24.35,25.049999,551200,
CQQQ,23.610001,24.280001,22.610001,23.9,47200,
CR,56.279999,57.5,55.860001,56.869999,257600,
CRAY,19.459999,19.93,19.209999,19.75,511100,
CREE,60.139999,60.139999,57.029999,58.419998,3176600,
CRH,19.59,19.83,19.459999,19.620001,163400,
CRI,72.470001,73.199997,71.629997,72.480003,551500,
CRIS,3.32,3.38,3.19,3.27,300500,
CRK,15.95,16.530001,15.59,16.180001,158700,
CRL,41.25,41.32,40.549999,40.860001,627700,
CRM,37.630001,37.630001,36.130001,36.950001,8583200,
CRME,1.96,1.99,1.87,1.9,8800,
CRMT,41.900002,43.23,41.639999,43.009998,29800,
CRNT,3.28,3.29,3.17,3.23,96000,
CROC,46.049999,46.25,45.119999,45.41,31400,
CROX,15.58,15.71,15.08,15.46,1336200,
CRR,64.620003,67.339996,62.110001,65.989998,339800,
CRRC,14.1,14.2,13.95,14,43300,
CRS,45.07,45.310001,43.91,44.759998,300800,
CRTX,8.64,8.64,8.26,8.33,57700,
CRUS,17.15,17.25,16.459999,17.1,2642400,
CRY,6.14,6.24,6.08,6.09,66100,
CRZO,27.459999,28.1,26.860001,27.450001,732800,
CS,26.15,26.59,26.02,26.389999,2013000,
CSC,43.879999,43.959999,42.709997,43.049996,4047400,
CSCO,24.32,24.469999,24.040001,24.059999,35972700,
CSE,9.22,9.26,9.14,9.15,1336500,
CSGP,123.290001,125.25,122.800003,125.040001,165100,
CSGS,21.379999,21.719999,20.959999,21.389999,190600,
CSH,46.310009,46.929993,45.950004,46.719997,467900,
CSII,20.68,21,20.25,20.6,90800,
CSIQ,8.94,9.1,8.3,8.39,2716700,
CSL,62.27,62.380001,61.240002,61.400002,411400,
CSOD,44.119999,44.630001,43.060001,44.43,309100,
CST,31.879999,32.290001,31.379999,32.099998,1070600,
CSTE,26.99,27,25.1,25.889999,460700,
CSTM,15.2,15.35,14.78,15.15,470800,
CSTR,58.71,58.9,57.6,57.62,634900,
CSU,22.700001,22.799999,21.639999,22.459999,302000,
CSUN,1.88,1.88,1.78,1.82,37900,
CSV,16.950001,17.49,16.82,17.200001,151000,
CSX,23.23,23.24,22.4,22.65,13780300,
CTAS,44.810001,45.48,44.650002,45.110001,420100,
CTB,30.9,32.5,30.51,32.490002,3333400,
CTCM,11.77,11.99,11.01,11.14,750400,
CTCT,16.48,16.48,15.8,16.049999,182200,
CTGX,22.33,22.55,21.59,22.09,78500,
CTIC,1.1,1.1,1.02,1.09,1643700,
CTL,33.98,34.369999,33.830002,33.990002,5296700,
CTRN,14.12,14.2,13.89,14.06,98800,
CTRP,30.9,30.9,29.370001,29.969999,2308700,
CTRX,49.669998,49.709999,48.310001,49.049999,3077200,
CTS,13.09,13.73,12.7,13.33,230900,
CTSH,61.869999,62.110001,60.919998,61.700001,4097000,
CTXS,59.51,59.689998,58.000002,58.540001,3050000,
CU,20.540001,20.540001,19.5,19.700001,19000,
CUB,48.630001,48.689999,47.720001,48.240002,111300,
CUBE,15.81,15.83,15.26,15.49,3178900,
CUI,5.36,5.4,5.22,5.31,17583,
CUK,33.860001,34.279999,33.43,34.080002,89200,
CUTR,8.56,8.82,8.25,8.8,117900,
CUZ,9.58,9.720001,9.470001,9.560001,1979400,
CVA,19.700001,19.75,19.4,19.709999,920400,
CVBF,11.35,11.5,11.23,11.4,543000,
CVC,14.94,15.33,14.78,14.79,4042600,
CVD,74.69,77.12,74.45,76.61,452600,
CVE,27.799999,28.110001,27.25,27.74,1860600,
CVG,17.530001,17.629999,17.299999,17.459999,605000,
CVGI,7.69,7.69,7.41,7.46,108200,
CVGW,26.299999,26.889999,26.190001,26.450001,55200,
CVI,48.369999,48.389999,46.540001,47.119999,534900,
CVLT,76.260002,77.110001,74.769997,76.57,631600,
CVO,2.13,2.13,2.06,2.08,43100,
CVRR,29,29.129999,26.440001,28.02,1545900,
CVS,57.099998,57.439999,56.27,56.84,5058200,
CVU,10,10.11,9.98,10.11,147600,
CVX,117.709999,118.029999,116.019997,116.82,6785700,
CVY,22.67,22.700001,22.209999,22.440001,824400,
CW,36.139999,36.619999,35.68,35.799999,155700,
CWCO,10.91,11,10.68,10.98,83200,
CWH,0.14,0.14,0.14,0.14,0,
CWST,4,4.08,3.95,4,158600,
CWT,19.040001,19.24,18.77,19.139999,212900,
CWTR,2.54,2.55,2.21,2.25,295100,
CX,9.639963,9.689966,9.369977,9.639963,28633800,
CXDC,4.06,4.06,4.03,4.04,37300,
CXO,84.199997,85.589996,83.139999,84.419998,1377700,
CXPO,2.83,2.94,2.78,2.9,56700,
CXW,32.799999,33.580002,32.25,32.77,1695100,
CY,10.39,10.43,10.1,10.23,2710200,
CYB,25.91,25.950001,25.799999,25.93,271900,
CYBX,51,51.740002,50.59,51.209999,301600,
CYC,1149.15,1149.15,1149.15,1149.15,0,
CYCC,2.939999,2.979999,2.779999,2.799999,22700,
CYD,17.75,17.959999,17.629999,17.92,72600,
CYH,45.240004,46.09,43.960001,44.779999,1756800,
CYN,61.459999,61.709999,61.060001,61.389999,256200,
CYNO,23.35,23.639999,23.02,23.450001,308500,
CYOU,28.790001,28.870001,27.07,27.66,230100,
CYS,9.22,9.23,8.81,8.95,5647800,
CYT,72.849998,74.230003,72.059998,73.720001,756400,
CYTR,2.02,2.03,1.95,2,62500,
CYTX,2.300001,2.310001,2.210001,2.230001,15300,
CZR,12.24,12.44,11.9,12.25,347700,
CZZ,15.34,15.53,15.07,15.34,886600,
D,54.400002,55.52,54.150002,55.200001,3387700,
DAKT,10.04,10.22,10,10.1,96300,
DAL,18.09,18.09,17.290001,17.360001,12095600,
DAN,17.639999,17.700001,16.6,17.110001,3206600,
DANG,6.61,6.62,6.03,6.21,4719900,
DAR,18.559999,18.780001,18.34,18.610001,763000,
DATA,55.41,55.740002,52.599998,54.93,190900,
DATE,5.24,5.24,4.98,5.04,24300,
DAVE,14.54,14.99,14.25,14.62,31100,
DB,42.699998,43.44,42.479999,42.919997,2078000,
DBA,25.16,25.26,25.139999,25.219999,453600,
DBB,16.09,16.1,15.94,16.07,587100,
DBC,25.200001,25.42,25.16,25.32,2212800,
DBD,31.6,32.060001,31.41,31.76,760100,
DBE,26.92,27.290001,26.92,27.190001,340900,
DBEF,23.27,23.57,23.209999,23.43,50700,
DBJP,32.220001,32.639999,32.040001,32.509998,62100,
DBLE,4.01,4.07,3.95,3.95,8800,
DBO,25.309999,25.77,25.24,25.49,517000,
DBP,41.849998,42.060001,41.580002,41.84,31500,
DBS,33.18,33.400002,32.740002,33.130001,5000,
DBV,25.1,25.18,25.01,25.1,154400,
DCI,34.57,34.849998,34.349998,34.57,602300,
DCIX,4.83,4.99,4.61,4.76,82900,
DCM,14.76,14.8,14.65,14.75,173200,
DCO,20.6,20.74,19.66,19.879999,123200,
DCT,6.99,7,6.75,6.87,2047500,
DCTH,0.42,0.43,0.4,0.41,7200,
DD,52.520001,53.009999,52.02,52.659997,8370400,
DDC,14.05,14.14,13.46,13.78,686900,
DDD,42.459999,43.23,41.049999,42.700001,4467000,
DDM,89.349998,90.669998,87.980003,89.349998,1200600,
DDR,16.049999,16.34,15.6,15.99,6041600,
DDS,79.510002,80.830002,78.970001,80.18,500500,
DE,80.830002,81.400002,79.5,81,5733800,
DECK,48.139999,48.580002,46.59,47.349998,911000,
DEI,23.82,24.66,23.280001,24.17,1469600,
DELL,13.35,13.37,13.28,13.34,10615100,
DEM,46.529999,47,45.810001,46.349998,1949700,
DENN,5.33,5.39,5.27,5.35,913600,
DEO,112.160004,113.989998,111.870003,113.610001,1034700,
DEPO,5.85,5.95,5.68,5.71,389300,
DES,56.91,57.279999,56.310001,56.779999,89600,
DEST,25.09,25.17,24.5,24.9,77500,
DF,9.9,9.91,9.66,9.7,2046100,
DFJ,46.080002,46.240002,45.279999,46.009998,74900,
DFRG,20.18,20.309999,19.6,20.18,139400,
DFS,45.73,45.849998,45.080002,45.330002,3702800,
DFT,22.74,23.08,22.209999,22.700001,932500,
DG,49.779999,50.419998,49.5,50,3669000,
DGI,30.370001,30.66,29.65,30.35,579800,
DGII,9.6,9.65,9.45,9.55,45300,
DGIT,6.45,6.45,6.15,6.2,639800,
DGL,43.52,43.619999,43.150002,43.380001,39000,
DGRW,23.799999,23.950001,23.6,23.809999,45300,
DGS,44.389999,44.689999,43.73,44.330002,281700,
DGX,60.73,61.400002,60.209999,60.810001,1825900,
DHI,20.5,21.23,20.02,20.92,12263600,
DHR,61.639999,62.29,61.230001,61.66,4102800,
DHT,4.36,4.37,4.3,4.33,20000,
DHX,8.84,8.94,8.6,8.73,303000,
DIA,146.330002,147.429993,145.169998,146.279999,14129300,
DIG,52.75,53.509998,51.18,52.41,171000,
DIN,67.720001,67.959999,66.389999,67.120003,121900,
DIOD,24.809999,24.9,24.43,24.85,701900,
DIS,62.25,62.990002,61.82,62.439999,6494500,
DISCA,74.879998,75.600003,74.129998,75.140002,2061300,
DISCK,66.860001,68.040001,66.410004,67.720001,1638600,
DISH,39.860001,40.290001,38.73,39.169998,3600000,
DJP,37.16,37.240002,37,37.099998,528100,
DJX,147.96,147.96,145.51,146.6,15866697728,
DK,28.9,28.9,27.57,28.6,960500,
DKL,32.990002,32.990002,31.65,32.5,22100,
DKS,49.900002,50.509998,49.259998,50.080002,896100,
DLB,33.040001,33.169998,32.669998,32.720001,224300,
DLLR,14.79,15.17,13.96,14,1284600,
DLN,58.790001,59.169998,58.290001,58.720001,140700,
DLPH,49.16,49.16,47.400002,48.169998,2112400,
DLR,57.759998,58.650002,57.439999,57.73,2406200,
DLTR,49.240002,49.990002,48.91,49.619999,2543900,
DLX,34.400002,34.48,33.619999,33.77,389500,
DM,1.63,1.63,1.55,1.57,475700,
DMD,8.219999,8.27,8.03,8.170001,108100,
DMLP,23.6,23.9,23.370001,23.66,33300,
DMND,19.870001,20.15,19.309999,19.879999,364700,
DNB,95.010002,95.010002,93.809998,94.309998,353800,
DNDN,3.87,3.95,3.8,3.93,3067806,
DNKN,41.450001,41.880001,40.630001,41.700001,1135100,
DNN,1.18,1.19,1.15,1.17,684200,
DNO,37.41,37.41,36.619999,36.709999,13300,
DNR,16.84,17.26,16.559999,17.01,6137500,
DO,66.330002,66.860001,64.889999,66.220001,1189600,
DOG,30.129999,30.360001,29.9,30.129999,956100,
DOLE,12.68,12.78,12.5,12.77,1710200,
DOM,4.9,4.94,4.75,4.77,38500,
DORM,44.669998,44.959999,43.860001,44.419998,126800,
DOV,76.620005,76.800003,75.580004,75.830005,1365000,
DOW,32.200001,32.630001,31.65,32.349998,8508600,
DOX,35.849998,36.32,35.34,36.16,1427200,
DPK,15.69,15.92,15.32,15.48,20000,
DPM,49.849998,50.23,48.099998,49.700001,541100,
DPS,45.130001,45.560001,44.919998,45.189999,1359900,
DPZ,56.5,57.23,55.75,57.009998,955600,
DRC,55.919998,58.689999,55.900002,58.049999,846500,
DRD,5.6,5.67,5.42,5.51,102100,
DRE,14.56,15.05,14.29,14.58,3728200,
DRH,8.82,9.08,8.67,8.83,2508000,
DRI,49.48,49.560001,48.43,49.029999,3396800,
DRIV,18.05,18.485,18.05,18.26,299400,
DRN,38,41.490002,36.5,38.959999,3829200,
DRQ,87.800003,89.099998,86.480003,88.300003,338900,
DRRX,0.93,1,0.9,0.96,787600,
DRV,19,19.360001,17.07,18.219999,103300,
DRWI,2.46,2.62,2.44,2.62,15000,
DRYS,1.779999,1.779999,1.649999,1.679999,400,
DSCI,13.2,13.41,12.8,13.1,12200,
DSCO,1.600001,1.640001,1.560001,1.560001,29900,
DSL,22.15,22.299999,21.059999,22.030001,761500,
DSS,2.6,2.6,2.4,2.4,50500,
DST,64.389999,64.690002,64.010002,64.290001,154200,
DSW,72.139999,72.620003,70.93,71.900002,482600,
DSX,9.61,9.77,9.38,9.56,1310600,
DTE,64.18,64.879997,63.68,64.309998,1116100,
DTLK,10.86,11.1,10.6,10.93,37200,
DTN,61.189999,61.509998,60.560001,61.02,261700,
DTSI,20.620001,20.84,19.92,19.940001,62700,
DTV,61.560001,61.950001,60.669998,60.740002,3886400,
DUG,67.900002,70.059998,67.139999,68.559998,183900,
DUK,65.190002,66,64.949997,65.459999,2935900,
DUST,130.619997,142.809997,129.539997,139.279997,39400,
DV,28.940001,29.129999,28.67,28.799999,448700,
DVA,122.949997,124.370003,121.510002,123.040001,1433800,
DVAX,1.07,1.09,1.04,1.04,217400,
DVN,52.830002,52.849998,51.66,52.029999,4363100,
DVR,0.15,0.15,0.15,0.15,0,
DVY,62.880001,63.400002,62.41,62.889999,1863900,
DW,39.490002,40.09,39.130001,39.709999,107700,
DWA,23.92,24.440001,23.860001,24.290001,632400,
DWRE,38.400002,39.220001,37.700001,38.91,625400,
DWSN,8.229918,8.229918,8.00992,8.05992,16200,
DWX,42.369999,42.68,41.970001,42.400002,354800,
DX,10.16,10.24,9.9,10.11,883600,
DXCM,20.780001,21.84,20.51,21.74,681400,
DXD,36.560001,37.099998,36,36.540001,2192600,
DXJ,43.529999,43.98,42.990002,43.759998,7244600,
DXLG,6.18,6.18,5.95,6.04,206300,
DXM,17.690001,18.040001,16.82,17.91,199700,
DXPE,65.019997,65.910004,64.459999,65,95300,
DY,22.549999,22.629999,21.860001,22.18,193600,
DYAX,3.37,3.44,3.29,3.34,433400,
DYN,22.08,22.540001,21.879999,22.33,1071000,
DZK,42.790001,44.009998,42.220001,43.650002,23600,
E,40.459999,40.990002,40.27,40.650002,581700,
EA,21.889999,21.940001,21.33,21.610001,3102600,
EAT,38.130001,38.169998,37.23,37.689999,1332800,
EBAY,50.829997,51.329997,50.089998,50.819999,22381200,
EBF,16.91,17.58,16.4,17.309999,55000,
EBIX,9.48,10,9.13,9.25,3926000,
EBR,2,2.07,1.92,2.03,1121900,
EBR.B,3.73,3.76,3.62,3.7,224400,
EBS,14.41,14.48,14.25,14.4,80000,
EC,40.279999,40.650002,39.720001,39.869999,465300,
ECA,16.959999,17.09,16.51,16.91,4381200,
ECH,50.5,50.630001,49.34,50.389999,297100,
ECHO,18.49,18.85,18.34,18.639999,119700,
ECL,83,84.760002,82.580002,83.93,1288900,
ECOL,26.9,27.66,26.68,27.370001,67000,
ECPG,34.189999,34.189999,32.82,33.349998,333300,
ECT,9.39,9.45,9.01,9.19,185700,
ECYT,12.75,12.8,12.35,12.77,299700,
ED,55.98,56.66,55.419998,56.290001,2418200,
EDAP,2.76,2.79,2.65,2.72,78100,
EDC,19.299999,20.200001,18.719999,19.610001,444800,
EDE,21.52,21.77,21.370001,21.620001,160900,
EDIV,36.75,37.439999,36.369999,37.310001,213500,
EDMC,6.12,6.12,5.42,5.47,108600,
EDR,9.559905,9.789903,9.419906,9.649904,268400,
EDU,20.93,20.93,20.059999,20.370001,1457900,
EDZ,73.82,75.580002,70.739998,72.849998,1347900,
EE,35.32,35.669998,35.150002,35.369999,199900,
EEB,29.43,29.67,28.860001,29.32,142800,
EEFT,29.91,31.530001,29.809999,30.469999,530600,
EEM,36.490002,37.040001,36.16,36.650002,105810400,
EEMV,53.990002,54.639999,53.650002,54.209999,875400,
EEP,29.059999,29.26,28.01,28.98,1238000,
EEQ,28.700102,28.950105,27.780087,28.690094,185700,
EET,56.919998,58.380001,55.82,57.25,66900,
EEV,29.85,30.32,29,29.549999,700600,
EFA,56.740002,57.330002,56.439999,57.029999,24351500,
EFAV,56.16,56.740002,55.849998,56.150002,485200,
EFC,22.42,22.48,21.35,21.92,356600,
EFG,60.639999,61.310001,60.369999,61,54800,
EFII,27.74,27.809999,27.07,27.389999,225900,
EFU,63.830002,64.07,62.599998,63.080002,7500,
EFV,48.200001,48.68,47.93,48.400002,261500,
EFX,57.970001,58.369999,57.540001,58.02,467100,
EFZ,41,41.220001,40.610001,40.810001,218500,
EGAN,7.63,7.96,7.59,7.9,148000,
EGBN,21.73,21.860001,21.41,21.68,64300,
EGHT,8.1,8.23,7.82,8.12,913900,
EGLE,3.250006,3.400006,3.100006,3.160006,1500,
EGN,51.84,52.279999,50.5,52.009998,678000,
EGO,6.15,6.17,5.93,5.97,7141400,
EGOV,15.89,16.23,15.76,16.040001,328500,
EGP,53.689999,54.57,52.470001,53.389999,246100,
EGY,5.42,5.55,5.155,5.46,668500,
EHTH,22.33,22.629999,22.030001,22.190001,215200,
EIG,24.299999,24.450001,23.969999,24.07,105600,
EIX,45.639999,46.59,45.389999,46.18,3189800,
EJ,4.090005,4.110004,3.94,3.96,502100,
EKDKQ,0.1215,0.15,0.11,0.12,7262700,
EL,64.889999,65.709999,63.93,64.739998,1884600,
ELD,46.48,47.110001,45.799999,46.860001,830200,
ELGX,13.33,13.47,13.08,13.25,392700,
ELLI,22.27,22.27,21.77,21.799999,458800,
ELN,13.9,14,13.77,13.85,9255100,
ELNK,6.13,6.26,6.01,6.24,1359000,
ELON,2.23,2.3,2.15,2.15,23400,
ELOS,8.4,8.77,8.4,8.67,116600,
ELP,11.27,12.22,11,12.13,1786700,
ELRC,16.799999,17.290001,16.799999,17.030001,37600,
ELX,6.22,6.27,6.12,6.17,628200,
ELY,6.55,6.61,6.46,6.58,476100,
EMAN,3.44,3.44,3.4,3.44,38938,
EMB,103.5,104.980003,101.199997,103.690002,2825300,
EMC,24.07,24.129999,23.459999,23.719999,21592300,
EME,39.459999,39.610001,39.009998,39.220001,267700,
EMKR,3.76,3.78,3.6,3.67,200100,
EMLC,24,24,23.370001,23.709999,1211400,
EMN,69.169998,70.410004,68.029999,70,1849100,
EMR,54.130001,54.450001,53.419998,54,4165400,
ENB,40.900002,41.009998,39.689999,40.68,2224300,
END,3.28,3.31,3.03,3.21,451300,
ENDP,37.650002,37.709999,36.869999,37.189999,1656700,
ENG,0.96,0.97,0.76,0.88,94200,
ENH,48.73,49.060001,47.990002,49,397500,
ENI,14.7,14.78,14.39,14.76,743400,
ENOC,11.86,12.09,11.58,11.84,247100,
ENPH,7,7,6.54,6.65,407300,
ENR,97.349998,98.419998,96.620003,97.389999,510300,
ENS,48.509998,48.509998,47.16,47.43,336200,
ENSG,35.419991,35.799994,35.059991,35.089998,268400,
ENTG,9.5,9.7,9.39,9.42,611900,
ENTR,4.22,4.28,4.1,4.17,640100,
ENVI,2.06,2.09,1.97,2.01,224100,
ENZ,2.11,2.15,2.06,2.12,55900,
ENZN,1.65,1.66,1.61,1.62,207300,
EOC,41.02,41.060001,40.110001,40.91,300200,
EOG,128.889999,129.460007,124.529999,127.410004,3962200,
EOPN,16.81,17.27,16.501,16.96,90700,
EOX,6.54,6.59,6.3,6.47,33400,
EPAM,26.870001,26.889999,25.860001,26,301500,
EPAX,3.4,3.4,3.3,3.32,31600,
EPAY,25.200001,25.4,24.709999,24.879999,129000,
EPB,40.71,41.35,39.04,40.85,677200,
EPD,58.259998,58.93,56.110001,58,10536400,
EPI,15.5,15.64,15.37,15.48,3538600,
EPIQ,13.38,13.57,13.08,13.28,63600,
EPL,28.05,28.89,26.79,28.45,345400,
EPM,11,11.04,10.75,10.92,86100,
EPP,42.75,43.049999,42.27,42.75,1488900,
EPR,48.279999,48.759998,46.689999,47.59,784400,
EPU,33.860001,33.860001,33.169998,33.349998,95700,
EPV,25.030001,25.35,24.58,24.860001,66300,
EPX,405.25,406.84,392.17,401.29,0,
EQIX,177.320007,178.330002,172.970001,176.130005,1040300,
EQM,49.509998,49.740002,47.52,48.919998,158000,
EQR,54.02,56.619999,53.470001,55.59,3679900,
EQT,78.699997,81.260002,77.370003,80.300003,1451500,
EQU,3.79,3.97,3.68,3.96,324800,
EQY,21.23,21.76,20.860001,21.389999,569400,
ERF,13.86,14.08,13.57,13.95,870700,
ERIC,10.78,10.91,10.67,10.85,8337700,
ERII,4.24,4.5,4.1,4.36,314600,
ERJ,36.240002,36.630001,35.299999,36.029999,2446700,
EROC,8.26,8.29,7.46,7.91,1562100,
ERX,60.290001,61.52,57.18,59.57,1244800,
ERY,32.810001,34.369999,32.169998,33.16,955000,
ESC,22.8,22.91,21.85,22.05,627900,
ESE,31.6,32.040001,31.200001,31.68,69000,
ESEA,1.01,1.02,1.01,1.01,6700,
ESI,23.450001,23.469999,22.27,22.860001,512100,
ESIO,10.63,10.68,10.46,10.46,68400,
ESL,70.279999,70.610001,69.400002,69.720001,141700,
ESRX,61.610001,61.849998,60.889999,61.400002,2932300,
ESS,150.759995,157.179993,149.369995,153.509995,286600,
ESV,57.009998,57.009998,54.990002,56.080002,2385700,
ET,33.67,33.68,33.64,33.66,2303900,
ETE,55.439999,56.82,54.59,56,9569600,
ETFC,12.06,12.15,11.61,11.89,6378000,
ETH,27.75,28.18,26.76,27.82,515400,
ETM,9.07,9.26,8.86,8.97,113700,
ETN,62.82,62.889999,61.23,62.189999,4371900,
ETP,47.009998,47.950001,45.16,47.27,2150700,
ETR,67.550003,68.540001,66.900002,68.110001,1257800,
ETRM,1.150001,1.200001,1.120001,1.160001,33800,
EUI,76.300003,76.57,76.080002,76.230003,0,
EUO,19.120001,19.129999,18.92,18.98,1447200,
EUU,131.070007,131.429993,130.600006,131.179993,0,
EV,37.849998,37.990002,36.07,36.720001,940000,
EVC,6.07,6.08,5.7,5.79,1569700,
EVEP,33.5,33.759998,32.650002,33.48,419800,
EVER,15.99,16.209999,15.72,16.129999,811300,
EVR,37.060001,37.130001,35.900002,36.700001,431200,
EVTC,21.58,21.809999,20.469999,21.01,445800,
EW,66.32,66.760002,64.360001,66.349998,2799200,
EWA,22.559999,22.799999,22.34,22.6,3384700,
EWBC,26.450001,26.75,26.360001,26.68,1167500,
EWC,25.870001,26.110001,25.610001,25.91,2378900,
EWD,29.700001,29.969999,29.42,29.719999,509700,
EWG,24.48,24.85,24.459999,24.67,3348000,
EWH,18.059999,18.120001,17.809999,18.030001,14474100,
EWI,12,12.25,11.98,12.17,3307700,
EWJ,10.81,10.88,10.66,10.82,10380400,
EWL,28.07,28.32,28.01,28.26,1503000,
EWM,15.06,15.16,14.91,15.11,524300,
EWP,27.559999,28.049999,27.5,27.860001,293400,
EWQ,23.17,23.530001,23.129999,23.389999,461300,
EWS,12.49,12.5,12.31,12.44,1333600,
EWT,12.64,12.69,12.48,12.59,3271200,
EWU,17.6,17.790001,17.549999,17.68,1133500,
EWV,21.690001,22.129999,21.389999,21.549999,25300,
EWW,58.889999,59.470001,57.740002,58.950001,5618100,
EWX,42.34,42.830002,41.889999,42.439999,107200,
EWY,50.130001,50.549999,49.560001,50.150002,3446400,
EWZ,42.970001,43.490002,41.650002,43.07,25470400,
EXA,9.7,10.3,9.46,9.5,36700,
EXAM,20.91,21.049999,20.57,20.59,213900,
EXAR,11.25,11.47,11.01,11.02,107600,
EXAS,12.91,13.14,12.67,12.97,1122800,
EXC,30,30.950001,29.84,30.620001,10042500,
EXEL,4.5,4.57,4.36,4.45,1736400,
EXH,27.84,28.32,27.530001,27.940001,816900,
EXK,3.45,3.48,3.11,3.18,1606100,
EXL,12.43,12.51,12.12,12.31,299700,
EXLP,29.09,29.639999,27.52,28.66,235500,
EXLS,29.299999,29.879999,28.559999,29.540001,149100,
EXMCF,0.06,0.06,0.05,0.06,471400,
EXP,64.309998,65.400002,62.389999,64.370003,1243100,
EXPD,36.93,37.299999,36.450001,36.709999,1322200,
EXPE,58.419998,58.610001,56.060001,56.990002,3027600,
EXPO,58.669998,59.779999,58.23,59.049999,78400,
EXPR,20.48,20.48,19.959999,20.01,743300,
EXR,41.290001,42.049999,40.549999,41.25,1742700,
EXTR,3.51,3.58,3.44,3.48,368900,
EXXI,24.549999,24.940001,23.52,24.5,1735100,
EZA,54.07,54.830002,53.369999,54.150002,599100,
EZCH,26.49,26.68,26.16,26.219999,185600,
EZJ,72.059998,72.889999,70.019997,72.43,46800,
EZPW,18.34,18.58,18.1,18.379999,374700,
EZU,32.459999,32.880001,32.32,32.66,683100,
F,14.67,14.83,14.3,14.67,58598000,
FAF,21.08,21.1,20.389999,20.530001,1791000,
FALC,1.39,1.39,1.27,1.29,261300,
FARO,33,33.349998,32.509998,32.889999,175700,
FAS,58.150002,59.400002,55.700001,57.59,55453200,
FAST,44.900002,45.720001,44.389999,45.18,1811900,
FAZ,37.09,38.52,36.34,37.41,3113500,
FB,23.950001,24.110001,23.379999,23.940001,40626000,
FBC,13.15,13.75,13.12,13.66,438800,
FBHS,37.060001,37.060001,35.869999,36.900002,2301800,
FBN,4,4,3.78,3.86,67917,
FBP,6.89,7.02,6.82,6.85,426000,
FBR,11.16,11.28,10.87,11.09,2094800,
FBRC,24.34,24.52,23.950001,24.34,31500,
FBT,54.790001,55.959999,53.82,55.48,191700,
FCE.A,17.34,17.42,16.71,17.15,1069300,
FCEL,1.179999,1.189999,1.1,1.14,211600,
FCFS,53.279999,55.119999,53.25,54.560001,193200,
FCG,15.89,16.080001,15.47,15.87,268700,
FCH,5.66,5.8,5.51,5.61,1022100,
FCN,33.34,33.73,32.959999,33.080002,349500,
FCS,13.16,13.2,12.84,13.13,1880000,
FCSC,6.18,6.18,5.34,6.09,173500,
FCX,27.74,27.74,26.370001,26.82,40725200,
FDEF,22.17,22.370001,21.870001,22.16,21900,
FDN,44.349998,44.52,43.650002,44.099998,395700,
FDO,61.369999,61.66,60.119999,61.240002,1199300,
FDP,26.530001,27.690001,26.440001,27.35,295800,
FDS,99.019997,99.190002,98.400002,98.57,787700,
FDUS,17.809999,18.26,17.559999,17.6,93700,
FDX,95.370003,96.699997,94.599998,95.900002,2710500,
FE,36.259998,36.689999,35.720001,36.41,3509200,
FEIC,73.730003,74.120003,72.779999,73.449997,224400,
FET,30.709999,30.82,30.059999,30.75,762100,
FEZ,32.139999,32.689999,32.07,32.439999,2218100,
FF,14.65,14.71,13.8,13.8,144800,
FFBC,14.59,14.82,14.51,14.66,354000,
FFCH,20.1,20.53,20.1,20.44,63500,
FFG,43.07,43.130001,42.529999,42.68,67200,
FFIC,15.78,15.99,15.64,15.8,82600,
FFIN,53.75,54.880001,53.689999,54.389999,187400,
FFIV,70.230003,70.32,67.529999,68.019997,2239700,
FFNW,10.14,10.14,9.86,10.03,51400,
FGP,21.690001,21.709999,20.68,21.450001,372500,
FHCO,9.92,9.93,9.72,9.9,133300,
FHN,10.64,10.94,10.51,10.73,6366600,
FICO,44.59,44.860001,44.060001,44.560001,230900,
FIG,6.57,6.6,6.27,6.4,3025500,
FII,26.35,26.389999,25.719999,26.15,909900,
FINL,21,21.41,20.620001,21.059999,1006300,
FIO,13.28,13.32,12.72,13.09,3833400,
FIRE,52.34,53.31,51.62,52.69,440700,
FIS,42.369999,42.869999,42.09,42.529999,1949400,
FISV,86.040001,86.410004,85.449997,85.449997,1335200,
FITB,17.59,17.68,17.33,17.459999,14737800,
FIVE,37.380001,38.240002,37.099998,37.779999,526400,
FIW,26.9,27.07,26.610001,26.870001,59300,
FIX,14.11,14.2,13.9,13.96,79600,
FIZZ,17.16,17.290001,16.65,17.09,28900,
FL,34.669998,34.709999,34.02,34.360001,1691600,
FLDM,16.200001,16.51,16.139999,16.290001,48700,
FLEX,7.34,7.4,7.28,7.32,3642100,
FLIR,25.68,25.68,25.389999,25.459999,1690600,
FLML,6.01,6.12,5.88,5.99,76800,
FLO,21.5,21.719999,21.290001,21.469999,1313800,
FLOW,3.57,3.63,3.53,3.59,310700,
FLR,59.110001,59.139999,57.84,58.610001,1760500,
FLS,52.700001,52.900002,50.900002,52.049999,1532000,
FLT,82.949997,83.239998,80.43,82.379997,1100300,
FLTX,30.209999,33.959999,30.120001,33.240002,325400,
FLWS,5.96,6.03,5.7,5.7,135100,
FLY,16.42,16.5,16.040001,16.389999,130600,
FMBI,13.02,13.2,13.01,13.09,669000,
FMC,62.02,62.32,61.09,61.720001,697500,
FMER,19.51,19.98,19.389999,19.709999,2068100,
FMS,34.790001,35.209999,34.790001,34.830002,417600,
FMX,91.07,92.980003,89.82,91.410004,1175300,
FN,14.39,14.42,14.06,14.08,170600,
FNB,11.31,11.57,11.26,11.49,895100,
FNF,22.349995,22.580001,21.989997,22.31,4256400,
FNFG,9.68,9.72,9.56,9.64,3394400,
FNGN,44.099998,44.959999,43.310001,44.5,366700,
FNP,20.11,20.6,19.9,20.34,3014100,
FNSR,15.98,16.43,15.81,16.08,5698900,
FNV,32.400002,32.779999,31.700001,32.130001,572400,
FOE,7.09,7.09,6.64,6.88,527400,
FOLD,2.29,2.3,2.18,2.19,445500,
FOR,19.66,19.690001,19.1,19.440001,408800,
FORM,6.7,6.77,6.39,6.69,401900,
FORR,36.380001,36.48,35.990002,36.189999,85700,
FOSL,98.870003,99.379997,97.019997,97.959999,666400,
FPO,12.61,12.63,12.11,12.22,640800,
FR,14.55,14.56,14.11,14.26,1066800,
FRAK,24.889999,25.1,24.27,24.93,9300,
FRAN,26.459999,26.82,25.99,26.030001,1926400,
FRC,37.779999,37.810001,37.130001,37.369999,841700,
FRED,15.16,15.42,15.03,15.24,136300,
FRGI,35.330002,35.330002,33.43,33.619999,173800,
FRM,6.93,7.2,6.86,6.95,93800,
FRME,16.91,17.15,16.77,16.83,94900,
FRO,1.85,1.89,1.77,1.83,198400,
FRP,7.83,8.17,7.72,8.03,62400,
FRT,96.160004,98.5,94.349998,96.68,422000,
FRX,40.45,40.67,40.11,40.46,2433900,
FSA,11.47,11.47,11.47,11.47,0,
FSC,10.03,10.07,9.78,9.87,2360400,
FSG,1.65,1.65,1.65,1.65,0,
FSL,13.86,13.86,13.13,13.38,2343900,
FSLR,41.900002,42.560001,40.82,41.25,7072100,
FSM,2.87,2.93,2.74,2.81,271900,
FSP,12.72,12.99,12.34,12.57,711600,
FSS,8.59,8.69,8.28,8.28,241400,
FST,3.95,3.995,3.77,3.91,4198367,
FSTR,43.27,44.02,42.75,43.18,15800,
FSYS,15.85,16.059999,15.6,15.75,149400,
FTE,0.015,0.015,0.015,0.015,0,
FTEK,3.62,3.64,3.55,3.6,57000,
FTI,54.400002,55.630001,53.169998,55.099998,1791400,
FTK,16.6,16.74,15.94,16.540001,590300,
FTNT,17.15,17.190001,16.5,16.530001,2416800,
FTR,3.92,3.93,3.8,3.8,12818800,
FU,3.76,3.77,3.59,3.7,77700,
FUBC,6.49,6.53,6.36,6.49,70900,
FUL,38.77,38.950001,37.619999,37.939999,309900,
FULT,11.05,11.11,10.94,11.05,1114300,
FUN,38.889999,39.209999,38.279999,39,187900,
FUR,11.63,11.93,11.41,11.57,240900,
FURX,33.41,35.33,32.93,33.24,51700,
FVE,5.16,5.21,5.01,5.05,638000,
FWLT,23.19,23.56,22.6,23.26,1093900,
FWM,24.76,24.76,23,23.77,488900,
FWRD,38.110001,38.110001,37.389999,37.75,105800,
FXA,92.309998,93.059998,92.290001,92.699997,803800,
FXB,152.25,152.660004,151.979996,152.440002,48100,
FXC,94.32,94.959999,94.220001,94.82,336400,
FXCM,16,16.180001,15.680001,15.980001,75600,
FXD,26.120001,26.26,25.709999,26.07,445400,
FXE,129.539993,130.220001,129.5,130.020004,528700,
FXEN,3.62,3.75,3.45,3.57,474400,
FXF,104.970001,105.360001,104.940002,105.18,38100,
FXI,31.809999,32.200001,31.440001,31.940001,37349000,
FXO,18.209999,18.25,17.959999,18.110001,228800,
FXP,26.16,26.709999,25.530001,25.950001,381900,
FXS,146.699997,147.309998,146.380005,147.309998,7900,
FXY,100.160004,100.699997,100.040001,100.25,927500,
FXZ,26.030001,26.23,25.700001,26.059999,163700,
G,19.129999,19.58,18.91,19.370001,868800,
GA,7.5,7.5,6.85,7.09,1553772,
GAGA,3.71,3.71,3.62,3.62,85000,
GAIA,4.45,4.45,4.31,4.42,6600,
GAIN,7.23,7.25,7.11,7.11,134500,
GALE,2.01,2.07,1.97,2.05,1182200,
GAME,3.83,3.85,3.74,3.75,766100,
GAS,41.939999,42.049999,41.509998,41.779999,419500,
GASL,19.270001,19.850001,17.700001,19.180001,1600,
GASS,10.25,10.25,10,10.13,168000,
GASX,13.56,14.47,13.02,13.52,64800,
GAZ,2.56,2.6,2.55,2.55,31700,
GB,32.57,32.759998,32.200001,32.709999,136500,
GBCI,21.16,21.73,21.030001,21.57,448400,
GBDC,17.469999,17.49,16.870001,17.370001,364100,
GBP,153.570007,154.649994,153.509995,154.339996,0,
GBX,22.68,22.68,22.049999,22.280001,426500,
GCA,5.81,6.02,5.71,6.01,637000,
GCC,26.129999,26.129999,25.969999,26.049999,157400,
GCI,23.59,23.93,23.360001,23.58,2827800,
GCO,66.059998,66.110001,64.269997,64.300003,256500,
GCOM,12.79,12.96,12.64,12.85,33200,
GD,76.040001,77.099998,75.629997,76.480003,2283500,
GDI,0.19,0.19,0.19,0.19,0,
GDOT,18.02,18.440001,17.77,18.16,242300,
GDP,11.96,12.18,11.43,11.89,795500,
GDRZF,2.83,2.83,2.75,2.75,30100,
GDX,24.32,24.41,23.52,23.75,36549500,
GDXJ,9.31,9.35,8.7,8.8,1753400,
GE,23.120001,23.15,22.76,22.93,48760800,
GEF,51,51.349998,50.470001,51.009998,82600,
GEL,48.16,48.650002,45.369999,47.669998,420700,
GENE,2.46,2.63,2.45,2.62,4800,
GEO,33.52,33.900002,32.84,33.279999,740400,
GEOS,68,68,65.309998,66,268900,
GERN,1.2,1.23,1.16,1.22,1149900,
GES,30.209999,30.530001,29.43,30.09,923000,
GEVA,41.389999,44.07,40.700001,43.75,181100,
GEVO,2.189998,2.199998,2.079998,2.109998,4000,
GEX,14.319857,14.369857,14.10986,14.289857,30500,
GFA,2.43,2.46,2.32,2.38,2316200,
GFF,10.45,10.71,10.32,10.57,164000,
GFI,5.17,5.24,5.08,5.11,5335700,
GFIG,3.87,3.93,3.74,3.74,373200,
GG,23.879999,24.33,23.120001,23.58,10611900,
GGB,5.48,5.48,5.27,5.38,4956300,
GGG,61.689999,61.779999,60.259998,60.91,323500,
GGP,19.26,19.66,18.84,19.32,3934300,
GGS,0.01,0.01,0.01,0.01,0,
GHDX,34.080002,34.580002,33.689999,34.23,226900,
GHL,45.02,45.25,43.220001,43.650002,303600,
GHM,27.110001,27.299999,27,27.120001,18700,
GIFI,21.120001,22.629999,20.5,20.940001,43100,
GIGM,0.96,0.97,0.95,0.97,5000,
GIII,46.310001,47.18,45.099998,45.529999,382600,
GIL,39.360001,39.41,38.32,38.990002,550400,
GILD,48.200001,49.709999,46.700001,48.93,11453100,
GILT,5.45,5.45,5.27,5.45,25600,
GIS,48.349998,48.82,48.119999,48.32,4339000,
GIVN,13.35,13.35,13.08,13.16,98100,
GK,46.619999,46.799999,45.41,45.959999,100300,
GLAD,7.9,7.98,7.76,7.82,139200,
GLD,124.309998,124.699997,123.309998,123.93,12749300,
GLDD,7.88,7.99,7.74,7.82,310200,
GLF,44.259998,44.310001,42.580002,42.75,155100,
GLL,98.720001,100.18,98.099998,99.18,246100,
GLNG,32.279999,32.52,31.76,32.130001,925700,
GLOG,12.68,12.72,12.2,12.3,233000,
GLP,37.450001,38.529999,36.040001,37.549999,76600,
GLPW,15.23,15.69,14.99,15.55,28700,
GLRE,24.1,24.219999,23.799999,23.809999,143400,
GLT,25.469999,25.549999,24.82,24.84,170800,
GLUU,2.21,2.25,2.1,2.22,1812000,
GLW,14.09,14.19,13.86,13.96,11963100,
GM,31.76,31.84,31.129999,31.42,18970400,
GMAN,13.09,13.24,12.63,12.91,41100,
GMCR,73.230003,74.290001,71.5,73.330002,3102300,
GME,40.299999,40.720001,39.740002,39.900002,4180600,
GMED,15.64,15.75,15.21,15.61,390500,
GMLP,32.799999,33.459999,31.719999,32.139999,172200,
GMO,1.91,1.97,1.83,1.84,280500,
GMT,45.880001,46.080002,45.400002,45.52,318000,
GNC,46.029999,46.200001,45.529999,45.610001,1563400,
GNCMA,7.78,7.91,7.71,7.71,253200,
GNE,9,9.27,8.73,9.02,65600,
GNK,1.6,1.78,1.48,1.69,989900,
GNMK,9.8,10.28,9.52,10.11,407800,
GNRC,34.650002,35.27,34.5,35.07,1475200,
GNTX,22.030001,22.129999,21.65,21.91,932000,
GNW,10.81,10.91,10.36,10.61,18682100,
GOL,3.21,3.22,3.01,3.09,186100,
GOLD,64.07,64.379997,62.389999,63,1434300,
GOOGL,871.880005,876.320019,863.250033,869.789995,6027700,
GORO,9.36,9.43,8.85,9.32,859100,
GOV,23.68,24.110001,23.129999,23.52,749800,
GPC,75.57,76.800003,75.139999,75.959999,608400,
GPI,60.939999,61.400002,60.009998,60.900002,229900,
GPK,7.55,7.62,7.38,7.57,1972400,
GPL,0.7,0.72,0.67,0.67,601500,
GPN,45.650002,46.060001,44.84,45.810001,1999600,
GPOR,47.459999,48.119999,45.779999,46.959999,1190600,
GPRE,12.66,12.67,11.92,12.25,433000,
GPS,40.889999,41.110001,40,40.369999,3141200,
GPT,8.839991,9.38999,8.749991,9.34999,537200,
GPX,23.76,24.09,23.42,23.73,23800,
GRA,79.489998,81.330002,78.190002,80.75,800100,
GRC,29.360001,30.29,29.200001,29.890001,32800,
GREK,14.59,14.9,14.11,14.77,254300,
GRFS,26,26.110001,25.129999,25.93,1208800,
GRMN,34.52,34.93,34.18,34.560001,931500,
GROW,2.33,2.33,2.13,2.16,126400,
GRPN,7.91,8.13,7.62,7.97,20160400,
GRT,23.8,24.07,22.71,23.5,6312900,
GRU,6.82,6.82,6.76,6.78,5800,
GS,151.990005,152.600006,148.710007,150.779999,4013200,
GSG,30.549999,30.889999,30.48,30.68,458900,
GSH,19.77,19.790001,19.5,19.700001,23200,
GSI,0.98,0.99,0.95,0.95,18200,
GSK,48.650002,49.450001,48.299999,49.060001,2485800,
GSM,10.71,11.18,10.57,11.04,830900,
GSS,0.42,0.49,0.41,0.46,3326100,
GST,2.49,2.61,2.42,2.55,213200,
GSVC,7.88,7.9,7.66,7.71,123000,
GT,14.72,14.84,13.9,14.25,6173400,
GTAT,3.67,3.69,3.44,3.5,4224900,
GTE,5.72,5.73,5.52,5.58,803900,
GTI,7.67,7.67,7.39,7.49,1210300,
GTIV,10.35,10.63,10.07,10.12,129300,
GTLS,89.559998,89.629997,86.849998,87.980003,534900,
GTN,7.11,7.16,6.86,7,759200,
GTXI,6.41,6.63,6.3,6.49,355300,
GTY,20.040001,20.35,19.5,19.85,93600,
GUID,8.73,8.87,8.65,8.75,32000,
GUR,35.639999,36.130001,35.240002,35.740002,31700,
GURE,1.15,1.15,1.11,1.11,128200,
GV,2.14,2.19,2.05,2.15,375700,
GVA,28.73,28.969999,28.33,28.629999,223300,
GVZ,27.19,28.35,26.12,27.69,0,
GWAY,11.53,11.94,11.45,11.87,105300,
GWL,24.52,24.68,24.34,24.559999,356000,
GWR,83.160004,83.599998,81.720001,82.489998,569100,
GWRE,39.790001,42,39.68,41.880001,694700,
GWW,249.440002,253.229996,247.399994,250.940002,289600,
GXC,60.740002,61.439999,60.009998,60.900002,331200,
GXG,17.790001,17.790001,17.25,17.620001,244500,
GXP,22.049999,22.280001,21.73,22.17,1134200,
GY,16.1,16.2,15.34,15.58,1380400,
GZT,12.74,12.88,12.56,12.79,13600,
H,38.540001,39.150002,38.049999,38.75,310700,
HA,6.03,6.06,5.77,5.77,1046000,
HAE,41.759998,41.959999,41.52,41.549999,267600,
HAFC,16.200001,16.49,16.200001,16.379999,207300,
HAIN,63.700001,64.279999,62.869999,63.810001,929000,
HAL,41.209999,41.43,40.119999,40.950001,11160800,
HALO,6.09,6.88,5.88,6.69,2720700,
HAO,21.379999,21.58,21.120001,21.43,566600,
HAR,48.619999,48.82,47.59,48.290001,767700,
HAS,44.169998,44.209999,43.689999,43.849998,951000,
HASI,11.7,11.7,11.51,11.6,187900,
HAWK,24.139999,24.280001,23.42,23.83,141400,
HAYN,46.02,46.860001,45.25,46.369999,51000,
HBAN,7.63,7.7,7.56,7.61,12196300,
HBC,50.49,50.99,50.38,50.7,2915090,
HBHC,28.65,29.66,28.58,29.200001,758500,
HBI,49.369999,50.189999,48.349998,49.720001,3697200,
HBIO,4.86,4.86,4.720002,4.770005,115200,
HBM,6.62,6.62,6.4,6.55,28500,
HCA,37.130001,37.84,35.98,36.599998,4815200,
HCBK,8.59,8.65,8.49,8.62,3619300,
HCC,42.130001,42.41,41.950001,42.049999,514000,
HCI,30.629999,31.18,28.73,29.1,394000,
HCLP,21.99,22.110001,20.75,20.799999,239600,
HCN,62.939999,64.599998,61.860001,63.27,2895300,
HCP,42.540004,43.490003,41.500003,42.39,5854400,
HCSG,23.66,23.799999,23.34,23.5,560300,
HD,72.900002,74.019997,72.410004,73.510002,10214400,
HDB,35.150002,35.150002,33.900002,33.91,738900,
HDGE,16.879999,16.879999,16.549999,16.709999,1093900,
HDV,65.709999,66.400002,65.330002,65.839996,544400,
HDY,0.43,0.46,0.42,0.45,41100,
HE,24.18,24.59,24.049999,24.4,540500,
HEDJ,46.59,47.209999,46.09,46.5,84500,
HEES,21.459999,21.459999,20.530001,20.889999,103400,
HEI,50.970001,51.31,50.050001,50.539999,173100,
HELE,38.029999,38.16,37.400002,37.82,141200,
HEP,36.73,37.080002,35.669998,36.34,124700,
HERO,6.31,6.91,6.21,6.83,4738000,
HES,63.279999,63.459999,61.32,62.869999,5068300,
HF,17.190006,17.36,16.850005,16.970001,309800,
HFC,41.189999,41.189999,39.959999,40.73,3265300,
HGG,16,16,14.51,14.96,534000,
HGT,8.63,8.8,8.55,8.67,132400,
HGX,175.24,175.44,168.79,173.19,0,
HHC,103.220001,105.459999,102.050003,103.879997,247900,
HHS,8.87,8.96,8.67,8.75,227200,
HI,23.139999,23.299999,22.66,22.879999,159500,
HIBB,55.610001,55.610001,54.369999,55.009998,229300,
HIG,28.9,28.93,28.040001,28.66,6103700,
HII,54.66,55.5,54.32,55.040001,214500,
HIMX,5.04,5.22,4.76,4.87,7669800,
HITK,32.79,34.48,32.5,34.22,135300,
HITT,53.63,54.76,53.1,54.43,243300,
HIW,32.68,33.779999,32.130001,33.389999,1261800,
HK,5.37,5.46,5.11,5.43,27400,
HKTV,5.79,5.79,5.5,5.74,62400,
HL,2.93,2.93,2.76,2.85,9361900,
HLF,44.509998,44.810001,42.779999,43.549999,2786700,
HLIT,6.17,6.27,6.16,6.16,796300,
HLS,28.01,28.309999,27.51,27.709999,927900,
HLSS,22.799999,23.01,22.57,22.870001,1785000,
HLX,22.59,22.780001,22,22.33,894500,
HMA,15.75,15.96,15.29,15.49,5149700,
HMC,35.580002,35.689999,35.150002,35.439999,387200,
HME,60.93,63.549999,60.259998,62.34,559700,
HMIN,25.4,25.690001,23.93,24.58,579200,
HMN,24.389999,24.58,24.040001,24.040001,170300,
HMST,19.690001,19.889999,19.66,19.76,131000,
HMSY,22.120001,22.540001,21.889999,22.34,610300,
HMY,3.46,3.49,3.29,3.33,5153500,
HNI,34.369999,35.27,33.959999,34.799999,134300,
HNP,35.91,35.91,35.139999,35.599998,185600,
HNR,3.27,3.29,3.05,3.05,495800,
HNSN,1.53,1.66,1.42,1.43,39500,
HNT,30.110001,30.9,29.889999,30.66,768500,
HOFT,16.040001,16.040001,15.51,15.74,24000,
HOG,50.029999,50.68,49.150002,50.150002,1528600,
HOGS,13.31,13.33,13.29,13.32,945400,
HOLI,11.15,11.84,10.93,11.73,204000,
HOLX,19.48,19.709999,19.32,19.459999,3671200,
HOMB,20.790001,21.360001,20.709999,21.16,374800,
HON,77.489998,77.540001,76.150002,76.650002,3581400,
HOS,51.880001,52.419998,49.91,51.279999,518100,
HOT,61.689999,62.259998,60.459999,61.490002,1944200,
HOV,5.4,5.51,5.18,5.36,10535200,
HP,60.5,62.41,59.77,61.810001,1797400,
HPP,20.059999,20.459999,19.65,20.040001,122500,
HPQ,23.94,23.999998,23.189998,23.429998,35221400,
HPT,24.389999,24.98,23.75,24.290001,1799900,
HPY,34.540001,34.68,34.23,34.389999,725900,
HR,23.780001,24.58,23.4,24.219999,1109600,
HRB,28.059999,28.110001,27.24,27.48,2759800,
HRC,33.119999,33.240002,32.740002,33.02,154700,
HRG,7.43,7.61,7.38,7.4,315200,
HRL,37.580002,38.400002,37.540001,37.98,1992600,
HRS,48.200001,48.66,47.689999,47.82,548500,
HRZN,13.46,13.46,12.77,12.93,87100,
HSC,22.15,22.309999,21.860001,22.129999,551600,
HSH,32.18,32.54,31.75,32.23,1137100,
HSIC,93.519997,94.68,92.889999,94.07,424800,
HSII,16.610001,16.84,16.35,16.58,73200,
HSNI,52.150002,52.959999,51.75,52.32,203700,
HSOL,1.81,1.84,1.72,1.74,466300,
HSP,34.529999,34.93,34.09,34.57,552700,
HST,15.94,16.4,15.6,16.059999,11120300,
HSTM,24.870001,25.190001,24.48,24.52,85800,
HSY,86.059998,87.099998,85.550003,86.330002,979000,
HT,5.36,5.51,5.27,5.35,426300,
HTA,11.2,11.22,10.82,10.95,1272400,
HTCH,5.27,5.36,4.86,4.97,1059700,
HTGC,13.68,13.68,12.97,13.28,829200,
HTH,16.01,16.129999,15.55,15.93,506800,
HTHT,15.11,15.22,14.9,14.91,148900,
HTLD,13.8,13.91,13.63,13.86,636100,
HTS,24.969999,25.09,23.879999,24.57,1401500,
HTSI,45.54,46.45,44.78,45.73,535900,
HTWR,91.349998,94.989998,90.110001,94.300003,262300,
HTZ,22.83,23.15,22.030001,22.790001,8541700,
HUB.B,96.11,96.58,95.72,95.83,148700,
HUBG,35.450001,36.09,35.419998,36.009998,494200,
HUM,84.440002,85.900002,84,84.599998,1782200,
HUN,16.26,16.540001,16.02,16.360001,4436600,
HURN,44.25,44.93,44.209999,44.279999,133300,
HUSA,0.3,0.31,0.28,0.29,163200,
HVT,22.639999,22.639999,21.09,21.51,187500,
HW,8.65,8.78,8.37,8.57,1050500,
HWAY,16.379999,17.08,16.379999,16.879999,633100,
HWCC,13.72,14.03,13.68,13.83,46100,
HXL,33.43,33.709999,32.75,33.259998,801200,
HXM,3.07,3.07,2.91,2.95,889800,
HY,63.330002,63.330002,58.610001,59.84,63100,
HYD,28.809999,29.1,27.889999,28.57,2431000,
HYG,89.449997,90,88.269997,89.040001,12116100,
HYLD,49.939999,49.950001,49.009998,49.669998,118800,
HYS,101.75,101.900002,100.809998,100.959999,543100,
HZNP,2.41,2.46,2.35,2.44,340400,
HZO,11.22,11.42,11.06,11.24,116300,
I,20.09,20.66,19.9,20.360001,239200,
IACI,46.900002,47.189999,46.310001,46.77,1116200,
IAG,4.28,4.28,4.08,4.1,9501100,
IAI,30.23,30.32,29.77,30.129999,72300,
IART,36.279999,36.810001,35.779999,36.240002,163000,
IAT,28.559999,28.559999,28.219999,28.35,151800,
IAU,12.48,12.53,12.39,12.45,9390300,
IBB,166.419998,169.539993,164.139999,167.970001,1254900,
IBCP,6.25,6.38,6.25,6.25,14800,
IBKC,53.040001,53.450001,52.619999,52.889999,189800,
IBKR,16.17,16.17,15.82,15.82,334900,
IBM,193.990005,194.910004,191.339996,193.539993,4356200,
IBN,37.780001,37.79,37.030001,37.390001,5850500,
IBOC,21.27,21.82,21.24,21.540001,184600,
ICA,6.94,6.97,6.66,6.85,941000,
ICAD,5.41,5.42,5.25,5.25,20900,
ICE,170.410004,173.959999,168.700008,171.940002,4703500,
ICF,76.769997,79.279999,75.849998,77.589996,936000,
ICGE,11.45,11.61,11.4,11.46,120700,
ICLR,35.34,35.669998,34.560001,35.400002,201400,
ICN,19.9,19.98,19.709999,19.92,22500,
ICON,28.389999,28.620001,27.9,28.27,777300,
ICUI,73.050003,73.699997,72.760002,73.309998,81100,
IDA,46.439999,47.32,46.18,47.009998,218400,
IDCC,43.799999,44.029999,42.630001,43.5,328900,
IDIX,3.6,3.61,3.39,3.56,1741400,
IDSY,4.91,5.05,4.91,4.99,7700,
IDT,19.340003,19.549997,18.899998,19.129996,399300,
IDTI,7.91,8.01,7.79,7.79,1818400,
IDU,91.830002,93.18,91.309998,92.589996,323000,
IDV,31.799999,32.130001,31.389999,31.91,765900,
IDXX,89.010002,90.32,88.410004,89.470001,848600,
IEF,101.260002,102.199997,101.25,101.779999,2731500,
IEI,119.860001,120.510002,119.860001,120.220001,319600,
IEMG,43.830002,44.16,43.209999,43.939999,3012800,
IEO,70.889999,71.480003,69.419998,70.620003,217500,
IEP,70.769997,70.769997,67.349998,69.400002,213200,
IEV,38.759998,39.189999,38.650002,38.990002,406800,
IEX,51.310001,51.91,50.939999,51.450001,470200,
IEZ,55.889999,56.299999,54.84,55.810001,131000,
IFF,75.5,75.699997,73.019997,74.93,533600,
IFGL,30.01,30.389999,29.82,30.17,127400,
IFN,18.190001,18.41,18.059999,18.290001,176300,
IFT,6.82,7,6.74,7,55900,
IGE,38,38.200001,37.27,37.759998,278400,
IGT,16,16.049999,15.64,15.83,3432700,
IGTE,15.05,15.07,14.54,14.64,276000,
IGV,66.239998,66.309998,65.379997,65.879997,114500,
IHF,82.730003,83.550003,82.449997,82.970001,73200,
IHS,95.900002,98.220001,95.029999,97.779999,801400,
IIIN,18.07,18.15,17.68,17.790001,81100,
IIJI,19.34,19.459999,19.280001,19.290001,13300,
IILG,19.809999,19.99,19.59,19.82,246600,
IIVI,16.299999,16.5,16,16.040001,172500,
IJH,112.510002,113.529999,111.440002,112.559998,1571800,
IJJ,98.690002,99.529999,97.839996,98.720001,148900,
IJK,125.18,126.349998,123.839996,125.199997,305500,
IJR,88.480003,89.010002,87.599998,88.32,3169000,
IJS,91.489998,92.019997,90.639999,91.290001,202200,
IJT,95.309998,95.580002,94.040001,94.980003,198400,
IL,6.64,6.68,6.49,6.61,219000,
ILF,34.889999,35.400002,34.380001,35.119999,761200,
ILMN,69.07,72.650002,68.839996,72.160004,1374900,
IM,18.49,18.530001,18.26,18.26,701400,
IMAX,24.360001,24.43,23.5,23.799999,1293100,
IMGN,15.63,16,15.3,15.85,519500,
IMH,10.55,10.65,10.15,10.49,23500,
IMKTA,24.32,24.809999,23.52,24.440001,53000,
IMMR,12.74,13.01,12.34,12.8,354300,
IMMU,4.9,5.36,4.56,4.93,2818900,
IMN,4.15,4.19,3.94,4.08,143000,
IMO,37.349998,38,37.09,37.580002,273600,
IMOS,18,18.389999,17.690001,18.18,304500,
IMPV,41.950001,42.830002,40.68,42.599998,237700,
IMUC,2.16,2.17,2,2.07,26500,
IN,9.94,9.948,9.9,9.91,722771,
INAP,7.8,7.98,7.61,7.92,123700,
INCY,18.860001,19.6,18.23,19.35,1292700,
INDB,33.200001,33.689999,33.110001,33.599998,79900,
INDL,12.15,12.15,11.55,11.66,44700,
INFA,33.369999,33.75,32.869999,33.349998,846200,
INFI,18.59,18.73,18.15,18.389999,1017000,
INFN,10.53,10.7,10.23,10.41,1585800,
INFY,39.560001,39.560001,38.91,39.209999,8265200,
ING,8.58,8.83,8.56,8.71,3806800,
INGR,64.43,64.43,63.110001,63.619999,532500,
ININ,50.599998,52.5,50.599998,51.509998,81600,
INN,9.25,9.37,9.12,9.21,455500,
INP,51.23,51.23,50.259998,50.82,106400,
INSM,11.75,12.01,11.45,12,429600,
INT,38.900002,39.450001,38.400002,38.950001,288300,
INTC,24.08,24.219999,23.41,23.58,49145200,
INTL,17.450001,17.5,17.280001,17.4,81200,
INTU,57.779999,58,56.740002,57.509998,1952200,
INTX,8.86,8.87,8.61,8.69,90600,
INVE,0.8,1.04,0.76,0.95,209700,
INVN,14,14.16,13.13,13.34,3290300,
INWK,11.35,11.35,11.1,11.27,330800,
INXN,24.42,24.440001,24.049999,24.299999,301400,
IO,5.930003,5.960003,5.770003,5.780003,105000,
IOC,68.760002,69.459999,65.080002,66.720001,971500,
IOO,67.410004,67.919998,66.889999,67.410004,137400,
IOSP,40.07,40.349998,39.27,39.93,83400,
IP,42.860007,43.210001,42.360005,42.890001,4996300,
IPAR,28.959999,29.040001,28.5,28.77,188700,
IPCM,52.939999,53.700001,52.139999,53.380001,189300,
IPG,14.15,14.3,13.96,14.18,3927000,
IPGP,59,59.240002,57.57,58.75,609800,
IPHI,10.68,10.82,10.5,10.54,178700,
IPHS,48.439999,48.450001,47.68,48.07,57800,
IPI,18.52,18.91,18.33,18.76,1146400,
IPXL,17.959999,18.16,17.6,17.91,706600,
IQNT,5.21,5.41,5.21,5.36,597000,
IR,54.529995,54.639996,53.389997,53.459999,3302700,
IRBT,37.509998,37.700001,36.02,36.68,603500,
IRC,9.43,9.58,9.22,9.36,937400,
IRDM,7.06,7.1,6.91,7.06,503900,
IRE,7.76,7.82,7.54,7.72,682400,
IRET,8.16,8.32,8.05,8.12,645500,
IRF,20.47,20.6,20.29,20.3,453400,
IRM,26.63,26.649996,25.910005,26.269997,2205400,
IRWD,11.26,11.36,10.98,11.01,1158200,
ISBC,20.29,20.74,20.220001,20.280001,464600,
ISCA,31.27,31.559999,31.01,31.18,114500,
ISIL,7.44,7.6,7.44,7.47,1698900,
ISIS,24.9,28.540001,24.129999,28.42,9782300,
ISLE,7.22,7.35,6.98,7.3,128000,
ISRG,498.5,508.649994,495.339996,504.170013,267000,
ISS,5.25,5.25,5.0001,5.11,602668,
ISSC,6.41,6.75,6.28,6.7,43200,
ISSI,11,11,10.67,10.68,61200,
IT,56.59,57.099998,56.220001,56.380001,392700,
ITB,21.49,22.030001,21.15,21.790001,8691600,
ITC,86.440001,88.759998,86.139999,88.34,918000,
ITG,13.83,14.12,13.83,13.94,406000,
ITMN,9.5,9.71,9.32,9.41,1328000,
ITOT,72.169998,72.57,71.419998,72.010002,413400,
ITRI,41.130001,42.700001,41.040001,41.200001,329900,
ITT,28.52,28.719999,28.08,28.120001,654600,
ITUB,12.469996,12.630002,12.129997,12.400003,25004700,
ITW,67.300003,68.089996,67.139999,67.150002,3606700,
IVAC,5.01,5.22,5,5.05,124900,
IVAN,1,1,0.92,0.93,46800,
IVC,14.25,14.25,13.91,14.01,225300,
IVE,74.809998,75.269997,73.980003,74.669998,2002600,
IVR,17.540001,17.559999,16.73,17.26,3734100,
IVV,159.020004,160.059998,157.350006,158.639999,7071900,
IVW,83.029999,83.5,82.129997,82.779999,637200,
IVZ,32.25,32.25,31.09,31.299999,5970400,
IWB,87.779999,88.330002,86.839996,87.599998,841800,
IWC,60.470001,60.509998,59.540001,60.139999,147600,
IWD,81.949997,82.440002,81.029999,81.720001,2441300,
IWF,71.5,72.040001,70.809998,71.389999,2290300,
IWM,94.910004,95.519997,93.830002,94.709999,58774600,
IWN,83.599998,84.07,82.599998,83.370003,1352200,
IWO,109.379997,110.07,108.169998,109.199997,1328800,
IWP,69.779999,70.459999,69.129997,69.889999,264400,
IWR,126.18,127.25,124.860001,126.18,374000,
IWS,56.150002,56.700001,55.59,56.150002,692000,
IWV,93.989998,94.529999,92.93,93.739998,326200,
IXC,38.290001,38.59,37.75,38.240002,158500,
IXYS,10.96,10.96,10.56,10.67,83900,
IYE,44.23,44.459999,43.509998,43.98,550900,
IYF,69.610001,69.980003,68.519997,69.220001,732000,
IYG,69.650002,69.93,68.760002,69.339996,97600,
IYH,98.720001,99.730003,98,98.879997,467600,
IYJ,81.93,82.120003,80.970001,81.419998,168900,
IYM,67.550003,67.75,66.519997,67.139999,354100,
IYR,63.490002,65.43,62.709999,64.010002,30133200,
IYT,107.839996,108.029999,106.32,107.010002,539700,
IYW,73.129997,73.239998,72.220001,72.760002,426600,
IYZ,25.1,25.1,24.76,24.91,1101900,
JACK,38.130001,38.400002,37.75,38.200001,305800,
JAGGF,0.41,0.41,0.41,0.41,0,
JAH,42.420001,43.510005,42.280005,42.889996,1746000,
JAKK,9.92,9.93,9.75,9.75,99900,
JASO,6.19,6.25,5.9,6.02,1645800,
JAZZ,66.18,66.400002,65.080002,65.769997,618800,
JBHT,68.690002,69.18,67.970001,68.610001,645600,
JBL,19.959999,19.99,19.26,19.43,2928200,
JBLU,6.13,6.15,5.95,6.02,4135900,
JBT,21.290001,21.290001,20.74,20.940001,82300,
JCI,32.16,32.16,31.719999,31.719999,5151600,
JCOM,40.84,41.139999,40.389999,40.580002,278600,
JCP,15.69,15.72,15.04,15.42,9764400,
JDSU,13.85,13.93,13.57,13.67,3107100,
JE,6.21,6.21,5.94,6.09,1446300,
JEC,55.27,55.43,54.639999,54.759998,916900,
JIVE,16.969999,17.26,16.549999,17.16,552700,
JJC,37.18,37.419998,36.869999,37.27,154400,
JJG,50.75,50.959999,50.639999,50.759998,30500,
JKHY,46.830002,47.139999,46.509998,46.810001,223500,
JKS,8.17,8.17,7.25,7.44,793000,
JLL,85.900002,88.220001,84.160004,86.5,360200,
JMBA,15.33,15.36,14.53,14.53,335300,
JNJ,82.919998,85.309998,82.809998,84.610001,14777500,
JNK,38.740002,39.119999,38.209999,38.700001,21007300,
JNPR,18.52,18.639999,18.049999,18.49,6732300,
JNS,8.02,8.15,7.86,8.09,3753100,
JNY,13.71,13.81,13.16,13.38,698600,
JO,25.209999,25.280001,24.9,25.17,64200,
JOBS,60.869999,62.299999,58.5,61.599998,303200,
JOE,20.23,20.629999,20.07,20.360001,888000,
JOSB,39.38,40.2,38.7,39.75,545600,
JOY,49.57,50.18,48.52,49.700001,3228600,
JPM,50.880001,51.450001,50.110001,50.919998,30736500,
JRCC,1.96,1.97,1.7,1.88,2113400,
JRN,7.46,7.75,7.46,7.54,464100,
JST,4.84,4.95,4.84,4.9,30700,
JW.A,38.98,39.639999,38.810001,39.450001,382400,
JWN,57.490002,57.98,57.07,57.450001,869200,
JXI,41.650002,42.23,41.5,41.919998,99900,
K,63.139999,63.939999,62.669998,63.259998,1901200,
KAI,29.870001,29.950001,29.379999,29.58,33600,
KALU,61.560001,62.419998,60.259998,61.169998,136000,
KAMN,33.990002,34.169998,33.669998,33.799999,73100,
KAR,21.99,22.370001,21.52,22.26,789300,
KB,29.030001,29.4,28.74,29.17,221400,
KBALB,10.08,10.21,9.95,10.06,56700,
KBE,27.709999,27.84,27.459999,27.610001,2272400,
KBH,19.27,19.620001,18.299999,19.25,8569700,
KBR,31.690001,31.98,31.25,31.629999,1407200,
KBWB,30.48,30.6,30.17,30.309999,30300,
KCAP,10.28,10.46,9.83,10.28,403000,
KCE,38.5,38.880001,38.23,38.610001,111100,
KCG,3.66,3.68,3.63,3.67,1153500,
KDN,26.85,26.89,26.6,26.63,128900,
KEG,5.88,6.08,5.8,5.96,22000,
KELYA,17.209999,17.389999,16.83,17.030001,110100,
KEM,4.08,4.14,4,4.08,190400,
KEP,10.97,10.98,10.88,10.91,215700,
KERX,7.52,7.64,7.3,7.49,1936600,
KEX,77.650002,78.150002,75.650002,76.839996,429800,
KEY,10.4,10.56,10.32,10.44,13526100,
KEYN,19.85,19.86,19.75,19.82,3723600,
KEYW,13.75,13.82,13.19,13.24,275300,
KFN,10.25,10.32,10.05,10.2,1102200,
KFRC,15,15.09,14.78,14.98,125500,
KFY,17.360001,17.549999,17.07,17.17,262300,
KGC,4.95,5,4.83,4.87,19647900,
KIE,52.25,52.25,51.5,51.93,173800,
KIM,20.58,21.209999,20.25,20.76,4867300,
KIOR,4.02,4.7,3.97,4.53,274100,
KIRK,17.129999,17.23,16.309999,16.41,218700,
KKD,16.809999,16.809999,16.18,16.639999,937100,
KKR,18.299999,18.360001,17.27,17.799999,4586200,
KLAC,54.509998,54.610001,53.380001,53.810001,2606700,
KLIC,10.69,10.79,10.44,10.69,502400,
KMB,94.639994,96.050008,93.760003,95.089996,2470000,
KMI,36.099998,36.93,35.52,36.560001,5197200,
KMP,80.12,81.3,77.71,80.65,2355400,
KMR,77.35,78.9,76.59,77.9,1183900,
KMT,38.290001,38.610001,37.919998,38.299999,386700,
KMX,44,44.709999,43.419998,43.990002,2270500,
KND,12.87,13.01,12.61,12.61,523000,
KNDI,6.2,6.93,6.2,6.75,1967700,
KNL,14,14.4,13.82,14.18,231000,
KNOP,21.790001,21.889999,20.68,21.5,57300,
KNX,16.530001,16.6,16.370001,16.43,495200,
KO,39.450001,40.009998,39.130001,39.529999,16433700,
KOF,127.220001,130.220001,124.5,129.259995,114700,
KOG,8.55,8.78,8.4,8.65,5790100,
KOL,17.84,17.84,17.16,17.48,468900,
KOLD,79.300003,80.099997,77.839994,79.809998,43500,
KONG,6.48,6.48,5.95,6.35,123200,
KOP,38.509998,38.82,37.540001,37.669998,255500,
KOPN,3.58,3.65,3.55,3.62,192000,
KORS,58.150002,58.200001,56.150002,57.099998,3805800,
KOS,10.33,10.4,10.09,10.36,675500,
KR,33.52,34.240002,33.240002,33.990002,9606600,
KRA,19.91,19.969999,19.51,19.67,182900,
KRC,50.060001,51.77,49.240002,50.57,493800,
KRE,32.509998,32.790001,32.34,32.580002,2446700,
KRFT,53.330002,54.220001,52.91,53.82,3300400,
KRG,5.47,5.5,5.27,5.41,241200,
KRO,16.209999,16.950001,15.97,16.690001,338200,
KS,38.830002,39.540001,38.619999,38.849998,584800,
KSS,50.18,50.360001,49.389999,49.830002,1970200,
KSU,104.959999,104.959999,102.029999,103.669998,936400,
KT,15,15.15,15,15.07,580400,
KTCC,10.75,10.99,10.61,10.65,84900,
KTOS,6.19,6.25,6.01,6.19,450300,
KUB,67.98,69.77,67.11,69.13,204800,
KVHI,12.68,12.94,12.65,12.84,36000,
KW,16.950001,17,16.16,16.549999,287300,
KWK,1.74,1.8,1.53,1.71,4003300,
KWR,61.939999,62.110001,60.669998,61.549999,46500,
L,43.240002,43.540001,42.849998,43.220001,931900,
LABL,29.07,29.440001,28.52,29.15,64100,
LAD,51.41,51.41,48.18,50.119999,604100,
LAMR,41.759998,42.450001,41.299999,42.16,1007600,
LANC,76.279999,78.110001,76,77.059998,53600,
LAYN,20.040001,20.27,19.530001,20,195000,
LAZ,32.549999,32.549999,30.629999,32.02,1407800,
LBAI,9.899998,10.109998,9.879996,10.009996,140800,
LBJ,17.91,18.549999,16.99,18.27,2400,
LBTYA,69.130004,70.380005,69.060009,69.700007,4959000,
LBTYK,64.639999,66,64.639999,65.559998,2749400,
LBY,23.66,23.700001,23.129999,23.469999,45000,
LCAV,3.07,3.1,3.02,3.07,15700,
LCC,16.06,16.14,15.59,16.13,6696600,
LCI,11.15,11.5,11.013,11.25,72600,
LDK,1.35,1.35,1.23,1.3,1536900,
LEA,57.130001,57.630001,55.810001,57.23,1690900,
LEAP,5.95,5.95,5.81,5.83,1169800,
LECO,54.650002,55.09,54.16,54.650002,320900,
LEE,2.03,2.05,1.93,1.93,288400,
LEG,30.120001,30.52,29.59,30.09,1499600,
LEI,1.26,1.27,1.23,1.25,2900,
LEN,34.68,35.540001,33.799999,34.990002,13371100,
LF,9.58,9.68,9.48,9.63,1070600,
LFC,34.47999,34.86999,33.99999,34.539991,929400,
LFL,15.55,15.57,15.13,15.32,759100,
LFUS,71.870003,73.080002,71.379997,71.790001,142900,
LFVN,2.25,2.3,2.2,2.295,722907,
LG,44.419998,45.259998,43.900002,44.990002,221000,
LGCY,25.9,25.9,24.77,25.379999,317300,
LGF,27.91,27.940001,26.879999,27.290001,1527600,
LGND,34.41,36.529999,33.27,35.919998,250800,
LH,98.839996,100.300003,97.739998,99.040001,1368400,
LHCG,21.24,21.709999,20.57,20.969999,42500,
LHO,23.280001,24.059999,22.84,23.360001,683300,
LIFE,74.05,74.07,73.91,74,2980300,
LII,60.029999,61.560001,59.299999,61.119999,673700,
LINC,6.5,6.5,6.2,6.22,62200,
LINE,34.150002,34.150002,32.799999,33.509998,3166800,
LINTA,22.04,22.09,21.73,21.91,2005000,
LIOX,3.04,3.14,2.96,3.01,210600,
LIT,11.21,11.29,11,11.16,12500,
LIWA,5.36,5.36,4.96,5.12,283300,
LKQ,25.049999,25.950001,24.790001,25.610001,1444200,
LL,73.199997,77.589996,71.629997,76.330002,1742000,
LLEN,3.79,3.83,3.18,3.59,886900,
LLL,83.510002,83.800003,82.599998,82.889999,517600,
LLNW,2.26,2.29,2.22,2.23,255500,
LLTC,36.310001,36.310001,35.59,35.779999,2005300,
LLY,49.310001,49.599998,48.68,49.060001,5861800,
LM,30.09,30.32,29.280001,29.959999,2694900,
LMCA,122.900039,123.000037,120.390058,122.330041,5509600,
LMNX,20.450001,20.690001,20.02,20.049999,267400,
LMOS,15.82,16.49,15.5,16.27,41700,
LMT,104.709999,104.919998,103.510002,103.830002,1419200,
LNC,34.810001,35.009998,34.02,34.599998,2769500,
LNCE,27.620001,28.1,27.32,27.98,233900,
LNCO,37.07,37.900002,36.099998,37.41,1012100,
LNDC,13.6,13.95,13.2,13.65,150600,
LNG,25.33,26.17,25.02,25.549999,5383600,
LNKD,169.050003,174.869995,166.050003,172.949997,1559700,
LNN,75.650002,75.650002,73.790001,73.919998,220600,
LNT,47.509998,48.27,47.040001,48.009998,532800,
LO,43.419998,43.950001,42.880001,43.389999,3266200,
LOCK,11.41,11.48,11.17,11.3,808700,
LOCM,1.66,1.7,1.62,1.69,63200,
LODE,1.84,1.89,1.81,1.86,203500,
LOGI,6.77,6.86,6.72,6.82,458100,
LOGM,24.360001,24.52,23.719999,24.01,183500,
LOPE,30.84,31.41,30.690001,30.879999,447000,
LORL,60.93,61.540001,60.330002,60.41,78900,
LOW,39.049999,39.82,38.869999,39.450001,8683000,
LPHI,3.1,3.3,3.05,3.16,47100,
LPI,20.18,20.610001,19.639999,20.120001,1372400,
LPL,11.32,11.32,11.09,11.22,1519500,
LPLA,36.580002,36.990002,36.419998,36.919998,716000,
LPNT,48.91,49.77,48.529999,48.759998,635300,
LPR,0.38,0.38,0.38,0.38,2200,
LPS,31.47,31.59,31.1,31.5,1526900,
LPSN,9.28,9.32,8.86,8.97,740000,
LPX,14.97,15.38,14.57,15.2,6390200,
LQD,111.43,112.099998,110.910004,111.480003,6063600,
LQDT,31.91,32.580002,31.51,32.200001,322500,
LRCX,44.580002,44.759998,43.349998,43.509998,3115800,
LRE,14.85,14.85,14.11,14.59,91000,
LRN,26.719999,26.809999,26.15,26.41,238600,
LRY,16.53,16.53,16.53,16.53,0,
LSCC,4.78,4.89,4.71,4.84,1263600,
LSE,8.51,8.56,8.48,8.54,1382000,
LSI,63.73,64.120003,62.110001,62.84,233400,
LSTR,50.779999,51.080002,50.540001,50.580002,386500,
LTBR,1.51,1.7,1.5,1.56,7400,
LTC,37.099998,37.389999,36.119999,36.869999,296000,
LTD,36.87,36.87,36.87,36.87,0,
LTM,49.02,49.240002,48.279999,48.759998,311900,
LTPZ,57.740002,59,57.560001,58.779999,88100,
LTXC,5.92,6.08,5.74,5.78,272500,
LUB,8.37,8.44,8.2,8.3,29800,
LUFK,88.47,88.5,88.46,88.5,936400,
LUK,25.42,25.540001,24.700001,24.93,2428600,
LULU,60.509998,61.98,59.77,61.330002,3111100,
LUV,13.35,13.35,13.12,13.31,10729700,
LUX,49.880001,50.77,49.549999,50.220001,70000,
LVLT,20.4,20.4,19.709999,19.99,1858200,
LVS,50.470001,50.830002,47.950001,49.470001,17991200,
LXK,30.25,30.42,29.700001,29.82,925600,
LXP,11.32,11.7,11.08,11.35,2920900,
LXU,31.059999,31.059999,29.73,30.280001,164000,
LYB,65.059998,65.75,63.889999,65.029999,4875000,
LYG,3.73,3.78,3.7,3.73,2872000,
LYV,14.89,15.14,14.67,15.06,1854900,
LZB,18.43,18.790001,18.1,18.530001,651200,
M,46.369999,46.529999,45.720001,46.139999,3015600,
MA,563.370018,569.580002,557.480011,562.599983,9427000,
MAA,61.84,63.41,60.880001,62.880001,719400,
MAC,57.900002,59.169998,56.68,57.84,812900,
MACK,5.98,6.14,5.57,5.65,867000,
MAIN,27.040001,27.049999,25.52,26.43,644800,
MAKO,11.66,12.34,11.55,12.18,834600,
MAN,53.98,54.34,53.169998,53.990002,420000,
MANH,76.82,78.309998,76.010002,77.440002,542000,
MANT,25.459999,25.959999,24.92,24.93,159200,
MANU,15.73,16.09,15.64,15.95,51200,
MAR,38.5,39.139999,38.23,38.709999,2635400,
MAS,18.709999,19.229999,18.430001,18.930001,7753300,
MASI,21.299999,21.42,21.16,21.219999,238200,
MAT,43.970001,44.169998,43.779999,43.919998,2452900,
MATW,36.98,38.16,36.98,37.549999,84400,
MATX,24.51,24.719999,24.200001,24.5,267600,
MBB,103.610001,104.360001,103.489998,104,686000,
MBFI,25.23,25.65,25.200001,25.35,285100,
MBI,12.59,12.86,12.05,12.42,4613000,
MBLX,1.540031,1.540031,1.50003,1.50003,9600,
MBND,2.83,3.19,2.83,3.15,265200,
MBT,17.51,17.84,17.459999,17.66,1666200,
MCC,13.38,13.38,12.96,13.06,604100,
MCD,96.540001,97.709999,96.019997,97.290001,4244500,
MCEP,22.17,22.17,21.040001,21.34,102700,
MCF,34.459999,35.740002,34.200001,35.189999,67000,
MCGC,4.96,4.99,4.82,4.88,280400,
MCHI,39.48,39.93,39,39.610001,749800,
MCHP,36.52,36.630001,36.150002,36.299999,1516200,
MCHX,5.96,6.08,5.96,6.05,35400,
MCK,110.57,111.970001,109.82,111.550003,1140900,
MCO,58.080002,58.209999,56.75,57.639999,1409500,
MCP,5.22,5.29,5.04,5.14,4793600,
MCRI,16.75,16.75,16.290001,16.51,115600,
MCRL,9.68,9.91,9.6,9.6,250000,
MCRS,42.02,42.34,41.78,41.99,766600,
MCY,42.169998,42.509998,41.98,42.209999,111200,
MD,87.589996,89.300003,87.129997,88.860001,507000,
MDAS,17.48,17.66,17.030001,17.540001,426000,
MDC,31.25,32.139999,30.259999,31.559998,1377500,
MDCI,7.28,7.53,7.05,7.11,293400,
MDCO,32.419998,32.709999,31.809999,32.029999,578300,
MDIV,20.690001,20.690001,20.25,20.530001,302600,
MDLZ,28.59,28.860001,28.43,28.639999,9793400,
MDP,45.700001,46.299999,45.400002,46.18,385700,
MDR,8.43,8.69,8.21,8.61,3628700,
MDRX,12.74,12.93,12.58,12.83,3053500,
MDSO,72,72.949997,70.550003,72.25,436400,
MDT,52.07,52.23,51.189999,51.580002,6412400,
MDU,24.57,24.9,24.389999,24.75,846600,
MDVN,46.639999,46.639999,44.970001,45.939999,1829400,
MDXG,7.28,7.37,7.1,7.33,665400,
MDY,204.270004,206.229996,202.449997,204.520004,2523500,
MEA,1.29,1.3,1.18,1.2,664000,
MEAS,44.24,45,42.7,44.47,26200,
MED,25.530001,26.15,25.09,25.84,176300,
MEET,1.17,1.19,1.07,1.11,396900,
MEG,9.18,9.58,9.06,9.52,145100,
MEI,15.81,16.25,15.74,15.93,656000,
MEIP,7.25,7.45,6.99,7.28,42600,
MELA,0.72,0.8,0.7,0.8,92300,
MELI,106.43,107,102.440002,105.720001,746500,
MEMP,19.200001,19.200001,18.4,19.030001,336300,
MEMS,4.06,4.09,4.02,4.08,63600,
MENT,19,19.16,18.950001,19.08,623200,
MEOH,41.09,41.330002,40.139999,41,475500,
MERC,6.5,6.78,6.38,6.64,122300,
MERU,4.15,4.16,3.94,4.04,153600,
MET,44.369999,44.5,43.349998,43.970001,10853500,
MFA,8.11,8.25,7.9,8.09,4756200,
MFB,17.53,17.69,17.23,17.31,127600,
MFC,15.8,15.87,15.49,15.49,3776100,
MFG,3.91,3.92,3.84,3.89,841800,
MFLX,14.88,14.97,14.64,14.64,38800,
MFRM,38.419998,39.049999,37,38.560001,368000,
MG,21.200001,21.200001,20.469999,20.870001,113100,
MGA,67.480003,67.919998,66.290001,67.330002,1625800,
MGAM,24.33,24.82,23.81,24.7,251700,
MGC,53.77,54.110001,53.279999,53.799999,87800,
MGI,21.07,21.35,20.75,20.780001,139500,
MGIC,5.37,5.39,5.28,5.3,67300,
MGK,59.459999,59.849998,58.759998,59.310001,192500,
MGLN,53.610001,55.09,53.389999,54.82,168900,
MGM,13.54,13.54,12.87,13.25,17151500,
MGPI,5.42,5.59,5.32,5.38,23500,
MGV,48.169998,48.470001,47.700001,48.099998,81400,
MHFI,53.57,54.119999,52.68,53.200001,1623500,
MHGC,7.5,7.74,7.45,7.69,711400,
MHK,106.459999,108.199997,103.970001,106.360001,754100,
MHLD,10.76,10.94,10.58,10.89,330100,
MHO,22.25,22.700001,21.32,22.360001,531500,
MHR,3.42,3.55,3.31,3.44,4863300,
MIC,50.779999,51.099998,50.009998,50.610001,373200,
MIDD,164.970005,166.269985,160.449989,164.549995,320100,
MIDU,49.41,50.889999,48.259998,49.73,538000,
MIDZ,33.540001,34.599998,32.82,33.59,16600,
MIG,7.78,7.82,7.61,7.7,199900,
MILL,4.17,4.43,4.17,4.38,381797,
MIND,16.110001,16.290001,15.91,16.139999,33300,
MINI,31.18,31.6,30.74,31.25,143600,
MITK,6.64,6.67,6.37,6.52,522332,
MITL,3.94,3.98,3.63,3.91,48200,
MITT,18.67,18.68,17.299999,17.969999,1142400,
MJN,77.519997,77.760002,76.220001,76.940002,2006900,
MKC,70.849998,71.830002,70.540001,71.199997,517000,
MKSI,26.75,27.280001,26.51,26.540001,209100,
MKTG,13.64,13.95,13.44,13.7,511700,
MKTX,46.470001,46.470001,45.299999,45.91,149500,
MLHR,27.389999,27.68,27.200001,27.33,267300,
MLI,49.130001,49.310001,48.099998,48.389999,427400,
MLM,99.620003,99.620003,97.139999,98.050003,623900,
MLNK,2.87,3.33,2.85,3.3,980000,
MLNX,44.32,44.560001,42.580002,44.119999,796700,
MLPN,28.16,28.450001,27.110001,27.969999,147500,
MLR,15.47,15.86,15.37,15.54,20800,
MM,8.43,8.45,8.14,8.31,1369900,
MMC,38.990002,39.099998,38.5,38.900002,2499000,
MMLP,42.650002,43.93,40.57,43.580002,216100,
MMM,108.779999,108.779999,107.150002,107.5,3602500,
MMP,51,51.209999,48.900002,50.610001,1112900,
MMS,76.309998,76.769997,75.169998,75.760002,434400,
MMSI,10.97,11.15,10.75,10.9,131300,
MMYT,13.38,13.51,13.17,13.19,15900,
MN,18.51,18.83,17.68,17.790001,143300,
MNI,2.27,2.36,2.25,2.29,23000,
MNKD,6.65,6.7,6.35,6.46,6361600,
MNR,9.62,9.76,9.41,9.58,251500,
MNRO,47.57,48.619999,47.099998,48.139999,159200,
MNST,56.059999,57.200003,55.519999,56.820002,5011800,
MNTA,14.05,14.45,13.19,13.84,484900,
MNTG,3.39,3.48,3.15,3.17,109400,
MNTX,10.58,10.59,10.05,10.48,117800,
MNX,2877.899902,2877.899902,2825.199951,2848.199951,2030960000,
MO,34.599998,35.049999,34.400002,34.630001,9759900,
MOBI,2.7,2.99,2.52,2.62,118600,
MOD,10.49,10.52,10.13,10.27,178400,
MODN,21.700001,22.26,21.57,21.870001,111800,
MOH,36.02,36.549999,35.860001,36.259998,443500,
MOLX,28.81,29.4,28.5,28.78,554800,
MOLXA,24.28,24.51,24.13,24.4,240500,
MON,101.57,102.599998,100.489998,101.699997,2250500,
MOO,50.099998,50.700001,49.900002,50.369999,301800,
MORN,74.669998,75.489998,74.269997,74.769997,94500,
MOS,55.880001,55.880001,54.740002,55.189999,2407000,
MOSY,3.99,4.06,3.91,4.04,211600,
MOV,32.040001,32.349998,31.66,31.99,113100,
MOVE,11.88,12.05,11.65,11.65,320200,
MPAA,9.5,9.5,9.35,9.44,182800,
MPC,71.919998,71.959999,69.309998,70.379997,7746400,
MPEL,21.389999,21.52,20.459999,21.360001,8742400,
MPG,3.12,3.12,3.11,3.12,1093500,
MPLX,36.450001,36.619999,35.77,36.549999,148300,
MPO,5.76,6.11,5.67,5.99,61400,
MPW,13.93,14.12,13.19,13.73,2653900,
MPWR,23.91,23.99,23.469999,23.709999,285000,
MR,37.349998,37.740002,36.759998,37.540001,528200,
MRC,27.25,27.690001,26.790001,27.32,1044800,
MRCY,9.36,9.43,9.26,9.26,109900,
MRGE,3.4,3.47,3.35,3.36,459100,
MRH,24.120001,24.65,23.91,24.27,395200,
MRIN,10.32,10.4,9.62,10.33,123100,
MRK,46.470001,46.860001,46.060001,46.41,18080700,
MRO,33.779999,34.200001,33.150002,33.709999,6642300,
MRTN,15.17,15.34,14.98,15.1,84500,
MRVL,11.03,11.15,10.82,11.01,7763800,
MS,24.290001,24.700001,23.92,24.4,22715500,
MSA,44.77,45.619999,44.16,44.959999,137000,
MSB,18.5,18.610001,17.07,17.33,132000,
MSCC,21.84,21.860001,21.309999,21.6,446600,
MSCI,32.77,33.110001,32.560001,32.799999,527600,
MSFT,32.939999,34.200001,32.57,33.720001,56109000,
MSG,57.82,58.150002,57.23,57.57,362100,
MSI,55.330002,55.799999,54.639999,55.59,2335500,
MSM,77.5,78.029999,76.379997,77.410004,574600,
MSO,2.4,2.44,2.35,2.37,98600,
MSPD,2.98,3.06,2.94,3.03,359800,
MSTR,83.760002,85.870003,82.720001,84.830002,203500,
MSTX,0.455,0.455,0.4315,0.45,893855,
MT,11.2,11.29,10.83,11.17,13434800,
MTB,105.230003,105.980003,104.379997,105.169998,784500,
MTD,202.130005,203.470001,199.910004,202,238400,
MTDR,11.36,12.1,11.25,12.02,658200,
MTG,5.7,5.78,5.51,5.59,13281800,
MTGE,18.530001,18.57,17.66,17.969999,2029400,
MTH,42.119999,42.849998,40.200001,42.689999,1199600,
MTL,2.87,2.91,2.71,2.81,1912100,
MTN,60.73,60.919998,60.18,60.330002,195200,
MTOR,6.58,6.64,6.13,6.35,1457100,
MTRN,27.57,27.57,26.41,26.860001,86500,
MTRX,15.89,15.9,15.51,15.62,115800,
MTSC,56.279999,57.400002,55.939999,56.119999,68300,
MTSN,2.18,2.26,2.05,2.08,786100,
MTU,5.84,5.89,5.77,5.83,3146600,
MTW,16.750001,17.090001,16.180001,16.870001,19007500,
MTX,41.23,41.57,40.700001,41.119999,158700,
MTZ,30.93,31.219999,30.049999,30.91,609600,
MU,13.81,13.87,13.16,13.46,68189200,
MUB,100.940002,102.940002,100.279999,101.349998,964800,
MUR,60.629996,60.820002,59.290007,60.309993,1736000,
MUX,1.94,1.95,1.795,1.86,3379900,
MVC,12.6,12.6,12.45,12.46,93300,
MVG,5.46,5.58,5.29,5.35,120900,
MVIS,2.66,2.7,2.33,2.35,538800,
MVO,30,30.08,28.5,29.49,48700,
MVV,88.790001,90.779999,87.599998,89.449997,347400,
MW,35.349998,35.52,34.889999,35.130001,483500,
MWA,6.2,6.29,6.04,6.22,1443600,
MWE,64.059998,64.470001,61.02,63.48,1431600,
MWIV,121.22,123.21,120.02,121.48,34000,
MWV,34.259998,34.41,33.630001,33.75,1391100,
MWW,4.91,4.93,4.66,4.66,2277900,
MX,17.030001,17.030001,16.02,16.709999,542700,
MXIM,27.559999,27.73,27.209999,27.219999,2938500,
MXL,6.7,6.86,6.65,6.69,50300,
MXWL,6.67,6.8,6.51,6.59,330300,
MY,1.63,1.67,1.59,1.6,625700,
MYE,14.78,15.11,14.55,14.97,207700,
MYGN,25.559999,26.549999,25,26.24,2169500,
MYL,30.33,30.51,29.93,30.25,3814000,
MYRG,19.98,20.08,19.459999,19.76,137100,
MZZ,19.9,20.26,19.6,19.860001,19000,
N,83.870003,86.5,83.709999,85.690002,423500,
NAFC,21.98,23.04,21.98,22.75,27900,
NAK,2.19,2.21,2.03,2.06,274700,
NANO,15.11,15.26,14.79,14.93,93100,
NAT,7.879997,7.879997,7.3,7.4,1116000,
NATI,26.41,27.09,26.219999,26.790001,627500,
NATR,16.1,16.49,15.72,16.27,25200,
NAV,26.450001,27.08,25.559999,26.620001,2104900,
NAVB,2.45,2.49,2.395,2.43,619233,
NBG,4.28,4.28,4.05,4.23,2291400,
NBIX,12.72,12.85,12.44,12.6,575600,
NBL,58.610001,60.209999,57.630001,59.610001,2711900,
NBR,15.5,15.61,14.99,15.31,5762400,
NBTB,20.719999,20.98,20.6,20.75,137200,
NCI,13.44,13.57,12.99,13,256800,
NCLH,30.84,30.85,28.25,28.27,620400,
NCMI,15.75,16.15,15.69,16,294600,
NCQ,1.8,1.8,1.72,1.76,153900,
NCR,32.23,32.259998,31.43,32.029999,1367600,
NCS,15.49,15.86,15.14,15.43,302000,
NCT,4.910182,4.930185,4.700178,4.830181,9675400,
NCTY,3.78,3.87,3.59,3.68,27500,
NDAQ,32.419998,32.57,31.52,31.85,1178500,
NDO,77.150002,77.900002,76.949997,77.510002,0,
NDRO,16.030001,16.030001,15.75,15.96,39500,
NDSN,67.059998,67.860001,66.5,67.260002,391800,
NDX,2852.649902,2869.919922,2825.179932,2848.199951,2030960000,
NDZ,7.25,7.26,7.13,7.2,645300,
NE,36.550002,36.809999,35.490005,36.419998,4044600,
NEE,77.839996,79.07,77.209999,78.379997,1690800,
NEM,29.450001,29.629999,28.290001,29.02,10225900,
NEO,3.9,4,3.68,3.98,143300,
NEOG,53.429998,54.890001,52.809998,54.369999,114600,
NEON,5.31,5.35,5.16,5.3,180700,
NEPT,3,3.05,2.99,3,197700,
NES,3.08,3.09,2.85,2.95,261400,
NEU,266.519989,266.519989,260.269989,260.839996,53500,
NEWP,13.49,13.83,13.22,13.24,182500,
NFBK,11.72,11.79,11.34,11.55,620500,
NFG,57.619999,58.810001,56.869999,58.43,406600,
NFLX,213.000002,219.079994,209.000004,215.599995,17896200,
NFP,25.28,25.3,25.26,25.28,1172200,
NFX,23.209999,23.719999,22.74,23.42,2241600,
NG,2.07,2.09,1.95,1.95,2950400,
NGD,5.93,5.98,5.81,5.82,5498400,
NGG,55.459999,55.669998,55.16,55.380001,2289500,
NGL,29.290001,29.290001,28.16,29.15,57100,
NGLS,45.939999,46.189999,43.540001,45.5,682300,
NGPC,6.5,6.57,6.29,6.3,96700,
NGS,22.98,23.08,22.209999,22.700001,96900,
NGVC,32.529999,33.900002,31.83,32.349998,157400,
NHI,57.25,58.459999,56.360001,57.040001,169400,
NI,27.81,27.96,27.399999,27.690002,5211400,
NIB,28.639999,28.809999,28.48,28.709999,32100,
NICE,36.57,36.650002,36.299999,36.43,145600,
NIHD,80.2,80.2,77.39,78.03,84500,
NILE,35.970001,36.75,35.549999,36.220001,118300,
NKA,14.1,14.17,13.82,14.11,82700,
NKE,60.16,60.509998,59.110001,59.950001,9489400,
NKTR,10.86,10.99,10.33,10.34,1432100,
NKY,15.91,16.040001,15.73,15.98,1293200,
NLNK,22.52,23.67,22.030001,22.559999,340000,
NLS,7.74,7.81,7.52,7.78,495000,
NLSN,33.75,34.009998,33.240002,33.919998,1635400,
NLST,0.91,0.94,0.88,0.91,92100,
NLY,12.59,12.73,12.16,12.43,18836100,
NM,5.08,5.21,4.7,4.82,1106000,
NMFC,14.05,14.06,13.75,13.93,1016600,
NMM,13.75,13.88,13.22,13.59,334100,
NMR,7.27,7.45,7.22,7.36,2755100,
NMRX,9.39,10.9,9.39,10.79,111500,
NNBR,10.07,10.29,9.98,10.19,76700,
NNI,35.630001,35.889999,35.400002,35.619999,112400,
NNN,32.200001,32.759998,31.309999,32.200001,1812500,
NOA,4.3,4.3,4.12,4.19,91500,
NOAH,9.63,9.69,7.84,7.91,907900,
NOC,81.419998,81.800003,80.68,81.07,1488400,
NOG,13.06,13.4,12.81,13.27,532500,
NOK,3.82,3.85,3.78,3.8,38509500,
NOR,3.539997,3.569996,3.359997,3.369997,67300,
NOV,67.399995,67.879992,66.009997,67.059998,4401300,
NOW,38.919998,40.02,38.119999,39.43,1700600,
NP,31.66,31.67,31.24,31.43,70900,
NPD,1.51,1.56,1.5,1.54,65100,
NPO,49.009998,49.049999,48.130001,48.529999,166900,
NPSP,14.64,15.12,14.48,14.92,1473400,
NPTN,8.44,8.5,8.25,8.38,167900,
NQ,7.84,7.89,7.05,7.38,1130000,
NR,10.36,10.67,10.3,10.49,896500,
NRF,8.469998,8.589999,8.140004,8.430002,2924200,
NRG,25.790001,26.110001,24.860001,25.940001,6663000,
NRGM,21.72,22.15,21.12,22,545400,
NRGY,15.9,15.9,14.85,15.48,1066800,
NRP,21.510001,21.510001,20.3,20.85,60000,
NRT,24.690001,24.85,23.530001,24.16,35500,
NRZ,6.37,6.42,6.15,6.29,2167400,
NS,43.700001,43.990002,42.310001,43.369999,389700,
NSC,72.110001,72.129997,70.269997,70.459999,3352000,
NSH,24.4,25.42,23.65,24.34,381600,
NSIT,17.360001,17.43,17.01,17.09,166300,
NSM,36.439999,36.779999,35.400002,36.080002,1820500,
NSP,30.450001,30.549999,30.02,30.110001,100900,
NSPH,3.6,3.72,3.59,3.64,21900,
NSR,46.709999,47.560001,46.369999,47.25,394900,
NSU,2.93,2.94,2.79,2.79,1845700,
NTAP,37.650002,37.869999,37.290001,37.389999,6916400,
NTCT,23.75,23.799999,22.709999,23,283300,
NTE,6,6.05,5.78,5.79,954800,
NTES,57.080002,57.18,54.82,56.189999,704000,
NTGR,33,33.369999,32.299999,32.470001,264700,
NTI,24.75,24.799999,22.620001,23.59,2356700,
NTLS,15.52,15.78,15.26,15.52,116900,
NTRI,10.6,10.72,9.99,10.38,510300,
NTRS,57.540001,57.66,56.790001,57.080002,1599700,
NTSP,15.96,15.98,15.93,15.96,1618100,
NTT,25.34,25.389999,25.120001,25.27,271500,
NTWK,10.64,10.69,10.27,10.46,111276,
NU,39.94,40.44,39.51,40.14,1308500,
NUAN,18.309999,18.360001,18.049999,18.129999,4169500,
NUE,43.5,43.52,42.220001,43.130001,2347800,
NUS,58.27,59.990002,57.59,59.189999,499300,
NUVA,23.950001,24.1,23.709999,23.85,450200,
NVAX,1.99,2.06,1.91,2.03,1466900,
NVDA,14.21,14.39,13.91,14.12,14519300,
NVDQ,12.97,13.05,12.19,12.74,133000,
NVE,23.47,23.56,23.43,23.47,4526400,
NVMI,9.27,9.27,8.68,8.85,175500,
NVO,149.840002,151.750002,149.490004,150.550003,2033000,
NVS,67.870003,68.720001,67.669998,68.419998,3943000,
NVTL,3.41,3.41,3.01,3.32,673800,
NWBI,12.86,13.09,12.77,12.98,1012000,
NWBO,3.39,3.4,3.15,3.23,116600,
NWE,38.639999,39.110001,38.369999,38.939999,338100,
NWL,25.65,25.65,25.25,25.469999,3613900,
NWN,41.610001,41.860001,41.18,41.279999,146900,
NWPX,27.620001,28,27.190001,27.620001,34200,
NWS,15.79,15.79,15.19,15.52,758300,
NWSA,15.64,15.84,15.2,15.53,4279700,
NWY,6.36,6.46,5.96,6.11,275900,
NX,16.879999,16.9,15.88,16.27,601400,
NXPI,30.4,30.59,29.030001,29.15,6872600,
NXST,33.419998,33.740002,32.389999,33.459999,569400,
NXTM,14.33,14.45,13.98,14.07,503400,
NYCB,13.55,13.65,13.42,13.57,5072800,
NYMT,6.8,6.85,6.61,6.74,1888000,
NYMX,5.15,5.15,4.94,5,39400,
NYT,10.29,10.41,10.17,10.32,1587700,
NYX,39.96,40.73,39.8,40.38,3122200,
O,40.66,41.720001,39.830002,40.790001,3638200,
OAK,51.540001,51.549999,48.950001,51.02,550700,
OAS,37.950001,38.810001,36.82,38.279999,1742600,
OB,14.52,14.54,14.32,14.41,291300,
OC,40.330002,40.560001,38.860001,40.119999,2821600,
OCLR,1.22,1.25,1.21,1.22,510700,
OCN,40.860001,41.34,39.82,40.650002,3776200,
OCR,47.369999,47.540001,46.470001,47.200001,1372200,
OCZ,1.47,1.59,1.41,1.41,3957000,
ODFL,41.799999,42.07,41.009998,41.23,433600,
ODP,3.94,3.97,3.77,3.86,11685200,
OEF,71.43,71.889999,70.730003,71.260002,1089100,
OEH,11,11.39,10.94,11.21,1193300,
OEX,0.233,0.233,0.233,0.233,0,
OFC,24.34,25.049999,23.809999,24.43,595700,
OFG,17.040001,17.290001,16.889999,17.059999,219500,
OFIX,27.379999,27.379999,26.780001,26.799999,181800,
OGE,65.360001,66.550003,64.860001,65.980003,1033000,
OGXI,9.62,9.76,9.48,9.51,47900,
OHI,29.200001,29.860001,28.32,29.110001,1792400,
OI,26.940001,27.209999,26.309999,27.059999,1328400,
OIBR,1.57,1.75,1.54,1.75,710200,
OIH,42,42.349998,41.189999,41.91,5964000,
OII,70.610001,70.959999,68.589996,70.459999,727100,
OIL,21.559999,22.16,21.540001,22.01,678600,
OILT,48.17,48.72,47.5,48.3,136700,
OIS,86.809991,90.440001,86.809991,89.290008,1721700,
OKE,40.839998,41.66,40.42,41.209998,1445500,
OKS,47.849998,48,45.400002,47.099998,1026500,
OKSB,12.96,13.16,12.74,13.06,62600,
OLED,26.370001,27.16,25.700001,26.02,378100,
OLN,23.049999,23.17,22.74,23.09,607100,
OMC,61.549999,61.709999,60.669998,61.23,1561300,
OMCL,19.049999,19.309999,18.9,19.120001,131900,
OME,9.43,9.5,9.25,9.34,96800,
OMER,4.9,5.1,4.84,5,157700,
OMEX,3.029999,3.059999,2.879999,3.029999,34900,
OMG,30.389999,30.549999,29.870001,30.200001,192500,
OMI,34.369999,34.369999,33.349998,33.52,317900,
OMN,7.55,7.83,7.44,7.77,144000,
OMX,10.38,10.38,9.85,10.18,1739900,
ONB,13.33,13.56,13.29,13.39,682700,
ONCY,2.46,2.55,2.41,2.47,152900,
ONE,10.97,11.12,10.77,11.07,211800,
ONNN,7.68,7.78,7.58,7.74,8112100,
ONP,1.58,1.64,1.51,1.57,13500,
ONTY,1.76,1.79,1.67,1.72,821900,
ONXX,81.2,82.488,79.11,81.91,1040700,
OPEN,62.2,62.63,59.6501,60.54,629100,
OPK,6.97,7.02,6.87,6.92,1325200,
OPLK,18.14,18.14,17.64,17.74,66100,
OPTR,14.13,14.24,13.15,13.57,1109600,
ORA,21.85,21.969999,21.23,21.76,114300,
ORB,17.38,17.59,17.19,17.42,203400,
ORBC,4.39,4.52,4.35,4.52,324100,
ORBK,11.93,12.07,11.74,11.85,110300,
ORCL,30.120001,30.440001,30.030001,30.17,78919200,
OREX,6,6.08,5.88,5.91,186100,
ORI,12.28,12.32,12.02,12.12,1070000,
ORIG,16.860001,16.879999,16.450001,16.790001,261700,
ORIT,15.43,15.68,15.27,15.65,184100,
ORLY,110,111.940002,109.860001,111.169998,666800,
ORN,11.02,11.29,10.82,11.1,223000,
OSGIQ,3.21,3.35,3.15,3.25,190600,
OSIR,10.4,10.68,10.14,10.5,62200,
OSIS,62.75,63.98,61.889999,62.509998,500700,
OSK,34.470001,35.25,33.880001,34.919998,844800,
OSTK,25.540001,25.65,24.809999,25.440001,221000,
OSUR,3.87,4,3.85,3.9,302100,
OSX,250.87,250.87,243.75,247.92,0,
OTEX,67.129997,67.629997,65.5,66.440002,1398000,
OTTR,27.129999,27.629999,27,27.290001,106700,
OVTI,18.620001,18.639999,17.66,18.129999,1666600,
OVX,23.68,25.77,23.68,24.32,0,
OWW,7.47,7.68,7.41,7.54,683700,
OXF,2.22,2.25,2.1,2.1,83100,
OXM,59.369999,59.369999,57.860001,58.529999,94900,
OXY,88.840005,89.600008,87.560003,88.630002,5879100,
OZM,10.16,10.22,9.74,10,1512500,
OZRK,43.599998,44.099998,43.419998,43.48,269200,
P,14.8,15.36,14.43,15.13,4542600,
PAA,52.779999,54.549999,50.150002,53.580002,2528800,
PAAS,11.03,11.05,10.69,10.73,2980800,
PAC,43.27,43.34,41.450001,42.560001,142100,
PACB,2.47,2.53,2.38,2.52,275700,
PACD,9.12,9.21,8.89,9.1,32800,
PACR,6.36,6.5,6.25,6.31,215100,
PACT,6.7,6.75,6.65,6.68,306165,
PACW,28.98,29.709999,28.809999,29.24,287700,
PAG,28.219999,28.610001,27.610001,28.4,434300,
PAL,0.94,0.951,0.91,0.914,1189302,
PANW,40.220001,40.66,39.080002,39.560001,1132700,
PATH,2.79,2.94,2.76,2.81,154600,
PAY,16.389999,16.389999,15.88,16.01,2547800,
PAYX,36.990002,37.369999,36.84,37.240002,3213400,
PB,49.990002,50.599998,49.700001,50.279999,463800,
PBA,30.059999,30.110001,28.76,29.200001,658800,
PBCT,14.32,14.61,14.3,14.55,5971700,
PBF,24.77,24.9,23.540001,24.15,1351800,
PBH,28.209999,29.030001,28.16,28.719999,388100,
PBI,14.06,14.1,13.82,13.95,3583300,
PBJ,23.809999,23.99,23.65,23.82,37600,
PBNY,9.25,9.39,9.15,9.25,160000,
PBR,13.45,13.51,12.95,13.32,23002000,
PBR.A,14.37,14.57,13.89,14.31,9055800,
PBT,13.03,13.04,12.55,13,173200,
PBTH,6.21,6.22,6.1,6.15,180100,
PBW,5.02,5.05,4.93,5,462000,
PBY,11.17,11.26,10.94,11.15,270600,
PCAR,51.93,51.970001,51.130001,51.139999,2675600,
PCCC,15.82,15.88,15.29,15.45,29400,
PCEF,23.950001,23.959999,23.32,23.57,549500,
PCG,43.970001,44.580002,43.529999,44.209999,7881800,
PCH,40.57,41.59,39.91,40.759998,321900,
PCL,44.619999,45.939999,44.009998,45.009998,908200,
PCLN,805.25,812,791.150024,805.01001,869100,
PCOM,20.559999,20.9,20.5,20.66,39700,
PCP,210,211.600006,207.470001,209.690002,589400,
PCRFY,7.19,7.26,7.14,7.2,277700,
PCRX,29.209999,29.41,27.549999,27.790001,727500,
PCTI,7.88,7.88,7.56,7.57,37700,
PCXCQ,0.175,0.175,0.122,0.15,1074400,
PCY,25.9,26.25,25.08,25.860001,2553700,
PCYC,78.73,81.73,77.8,80.29,704000,
PDCE,50.860001,51.450001,49,50.830002,542800,
PDCO,37.139999,37.470001,36.880001,37.240002,651200,
PDFS,17.639999,18,17.52,17.860001,70100,
PDH,12.59,12.66,11.81,11.85,273700,
PDLI,7.65,7.67,7.39,7.41,3890500,
PDM,16.809999,17.33,16.49,16.959999,1647800,
PDP,30.42,30.6,29.98,30.309999,574200,
PDS,8.39,8.57,8.16,8.41,2012200,
PEB,24.860001,25.25,24.559999,24.85,294100,
PEG,31.469999,32.130001,31.1,31.85,3003800,
PEGA,31.610001,31.85,31.16,31.459999,513400,
PEI,18.07,18.32,17.51,17.959999,572000,
PEIX,3.7,3.77,3.59,3.62,98300,
PENN,49.75,51.509999,49.67,51.03,3671000,
PEP,78.68,80.75,78.199997,80.129997,6787400,
PER,14.64,14.66,14.1,14.39,376300,
PERI,11.4,11.43,10.96,11.21,247800,
PERY,20.950001,20.98,20.52,20.879999,53700,
PES,6.73,6.86,6.56,6.74,350600,
PETM,66.8,68.18,66.09,67.23,1278600,
PETS,12.73,12.8,12.55,12.57,286700,
PF,24.620001,24.65,24.209999,24.27,719300,
PFE,28.16,28.379999,27.52,27.709999,221668100,
PFF,38.18,38.48,37.810001,38.139999,6233500,
PFG,36.27,36.389999,35.650002,36.119999,2002800,
PFMT,11.31,11.48,11.2,11.43,316400,
PFPT,23.549999,24.299999,23,24.02,364400,
PFS,15.26,15.46,15.2,15.35,171300,
PFSI,21.15,21.360001,20.959999,21.01,123600,
PFSW,3.91,3.99,3.8,3.91,23100,
PG,76.949997,77.43,75.629997,76.580002,12563300,
PGEM,21.950001,21.950001,20.73,20.969999,373000,
PGF,17.48,17.549999,17.24,17.41,1077200,
PGH,4.76,4.76,4.58,4.68,1960100,
PGI,12.07,12.25,11.86,11.97,185300,
PGJ,19.92,19.92,19.379999,19.639999,219300,
PGNX,4.13,4.4,4.13,4.27,528200,
PGR,24.32,24.35,23.99,24.1,4335300,
PGTI,8.03,8.09,7.86,7.89,590200,
PGX,13.96,14.02,13.68,13.89,3603600,
PH,93.800003,93.800003,92.080002,92.889999,1520900,
PHB,18.57,18.6,18.26,18.42,1351800,
PHG,26.59,27.16,26.51,26.940001,1280200,
PHH,19.73,20.17,19.5,19.940001,1806700,
PHM,17.93,18.66,17.75,18.309999,12191800,
PHMD,15.35,15.39,14.94,15.3,16700,
PHO,21.51,21.51,21.18,21.309999,220000,
PICO,20.52,20.74,20.1,20.280001,98400,
PID,15.96,16,15.75,15.95,442600,
PIE,16.83,16.92,16.530001,16.780001,1475100,
PII,92.449997,93.459999,91.059998,92.730003,807700,
PIKE,11.95,12.02,11.51,11.69,326000,
PIN,15.77,15.9,15.65,15.69,922800,
PIP,1.6,1.6,1.57,1.57,254400,
PIR,22.690001,23.040001,21.889999,22.75,2894500,
PJC,32,32.189999,31.24,31.709999,138700,
PKD,5.09,5.12,4.77,4.87,1241400,
PKE,24.18,24.219999,23.75,23.959999,48600,
PKG,48.209999,48.259998,47.560001,47.830002,547300,
PKI,33.23,33.23,32.599998,32.740002,878600,
PKT,13.11,13.11,12.77,12.9,356300,
PKX,63,63.93,62.299999,63.23,437500,
PKY,16.34,16.389999,15.7,16.01,719900,
PL,37.75,37.94,36.76,37.06,617100,
PLAB,7.6,8,7.59,7.95,570200,
PLCE,52.419998,52.810001,51.970001,52.09,330500,
PLCM,10.36,10.46,10.14,10.14,1398900,
PLD,35.830002,36.639999,35.110001,35.84,4925600,
PLL,65.059998,65.300003,64.089996,64.720001,594900,
PLOW,12.89,13.18,12.75,13.05,85900,
PLT,43.790001,44.34,43.490002,43.84,188100,
PLTM,10.98,11.04,10.84,10.87,6000,
PLUG,0.41,0.42,0.38,0.39,2081300,
PLX,4.92,4.92,4.68,4.81,435900,
PLXS,28.299999,28.65,28.1,28.17,132300,
PLXT,4.65,4.72,4.5704,4.71,357000,
PM,86.610001,88.029999,86.050003,86.849998,6824800,
PMC,13.01,13.14,12.65,12.97,547700,
PMCS,5.95,5.96,5.85,5.88,1586000,
PMFG,6.35,6.56,6.32,6.37,65000,
PMT,19.959999,19.969999,18.950001,19.17,1477300,
PMTC,23.97,24.07,23.44,23.81,684000,
PMTI,13.36,13.49,13.191,13.41,793500,
PNC,71.129997,71.139999,70.150002,70.529999,2714000,
PNFP,24.780001,25.23,23.959999,24.82,169500,
PNG,19.59,19.59,18.65,19.18,243300,
PNK,18.25,18.4,17.75,18.1,479700,
PNM,21.34,21.809999,21.110001,21.530001,475700,
PNNT,10.79,10.8,10.32,10.45,954400,
PNR,56.139999,56.610001,55.490002,55.799999,1543200,
PNRA,176.809998,181.520004,174.179993,179.350006,478700,
PNW,52.060001,52.860001,51.779999,52.48,634100,
PNY,32.77,33.040001,32.389999,32.73,246400,
PODD,30.65,31.450001,30.309999,31.200001,383400,
POL,23.92,24.969999,23.780001,24.309999,846200,
POM,19.75,19.879999,19.52,19.73,2479400,
POOL,50.68,51.689999,50.369999,51.310001,396200,
POR,29.709999,30.07,29.290001,29.690001,1353300,
POST,45.380001,45.450001,44.23,44.27,249700,
POT,38.75,38.75,37.959999,38.34,6494800,
POWI,39.490002,39.689999,38.709999,38.860001,157800,
POWR,14.26,14.59,14,14.45,228900,
POZN,4.79,4.95,4.78,4.88,217800,
PPC,12.55,12.72,12.28,12.57,651600,
PPG,148.830002,148.869995,145.210007,146.679993,1538400,
PPH,44.860001,45.150002,44.52,44.830002,184600,
PPHM,1.39,1.41,1.33,1.4,1930100,
PPL,28.76,29.280001,28.5,29.08,4905000,
PPO,39.490002,40.049999,39.040001,39.619999,694100,
PPP,4.48,4.49,4.32,4.33,214400,
PPS,46.139999,48.169998,45.34,47.349998,865000,
PQ,4.08,4.1,3.85,3.93,156400,
PRA,51.029999,51.110001,50.02,50.279999,324800,
PRAA,158.960014,159.069992,152.129997,155.139988,498900,
PRCP,7.62,7.69,7.4,7.41,11400,
PRE,86.559998,87.199997,86.150002,86.860001,819300,
PRFT,13.21,13.3,12.98,13.11,120400,
PRGO,118.879997,119.550003,117.889999,118.5,773600,
PRGS,21.24,21.809999,21.01,21.209999,336300,
PRI,36.880001,37.150002,36.68,36.849998,317800,
PRIM,19.43,19.43,18.790001,19.23,338000,
PRKR,4.04,4.07,3.91,3.99,66200,
PRLB,58.549999,61.720001,57.09,61.400002,631800,
PRMW,1.7,1.79,1.65,1.73,15700,
PRSC,26.65,27,25.299999,25.360001,261100,
PRSS,6.05,6.18,5.95,5.96,40800,
PRU,70.580002,70.839996,69.040001,70.260002,4135400,
PRXL,48.139999,48.950001,47.630001,48.560001,684300,
PSA,148.460007,152.850006,146.660004,149.199997,1137200,
PSB,66.910004,67.139999,65.5,66,157300,
PSDV,3.68,3.7,3.51,3.63,196000,
PSE,24.035,24.035,24.035,24.035,0,
PSEC,10.48,10.49,10.18,10.41,5064300,
PSEM,7.11,7.19,7.02,7.09,71400,
PSMI,10.7,10.85,10.06,10.59,212100,
PSMT,87.019997,88.160004,86,86.75,146100,
PSO,17.889999,18.08,17.790001,18.02,586000,
PSQ,23.389999,23.610001,23.25,23.41,294400,
PST,30.200001,30.25,29.690001,29.92,428900,
PSTB,5.49,5.61,5.46,5.59,105500,
PSTI,2.8,2.9,2.77,2.85,212800,
PSUN,2.93,3,2.82,2.92,610700,
PSX,58.459999,58.77,56.84,57.189999,4938400,
PT,3.74,3.79,3.68,3.78,893500,
PTEN,19.35,19.68,18.959999,19.360001,2744200,
PTIE,2.39,2.39,2.26,2.29,446000,
PTM,15.32,15.32,14.98,15.06,23100,
PTP,55.23,55.79,54.77,55.33,176300,
PTR,100.739998,102.040001,99.279999,101.470001,355200,
PTRY,12.39,12.49,12.23,12.28,131300,
PUK,31.52,31.950001,31.290001,31.639999,129700,
PVA,4.58,4.65,4.49,4.57,1034500,
PVG,6.43,6.45,6.11,6.28,314900,
PVH,121,122.559998,118.5,121.129997,1031900,
PVR,25.65,25.95,24.63,25.77,575300,
PVTB,19.73,20.09,19.610001,19.83,421800,
PWE,10.64,10.93,10.45,10.77,3136300,
PWER,6.29,6.31,6.29,6.3,1847700,
PWR,25.52,25.91,25.26,25.74,2104700,
PWRD,15.61,15.61,14.35,14.85,810500,
PX,113.050003,114.699997,112.779999,114.099998,1372700,
PXD,142.539993,146.710007,138.910004,145.240005,1894700,
PZA,22.950001,23.219999,22.559999,23.059999,1240700,
PZE,3.48,3.56,3.37,3.47,128600,
PZG,1.21,1.25,1.11,1.19,1509000,
PZO,133.880005,134.380005,132.360001,132.960007,0,
PZZA,63.549999,64.139999,63.369999,63.630001,306400,
Q,43.57,43.849998,42.310001,43.32,347900,
QCOM,60,60.209999,59.459999,59.880001,17769700,
QCOR,43.68,44.6,42.01,44.03,1268900,
QDEL,25.209999,25.629999,24.73,25.4,84500,
QEP,27.76,28.43,26.99,28.059999,2165300,
QGEN,18.76,19.6,18.7,19.350001,1668500,
QID,24.67,25.16,24.379999,24.76,1722400,
QIHU,41.490002,44,40.049999,43.459999,3450300,
QLD,62.869999,63.599998,61.580002,62.610001,6681000,
QLGC,9.46,9.52,9.35,9.41,1571700,
QLIK,28.040001,28.25,26.959999,27.379999,1410800,
QLTI,8.35,8.35,8.13,8.24,69900,
QLTY,9.09,9.24,8.75,8.92,109400,
QLYS,14.88,15.7,14.75,15.67,115200,
QNST,7.7,8.02,7.7,8,95900,
QQEW,29.35,29.48,29.049999,29.26,172300,
QQQ,69.849998,70.269997,69.150002,69.730003,41492300,
QRE,16.29,16.47,15.77,16.23,429800,
QSII,17.799999,18.32,17.459999,18.059999,491000,
QTM,1.39,1.4,1.32,1.37,1471400,
QTWW,0.54,0.54,0.52,0.52,58500,
QUAD,23.709999,24.27,23.709999,23.85,169100,
QUIK,2.28,2.39,2.28,2.28,193900,
R,59.77,59.790001,58.360001,58.849998,448900,
RAD,2.78,2.78,2.62,2.76,34054800,
RAI,46.919998,48.18,46.630001,47.580002,5167000,
RAIL,16.83,17.17,16.73,16.940001,128400,
RAS,7.35,7.41,7.06,7.3,916700,
RATE,14.66,14.79,14.25,14.5,360600,
RAVN,30.27,30.77,29.02,29.32,95900,
RAX,36.619999,36.619999,35.34,35.380001,2798800,
RBA,19.620001,19.709999,19.1,19.35,658200,
RBC,62.900002,62.950001,61.860001,62.349998,491900,
RBCAA,22.110001,22.780001,22.08,22.780001,22700,
RBCN,7.59,7.8,7.4,7.6,426000,
RBS,8.76,8.88,8.63,8.77,1433900,
RBY,1.42,1.42,1.32,1.35,781600,
RCI,43.630001,44.32,43.630001,43.900002,434600,
RCII,37.110001,37.5,36.91,37.07,529600,
RCL,31.540001,32.139999,31.370001,31.82,2201600,
RDA,10.88,10.91,10.6,10.69,247800,
RDC,33.580002,33.900002,32.48,33.25,1100100,
RDEN,45.66,45.810001,44.959999,45.009998,159900,
RDI,6.04,6.07,5.95,5.96,41700,
RDN,11.25,11.42,10.86,11,11694600,
RDNT,2.55,2.67,2.54,2.54,35156,
RDS.A,63.02,63.94,62.76,63.43,4295300,
RDS.B,65.27,66.23,65.02,65.69,1795600,
RDWR,14.33,14.35,14.11,14.21,229800,
RDY,35.349998,35.68,35.029999,35.470001,243100,
RE,123.5,125.089996,122.889999,124.519997,310900,
RECN,11.05,11.16,10.96,10.99,111600,
REDF,2.4,2.4,2.3,2.33,61000,
REE,1.83,1.87,1.78,1.87,154300,
REED,4.75,4.88,4.69,4.83,31500,
REFR,4.03,4.1,3.96,4.06,96600,
REG,45.950001,48.02,45.32,47.369999,1024500,
REGI,13.35,13.35,12.8,12.99,505800,
REGN,212.899994,224.089996,206.300003,218.380005,1578400,
RELL,11.43,11.66,11.33,11.63,31200,
REM,12.75,12.84,12.39,12.58,2178400,
REMX,9.49,9.56,9.32,9.45,22000,
REN,7.67,7.8,7.52,7.65,211300,
RENN,2.91,2.91,2.75,2.76,2410400,
RENT,20.860001,21.290001,20.5,21.15,29300,
RES,13.36,13.76,13.22,13.64,416800,
REV,19.950001,21.93,19.950001,21.76,228600,
REW,33.330002,33.68,33,33.25,4300,
REXI,8.01,8.14,8,8.01,9700,
REXX,17.32,17.91,16.809999,17.530001,431700,
RF,9.01,9.61,8.96,9.1,26617900,
RFMD,5.25,5.25,5.1,5.145,4662400,
RFP,12.76,13.22,12.58,12.7,620100,
RGA,66.339996,66.419998,65.5,66.029999,610500,
RGC,16.799999,17.15,16.469999,17.09,1169800,
RGEN,7.86,7.9,7.71,7.84,217800,
RGLD,45.07,45.259998,42.759998,42.919998,1327500,
RGP,24.75,25.389999,23.700001,25.190001,1089900,
RGR,47.799999,48.119999,47.48,47.5,376900,
RGS,16.25,16.27,16.1,16.110001,972400,
RH,70.75,72.540001,68.57,72.290001,542700,
RHI,32.189999,32.400002,31.790001,32.150002,1027700,
RHP,35,35.82,34.52,35.18,981000,
RHT,45.880001,46.32,44.950001,45.91,2447300,
RIC,1.59,1.59,1.46,1.5,131900,
RICK,8.45,8.54,8.45,8.52,28700,
RIG,47.299999,47.540001,46.02,46.860001,2694100,
RIGL,3.7,3.77,3.56,3.65,729200,
RIMG,8.12,8.21,8.09,8.1,2300,
RIO,40.450001,40.740002,39.75,40.34,3335900,
RIOM,1.82,1.85,1.73,1.74,112800,
RJA,8.5,8.52,8.46,8.47,293100,
RJET,11.16,11.36,11.03,11.15,555100,
RJF,41.939999,42.330002,41.119999,41.700001,955000,
RJI,7.97,8.02,7.94,8,394100,
RJN,6.34,6.46,6.34,6.41,27900,
RKT,100.379997,101.050003,98.480003,99.970001,1213400,
RKUS,11.97,11.97,11.26,11.81,1265600,
RL,169.089996,170.300003,165.729996,168.580002,657900,
RLD,14.36,14.39,13.55,14.01,353700,
RLGY,45.139999,46.810001,42.880001,45.799999,4561800,
RLH,6.08,6.12,6.08,6.1,167500,
RLI,73.900002,74.940002,73.32,74.400002,115800,
RLJ,21.860001,22.32,21.370001,21.860001,890800,
RLOC,12.62,12.62,12.05,12.32,99600,
RMBS,8.41,8.51,8.25,8.29,907700,
RMD,47.43,48.34,47.169998,48.110001,1107500,
RMTI,3.82,3.85,3.52,3.69,942000,
RNDY,7.6,7.88,7.49,7.8,666800,
RNF,28.620001,28.620001,27.639999,28.440001,186200,
RNO,13.43,13.49,12.77,12.77,110600,
RNR,82.889999,84.470001,82.5,84.18,674000,
RNST,23,23.469999,22.65,23.23,111700,
ROC,61.71,62.79,60.61,62.09,854376,
ROCK,14.81,14.81,14.43,14.47,128300,
ROCM,14.1,14.49,13.9501,14.33,26000,
ROG,45.799999,46.029999,45.169998,45.259998,128000,
ROIC,13.16,13.2,12.78,13.04,568200,
ROK,82.790001,82.900002,80.599998,81.809998,1161900,
ROL,24.520005,25.030005,24.499995,24.820006,309300,
ROLL,52.48,52.889999,52.02,52.02,87400,
ROM,74.68,74.919998,72.790001,73.919998,234400,
ROP,120.860001,121.099998,119.870003,120.019997,454600,
ROSE,42.93,43.610001,41.369999,42.389999,1153100,
ROSG,3.53,3.54,3.3,3.38,294700,
ROST,63.529999,63.849998,62.650002,63.290001,2410200,
ROVI,22.889999,22.98,22.07,22.709999,1853400,
ROYL,2.52,2.53,2.43,2.5,203600,
ROYT,18.02,18.190001,17.77,17.99,111300,
RP,18.059999,18.18,17.719999,18.01,621000,
RPAI,14.72,14.72,14.12,14.24,1544400,
RPM,31.01,31.43,30.85,31.200001,437400,
RPRX,19.299999,19.299999,17.129999,17.59,808600,
RPTP,7.65,7.89,7.5,7.78,389200,
RPXC,15.8,16.32,15.56,16.24,377100,
RRC,75.739998,79.139999,74.529999,78.669998,2061400,
RRD,13.03,13.29,12.8,13.14,2012200,
RRGB,53.669998,54.720001,53.009998,53.970001,133400,
RRMS,35.41,36.25,35.41,35.779999,4500,
RRTS,26.51,26.549999,25.99,26.360001,115900,
RS,63.610001,63.759998,61.93,62.25,538500,
RSE,17.959999,18.42,17.440001,18.24,165100,
RSG,33.240002,33.240002,32.75,32.75,1733600,
RSH,30.735,30.735,30.735,30.735,0,
RSO,6.16,6.24,6.06,6.14,539200,
RSOL,2.26,2.26,2.13,2.16,999000,
RSP,59.93,60.25,59.18,59.75,1200200,
RST,14.85,14.85,14.53,14.63,175200,
RSTI,26.209999,26.209999,24.91,25.52,72700,
RSX,24.559999,24.84,24.209999,24.559999,6151000,
RSYS,4.83,4.88,4.72,4.73,53400,
RT,8.84,8.92,8.68,8.86,366800,
RTEC,11.89,12,11.61,11.76,162600,
RTH,51.330002,51.43,50.599998,51.029999,81700,
RTI,27.41,27.66,26.65,27.34,248500,
RTIX,4.33,4.35,4.22,4.26,216300,
RTK,2,2.05,1.92,1.95,193400,
RTN,65.860001,66.209999,65.139999,65.510002,1788600,
RUE,41.53,41.7,41.47,41.61,251300,
RUSHA,23.879999,24.67,23.67,24.209999,218700,
RUSL,18.940378,19.440388,18.040362,19.02038,4800,
RUSS,22.969999,23.49,21.959999,22.719999,34600,
RUT,956.929993,958.380005,942.789978,951.049988,47336600,
RUTH,11.82,11.82,11.53,11.57,247700,
RVBD,15.84,15.89,15.3,15.36,2404900,
RVLT,3.41,3.99,3.41,3.84,163700,
RVM,0.74,0.74,0.68,0.68,323400,
RWM,21.09,21.33,20.969999,21.15,788400,
RWO,39.790001,40.509998,39.389999,40.02,585700,
RWR,72.07,74.040001,70.889999,72.5,456000,
RWT,17.309999,17.309999,16.860001,17,2143000,
RWX,37.669998,37.93,37.32,37.68,1209400,
RXN,16.9,16.93,16.25,16.66,439300,
RY,55.77,57.130001,55.490002,56.639999,1275700,
RYAAY,48.86,49.360001,48.340001,48.870002,475000,
RYL,37.700001,38.970001,36.82,38.459999,3024300,
RYN,51.560004,53.029996,51.040002,52.099994,1124900,
S,6.99,7.01,6.83,6.86,112984200,
SA,9.98,9.98,9.3,9.33,751700,
SAA,68.400002,69.620003,68.209999,69.620003,5400,
SAAS,7.64,7.92,7.51,7.88,363100,
SABA,8.91,9,8.85,8.9,124000,
SAFM,64.330002,65.419998,63.790001,64.830002,273800,
SAFT,48.93,49.330002,48.32,48.32,45800,
SAH,20.1,20.5,19.77,20.110001,485200,
SAI,0.025,0.025,0.025,0.025,10000,
SAIA,30.84,30.84,27.6,29.190001,430200,
SAM,166.990005,170.289993,166.410004,169.380005,64300,
SAN,6.35,6.5,6.31,6.46,10054100,
SAND,6.15,6.16,5.89,5.89,871100,
SANM,13.65,13.79,13.49,13.56,821100,
SAP,71.190002,71.949997,71.07,71.449997,2542400,
SAPE,12.67,13.01,12.51,12.75,675600,
SATS,38.380001,38.380001,37.990002,38.130001,133400,
SAVE,32.09,32.810001,31.52,32.43,499500,
SB,5.1,5.25,4.89,5.01,235800,
SBAC,71.029999,71.68,70.550003,71.5,1519900,
SBGI,27.98,28.139999,27.01,27.709999,1320500,
SBGL,2.98,3.01,2.94,2.94,421400,
SBH,29.16,30.040001,28.91,29.74,1160200,
SBNY,78.889999,80.519997,78.449997,79.720001,373400,
SBS,9.45,9.49,8.91,9.33,5754800,
SBSI,23.809998,23.999995,23.319995,23.779999,117200,
SBUX,64,64.580002,63.18,64.010002,9913200,
SBY,16.27,16.290001,15.54,16.07,1179700,
SCCO,27.700001,27.719999,26.57,27.059999,2788500,
SCG,47.700001,48.290001,47.240002,47.959999,817900,
SCHA,42.869999,43.099998,42.380001,42.810001,333800,
SCHB,38.130001,38.310001,37.650002,37.990002,1346800,
SCHD,32.220001,32.439999,31.92,32.189999,550800,
SCHE,22.01,22.25,21.719999,21.969999,538100,
SCHF,26.58,26.809999,26.4,26.6,1316100,
SCHG,37.509998,37.689999,37.060001,37.41,140600,
SCHH,30.51,31.16,29.93,30.549999,457200,
SCHL,28.4,28.57,28.200001,28.200001,167300,
SCHM,30.99,31.18,30.58,30.92,466000,
SCHN,24.25,24.42,23.41,24,271300,
SCHV,35.580002,35.689999,35.119999,35.400002,185700,
SCHW,20.690001,20.790001,20.34,20.639999,13373400,
SCHX,37.580002,37.709999,37.060001,37.400002,572500,
SCI,17.219999,17.299999,16.9,17.190001,2607200,
SCIF,6.97,7.04,6.8,6.98,148400,
SCLN,4.82,4.89,4.71,4.79,221500,
SCMP,6.68,6.8,6.51,6.55,196000,
SCO,38.970001,39.099998,37.099998,37.66,1420700,
SCOK,1.45,1.4801,1.42,1.44,10159,
SCOR,22.75,23.15,22.35,22.98,186600,
SCR,17.27,17.27,17.27,17.27,0,
SCS,14.44,14.52,14.22,14.35,1368100,
SCSC,33.080002,33.080002,32.029999,32.049999,93500,
SCSS,23.440001,23.940001,22.780001,23.610001,998500,
SCTY,33.509998,35.349998,32.66,32.959999,2321100,
SCVL,23.09,23.200001,22.34,22.870001,56400,
SCZ,41.549999,41.950001,41.25,41.720001,211400,
SD,4.86,4.89,4.75,4.8,8501900,
SDIV,20.6,20.780001,20.360001,20.6,546800,
SDLP,29.379999,30.030001,28,28,77300,
SDOW,45.549999,46.529999,44.509998,45.490002,1068500,
SDR,13.04,13.04,12.25,12.55,333400,
SDRL,38.209999,38.439999,37.59,38.169998,4501700,
SDS,42.41,43.32,41.900002,42.610001,24371200,
SDT,13.35,13.37,12.51,12.93,367800,
SDY,65.019997,65.470001,64.349998,64.940002,2589400,
SE,33.529999,34.009998,33.099998,33.529999,4263100,
SEA,16.959999,16.959999,16.559999,16.75,120200,
SEAC,11.51,11.52,11.23,11.43,85600,
SEAS,37.43,37.68,36.299999,37.43,220800,
SEE,23.18,23.18,22.690001,22.799999,2254100,
SEED,1.43,1.47,1.43,1.45,18700,
SEF,24.27,24.77,24.25,24.51,67100,
SEIC,27.41,27.66,27.280001,27.379999,614400,
SEM,7.93,8.1,7.9,8.03,488000,
SEMG,51.759998,52.150002,50.540001,51.209999,334100,
SEP,42.77,43.209999,41.549999,42.509998,955600,
SF,34.82,34.84,33.77,34.380001,409100,
SFC,93.459999,93.709999,93.129997,93.309998,0,
SFD,32.85,32.97,32.76,32.81,3193333,
SFE,15.6,15.6,15.2,15.34,87300,
SFG,47.580002,48.049999,47.419998,47.599998,270400,
SFI,20600,20600,19100,19100,13100,
SFL,15.06,15.07,14.12,14.57,1319600,
SFLY,52.049999,54.380001,51.59,53.48,872900,
SFUN,24.41,24.41,23.010001,23.62,2410500,
SFY,11.69,12.16,11.44,11.83,1255700,
SGEN,29.67,30.26,29.16,29.9,970000,
SGG,59.5,60.169998,59.349998,60.07,10900,
SGI,13.95,14.09,13.5,13.5,332100,
SGMO,7.21,7.57,6.86,7.54,1295000,
SGMS,10.74,11.18,10.49,10.57,318600,
SGOL,126.699997,127.029999,125.760002,126.349998,73200,
SGU,4.82,4.84,4.71,4.77,94600,
SGY,21.06,21.399999,20.380001,20.959999,10700,
SGYP,4.840005,4.900003,4.550001,4.590003,1037400,
SH,30.15,30.48,29.969999,30.219999,5043600,
SHEN,16.43,16.809999,16.290001,16.559999,105800,
SHFL,17.62,17.954,17.15,17.35,555100,
SHLD,43.449887,43.549883,42.469888,43.089883,886200,
SHLM,26,26,25.530001,25.73,109200,
SHO,11.32,11.66,11.16,11.31,1717800,
SHOO,46.519996,46.829999,45.589994,46.360004,421500,
SHOR,3.9,4.03,3.82,3.91,175600,
SHOS,41.639999,41.639999,40.619999,41.41,179500,
SHPG,92.239998,94,91.809998,93.610001,588700,
SHW,171.740005,175.740005,170.600006,173.820007,790600,
SHY,84.139999,84.230003,84.139999,84.209999,1885200,
SI,0.115,0.115,0.11,0.11,24200,
SIAL,80.610001,80.699997,79.669998,80.209999,676300,
SID,2.87,2.91,2.79,2.86,4502100,
SIFY,1.88,1.88,1.7,1.72,50800,
SIG,65.470001,65.769997,64.949997,65.139999,748400,
SIGA,2.85,2.86,2.79,2.81,219100,
SIGM,4.9,5,4.75,4.77,144000,
SIL,11.459988,11.459988,10.999989,11.179989,97400,
SIM,11.52,11.7,11.31,11.56,14300,
SIMG,5.43,5.55,5.205,5.28,893000,
SIMO,10.7,10.78,10.45,10.62,258100,
SINA,53.169998,53.209999,51.259998,52.59,2286400,
SIR,28.309999,29.549999,28.07,29.059999,225300,
SIRI,3.1,3.25,3.04,3.22,93120700,
SIRO,63.389999,64.139999,62.830002,63.799999,568000,
SIVB,78.519997,80.879997,78.150002,80.389999,480700,
SIVR,19.51,19.629999,19.26,19.42,260000,
SIX,71.75,72.410004,70.809998,71.669998,675800,
SJB,32.380001,34,31.950001,32.43,502100,
SJI,55.68,56.400002,55.209999,55.959999,183400,
SJM,100.010002,100.949997,99.760002,99.809998,550000,
SJR,21.540001,21.76,21.32,21.58,496400,
SJT,15.44,15.53,15.38,15.52,125200,
SKF,24.559999,25.24,24.24,24.76,265200,
SKH,6.75,6.93,6.64,6.89,241700,
SKM,19.440001,19.450001,19.110001,19.129999,1583900,
SKS,13.79,13.86,13.35,13.49,3013000,
SKT,32.189999,32.959999,31.540001,32.360001,827000,
SKUL,5.33,5.38,5.09,5.23,433500,
SKX,21.69,22.219999,21.309999,22.01,2221500,
SKYW,13.5,13.7,13.33,13.5,291400,
SKYY,20.57,20.57,20.219999,20.43,126100,
SLAB,41.27,41.439999,40.16,40.66,203100,
SLB,71.839996,71.980003,70.25,71.239998,7984300,
SLCA,20.110001,20.549999,19.26,19.629999,2763800,
SLF,28.459999,28.620001,28.1,28.450001,618800,
SLG,84.419998,86.790001,83,84.839996,1078400,
SLGN,46.869999,46.869999,45.939999,46.5,166000,
SLH,51.490002,52.16,51.130001,51.82,185400,
SLM,21.990014,22.17001,21.900003,22.050004,9732300,
SLRC,22.610001,22.65,21.67,22.110001,599100,
SLT,35.54,35.54,34.5,34.5,0,
SLV,19.120001,19.190001,18.790001,18.969999,17632300,
SLW,19.969999,20,18.879999,19.190001,9149700,
SLX,37.459999,37.459999,36.450001,36.939999,50500,
SLXP,65.05,65.12,63.83,64.29,432600,
SM,60.040001,60.59,58.889999,59.66,844100,
SMA,1.47,1.47,1.42,1.42,0,
SMFG,8.73,8.82,8.6,8.76,2116800,
SMG,47.380001,47.509998,46.549999,47.25,367800,
SMH,36.619999,36.740002,36.080002,36.32,2847700,
SMLP,34.380001,34.380001,33.029999,33.150002,102000,
SMN,53.240002,54.860001,53,53.830002,104800,
SMP,34.369999,34.369999,33.169998,33.66,280600,
SMRT,13.51,13.74,13.04,13.1,248200,
SMS,0.5,0.5,0.5,0.5,0,
SMSI,1.18,1.18,1.08,1.08,35100,
SMT,1.31,1.4,1.31,1.37,46300,
SMTC,35.380001,35.759998,34.439999,34.509998,594400,
SN,22.58,22.709999,22,22.4,553400,
SNA,86.809998,87.199997,86.019997,86.269997,418200,
SNAK,7.9,7.97,7.78,7.9,45300,
SNCR,30.43,30.52,30.040001,30.209999,278100,
SNDK,58.279999,58.709999,57.110001,57.700001,3337900,
SNE,19.9,20.120001,19.639999,19.940001,2744700,
SNH,24.5,25.290001,24.139999,24.73,1935200,
SNHY,29.48,30.49,29.34,29.83,38800,
SNI,65.559998,65.559998,64.660004,65.07,551200,
SNP,85.98999,86.539995,84.190003,85.740002,161900,
SNPS,35,35.360001,34.830002,35.150002,775600,
SNSS,5.04001,5.200011,4.94001,5.17001,45700,
SNTA,4.51,4.52,4.24,4.49,2619500,
SNTS,19000,19000,19000,19000,5400,
SNV,2.730055,2.740055,2.680054,2.690054,949200,
SNX,41.790001,42.279999,41.509998,41.880001,394900,
SNY,49.82,50.490002,49.75,50.16,1721300,
SO,42.84,43.330002,42.470001,42.939999,4379300,
SODA,70,70.879997,66.400002,67.169998,1310200,
SOHU,61.880001,61.880001,58.25,58.900002,1233400,
SOL,1.98,2.04,1.95,1.97,916300,
SON,33.77,34.139999,33.59,33.91,300700,
SONC,14.19,14.35,14.01,14.19,1104400,
SONS,3.04,3.1,2.96,3.08,449900,
SORL,2.72,2.98,2.64,2.65,22300,
SOX,458.05,458.07,448.23,451.55,0,
SOXL,43.049999,43.869999,41,42.009998,1514000,
SOXS,17.209999,17.940001,16.860001,17.58,40100,
SOXX,62.279999,62.279999,60.93,61.389999,231100,
SOYB,23.83,24.1,22.549999,23.6,12300,
SPAR,5.86,5.86,5.55,5.68,102500,
SPB,57.439999,57.669998,56.310001,57.400002,249700,
SPF,8.01,8.09,7.76,7.97,7709500,
SPG,154.840001,159.059982,152.019992,154.979997,2998800,
SPH,44.599998,44.599998,41.93,44.07,571500,
SPIL,5.89,5.93,5.75,5.82,1024200,
SPLK,43.310001,44.400002,43,43.779999,1344600,
SPLS,15.49,15.59,15.15,15.39,6998900,
SPLV,30.299999,30.620001,30.059999,30.370001,2892300,
SPN,26.23,26.389999,25.49,25.85,1821100,
SPNC,17.9,18.309999,17.799999,18.15,316500,
SPP,1.98,2.05,1.98,2.01,2300,
SPPI,7.6,7.9,7.2,7.9,2030800,
SPR,21.01,21.040001,20.549999,20.84,1086600,
SPRD,25.4,26.1,25.11,25.73,1873800,
SPRT,4.55,4.63,4.5,4.6,228800,
SPSC,51.470001,51.66,49.299999,50.52,155300,
SPTN,18.48,18.639999,18.26,18.290001,45000,
SPU,2.13,2.13,2.02,2.03,7400,
SPW,70.349998,71.769997,69.269997,71.25,739500,
SPWR,17.879999,18.209999,17.559999,17.889999,3250700,
SPX,1588.77002,1588.77002,1560.329956,1573.089966,4733660000,
SPXL,39.349998,40.130001,38.07,39.09,3852000,
SPXS,11.54,11.88,11.32,11.61,2267700,
SPXU,25.969999,26.77,25.5,26.139999,3843100,
SPY,157.410004,158.429993,155.729996,157.059998,222329000,
SQI,22,23.030001,21.9,22.82,72200,
SQM,39.5,39.599995,38.959997,39.109997,602300,
SQNM,4.08,4.36,4.03,4.31,2444000,
SQQQ,30.52,31.42,29.99,30.65,1635700,
SRC,17.649991,18.08,17.029998,17.819996,2733000,
SRCL,106.75,108.010002,106.5,107.480003,305400,
SRDX,20.860001,21.309999,20.370001,20.870001,73500,
SRE,79.099998,80.949997,78.360001,80.230003,1484500,
SREV,9.03,9.12,8.74,9.05,482400,
SRI,10.64,10.64,10.08,10.22,563000,
SRPT,37.740002,38.990002,36.25,38.560001,1567200,
SRS,23.75,24.26,22.33,23.309999,153500,
SRT,4.79,4.79,4.63,4.69,15400,
SRTY,21.469999,22.15,21.07,21.58,321300,
SSD,28.190001,28.42,27.66,27.870001,173800,
SSG,28.89,29.770002,28.670002,29.4,3900,
SSH,5.55,5.55,5.38,5.49,40200,
SSI,22.389999,23.23,22.370001,22.790001,866800,
SSL,41.040001,41.48,40.509998,41.080002,210000,
SSN,0.42,0.42,0.42,0.42,24100,
SSNC,32.290001,32.950001,31.52,32.459999,601000,
SSO,74.019997,75.010002,72.449997,73.720001,32176400,
SSP,14.909995,15.159998,14.459995,15.069996,438000,
SSRI,6.11,6.11,5.76,5.78,1881800,
SSS,63.73,64.120003,62.110001,62.84,233400,
SSW,21.290001,21.290001,20.59,21.07,177500,
SSYS,82.099998,82.099998,77.790001,79.190002,933200,
ST,34.830002,34.830002,33.630001,34.459999,2630900,
STAA,10,10.24,9.76,10.04,189500,
STAG,19.639999,19.879999,19.379999,19.57,470500,
STB,5.95,6.01,5.75,5.86,205800,
STBA,19.379999,19.9,19.379999,19.450001,81000,
STBZ,15.12,15.29,15,15.03,37700,
STC,25.68,25.75,24.93,25.52,310200,
STE,42.849998,43.080002,42.080002,42.790001,449500,
STEC,6.71,6.74,6.7,6.71,20766300,
STEI,13.07,13.09,13.06,13.06,946100,
STEL,19.06,19.23,19,19,87500,
STFC,17.24,18.02,17.24,17.93,41900,
STI,30.879999,30.879999,30.17,30.42,6624700,
STJ,44.279999,45.07,43.950001,44.84,3029200,
STKL,7.91,7.92,7.6,7.83,224900,
STLD,14.43,14.46,13.85,14.2,2785600,
STM,8.68,8.79,8.62,8.7,1644500,
STMP,38.099998,38.130001,37.369999,37.650002,71300,
STNG,8.4,8.51,8.23,8.45,1064500,
STO,20.27,20.360001,20.02,20.139999,6044400,
STON,25.65,25.68,24.77,25.190001,113700,
STP,0.4,0.405,0.38,0.39,980000,
STR,23.09,23.469999,22.85,23.33,917000,
STRA,48.98,49.349998,47.830002,48.75,111600,
STRI,2.479975,2.499975,2.299977,2.299977,80600,
STRL,9.45,9.45,9.22,9.3,41300,
STRM,6.02,6.02,5.81,6,23300,
STRZA,21.559999,21.85,21.32,21.4,985100,
STSA,22.49,22.75,22.38,22.52,152800,
STSI,1.31,1.34,1.15,1.26,1650300,
STT,64.269997,64.82,63.23,64.089996,3637400,
STV,1.5,1.5,1.45,1.46,107900,
STWD,23.280005,23.910003,22.750007,23.329998,3190400,
STX,41.959999,42,40.68,41.23,3867400,
STZ,50.009998,50.77,49.09,50.330002,1650600,
SU,28.940001,29.16,28.32,28.98,7781600,
SUI,47.439999,47.939999,46.400002,46.84,192400,
SUNE,7.67,7.78,7.27,7.52,4375000,
SUP,17.299999,17.49,17.01,17.33,73400,
SUPN,6.48,6.51,6.17,6.51,209500,
SUPX,23.56,24.2,23.42,23.87,25700,
SURG,3.66,3.72,3.66,3.7,87000,
SUSP,28.28,28.34,26.8,27.64,122400,
SUSQ,12.17,12.27,12.08,12.11,1129100,
SUSS,48.5,48.5,46.17,47.66,413000,
SUTR,1.55,1.59,1.43,1.48,113500,
SVA,3.88,3.9,3.76,3.86,167100,
SVM,2.48,2.5,2.36,2.43,1369400,
SVN,16.05,16.05,16.05,16.05,0,
SVNT,0.7,0.7,0.61,0.65,765000,
SVO,366.0261,366.0409,352.239,362.6536,0,
SVU,5.92,6.04,5.76,5.85,6368000,
SVXY,71.75,73.830002,70.300003,71.470001,4688800,
SWC,10.13,10.28,9.78,10.05,2171600,
SWFT,15.64,15.65,14.53,14.75,2668400,
SWHC,9.54,9.73,9.46,9.63,2152200,
SWI,39.139999,39.299999,38.240002,38.330002,992300,
SWIR,11.9,11.9,11.5,11.55,75500,
SWK,75.269997,75.900002,73.769997,75.050003,1664900,
SWKS,21.540001,21.57,20.950001,21.16,5310900,
SWM,49.549999,49.75,49.27,49.439999,190200,
SWN,35.639999,36.310001,34.84,35.939999,3891500,
SWSH,0.81,0.81,0.77,0.78,27800,
SWX,45.849998,46.209999,45.400002,45.900002,105200,
SWY,20.3,20.66,20.02,20.36,4272800,
SXC,14.15,14.26,13.62,14.06,587600,
SXCP,21.82,21.85,21.02,21.459999,90700,
SXE,22.65,22.65,22.35,22.51,24000,
SXI,52.869999,52.939999,51.389999,51.889999,49100,
SXL,61.57,62.349998,59.759998,61.439999,1084200,
SXT,39.869999,40.450001,39.759998,40.099998,205800,
SYA,15.22,15.33,14.98,15.2,434800,
SYK,65.089996,65.349998,63.830002,64.760002,1581200,
SYKE,15.7,15.87,15.49,15.63,144300,
SYMC,22.17,22.42,21.91,22.01,8386800,
SYNA,36.220001,36.290001,34.98,35.150002,1051200,
SYNC,3,3.04,2.85,2.89,275300,
SYNT,62.52,62.73,61.73,61.77,192600,
SYRG,6.94,7.15,6.78,7.02,387500,
SYT,74.860001,75.440002,74.410004,75,240900,
SYX,9.4,9.4,9.24,9.35,26900,
SYY,33.490002,33.970001,33.360001,33.66,2487000,
SZYM,11.2,11.65,10.06,10.94,2291900,
T,34.310001,34.849998,34.130001,34.459999,71219500,
TA,10.32,10.5,10.06,10.33,274800,
TAHO,12.44,12.44,11.81,12.21,72300,
TAL,9.9,10,9.5,9.7,237800,
TAM,20.43,20.43,19.12,20.12,140900,
TAN,22.18,22.309999,21.65,22.030001,269600,
TAO,19.1,19.290001,18.93,19.209999,114800,
TAOM,4.99,5.08,4.93,5.08,64800,
TAP,47.150002,48.330002,46.939999,47.900002,1448400,
TASR,8.8,9.03,8.69,8.79,314200,
TAST,6.19,6.28,6.04,6.26,178100,
TAT,0.73,0.74,0.71,0.71,32400,
TAXI,13.85,13.85,13.5,13.51,116900,
TAYC,17.2,17.25,17.01,17.15,65100,
TBBK,14.11,14.33,14.05,14.26,93800,
TBF,32.200001,32.200001,31.73,31.870001,2783300,
TBI,21.58,21.610001,21.1,21.17,253400,
TBT,76.050003,76.129997,73.900002,74.699997,9290700,
TC,2.91,2.91,2.74,2.84,2485600,
TCAP,26.969999,27,25.469999,26.34,429700,
TCB,13.7,13.83,13.58,13.68,1045800,
TCBI,41.52,42,41.150002,41.93,689100,
TCK,21.15,21.309999,20.200001,20.27,4005200,
TCO,73.480003,75.260002,72.239998,73.669998,972100,
TCP,45.5,46.09,44.77,45.98,388800,
TCPC,16,16,15.66,15.97,303800,
TCRD,14.88,15,14.57,14.85,796900,
TD,76.75,78.199997,76.440002,77.489998,1433800,
TDC,50.23,50.25,48.110001,48.34,3963100,
TDG,161.020004,164.169998,158.880005,162.190002,936400,
TDIV,21.459999,21.5,21.209999,21.33,344000,
TDS,22.34,22.370001,21.709999,21.85,599000,
TDW,55.09,55.5,53.91,55.099998,512900,
TDY,75.370003,75.879997,74.370003,74.93,119500,
TE,16.58,16.889999,16.469999,16.74,2087500,
TEAR,10.41,10.5,9.65,10.34,96400,
TECD,46.66,46.669998,46.09,46.09,144200,
TECH,68.790001,69.620003,68.419998,68.809998,173500,
TECL,55.18,55.82,53.439999,54.580002,1031600,
TECS,37.369999,38.470001,37,37.709999,25400,
TECUA,10.51,10.82,10.35,10.59,191700,
TEF,12.53,12.72,12.51,12.6,1592100,
TEG,56.509998,57.25,56,56.900002,430200,
TEL,45.150002,45.18,44.02,44.09,2233300,
TEN,43.360001,43.360001,41.880001,42.77,889700,
TEO,13.35,14.09,13.11,13.81,669800,
TEP,21.049999,21.23,20.530001,20.690001,130000,
TER,16.690001,16.709999,16.27,16.559999,2209000,
TESO,12.73,12.88,12.31,12.36,468700,
TEU,3.88,3.88,3.62,3.64,149300,
TEVA,38.630001,38.630001,38.18,38.279999,4625200,
TEX,25.940001,26.549999,25.6,26.01,2419000,
TFM,48.099998,50.16,47.869999,49.77,389100,
TFSL,10.78,10.88,10.68,10.69,336500,
TFX,74.879997,75.349998,73.830002,75.110001,168500,
TG,25.040001,25.139999,24.48,24.65,78400,
TGA,5.83,5.97,5.67,5.82,111100,
TGB,1.91,1.96,1.87,1.89,428800,
TGH,36.630001,37.400002,35.77,37.02,305400,
TGI,78.330002,78.669998,77.580002,77.970001,427100,
TGP,42.150002,42.25,40.689999,41.509998,280700,
TGT,68.190002,68.739998,67.839996,68.290001,4000100,
THC,44.299999,46.200001,42.470001,43.73,6332500,
THG,46.599998,46.880001,45.810001,46.73,308700,
THI,52.18,52.44,51.86,52.08,277500,
THLD,5.2,5.25,5.05,5.11,605700,
THM,0.54,0.59,0.5,0.51,562000,
THO,46.130001,46.189999,44.75,45.860001,589800,
THOR,31.34,31.49,30.799999,31.190001,405200,
THRM,17.5,17.610001,17.049999,17.389999,362300,
THRX,37.610008,38.700004,36.370002,37.600005,1101900,
THS,64.790001,66.559998,64.389999,65.839996,139700,
TI,6.83,6.9,6.76,6.79,200000,
TIBX,21.06,21.06,20.115,20.25,3259200,
TICC,9.27,9.34,8.96,9.15,1085600,
TIF,71.599998,72.239998,70.699997,71.309998,1037000,
TILE,16.700001,16.93,16.57,16.58,342200,
TINY,3.2,3.26,3.1,3.1,318600,
TIP,108.919998,110.339996,108.809998,110.019997,3696700,
TISI,38.5,39.299999,38.310001,38.849998,176900,
TITN,19.84,19.98,19.540001,19.559999,396700,
TIVO,22.889999,22.98,22.07,22.709999,1853400,
TJX,49.220001,49.349998,48.709999,48.849998,3369600,
TK,38.18,38.470001,37.459999,38.189999,334200,
TKC,13.68,13.82,13.56,13.7,745100,
TKR,55.539994,55.780002,54.309993,54.559999,1228200,
TLAB,2.03,2.04,1.99,2.02,4171600,
TLH,124.779999,126.089996,124.779999,125.470001,110000,
TLK,39.419998,39.529999,38.75,38.970001,421700,
TLLP,55.470001,56.860001,53.439999,56.139999,240600,
TLM,11.26,11.5,11.07,11.37,5115600,
TLP,41.970001,41.970001,40.459999,40.639999,49300,
TLT,107.830002,109.389999,107.760002,108.849998,24588900,
TLYS,15.49,15.49,14.84,15.24,65900,
TM,117.349998,117.669998,115.279999,116.529999,653500,
TMF,50.599998,52.709999,50.439999,51.880001,1639200,
TMH,41.189999,41.299999,39.700001,39.779999,1244500,
TMHC,24.65,24.860001,22.91,24.049999,1206400,
TMK,63.959999,64.199999,63.389997,63.840002,629400,
TMO,82.260002,83,81.040001,82.239998,2439500,
TMUS,21.870001,22.35,21.700001,22.24,5754500,
TMV,69.540001,69.699997,66.650002,67.769997,1393400,
TNA,44.049999,44.93,42.57,43.759998,21804000,
TNAV,5.13,5.16,5.11,5.12,568100,
TNC,49.18,49.25,46.91,47.549999,109500,
TNGO,14.73,14.76,14.35,14.42,311800,
TNK,2.59,2.65,2.52,2.57,510900,
TNP,4.27,4.32,4.06,4.18,286700,
TOL,31.07,32.25,30.360001,31.85,7717500,
TOO,31.889999,32.259998,30.440001,31.969999,348000,
TOT,46.919998,47.560001,46.790001,47.130001,2073000,
TPC,17.01,17.07,16.549999,16.889999,289800,
TPH,15.26,15.26,14.24,14.4,1014600,
TPLM,6.8,6.94,6.5,6.78,596400,
TPX,40.779999,40.93,39.439999,40.290001,1335000,
TQNT,6.78,6.83,6.7,6.72,2116000,
TQQQ,62.830002,63.950001,60.860001,62.400002,9214000,
TR,31.390092,31.95009,31.130086,31.300085,105800,
TRAK,33.650002,34.029999,33.299999,33.700001,251200,
TRC,29.01,29.569997,28.089998,28.259999,53700,
TREX,51.990002,52.52,45.66,45.759998,2137200,
TRGP,61.310001,62.419998,60.009998,62,248300,
TRGT,4.56,4.56,4.48,4.52,1085700,
TRI,31.719999,31.879999,31.379999,31.700001,1641200,
TRIB,16.809999,17,16.6,16.75,100100,
TRIP,59.48,61.23,58.740002,60.68,1454700,
TRLA,29.46,29.86,28.29,29.81,594600,
TRLG,31.38,31.46,31.215,31.44,468300,
TRMB,25,25.120001,24.66,24.85,1960500,
TRMK,24.16,24.559999,23.959999,24.18,380500,
TRN,35.630001,35.630001,34.57,35.290001,2713600,
TRNX,16.049999,16.620001,15.91,16.59,153300,
TROW,72.339996,72.389999,70.07,70.559998,2132200,
TROX,19.99,20.049999,19.4,19.620001,885700,
TRP,43.299999,43.419998,42.650002,42.759998,1562600,
TRQ,5.560006,5.59,5.280007,5.42,3376600,
TRS,35.009999,35.380002,34.7,35.099998,245500,
TRV,78.139999,78.5,77.379997,77.849998,2833300,
TRW,61.41,61.87,60.15,61.15,977100,
TRX,2.33,2.39,2.15,2.18,817900,
TS,39.119999,39.419998,38.470001,39.259998,1710400,
TSCO,109.620003,112.68,108.239998,111.190002,1551800,
TSL,5.42,5.44,5,5.16,3083000,
TSLA,96.5,102.870003,95.300003,101.489998,7119800,
TSM,16.780001,17.07,16.610001,16.93,13192700,
TSN,25.040001,25.24,24.74,24.969999,2519800,
TSO,53.009998,53.330002,50.720001,51.900002,4618000,
TSPT,2.92,2.97,2.85,2.87,151300,
TSRA,20.629999,20.83,20.41,20.6,231400,
TSRX,7.89,8.11,7.73,7.98,794000,
TSS,22.68,23.43,22.639999,23.190001,2407600,
TSU,17.040001,17.639999,16.85,17.42,1219600,
TSYS,2.19,2.28,2.11,2.27,289100,
TTC,44.830002,45.099998,44.169998,44.650002,728200,
TTCMY,5.7,5.7,5.01,5.3,39600,
TTEC,23.52,23.639999,23.280001,23.4,91000,
TTEK,23.42,23.639999,23.16,23.389999,613000,
TTI,10.33,10.36,9.9,10.16,756400,
TTM,23.530001,23.540001,22.629999,23.040001,2154400,
TTMI,8.15,8.3,8.04,8.04,352200,
TTS,26.75,27.290001,26.1,27.1,344300,
TTT,90.160004,90.190002,86.389999,87.860001,176000,
TTWO,14.84,14.89,14.25,14.53,3275800,
TU,31.559999,32.009998,31.200001,31.52,183200,
TUES,9.88,9.97,9.63,9.77,283100,
TUMI,22.75,22.959999,22.24,22.84,699600,
TUP,74.669998,74.980003,73.07,74.199997,620800,
TUR,56.389999,56.639999,54.75,55.91,529100,
TV,22.280001,22.41,21.860001,22.309999,1623600,
TVL,2.06,2.1,1.9,2.1,1700,
TW,78.489998,78.779999,77.940002,78.360001,349900,
TWC,100.800003,101.389999,99.730003,99.75,2225400,
TWER,2.15,2.18,2.11,2.16,12300,
TWGP,19.73,19.97,19.59,19.79,470500,
TWI,16.459999,16.52,15.77,16.299999,1356100,
TWIN,21.799999,21.82,21.4,21.639999,29300,
TWM,18.91,19.33,18.68,18.99,1317000,
TWO,10.67,10.67,10.1,10.35,17115400,
TWTC,27.68,27.83,27.45,27.54,1564000,
TWX,56.239997,56.790005,55.709999,56.279996,5144800,
TX,20.77,21.280001,20.02,21.049999,284500,
TXCC,0.41,0.41,0.38,0.38,229600,
TXI,61.12,61.59,59.5,60.2,333900,
TXN,34.82,34.959999,34.099998,34.189999,9087400,
TXRH,24.110001,24.450001,23.799999,24.27,447600,
TXT,25.6,25.620001,25.08,25.27,2885500,
TYC,32.159999,32.159999,31.72,31.72,4919800,
TYD,36.470001,37.360001,36.470001,37.07,4900,
TYL,67.32,68.230003,66.889999,67.690002,98000,
TYO,26.120001,26.120001,25.379999,25.65,55700,
TYPE,24.610001,24.82,24.25,24.290001,120600,
TZA,34.200001,35.299999,33.57,34.369999,4163400,
TZOO,26.34,26.4,25.799999,26.15,45200,
UA,56.349998,57.290001,55.630001,56.68,3868400,
UAL,29.719999,29.93,29,29.48,3033600,
UAM,9.17,9.29,9.01,9.01,154000,
UAN,22.26,22.389999,21,21.700001,543700,
UBA,19.719999,20.35,19.5,19.969999,99000,
UBNT,16.690001,17.26,16.469999,17.08,327400,
UBS,16.6,16.8,16.48,16.67,2585800,
UBSI,26.110001,26.290001,25.860001,25.969999,301700,
UBT,55.709999,57.119999,55.5,56.720001,46200,
UCO,28.179999,29.55,28.09,29.14,400400,
UCTT,6.19,6.25,6.15,6.15,121400,
UDN,26.200001,26.299999,26.17,26.25,81500,
UDOW,77.709999,79.309998,75.5,77.510002,1047800,
UDR,23.68,24.719999,23.42,24.129999,3580000,
UEC,1.88,1.89,1.81,1.86,443200,
UEPS,6.79,6.81,6.6,6.72,226600,
UFCS,26.24,26.540001,24.59,24.82,117300,
UFI,21.209999,21.209999,20.370001,20.379999,37600,
UFPI,43.369999,43.470001,41.330002,41.759998,196000,
UFS,68.260002,68.279999,66.470001,66.769997,830200,
UGA,54.459999,54.860001,54.110001,54.48,28500,
UGI,36.640005,37.339994,36.51,37.120005,1199000,
UGL,48.580002,48.880001,47.91,48.400002,155100,
UGP,22,22.07,21.5,21.91,346600,
UHAL,163.639999,164.100006,158.080002,161.460007,61400,
UHS,65.18,66.400002,64.849998,65.379997,705700,
UIL,36.93,37.040001,36.32,36.639999,533200,
UIS,20.120001,20.549999,20.040001,20.290001,776600,
UL,38.599998,39.23,38.59,39,1012000,
ULE,23.5,23.940001,23.32,23.860001,5400,
ULTA,93.279999,98.330002,92.550003,97.18,2092000,
ULTI,112.669998,114.940002,111.209999,113.059998,177700,
UMBF,52.25,53.389999,52.139999,52.990002,150900,
UMC,2.03,2.1,2.01,2.03,2594500,
UMDD,57.810001,57.810001,53.939999,56,68800,
UMPQ,14.67,14.9,14.6,14.76,1010700,
UN,37.580002,38.169998,37.549999,37.939999,2814500,
UNFI,51.900002,53.400002,51.869999,52.939999,246000,
UNG,20.16,20.24,19.9,19.969999,3299100,
UNH,63.490002,65.040001,63.459999,64.650002,5717100,
UNIS,2.91,3.16,2.8,3.09,89300,
UNL,18.120001,18.209999,18.02,18.030001,19600,
UNM,28.82,29.02,28.379999,28.51,4953400,
UNP,150.600006,151.080002,148.449997,149.339996,4572200,
UNS,43.6,43.8,43.24,43.36,303400,
UNT,42.099998,43.049999,41.59,42.439999,156400,
UNTD,7.490031,7.500031,7.270029,7.270029,761900,
UNXL,13.85,15.14,13.24,14.03,1089800,
UPI,2.04,2.11,2.02,2.03,34500,
UPL,20.24,21.049999,19.870001,20.65,2527700,
UPRO,59.419998,60.59,57.48,58.959999,12461600,
UPS,84.980003,86.290001,84.699997,85.269997,3472300,
UQM,1.29,1.35,1.11,1.16,188400,
URA,16.719999,16.719999,16.35,16.68,38800,
URBN,39.189999,39.389999,38.110001,38.740002,3235500,
URE,67,71,65.209999,68.019997,329400,
URI,48.799999,48.830002,44.849998,46.259998,6081700,
URRE,2.409999,2.419999,2.319999,2.339999,5200,
URS,46.08,46.76,45.81,46.31,712100,
URTY,49.450001,50.369999,47.75,49.169998,455100,
URZ,1.13,1.17,1.1,1.14,573100,
USAC,22.82,23.200001,22.129999,23.18,67100,
USB,35.209999,35.689999,35.139999,35.389999,14635800,
USD,39.639999,40.5,38.740002,39.209999,32500,
USEG,2.120004,2.190004,2.030004,2.100004,29400,
USG,22.809999,22.809999,21.35,22.190001,3367100,
USL,38.73,39.560001,38.73,39.34,32000,
USM,32.869999,32.869999,32.450001,32.619999,118400,
USMO,12.91,13,12.67,12.86,125900,
USNA,71.260002,72.300003,70.489998,71.220001,103200,
USO,33.049999,33.860001,33,33.639999,6734700,
UST,50.889999,51.810001,50.889999,51.400002,133000,
USTR,32.98,33.79,32.61,33.27,232100,
USU,0.31,0.33,0.3,0.33,11800,
UTEK,35.299999,35.299999,34.25,34.869999,345300,
UTHR,63.009998,63.029999,61.23,61.580002,623600,
UTI,10.93,11.02,10.59,10.68,36200,
UTIW,15.08,16,14.98,15.26,545200,
UTSI,2.6,2.66,2.58,2.6,40700,
UTX,91.269997,92.470001,90.300003,91.489998,3856300,
UUP,22.43,22.43,22.32,22.360001,7513000,
UVE,7.12,7.13,6.85,6.88,394800,
UVV,58.959999,60.02,58.740002,59.27,98500,
UVXY,86.280004,89.840004,82.440004,87.470004,11900,
UWM,57.32,58.029999,56.009998,57.220001,911100,
UXI,66.680002,68.080004,66.190001,66.849998,30600,
UYG,87.779999,89.059998,85.330002,87.18,1331200,
UYM,34.709999,34.73,33.459999,34.209999,236900,
V,178.110001,179.479996,175.679993,178.270004,15527600,
VAC,42.400002,42.400002,40.43,41.48,291700,
VAL,63.209999,63.610001,62.32,62.82,853900,
VALE,13.3,13.31,12.73,12.94,24634800,
VALE.P,12.34,12.34,11.85,11.97,12464600,
VAR,67.050003,67.050003,65.839996,66.169998,703900,
VASC,14.76,15.05,14.67,14.84,31400,
VAW,86.199997,86.550003,85,85.949997,127300,
VB,90.830002,91.68,89.919998,90.959999,1129300,
VBK,100.019997,100.870003,98.849998,100.050003,132000,
VBR,81.410004,81.760002,80.349998,81.110001,183000,
VC,61.150002,61.450001,58.02,59.099998,840100,
VCBI,13.4,13.87,13.4,13.72,103400,
VCI,23.87,24.33,23.69,24.01,437600,
VCIT,81.989998,82.370003,81.699997,82.220001,533900,
VCLK,23.64,23.81,23.35,23.39,605400,
VCLT,81.589996,81.889999,80.550003,81.419998,88800,
VCR,87.949997,88.5,86.889999,87.910004,128100,
VCRA,15.62,15.72,14.92,15.5,318700,
VDC,100.540001,101.660004,99.769997,100.760002,128100,
VDE,110.800003,111.379997,109.010002,110.279999,189000,
VDSI,8.16,8.26,8.14,8.15,186700,
VE,11.22,11.41,11.16,11.3,344300,
VEA,34.57,34.869999,34.330002,34.639999,3556500,
VECO,35.990002,36.139999,35.220001,35.580002,552300,
VELT,1.36,1.37,1.25,1.28,1306700,
VEU,42.849998,43.220001,42.52,42.93,1192100,
VFC,184.429993,187.059998,182.449997,185.649994,2415600,
VFH,38.709999,38.849998,38.02,38.439999,384400,
VG,2.76,2.8,2.71,2.77,948600,
VGK,47.009998,47.52,46.849998,47.25,3284600,
VGR,15.880051,16.210052,15.750045,16.070045,678800,
VGT,73.25,73.360001,72.349998,72.879997,331400,
VGZ,1.01,1.05,0.97,1.01,1008100,
VHC,21.49,21.5,19.790001,20,859200,
VHS,20.65,20.97,20.6,20.7,25684600,
VHT,85.110001,85.739998,84.279999,85.040001,559900,
VIAB,65.260002,65.769997,64.550003,65.199997,3235500,
VICL,2.96,3.06,2.91,3.01,64900,
VICR,5.67,5.73,5.55,5.6,80600,
VIG,65.389999,65.839996,64.830002,65.339996,2066200,
VIIX,12.28,12.51,11.97,12.34,191200,
VIP,9.67,9.82,9.61,9.68,1535800,
VIPS,25.739999,25.810001,23.26,25.53,12025000,
VIS,80.059998,80.139999,78.959999,79.459999,169800,
VIV,21.41,22.110001,21.219999,21.9,1419600,
VIVO,21.389999,21.799999,21.280001,21.469999,121200,
VIX,20.870001,21.91,18.58,20.110001,0,
VIXM,28.870001,29.23,28.48,29.040001,48700,
VIXY,61.08,62.400001,59.709998,61.650001,283900,
VLCCF,6.39,6.59,6.25,6.52,161800,
VLO,34.790001,34.869999,33.27,33.759998,12792600,
VLTR,13.82,14.05,13.62,13.97,225700,
VLY,8.99,9.23,8.92,9.18,1509400,
VMC,49.389999,49.830002,47.66,48.02,968900,
VMI,136.050003,144.580002,132.160004,136.419998,180000,
VMW,66.870003,66.879997,64.860001,65.93,2939100,
VNDA,8.16,8.19,7.51,7.54,1589800,
VNET,11.16,11.29,10.74,10.85,644200,
VNO,77.400007,79.839997,76.189997,78.139988,1367100,
VNQ,64.830002,67.099998,64.279999,65.68,8414700,
VNQI,50.389999,50.68,49.759998,50.439999,207200,
VNR,27.75,27.75,27.25,27.549999,805100,
VNTV,27.049999,27.07,26.719999,26.83,785400,
VO,92.410004,93.050003,91.360001,92.349998,1075200,
VOC,13.8,13.85,13.35,13.66,50100,
VOCS,10.43,10.54,10.19,10.24,439500,
VOD,27.069998,27.440003,27.039999,27.31,9070400,
VOE,66.690002,67.110001,65.959999,66.599998,230800,
VOLC,17.78,17.8,17.45,17.68,521900,
VOO,72.099998,72.559998,71.330002,71.910004,1863700,
VOT,75.93,76.660004,75.089996,76.019997,148500,
VOX,76.18,76.610001,75.75,76.150002,182800,
VOXX,10.89,11.6,10.68,11.49,149200,
VOYA,26.309999,26.559999,25.52,25.969999,1580500,
VPFG,19.54,19.66,19.19,19.45,254100,
VPG,15.42,15.45,15.07,15.24,28700,
VPHM,27.95,28.91,27.32,28.61,842400,
VPL,53.75,54.110001,53.110001,53.810001,469600,
VPRT,45.97,47.4,45.45,45.83,197400,
VPU,78.860001,80.169998,78.5,79.620003,544400,
VR,33.799999,34.470001,33.400002,34.18,1993300,
VRA,21.52,21.52,20.959999,21,558400,
VRML,2.67,2.67,2.55,2.61,65500,
VRNG,2.95,3.09,2.87,2.99,156100,
VRNM,2.25,2.38,2.25,2.36,11100,
VRNT,34.23,34.68,33.610001,33.75,458900,
VRS,1.17,1.17,1.07,1.07,10200,
VRSK,57.630001,58.450001,57.189999,58.119999,600700,
VRSN,43.970001,44.049999,43.279999,43.59,2109100,
VRTU,22.309999,22.379999,21.870001,21.959999,85000,
VRTX,75.029999,77.18,73.400002,76.669998,1495200,
VRX,84.480003,85.330002,83.449997,84,1860500,
VSAT,69.790001,70.449997,68.18,69.110001,188800,
VSH,13.48,13.55,13.34,13.39,1522200,
VSI,45.240002,45.84,44.759998,45.169998,299700,
VSS,86.760002,87.25,85.830002,86.93,90500,
VT,50.209999,50.540001,49.75,50.130001,415400,
VTI,81.110001,81.610001,80.190002,80.919998,5378400,
VTR,64.980003,66.879997,63.82,65.25,2380300,
VTSS,2.58,2.62,2.51,2.61,880300,
VTUS,2.19,2.19,2.05,2.05,269200,
VTV,66.489998,66.809998,65.730003,66.269997,886000,
VUG,76.800003,77.220001,75.790001,76.550003,710700,
VV,71.959999,72.449997,71.220001,71.830002,317500,
VVC,32.59,32.970001,32.32,32.73,298400,
VVI,25.33,25.33,24.870001,25.049999,48700,
VVTV,5.02,5.15,4.66,4.9,483000,
VVUS,13.68,13.74,12.79,13.02,3148600,
VWO,36.5,36.919998,36.02,36.5,51498400,
VXEEM,36.94,38.02,35.31,38,0,
VXEWZ,41.08,42.52,39.77,40.02,0,
VXF,67.790001,68.32,67.010002,67.809998,174800,
VXUS,44.310001,44.610001,43.919998,44.34,487000,
VXX,22.68,23.139999,22.129999,22.809999,6185800,
VXZ,23.540001,23.82,23.209999,23.690001,274500,
VYM,55.439999,55.779999,54.900002,55.32,1174100,
VZ,49.049999,49.41,48.810001,49.119999,29396300,
WAB,49.759998,50.130001,48.889999,49.650002,943700,
WABC,45.110001,46.380001,44.830002,45.18,163900,
WAC,33.290001,33.580002,32,32.25,1109100,
WAFD,17.32,17.68,17.1,17.610001,924400,
WAG,48.08,48.68,47.505,48.05,6358453,
WAGE,31.629999,33.25,30.98,32.599998,496800,
WAIR,18.129999,18.41,17.85,18.290001,444900,
WAL,14.69,14.97,14.53,14.86,488500,
WAT,98.260002,99.089996,97.57,97.629997,802000,
WBC,71.529999,72.290001,70.480003,72.07,534000,
WBMD,25.530001,25.93,25.18,25.18,424100,
WBS,24.98,24.98,24.49,24.790001,1448300,
WBSN,24.7,24.73,24.7,24.71,426400,
WCC,65.279999,66.279999,64.260002,65.459999,504900,
WCG,52.5,53.549999,52.23,53.040001,499200,
WCN,40.02,40.27,39.720001,39.880001,578900,
WCRX,18.97,19.24,18.74,18.94,3387100,
WD,17.120001,17.41,16.58,17.139999,202000,
WDAY,63,64.389999,61.450001,63.049999,1165600,
WDC,59.610001,59.799999,58.040001,58.540001,2394400,
WDFC,53.889999,54.259998,53.619999,53.759998,53700,
WDR,42.490002,42.779999,41.529999,41.950001,764200,
WEAT,18.110001,18.110001,17.52,18,35100,
WEC,39.369999,40.060001,39.110001,39.82,1534800,
WEN,5.63,5.72,5.57,5.67,3945200,
WERN,23.84,24.02,23.5,23.700001,420400,
WES,60.41,61.779999,58.560001,60.93,252500,
WETF,10.66,10.81,10.18,10.74,2708100,
WEX,75.519997,75.709999,73.860001,74.669998,234900,
WFC,40.48,40.5,39.400002,39.799999,31047900,
WFM,50.830002,51.580002,50.330002,50.830002,2369100,
WFT,13.28,13.33,12.97,13.16,13365700,
WG,6.47,6.53,6.28,6.37,363900,
WGL,41.560001,42.130001,41.259998,41.869999,177600,
WGO,20.17,20.17,19.440001,19.719999,236300,
WHR,111,112.970001,107.879997,111.769997,2335900,
WHX,2.28,2.28,2.28,2.28,0,
WHZ,13.01,13.21,12.67,13.1,248900,
WIBC,6.47,6.57,6.41,6.43,278500,
WIFI,6.06,6.16,6,6.03,81300,
WILN,4.58,4.58,4.32,4.43,30500,
WIN,7.94,7.95,7.75,7.84,8023357,
WIRE,33.889999,34.029999,33.599998,33.880001,79300,
WIT,7.1,7.14,6.91,7.04,999500,
WLB,11,11.23,11,11.08,32000,
WLH,23.790001,24.42,22.540001,23.959999,211300,
WLK,94,95.980003,91.019997,95.18,1504200,
WLL,46.25,46.400002,44.259998,44.939999,3007800,
WLP,78.47,81,78.47,79.98,5193000,
WLT,12.39,12.41,10.56,10.6,17100000,
WM,39.450001,39.57,39.029999,39.040001,2439500,
WMAR,11.06,11.4,11,11.34,29500,
WMB,32,32.130001,31.25,31.65,10898300,
WMC,17.530001,17.530001,16.370001,17.23,1444600,
WMGI,16.049999,16.620001,15.91,16.59,153300,
WMS,25.4,25.53,25.37,25.43,547400,
WMT,73.050003,74.790001,72.900002,74.199997,9697300,
WNC,9.27,9.3,8.94,9.26,905100,
WNR,27.26,27.27,26.309999,26.889999,1791400,
WOOF,25.1,25.290001,24.9,25.08,497400,
WOR,32.110001,32.259998,30.860001,31.35,595200,
WPC,63,65.160004,61.900002,64.099998,642600,
WPP,11.4,11.51,11.33,11.42,203900,
WPPGY,81.830002,82.440002,81.209999,82.330002,50100,
WPRT,28.26,28.48,27.610001,27.9,596200,
WPX,18.9,19.76,18.76,19.209999,3125800,
WPZ,46.979998,46.979998,45.310006,46.020004,428500,
WR,30.450001,31.16,30.23,30.879999,1291100,
WRB,39.799999,40,39.619999,39.900002,974800,
WRE,25.43,26.18,25.049999,25.42,436900,
WRES,2.57,2.6,2.47,2.47,958900,
WRI,28.709999,29.57,28.190001,28.93,1536100,
WRLD,86.529999,89.010002,86.110001,88.129997,108200,
WRLS,12.57,12.76,12.56,12.75,309100,
WSH,40.939999,41.380001,40.18,41.330002,2252700,
WSM,53.540001,54.310001,52.68,54.02,1004900,
WSO,80.5,81.660004,79.660004,81.349998,223400,
WSR,15.58,15.76,15.01,15.29,242700,
WST,67.489998,68.459999,67.129997,68.260002,359000,
WSTC,22.219999,22.6,20.629999,21.389999,218200,
WTFC,37.5,37.68,37.27,37.459999,214700,
WTI,13.68,14.38,13.13,13.95,852300,
WTR,29.7,30.52,29.51,30.280001,971600,
WTS,44.150002,44.810001,44.049999,44.310001,180700,
WTSL,4.62,4.73,4.53,4.7,1316500,
WTW,43,44.400002,42.619999,43.669998,791000,
WU,16.469999,16.5,16.24,16.379999,6269900,
WWAV,15.84,15.95,15.61,15.78,1358000,
WWD,39.98,40.580002,39.130001,39.169998,297300,
WWE,9.8,9.85,9.65,9.79,89700,
WWW,50.169998,51.299999,49.43,50.990002,836200,
WWWW,22.34,22.790001,22.26,22.57,419800,
WX,19.77,19.77,18.91,19.610001,529000,
WY,27,27.639999,26.379999,27.01,9510800,
WYN,54.369999,55.189999,53.529999,54.849998,3188700,
WYNN,126.629997,127,121.839996,124.120003,3326000,
X,16.83,16.879999,16.120001,16.440001,8277200,
XAU,90.9,90.9,86.55,87.33,0,
XBI,101.059994,102.799999,99.139996,101.84,678000,
XCO,7.400005,7.430001,7.139996,7.299997,2944200,
XDA,92.01,92.99,91.75,92.77,0,
XDB,153.7,154.66,153.56,154.32,0,
XDC,0.459,0.459,0.459,0.459,0,
XDE,130.98,131.44,130.59,131.2,0,
XDN,101.77,102.86,101.73,102.3,0,
XDS,106.96,107.39,106.71,107.18,0,
XEC,65.309998,65.559998,62.98,64.720001,1610700,
XEL,27.83,28.190001,27.540001,28.02,3921400,
XEO,716.059998,716.059998,703.390015,708.77002,0,
XES,38.790001,38.82,37.759998,38.470001,53800,
XHB,28.4,28.700001,27.73,28.42,15346400,
XIN,4.17,4.17,3.75,3.81,1260500,
XL,29.190001,29.51,28.879999,29.32,3175500,
XLB,38.220001,38.459999,37.779999,38.169998,12424500,
XLE,77.32,77.870003,76.019997,77.010002,18904800,
XLF,18.879999,18.979999,18.579999,18.78,96897100,
XLI,41.91,41.970001,41.369999,41.59,17405800,
XLK,30.24,30.35,29.940001,30.139999,11185200,
XLNX,39.07,39.209999,38.41,38.610001,2890400,
XLP,39.150002,39.650002,38.869999,39.27,24973100,
XLS,13.22,13.29,12.99,13.18,1206100,
XLU,36.240002,36.790001,35.98,36.509998,20405500,
XLV,46.880001,47.290001,46.450001,46.889999,19003300,
XLY,54.48,54.939999,53.959999,54.540001,7004800,
XME,33.380001,33.41,31.83,32.380001,6019600,
XNPT,5,5.21,4.84,5.02,606800,
XOM,88.949997,89.5,88.019997,88.480003,17653000,
XOMA,3.55,3.57,3.31,3.33,909000,
XOOM,22.23,22.51,21.690001,22.190001,96600,
XOP,57.169998,57.98,55.990002,57.23,7279000,
XOXO,10.45,10.67,10.28,10.5,73400,
XPO,17.27,17.43,16.75,17.18,97600,
XPP,38.099998,38.950001,37.130001,38.470001,79600,
XRA,0.69,0.69,0.62,0.64,212700,
XRAY,40.66,40.790001,39.900002,40.380001,1106100,
XRM,10.29,10.3,9.05,9.61,277500,
XRS,9.9,10,9.5,9.7,237800,
XRT,74.779999,75.25,73.849998,74.589996,10019800,
XRTX,10.5,10.5,10.08,10.44,69500,
XRX,9.17,9.23,8.89,8.95,11427500,
XSD,52.029999,52.029999,51.07,51.459999,59600,
XSP,158.88,158.88,156.03,157.31,0,
XTEX,19.8,19.91,18.51,19.03,659200,
XTXI,19.65,19.99,18.88,19.56,255400,
XUE,3.2,3.24,3.12,3.18,72500,
XXIA,17.68,17.809999,17.309999,17.440001,598700,
XYL,25.889999,26.02,25.559999,25.77,1399900,
YANG,59.53,62.120002,59.000001,60.240003,31600,
YAO,21.23,21.49,21.040001,21.41,34800,
YCL,21.75,21.75,21.74,21.74,300,
YCS,62.150002,62.439999,61.509998,62.16,426500,
YELP,30.379999,31.440001,29.26,30.940001,1498300,
YGE,2.89,2.95,2.83,2.91,387600,
YHOO,24.98,25.09,23.82,24.07,37006200,
YINN,13.85,13.85,12.8,13.41,390000,
YNDX,25.889999,26.219999,25.379999,26,2796500,
YOKU,18.809999,18.809999,17.690001,17.959999,2731300,
YONG,5.53,5.54,5.31,5.46,482700,
YPF,14.36,14.58,13.75,14.33,1128700,
YRCW,22.42,22.9,21.629999,22.280001,459700,
YUK,97.940002,98.330002,97.220001,97.730003,0,
YUM,68.060003,68.56,67.060004,68.100001,4572200,
YZC,7.59,7.66,7.3,7.59,614300,
Z,53.23,54.029999,52.119999,53.860001,719400,
ZAGG,5.01,5.2,5,5.13,728900,
ZAZA,1.37,1.4,1.37,1.4,17200,
ZBRA,43.439999,44.349998,42.860001,42.869999,178100,
ZEP,16.639999,16.83,16.42,16.48,55100,
ZEUS,23.860001,24.23,22.790001,23.059999,95900,
ZINC,12,12.16,11.53,12.04,514100,
ZION,27.6,28.030001,27.5,27.809999,2728500,
ZIOP,1.95,2,1.86,1.88,528800,
ZIXI,4.07,4.2,4,4.12,398700,
ZLC,8.54,8.56,7.96,8.24,1003300,
ZLTQ,5.96,6.14,5.82,5.97,25000,
ZMH,75.790001,75.949997,74.550003,75.269997,1016000,
ZN,2.3,2.43,2.3,2.38,345600,
ZNGA,2.64,2.65,2.5,2.58,19203700,
ZNH,19.969999,20.219999,19.809999,20.030001,25600,
ZOLT,13.04,13.04,12.57,12.85,147400,
ZQK,5.88,5.91,5.73,5.79,2262700,
ZROZ,92.290001,94.029999,91.650002,93.550003,70400,
ZSL,101.25,104.739998,100.449997,103,480600,
ZTS,30.15,30.5,29.4,30.379999,40766000,
ZUMZ,27.16,27.25,26.68,26.700001,279300,
ZX,2.55,2.62,2.48,2.53,19000,
ABCB,15.84,16.25,15.74,16.110001,66200,
ACCL,8.12,8.32,8.07,8.18,91400,
ACPW,4.1,4.18,4.1,4.11,35200,
ACWX,40.049999,40.380001,39.73,40.060001,505300,
AKR,23.879999,24.219999,23.34,23.77,392700,
AONEQ,0.03,0.0312,0.0278,0.0312,1680900,
ARSD,8.01,8.16,7.82,8.08,29600,
ASTM,15.65,15.65,15.65,15.65,0,
ASX,3.95,3.97,3.87,3.91,937100,
ATEC,1.999999,2.049999,1.989999,2.039999,9200,
ATRC,9,9.2,9,9.16,164600,
AVNW,2.769999,2.839999,2.719999,2.789999,12100,
BFIN,7.85,7.95,7.77,7.91,53000,
BFR,3.76,3.8,3.53,3.71,60100,
BIL,45.799999,45.810001,45.799999,45.810001,769000,
BIN,20.82,20.92,20.42,20.84,135600,
BIS,41.89,42.770002,40.330002,40.929999,4100,
BKEP,8.71,8.88,8.07,8.29,26800,
BRB,224.529999,226.440002,221.990005,222.600006,0,
BSQR,2.71,2.71,2.65,2.68,28700,
CBRX,0.66,0.66,0.63,0.64,20600,
CEC,0,0,0,40,0,
CERP,0.02,0.02,0.02,0.02,10177500,
CHGS,0.162,0.17,0.14,0.15,45900,
CIR,51.959999,51.959999,50.66,51.5,75400,
CIU,106.349998,106.860001,106.110001,106.440002,518200,
CLUB,10.53,10.74,10.15,10.58,50700,
CMLS,3.3,3.41,3.3,3.37,307500,
COBZ,8.22,8.34,8.19,8.19,144600,
COOL,0.580012,0.610012,0.580012,0.590012,3500,
CRAI,18.129999,18.35,17.959999,17.99,22400,
CRDC,1.2,1.2,1.15,1.15,2800,
CREG,1.07,1.07,0.98,1.04,1600,
CROP,25.059999,25.26,24.91,25.219999,9700,
CSFL,8.64,8.75,8.64,8.66,50900,
CSHZ,0.07,0.07,0.07,0.07,109800,
CSJ,104.339996,104.540001,104.110001,104.480003,753500,
CWB,41.560001,41.950001,41.209999,41.560001,746000,
DCOM,14.58,14.82,14.57,14.65,82100,
DGT,56.700001,57.349998,56.700001,57.349998,1500,
DMB,11.52,11.99,11.52,11.76,97200,
DQ,8.62,8.62,7.9,8.14,50000,
DRCO,5.105,5.22,5.1,5.13,6800,
EGI,0.33,0.35,0.33,0.35,12300,
ELS,74.050003,77.5,73.199997,75.699997,425400,
EUFX,37.73,37.73,37.610001,37.610001,3100,
FCBC,15.27,15.63,15.27,15.49,24700,
FCF,6.9,7.05,6.9,6.97,698000,
FDML,9.5,9.94,9.32,9.65,231000,
FELE,33.290001,33.400002,32.860001,32.91,277500,
FMD,1.09,1.15,1.07,1.13,27100,
FOL,3.03,3.03,3.03,3.03,0,
FORX,45.720001,46.509998,45.459999,45.529999,14000,
FSCI,41.01,41.13,40.99,41.01,42400,
FTC,33.599998,33.889999,33.279999,33.650002,42200,
GBLI,22.559999,22.799999,21.700001,21.780001,38100,
GGAL,5.3,5.3,5.03,5.1,140900,
GIB,28.98,29.1,28.35,28.879999,248000,
GLDI,15.5,15.54,15.401,15.462,8800,
GLDX,12.91,12.93,12.19,12.33,47100,
GMXRQ,0.24,0.24,0.2,0.2,1700,
GSE,1.1,1.1,1.1,1.1,0,
GSIG,8.3,8.3,8.02,8.04,79200,
GSIT,6.25,6.25,6.18,6.19,29900,
GTS,21.809999,22.08,21.629999,21.76,239200,
GUNR,31.049999,31.32,30.73,31.030001,164400,
HCKT,5.12,5.25,5.02,5.25,81700,
HDNG,14.16,14.22,13.81,13.86,85100,
HDSN,3.23,3.26,3.13,3.14,277326,
HGR,32.09,32.290001,31.58,31.83,101700,
HSON,2.44,2.5,2.33,2.35,198700,
IBCA,6.58,6.61,6.37,6.61,92400,
ICFI,30.799999,31.07,30.4,30.84,54500,
IEFA,50.799999,51.32,50.52,51.049999,459800,
INOD,3.2,3.22,3.07,3.1,108400,
IPCC,58.110001,59.66,57.369999,59.349998,56900,
ISIG,1.9,1.98,1.9,1.97,19100,
KIPO,6.4,6.58,6.26,6.27,38700,
KITDQ,0.35,0.4,0.35,0.38,105300,
KMPR,31.99,32.709999,31.59,32.48,155800,
LDL,14.18,14.55,14,14.36,33300,
LEDR,10.42,10.54,10.3,10.53,162100,
LEDS,1.66,1.68,1.52,1.56,87300,
LOJN,3.21,3.28,3.07,3.07,46600,
LPTN,4.530001,4.820002,4.500002,4.520002,1600,
LYTS,7.56,7.58,7.28,7.49,21000,
MCS,12.7,12.82,12.59,12.65,65000,
MGEE,53.080004,54.070004,52.620003,53.260008,47400,
MGRC,33.220001,34,33.150002,33.549999,75500,
MPX,7.13,7.23,7.04,7.19,14600,
NEWN,0.13,0.13,0.13,0.13,0,
NJR,41.529999,41.860001,40.970001,41.459999,477600,
NPBC,9.74,9.92,9.71,9.77,565600,
NZD,129.610001,129.949997,128.369995,129.009995,0,
PANL,0,0,0,26.02,0,
PPBI,11.69,12,11.53,12,65100,
PRGX,5.49,5.58,5.47,5.54,59800,
PRO,30.1,31.030001,29.540001,30.59,134400,
PWAVQ,0.0104,0.014,0.0104,0.0121,75100,
PXLW,3.24,3.24,2.97,3.13,648500,
QRM,0.45,0.48,0.45,0.4679,52000,
QTEC,28.26,28.26,27.93,28.08,25000,
RNWK,7.32,7.4,7.29,7.36,47800,
RPT,14.51,14.77,14.32,14.48,284700,
RWL,30.700001,30.870001,30.43,30.73,16100,
SCMR,0.5,0.5,0.48,0.5,173600,
SIGI,22.389999,22.58,22.1,22.42,102200,
SIJ,21.540001,21.629999,21.209999,21.35,5100,
SKA,67.559998,68.010002,67.419998,67.629997,0,
SMCI,10.78,10.89,10.51,10.6,163400,
SMTX,2.03,2.09,1.97,2.01,45100,
SNBC,2.95,3.15,2.95,3.09,8900,
SOCL,14.21,14.23,14,14.12,7300,
STAN,21.05,21.26,21.05,21.1,34900,
STL,9.25,9.39,9.15,9.25,160000,
STNR,50.360001,51.16,49.799999,50.209999,39900,
SWS,5.78,5.8675,5.59,5.65,98600,
SYMX,0.99,0.99,0.89,0.89,42000,
SYPR,3.11,3.14,3.04,3.06,89900,
TACT,7.9,7.99,7.77,7.77,11300,
TFI,22.309999,22.450001,21.959999,22.299999,491400,
TGE,7.32,7.32,7.32,7.32,0,
THR,19.950001,20.23,19.860001,20.09,573900,
TMS,14,14.07,13.71,14,44700,
TPI,0.49,0.5,0.49,0.49,18800,
TRNO,18.110001,18.209999,17.809999,17.91,302800,
TRST,5.33,5.44,5.29,5.4,600800,
TSTC,0.38,0.5,0.38,0.5,15100,
UAMY,1.24,1.24,1.11,1.15,193200,
UBNK,13.18,13.24,13.04,13.06,58900,
UCBI,12.03,12.17,11.79,11.94,390300,
ULBI,3.5,3.65,3.4,3.49,17900,
USMV,32.029999,32.299999,31.780001,32.040001,1804200,
USPH,29.16,29.41,28.9,29.139999,71500,
UTY,0.02,0.02,0.02,0.02,0,
WAVX,0.41,0.41,0.38,0.4,6500,
WWAV.B,15.67,15.68,15.34,15.5,822000,
XDZ,77.22,77.91,77.01,77.75,0,
XIDEQ,0.2,0.22,0.13,0.16,9648600,
ZOOM,0.39,0.4,0.38,0.38,4400,