symbol,open,high,low,close,volume,adjust_close
A,44.22,44.63,44,44.4,5472300,
AA,8.249991,8.299991,8.209991,8.229992,3966200,
AACC,6.52,6.57,6.51,6.51,25800,
AAMRQ,4.75,4.84,4.5,4.71,2268300,
AAN,27.75,28.030001,27.530001,27.74,369000,
AAON,31.369994,31.810005,31.000004,31.439991,121100,
AAP,82.889999,83.410004,82.599998,82.690002,486900,
AAPL,435.740013,442.759987,433.320011,437.600002,71528100,
AAT,32.43,32.66,32.07,32.099998,181800,
AAU,1.76,1.76,1.73,1.73,41400,
AAV,4.31,4.36,4.29,4.3,308600,
AAWW,46.330002,47.279999,45.689999,45.880001,94800,
AAXJ,55.810001,56.220001,55.630001,55.889999,378600,
AB,24.889999,25.120001,24.549999,24.780001,329100,
ABAX,43.950001,46.09,43.34,45.669998,122900,
ABB,21.690001,21.83,21.629999,21.66,3042000,
ABBV,43.310001,44.049999,43.049999,43.59,3574800,
ABC,53.959999,55.18,53.939999,54.810001,3596200,
ABCO,52.27,53.82,52.209999,53.419998,170900,
ABFS,19.44,20.12,19.01,19.53,364400,
ABG,40.959999,41.48,40.41,41.09,169200,
ABM,24.75,24.940001,24.49,24.860001,167900,
ABMD,20.9,21.24,20.639999,20.809999,193400,
ABR,6.95,6.97,6.85,6.87,115300,
ABT,37.139999,37.310001,36.82,36.830002,5128500,
ABV,35.97,36.33,35.5,36.09,18396800,
ABX,19.93,20.24,19.610001,19.65,11586800,
ACAD,19.57,19.65,18.73,18.85,4231100,
ACAS,13.35,13.58,13.12,13.13,3742500,
ACAT,46.389999,47.27,45.5,45.73,90800,
ACC,39.41,39.849998,38.82,39.150002,843800,
ACCO,6.89,7.08,6.87,6.91,334200,
ACE,89.410004,90.099998,89.199997,89.43,1425200,
ACET,12.91,13.04,12.4,12.87,133300,
ACFN,8.23,8.44,8.03,8.04,93700,
ACGL,51.889999,52.16,51.59,51.619999,306400,
ACH,9.13,9.18,9.02,9.05,128700,
ACHC,34.32,35.25,34.27,34.700001,273200,
ACHN,8.15,8.28,7.96,7.98,812400,
ACI,4.69,4.69,4.56,4.56,997300,
ACIW,44.09,44.440001,42.75,42.91,1123200,
ACLS,1.76,1.85,1.68,1.7,227500,
ACM,30.700001,31.120001,30.379999,30.42,441200,
ACMP,44.95,45.04,44.46,44.79,317900,
ACN,80.639999,81.599998,80.360001,80.410004,1971000,
ACO,31.34,31.56,31.02,31.38,28300,
ACOR,34.16,34.790001,33.189999,34.009998,383500,
ACRE,15.99,16.110001,15.85,15.95,20200,
ACRX,9.6,10.43,9.49,10,944300,
ACT,125.110001,126.07,123.5,125.089996,1204900,
ACTG,25.040001,25.139999,24.5,24.67,306200,
ACTV,7.46,7.5,7.28,7.3,415900,
ACUR,2.15,2.2199,2.13,2.18,148171,
ACW,5.3,5.36,5.24,5.28,101800,
ACWI,51.41,51.799999,51.25,51.450001,1596600,
ACXM,22.15,22.639999,21.809999,22.42,191700,
ADBE,43.599998,43.849998,43.099998,43.119999,2487100,
ADC,31.67,31.860001,31.35,31.549999,64300,
ADES,38.24,39.38,38.24,38.87,124400,
ADI,45.470001,45.68,44.990002,45.02,1300800,
ADM,32.799999,33.27,32.66,33.119999,3364400,
ADNC,13.28,13.7,13.28,13.69,122800,
ADP,68.330001,68.690001,67.980003,68.110004,1816700,
ADS,174.619995,178.570007,173.789993,177.419998,932300,
ADSK,35.610001,35.889999,35.27,35.330002,2898100,
ADT,39.669998,40.110001,39.630001,39.919998,3273300,
ADTN,23.889999,24.4,23.549999,23.83,345100,
ADVS,32.73,33.150002,32.540001,32.82,179000,
ADY,7.36,7.38,7.35,7.38,27900,
AEC,16.01,16.16,15.81,15.85,397600,
AEE,34,34.18,33.810001,33.830002,1386800,
AEG,6.81,6.88,6.79,6.81,1273800,
AEGN,22.799999,23.35,22.620001,22.969999,122400,
AEGR,74.519997,75.580002,73.599998,74.010002,336900,
AEIS,18.190001,18.440001,17.790001,17.940001,261900,
AEL,16.200001,16.389999,16.120001,16.16,524500,
AEM,30.1,30.959999,29.98,30.200001,1360100,
AEO,19.379999,19.540001,19.15,19.27,1766200,
AEP,45.560001,45.84,45.310001,45.360001,3272500,
AER,16.74,16.74,16.48,16.5,216400,
AERL,3.87,3.9,3.78,3.8,158100,
AES,12.16,12.39,12.06,12.31,4736500,
AET,60.360001,62.060001,60.169998,61.779999,3767700,
AF,9.95,10,9.85,9.93,521100,
AFAM,19.809999,20.049999,19.790001,19.92,54700,
AFCE,35,35.18,34.44,34.74,240700,
AFFX,3.72,3.73,3.59,3.6,334700,
AFFY,0.85,1.08,0.84,1.02,3829100,
AFG,48.549999,49.09,48.34,48.669998,462400,
AFL,56.310001,56.810001,56.130001,56.41,3731200,
AFSI,32.9,33.56,32.78,33.190001,1497000,
AG,10.99,11.18,10.88,10.98,840400,
AGCO,54.970001,55.299999,54.43,54.450001,826900,
AGEN,3.7,3.84,3.65,3.65,125900,
AGG,108.190002,108.449997,108,108.400002,1118700,
AGII,40.459999,40.920004,40.279998,40.48,43600,
AGM,29.559999,30,29.34,29.629999,10100,
AGN,125.110001,126.07,123.5,125.089996,1204900,
AGNC,24.25,24.83,24.01,24.67,14442200,
AGO,23.01,23.059999,22.280001,22.51,2608900,
AGQ,20.780001,21.26,20.68,21.030001,354800,
AGRO,7.14,7.22,7.07,7.08,173100,
AGU,89.690002,90.360001,89.25,89.410004,500500,
AGX,16.709999,16.77,16.15,16.57,59100,
AGYS,12.39,12.87,12.11,12.78,46500,
AH,22,22.1,20.6,21,1030100,
AHGP,61.389999,62.169998,60.75,61.34,25400,
AHH,11.56,11.6,11.35,11.56,117500,
AHL,37.07,37.150002,36.700001,36.880001,344000,
AHS,14.73,14.88,14.27,14.73,205800,
AHT,13.579999,13.79999,13.499998,13.689994,543100,
AI,27.370001,27.77,27.200001,27.549999,203400,
AIG,45.349998,45.43,44.709999,44.919998,14954900,
AIMC,26.98,27.129999,26.379999,26.74,68100,
AIN,32.34,32.849998,31.870001,32.349998,74700,
AINV,8.12,8.15,8.01,8.03,2553500,
AIR,20.959999,21.299999,20.83,21.1,187800,
AIRM,36.830002,38.139999,36.220001,38.110001,481800,
AIT,47.869999,48.43,47.450001,47.810001,134600,
AIV,29.26,29.450001,28.879999,28.879999,8304200,
AIXG,16.9,17.030001,16.82,16.92,117700,
AIZ,50.209999,50.59,49.939999,50.049999,299200,
AJG,43.790001,43.939999,43.490002,43.779999,794800,
AKAM,44.330002,44.509998,43.75,43.84,1746400,
AKG,2.53,2.61,2.53,2.56,39600,
AKRX,13.84,14.11,13.69,13.89,304300,
AKS,3.31,3.41,3.27,3.4,3916800,
AL,27.34,27.6,27.049999,27.360001,295000,
ALB,62.75,63.400002,61.959999,62.84,583400,
ALC,11.93,11.96,11.93,11.94,97200,
ALDW,25.93,25.99,25.040001,25.16,220300,
ALE,48.349998,48.82,48.080002,48.400002,105500,
ALEX,35.59,35.59,34.860001,35.130001,125100,
ALGN,34.830002,35.650002,34.349998,34.77,493700,
ALGT,99.809998,101.650002,99.199997,101.209999,93500,
ALIM,4.79,5.03,4.65,4.88,132500,
ALJ,17.219999,17.299999,16.48,16.5,558900,
ALK,55.330002,56.73,54.470001,56.27,1768600,
ALKS,30.280001,30.84,29.889999,30.34,717400,
ALL,46.959999,47.560001,46.630001,47.25,4054100,
ALLT,11.75,12.18,11.66,12.12,407400,
ALNY,30.620001,31.790001,30.57,30.59,760900,
ALOG,75.769997,76.080002,75.150002,75.32,36400,
ALR,26.200001,26.35,25.889999,25.950001,236600,
ALSK,1.77,1.78,1.75,1.75,132600,
ALSN,23.280001,23.52,22.950001,23.040001,198700,
ALTR,32.330002,32.639999,32.029999,32.150002,2367900,
ALU,1.79,1.8,1.75,1.76,9470600,
ALV,77.550003,78.220001,77.220001,77.419998,299100,
ALXA,4.58,4.69,4.55,4.63,173300,
ALXN,90.730003,95.400002,90.5,93.029999,1126500,
AM,18.44,18.48,18.34,18.37,161100,
AMAG,20.18,20.610001,20.08,20.57,121700,
AMAT,15.34,15.44,15.17,15.19,8689400,
AMBA,17.209999,18.209999,16.75,17.440001,2011700,
AMBC,26.34,26.34,25.26,25.49,474000,
AMCC,7.79,7.87,7.66,7.66,282700,
AMCN,1.87,1.87,1.78,1.78,169100,
AMCX,65.110001,65.349998,64.489998,64.720001,316800,
AMD,4,4.11,3.96,3.96,20201200,
AME,42.169998,42.860001,41.990002,42.540001,1171600,
AMED,12.34,13.29,12.28,13.02,537200,
AMG,165.350006,168.440002,165.059998,165.910004,365500,
AMGN,97.260002,99.010002,96.620003,97.93,2064500,
AMJ,46.27,47.389999,45.880001,46.27,1454500,
AMKR,4.37,4.41,4.33,4.38,571400,
AMLP,17.52,17.6,17.4,17.4,2688500,
AMP,82.080002,83.699997,81.620003,82.519997,1268100,
AMPE,5.99,6.1,5.75,5.81,385800,
AMRC,8.79,8.88,8.67,8.77,140500,
AMRI,10.56,11,10.4,10.85,290000,
AMRN,7,7.1,6.92,7.02,1730800,
AMRS,2.8,2.82,2.7,2.72,122600,
AMSC,2.68,2.68,2.55,2.55,47600,
AMSG,36.099998,36.540001,34.950001,36.25,103800,
AMSWA,8.62,8.73,8.55,8.56,12100,
AMT,75.980003,76.410004,75.209999,75.82,3498900,
AMTD,23.73,24.01,23.469999,23.629999,4821100,
AMTG,17.950001,18.08,17.809999,17.9,498900,
AMWD,35.07,35.98,34.439999,35.32,66400,
AMX,19.85,20.48,19.639999,19.93,9180500,
AMZN,276,278.410004,274.23999,274.779999,3097800,
AN,44.700001,45.07,43.849998,44.299999,2323900,
ANAC,5.4,5.57,5.25,5.55,190000,
ANAD,2.27,2.34,2.16,2.19,683500,
ANDE,52.150005,53.380005,52.02,52.360004,72100,
ANEN,23.98,24.13,23.95,24.05,9400,
ANF,50.5,50.990002,50.16,50.27,993100,
ANGI,25.35,26.34,25.24,25.91,539400,
ANGO,11.14,11.25,11.02,11.07,29100,
ANH,5.68,5.69,5.62,5.63,996800,
ANIK,15.3,16.440001,15.3,16.1,101200,
ANN,31.030001,31.26,30.530001,30.84,1092600,
ANR,6.22,6.29,6.18,6.25,7675500,
ANSS,73.440002,73.760002,72.5,72.849998,567200,
ANV,7.7,7.79,7.5,7.54,2513300,
ANW,10.06,10.06,9.65,9.67,398300,
AOI,3.91,3.93,3.86,3.92,20300,
AOL,35.220001,35.470001,34.610001,35.16,1004300,
AON,64.699997,65.57,64.029999,65.199997,1041900,
AOS,38.439999,38.759998,38.029999,38.330002,826600,
AOSL,7.92,8.1,7.89,7.99,22600,
APA,84.580002,84.93,84.150002,84.400002,3810600,
APAM,52.009998,54.099998,51.860001,52.860001,317100,
APC,86.449997,87.269997,85.82,86.199997,2615700,
APD,94.109999,95.35,93.750001,94.899999,1600500,
APEI,39.25,39.830002,38.349998,39.490002,118600,
APH,76.919998,77.5,76.660004,76.75,865400,
APL,37.54,37.72,37.25,37.52,380500,
APO,23.9,24.26,23.41,23.52,669900,
APOG,25.610001,25.889999,25.07,25.139999,102500,
APOL,21.98,22.52,21.370001,21.690001,2929700,
APP,1.97,2.01,1.95,1.95,254900,
APRI,2.76,2.88,2.72,2.82,1062100,
APU,46.080002,47,45.75,46.889999,92600,
ARAY,5.75,5.96,5.7,5.84,783600,
ARB,46.86,46.99,46.85,46.9,148400,
ARCC,16.93,17.059999,16.719999,16.84,3265000,
ARCO,13.62,13.63,13.1,13.12,1122900,
ARCP,14.63,14.75,14.17,14.56,3313400,
ARE,66.410004,67.309998,66.260002,66.309998,398700,
AREX,24.870001,25.98,24.110001,24.59,385100,
ARG,99.68,101.059998,98.830002,98.860001,495900,
ARI,16.5,16.65,16.299999,16.41,248800,
ARIA,18.629999,18.99,18.299999,18.940001,2036400,
ARII,34.16,34.57,33.630001,33.73,250100,
ARLP,71.389999,72.199997,70.050003,71,178000,
ARMH,40.610001,40.610001,40.07,40.130001,1919800,
ARNA,8.78,8.89,8.65,8.77,3813100,
ARO,14.4,14.63,14.28,14.44,821900,
ARP,21.84,22.629999,21.82,22.5,10193700,
ARPI,18.9,19.379999,18.58,19.33,146800,
ARQL,2.37,2.47,2.34,2.45,174500,
ARR,4.8,4.85,4.74,4.76,1275700,
ARRS,14.55,14.68,14.39,14.5,832200,
ARRY,4.85,4.88,4.7,4.7,3080800,
ARTC,33.66,34.66,33.34,34.48,119300,
ARUN,14.2,14.61,13.91,14.2,1769400,
ARW,39.560001,40.259998,39.560001,39.82,396500,
ARX,7.75,7.8704,7.71,7.73,11800,
ASA,13.86,13.94,13.74,13.82,76700,
ASBC,15.41,15.54,15.28,15.34,949600,
ASCA,26.2,26.22,26.0799,26.2,149700,
ASEI,60.619999,61.220001,59.970001,60.209999,44200,
ASFI,8.86,8.9,8.75,8.85,24900,
ASGN,26.209999,27.07,25.959999,26.65,332600,
ASH,86.099998,87.720001,85.919998,86.07,912600,
ASIA,11.64,11.68,11.64,11.68,208200,
ASMI,34.119999,34.25,34.099998,34.169998,1400,
ASML,79.760002,80.230003,78.839996,79.410004,1445800,
ASNA,17.780001,18,17.700001,17.9,1268200,
ASPS,91.970001,96.5,90.68,96.120003,167700,
ASR,111.489998,115.720001,110.18,114.199997,75700,
ASTE,34.75,34.860001,34.240002,34.549999,19200,
ASTI,0.84,0.84,0.78,0.8,26400,
ASTX,4.5,4.76,4.43,4.68,904000,
ASYS,5.14,5.32,5.06,5.3,33100,
AT,4.66,4.73,4.63,4.7,402600,
ATAX,6.8,6.9,6.78,6.85,76200,
ATHN,87.82,89.190002,86.919998,87.919998,256500,
ATHX,1.66,1.67,1.6,1.63,218900,
ATI,26.99,27.030001,26.66,26.91,1407600,
ATK,79.36,80.25,78.75,79.34,112700,
ATLC,3.87,3.87,3.65,3.76,3400,
ATLS,14.4,14.86,14.3,14.58,662970,
ATMI,24.14,24.17,23.9027,24.03,59700,
ATML,7.8,8.04,7.75,7.8,8384600,
ATNI,50.689999,50.700001,49.34,49.549999,49200,
ATO,40.950001,41.299999,40.68,40.970001,230600,
ATPAQ,0.0852,0.1,0.0833,0.0833,163700,
ATR,56.560001,57.18,56.34,56.849998,99100,
ATRS,4.09,4.13,4.03,4.1,899800,
ATSG,6.05,6.18,6.01,6.12,61500,
ATU,32.959999,33.450001,32.669998,33.099998,392300,
ATVI,14.38,14.48,14.16,14.2,7120700,
ATW,54.150002,55.439999,53.849998,54.669998,578500,
AU,16.469999,16.82,16.4,16.52,3013800,
AUDC,4.46,4.53,4.42,4.46,80200,
AUM,93.470001,94.57,93.279999,94.379997,0,
AUMN,1.58,1.61,1.54,1.55,195300,
AUO,4.19,4.22,4.16,4.19,1014200,
AUQ,4.9,5.1,4.9,4.92,1914000,
AUXL,16.59,17.015,16.14,16.98,1063200,
AUY,11.22,11.25,10.88,10.89,8450700,
AVA,26.809999,27.040001,26.48,26.85,417000,
AVAV,19.870001,20,19.709999,19.82,226800,
AVB,132.910004,132.910004,131.029999,131.080002,933000,
AVD,30.59,30.76,30.02,30.040001,137700,
AVEO,2.5,2.8,2.45,2.78,2911500,
AVG,17.790001,17.950001,17.450001,17.629999,248300,
AVGO,36.43,36.759998,36.259998,36.290001,2169900,
AVHI,14,14.19,14,14.09,54900,
AVID,6.53,6.53,6.3,6.33,47600,
AVIV,26.6,26.75,26.3,26.48,173600,
AVL,0.76,0.77,0.74,0.76,125300,
AVNR,4.03,4.28,3.95,4.22,3128400,
AVP,23.309999,23.68,23.09,23.35,2650100,
AVSPY,134.62,136.85,134.52,135.61,0,
AVT,33.419998,33.919998,33.400002,33.650002,1081900,
AVX,11.95,12.01,11.95,11.96,90300,
AVY,43.080002,43.48,42.830002,42.970001,352200,
AWAY,29.530001,30.1,29.18,29.58,313600,
AWC,29.575,30,29.575,30,100,
AWH,93.129999,93.380001,92.029999,92.280001,711900,
AWI,49.959999,50.380001,49.419998,49.779999,146000,
AWK,39.549999,39.959999,39.509998,39.860001,813600,
AWR,52.310001,53.330002,52.139999,53.02,541400,
AWRE,5.4,5.4,5.25,5.25,37200,
AXAS,2.19,2.25,2.16,2.19,451500,
AXE,76.279999,77.550003,75.800003,76.970001,212500,
AXL,18.01,18.33,17.75,18,1109100,
AXLL,42,43.080002,41.73,42.299999,1724800,
AXP,77.610001,77.849998,76.5,76.519997,5442800,
AXS,45.400002,45.66,45.150002,45.240002,1482700,
AXTI,2.8,2.81,2.75,2.79,108700,
AXU,1.43,1.44,1.36,1.38,253100,
AYI,75.169998,75.730003,73.970001,74.940002,120700,
AYR,15.54,15.54,14.98,14.99,598900,
AZC,2.31,2.35,2.25,2.26,67100,
AZN,50.830002,51.200001,50.810001,50.939999,4944400,
AZO,417.5,417.75,414.190002,415,232700,
AZPN,29.98,30.110001,29.459999,29.719999,258700,
AZZ,41.860001,42.43,41.419998,42.169998,89100,
B,29.49,29.83,29.24,29.469999,97900,
BA,101.610001,102.779999,100.900002,101.75,3144100,
BAA,1.11,1.13,1.09,1.1,347100,
BABY,14.01,14.38,13.35,14.05,139100,
BAC,13.11,13.28,13.07,13.12,106369100,
BAH,17.389999,17.48,17.110001,17.139999,599000,
BAK,15.03,15.07,14.67,14.91,478400,
BAL,54.34,56.099998,54.279999,54.639999,23700,
BALT,3.5,3.53,3.46,3.51,72400,
BAM,35.299998,35.560008,34.939996,35.250001,1515100,
BANR,33.080002,33.09,32.549999,32.560001,44100,
BAP,135.470014,138.120006,134.50001,135.320004,543900,
BAS,12.56,12.71,12.4,12.52,493100,
BAX,69.559999,70.159997,68.68,69.769997,4217900,
BAXS,2.39,2.39,2.09,2.09,165300,
BBBY,68.510002,69.419998,68.360001,69.080002,1315200,
BBCN,12.8,12.92,12.72,12.72,148300,
BBD,14.609999,14.67,14.350001,14.520001,8452200,
BBEP,18.370001,18.58,18.25,18.34,342800,
BBG,22.709999,22.98,22.18,22.82,794100,
BBH,69.660004,70.760002,69.120003,70.099998,38700,
BBL,54.57,55.490002,54.48,55.150002,809900,
BBOX,27.219999,27.82,25.27,26.74,23900,
BBRG,18.32,18.68,17.42,18.549999,119200,
BBRY,13.82,13.95,13.63,13.66,11907100,
BBT,33.099998,33.720001,33,33.310001,4327900,
BBVA,8.92,9.05,8.88,8.95,1301500,
BBW,6.44,6.51,6.25,6.31,57500,
BBX,12.44,12.47,12.3,12.38,6400,
BBY,27.59,28.07,27.42,27.889999,6242100,
BC,32.32,33.040001,31.889999,31.9,932600,
BCC,27.23,27.41,26.860001,27,209300,
BCE,44.439999,44.450001,44.130001,44.259998,855100,
BCEI,36.5,37.380001,36.119999,36.790001,249500,
BCO,26.790001,26.99,26.309999,26.75,142800,
BCOR,18.23,18.41,18,18.24,289300,
BCOV,8,8.33,8,8.31,519700,
BCPC,47.02,47.23,46.150002,46.709999,40000,
BCR,104.760002,105.980003,103.82,104.709999,360600,
BCRX,1.71,1.71,1.66,1.69,487200,
BCS,18.72,18.975,18.63,18.76,4473694,
BDBD,12.11,12.3,11.84,12.07,391200,
BDC,51.02,51.720001,50.52,51.02,148900,
BDE,8.75,8.86,8.67,8.75,92900,
BDN,13.45,13.49,13.2,13.26,1287900,
BDSI,4.37,4.4,4.21,4.32,114200,
BDX,97.43,99,97.209999,98.309998,670100,
BEAM,64.75,65.835,64.2,65.34,612300,
BEAT,4.68,5.3,4.51,4.99,6918800,
BEAV,64.260006,64.749997,63.509997,63.640004,1000800,
BEBE,5.87,5.89,5.67,5.68,59800,
BECN,40.68,41.27,40.049999,40.59,236100,
BEE,7.99,8.12,7.85,8,940000,
BEN,148.300003,149.609997,146.459999,147.110001,3470400,
BERY,23.58,23.620001,22.870001,22.91,310200,
BF.B,69.400002,70.849998,69.269997,69.970001,271900,
BFAM,35.790001,35.790001,34.349998,34.43,116300,
BG,69.839996,70.279999,69.379997,70.18,555500,
BGC,32.860001,33.060001,32.029999,32.5,745400,
BGCP,5.75,5.79,5.66,5.73,802000,
BGFV,21.01,21.280001,20.85,20.969999,171400,
BGG,20.969999,21.129999,20.59,20.879999,643300,
BGS,31.110001,31.889999,30.719999,31.389999,402900,
BHE,19.42,19.799999,19.200001,19.65,152300,
BHI,45.639999,46,45.34,45.470001,3350300,
BHP,61.540001,62.919998,61.419998,62.450001,3899800,
BID,37.970001,38.5,37.57,38.009998,1081500,
BIDU,100.910004,101.760002,99.029999,99.43,3502500,
BIG,33.580002,34.080002,33.349998,33.619999,511800,
BIIB,219.619995,225,218.309998,223.029999,1331800,
BIO,112.110001,114.220001,111.5,113.239998,50900,
BIOD,4.29,4.7,4.12,4.46,699300,
BIOL,4.020005,4.070006,3.940009,4.000009,158600,
BIOS,14.64,14.64,14.25,14.42,443000,
BIP,35.580002,35.860002,35.430001,35.53,375600,
BIRT,6.77,6.85,6.4601,6.81,53700,
BITA,11.75,11.99,11.46,11.9,154900,
BIV,85.059998,85.400002,85.029999,85.300003,415100,
BJRI,38.439999,38.860001,37.790001,37.990002,233400,
BK,29.870001,30.030001,29.459999,29.49,3858800,
BKCC,9.96,9.97,9.82,9.87,793000,
BKD,27.6,27.68,26.959999,27.049999,573300,
BKE,55.209998,55.469996,54.679993,54.969998,91300,
BKF,35.720001,36.049999,35.610001,35.810001,169800,
BKH,48.02,48.720001,47.619999,48.130001,130500,
BKI,37.15,37.23,37.06,37.2,447500,
BKLN,24.950001,24.98,24.92,24.969999,2528400,
BKMU,5.8,5.8,5.63,5.68,51300,
BKS,22.480001,23.59,22.1,22.680001,1902300,
BKU,25.32,25.32,24.76,25.17,409600,
BKW,20.41,20.58,20.14,20.31,701300,
BKX,61.73,61.73,60.86,60.91,0,
BLC,11.25,11.33,10.92,11.12,767500,
BLDP,1.97,2.04,1.9,1.96,2012300,
BLDR,6.61,6.74,6.45,6.49,303000,
BLK,279.390015,279.730011,275.170013,276.200012,644000,
BLKB,30.610001,30.780001,30.25,30.48,82600,
BLL,42.950001,43.23,42.720001,42.900002,888900,
BLMN,23.41,23.41,22.959999,23.08,337000,
BLOX,26.1,27.84,25.309999,27.57,1777700,
BLT,12.95,13.14,12.89,12.99,145200,
BLV,87.040001,87.93,86.849998,87.849998,56000,
BLX,23.16,23.200001,22.780001,22.809999,70600,
BMC,45.15,45.2,45.1,45.2,3659200,
BMI,44.23,45.540001,44.060001,44.169998,118800,
BMO,59.02,59.509998,58.57,59.02,458700,
BMR,20.379999,20.5,20.18,20.23,1005900,
BMRN,57.880001,58.98,57.060001,58.790001,1222800,
BMS,39.169998,39.52,38.970001,39.080002,606700,
BMY,47,47.720001,46.75,47.290001,9303200,
BNCL,8.649998,8.659996,8.500005,8.539998,503600,
BND,81.57,81.830002,81.5,81.830002,2045800,
BNNY,41.32,41.32,38.37,39.98,671500,
BNO,77.809998,78.419998,77.730003,78.410004,9200,
BNS,55.75,56.349998,55.360001,55.810001,440900,
BOBE,47.23,47.66,47.09,47.169998,65700,
BODY,12.85,12.85,12.43,12.5,23200,
BOFI,45.419998,45.869999,45.189999,45.540001,445200,
BOH,49.32,49.779999,49.150002,49.439999,174600,
BOIL,41.259998,41.389999,40.18,40.299999,25200,
BOKF,63.869999,64.800003,63.189999,64.220001,43400,
BOLT,16.33,16.9,16.29,16.5,18200,
BONA,4.28,4.28,4.22,4.26,14900,
BOND,106.919998,107.410004,106.900002,107.379997,756500,
BONT,21.030001,21.49,21.030001,21.139999,127800,
BOOM,16.780001,17.030001,16.780001,16.91,7200,
BORN,1.25,1.4,1.23,1.24,52600,
BOTA,3.5,3.5,3.47,3.5,37600,
BP,42.73,43.25,42.689999,43.09,4107000,
BPAX,1.21,1.22,1.18,1.22,114800,
BPFH,10.07,10.07,9.93,9.98,272300,
BPI,12.79,13.16,12.68,12.87,251400,
BPL,67.510002,67.809998,66.610001,67.110001,284700,
BPO,16.98,17.02,16.72,16.85,954900,
BPOP,29.200001,29.32,28.639999,28.68,504300,
BPT,93,93.25,90.699997,91.400002,171100,
BPX,64.330002,64.419998,63.889999,63.919998,0,
BPY,20.85,21.290001,20.82,20.98,104700,
BPZ,1.89,1.91,1.84,1.84,419200,
BR,26.639999,26.77,26.43,26.67,546000,
BRC,31.059999,31.25,30.84,31.139999,147500,
BRCD,5.63,5.88,5.6,5.77,13241800,
BRCM,34.580002,34.759998,34.110001,34.139999,6461400,
BRE,48.44,48.57,47.86,47.88,690100,
BREW,7.46,7.54,7.45,7.46,22800,
BRF,34.32,34.889999,34.189999,34.68,288700,
BRFS,21.860001,22.23,21.75,22.02,1831700,
BRK.B,114.410004,114.43,113.260002,113.510002,4064800,
BRKL,8.47,8.47,8.37,8.43,195300,
BRKR,16.219999,16.440001,16.040001,16.27,287600,
BRKS,10.3,10.56,10.21,10.21,104000,
BRLI,28.71,29.04,28.25,28.37,213900,
BRO,31.959999,32.34,31.790001,32.150002,466700,
BRS,63.189999,64.870003,62.75,64.269997,277800,
BRY,44.23,44.23,43.53,44.11,342900,
BSAC,23.379999,23.59,23.24,23.41,413600,
BSBR,6.73,6.86,6.7,6.79,3580700,
BSDM,1.27,1.27,1.23,1.24,23700,
BSET,13.68,14.03,13.53,13.84,9700,
BSFT,30.440001,30.440001,29.57,29.58,301000,
BSMX,15.42,15.65,14.97,14.98,3233700,
BSRR,14.33,14.41,14.2,14.33,9600,
BSX,9.33,9.61,9.27,9.44,14084500,
BTE,37.450001,37.490002,37.009998,37.209999,179000,
BTH,13.56,13.81,13.39,13.67,135200,
BTI,108.529999,109.839996,108.489998,109.599998,133000,
BTN,4.23,4.25,4.23,4.25,39700,
BTU,18.130008,18.140007,17.500009,17.640007,761700,
BTX,4.15,4.18,3.97,4,135600,
BUD,92.019997,93.230003,91.900002,92.760002,759200,
BUSE,4.399996,4.499995,4.379996,4.399996,29600,
BV,9.49,9.92,9.48,9.61,1051100,
BVN,17.49,17.68,17.200001,17.23,1506700,
BWA,82.620003,84.18,82.120003,83.610001,2422800,
BWC,29.99,30.219999,29.809999,29.98,339100,
BWEN,4.2,4.28,4.2,4.22,26800,
BWLD,97.419998,99.209999,96.860001,98.199997,422700,
BWP,29.209999,29.32,28.809999,29.209999,513900,
BWS,21.89,22.06,21.38,21.45,323800,
BWX,57.73,58.34,57.720001,58.279999,767800,
BX,21.6,21.790001,20.99,21,3890000,
BXP,108.389999,108.629997,106.790001,106.900002,1403400,
BXS,16.75,16.99,16.57,16.809999,420800,
BYD,12.13,12.31,11.92,12.19,1289400,
BYI,56.86,57.2,56.25,56.52,344700,
BZ,8.62,8.7,8.47,8.66,746900,
BZF,18.110001,18.4,18.110001,18.370001,23200,
BZH,18.780001,19.59,18.530001,18.93,749500,
BZQ,82.989998,83.699997,80.809998,81.68,57800,
C,50.700001,50.849998,49.82,49.950001,51536900,
CA,28.969999,29.18,28.59,28.610001,3722100,
CAAS,5.22,5.25,5.16,5.17,18900,
CAB,68.419998,69.669998,67.610001,68.650002,357700,
CACI,64.300003,64.660004,62.889999,64.019997,417100,
CADX,7.51,7.575,7.34,7.39,321700,
CAG,33.739999,34.3,33.579999,34.029999,3530300,
CAH,46.470001,47.419998,46.439999,46.990002,3169500,
CAJ,32.360001,32.580002,32.09,32.330002,707900,
CAK,0.54001,0.55999,0.53001,0.54001,91200,
CAKE,41.259998,41.84,40.889999,41.580002,377900,
CALD,6.28,6.35,6.12,6.2,116400,
CALL,15.42,15.72,14.75,15.59,399131,
CALM,46.610001,46.93,46.049999,46.540001,177200,
CALX,10.16,10.44,10.03,10.27,140400,
CAM,61.220001,61.779999,60.939999,61.110001,1094200,
CAMP,13.34,13.82,13.28,13.8,292300,
CAP,26.040001,26.68,25.950001,26.209999,51300,
CAR,33.080002,33.419998,32.5,33.040001,1351600,
CARB,11.9,12.06,11.36,11.58,103200,
CAS,16.950001,17.08,16.73,17.049999,302600,
CASY,63.509998,63.509998,62.860001,62.950001,247600,
CAT,83.029999,83.970001,82.629997,83.519997,5275900,
CATM,28.459999,28.709999,28.200001,28.559999,164100,
CATO,25.33,25.5,25.120001,25.27,44000,
CATY,20.23,20.459999,20.049999,20.139999,99500,
CAVM,33.029999,33.84,32.419998,32.43,584200,
CB,89.410004,90.099998,89.199997,89.43,1425200,
CBAK,1.39,1.57,1.24,1.33,693300,
CBB,3.23,3.25,3.09,3.09,388300,
CBD,47.59,48.57,46.740002,48.02,439200,
CBEY,8.94,9.06,8.51,8.55,82300,
CBF,17.99,18.120001,17.610001,17.860001,185200,
CBG,22.879999,23.110001,22.65,22.9,1691500,
CBI,59.959999,60,58.59,58.779999,1704100,
CBK,6.95,7.18,6.95,7.04,281800,
CBL,22.709999,22.959999,22.459999,22.540001,2064900,
CBLI,1.59,1.63,1.56,1.57,4100,
CBM,13.73,13.93,13.58,13.78,65500,
CBOE,41.990002,42.619999,41.610001,41.810001,428100,
CBR,3.88,3.9,3.84,3.88,129000,
CBRL,97.5,97.949997,96.900002,97.449997,178500,
CBS,47.380001,47.619999,46.84,47.09,5977900,
CBS.A,47.009998,47.560001,46.939999,47.130001,2100,
CBSH,44.330138,44.580136,43.840135,44.200146,439100,
CBST,50.99,51.96,50.51,51.32,331700,
CBT,37.860001,38.34,37.549999,37.849998,409300,
CBU,29.549999,29.690001,29.280001,29.370001,109100,
CBZ,6.65,6.68,6.62,6.67,33400,
CCC,17.17,17.540001,17.030001,17.389999,469300,
CCE,36.650002,36.650002,35.799999,35.919998,4309200,
CCG,12.25,12.31,12.02,12.06,312500,
CCI,68.709999,69.660004,68.540001,69.349998,2118500,
CCIX,19.83,20.095,19.63,19.95,74800,
CCJ,21.389999,21.389999,20.860001,20.950001,1655500,
CCK,43,43.299999,42.529999,42.529999,1411100,
CCL,32.189999,32.400002,32.07,32.34,4050200,
CCM,4.100004,4.150003,4.100004,4.150003,28300,
CCMP,35.310001,35.889999,34.91,35,56100,
CCO,7.28,7.35,7.19,7.32,174200,
CCOI,27.559999,28.370001,27.48,27.860001,265400,
CCRN,5.1,5.17,5,5.12,61900,
CCUR,7.96,8.12,7.93,8.04,137700,
CDD,102.379997,102.5,101.760002,101.900002,0,
CDE,13.77,13.97,13.64,13.69,1232400,
CDI,14.74,14.78,14.55,14.62,33700,
CDNS,14.91,14.95,14.74,14.77,1792900,
CDR,5.54,5.59,5.44,5.45,239200,
CDZI,5.61,5.68,5.5,5.52,59500,
CE,48.099998,48.610001,47.41,47.77,768600,
CEB,60.150002,61.189999,59.59,60.470001,80000,
CEC,0.72156,0.72156,0.74006,0.74006,6500,
CECE,11.9,12.1,11.83,12.01,32700,
CECO,3.02,3.15,2.92,3.04,1231800,
CEL,9.08,9.18,9.02,9.15,102200,
CELG,116.510002,119.889999,116.019997,118.75,4660600,
CENTA,7.5,7.54,7.4,7.43,178500,
CENX,10,10.11,9.56,9.8,1471000,
CEO,170.339996,171.580002,169.240005,170.270004,118100,
CERN,97.779999,99.160004,97.260002,98.139999,995400,
CERS,4.85,4.92,4.8,4.84,245100,
CETV,3.48,3.51,3.29,3.35,597700,
CEVA,16.15,16.49,16,16.200001,128400,
CF,191.860008,191.860008,187.590008,187.759991,3718500,
CFI,18.219999,18.42,17.719999,18.049999,39100,
CFN,37.64,38.49,37.47,37.98,1391800,
CFNL,15.45,15.47,15.11,15.2,108500,
CFR,64.410004,64.93,64.150002,64.650002,320800,
CFX,51.009998,51.279999,50.490002,51.009998,281800,
CG,26.549999,26.690001,26.030001,26.110001,327900,
CGA,2.8,2.86,2.78,2.86,45900,
CGEN,6.3,6.5,6.16,6.4,107300,
CGG,22.959999,22.98,22.73,22.860001,0,
CGI,19.59,19.610001,19.41,19.51,115500,
CGNX,44.299999,44.990002,43.990002,44.439999,210000,
CGX,47.92,48.67,47.79,48.27,16400,
CHCO,39.200001,39.560001,38.759998,38.970001,23600,
CHD,60.299999,61.330002,60.09,60.880001,1194600,
CHDN,81.889999,82.610001,80.839996,81.050003,34900,
CHDX,16.52,16.7,16.16,16.62,13400,
CHE,71.360001,72.43,70.790001,71.459999,123600,
CHEF,18.940001,18.940001,18.290001,18.32,23500,
CHFC,25.959999,26.530001,25.84,26,20400,
CHH,39.759998,39.91,39.5,39.73,64100,
CHIQ,13.91,13.98,13.82,13.9,710800,
CHK,21.640002,21.640002,21.29,21.3,14052400,
CHKP,49.970001,50.189999,49.189999,49.32,1127100,
CHKR,14.74,14.75,14.42,14.72,103600,
CHL,50.580002,50.849998,50.459999,50.720001,544700,
CHLN,2.22,2.22,2.1,2.19,9200,
CHMT,21.6,22.360001,21.389999,21.959999,575500,
CHOP,2.04,2.09,2.03,2.06,1800,
CHRW,56.32,56.799999,56.240002,56.5,586100,
CHS,17.4,17.450001,17.049999,17.059999,4306100,
CHSP,21.66,21.85,21.49,21.549999,161200,
CHT,31.629999,31.950001,31.58,31.950001,225300,
CHTP,2.55,2.56,2.4,2.47,606700,
CHTR,111.989998,113.699997,111.169998,112.459999,1092800,
CHU,13.31,13.48,13.31,13.4,205500,
CHUY,37.099998,37.689999,36.5,37.009998,107800,
CI,69.099998,70.449997,68.400002,69.949997,2952700,
CIB,58.060001,58.73,57.720001,58.200001,387600,
CIE,26.030001,26.059999,25.41,25.889999,3757700,
CIEN,19.870001,20.389999,19.74,20.02,4841500,
CIG,9.449999,9.670003,9.340004,9.540002,2501800,
CIM,3.03,3.06,3.02,3.02,778800,
CINF,46.099998,46.259998,45.43,45.509998,1091500,
CIS,1.77,1.77,1.62,1.74,68995,
CISG,6.15,6.27,6.11,6.27,18200,
CIT,46.17,46.81,45.75,45.78,1252394,
CJES,18.91,19.129999,18.67,18.91,200300,
CKEC,17.780001,17.98,17.540001,17.57,126300,
CKH,78.18,79.029999,77.519997,78.699997,73400,
CKP,14.63,14.75,14.47,14.59,175200,
CKSW,7.87,7.99,7.87,7.95,28800,
CL,58.450001,59.240002,58.060001,58.619999,2338900,
CLB,137.25,139.080002,136.720001,137.039993,151300,
CLC,54.07,54.709999,53.650002,54.330002,104700,
CLD,18.139999,18.299999,17.92,18.059999,675600,
CLDT,17.809999,17.969999,17.66,17.709999,44800,
CLDX,15.14,16.01,14.98,15.53,2469100,
CLF,17.5,17.799999,17.299999,17.5,6695200,
CLGX,24.190001,24.530001,23.73,23.74,811400,
CLH,54.75,55.099998,54.240002,54.369999,532600,
CLI,25.26,25.280001,24.74,24.780001,580400,
CLMS,10.76,10.83,10.67,10.72,128400,
CLMT,35.700001,35.779999,34.700001,34.740002,381300,
CLNE,13.14,13.21,12.91,12.95,777500,
CLNY,20.68,20.84,20.360001,20.530001,923100,
CLP,4200,4200,4200,4200,0,
CLR,83.879997,85.330002,83.599998,84.529999,1736600,
CLS,9.49,9.63,9.45,9.56,198500,
CLSN,1.629999,1.669999,1.580001,1.59,847100,
CLW,49.220001,49.639999,48.790001,49.25,38100,
CLWR,4.32,4.39,4.3,4.35,10282300,
CLX,84.040001,85.349998,83.730003,84.470001,433700,
CM,75.559998,76.110001,75.110001,75.300003,145200,
CMA,38.470001,38.830002,38.119999,38.119999,1830600,
CMC,14.37,14.42,14.13,14.19,1726200,
CMCO,20.969999,21.200001,20.860001,20.99,22700,
CMCSA,40.470001,40.580002,39.93,40.16,19922800,
CMCSK,39,39.290001,38.709999,38.939999,1300200,
CME,72.5,72.889999,71.519997,72.389999,2177300,
CMG,361.459991,367.700012,361.459991,364.75,248800,
CMI,117.110001,119.5,116.379997,117.43,1756000,
CMLP,22.73,22.73,21.879999,21.9,40000,
CMN,34.249995,34.909996,33.930001,34.650001,89700,
CMO,12.34,12.4,12.22,12.25,528800,
CMP,86.360001,86.470001,85.330002,85.589996,129600,
CMRE,17.280001,17.4,17.209999,17.27,120000,
CMS,26.91,27.129999,26.860001,26.959999,2194700,
CMTL,26.469999,26.9,26.469999,26.68,44800,
CNA,33.48,33.57,33.02,33.189999,170100,
CNC,49.790001,49.959999,49.080002,49.549999,477400,
CNDO,8.71,9.12,8.44,9.05,303600,
CNH,43.52,43.76,43.17,43.41,258400,
CNI,98.43,99.940002,97.620003,98.540001,1102400,
CNIT,3.12,3.12,3.03,3.09,26900,
CNK,28.33,28.709999,28.200001,28.32,385600,
CNL,45.240002,45.52,44.84,45.029999,144000,
CNMD,32.080002,32.389999,31.51,32.23,46000,
CNO,12.63,12.84,12.53,12.69,1142100,
CNP,23.190001,23.26,23.01,23.120001,3635000,
CNQ,28.92,29.290001,28.639999,29.01,2451900,
CNQR,79.89,80.54,79.45,79.51,250000,
CNS,36.5,37.27,36.07,36.91,85600,
CNSI,30.23,30.6,30.059999,30.309999,57900,
CNSL,17.139999,17.139999,16.83,16.889999,144100,
CNW,39.02,39.349998,38.540001,38.830002,314500,
CNX,33.080002,33.080002,32.259998,32.349998,2224400,
COCO,2.33,2.59,2.28,2.46,2534600,
CODE,1.12,1.12,1.12,1.12,0,
CODI,17.09,17.129999,16.860001,16.879999,71400,
COF,61.900002,62.169998,61.27,61.459999,2624200,
COG,70.519997,71.379997,69.900002,70.519997,3175600,
COGO,1.77,1.93,1.77,1.84,21400,
COH,57.950001,58.799999,57.810001,58.450001,3011500,
COHR,57.669998,58.330002,56.740002,57.459999,28400,
COHU,11.31,11.61,11.21,11.39,34200,
COL,64.389999,65.389999,64.230003,64.879997,650800,
COLB,22.1,22.18,21.889999,21.889999,158100,
COLM,60.419998,61.279999,60.220001,60.98,64000,
CONE,21.540001,21.74,21.33,21.58,130100,
CONN,54,54.490002,52.77,53.34,379200,
COO,120.459999,122.080002,119.059998,120.959999,253800,
COP,61.720001,62.18,61.360001,61.91,4698000,
COR,30.92,31.299999,30.459999,31.190001,171200,
CORE,60.889999,61.84,60.48,61.049999,100400,
CORN,41.18,41.540001,40.93,41.490002,31400,
CORR,7.51,7.59,7.32,7.41,18800,
CORT,1.8,1.87,1.8,1.84,105000,
COST,109.75,111,109.519997,110.019997,1066300,
COT,8.1,8.11,7.95,7.99,299700,
COV,58.56,59.14,58.15,58.16,2463700,
COW,26.42,26.809999,26.42,26.65,24500,
COWN,3.25,3.29,3.21,3.26,1075900,
CP,122.389999,124.879997,122.220001,123.25,1290400,
CPA,133.009995,136.509995,131.380005,135.990005,437200,
CPB,43.630001,44.32,43.349998,44.049999,963000,
CPE,3.54,3.58,3.5,3.54,165500,
CPF,17.959999,18.15,17.790001,18.08,235700,
CPHD,34.310001,34.700001,33.849998,34.189999,286700,
CPIX,5.14,5.18,5.09,5.1,59100,
CPL,20.269934,20.489937,19.999934,20.319935,354200,
CPLA,45.490002,45.860001,45.279999,45.439999,92900,
CPLP,9.22,9.26,9.01,9.1,66700,
CPN,20.790001,21.42,20.67,21.26,4531600,
CPRT,31.879999,32.240002,31.450001,31.450001,961600,
CPSI,50.189999,50.580002,49.970001,50.349998,76300,
CPSS,7.55,7.83,7.55,7.78,41600,
CPT,66.239998,66.809998,65.57,65.730003,398000,
CPWR,10.4769,10.5729,10.4193,10.4961,702000,
CQB,10.71,10.99,10.51,10.92,455800,
CQP,27.75,28.73,27.610001,28.049999,313300,
CQQQ,27.02,27.02,26.65,26.82,13800,
CR,58.27,58.630001,57.779999,58.150002,234500,
CRAY,18.51,18.67,18.17,18.51,147900,
CREE,62.68,62.990002,60.84,60.919998,2061100,
CRH,20.43,20.610001,20.35,20.440001,97100,
CRI,71.559998,71.910004,70.610001,71.019997,860200,
CRIS,3.48,3.6,3.37,3.56,362300,
CRK,17.05,17.160001,16.830001,16.92,108500,
CRL,42.02,42.68,41.700001,42.27,363500,
CRM,38.240002,38.32,37.34,37.59,8942900,
CRME,2,2.1,1.97,2.05,32300,
CRMT,41.360001,43.75,41.360001,43.07,22100,
CRNT,3.85,3.98,3.85,3.91,141300,
CROC,44.299999,44.77,43.860001,44.049999,29700,
CROX,16.98,17.1,16.450001,16.48,1447200,
CRR,66.230003,67.639999,65.879997,66.75,138900,
CRRC,13.13,13.34,12.56,13.12,36800,
CRS,47.349998,47.799999,46.869999,47.279999,228200,
CRTX,10.18,10.25,9.5801,9.7,111200,
CRUS,18.1,18.35,17.969999,18.02,2138600,
CRY,6.29,6.3,6.21,6.24,26900,
CRZO,26.559999,26.67,25.950001,26.129999,331900,
CS,28.65,28.91,28.559999,28.74,1208600,
CSC,45.359997,45.88,44.950001,45.119998,2727500,
CSCO,24.129999,24.450001,24.049999,24.07,28060200,
CSE,9.6,9.64,9.37,9.37,1031200,
CSGP,115.519997,115.849998,114.839996,115.580002,105700,
CSGS,20.85,20.99,20.73,20.870001,76900,
CSH,48.35999,48.810002,47.609991,48.539992,238900,
CSII,21.41,21.75,21.17,21.469999,79400,
CSIQ,9.82,10.04,9.16,9.31,3938100,
CSL,65.919998,66.949997,65.610001,66.25,356200,
CSOD,40.990002,40.990002,39.07,40.029999,1035700,
CST,31.219999,32.02,31.219999,31.73,1135400,
CSTE,27.700001,27.799999,27.15,27.709999,127800,
CSTR,57.52,60.35,57.27,58.74,707300,
CSU,25.6,26,25.360001,25.639999,102000,
CSUN,1.86,1.89,1.82,1.84,72500,
CSV,18.610001,19.23,18.610001,18.73,48200,
CSX,24.860001,25.200001,24.73,24.77,6526900,
CTAS,45.310001,45.75,45.07,45.400002,290400,
CTB,24.469999,24.75,24.219999,24.559999,967300,
CTCM,11.75,11.75,11.32,11.61,493400,
CTCT,16.139999,16.25,15.87,15.91,233300,
CTGX,23.96,24.05,23.43,23.45,52500,
CTIC,1.22,1.23,1.2,1.23,538000,
CTL,35.349998,35.98,35.240002,35.490002,9924100,
CTRN,13.53,14.26,13.53,14.22,48200,
CTRP,33.080002,33.509998,32.73,33.09,3690300,
CTRX,55.310001,56.099998,53.5,53.990002,8570600,
CTS,12.24,12.43,12.06,12.16,80500,
CTSH,63.400002,64.730003,63.25,64.43,4157400,
CTXS,62.960001,63.750002,62.310002,62.79,2049800,
CU,22.549999,22.639999,22.33,22.450001,13300,
CUB,47.639999,48.48,47.470001,48.349998,79200,
CUBE,15.88,15.94,15.64,15.75,810100,
CUI,5.55,5.59,5.469,5.5,76833,
CUK,32.970001,33.220001,32.91,33.040001,35700,
CUTR,8.9,9.11,8.82,9.03,53900,
CUZ,9.54,9.560001,9.38,9.5,1484900,
CVA,20.040001,20.18,20,20.09,925500,
CVBF,11.43,11.44,11.02,11.26,675200,
CVC,14.24,14.37,14.09,14.14,2546900,
CVD,73.9,75.19,73.55,74.91,205700,
CVE,29.549999,29.77,29.209999,29.450001,1649100,
CVG,17.57,17.870001,17.559999,17.74,227100,
CVGI,7.78,8,7.66,7.96,91400,
CVGW,28.49,28.780001,28.4,28.41,29900,
CVI,57,58.169998,56.200001,56.939999,603000,
CVLT,71.419998,72.940002,70.739998,71.879997,316400,
CVO,2.14,2.17,2.1,2.14,12900,
CVRR,30.639999,30.75,30.450001,30.549999,503100,
CVS,58.310001,59.169998,58.049999,58.669998,5254900,
CVU,9.82,9.82,9.61,9.75,39100,
CVX,121.870003,122.760002,121.260002,121.449997,4548000,
CVY,23.91,23.98,23.76,23.83,269300,
CW,36.290001,36.720001,36.009998,36.41,102800,
CWCO,10.75,10.92,10.6,10.83,45600,
CWH,0.14,0.14,0.14,0.14,0,
CWST,4.08,4.16,4.07,4.14,49600,
CWT,19.709999,19.870001,19.6,19.74,81800,
CWTR,2.87,2.91,2.86,2.86,129900,
CX,10.709966,10.839963,10.449971,10.489969,20216700,
CXDC,4.21,4.23,4.18,4.19,5100,
CXO,86.830002,87.349998,85.809998,85.949997,1167100,
CXPO,2.89,2.9,2.86,2.89,18600,
CXW,35.099998,35.419998,34.75,34.919998,744500,
CY,10.7,10.83,10.56,10.61,1641300,
CYB,26,26.059999,26,26.02,665500,
CYBX,51.830002,52.5,50.689999,51.919998,320700,
CYC,1194.63,1194.63,1194.63,1194.63,0,
CYCC,3.189999,3.189999,3.119999,3.149999,15900,
CYD,17.75,17.92,17.75,17.76,13600,
CYH,49.630002,49.630002,48.900002,48.980002,742600,
CYN,61.779999,62.360001,61.419998,61.77,113000,
CYNO,23.6,23.969999,23.23,23.809999,178100,
CYOU,31.59,31.59,30.77,31.27,135700,
CYS,10.31,10.34,9.9,10.02,7461700,
CYT,72.089996,72.919998,71.309998,72.470001,1276000,
CYTR,2.24,2.24,2.18,2.21,19900,
CYTX,2.350001,2.370001,2.280001,2.310001,8100,
CZR,13.78,13.9,13.5,13.65,268000,
CZZ,17.24,17.309999,16.92,16.92,1323300,
D,55.380001,55.849998,55.200001,55.330002,3548400,
DAKT,10.52,10.52,10.25,10.31,79900,
DAL,18.27,18.73,18.059999,18.52,8208200,
DAN,18.639999,18.860001,18.42,18.610001,1236200,
DANG,7.4,7.63,7.22,7.58,2609300,
DAR,19.370001,19.469999,19,19.389999,618400,
DATA,56.970001,57.240002,52.099998,53.049999,348800,
DATE,5,5.05,4.95,4.96,21000,
DAVE,12.5,12.75,12.41,12.6,64800,
DB,46.999999,47.219998,46.59,46.869998,1023500,
DBA,25.68,25.809999,25.65,25.780001,385300,
DBB,16.879999,16.879999,16.780001,16.82,60900,
DBC,25.91,26.030001,25.889999,25.99,1148700,
DBD,31.9,32.439999,31.75,32.139999,532600,
DBE,27.67,27.73,27.57,27.709999,15700,
DBJP,32.689999,32.900002,32,32.290001,153800,
DBLE,4.05,4.08,4,4.02,7200,
DBO,26.030001,26.26,26.030001,26.209999,167900,
DBP,45.060001,45.299999,45.049999,45.220001,60500,
DBS,36.810001,36.810001,36.279999,36.470001,1600,
DBV,25.549999,25.68,25.459999,25.530001,126700,
DCI,36.529999,36.860001,36.200001,36.5,318100,
DCIX,5.28,5.32,5.15,5.15,37800,
DCM,15.13,15.2,15.09,15.16,315500,
DCO,20.74,20.74,20.450001,20.540001,29000,
DCT,7.41,7.42,7.2,7.2,910000,
DCTH,0.4,0.47,0.38,0.45,16600,
DD,54.98,55.36,54.509997,54.849998,4101900,
DDC,14.77,14.92,14.54,14.7,510000,
DDD,46.41,47.439999,45.23,46.419998,3809300,
DDM,94.989998,96.75,94.620003,95.129997,484000,
DDR,17.25,17.34,16.99,17.07,3856200,
DDS,84.040001,84.540001,83.139999,83.43,307100,
DE,85.290001,85.75,84.690002,85.239998,2463100,
DECK,52.720001,53.740002,51.77,52.82,565200,
DEI,24.41,24.559999,24.16,24.360001,1022100,
DELL,13.39,13.43,13.36,13.37,7789800,
DEM,51,51.439999,50.790001,50.970001,1878400,
DENN,6.13,6.13,6.05,6.09,261200,
DEO,118.169998,118.93,118.029999,118.339996,540400,
DEPO,5.7,5.79,5.61,5.66,230700,
DES,58.259998,58.509998,57.849998,58.049999,134300,
DEST,24.9,25.110001,24.67,24.719999,22200,
DF,10.24,10.33,10.13,10.14,1752800,
DFJ,46.419998,46.779999,46.130001,46.279999,130200,
DFRG,19.75,19.92,19.25,19.77,48000,
DFS,48.799999,49,48.169998,48.259998,3204900,
DFT,24.27,24.51,23.959999,24.25,372300,
DG,50.330002,52,50.16,51.669998,4824900,
DGI,30.940001,31.469999,30.549999,30.98,445700,
DGII,9.81,9.88,9.7,9.74,26600,
DGIT,6.8,6.9699,6.77,6.86,183000,
DGL,46.48,46.790001,46.450001,46.740002,76100,
DGS,48.220001,48.549999,48.099998,48.290001,155600,
DGX,62.68,63.220001,62.380001,62.549999,845400,
DHI,22.690001,23.02,22.17,22.32,6952500,
DHR,61.66,62.480002,61.540002,62.210002,3021400,
DHT,4.37,4.43,4.36,4.4,21500,
DHX,9.23,9.31,9.11,9.12,254100,
DIA,151.080002,152.419998,150.699997,151.199997,7012500,
DIG,56.330002,57.150002,56.02,56.18,98100,
DIN,74.370003,74.370003,72.830002,73,86400,
DIOD,23.83,25.49,23.110001,24.280001,995000,
DIS,63.32,64.300003,62.970001,63.799999,6454800,
DISCA,73.299999,74.250004,72.770003,73.870002,4516100,
DISCK,65.629997,65.970001,64.599998,65.68,1311400,
DISH,38.599998,39.259998,38.599998,39.169998,2514600,
DJP,38.060001,38.23,38.009998,38.209999,225100,
DJX,152.31,152.51,150.86,151.22,10161256448,
DK,34.330002,34.459999,33.560001,33.860001,507700,
DKL,34.34,34.73,34.200001,34.529999,4400,
DKS,51.82,52.02,51.290001,51.529999,788800,
DLB,34.470001,34.889999,33.580002,34.849998,376900,
DLLR,15.41,15.8,15.13,15.68,459500,
DLN,60.799999,61.200001,60.599998,60.73,83900,
DLPH,50.110001,50.110001,49.5,49.900002,2337900,
DLR,61.48,61.860001,61.02,61.09,2838400,
DLTR,49.439999,50.119999,49.02,49.830002,1142100,
DLX,36.599998,36.599998,34.830002,35.25,1014000,
DM,1.72,1.79,1.65,1.72,220400,
DMD,8.069998,8.299998,8.010002,8.19,109400,
DMLP,25.200001,25.299999,25,25.08,33700,
DMND,17.75,19.530001,17.75,19.18,2933800,
DNB,98.349998,99.209999,97.489998,98.379997,244900,
DNDN,3.99,4.17,3.9,4.02,4653183,
DNKN,41.34,41.849998,41,41.599998,875600,
DNN,1.24,1.25,1.23,1.24,667500,
DNO,36.91,36.970001,36.599998,36.599998,21000,
DNR,18.33,18.42,17.950001,18.01,5211400,
DO,67.709999,68.18,67.279999,67.510002,517800,
DOG,29.280001,29.33,29.030001,29.27,339400,
DOLE,12.36,12.48,12.2,12.46,21388200,
DOM,4.97,5.03,4.97,5.01,10800,
DORM,45.709999,46.48,45.66,46.09,116900,
DOV,77.929998,78.940006,77.660006,78.250003,1236200,
DOW,33.959999,34.41,33.630001,34,5196100,
DOX,35.599998,35.669998,35.259998,35.27,773600,
DPK,13.89,13.94,13.58,13.75,6300,
DPM,48.639999,48.759998,48,48.34,148300,
DPS,46.66,46.93,46.32,46.66,1318200,
DPZ,59.869999,60.240002,59.299999,59.799999,614800,
DRC,58.759998,59.959999,58.59,59.060001,448900,
DRD,5.98,6,5.78,5.89,45300,
DRE,15.85,15.98,15.63,15.64,1570000,
DRH,9.12,9.27,8.95,9.19,1194100,
DRI,54.290001,54.810001,54.060001,54.23,966200,
DRIV,17.87,18.35,17.62,17.85,209200,
DRN,45.400002,46.349998,44.560001,44.650002,2498400,
DRQ,89.550003,90.379997,88.639999,89.760002,216800,
DRRX,0.79,0.85,0.79,0.81,204300,
DRV,16.370001,16.540001,16,16.49,63800,
DRWI,2.83,2.83,2.68,2.76,2500,
DRYS,1.799999,1.809999,1.759999,1.779999,200,
DSCI,13.33,13.53,13.26,13.29,10900,
DSCO,1.740001,1.740001,1.680001,1.690001,16700,
DSS,2.92,2.95,2.8,2.87,29400,
DST,67.129997,67.300003,65.889999,66.559998,389300,
DSW,73.5,74.790001,73.5,73.830002,1235400,
DSX,9.6,9.64,9.43,9.62,484000,
DTE,66.720001,67.389999,66.580002,67,2903700,
DTLK,11.11,11.4,11.03,11.17,12300,
DTN,63.049999,63.439999,62.880001,62.900002,45800,
DTSI,20.75,21.200001,20.23,20.969999,53300,
DTV,61.619999,62.220001,61.200001,61.389999,2302600,
DUG,64.059998,64.650002,63.529999,64.5,89100,
DUK,67.529999,68.120003,67.099998,67.209999,2626500,
DUST,86.679998,89.229998,83.999998,88.749998,29100,
DV,30.52,30.950001,29.99,30.23,323500,
DVA,126.440002,129.770004,126.209999,129.410004,1557200,
DVAX,1.47,1.52,1.42,1.47,816800,
DVN,55.610001,55.720001,55.009998,55.259998,2663400,
DVR,0.2,0.2,0.2,0.2,0,
DVY,64.559998,64.980003,64.260002,64.440002,1186900,
DW,39.43,40,39.279999,39.740002,110400,
DWA,22.379999,22.799999,22.35,22.690001,320700,
DWRE,32.529999,33.049999,32.529999,32.830002,226300,
DWSN,8.279917,8.439916,8.169919,8.369917,5000,
DWX,46.02,46.459999,45.82,46.220001,498100,
DX,10.32,10.39,10.25,10.32,399200,
DXCM,21.83,22.51,21.530001,22.42,527700,
DXD,34.59,34.73,33.970001,34.540001,1160200,
DXJ,44.740002,45.169998,43.779999,44.16,18641200,
DXLG,5.15,5.25,5.11,5.2,55600,
DXM,16.66,17.67,16.52,17.23,257800,
DXPE,62.48,62.919998,61.889999,62.650002,60800,
DY,22.790001,22.82,22.07,22.469999,94100,
DYAX,2.94,3.05,2.91,3.03,329600,
DYN,22.93,23.07,22.4,22.799999,985800,
DZK,49.830002,50.669998,49.540001,50,12100,
E,44.790001,45.240002,44.689999,45.07,611200,
EA,22.74,23.309999,22.540001,22.6,3851900,
EAT,40.799999,41.700001,40.610001,41.259998,1059100,
EBAY,52.249996,52.639999,51.87,52.049996,30397800,
EBF,16.879999,17,16.68,16.780001,21900,
EBIX,19.67,19.709999,19.6,19.65,398000,
EBR,2.25,2.35,2.23,2.29,952800,
EBR.B,3.99,4.12,3.92,4.07,237200,
EBS,14.98,15.1,14.67,15.05,191600,
EC,43.119999,43.240002,42.619999,42.73,548900,
ECA,18.440001,18.879999,18.18,18.190001,5661500,
ECH,54.34,54.529999,53.77,53.889999,308800,
ECHO,17.57,17.91,17.469999,17.700001,276000,
ECL,83.910004,84.860001,83.519997,83.699997,842000,
ECOL,28.17,28.700001,27.889999,28.4,91100,
ECPG,36.77,37.029999,36.419998,36.98,207300,
ECT,10.12,10.28,10,10.18,98300,
ECYT,12,12.33,11.81,12.25,244400,
ED,57.119999,57.650002,57.009998,57.150002,1255600,
EDAP,3.67,3.7,3.65,3.66,36400,
EDC,24.559999,25.209999,24.25,24.66,216800,
EDE,21.9,22.059999,21.73,21.85,101500,
EDIV,41.400002,41.57,41.16,41.360001,247300,
EDMC,7.1,7.57,7.02,7.03,28200,
EDR,10.119899,10.129899,9.899901,9.939901,402100,
EDU,22.15,22.15,21.540001,21.67,1937900,
EDZ,60.470001,61.139999,59.080002,60.389999,905300,
EE,35.860001,35.959999,35.400002,35.5,132400,
EEB,32.09,32.32,31.91,32.060001,103800,
EEFT,30.65,31.02,30.26,30.780001,161800,
EEM,39.32,39.669998,39.189999,39.380001,91969100,
EEMV,57.689999,57.799999,57.330002,57.470001,701800,
EEP,29.52,29.610001,29.16,29.26,1022600,
EEQ,29.620102,29.620102,29.19009,29.310099,194000,
EET,66.209999,67.43,66,66.699997,17500,
EEV,26.1,26.219999,25.620001,26,303300,
EFA,59.48,59.950001,59.349998,59.619999,16619000,
EFAV,57.689999,58.080002,57.57,57.84,210400,
EFC,23.33,23.360001,23,23.01,117800,
EFG,63.610001,64.199997,63.459999,63.84,129500,
EFII,28.82,29.200001,28.620001,28.85,120400,
EFU,58.619999,58.73,57.77,58.32,10600,
EFV,50.459999,50.98,50.43,50.720001,938000,
EFX,59.939999,60.189999,59.310001,59.98,488800,
EFZ,39.259998,39.290001,38.990002,39.16,113300,
EGAN,8.01,8.07,7.9,8,75900,
EGBN,22.719999,23.15,22.620001,22.75,48500,
EGHT,7.95,8.01,7.77,7.89,489400,
EGLE,3.860007,3.930007,3.740007,3.780007,1200,
EGN,53.799999,53.950001,53.099998,53.150002,752600,
EGO,7.56,7.63,7.35,7.38,6430500,
EGOV,16.25,16.379999,16.02,16.15,297700,
EGP,57.599998,58.029999,56.799999,56.849998,153400,
EGY,6.15,6.25,6.03,6.07,451500,
EHTH,24.629999,24.809999,24.27,24.41,53800,
EIG,24.719999,24.940001,24.6,24.620001,83800,
EIX,46.709999,47.139999,46.439999,46.799999,3223400,
EJ,4.699996,4.779995,4.639996,4.639996,135600,
EKDKQ,0.1324,0.136,0.13,0.135,1120900,
EL,67.059998,68.230003,66.57,67.75,1443900,
ELD,48.5,48.57,48.130001,48.209999,1815900,
ELGX,13.1,13.2,12.9,12.93,808100,
ELLI,23.84,24.049999,23.5,23.68,329000,
ELN,13.52,13.68,13.51,13.56,13443700,
ELNK,6.2,6.22,6.01,6.07,924600,
ELON,2.32,2.56,2.32,2.37,34900,
ELOS,8.78,8.98,8.78,8.97,206400,
ELP,15.46,15.75,15.2,15.67,299100,
ELRC,17.299999,17.610001,17.299999,17.440001,13600,
ELX,6.43,6.59,6.36,6.51,528700,
ELY,6.7,6.75,6.6,6.61,286500,
EMAN,3.85,3.85,3.611,3.69,100880,
EMB,110.519997,111.260002,109.5,109.849998,2768500,
EMC,24.66,25.129999,24.59,24.67,19933800,
EME,39.099998,39.41,38.630001,38.810001,124300,
EMKR,3.72,3.73,3.59,3.66,92100,
EMLC,24.799999,24.84,24.549999,24.75,875600,
EMN,69.43,69.919998,69.129997,69.400002,1216000,
EMR,56.669998,56.939999,56.299999,56.43,2563700,
ENB,43.540001,43.540001,42.98,43.330002,758400,
END,3.48,3.52,3.36,3.45,399000,
ENDP,38.360001,39,38.09,38.209999,1146500,
ENG,0.87,0.88,0.78,0.82,75400,
ENH,50.57,50.75,50.259998,50.27,328500,
ENI,15.83,16.059999,15.76,15.92,600000,
ENOC,13.21,13.23,12.92,12.98,240700,
ENPH,6.89,6.95,6.7,6.8,213400,
ENR,97.849998,100.260002,97.410004,99.75,414400,
ENS,50.23,50.450001,49.529999,50.060001,214600,
ENSG,35.790001,36.1,35.599992,35.81,169000,
ENTG,9.95,10.08,9.87,9.95,414700,
ENTR,4.43,4.62,4.4,4.55,579000,
ENVI,1.77,1.94,1.75,1.9,713600,
ENZ,2.26,2.26,2.1,2.19,193900,
ENZN,1.59,1.63,1.54,1.62,364300,
EOC,46.07,46.200001,45.610001,45.830002,79600,
EOG,129.289993,130.320007,128.240005,129.110001,2794600,
EOPN,14.35,14.57,14.02,14.23,33900,
EOX,6.2,6.31,6.2,6.27,6400,
EPAM,25.280001,25.82,25.01,25.74,132400,
EPAX,3.67,3.69,3.64,3.64,38400,
EPAY,27.77,27.969999,27.35,27.370001,88900,
EPB,42.42,42.59,41.67,41.69,431700,
EPD,59.400002,60.110001,59,59.299999,5716400,
EPI,16.58,16.66,16.530001,16.559999,4548400,
EPIQ,12.37,12.43,12.26,12.29,29400,
EPL,29.54,30.16,29.42,29.83,240600,
EPM,10.55,10.9,10.51,10.8,23600,
EPP,44.02,44.540001,44.02,44.349998,1485400,
EPR,51.900002,52.5,51.41,52.110001,253300,
EPU,35.330002,35.610001,34.610001,34.66,110000,
EPV,22.43,22.559999,22.110001,22.309999,24000,
EPX,426.98,426.98,419.28,419.48,0,
EQIX,197.5,198.190002,194.649994,196.470001,1077300,
EQM,46.330002,46.759998,45.959999,46.200001,102400,
EQR,55.630001,55.82,55.02,55.119999,1830100,
EQT,80.889999,81.139999,79.860001,80.400002,883100,
EQU,3.68,3.7199,3.66,3.7,24000,
EQY,23.4,23.459999,23.09,23.120001,499600,
ERF,15.17,15.2,15,15.03,558000,
ERIC,11.63,11.76,11.6,11.68,2239200,
ERII,3.98,4.19,3.98,4.09,52000,
ERJ,35.549999,35.869999,35.080002,35.490002,739900,
EROC,8.82,8.88,8.66,8.7,340500,
ERX,66.360001,67.800003,65.620003,65.949997,591800,
ERY,30.34,30.639999,29.690001,30.57,457000,
ESC,25.3,25.3,24.56,24.59,171200,
ESE,32.66,32.900002,32.48,32.5,60800,
ESEA,1.03,1.03,1,1.02,5200,
ESI,27.290001,28,26.4,27.200001,731900,
ESIO,11.2,11.37,11.2,11.22,19200,
ESL,72.040001,74.599998,71.779999,73.349998,383700,
ESRX,62.049999,62.700001,61.68,62.16,4535400,
ESS,155.509995,156.139999,153.880005,154.039993,271900,
ESV,59.330002,59.68,58.849998,58.889999,1062500,
ET,33.59,33.62,33.58,33.62,4633000,
ETE,56.990002,58.950001,56.57,57.650002,4119600,
ETFC,11.72,11.87,11.48,11.53,2691200,
ETH,31.16,31.360001,30.719999,30.91,119900,
ETM,9.86,10.03,9.8,9.9,37800,
ETN,65.040001,65.43,64.300003,64.559998,3501100,
ETP,49.5,50.419998,49.16,49.779999,1515500,
ETR,69.120003,69.540001,68.639999,68.660004,792200,
ETRM,1.180001,1.180001,1.150001,1.150001,22400,
EUI,75.290001,75.57,75.089996,75.110001,0,
EUO,18.620001,18.620001,18.450001,18.450001,1467300,
EUU,132.820007,133.179993,132.339996,133.149994,0,
EV,40.529999,40.720001,39.939999,39.970001,578200,
EVC,5.11,5.25,5.01,5.16,659000,
EVEP,34.939999,35.459999,34.09,34.91,968400,
EVER,16.35,16.74,16.17,16.540001,387400,
EVR,36.630001,36.849998,36.060001,36.310001,558900,
EVTC,20.049999,20.690001,19.92,20.58,346000,
EW,68.800003,69.029999,68.050003,68.290001,2040800,
EWA,23.129999,23.41,23.07,23.280001,2188500,
EWBC,26.360001,26.66,26.16,26.35,961400,
EWC,27.450001,27.629999,27.34,27.389999,1744600,
EWD,32.27,32.529999,32.209999,32.490002,93500,
EWG,26.27,26.49,26.200001,26.379999,3262100,
EWH,18.790001,18.860001,18.719999,18.76,3969300,
EWI,12.98,13.08,12.92,13.03,664700,
EWJ,10.97,11.05,10.86,10.92,24670900,
EWL,29.65,29.9,29.6,29.790001,965700,
EWM,15.84,15.91,15.78,15.83,458700,
EWP,29.73,30.049999,29.66,29.93,400600,
EWQ,24.73,24.940001,24.68,24.83,11532400,
EWS,13.1,13.21,13.09,13.13,1192300,
EWT,13.5,13.58,13.47,13.49,2539300,
EWU,18.5,18.68,18.48,18.6,1400600,
EWV,21.51,21.780001,21.18,21.65,23500,
EWW,65.129997,66,64.870003,65.300003,3274300,
EWX,46,46.18,45.610001,45.799999,92000,
EWY,55,55.509998,54.82,55.119999,4165700,
EWZ,47.799999,48.57,47.57,48.23,23708100,
EXA,9.08,9.22,9.02,9.15,26000,
EXAM,19.66,19.85,19.52,19.67,173600,
EXAR,11.25,11.36,10.99,11.01,60100,
EXAS,13.4,14.42,13.15,13.43,2560700,
EXC,31.190001,31.68,31.110001,31.200001,6231400,
EXEL,4.74,4.84,4.65,4.77,753800,
EXH,28.17,28.84,28.129999,28.58,351100,
EXK,4.05,4.08,3.96,4.01,678000,
EXL,13.19,13.4,13.08,13.37,168100,
EXLP,28.23,28.77,27.83,28.18,298700,
EXLS,29.93,30.190001,29.219999,29.780001,48500,
EXM,2.21,2.21,2.21,2.21,0,
EXP,69.379997,70.830002,68.379997,68.410004,533300,
EXPD,38.189999,38.360001,37.75,37.84,912100,
EXPE,56.040001,56.84,55.720001,55.84,1105100,
EXPO,57.669998,58.490002,57.060001,58.080002,28000,
EXPR,21.629999,21.83,21.42,21.459999,919300,
EXR,42.25,42.549999,41.939999,42.110001,771400,
EXTR,3.51,3.57,3.47,3.52,1104100,
EXXI,25.4,25.459999,24.73,24.77,664400,
EZA,55.290001,56.080002,55.029999,55.549999,509200,
EZCH,28.719999,29.040001,28.5,28.690001,235400,
EZJ,74.849998,75.739998,73.349998,74.25,49200,
EZPW,19,19.25,18.85,19.15,149900,
EZU,34.669998,34.950001,34.59,34.810001,4883400,
F,15.52,15.68,15.4,15.51,35360600,
FAF,22.389999,22.65,22.25,22.33,749000,
FALC,1.59,1.59,1.52,1.53,114400,
FARO,34.360001,34.950001,34,34.34,119100,
FAS,66.07,66.860001,64.669998,64.809998,37382800,
FAST,47.84,48.849998,47.709999,48.48,1412100,
FAZ,33.18,33.849998,32.810001,33.75,2624000,
FB,24.030001,24.35,24,24.030001,29885900,
FBC,13.25,13.45,13.17,13.26,332900,
FBHS,38.27,39.349998,38.110001,38.619999,881800,
FBN,4.82,4.82,4.35,4.4,210879,
FBP,6.94,6.98,6.72,6.76,674200,
FBR,10.76,10.88,10.55,10.64,1910400,
FBRC,25.35,25.889999,25.049999,25.48,46400,
FBT,57.759998,58.310001,57.110001,57.689999,26700,
FCE.A,18.57,18.67,18.31,18.32,939000,
FCEL,1.459999,1.499999,1.409999,1.409999,200100,
FCFS,55.869999,56.419998,55.349998,56.349998,139300,
FCG,17.060001,17.080001,16.8,16.830001,188200,
FCH,6.05,6.1,5.9,5.91,897700,
FCN,36.790001,37.18,36.610001,36.830002,96500,
FCS,13.61,13.73,13.26,13.29,1702600,
FCX,30.299999,30.65,30.17,30.32,30029400,
FDEF,23.18,23.450001,22.799999,23.27,33400,
FDN,45.77,45.860001,45.32,45.400002,196200,
FDO,62.02,63.709999,61.860001,63.23,1446500,
FDP,27.120001,27.120001,26.5,26.950001,82800,
FDS,100.5,101.690002,99.970001,100.989998,442900,
FDUS,18.219999,18.450001,18.07,18.16,56000,
FDX,97.610001,98.790001,97.110001,98.040001,1563000,
FE,38.650002,39,38.52,38.57,1997900,
FEIC,72.290001,73.839996,72.059998,72.809998,174400,
FET,30.139999,30.5,29.92,30.43,249200,
FEZ,35.310001,35.68,35.240002,35.509998,1128900,
FF,14.38,14.43,14.18,14.31,163700,
FFBC,15.06,15.22,15,15.07,169700,
FFCH,20.89,21,20.5,20.53,20600,
FFG,42.709999,43.029999,42.380001,42.419998,30500,
FFIC,15.62,15.82,15.51,15.64,78300,
FFIN,56.099998,56.799999,55.349998,55.869999,82800,
FFIV,76.57,77.82,75.25,75.339996,1244200,
FFNW,10.22,10.27,10.13,10.13,8600,
FGP,22,22.25,21.9,22,273700,
FHCO,9.87,9.9,9.81,9.86,99100,
FHN,11.38,11.54,11.31,11.33,2244700,
FICO,48.029999,48.290001,47.669998,47.720001,154300,
FIG,7.25,7.44,7.24,7.38,633300,
FII,27.85,28.309999,27.65,27.83,397400,
FINL,21.110001,21.469999,21,21.08,259700,
FIO,14.09,14.54,13.9,14.46,2690000,
FIRE,53.51,54.77,53.2,53.56,292200,
FIS,44.259998,44.950001,44.07,44.580002,1604300,
FISV,85.779999,87.43,85.489998,86.660004,985000,
FITB,18.469999,18.559999,18.290001,18.34,8191500,
FIVE,37.07,37.07,35.93,36.299999,561900,
FIW,28.120001,28.42,28.1,28.219999,19500,
FIX,14.59,14.81,14.49,14.69,93300,
FIZZ,17.84,17.940001,17.559999,17.76,20400,
FL,34.869999,35.240002,34.560001,34.580002,1960300,
FLDM,15.94,16.51,15.94,16.280001,134800,
FLEX,7.73,7.84,7.72,7.78,3706500,
FLIR,24.01,24.280001,23.889999,24.09,775600,
FLML,6.14,6.2,6.05,6.19,40400,
FLO,32.499999,33.260001,32.45,33.140001,588900,
FLOW,3.64,3.65,3.51,3.64,308400,
FLR,62.139999,62.32,61.009998,61.57,1794000,
FLS,165,167.060005,163.400002,165.039997,912300,
FLT,86.790001,88.220001,86.110001,87.580002,448900,
FLTX,31.17,31.48,31.030001,31.4,78100,
FLWS,5.79,5.89,5.55,5.65,123600,
FLY,16.35,16.49,16.200001,16.34,88100,
FMBI,13.02,13.11,12.82,12.82,195200,
FMC,62.110001,63.07,61.810001,62.720001,753600,
FMER,19,19.15,18.790001,18.969999,843900,
FMS,35.099998,35.380001,34.939999,35.169998,257500,
FMX,101.32,102.230003,100.550003,100.959999,765200,
FN,14.26,14.63,14.16,14.46,118900,
FNB,11.41,11.53,11.33,11.41,372200,
FNF,25.180002,25.219997,24.260003,24.459997,6463300,
FNFG,9.73,9.84,9.69,9.7,1785900,
FNGN,45.68,46.549999,45.139999,45.830002,306700,
FNI,21.719999,21.719999,21.540001,21.639999,4900,
FNP,21.57,21.7,21.16,21.23,625200,
FNSR,13.9,14.29,13.8,14,1514400,
FNV,41.119999,41.299999,39.450001,39.549999,430000,
FOE,6.6,6.65,6.52,6.52,353000,
FOLD,3.24,3.3,3.2,3.24,110700,
FOR,21.73,21.92,21.35,21.459999,157400,
FORM,6.56,6.75,6.34,6.74,813400,
FORR,35.990002,36.52,35.490002,36.200001,61100,
FOSL,103.599998,104.989998,102.360001,102.43,532800,
FPO,13.24,13.37,13.07,13.26,263800,
FR,16.43,16.459999,16.120001,16.139999,378600,
FRAK,25.959999,25.959999,25.559999,25.719999,18200,
FRAN,26.639999,26.74,25.889999,25.93,1150800,
FRC,38.439999,38.439999,37.740002,38.060001,476800,
FRED,16.09,16.209999,16.030001,16.1,77200,
FRGI,35.57,35.93,34.75,35.029999,76200,
FRM,7.07,7.22,6.92,7.06,59700,
FRME,17.280001,17.459999,17.059999,17.120001,98300,
FRO,1.78,1.82,1.78,1.81,97900,
FRP,8.33,8.6,8.08,8.15,41800,
FRT,104.940002,106.580002,104.559998,105.709999,476300,
FRX,40.51,40.51,39.71,39.83,2634900,
FSA,11.51,11.58,11.51,11.58,700,
FSC,10.45,10.55,10.31,10.43,1464100,
FSG,1.7,1.7,1.7,1.7,1000,
FSL,15.62,15.71,15.05,15.17,1139600,
FSLR,55,55.099998,52.07,52.290001,7892200,
FSM,3.48,3.6,3.46,3.52,196100,
FSP,13.67,13.82,13.59,13.62,359000,
FSS,8.9,8.92,8.56,8.7,149200,
FST,4.36,4.45,4.32,4.4,2835989,
FSTR,45,45.970001,44.75,45.639999,26200,
FSYS,15.89,16.1,15.66,15.94,134700,
FTE,0.015,0.015,0.015,0.015,0,
FTEK,3.85,3.9,3.79,3.81,62100,
FTI,54.75,55.57,54.580002,55.009998,1450100,
FTK,17.75,17.9,17.57,17.68,318300,
FTNT,18.43,18.59,18.200001,18.299999,1198100,
FTR,4.07,4.12,4.03,4.04,5964000,
FU,3.75,3.78,3.6,3.76,94600,
FUBC,6.55,6.64,6.55,6.6,22000,
FUL,42.200001,42.200001,41.169998,41.389999,144000,
FULT,11.33,11.36,11.21,11.22,480000,
FUN,39.779999,40.16,39.75,39.889999,389500,
FUR,12.05,12.13,11.94,12.05,146500,
FURX,35.18,36.7,34.54,36.32,68400,
FVE,5.37,5.42,5.18,5.23,599000,
FWLT,23.32,23.32,22.94,22.99,1106100,
FWM,21.280001,22.82,20.950001,22.450001,510400,
FWRD,38.389999,38.950001,37.66,38.52,53300,
FXA,93.650002,94.580002,93.559998,94.389999,483900,
FXB,153.710007,154.559998,153.710007,154.539993,151900,
FXC,97.260002,97.699997,97.260002,97.580002,45800,
FXCM,14.310001,14.530001,14.19,14.280001,22700,
FXD,27.030001,27.139999,26.860001,26.940001,88000,
FXE,131.339996,131.940002,131.330002,131.919998,402500,
FXEN,4.11,4.11,4.02,4.02,285900,
FXF,105.690002,106.410004,105.669998,106.129997,55500,
FXI,34.66,35.040001,34.549999,34.82,22748800,
FXO,18.940001,18.940001,18.73,18.75,199700,
FXP,22.299999,22.469999,21.9,22.139999,127000,
FXS,150.779999,150.779999,150.779999,150.779999,100,
FXY,100.959999,102.400002,100.769997,102.110001,1977200,
FXZ,27.25,27.33,27,27.07,46500,
G,19.17,19.290001,19.049999,19.129999,514600,
GA,7.44,7.49,7.301,7.42,1285944,
GAGA,3.77,3.78,3.66,3.66,18300,
GAIA,4.37,4.48,4.31,4.39,23300,
GAIN,7.34,7.4,7.24,7.35,100600,
GALE,2.18,2.19,2.15,2.16,761300,
GAME,4.05,4.2,3.99,4.01,1394300,
GAS,42.240002,42.490002,42.060001,42.110001,287000,
GASL,23.810001,23.810001,22.750001,22.800001,200,
GASS,10.4,10.54,10.21,10.45,232300,
GASX,11.37,11.73,11.33,11.67,57900,
GAZ,2.58,2.59,2.55,2.55,31100,
GB,32.950001,33.41,32.709999,32.939999,113700,
GBCI,19.5,19.690001,19.32,19.530001,273400,
GBDC,17.290001,17.780001,17.25,17.620001,480600,
GBP,155.449997,156.520004,155.220001,156.490005,0,
GBX,24.35,24.75,24.1,24.440001,338800,
GCA,6.49,6.55,6.45,6.49,305700,
GCC,26.84,27.01,26.84,26.959999,92100,
GCI,20.139999,20.469999,19.91,20.17,1925300,
GCO,70.059998,70.419998,69.139999,69.220001,98900,
GCOM,12.89,13.03,12.75,12.96,39800,
GD,77.949997,79.110001,77.800003,78.169998,1448800,
GDI,0.19,0.19,0.19,0.19,0,
GDOT,19.4,19.49,18.74,19.049999,509100,
GDP,12.29,12.35,12.04,12.16,324700,
GDRZF,3.02,3.02,3,3,19000,
GDX,28.41,28.709999,28.059999,28.129999,21145700,
GDXJ,11.56,11.73,11.37,11.4,660800,
GE,23.49,23.690001,23.48,23.58,36183000,
GEF,53.169998,53.400002,52.720001,53.009998,122900,
GEL,51.27,51.860001,50.869999,51.43,232900,
GENE,2.75,2.85,2.66,2.84,6400,
GEO,34.240002,34.599998,34.09,34.400002,632100,
GEOS,72.989998,74.809998,69.779999,74.32,335100,
GERN,1.07,1.17,1.07,1.15,1153400,
GES,30.540001,31.129999,30.42,30.790001,543500,
GEVA,40.580002,41.150002,40,40.860001,84100,
GEVO,1.679998,1.769998,1.669998,1.669998,500,
GEX,15.399847,15.439846,15.159848,15.209849,14400,
GFA,3.04,3.06,2.95,3.03,2865500,
GFF,11.16,11.28,11.1,11.14,84700,
GFI,5.96,6.05,5.91,5.92,3240900,
GFIG,4.19,4.24,4.12,4.17,65800,
GG,27.82,28.280001,27.73,27.77,6144000,
GGB,5.74,5.78,5.65,5.76,6601600,
GGG,63.029999,63.790001,62.43,63.540001,210500,
GGP,20.6,20.709999,20.35,20.440001,4251200,
GGS,0.01,0.01,0.01,0.01,0,
GHDX,35.639999,36.150002,35.119999,35.790001,130400,
GHL,46.450001,47.080002,46,46.009998,140300,
GHM,27.41,27.5,27.07,27.16,17200,
GIFI,20.65,20.870001,20.4,20.450001,16000,
GIGM,0.99,1.03,0.99,1,15700,
GIII,48.639999,49.43,48.02,48.610001,365000,
GIL,40.66,40.91,40.09,40.470001,368400,
GILD,51.900002,52.98,51.389999,52.439999,7277900,
GILT,5.59,5.66,5.54,5.59,40800,
GIS,48.110001,48.73,47.790001,48.330002,3647300,
GIVN,14.04,14.06,13.74,13.98,173200,
GK,48.299999,48.93,47.599998,48.07,56200,
GLAD,8.48,8.48,8.27,8.29,105700,
GLD,132.309998,133.509995,132.240005,133.25,7199300,
GLDD,8.31,8.52,8.31,8.43,322000,
GLF,46.68,47.299999,46.290001,46.380001,80900,
GLL,88.029999,88.169998,86.580002,86.809998,179200,
GLNG,33.630001,33.740002,32.860001,33.119999,641800,
GLOG,12.85,13.03,12.85,12.96,110100,
GLP,36.119999,37,36.119999,36.549999,70100,
GLPW,16.25,16.459999,15.8,15.9,22700,
GLRE,24.969999,25.23,24.58,24.969999,82800,
GLT,25.73,26.219999,25.450001,26.08,167100,
GLUU,2.43,2.5,2.4,2.43,871600,
GLW,15.09,15.23,14.97,14.99,8978300,
GM,34.369999,34.490002,33.59,33.93,17023900,
GMAN,13.66,13.86,13.62,13.67,85400,
GMCR,76.559998,77.550003,75.459999,76.349998,2033100,
GME,36.610001,38.68,36.43,37.720001,8900700,
GMED,15.55,15.65,15.24,15.41,159400,
GMLP,33.360001,33.5,32.5,32.84,48400,
GMO,2.02,2.03,1.95,1.95,159200,
GMT,48.66,49.68,48.389999,49.119999,230600,
GNC,44.75,46.599998,44.650002,45.830002,1040800,
GNCMA,8.71,8.85,8.52,8.58,170500,
GNE,9.07,9.17,8.98,9.04,22400,
GNK,1.37,1.43,1.35,1.36,313900,
GNMK,14.86,14.9,10.24,13.17,4336500,
GNRC,36.18,36.330002,35.68,36.049999,881900,
GNTX,22.870001,23.030001,22.629999,22.76,818000,
GNW,10.97,11.09,10.82,10.88,6782900,
GOL,3.5,3.75,3.45,3.75,345600,
GOLD,75.57,77.389999,75.32,75.440002,822700,
GOOGL,883.970015,887.000002,879.520002,879.809994,3511600,
GORO,9.4,9.6,9.32,9.34,216100,
GOV,24.4,24.459999,24.110001,24.110001,286200,
GPC,76.970001,77.800003,76.93,77.309998,341200,
GPI,64.449997,65.059998,64.050003,64.779999,150700,
GPK,7.51,7.64,7.45,7.63,1584500,
GPL,0.89,0.89,0.85,0.85,174200,
GPN,47.310001,48,47.02,47.790001,1910200,
GPOR,49.380001,49.830002,48.419998,48.900002,643600,
GPRE,14.46,14.58,13.81,13.88,549100,
GPS,41.259998,41.360001,40.880001,41.040001,2664200,
GPT,9.33999,9.54999,9.29999,9.36999,243300,
GPX,24.379999,24.57,24.01,24.16,44000,
GRA,83.110001,83.919998,81.739998,83,413500,
GRC,29.38,29.5,28.91,29.000001,20800,
GREK,16.85,16.85,16.42,16.48,145200,
GRFS,26.700001,27.200001,26.540001,26.809999,1056400,
GRMN,34.52,34.860001,34.32,34.349998,1047200,
GROW,2.55,2.6,2.53,2.58,13500,
GRPN,7.1,7.28,6.93,7.12,9656100,
GRT,25.62,25.62,24.34,24.65,12539400,
GRU,6.89,6.95,6.88,6.93,21300,
GS,165.350006,166.399994,163.190002,163.309998,3858100,
GSG,31.059999,31.27,31.030001,31.26,193400,
GSH,22.08,22.25,21.940001,22.190001,16800,
GSI,0.98,1.03,0.98,1,13700,
GSK,51.75,52,51.599998,51.810001,3260700,
GSM,12.07,12.07,11.76,11.95,358100,
GSS,0.63,0.63,0.58,0.61,4068200,
GST,2.52,2.6,2.49,2.57,278800,
GSVC,8.23,8.23,8.02,8.12,100800,
GT,14.43,14.76,14.28,14.6,3495500,
GTAT,4.2,4.25,4.1,4.13,2082200,
GTE,6.47,6.49,6.21,6.23,969700,
GTI,8.2,8.28,8.07,8.16,1216800,
GTIV,10.26,10.78,10.23,10.76,127200,
GTLS,95,97.860001,94.620003,96.879997,272100,
GTN,5.71,5.75,5.59,5.61,246800,
GTXI,6.95,7.1,6.73,6.82,1046800,
GTY,20.950001,21.049999,20.74,20.85,35400,
GUID,8.85,9,8.85,8.87,19500,
GUR,38.02,38.389999,37.950001,38.240002,5400,
GURE,1.22,1.24,1.17,1.24,69600,
GV,2.51,2.52,2.45,2.46,187300,
GVA,29.530001,30.15,29.370001,29.68,122000,
GVZ,24.18,24.19,22.96,23.27,0,
GWAY,12.01,12.34,12.01,12.23,409100,
GWL,26.15,26.280001,26.110001,26.129999,531600,
GWR,87.300003,89.650002,86.489998,88.550003,425000,
GWRE,39.93,40.959999,39.240002,40.470001,613500,
GWW,252.699997,256.899994,252,255,351500,
GXC,67.449997,68.089996,67.239998,67.660004,123900,
GXG,18.76,18.93,18.76,18.77,119500,
GXP,22.719999,22.92,22.57,22.58,711400,
GY,14.7,15.35,14.5,15.15,1314500,
GZT,13.47,13.72,13.22,13.64,60300,
H,41.119999,41.240002,40.48,40.759998,412300,
HA,5.97,6.05,5.9,6.01,259700,
HAE,40.419998,40.93,39.889999,40.619999,284900,
HAFC,15.56,15.68,15.46,15.53,79600,
HAIN,65.82,67.190002,65.389999,66.32,657400,
HAL,42.220001,42.619999,41.830002,42.040001,6636100,
HALO,6.5,6.83,6.36,6.64,1092400,
HAO,23.26,23.389999,23.16,23.280001,84500,
HAR,51.740002,52.130001,50.490002,51,849100,
HAS,44.32,44.860001,43.77,44.700001,1204000,
HASI,11.17,11.29,11.06,11.12,110700,
HAWK,26.389999,26.709999,26.15,26.57,67200,
HAYN,47.790001,48.830002,47.360001,47.52,14100,
HBAN,7.72,7.77,7.66,7.68,6278800,
HBC,53.6,54.23,53.412,53.93,1657076,
HBHC,28.09,28.65,27.799999,28.379999,539000,
HBI,50.09,50.400002,49.580002,50.049999,1182000,
HBIO,4.970005,5.050003,4.970005,5.009997,35000,
HBM,7.59,7.67,7.5,7.66,117700,
HCA,39.779999,40.330002,39.540001,39.73,2670400,
HCBK,8.34,8.42,8.29,8.33,8200700,
HCC,42.759998,43.130001,42.560001,42.630001,245300,
HCI,34.400002,35,34.060001,34.509998,88800,
HCLP,23.5,23.629999,22.77,22.799999,166200,
HCN,66.860001,67.529999,66.599998,66.82,1507500,
HCP,46.270002,46.970003,45.790004,45.880003,5496300,
HCSG,22.49,22.879999,22.27,22.67,198900,
HD,77.230003,78.529999,76.959999,77.610001,5979700,
HDB,37.369999,37.369999,36.790001,36.880001,756500,
HDGE,16.219999,16.389999,16.209999,16.360001,191100,
HDV,67.699997,68.230003,67.57,67.629997,248800,
HDY,0.47,0.48,0.45,0.45,61800,
HE,24.68,24.99,24.5,24.67,646400,
HEDJ,50.220001,50.52,50.02,50.139999,52700,
HEES,21.58,21.719999,21.34,21.43,134700,
HEI,51.690001,52.1,51.479998,51.719999,220100,
HELE,40.790001,40.900002,40.209999,40.27,81000,
HEP,37.720001,37.889999,37.169998,37.240002,47600,
HERO,6.82,6.91,6.7,6.83,1633100,
HES,67.720001,68.029999,67.110001,67.290001,1552700,
HF,17.529997,17.860004,17.249997,17.730003,98700,
HFC,45.59,45.75,45.080002,45.080002,3312600,
HGG,17.209999,17.209999,16.639999,16.719999,247200,
HGT,8.75,8.79,8.55,8.59,110500,
HGX,187.32,187.67,183.72,184.87,0,
HHC,104.849998,105.699997,104.080002,104.169998,177700,
HHS,8.98,9,8.73,8.87,86500,
HI,23.879999,23.969999,23.629999,23.870001,110600,
HIBB,57.759998,58.66,57.32,57.98,250700,
HIG,30.26,30.530001,29.74,29.76,4446900,
HII,56.040001,56.470001,55.34,56.029999,114900,
HIMX,6.48,6.68,6.46,6.52,2322900,
HITK,32.5,33.52,31.82,33.22,145500,
HITT,53.69,54.07,52.71,52.72,145500,
HIW,35.48,35.720001,34.950001,35.119999,1249100,
HK,5.3,5.34,5.14,5.15,24300,
HKTV,6.3,6.45,6.08,6.1,36300,
HL,3.5,3.58,3.46,3.5,7152700,
HLF,43.43,43.900002,42.759998,43.380001,898100,
HLIT,6.2,6.24,6.11,6.18,829000,
HLS,30.040001,30.34,29.790001,30.15,350300,
HLSS,23.709999,24.48,23.299999,24.049999,443300,
HLX,23.43,23.950001,23.120001,23.65,545000,
HMA,13.99,14.14,13.83,13.93,2541300,
HMC,36.75,37.220001,36.650002,36.810001,298300,
HME,60.18,60.630001,59.57,59.860001,377600,
HMIN,29.16,30,28.879999,29.809999,164700,
HMN,24.74,24.9,24.67,24.73,66000,
HMST,21.389999,21.860001,21.299999,21.370001,43100,
HMSY,22.530001,23.450001,22.27,23,1733300,
HMY,3.9,4.01,3.9,3.92,2140300,
HNI,35.349998,36.290001,35.259998,35.77,84200,
HNP,37.279999,37.709999,36.91,37.529999,115500,
HNR,3.25,3.28,3.13,3.17,393000,
HNSN,1.7,1.72,1.66,1.66,20500,
HNT,30.9,31.32,30.5,31.07,674500,
HOFT,15.75,15.98,15.68,15.83,29000,
HOG,53.360001,53.720001,52.75,53.049999,1568800,
HOGS,13.34,13.39,13.34,13.36,352100,
HOLI,12.14,12.14,11.7,11.85,95800,
HOLX,21.84,21.99,21.65,21.860001,2906900,
HOMB,42.529999,42.950001,42.16,42.200001,196000,
HON,77.919998,78.900002,77.68,78.160004,1569600,
HOS,52.209999,53.310001,51.68,52.139999,250900,
HOT,67.760002,67.809998,66.709999,66.870003,2056600,
HOTT,14,14,13.99,13.99,127700,
HOV,5.87,5.98,5.79,5.84,5592300,
HP,63.119999,63.32,62.049999,62.380001,1529500,
HPP,21.23,21.389999,21.059999,21.059999,113000,
HPQ,24.269998,24.62,24.09,24.239998,27544500,
HPT,27.18,27.24,26.76,26.879999,806900,
HPY,32.709999,32.880001,32.169998,32.810001,443700,
HR,25.73,25.83,25.23,25.57,785600,
HRB,29.709999,29.76,29.27,29.4,2306600,
HRC,35.66,35.98,35.360001,35.709999,186600,
HRG,8.36,8.43,8.3,8.38,133100,
HRL,39.369999,39.849998,39.200001,39.639999,1355200,
HRS,49.91,50.330002,49.66,49.799999,315700,
HRZN,14.04,14.17,13.9,14,22100,
HSC,23.139999,23.17,22.85,22.860001,234200,
HSH,33.64,34,33.44,33.76,1227400,
HSIC,95.599998,96.910004,95.029999,96.489998,392600,
HSII,16.969999,17.440001,16.92,17.190001,34500,
HSNI,55.369999,56.950001,55.369999,56.490002,135900,
HSOL,1.7,1.7,1.6,1.62,672000,
HSP,36.02,36.310001,35.68,36.080002,504000,
HST,17.07,17.120001,16.85,16.860001,6599400,
HSTM,27.379999,27.559999,26.530001,26.879999,49700,
HSY,87.589996,88.860001,87.269997,87.910004,908300,
HT,5.67,5.69,5.5,5.59,744000,
HTA,11.18,11.56,11.13,11.44,1149200,
HTCH,6.2,6.65,6.08,6.37,806600,
HTGC,13.44,13.46,13.27,13.32,439700,
HTH,16.219999,16.32,16.07,16.200001,334100,
HTHT,15.38,15.54,15.09,15.3,55500,
HTLD,14,14.17,13.83,13.97,210600,
HTS,25.440001,25.6,25.32,25.34,730500,
HTSI,46.7,47.49,45.93,46.48,148700,
HTWR,91.589996,93.07,91.230003,91.440002,75300,
HTZ,25.780001,26.25,25.51,25.66,8418300,
HUB.B,96.27,96.94,95.58,96.16,197800,
HUBG,35.57,35.799999,35.360001,35.599998,95900,
HUM,81.010002,82.290001,80.360001,81.389999,781700,
HUN,18.35,18.450001,18.049999,18.26,1566100,
HURN,43.959999,44.049999,43.689999,43.82,58100,
HUSA,0.29,0.31,0.28,0.31,52500,
HVT,25.17,25.25,24.860001,24.959999,21500,
HW,9.85,9.93,9.72,9.86,466000,
HWAY,14.69,14.91,14.53,14.58,65300,
HWCC,14.46,14.46,13.71,14.05,75700,
HXL,34.549999,35.369999,34.310001,35.060001,527600,
HXM,3.87,4.94,3.55,4.04,5619400,
HY,67.010002,68.529999,66.610001,67.940002,30200,
HYD,31.68,31.73,31.26,31.290001,1132600,
HYG,91.580002,92.239998,91.290001,91.580002,9065200,
HYLD,50.650002,50.869999,50.5,50.700001,17300,
HYS,103.419998,103.459999,102.940002,102.949997,186700,
HZNP,2.23,2.31,2.23,2.3,201500,
HZO,12,12.36,11.89,12.35,149300,
I,22.16,22.299999,21.6,21.940001,136300,
IACI,49.759998,50.380001,49.419998,49.779999,731700,
IAG,5.17,5.33,5.14,5.17,7476200,
IAI,30.59,30.709999,30.35,30.389999,79200,
IART,36.509998,36.509998,36.130001,36.27,134600,
IAT,28.5,28.73,28.450001,28.48,41700,
IAU,13.3,13.42,13.29,13.4,3163700,
IBB,176.899994,180.110001,175.529999,178.399994,642600,
IBCP,6.22,6.22,6,6.04,43700,
IBKC,51.639999,52.09,51.400002,51.77,150200,
IBKR,16.110001,16.139999,15.79,16.059999,285400,
IBM,203.169998,205.949997,202.509995,203.979996,2814400,
IBN,41.240001,41.25,40.370002,40.570002,14053000,
IBOC,21.34,21.620001,20.84,21.219999,71600,
ICA,7.06,7.45,7.04,7.12,1793300,
ICAD,6.2,6.3,6.2,6.27,9000,
ICE,172.169991,173.09,170.480003,171.140003,2743000,
ICF,82.580002,82.580002,80.32,80.57,636400,
ICGE,11.21,11.35,11.15,11.21,44000,
ICLR,34.150002,35,34.009998,34.560001,148000,
ICN,20.299999,20.379999,20.219999,20.35,9700,
ICON,29.66,29.98,29.290001,29.9,446600,
ICUI,71.699997,74.050003,71.080002,73.809998,211500,
IDA,47.700001,48.68,47.700001,48.299999,422400,
IDCC,45.790001,46.790001,45.48,46.200001,211700,
IDIX,5.18,5.32,5.1,5.26,563000,
IDSY,4.95,5.04,4.95,4.99,29100,
IDT,20.549999,21.099999,19.059999,20.099997,291100,
IDTI,8.25,8.39,8.12,8.2,835400,
IDU,94.209999,94.989998,93.959999,94.25,98800,
IDV,33.189999,33.43,33.110001,33.27,363800,
IDXX,85.769997,85.779999,83.470001,85.059998,1268200,
IEF,104.25,104.879997,104.190002,104.879997,756100,
IEI,121.699997,122.019997,121.629997,122.019997,216300,
IEMG,47.110001,47.439999,46.900002,47.150002,393400,
IEO,74.260002,74.5,73.800003,73.82,121500,
IEP,76.110001,80.489998,74.290001,79.519997,242200,
IEV,41.240002,41.560001,41.200001,41.419998,397400,
IEX,54.220001,55.09,54.060001,54.27,219400,
IEZ,57.459999,57.700001,57.009998,57.07,37900,
IFF,79.279999,79.989998,78.82,78.93,349400,
IFGL,31.75,31.790001,31.52,31.59,501700,
IFN,19.780001,19.809999,19.57,19.639999,148400,
IFT,6.89,7.03,6.89,7,28000,
IGE,39.68,39.880001,39.5,39.52,169100,
IGT,17.450001,17.780001,17.35,17.549999,3870600,
IGTE,14.66,15.07,14.35,14.93,220000,
IGV,68.339996,68.860001,68.139999,68.18,12700,
IHF,83.339996,84.230003,82.809998,83.629997,60100,
IHS,109.010002,112.139999,107.419998,111.75,563600,
IIIN,18.059999,18.23,17.950001,18.02,27000,
IIJI,18.690001,18.950001,18.690001,18.799999,18000,
IILG,21.01,21.09,20.809999,20.82,58400,
IIVI,16.76,16.93,16.5,16.790001,182400,
IJH,117,117.870003,116.169998,116.800003,535600,
IJJ,102.190002,102.809998,101.489998,101.980003,98700,
IJK,130.820007,131.779999,129.789993,130.5,113200,
IJR,90.989998,91.349998,90.129997,90.669998,1871600,
IJS,93.959999,94.669998,93.5,93.970001,118700,
IJT,97.540001,98.110001,96.699997,97.389999,76900,
IL,6.17,6.32,6.11,6.25,168800,
ILF,38.439999,38.779999,38.259998,38.48,576400,
ILMN,69.510002,69.639999,68.25,68.5,779500,
IM,18.450001,19.07,18.440001,18.98,526200,
IMAX,27.370001,27.440001,26.84,26.870001,552100,
IMGN,16.469999,16.780001,16.219999,16.35,413300,
IMH,11,11.19,11,11.19,13900,
IMKTA,23.1,23.4,23,23.200001,13300,
IMMR,14.26,15.21,14,14.66,411400,
IMMU,4.25,4.5,4.11,4.44,961800,
IMN,4.36,4.4,4.3,4.34,64400,
IMO,38.91,39.16,38.610001,38.669998,285000,
IMOS,18.389999,19.6,17.799999,18.469999,1129400,
IMPV,39.18,39.490002,38.5,38.779999,104100,
IMUC,2.45,2.47,2.26,2.3,40500,
IN,9.84,9.91,9.81,9.88,737109,
INAP,7.86,8.1,7.8,8.1,94200,
INCY,20.65,20.93,19.73,20.440001,2575900,
INDB,32.860001,33.18,32.650002,32.759998,22200,
INDL,14.19,14.31,13.93,14.04,34300,
INFA,36.220001,36.57,35.610001,35.709999,1014900,
INFI,17.57,17.82,17.129999,17.34,782400,
INFN,11.22,11.65,11.05,11.45,1567700,
INFY,42.360001,42.799999,42.110001,42.610001,6002000,
ING,9,9.23,8.98,9.11,2388900,
INGR,67.949997,68.650002,67.440002,68.389999,262900,
ININ,51.82,52.450001,51.07,51.91,62400,
INN,9.4,9.44,9.27,9.37,186200,
INP,53.759998,53.790001,53.419998,53.540001,249600,
INSM,13.08,13.08,12.56,12.63,294100,
INT,40.259998,40.400002,39.849998,40.110001,162800,
INTC,24.83,25.08,24.629999,24.709999,27077800,
INTL,17.84,18,17.450001,17.98,27400,
INTU,58.310001,58.630001,57.630001,57.73,2427500,
INTX,9,9.08,8.94,8.96,33400,
INVE,0.81,0.82,0.78,0.79,10300,
INVN,13.3,13.43,13.05,13.12,1217900,
INWK,10.38,10.61,10.17,10.31,158000,
INXN,26.540001,26.77,26.27,26.67,381400,
IO,6.100003,6.130003,6.000003,6.000003,63000,
IOC,79.260002,80.400002,77.889999,78.349998,344700,
IOO,70.360001,70.870003,70.220001,70.459999,30500,
IOSP,41.779999,42.060001,41.150002,41.66,88600,
IP,45.010004,45.580004,44.830005,45.310006,2221800,
IPAR,32.41,32.869999,31.969999,32.77,176400,
IPCM,48.240002,49.880001,48.240002,49.580002,60900,
IPG,14.24,14.5,14.17,14.34,4235900,
IPGP,64,65.43,63.619999,63.830002,571700,
IPHI,10.59,10.83,10.49,10.63,214000,
IPHS,49,49.380001,48.700001,49.099998,62100,
IPI,18.83,18.92,18.59,18.799999,869600,
IPXL,18.879999,18.879999,18.450001,18.700001,467500,
IQNT,5.74,5.86,5.7,5.8,802400,
IR,57.040003,57.31,56.6,56.649995,1836000,
IRBT,34.439999,35.16,34.110001,34.490002,317800,
IRC,10.01,10.12,9.9,9.9,766400,
IRDM,7.28,7.36,7.23,7.25,212400,
IRE,8.9,8.97,8.65,8.84,1599000,
IRET,8.76,8.84,8.6,8.6,557800,
IRF,21.7,21.97,21.34,21.41,218500,
IRM,28.279996,29.2,28.229998,29.149999,4069100,
IRWD,13.06,13.15,12.76,12.81,397900,
ISBC,20.250001,20.390001,20.19,20.24,181700,
ISCA,34.619999,34.810001,34.029999,34.459999,104600,
ISIL,7.92,8.02,7.8,7.8,749800,
ISIS,22.93,23.85,22.4,23.65,1526700,
ISLE,7.6,7.6,7.44,7.44,65700,
ISRG,506.529999,507.450012,499.140015,499.570007,173700,
ISS,5.37,5.44,5.34,5.38,616875,
ISSC,7.2,7.3,6.91,7.08,67200,
ISSI,11.04,11.12,10.94,11,207700,
IT,56.330002,57.529999,55.869999,57.07,198800,
ITB,22.98,23.459999,22.879999,23,4654300,
ITC,88.640001,89.710001,88.370001,88.800001,633900,
ITG,14.09,14.14,13.81,14.04,621200,
ITMN,9.8,10.08,9.66,9.74,1310700,
ITOT,74.650002,74.980003,74.230003,74.43,140000,
ITRI,42.299999,42.98,42.02,42.029999,203900,
ITT,29.65,29.91,29.450001,29.68,233200,
ITUB,14.19,14.339996,14.060003,14.160004,13860600,
ITW,69.639999,70.470001,69.620003,70.099998,1356100,
IVAC,4.7,4.74,4.69,4.72,50700,
IVAN,1.13,1.13,1.09,1.12,26900,
IVC,16.15,16.15,15.82,15.89,210100,
IVE,77.050003,77.639999,76.849998,76.989998,585000,
IVR,18.5,18.530001,18.1,18.17,1924100,
IVV,164.100006,165.380005,163.580002,163.970001,4922300,
IVW,85.760002,86.43,85.410004,85.660004,704700,
IVZ,33.779999,34.18,33.369999,33.619999,3020900,
IWB,90.720001,91.330002,90.370003,90.57,1028800,
IWC,61.860001,62.240002,61.400002,61.759998,110600,
IWD,84.589996,85.080002,84.230003,84.32,1524700,
IWF,74.050003,74.589996,73.699997,74,1763300,
IWM,97.68,98.470001,96.860001,97.730003,43461300,
IWN,86.18,86.699997,85.5,86,1790100,
IWO,112.330002,113.419998,111.419998,112.529999,2156800,
IWP,72.07,72.760002,71.75,72.110001,117400,
IWR,130.869995,131.710007,130.020004,130.429993,282900,
IWS,58.349998,58.77,58.09,58.220001,431500,
IWV,97.07,97.699997,96.629997,96.849998,112200,
IXC,39.900002,40.080002,39.740002,39.830002,47200,
IXYS,11.6,11.84,11.51,11.53,33200,
IYE,45.68,45.91,45.470001,45.5,169000,
IYF,72.330002,72.669998,71.900002,71.970001,218200,
IYG,72.529999,72.809998,72,72.080002,67900,
IYH,101.510002,102.400002,101,101.779999,127300,
IYJ,84.019997,84.660004,83.75,84.07,95600,
IYM,70.68,71.019997,70.099998,70.339996,105100,
IYR,67.330002,67.660004,66.870003,66.910004,17765800,
IYT,112.419998,113.110001,111.459999,111.980003,138600,
IYW,76.040001,76.75,75.93,75.959999,201000,
IYZ,26.15,26.379999,26.030001,26.040001,1727500,
JACK,37.830002,38.540001,37.669998,38.09,420600,
JAGGF,0.41,0.41,0.41,0.41,0,
JAH,45.400005,45.689999,44.969999,45.079994,1294800,
JAKK,10.09,10.19,9.91,10.15,53200,
JASO,7.42,7.6,7.01,7.08,2518800,
JAZZ,68.849998,69.5,68.199997,68.760002,539900,
JBHT,72.349998,73.290001,71.870003,72.25,218700,
JBL,19.120001,19.639999,18.99,19.360001,1462600,
JBLU,6.29,6.38,6.21,6.34,2328700,
JBT,21.299999,21.540001,21.09,21.17,31100,
JCI,33.970001,34.150002,33.68,33.709999,5430900,
JCOM,41.369999,41.919998,41.07,41.59,212800,
JCP,18.5,18.610001,18.07,18.120001,4834700,
JDSU,14.56,14.9,14.42,14.53,4145400,
JE,6.5,6.61,6.38,6.48,651200,
JEC,55.73,56.529999,55.599998,56.060001,696100,
JIVE,17.110001,17.35,16.860001,17.219999,657300,
JJC,39.27,39.57,39.240002,39.529999,34900,
JJG,51.459999,52.080002,51.389999,52.060001,15400,
JKHY,46.630001,47.450001,46.27,47.029999,375400,
JKS,9.22,9.31,8.68,9.06,551700,
JLL,89.389999,90.400002,88.720001,89.25,233800,
JMBA,17.07,17.440001,16.91,17.43,241200,
JNJ,84.760002,85.019997,84.129997,84.690002,8967000,
JNK,39.950001,40.279999,39.880001,40.029999,11815300,
JNPR,18.84,18.84,18.26,18.299999,5604100,
JNS,8.6,8.73,8.51,8.58,1361800,
JNY,14.22,14.36,14.09,14.25,477500,
JO,27.08,27.24,26.91,27.219999,49400,
JOBS,64.489998,64.959999,62.810001,63.57,134200,
JOE,20.25,20.51,20.16,20.25,714800,
JOSB,41.27,41.42,40.79,40.83,409200,
JOY,52.189999,52.869999,51.509998,52.279999,1096100,
JPM,53.459999,54.049999,53.110001,53.490002,17600800,
JRCC,2.52,2.55,2.41,2.41,696800,
JRN,6.49,6.49,6.29,6.37,87700,
JST,4.89,4.99,4.89,4.91,17400,
JW.A,40.27,40.810001,40.049999,40.349998,185100,
JWN,58.84,59.5,58.73,58.959999,538600,
JXI,43.029999,43.470001,43.029999,43.189999,23900,
K,62.650002,63.540001,62.139999,63,1666000,
KAI,31.700001,32.029999,31.459999,31.77,36000,
KALU,62.779999,63.400002,62.349998,63.16,124500,
KAMN,33.43,33.939999,33.32,33.57,34000,
KAR,22.66,22.99,22.35,22.719999,776300,
KB,31.639999,32.099998,31.639999,31.92,119000,
KBALB,10.45,10.75,10.2,10.49,95600,
KBE,28.299999,28.450001,28.08,28.15,3214000,
KBH,20.620001,21.059999,20.280001,20.379999,3487100,
KBR,33.709999,34.009998,33.349998,33.529999,1119200,
KBWB,31.49,31.709999,31.370001,31.4,85600,
KCAP,10.49,10.62,10.23,10.25,189800,
KCE,41.32,41.529999,40.98,40.98,5300,
KCG,3.66,3.68,3.64,3.68,607100,
KDN,26.59,26.94,26.38,26.67,56800,
KEG,6.06,6.14,6,6.07,8500,
KELYA,17.639999,17.75,17.370001,17.41,73500,
KEM,4.34,4.4,4.27,4.29,173900,
KEP,11.58,11.62,11.55,11.59,185700,
KERX,7.69,7.69,7.33,7.35,2829600,
KEX,77.309998,79.970001,77,78.290001,404500,
KEY,10.89,10.94,10.74,10.74,10677600,
KEYN,12.55,12.61,12.45,12.52,18100,
KEYW,14.59,14.7,14.33,14.55,118800,
KFN,10.67,10.75,10.61,10.62,330100,
KFRC,14.69,14.89,14.3,14.71,96900,
KFY,17.52,17.67,17.18,17.450001,99300,
KGC,5.88,6.11,5.82,5.94,14928500,
KIE,54.060001,54.240002,53.650002,53.759998,152900,
KIM,22.040001,22.18,21.809999,21.84,4576700,
KIOR,4.11,4.25,4,4,163600,
KIRK,16.950001,17.120001,16.889999,17.08,225000,
KKD,17.74,17.790001,17.200001,17.59,1106300,
KKR,19.110001,19.57,18.799999,19.26,2918000,
KLAC,56.16,56.490002,55.220001,55.279999,1159000,
KLIC,11.8,11.9,11.64,11.68,336600,
KMB,96.980004,98.51,96.560001,97.949994,2007800,
KMI,38.549999,38.560001,38,38.189999,3089500,
KMP,83.32,83.6,82.36,82.4,1336800,
KMR,81.46,81.46,80.57,80.67,487900,
KMT,40.689999,41.240002,40.400002,40.669998,512900,
KMX,46.610001,46.77,46.080002,46.599998,1086800,
KND,13.31,13.65,13.13,13.43,552000,
KNDI,8.03,8.5,7.51,7.75,9073400,
KNL,14.75,14.86,14.51,14.51,100300,
KNOP,22.629999,22.74,22.32,22.5,29800,
KNX,16.799999,16.959999,16.68,16.860001,281800,
KO,40.880001,40.98,40.400002,40.790001,16491600,
KOF,143.110001,146.309998,141.899994,144.360001,82800,
KOG,8.7,8.82,8.55,8.73,3811800,
KOL,19.459999,19.459999,19.27,19.309999,167000,
KOLD,79.699997,81.440002,79.210001,81.300001,151800,
KONG,6.58,6.62,6.38,6.55,54800,
KOP,41.439999,42.18,40.98,41.439999,49500,
KOPN,3.6,3.69,3.56,3.56,79500,
KORS,61.849998,62.259998,60.73,61.27,2576100,
KOS,10.33,10.46,10.2,10.38,1171900,
KR,34.549999,35.200001,34.470001,34.580002,5692000,
KRA,20,20.17,19.73,19.780001,285600,
KRC,52.43,52.880001,51.720001,51.77,459500,
KRE,32.75,33.049999,32.599998,32.700001,727300,
KRFT,54.34,54.48,53.540001,54.139999,2292500,
KRG,6.06,6.11,5.96,6,94800,
KRO,15.68,15.94,15.46,15.52,104300,
KS,35.150002,37.150002,34.900002,36.610001,1972400,
KSS,51.360001,51.900002,51.25,51.27,1117300,
KSU,109.019997,111.209999,108.360001,109.339996,511500,
KT,16.9,16.93,16.84,16.889999,202700,
KTCC,11.23,11.47,10.92,11,62400,
KTOS,6.28,6.55,6.26,6.35,497000,
KUB,78.49,79,77.7,77.86,116000,
KVHI,12.64,12.89,12.6,12.64,62100,
KW,16.99,17.110001,16.83,16.950001,81600,
KWK,2.26,2.28,2.18,2.19,1476000,
KWR,63.75,64.980003,63.470001,64.489998,38000,
L,45.07,45.27,44.75,44.779999,742200,
LABL,29.450001,30.200001,29.450001,30.059999,41400,
LAD,55.049999,55.419998,54.57,54.84,334300,
LAMR,42.150002,43.040001,42,42.610001,1855700,
LANC,80.379997,81.669998,79.610001,80.940002,50900,
LAYN,19.889999,20.139999,19.700001,20,136800,
LAZ,32.919998,33.32,32.299999,32.41,796300,
LBAI,9.879996,9.979997,9.810003,9.849997,83000,
LBJ,24.219999,24.76,24,24.139999,1400,
LBTYA,72.750011,74.100002,72.520003,73.149998,5292500,
LBTYK,67.800003,69.389999,67.800003,68.269997,3589600,
LBY,22.58,23.299999,22.5,22.82,235100,
LCAV,3.01,3.14,3,3.11,53900,
LCC,16.94,17.26,16.75,16.92,3789600,
LCI,11.65,12.17,11.65,12.01,77700,
LDK,1.5,1.57,1.44,1.46,3239900,
LEA,59.060001,59.68,58.93,58.970001,2133200,
LEAP,5.59,5.83,5.56,5.79,1505400,
LECO,59.139999,59.98,58.740002,58.849998,216200,
LEE,1.67,1.69,1.66,1.69,21300,
LEG,31.629999,32.169998,31.4,31.870001,3230400,
LEI,1.25,1.27,1.25,1.25,1200,
LEN,36.84,37.48,36.330002,36.619999,5670900,
LF,9.6,9.67,9.35,9.66,743500,
LFC,37.08999,37.47999,36.879991,37.029991,601500,
LFL,16.879999,17.309999,16.66,16.99,954400,
LFUS,73.540001,75.470001,73.470001,74.040001,28900,
LFVN,2.18,2.26,2.18,2.26,198786,
LG,45.580002,46.279999,45.16,45.799999,308300,
LGCY,27.290001,27.780001,26.82,26.92,119700,
LGF,28.77,28.780001,28.33,28.41,766800,
LGND,31.68,32.799999,31.25,32.299999,138700,
LH,99.830002,100.959999,97.860001,100.489998,586400,
LHCG,22.01,22.360001,21.469999,22.219999,36700,
LHO,25.17,25.17,24.6,24.940001,559500,
LIFE,74.04,74.21,73.95,74.04,1316200,
LII,63.529999,64.169998,62.91,63.310001,305100,
LINC,6.94,7.04,6.85,6.91,49300,
LINE,33.470001,33.650002,33,33.029999,1186800,
LINTA,22.63,22.83,22.5,22.62,1420900,
LIOX,2.85,3,2.83,2.99,296100,
LIT,12.03,12.16,12,12.05,9100,
LIWA,5.48,5.51,5.35,5.5,75400,
LKQ,24.42,24.9,24.309999,24.74,731300,
LL,82.139999,83.370003,81.099998,82.110001,399700,
LLEN,3.76,4.08,3.75,3.94,374700,
LLL,85.589996,86.620003,85.5,86.059998,338700,
LLNW,2.44,2.5,2.39,2.5,549100,
LLTC,36.880001,36.889999,36.32,36.349998,1894700,
LLY,52.23,52.32,51.779999,51.939999,5268400,
LM,33.799999,34.130001,33.25,33.34,1684700,
LMCA,124.76006,125.660055,123.71008,124.030065,2237500,
LMNX,19.59,21.35,19.219999,21,578800,
LMOS,16.01,16.09,15.62,15.75,79000,
LMT,105.959999,106.660004,105.220001,105.959999,1139100,
LNC,35.57,35.849998,35.25,35.369999,2559400,
LNCE,26.5,26.879999,26.389999,26.76,72000,
LNCO,37.919998,37.950001,37.220001,37.290001,290300,
LNDC,14.72,14.98,14.67,14.8,94700,
LNG,27.9,28.200001,27.5,27.76,2892200,
LNKD,171.449997,174,168.179993,168.389999,1533600,
LNN,80.209999,81.459999,79.260002,80.110001,89800,
LNT,48.959999,49.580002,48.75,49.060001,942600,
LO,43.049999,43.619999,42.880001,42.880001,3003000,
LOCK,10.7,10.88,10.49,10.83,764100,
LOCM,1.64,1.69,1.56,1.6,138900,
LODE,1.93,1.95,1.91,1.94,73700,
LOGI,7.02,7.06,6.97,6.99,143800,
LOGM,25.540001,25.860001,25.26,25.49,149500,
LOPE,32.400002,33.099998,31.940001,32.490002,238700,
LORL,61.25,61.709999,61.049999,61.049999,34800,
LOW,40.639999,41.349998,40.599998,40.889999,4589200,
LPHI,3.11,3.15,3.03,3.1,16200,
LPI,19.940001,20.040001,19.68,19.809999,370300,
LPL,13.67,13.9,13.53,13.79,507300,
LPLA,37.029999,37.32,36.5,36.77,520200,
LPNT,51.73,52.630001,51.360001,51.669998,484200,
LPR,0.52,0.52,0.52,0.52,0,
LPS,32.71,32.8,32.27,32.48,1910200,
LPSN,9.3,9.42,9.05,9.34,484600,
LPX,16.4,16.549999,16.15,16.26,1923900,
LQD,115.5,116.050003,115.230003,116.010002,3983700,
LQDT,33.349998,33.73,32.639999,32.709999,568800,
LRCX,47.779999,48.099998,46.830002,46.860001,1507000,
LRE,14.85,15.1,14.8,14.96,106200,
LRN,28.370001,28.65,28,28.040001,129100,
LRY,17.22,17.22,17.22,17.22,0,
LSCC,5.12,5.12,4.97,5,705200,
LSE,8.58,8.64,8.57,8.58,2066700,
LSI,64.870003,65.410004,64.5,64.790001,58800,
LSTR,53.080002,53.759998,52.849998,53.080002,178100,
LTBR,1.83,1.83,1.72,1.76,5200,
LTC,41.419998,41.709999,40.889999,41,121000,
LTD,36.87,36.87,36.87,36.87,0,
LTM,51.009998,51.41,50.41,51,245800,
LTPZ,62.209999,63.110001,62.18,63.099998,59900,
LTXC,5.75,5.75,5.65,5.7,147800,
LUB,8.55,8.73,8.47,8.59,32100,
LUFK,88.32,88.44,88.31,88.43,633100,
LUK,28.92,28.98,28.360001,28.370001,1629200,
LULU,70,70.739998,67.839996,67.849998,28905000,
LUV,13.82,14.05,13.73,13.95,6520200,
LUX,50.349998,51.189999,50.310001,50.950001,95500,
LVLT,22.16,22.190001,21.48,21.549999,2330400,
LVS,56.580002,56.830002,55.689999,56.139999,5882400,
LXK,31.870001,32.16,31.49,31.5,380800,
LXP,12.14,12.14,11.88,11.94,1142900,
LXU,33.400002,33.549999,32.959999,33.02,90400,
LYB,64.230003,65.220001,63.669998,64.190002,3285900,
LYG,3.76,3.84,3.75,3.81,1501600,
LYV,13.89,13.94,13.6,13.84,1167300,
LZB,18.26,18.299999,17.549999,18.09,291500,
M,48.459999,49.150002,48.27,48.560001,2939700,
MA,562.169991,565.239983,560,560.439987,4334000,
MAA,65.260002,65.529999,64.559998,64.690002,545100,
MAC,62.189999,62.459999,61.450001,61.580002,670000,
MACK,5.43,5.51,5.26,5.41,193800,
MAIN,28.120001,28.219999,27.799999,27.879999,228400,
MAKO,12.03,12.25,11.86,11.96,369300,
MAN,55.73,56.349998,55.259998,55.279999,442500,
MANH,74.879997,76.25,74.269997,75.330002,273200,
MANT,27.620001,27.83,27.299999,27.41,103500,
MANU,16.700001,17,16.58,16.690001,156500,
MAR,41.009998,41.23,40.59,40.84,1778700,
MAS,19.729999,20.129999,19.499999,19.549998,4660800,
MASI,21.610001,21.91,21.5,21.67,186900,
MAT,44.459999,45,44.220001,44.73,1871800,
MATW,37.669998,38.23,37.009998,38,44900,
MATX,24.959999,25.190001,24.959999,25,410500,
MBB,105.790001,106.059998,105.699997,105.970001,582200,
MBFI,25.870001,26.049999,25.690001,25.889999,124300,
MBI,14.03,14.1,13.6,13.65,3095000,
MBLX,1.650033,1.700034,1.650033,1.690034,4300,
MBT,18.049999,18.450001,17.879999,18.209999,2330200,
MCC,14.26,14.33,14.01,14.06,378000,
MCD,99.019997,99.489998,98.07,98.230003,4812800,
MCEP,22.5,23.610001,22.34,23.15,175100,
MCF,34.939999,35.279999,34.810001,35.16,17900,
MCGC,5.07,5.1,4.99,5.02,219700,
MCHI,42.860001,43.259998,42.759998,43.040001,583500,
MCHP,36.48,37.099998,36.139999,36.77,2660500,
MCHX,5.78,5.9,5.78,5.86,35400,
MCK,113.629997,114.309998,112.720001,112.870003,1025200,
MCO,64.279999,64.480003,63.509998,63.52,1505800,
MCP,5.96,6,5.82,5.89,3662500,
MCRI,15.65,16.200001,15.65,15.9,190100,
MCRL,9.84,10,9.76,9.79,94700,
MCRS,42.65,42.84,41.95,42,1218200,
MCY,43.310001,43.310001,42.619999,42.849998,154000,
MD,91.25,92.779999,90.43,92,361800,
MDAS,17.459999,17.559999,17.209999,17.309999,587500,
MDC,33.979998,35.150001,33.629999,33.919996,623200,
MDCI,7.24,7.58,7.24,7.48,140900,
MDCO,33.299999,33.689999,32.799999,33.310001,357800,
MDIV,21.4,21.48,21.18,21.219999,273900,
MDLZ,29.940001,29.969999,29.209999,29.799999,11656600,
MDP,41.349998,41.669998,41.009998,41.279999,282300,
MDR,9.26,9.31,9.08,9.1,2377600,
MDRX,13.59,13.89,13.47,13.75,1029900,
MDSO,66.970001,68.839996,65.779999,68,302800,
MDT,51.66,52.380001,51.389999,52.07,5355600,
MDU,25.01,25.5,24.959999,25.309999,796400,
MDVN,51.139999,52.630001,50.450001,51.82,952600,
MDXG,7.24,7.27,7.06,7.19,273100,
MDY,213.139999,214.820007,211.679993,212.639999,1460600,
MEA,1.42,1.47,1.41,1.43,108900,
MEAS,47.11,47.71,47.08,47.12,22300,
MED,28.49,29,28.07,28.559999,84200,
MEET,1.57,1.58,1.51,1.51,108500,
MEG,9.16,9.19,8.6,8.8,193200,
MEI,15.21,15.37,15.01,15.27,60900,
MEIP,7.78,8.1,7.72,8.02,414700,
MELA,1.03,1.03,1.01,1.03,31200,
MELI,116.25,116.440002,114.330002,114.57,298900,
MEMP,19.299999,19.299999,18.84,18.969999,117300,
MEMS,4.1,4.12,4.1,4.11,72200,
MENT,19.6,19.690001,19.27,19.299999,782200,
MEOH,42.599998,43.779999,42.380001,43.139999,339300,
MERC,6.8,6.81,6.61,6.77,87000,
MERU,4.3,4.3,4.16,4.25,48600,
MET,44.889999,45.25,44.439999,44.48,7923100,
MFA,8.68,8.75,8.59,8.6,2723100,
MFB,18.23,18.46,18.23,18.34,40300,
MFC,15.7,16.08,15.61,15.84,2455000,
MFG,3.98,4.04,3.97,4,1244700,
MFLX,15.35,15.7,15.31,15.54,14400,
MFRM,38.75,38.75,37.700001,37.950001,834500,
MG,21.35,21.639999,21.24,21.51,120400,
MGA,67.860001,68.910004,67.580002,68.290001,1324200,
MGAM,26.76,27.29,26.61,27.11,144400,
MGC,55.700001,56.209999,55.650002,55.759998,35200,
MGI,19.25,19.610001,19.15,19.459999,29500,
MGIC,5.33,5.37,5.22,5.37,19000,
MGK,61.849998,62.310001,61.630001,61.759998,94700,
MGLN,54.990002,55.48,54.709999,55.189999,128400,
MGM,14.92,14.96,14.72,14.79,5929900,
MGPI,5.21,5.52,5.19,5.28,18300,
MGV,49.869999,50.23,49.759998,49.830002,52200,
MHFI,55.709999,55.709999,54.16,54.450001,1950100,
MHGC,7.72,7.98,7.56,7.64,671200,
MHK,108.279999,110.190002,107.07,107.220001,600200,
MHLD,10.71,10.85,10.67,10.76,206700,
MHO,23.84,24.41,23.4,23.870001,253700,
MHR,4.05,4.06,3.81,3.84,3546300,
MIC,53.810001,54.540001,53.25,54.099998,194500,
MIDD,166.940014,168.170013,165.839996,166.169998,123900,
MIDU,56.200001,57.32,54.880001,55.75,164000,
MIDZ,30.370001,30.84,29.68,30.450001,5000,
MIG,8.13,8.15,8.01,8.01,329400,
MILL,3.93,4.0099,3.88,3.9,61889,
MIND,16.290001,16.73,15.95,16.49,53700,
MINI,33.740002,34,33.360001,33.560001,145500,
MITK,6.26,6.55,6.2,6.42,319335,
MITL,3.9,3.95,3.69,3.76,23400,
MITT,22.6,22.690001,22.219999,22.25,409000,
MJN,81.760002,82.139999,80.739998,81.639999,745100,
MKC,70.620003,71.370003,70.120003,71,472400,
MKSI,28.629999,28.92,28.129999,28.129999,326400,
MKTG,11.91,12.11,11.69,11.95,411300,
MKTX,45.34,46.220001,44.66,45.549999,200100,
MLHR,27.73,28.110001,27.43,27.76,102200,
MLI,52.75,53.32,52.259998,52.439999,176600,
MLM,106.860001,108.769997,106.139999,107.220001,205900,
MLNK,2.9,2.94,2.82,2.82,180000,
MLNX,48.75,48.75,45.470001,47.110001,790500,
MLPN,29.1,29.15,28.84,29,58100,
MLR,15.76,15.93,15.56,15.65,12700,
MM,8.15,8.65,8.1,8.51,2000000,
MMC,40.110001,40.490002,40.09,40.220001,2245700,
MMLP,42.59,42.669998,41.75,42.209999,75000,
MMM,109.900002,111.080002,109.510002,110.220001,1752100,
MMP,52.02,52.189999,51.009998,51.150002,599800,
MMS,72.720001,72.989998,71.900002,71.970001,467000,
MMSI,10.62,10.72,10.47,10.61,187600,
MMYT,13.11,13.37,12.7,12.94,16700,
MN,19.389999,19.690001,19.209999,19.51,183500,
MNI,2.21,2.25,2.18,2.21,17000,
MNKD,7.44,8.06,7.36,7.65,13639200,
MNR,10,10.05,9.85,9.99,128200,
MNRO,48.240002,49.27,47.919998,48.330002,162200,
MNST,61.629999,62.429998,61.299997,61.370001,3013800,
MNTA,14.27,14.57,14,14.42,242900,
MNTG,4.05,4.09,3.9,3.91,43200,
MNTX,9.92,10.52,9.89,10.45,62300,
MNX,2990.5,2990.5,2952.100098,2959.800049,1560370000,
MO,36.09,36.5,35.970001,36.16,27180200,
MOBI,3.07,3.11,3.05,3.1,35100,
MOD,10.13,10.37,10.01,10.32,154500,
MODN,21.719999,21.76,20.52,20.780001,70700,
MOH,36.900002,37.41,36.52,37.189999,173800,
MOLX,29.23,29.62,29.15,29.35,305800,
MOLXA,24.7,24.84,24.5,24.81,105200,
MON,104.910004,105.199997,103.559998,104.510002,3405700,
MOO,52.73,53.16,52.709999,52.880001,161500,
MORN,71.18,72.68,71.18,72,62200,
MOS,59.419998,59.43,57.889999,57.990002,4193900,
MOSY,4.52,4.54,4.36,4.51,124800,
MOV,34.709999,34.950001,34.360001,34.490002,121600,
MOVE,12.13,12.16,11.92,12.07,515900,
MPAA,7.83,7.83,7.42,7.59,283300,
MPC,80.919998,81.779999,79.849998,79.860001,4609600,
MPEL,23.49,23.860001,23.26,23.85,4618900,
MPG,3.12,3.13,3.11,3.12,622400,
MPLX,37.57,37.84,36.860001,37.66,125100,
MPO,6.17,6.3,6.08,6.18,32300,
MPW,14.91,15.04,14.82,14.91,1234300,
MPWR,24.719999,24.98,24.440001,24.48,279500,
MR,41.369999,41.759998,40.639999,41.700001,323600,
MRC,27.370001,27.889999,27.120001,27.299999,1282200,
MRCY,9.43,9.61,9.38,9.6,68200,
MRGE,3.61,3.7,3.55,3.59,279400,
MRH,25.120001,25.120001,24.879999,24.92,202000,
MRIN,10.75,11.25,10.73,11.06,81600,
MRK,48.07,48.200001,47.549999,47.560001,54150100,
MRO,34.23,34.459999,33.91,34.029999,2389000,
MRTN,24.499995,24.619995,23.599995,23.680005,166600,
MRVL,10.95,11.16,10.82,10.87,9211900,
MS,26.77,26.790001,25.99,26.09,25321300,
MSA,45.639999,46.610001,45.43,46.130001,79400,
MSB,18.940001,19.73,18.52,19.5,133900,
MSCC,21.549999,21.76,21.25,21.290001,244800,
MSCI,34.5,34.919998,34.299999,34.580002,229700,
MSFT,35.049999,35.18,34.68,34.84,39435900,
MSG,59.52,60.110001,59.150002,59.5,185800,
MSI,56.279999,57.080002,55.970001,56.380001,1547800,
MSM,79.660004,80.550003,78.870003,79.93,241300,
MSO,2.37,2.42,2.36,2.38,78900,
MSPD,3.22,3.27,3.16,3.2,171600,
MSTR,88.779999,89.449997,88,88.120003,74500,
MSTX,0.66,0.66,0.6494,0.655,241450,
MT,12.06,12.18,12.02,12.09,6373700,
MTB,103.160004,103.68,102.459999,102.900002,892100,
MTD,213.660004,215.360001,211.25,213.089996,190000,
MTDR,10.15,10.32,10.1,10.22,224400,
MTG,6.25,6.28,6.1,6.19,6171300,
MTGE,20.049999,20.34,19.780001,20.25,1795400,
MTH,44.779999,45.57,44.200001,44.66,369100,
MTL,2.94,3.12,2.92,2.96,1831500,
MTN,63.650002,64.639999,62.950001,63.860001,267800,
MTOR,6.97,7.25,6.85,7.11,1073500,
MTRN,29.879999,30.25,29.700001,30.040001,24000,
MTRX,16.73,16.889999,16.120001,16.280001,193800,
MTSC,58.810001,58.959999,58.080002,58.330002,18000,
MTSN,2.37,2.39,2.31,2.31,359600,
MTU,6.19,6.25,6.12,6.2,6599900,
MTW,19.260002,19.32,19,19,9508600,
MTX,42.27,42.650002,41.91,42.34,142500,
MTZ,30.32,30.32,29.57,30.09,517600,
MU,12.87,13.2,12.63,12.81,49707600,
MUB,106.870003,107.650002,106.699997,107.559998,959100,
MUR,65.14,65.699996,64.46,64.650006,1612600,
MUX,2.35,2.42,2.28,2.31,2150100,
MVC,12.7,12.82,12.65,12.78,47100,
MVG,7.36,7.65,7.36,7.63,96400,
MVIS,3.35,3.49,3.02,3.2,506700,
MVO,28.389999,28.809999,28.360001,28.370001,17300,
MVV,96.650002,97.889999,95.540001,96.400002,99800,
MW,35.799999,36.07,35.400002,35.799999,427100,
MWA,6.88,7,6.76,6.83,1147900,
MWE,67.470001,67.470001,66.370003,66.480003,506400,
MWIV,124.99,126,122.87,125.46,43900,
MWV,35.27,35.560001,35.09,35.459999,702800,
MWW,5.39,5.59,5.32,5.56,1068200,
MX,18.700001,18.85,18.42,18.610001,558600,
MXIM,27.620001,27.75,27.219999,27.43,5194700,
MXL,6.5,6.66,6.41,6.5,26000,
MXWL,7.75,7.75,7.56,7.58,274400,
MY,1.91,2.05,1.9,1.95,1602200,
MYE,15.36,15.53,15.21,15.38,48600,
MYGN,33.779999,34.470001,33.450001,34.259998,1110400,
MYL,30.51,31.120001,30.299999,30.77,4127600,
MYRG,19.93,20.23,19.77,19.83,282800,
MZZ,18.559999,18.76,18.32,18.58,5600,
N,86.779999,87.5,86.199997,86.400002,287400,
NAFC,23.8,24.4,23.8,24.26,21300,
NAK,2.52,2.54,2.38,2.42,99700,
NANO,15.19,15.27,14.99,15.21,77900,
NAT,8.389999,8.389999,8.210004,8.239998,539100,
NATI,27.83,28.16,27.5,27.85,239800,
NATR,15.7,16.35,15.59,16.23,30900,
NAV,32.740002,33.799999,31,31.200001,3825200,
NAVB,2.45,2.47,2.36,2.37,564508,
NBG,5.24,5.27,5.04,5.13,3509200,
NBIX,12.86,13.24,12.7,12.87,452100,
NBL,57.709999,58.299999,57.169998,57.759998,1528900,
NBR,16.299999,16.57,16.1,16.110001,2745100,
NBTB,20.299999,20.559999,20.129999,20.209999,61300,
NCI,13.63,13.67,13.27,13.32,138500,
NCLH,31.07,31.84,30.49,31.65,229300,
NCMI,17.01,17.030001,16.709999,16.860001,206300,
NCQ,1.78,1.8,1.74,1.76,60400,
NCR,33.130001,33.720001,32.900002,33.349998,1091400,
NCS,15.42,15.74,15.42,15.58,317400,
NCT,5.130194,5.310198,5.100183,5.150196,7521200,
NCTY,4.5,4.5,4.18,4.28,121600,
NDAQ,32.470001,32.540001,31.969999,32.119999,1189900,
NDO,77.809998,78.959999,77.610001,78.75,0,
NDRO,15.87,16.27,15.56,16.110001,61200,
NDSN,69.480003,70.690002,68.739998,69.830002,260400,
NDX,2959.439941,2987.850098,2952.070068,2959.840088,1560370000,
NDZ,7.62,7.68,7.57,7.67,195800,
NE,38.450004,38.729995,38,38.060001,2226700,
NEE,78.099998,79.120003,77.870003,78.870003,2856500,
NEM,33.330002,33.73,32.759998,32.810001,6223000,
NEO,3.8,4.1,3.8,4.05,219400,
NEOG,54.890001,55.830002,54.250002,55.26,36700,
NEON,5.5,5.53,5.4,5.4,121600,
NEPT,2.96,3.09,2.86,3.03,261400,
NES,3.5,3.55,3.43,3.44,207700,
NEU,276.339996,279.850006,275.700012,277.529999,18000,
NEWP,13.45,13.57,13.14,13.37,39300,
NFBK,11.67,11.72,11.58,11.63,87300,
NFG,60.32,61.18,60.09,60.490002,250900,
NFLX,217.850006,220.269995,213.799994,214.459995,14213500,
NFP,25.22,25.31,25.21,25.28,444600,
NFX,23.32,23.34,22.719999,22.780001,1318500,
NG,2.46,2.48,2.4,2.41,1284700,
NGD,6.74,6.84,6.62,6.65,5736000,
NGG,57.529999,58.049999,57.5,57.790001,673900,
NGL,28.290001,28.9,27.719999,28.200001,114700,
NGLS,48.119999,48.360001,47.279999,47.290001,362800,
NGPC,6.56,6.65,6.51,6.54,38800,
NGS,23.18,23.309999,22.879999,23.139999,31500,
NGVC,28.83,28.940001,27.33,27.4,72600,
NHI,61.75,61.990002,60.650002,61.470001,132500,
NI,28.24,28.480001,28.130001,28.170002,3532700,
NIB,31.67,31.77,31.639999,31.719999,7800,
NICE,37.290001,37.419998,36.82,37.18,144200,
NIHD,91.7,91.7,89,89.25,9400,
NILE,36.599998,37.110001,35.889999,36.220001,76000,
NKA,14.27,14.4,14.05,14.16,47300,
NKE,62.299999,62.939999,61.970001,62.150002,5540400,
NKTR,9.75,9.93,9.52,9.85,972000,
NKY,16.200001,16.379999,16.139999,16.200001,1031300,
NLNK,19.43,20.76,19.15,20.33,358200,
NLS,7.86,8.34,7.62,8.18,534700,
NLSN,33.720001,34.02,33.599998,33.93,1249600,
NLST,1.1,1.1,1,1.04,489500,
NLY,13.46,13.48,13.26,13.28,14969700,
NM,5.21,5.45,5.18,5.35,454500,
NMFC,15.24,15.45,15.1,15.19,229000,
NMM,14.06,14.14,13.8,13.89,243700,
NMR,7.67,7.8,7.61,7.66,2161900,
NMRX,10.91,11.06,10.82,10.97,12800,
NNBR,9.35,9.75,9.33,9.51,93500,
NNI,37.970001,38.299999,37.349998,38.099998,98700,
NNN,35.459999,35.790001,35.27,35.540001,1297600,
NOA,4.51,5.32,4.34,4.97,740800,
NOAH,12.5,12.58,12.24,12.5,48000,
NOC,83.080002,83.730003,82.849998,82.970001,1340000,
NOG,13.77,13.94,13.55,13.77,441500,
NOK,3.51,3.53,3.46,3.47,11799500,
NOR,3.999996,4.069996,3.959996,4.019996,50200,
NOV,69.359998,69.660004,69.009996,69.169989,2655100,
NOW,39.439999,40.240002,38.900002,39.950001,2812200,
NP,31.440001,31.77,31.379999,31.58,38300,
NPD,1.66,1.69,1.65,1.65,4900,
NPO,51.09,51.5,50.869999,50.880001,101000,
NPSP,15.68,15.91,15.36,15.68,977400,
NPTN,8.1,8.34,7.83,8.09,82800,
NQ,8.2,8.22,8,8.03,280600,
NR,11.04,11.35,10.83,11.21,615700,
NRF,8.649998,8.66,8.380004,8.449995,2088800,
NRG,27.209999,27.549999,27.09,27.120001,4087700,
NRGM,22.73,22.73,21.88,21.9,40000,
NRGY,22.96,23.31,22.82,23.22,381400,
NRP,22.260001,22.480001,22,22.260001,12600,
NRT,24.950001,25.23,24.68,24.959999,8200,
NRZ,6.34,6.45,6.16,6.42,2270400,
NS,46.400002,46.400002,44.799999,45.099998,412900,
NSC,77.339996,77.879997,76.459999,76.510002,1996600,
NSH,26.1,26.120001,25.280001,25.42,475000,
NSIT,19.24,19.59,19.139999,19.219999,85700,
NSM,41.220001,42.43,41.009998,41.790001,703200,
NSP,30.91,31.23,30.549999,30.98,78700,
NSPH,4,4.22,3.8,3.89,141300,
NSR,47.82,48.900002,47.650002,48.150002,254500,
NSU,3.52,3.55,3.46,3.51,725000,
NTAP,37.68,38.57,37.66,38.169998,6162100,
NTCT,24.549999,24.85,24.370001,24.629999,127000,
NTE,6.9,7.06,6.9,6.95,345600,
NTES,62.970001,63.619999,62.630001,62.75,381300,
NTGR,32.869999,33.25,32.48,32.790001,239900,
NTI,26.280001,26.32,25.18,25.23,1189400,
NTLS,16.42,16.5,16.190001,16.25,278500,
NTRI,9,9.12,8.87,9.07,203700,
NTRS,57.959999,58.529999,57.400002,57.490002,1036800,
NTSP,15.98,15.995,15.97,15.98,217400,
NTT,25.83,25.9,25.700001,25.799999,731100,
NTWK,10.37,10.6,10.21,10.32,88814,
NU,41.69,42.04,41.5,41.52,1461700,
NUAN,18.549999,19.1,18.51,18.9,5255000,
NUE,43.689999,44.049999,43.459999,43.630001,1987600,
NUS,59.07,59.700001,58.490002,59.029999,667200,
NUVA,21.83,22.33,21.549999,22.09,320300,
NVAX,1.93,1.94,1.85,1.88,905800,
NVDA,14.25,14.45,14.17,14.17,7408400,
NVDQ,14.91,14.98,14.37,14.76,316100,
NVE,23.49,23.54,23.48,23.51,4967900,
NVMI,9.51,9.71,9.51,9.6,148100,
NVO,165.839996,166.779995,165.440006,166.060009,1238000,
NVS,72.110001,72.779999,71.980003,72,1774900,
NVTL,3.83,3.99,3.83,3.95,186400,
NWBI,12.49,12.61,12.39,12.41,417400,
NWBO,3.62,3.62,3.51,3.55,66100,
NWE,41.16,41.369999,40.84,40.849998,152600,
NWL,26.889999,27.1,26.67,26.790001,1741900,
NWN,43.099998,43.130001,42.77,42.889999,112600,
NWPX,27.43,27.83,27,27.190001,7900,
NWS,31.68,32.13,31.22,31.78,7986300,
NWSA,31.45,32.02,31.07,31.67,19461100,
NWY,5.66,5.66,5.52,5.54,98500,
NX,17.370001,17.57,17.1,17.23,566500,
NXPI,30.059999,30.440001,29.719999,29.73,1367800,
NXST,27.860001,28.549999,27.07,27.9,372300,
NXTM,13.75,13.79,13.49,13.53,115600,
NYCB,13.3,13.36,13.22,13.25,2064500,
NYMT,6.96,6.96,6.82,6.91,872300,
NYMX,5.11,5.2,5.07,5.14,31200,
NYT,10.11,10.36,10.05,10.26,1069900,
NYX,40.76,40.78,40.23,40.36,1124200,
O,44.07,44.470001,43.189999,43.689999,2151000,
OAK,52.84,53.400002,51.779999,52.07,346000,
OAS,39.810001,40.939999,39.580002,40.470001,2195500,
OB,15.06,15.31,15,15.17,97100,
OC,41.639999,42.040001,41.259998,41.52,1163400,
OCLR,1.09,1.12,1.04,1.08,786700,
OCN,43.07,46.790001,43.07,45.360001,4466700,
OCR,46.849998,47.349998,46.599998,46.939999,589700,
OCZ,1.37,1.42,1.36,1.38,402000,
ODFL,43.09,43.48,42.779999,43.02,341800,
ODP,4.26,4.35,4.14,4.28,5893100,
OEF,73.709999,74.360001,73.589996,73.739998,488400,
OEH,11.57,11.63,11.33,11.48,423100,
OEX,0.371,0.371,0.371,0.371,0,
OFC,25.780001,25.85,25.440001,25.6,266100,
OFG,17.469999,17.549999,17.25,17.27,186600,
OFIX,28.290001,28.43,27.950001,28.01,365800,
OGE,67.18,67.830002,66.830002,67.279999,459800,
OGXI,10.22,10.29,10.04,10.1,30100,
OHI,31.98,32.380001,31.459999,31.9,770600,
OI,27.059999,27.4,26.870001,26.950001,1045900,
OIBR,2.07,2.12,1.99,2.08,543000,
OIH,42.77,43.23,42.709999,42.720001,3430800,
OII,71.720001,72.589996,70.739998,71.559998,233700,
OIL,21.92,22.18,21.9,22.110001,191300,
OILT,48.5,48.64,48.24,48.32,19000,
OIS,90.019998,91.569993,90.010011,90.929998,1249700,
OKE,42.8,44.05,42.750002,43.829999,1754400,
OKS,50.48,50.900002,50.220001,50.32,612900,
OKSB,13.84,14.11,13.75,13.95,24200,
OLN,24.360001,24.59,24.129999,24.27,439700,
OMC,62.310001,63.119999,62.16,62.200001,1536700,
OMCL,19.030001,19.34,19,19.209999,125000,
OME,9.83,10.06,9.73,9.84,150400,
OMER,5.21,5.25,5.1,5.17,125000,
OMEX,3.429999,3.499999,3.349999,3.459999,28400,
OMG,30.58,31,30.34,30.59,121700,
OMI,33.98,34.380001,33.860001,34.209999,275700,
OMN,7.83,7.83,7.47,7.58,38200,
OMX,11.14,11.36,10.8,11.17,1322600,
ONB,13.34,13.55,13.27,13.33,296200,
ONCY,2.44,2.47,2.44,2.46,61700,
ONE,10.28,10.71,10.17,10.64,355400,
ONNN,8.21,8.21,7.94,7.99,7063200,
ONP,1.68,1.7,1.61,1.64,11400,
ONTY,1.85,1.98,1.84,1.91,654000,
ONXX,89.77,90.36,87.699,89.3,715400,
OPEN,66.67,66.99,65.85,66.12,415900,
OPK,6.5,6.61,6.43,6.58,1080900,
OPLK,18.33,18.46,18.2,18.23,17700,
OPTR,14.88,15.04,14.584,14.71,526900,
ORA,23.360001,23.969999,23.27,23.889999,74700,
ORB,17.98,18.15,17.75,17.9,233600,
ORBC,4.18,4.25,4.17,4.2,158800,
ORBK,11.99,12.43,11.97,12.16,100100,
ORCL,33.66,34.150002,33.490002,33.57,15274500,
OREX,6.26,6.43,6.15,6.27,68000,
ORI,12.89,13.11,12.89,12.97,1160300,
ORIG,17,17.18,16.860001,17.110001,232300,
ORIT,15.34,15.42,15.15,15.29,45600,
ORLY,110.07,111.230003,110.050003,110.540001,300900,
ORN,12.01,12.26,11.95,12.1,73500,
OSGIQ,3.2,3.3,3.16,3.2,35600,
OSIR,10.61,10.9,10.56,10.65,20100,
OSIS,54.52,56.299999,54,55.650002,247500,
OSK,38.080002,38.5,37.700001,37.700001,315800,
OSTK,26.74,27.17,26.209999,26.9,193000,
OSUR,4.32,4.6,4.23,4.23,312400,
OSX,256.64,256.64,252.38,252.55,0,
OTEX,72.949997,73.150002,72.169998,72.190002,571200,
OTTR,27.9,28.35,27.9,28.01,66900,
OVTI,19,19.27,18.620001,18.67,1133500,
OVX,23.26,23.45,21.57,21.81,0,
OWW,7.63,7.98,7.53,7.8,875000,
OXF,2.66,2.7,2.56,2.66,38900,
OXM,63.400002,64.449997,62.43,64.449997,276300,
OXY,91.390008,92.540006,90.610003,91.250004,5049300,
OZM,10.82,11,10.6,10.7,637300,
OZRK,43.77,44.73,43.529999,44.580002,307800,
P,15.27,16.02,14.91,15.35,10115100,
PAA,55.950001,55.950001,54.700001,54.810001,1448100,
PAAS,12.07,12.23,11.93,11.97,1603600,
PAC,50.540001,51.189999,49.549999,49.849998,50600,
PACB,2.77,2.77,2.61,2.73,492900,
PACD,9.63,9.82,9.57,9.59,30600,
PACR,6.53,6.58,6.31,6.54,108200,
PACT,6.91,6.94,6.8,6.82,203498,
PACW,28.129999,28.52,27.83,28.27,229400,
PAG,32.630001,32.93,32.18,32.290001,287300,
PAL,1.12,1.13,1.1,1.11,814336,
PANL,27.93,28.36,27.56,27.87,416000,
PANW,45.610001,47.25,45.529999,46.779999,1155900,
PATH,2.74,2.85,2.73,2.81,82100,
PAY,16.98,17.1,16.65,16.790001,3288000,
PAYX,36.889999,37.189999,36.720001,36.740002,1392400,
PB,50.09,50.369999,49.66,49.77,193100,
PBA,31.73,32.02,31.58,31.860001,153100,
PBCT,13.9,13.93,13.81,13.86,2231000,
PBF,26.68,26.85,26.450001,26.5,1577400,
PBH,30.02,30.370001,29.860001,30.07,227100,
PBI,14.67,14.97,14.48,14.77,3424100,
PBJ,24.639999,24.74,24.35,24.59,49600,
PBNY,9.35,9.36,9.25,9.28,62600,
PBR,16.120001,16.41,15.89,16.190001,15776300,
PBR.A,17.17,17.57,16.95,17.39,5159200,
PBT,13.31,13.38,13.1,13.19,88900,
PBTH,6.06,6.09,6,6.06,205300,
PBW,5.45,5.45,5.33,5.34,240300,
PBY,12.28,12.51,12.14,12.35,397300,
PCAR,53.34,54.009998,53.110001,53.34,874400,
PCCC,16.27,16.370001,16,16.1,16900,
PCEF,24.98,24.98,24.73,24.76,354300,
PCG,44.630001,45.080002,44.419998,44.580002,2048700,
PCH,43.360001,43.540001,42.700001,43.220001,272500,
PCL,47.389999,47.810001,47.02,47.52,863100,
PCLN,815.320007,821.669983,809.330017,813.419983,551200,
PCOM,19.610001,19.82,19.459999,19.77,43500,
PCP,217.619995,220.380005,217.210007,219.320007,706700,
PCRFY,7.61,7.61,7.45,7.48,41400,
PCRX,29.57,30,29.1,29.870001,197000,
PCTI,7.76,7.81,7.7,7.77,60900,
PCXCQ,0.185,0.1945,0.185,0.189,424700,
PCY,27.84,27.84,27.450001,27.639999,3347300,
PCYC,86.76,90.28,86,88.89,342200,
PDCE,51.169998,51.549999,50.110001,50.84,261100,
PDCO,39.040001,39.290001,38.52,39.07,635000,
PDFS,18.35,18.629999,18.35,18.57,65400,
PDH,12.24,12.44,12.2,12.21,141100,
PDLI,7.85,7.93,7.72,7.9,2810400,
PDM,18.16,18.280001,17.91,17.93,829500,
PDP,31.690001,31.84,31.440001,31.559999,132300,
PDS,9.28,9.35,9.06,9.07,1374500,
PEB,25.68,25.92,25.41,25.49,125800,
PEG,32.259998,32.619999,32.220001,32.400002,1810300,
PEGA,31.58,32.080002,31.459999,31.76,127800,
PEI,19.200001,19.370001,18.889999,19.059999,420400,
PEIX,4.07,4.07,3.91,3.96,154400,
PENN,54.439997,54.979999,53.989998,54.809997,2491400,
PEP,82.379997,82.809998,81.82,82.529999,6505000,
PER,14.86,14.97,14.65,14.8,249600,
PERI,13.11,13.3,12.61,12.85,335900,
PERY,21.74,22.030001,21.74,21.93,52000,
PES,6.93,6.98,6.75,6.75,359900,
PETM,68.01,68.26,67.58,68.19,672800,
PETS,13.26,13.3,13.07,13.08,191000,
PF,24.870001,25.09,24.66,25.059999,382300,
PFE,28.040001,28.639999,27.950001,28.42,83130100,
PFF,39.509998,39.52,39.09,39.130001,6514500,
PFG,38.389999,38.66,37.77,38.009998,1646200,
PFMT,11.17,11.31,11.05,11.3,120500,
PFPT,22.52,23.129999,22.1,22.15,302800,
PFS,15.22,15.28,15.04,15.16,64900,
PFSI,20.25,20.5,20.1,20.4,79000,
PFSW,4.14,4.26,3.99,4.23,15200,
PG,77.68,78.75,77.449997,78.120003,6781200,
PGF,18.059999,18.059999,17.85,17.870001,1247100,
PGH,5.18,5.18,5.08,5.11,1431700,
PGI,11.87,12.17,11.69,11.92,72000,
PGJ,21.379999,21.51,21.35,21.379999,27500,
PGNX,3.85,4.86,3.81,4.82,2035000,
PGR,24.57,24.92,24.49,24.65,3478200,
PGTI,8.22,8.37,8.02,8.12,346400,
PGX,14.45,14.47,14.28,14.28,2299900,
PH,97.339996,98.629997,97.110001,98.18,1146500,
PHB,19,19.110001,18.950001,18.950001,601500,
PHG,27.98,28.34,27.959999,28.16,966200,
PHH,21.190001,21.35,20.530001,20.65,2079800,
PHM,20.299999,20.700001,20,20.110001,5795200,
PHMD,16.69,16.87,16.34,16.77,19900,
PHO,22.42,22.639999,22.32,22.49,111200,
PICO,21.93,22.16,21.719999,21.799999,44800,
PID,16.92,16.940001,16.83,16.860001,128800,
PIE,18.620001,18.67,18.389999,18.530001,1885500,
PII,94.669998,95.720001,94.150002,94.620003,403600,
PIKE,12.4,12.58,12.252,12.51,270300,
PIN,16.73,16.75,16.610001,16.66,922000,
PIP,1.66,1.68,1.63,1.64,102100,
PIR,23.790001,23.959999,23.32,23.690001,1598700,
PJC,34.509998,34.509998,33.209999,33.310001,198500,
PKD,4.3,4.35,4.23,4.32,425700,
PKE,23.809999,24.18,23.77,23.969999,17300,
PKG,48.52,49.48,48.299999,48.919998,777000,
PKI,32.48,32.580002,32.080002,32.279999,962800,
PKT,14.34,14.45,14.22,14.26,147800,
PKX,69.190002,69.580002,68.980003,69.370003,150100,
PKY,17.15,17.280001,16.9,17.08,356500,
PL,38.95,39.25,38.31,38.34,294300,
PLAB,7.57,7.59,7.35,7.45,399200,
PLCE,54.439999,54.77,53.93,54.259998,142300,
PLCM,11.19,11.36,11.04,11.08,1081100,
PLD,37.900002,38.02,37.43,37.459999,5208800,
PLL,66.589996,67.889999,65.129997,67.360001,380300,
PLOW,13.59,13.9,13.56,13.67,36200,
PLT,46.130001,46.93,46.040001,46.25,70800,
PLTM,11.77,11.78,11.69,11.73,4800,
PLUG,0.48,0.53,0.44,0.51,9678300,
PLX,5.13,5.22,5.1,5.18,86100,
PLXS,29.370001,29.74,29.059999,29.290001,60900,
PLXT,4.63,4.7,4.61,4.62,188000,
PM,91.089996,92.330002,90.849998,91.230003,3648100,
PMC,15.36,15.67,15.21,15.63,164000,
PMCS,6.02,6.08,5.91,5.93,716700,
PMFG,6.2,6.26,6.15,6.16,51600,
PMT,21.01,21.1,20.690001,20.82,1228800,
PMTC,24.56,24.88,24.45,24.49,472400,
PMTI,13.32,13.46,13.3,13.45,132400,
PNC,72.260002,72.580002,71.599998,71.75,2563300,
PNFP,25.280001,25.360001,25.030001,25.190001,126100,
PNG,20.99,20.99,20.78,20.96,42200,
PNK,18.780001,18.969999,18.51,18.77,273600,
PNM,22.219999,22.52,22.030001,22.24,306600,
PNNT,11.29,11.42,11.18,11.27,488300,
PNR,58.73,59.220001,58.360001,58.650002,778700,
PNRA,189.949997,192.800003,189.25,190.570007,268200,
PNW,56.84,57.139999,56.330002,56.66,961000,
PNY,34.060001,34.400002,33.77,33.970001,190400,
PODD,30.16,30.82,29.969999,30.700001,255300,
POL,25.469999,25.75,25.200001,25.370001,371500,
POM,20.32,20.450001,20.18,20.190001,2603300,
POOL,52.970001,53.330002,52.560001,52.91,153500,
POR,30.9,30.959999,29.700001,29.780001,1523300,
POST,44.439999,44.610001,44.259998,44.389999,76600,
POT,41.07,41.279999,40.66,40.799999,3695100,
POWI,41.48,41.599998,40.189999,40.290001,144900,
POWR,15.65,15.65,15.02,15.18,244900,
POZN,5.45,5.46,5.35,5.41,72000,
PPC,13.56,13.98,13.42,13.81,1114100,
PPG,151.789993,153.830002,151.009995,151.899994,881200,
PPH,46.73,46.98,46.610001,46.740002,53000,
PPHM,1.62,1.69,1.62,1.66,1237900,
PPL,29.01,29.360001,28.85,28.98,7847300,
PPO,40.919998,44.509998,40.68,43.650002,1274500,
PPP,5.19,5.23,5.05,5.06,165500,
PPS,46.990002,47.490002,46.66,46.919998,417400,
PQ,4.68,4.81,4.6,4.78,62600,
PRA,50.970001,51.23,50.650002,50.810001,82100,
PRAA,151.379997,153.590012,150.290005,151.899994,136500,
PRCP,7.4,7.45,7.37,7.41,6800,
PRE,90.099998,90.470001,89.410004,89.75,382000,
PRFT,13.29,13.4,13.01,13.34,126100,
PRGO,116.389999,117.849998,115.879997,117.150002,408600,
PRGS,23.01,23.24,22.809999,23,168200,
PRI,35.860001,36.200001,35.580002,35.849998,122300,
PRIM,20.6,20.959999,20.02,20.1,175600,
PRKR,4.07,4.16,3.93,4.1,56400,
PRLB,55.18,55.639999,53.380001,54.82,275700,
PRMW,1.77,1.77,1.69,1.71,54100,
PRSC,28,28.32,27.530001,28.23,109700,
PRSS,6.63,6.68,6.41,6.42,39100,
PRU,71.43,71.919998,70.540001,70.93,2734100,
PRXL,46.869999,47.82,46.279999,47.139999,420800,
PSA,149.729996,150.759995,148.330002,148.990005,573700,
PSB,73.629997,73.660004,72.660004,72.690002,26100,
PSDV,3.53,3.62,3.31,3.58,133200,
PSE,24.52,24.52,24.52,24.52,0,
PSEC,10.26,10.33,10.13,10.14,2309300,
PSEM,7.01,7.3,7.01,7.18,241400,
PSMI,11.05,11.19,10.94,11.05,75000,
PSMT,88.160004,89.139999,86.910004,88.260002,66300,
PSO,18.35,18.57,18.299999,18.549999,598400,
PSQ,22.58,22.65,22.389999,22.58,102600,
PST,28.58,28.620001,28.26,28.27,188900,
PSTB,5.87,5.92,5.87,5.9,12000,
PSTI,2.92,2.94,2.9,2.9,125500,
PSUN,3.48,3.52,3.4,3.48,550500,
PSX,64.050003,64.730003,63.700001,63.959999,3202200,
PT,4.17,4.22,4.15,4.17,306100,
PTEN,20.530001,20.57,20.18,20.290001,2820000,
PTIE,2.55,2.58,2.49,2.5,232400,
PTM,16.76,16.780001,16.709999,16.709999,4300,
PTP,57.89,58.06,57.21,57.81,89900,
PTR,111.029999,111.82,110.559998,111.150002,105000,
PTRY,13.37,13.86,13.33,13.8,120800,
PUK,32.810001,33.200001,32.720001,32.860001,215100,
PVA,4.78,4.83,4.67,4.73,852900,
PVG,8.01,8.49,7.75,7.8,499200,
PVH,107.739998,112.199997,107.089996,111.199997,843300,
PVR,26.84,27.0365,26.651,26.93,411700,
PVTB,19.49,19.700001,19.1,19.469999,227200,
PWE,10.22,10.8,10.17,10.72,4999700,
PWER,6.31,6.32,6.3,6.31,568700,
PWR,26.940001,27.15,26.75,26.76,1405800,
PWRD,16.77,17.25,16.49,16.66,592000,
PX,113.730003,115.349998,113.309998,114.07,1073500,
PXD,142.529999,144.509995,142.350006,143.130005,1517300,
PZA,24.790001,24.860001,24.75,24.76,2041200,
PZE,4.15,4.21,4.13,4.17,48700,
PZG,1.47,1.47,1.4,1.4,421200,
PZO,130.800003,130.809998,127.860001,128.330002,0,
PZZA,66.260002,66.75,65.190002,66.230003,309800,
Q,43.209999,44.900002,43.029999,43.950001,329900,
QCOM,61.470001,62.049999,61.150002,61.66,11794100,
QCOR,50,50.2,41.79,42.114,16397500,
QDEL,25.75,26.049999,25.549999,25.99,139900,
QEP,29.49,29.66,29.23,29.459999,1551600,
QGEN,18.500001,18.6,18.460001,18.510001,427300,
QID,23.030001,23.17,22.629999,23.02,1255600,
QIHU,44.349998,45.849998,43.790001,44.52,1670300,
QLD,67.75,68.980003,67.279999,67.75,5556600,
QLGC,9.81,9.93,9.72,9.79,845900,
QLIK,29.27,29.639999,28.84,29.27,698400,
QLTI,8.12,8.12,7.98,8.1,31600,
QLTY,10.12,10.18,9.9,10.12,97400,
QLYS,14.81,15.06,14.72,14.86,87400,
QNST,7.36,7.54,7.22,7.44,224500,
QQEW,30.34,30.559999,30.290001,30.290001,17700,
QQQ,72.690002,73.339996,72.440002,72.690002,40278900,
QRE,16.81,16.89,16.6,16.8,198500,
QSII,17.91,18.41,17.73,17.98,286400,
QTM,1.47,1.51,1.46,1.49,1585200,
QTWW,0.6,0.6,0.58,0.58,62000,
QUAD,24.1,24.58,23.85,24.26,80200,
QUIK,2.3,2.31,2.25,2.25,101000,
R,61.779999,62.380001,61.169998,61.529999,333400,
RAD,3.05,3.07,3,3,26980200,
RAI,47.849998,48.32,47.5,47.529999,3259200,
RAIL,17.66,17.700001,17.290001,17.34,83500,
RAS,7.65,7.8,7.53,7.71,505600,
RATE,14,14.45,14,14.05,293100,
RAVN,29.969999,29.969999,29.34,29.76,100200,
RAX,35.279999,36.279999,34.689999,35.990002,2232800,
RBA,20.629999,20.799999,20.43,20.639999,384300,
RBC,67.5,67.970001,67.019997,67.709999,422400,
RBCAA,23.440001,23.540001,23.09,23.190001,12200,
RBCN,8.91,8.99,8.5,8.52,293200,
RBS,10.22,10.31,10.17,10.23,1253900,
RBY,1.78,1.82,1.71,1.76,516800,
RCI,44.68,44.919998,44.259998,44.290001,335000,
RCII,37.970001,38.5,37.57,38.330002,492600,
RCL,33.599998,33.84,33.16,33.509998,1683200,
RDA,10.57,10.8,10.5,10.55,72000,
RDC,33.139999,33.400002,32.889999,32.959999,689200,
RDEN,46.580002,47.57,46.119999,47.23,71600,
RDI,6.15,6.15,6.01,6.07,24700,
RDN,12.9,13.15,12.74,12.98,5599700,
RDNT,2.62,2.67,2.6195,2.63,29809,
RDS.A,65.8,66.39,65.73,65.99,2175600,
RDS.B,68.43,68.95,68.28,68.48,1221200,
RDWR,14.87,15.08,14.77,14.93,105600,
RDY,37.549999,37.849998,37.48,37.700001,174300,
RE,126.470001,128.169998,125.860001,127.279999,364700,
RECN,11.32,11.42,11.21,11.36,98600,
REDF,2.73,2.86,2.73,2.79,15900,
REE,1.9,1.97,1.88,1.92,95600,
REED,4.6,4.66,4.56,4.62,12700,
REFR,4,4,3.95,3.99,25700,
REG,51.16,51.400002,50.549999,50.549999,367900,
REGI,13.16,13.32,12.97,13.07,201800,
REGN,249.419998,254.399994,245.009995,248.880005,544600,
RELL,11.9,12.05,11.83,11.96,62600,
REM,13.5,13.5,13.36,13.4,2415800,
REMX,10.54,10.54,10.31,10.33,26000,
REN,8.23,8.32,7.98,8.04,87900,
RENN,3.38,3.44,3.3,3.36,2988200,
RENT,23.17,23.6,22.690001,23.51,21600,
RES,13.27,13.27,13,13.09,534400,
REV,19.620001,20,19.620001,19.85,41900,
REW,30.6,30.799999,30.24,30.5,600,
REXI,8.9,8.9,8.78,8.81,3700,
REXX,16.83,17.16,16.700001,16.809999,481400,
RF,9.24,9.37,9.19,9.22,18512700,
RFMD,5.2,5.22,5.07,5.11,6081500,
RFP,14.36,14.61,14.25,14.37,223600,
RGA,66.080002,66.980003,65.639999,66.379997,404100,
RGC,18.08,18.08,17.76,17.82,744600,
RGEN,8.11,8.29,7.98,8.04,195800,
RGLD,52.849998,54.48,52.759998,53.16,519700,
RGP,26.02,26.27,25.860001,26.040001,405800,
RGR,47.360001,47.59,46.650002,46.889999,283500,
RGS,18.190001,18.26,17.690001,17.719999,250700,
RHI,33.400002,33.650002,33.07,33.41,865300,
RHP,34.130001,34.369999,33.700001,34,1655300,
RHT,45.860001,46.849998,45.549999,46.240002,2244200,
RIC,1.84,1.88,1.74,1.74,90900,
RICK,8.52,8.62,8.46,8.6,19400,
RIG,49.779999,49.98,49.450001,49.509998,2771400,
RIGL,3.74,3.78,3.62,3.67,636400,
RIMG,8.14,8.14,7.93,8.03,6500,
RIO,41.549999,42.189999,41.5,41.970001,3101200,
RIOM,2.41,2.44,2.33,2.39,171000,
RJA,8.64,8.7,8.64,8.67,162000,
RJET,10.12,10.43,9.89,10.36,313100,
RJF,42.130001,42.75,41.830002,42.040001,653700,
RJI,8.18,8.22,8.17,8.2,690500,
RJN,6.44,6.49,6.44,6.48,31000,
RKT,101.050003,102.769997,100.349998,102.080002,917000,
RKUS,11.8,11.93,11.71,11.85,628700,
RL,173.550003,175.300003,172.669998,173.779999,439300,
RLD,15.2,15.71,15.07,15.58,322200,
RLGY,48.41,48.599998,47.720001,48.029999,855600,
RLH,6.04,6.12,5.93,5.96,59900,
RLI,75.5,76.089996,74.989998,75.160004,58800,
RLJ,22.950001,23.059999,22.65,23.02,475000,
RLOC,14.73,14.92,14.38,14.43,71700,
RMBS,8.1,8.22,7.99,8.03,673800,
RMD,45.07,46.869999,44.950001,46.799999,1221800,
RMTI,4.1,4.11,3.93,4.01,685400,
RNDY,7.42,7.54,7.22,7.48,258000,
RNF,30.42,30.469999,29.82,30,239500,
RNO,13.99,14.01,13.9,13.95,17700,
RNR,87.18,89.599998,85.330002,85.57,526000,
RNST,24.07,24.26,23.799999,23.85,27300,
ROC,64.35,65.21,64.1,64.66,493238,
ROCK,15.73,15.96,15.63,15.84,54600,
ROCM,14.5,14.84,14.25,14.8,35000,
ROG,47.68,48.790001,47.68,48.41,48400,
ROIC,14.38,14.46,14.08,14.1,245700,
ROK,85.519997,85.959999,85.110001,85.309998,639900,
ROL,24.580004,24.949994,24.580004,24.859995,156500,
ROLL,50.700001,51.400002,50.380001,50.810001,79900,
ROM,81.089996,82.629997,80.620003,80.980003,26800,
ROP,122.629997,122.809998,121.190002,121.300003,669500,
ROSE,45.709999,46.830002,45.130001,45.41,503500,
ROSG,3.87,4.01,3.75,3.8,597300,
ROST,64.010002,64.489998,63.490002,63.84,1596000,
ROVI,25.190001,25.57,24.82,24.969999,789400,
ROYL,2.57,2.59,2.51,2.52,178200,
ROYT,18.51,18.66,18.190001,18.200001,142800,
RP,17,17.24,16.879999,17.059999,143400,
RPAI,15.31,15.77,15.22,15.69,1163500,
RPM,32.130001,32.52,31.85,32.150002,177100,
RPRX,17.870001,18.5,17.65,18.370001,187400,
RPTP,7.6,7.91,7.52,7.65,383200,
RPXC,15.64,15.85,15.23,15.7,525200,
RRC,75.540001,75.68,74,74.709999,1417300,
RRD,12.61,12.79,12.54,12.65,695600,
RRGB,56.5,57.700001,56.130001,57.150002,133400,
RRMS,35.950001,36.139999,35.400002,35.639999,8700,
RRTS,27.5,27.83,25.610001,27.370001,462600,
RS,64.279999,64.959999,63.919998,64.629997,417700,
RSE,20.15,20.26,19.809999,19.91,131000,
RSG,33.369999,33.869999,33.369999,33.720001,987400,
RSH,31.575,31.575,31.575,31.575,0,
RSO,6.26,6.3,6.17,6.21,199000,
RSOL,3.1,3.23,2.9,2.92,4001500,
RSP,62.240002,62.549999,61.810001,61.959999,453100,
RST,15.87,15.98,15.72,15.95,248300,
RSTI,26.719999,27.51,26.59,27.16,77800,
RSX,24.629999,24.780001,24.51,24.629999,5367900,
RSYS,5.1,5.2,5,5.09,22200,
RT,9.49,9.59,9.4,9.47,314300,
RTEC,12.42,12.53,12.15,12.26,119900,
RTH,52.470001,52.619999,52.080002,52.220001,75200,
RTI,28.190001,28.450001,27.91,28.450001,168300,
RTIX,4.45,4.46,4.38,4.4,105100,
RTK,2.23,2.26,2.17,2.2,173800,
RTN,66.480003,67.18,66.220001,66.540001,1470800,
RUE,41.84,41.95,41.815,41.88,183700,
RUSHA,26.120001,26.139999,25.52,25.700001,53800,
RUSL,19.400388,19.580392,18.980379,19.290387,3700,
RUSS,23.08,23.440001,22.780001,23.16,12600,
RUT,985.210022,988.849976,976.369995,981.450012,34357100,
RUTH,11.33,11.67,11.25,11.5,307300,
RVBD,16.12,16.218,15.59,15.68,3660200,
RVLT,3.86,4.14,3.67,3.78,190300,
RVM,0.91,0.91,0.87,0.87,108500,
RWM,20.549999,20.709999,20.389999,20.530001,259700,
RWO,42.599998,42.799999,42.360001,42.389999,193300,
RWR,76.790001,76.989998,76.040001,76.050003,320300,
RWT,18.59,19.040001,18.459999,18.93,1614000,
RWX,40.18,40.439999,39.91,40.139999,1160100,
RXN,19.18,19.190001,18.82,18.85,90100,
RY,58.41,59.169998,58.130001,58.27,575400,
RYAAY,49.5,50.060001,49.200003,50.02,117000,
RYL,40.5,41.529999,40.049999,40.529999,1239700,
RYN,53.959998,54.289997,53.520005,53.920003,904000,
S,7.34,7.41,7.31,7.35,234233900,
SA,11.88,12.43,11.81,11.87,175800,
SAA,72.529999,73.529999,72.349998,73.089996,4800,
SAAS,7.7,7.75,7.6,7.63,361000,
SABA,8.75,8.95,8.7,8.87,66100,
SAFM,70.779999,72.150002,70.309998,71.129997,206000,
SAFT,51.73,51.950001,50.939999,51.279999,29200,
SAH,22.780001,22.91,22.540001,22.76,148300,
SAI,0.035,0.035,0.035,0.035,0,
SAIA,46.909996,47.64,46.11,46.849995,139000,
SAM,154.130005,157.550003,152.800003,156.490005,21000,
SAN,6.97,7.07,6.95,7.01,13395700,
SAND,7.42,7.56,7.21,7.33,452200,
SANM,13.7,14.03,13.54,13.93,316400,
SAP,76.32,76.730003,75.93,76.019997,662200,
SAPE,12.76,12.92,12.67,12.8,345900,
SATS,40.259998,40.509998,39.459999,40,124700,
SAVE,32.549999,32.66,31.58,32.169998,402600,
SB,5.1,5.12,5.07,5.11,179800,
SBAC,74.269997,75.150002,74.099998,74.470001,1806400,
SBGI,24.469999,25.190001,23.950001,25.030001,1364600,
SBGL,3.82,3.93,3.79,3.82,180600,
SBH,29.719999,30.18,29.639999,30.09,1160700,
SBNY,78.040001,78.410004,77.300003,77.419998,228300,
SBS,11.64,11.97,11.55,11.85,2409000,
SBSI,22.57,22.729999,22.510005,22.549999,15600,
SBUX,65.470001,66.110001,65.309998,65.419998,7897600,
SBY,16.780001,17.09,16.52,16.82,759200,
SCCO,30.52,30.6,29.620001,29.690001,3391200,
SCG,49.259998,49.650002,49.09,49.150002,812100,
SCHA,44.299999,44.580002,43.950001,44.259998,174400,
SCHB,39.549999,39.77,39.360001,39.450001,375100,
SCHD,33.349998,33.580002,33.240002,33.330002,289400,
SCHE,23.57,23.74,23.5,23.610001,182800,
SCHF,27.870001,28.049999,27.77,27.93,232200,
SCHG,38.93,39.099998,38.720001,38.790001,121100,
SCHH,32.32,32.389999,31.969999,31.99,122000,
SCHL,29.09,29.299999,28.84,29.02,70400,
SCHM,32.259998,32.459999,32.029999,32.189999,89500,
SCHN,23.85,24.17,23.67,24.120001,161900,
SCHV,36.919998,37.139999,36.759998,36.830002,68500,
SCHW,19.969999,20.139999,19.67,19.719999,7782600,
SCHX,38.919998,39.169998,38.77,38.830002,458600,
SCI,17.77,17.92,17.59,17.76,756300,
SCIF,7.98,7.98,7.8,7.82,148300,
SCLN,4.9,5.03,4.86,4.92,102700,
SCMP,7.3,7.5,7.15,7.2,144700,
SCO,37.959999,38.02,37.130001,37.349998,1579000,
SCOK,1.54,1.63,1.5,1.54,103972,
SCOR,22.299999,22.48,22,22.299999,146400,
SCR,17.05,17.05,17.05,17.05,0,
SCS,13.75,14.1,13.48,13.87,476500,
SCSC,34.110001,34.77,33.720001,33.82,43000,
SCSS,22.52,22.969999,22.23,22.41,1028800,
SCTY,34.610001,35.970001,33.110001,34.48,4943400,
SCVL,24.51,24.66,24.09,24.1,26300,
SCZ,43.16,43.290001,42.950001,43.049999,573800,
SD,4.92,4.92,4.8,4.82,6982600,
SDIV,21.629999,21.719999,21.51,21.629999,292600,
SDLP,28.690001,29.09,28.129999,28.98,72700,
SDOW,41.959999,42.209999,40.84,41.91,467700,
SDR,13.63,13.89,13.52,13.62,217600,
SDRL,39.259998,39.740002,39.209999,39.490002,2181000,
SDS,40.029999,40.290001,39.43,40.110001,16052600,
SDT,14.49,14.59,14.11,14.16,112200,
SDY,67.459999,67.949997,67.110001,67.43,1030100,
SE,30.58,30.709999,30.27,30.32,2449100,
SEA,17.34,17.42,17.26,17.299999,20700,
SEAC,10.97,11.13,10.9,11.09,97100,
SEAS,37.220001,37.310001,36.75,37.02,195800,
SEE,23.85,24.030001,23.719999,23.85,1188700,
SEED,1.5,1.57,1.5,1.55,14800,
SEF,23.42,23.799999,23.42,23.65,28100,
SEIC,29.690001,29.84,29.379999,29.4,826900,
SEM,7.83,8.22,7.83,8.04,675700,
SEMG,52.889999,52.889999,52.049999,52.25,175400,
SEP,37.169998,37.709999,36.720001,37.189999,184900,
SF,35.52,35.689999,35.040001,35.299999,315100,
SFC,92.639999,93.080002,92.260002,92.459999,0,
SFD,32.73,32.83,32.68,32.71,5869857,
SFE,15.61,15.7,15.5,15.6,91500,
SFG,45.990002,46.529999,45.650002,45.98,115900,
SFI,22000,22000,21800,21800,7000,
SFL,16.280001,16.780001,16.15,16.6,590000,
SFLY,51.18,51.900002,50.880001,51.099998,458100,
SFUN,26.800001,27.190001,26.199999,27.04,1521000,
SFY,14.52,14.75,13.99,14.15,929900,
SGEN,33.25,34.18,33,33.57,478100,
SGG,58.060001,58.25,57.75,57.970001,5400,
SGI,14.39,14.57,14.24,14.32,192500,
SGMO,7.69,8.33,7.65,8.17,536400,
SGMS,11.54,11.8,11.4,11.67,302100,
SGOL,134.830002,136.050003,134.830002,135.820007,29000,
SGU,4.83,4.91,4.82,4.85,22600,
SGY,22.809999,23.020001,22.519999,22.71,5200,
SGYP,4.840005,4.850003,4.66,4.719998,377600,
SH,29.280001,29.360001,29.049999,29.299999,2228400,
SHEN,17.209999,17.48,16.9,16.91,123000,
SHFL,18,18.11,17.69,18.01,267500,
SHLD,46.379874,46.959876,45.929876,46.139877,718200,
SHLM,27.68,27.83,27.139999,27.24,103900,
SHO,11.52,11.6,11.23,11.42,758600,
SHOO,48.27,48.27,47.76,48.030001,336000,
SHOR,3.84,3.84,3.67,3.73,416200,
SHOS,47.509998,47.599998,43.779999,44.419998,556000,
SHPG,97.32,98.25,97.190002,97.970001,204100,
SHW,181.429993,184.029999,180.860001,181.440002,468500,
SHY,84.32,84.339996,84.300003,84.339996,683100,
SI,0.15,0.15,0.15,0.15,0,
SIAL,82.190002,82.349998,81.610001,81.910004,456800,
SID,2.77,2.82,2.72,2.77,8797400,
SIFY,1.88,1.93,1.88,1.89,27900,
SIG,67.43,67.839996,67.160004,67.389999,374800,
SIGA,3.27,3.3,3.22,3.22,63200,
SIGM,5.08,5.2,5.01,5.18,156300,
SIL,13.769986,13.869986,13.579986,13.589986,42500,
SIM,13,13.32,13,13,25600,
SIMG,5.78,5.81,5.69,5.73,754700,
SIMO,11.15,11.27,10.98,10.99,188400,
SINA,58.41,59.23,57.650002,57.68,1418600,
SIR,28.08,28.59,27.809999,28.379999,118300,
SIRI,3.34,3.39,3.32,3.34,49965000,
SIRO,69.120003,69.879997,68.860001,69.110001,390800,
SIVB,76.919998,78.110001,76.230003,76.440002,197700,
SIVR,21.299999,21.549999,21.26,21.42,173200,
SIX,75,75.120003,73.629997,74.459999,651200,
SJB,31.75,31.75,31.450001,31.68,94000,
SJI,58.18,58.470001,57.610001,57.799999,345200,
SJM,99.650002,100.690002,99.370003,100.510002,862500,
SJR,22.280001,22.709999,22.059999,22.58,313100,
SJT,15.56,15.79,15.51,15.66,66800,
SKF,22.84,23.139999,22.65,23.09,156000,
SKH,6.96,7.05,6.83,6.96,62300,
SKM,20.98,21.059999,20.780001,20.92,3020700,
SKS,14.62,14.69,14.43,14.44,1139300,
SKT,34.09,34.43,33.66,33.68,559500,
SKUL,5.74,5.8,5.59,5.79,246500,
SKX,22.64,22.64,22.13,22.139999,920100,
SKYW,13.66,13.88,13.6,13.75,183500,
SKYY,21.379999,21.620001,21.35,21.42,20400,
SLAB,42.450001,42.639999,41.82,41.939999,96200,
SLB,72.370003,72.610001,71.309998,71.440002,8572800,
SLCA,20.92,22.27,20.77,21.74,1197000,
SLF,29.360001,29.719999,29.1,29.280001,342400,
SLG,87.080002,87.620003,85.540001,86.669998,1003500,
SLGN,46.549999,47.459999,46.32,47.080002,248100,
SLH,54.810001,55.68,54.279999,54.990002,134000,
SLM,23.309998,23.519989,23.189993,23.359998,15082600,
SLRC,23.200001,23.200001,22.93,22.969999,237500,
SLT,36.75,36.75,36.75,36.75,0,
SLV,20.790001,21.049999,20.76,20.91,9870300,
SLW,23.16,23.48,22.780001,22.83,4837100,
SLX,39,39.32,38.700001,39.110001,84200,
SLXP,62.22,65.92,61.93,65.42,1577600,
SM,62,62.82,61.43,61.860001,355200,
SMA,1.33,1.37,1.33,1.35,1200,
SMFG,8.56,8.74,8.53,8.63,3357900,
SMG,47.189999,47.43,46.490002,47.259998,387300,
SMH,38.080002,38.299999,37.759998,37.810001,2511900,
SMLP,32.380001,33.450001,32.200001,32.950001,41500,
SMN,49.330002,49.599998,48.470001,49.43,38900,
SMP,34.380001,35.169998,34.09,34.68,93100,
SMRT,13.11,13.32,13.11,13.26,157100,
SMS,0.5,0.5,0.5,0.5,0,
SMSI,1.24,1.25,1.22,1.23,8200,
SMT,1.33,1.39,1.29,1.33,72100,
SMTC,35.740002,36.080002,35.099998,35.630001,470100,
SN,21.92,22.139999,21.719999,21.76,382900,
SNA,90.790001,91.559998,90.050003,90.309998,249400,
SNAK,7.65,8,7.65,7.93,54400,
SNCR,31.030001,31.85,30.959999,31.389999,147800,
SNDK,59.099998,60.75,58.740002,59.27,3269800,
SNE,20.59,20.6,20.139999,20.299999,4832100,
SNH,26,26.200001,25.76,26.01,1202900,
SNHY,31.09,31.91,30.870001,31.360001,21100,
SNI,65.620003,66.269997,65.050003,65.830002,826300,
SNP,94.089996,95.029995,94.030001,94.580005,77200,
SNPS,36.77,36.830002,36.169998,36.459999,720100,
SNSS,4.90001,5.240011,4.77001,5.00001,51800,
SNTA,4.48,4.48,4.19,4.26,2140100,
SNTS,19100,19100,19100,19100,16900,
SNV,2.720054,2.750055,2.700054,2.720054,567000,
SNX,41.650002,42,41.299999,41.880001,191500,
SNY,52.73,53.310001,52.650002,52.990002,556700,
SO,44.200001,44.610001,44.07,44.259998,3773700,
SODA,74,76.370003,73.099998,73.779999,1258900,
SOHU,65.25,66.269997,64.360001,64.580002,516200,
SOL,2.2,2.2,1.98,2,1653300,
SON,34.77,34.880001,34.540001,34.720001,310200,
SONC,13.88,14.46,13.75,14.16,814600,
SONS,3.39,3.43,3.37,3.42,400700,
SORL,2.72,2.72,2.63,2.64,6900,
SOX,468.18,470.67,463.31,463.43,0,
SOXL,47.950001,47.970001,45.68,45.849998,1108800,
SOXS,16.190001,16.549999,15.81,16.549999,24300,
SOXX,63.919998,63.959999,62.970001,63.009998,430500,
SOYB,25.09,25.23,25,25.23,11300,
SPAR,6.09,6.15,5.94,5.99,116200,
SPB,61.25,61.990002,60.830002,61.68,111100,
SPF,8.52,8.76,8.3,8.48,7152700,
SPG,163.829987,165.149994,162.210005,162.219997,1395200,
SPH,45.950001,46.810001,45.689999,46.490002,145100,
SPIL,5.79,5.84,5.74,5.76,374400,
SPLK,43.580002,44.650002,42.970001,44.099998,1286500,
SPLS,15.43,15.79,15.3,15.52,7510900,
SPLV,31.02,31.24,30.950001,30.99,1885700,
SPN,26.43,26.75,26.120001,26.219999,1549300,
SPNC,19.09,19.27,18.92,19.08,123000,
SPP,2.17,2.2,2.07,2.1,3100,
SPPI,7.97,8.33,7.87,8.24,778300,
SPR,21.629999,21.959999,21.52,21.709999,1432500,
SPRD,19.5,19.65,18.7,18.87,1103200,
SPRT,4.35,4.51,4.26,4.42,141900,
SPSC,53.84,54.240002,53.110001,53.610001,52300,
SPTN,19.530001,19.58,19.17,19.18,35800,
SPU,2.2,2.21,2.15,2.16,2200,
SPW,78.220001,78.93,77.410004,77.849998,313800,
SPWR,20.85,20.950001,19.75,20.059999,4617100,
SPX,1638.640015,1640.130005,1622.920044,1626.130005,3435710000,
SPXL,43.439999,44.470001,43.049999,43.349998,2408600,
SPXS,10.59,10.69,10.35,10.62,1344300,
SPXU,23.860001,24.08,23.32,23.9,2156400,
SPY,163.300003,164.539993,162.740005,163.100006,159505400,
SQI,22.190001,22.42,22.049999,22.32,35300,
SQM,43.299998,43.689997,42.839998,43.259995,519000,
SQNM,4.14,4.2,3.98,4,1703800,
SQQQ,27.58,27.83,26.860001,27.58,1043600,
SRC,20.010001,20.210004,19.809996,19.97,1186600,
SRCL,107.459999,108.139999,106.269997,106.449997,437900,
SRDX,22.93,22.93,22.24,22.4,100100,
SRE,79.239998,80.099998,78.760002,79.540001,1094400,
SREV,8.45,8.58,8.35,8.49,577900,
SRI,10.8,11.2,10.44,11.07,235500,
SRPT,37.720001,39,36.799999,38.669998,684900,
SRS,21.4,21.68,21.200001,21.620001,225100,
SRT,4.7,4.8,4.62,4.78,14500,
SRTY,19.889999,20.360001,19.440001,19.879999,435200,
SSD,28.49,28.52,28.09,28.209999,128900,
SSG,27.770002,28,27.25,28,1200,
SSH,5.6,5.65,5.52,5.59,28200,
SSI,23.209999,23.33,22.9,23.049999,241400,
SSL,42.220001,42.75,42.040001,42.5,287200,
SSN,0.45,0.46,0.45,0.45,21000,
SSNC,31.389999,32.040001,31.040001,31.870001,578400,
SSO,79.010002,80.239998,78.480003,78.839996,15221400,
SSP,13.580001,13.649999,13.410004,13.580001,210200,
SSRI,7.29,7.42,7.16,7.22,1318400,
SSS,64.870003,65.410004,64.5,64.790001,58800,
SSW,23.139999,23.25,23,23.139999,75300,
SSYS,82.18,84.370003,81.010002,82.559998,786000,
ST,35.509998,35.700001,35.16,35.279999,872800,
STAA,8.71,9.03,8.71,8.99,236100,
STAG,21.26,21.450001,21.040001,21.120001,104900,
STB,6.36,6.46,6.35,6.37,53600,
STBA,19.639999,19.780001,19.34,19.49,38800,
STBZ,15.32,15.41,15.16,15.2,42100,
STC,27.73,27.959999,27.48,27.57,62100,
STE,44.91,45.200001,44.380001,44.75,268300,
STEC,3.4,3.47,3.37,3.41,321700,
STEI,13.05,13.06,13.04,13.04,1026900,
STEL,18.75,18.9,18.69,18.77,199400,
STFC,18.799999,18.879999,18.42,18.67,22900,
STI,32.040001,32.220001,31.610001,31.700001,4326400,
STJ,43.610001,44.220001,43.5,43.830002,1164200,
STKL,7.8,7.9,7.57,7.58,205900,
STLD,14.66,14.67,14.41,14.53,3029700,
STM,9.47,9.65,9.42,9.54,1250900,
STMP,38.060001,38.610001,37.52,37.900002,108600,
STNG,8.85,8.85,8.66,8.74,505500,
STO,21.98,22.09,21.92,21.98,2323400,
STON,25.780001,26.32,25.780001,26.030001,52800,
STP,0.5,0.51,0.495,0.5,1451100,
STR,23.969999,24.209999,23.76,23.85,862400,
STRA,56.209999,56.75,54.669998,54.91,135400,
STRI,2.689973,2.709973,2.619974,2.649973,28200,
STRL,10.08,10.14,10.01,10.02,9900,
STRM,6.52,6.69,6.26,6.36,33000,
STRZA,22.200001,22.6,22,22.08,796900,
STSA,21.92,22.27,21.63,22.05,159100,
STSI,1.44,1.47,1.42,1.42,561200,
STT,66.440002,67.139999,66.120003,66.120003,3410100,
STV,1.55,1.55,1.5,1.54,124600,
STWD,25.259997,25.389995,25.000001,25.169997,1317400,
STX,43.59,44.610001,43.509998,43.939999,4211000,
STZ,52.259998,52.880001,51.830002,52.16,1702100,
SU,30.83,30.889999,30.450001,30.49,3436200,
SUI,49.220001,49.549999,48.310001,48.93,118100,
SUNE,8.25,8.53,8.07,8.23,4230700,
SUP,18,18.209999,17.860001,17.92,53500,
SUPN,6.8,6.86,6.75,6.8,142000,
SUPX,21.69,22.18,21.69,21.98,14000,
SURG,3.95,4,3.65,3.73,629600,
SUSP,28.42,28.71,28.4,28.42,43200,
SUSQ,12,12.13,11.88,11.93,728700,
SUSS,48.41,48.97,48.21,48.43,141200,
SUTR,1.89,1.89,1.87,1.88,19400,
SVA,3.97,4.12,3.89,4.04,113300,
SVM,2.91,2.98,2.89,2.91,391200,
SVN,16.1,16.1,16.05,16.05,2000,
SVNT,0.75,0.77,0.7,0.73,496700,
SVO,370.0501,371.0143,367.4939,367.7766,0,
SVU,6.51,6.63,6.4,6.42,2237800,
SVXY,85.690002,87.379997,82.93,83.690002,2882600,
SWC,12.07,12.08,11.85,11.91,1024900,
SWFT,17.219999,17.440001,16.690001,16.889999,1192900,
SWHC,9.14,9.24,9.09,9.15,1138000,
SWI,39.830002,40.32,39.060001,39.490002,921400,
SWIR,11.47,11.56,11.18,11.55,39600,
SWK,78.889999,80.379997,78.43,79.540001,973600,
SWKS,21.870001,21.969999,21.290001,21.34,3848400,
SWM,49.32,49.639999,48.919998,49.43,96400,
SWN,37.860001,37.860001,37.080002,37.119999,1680500,
SWSH,0.9,0.9,0.84,0.85,48700,
SWX,47.77,48.259998,47.75,47.849998,62700,
SWY,20.39,21.1,20.39,20.87,7495500,
SXC,15.33,15.33,15.05,15.2,453400,
SXCP,22.65,22.700001,22.27,22.58,9700,
SXE,22.77,22.91,22.5,22.77,17400,
SXI,53.529999,53.630001,52.52,53.32,13100,
SXL,62.41,62.57,61.810001,62.18,362600,
SXT,40.470001,40.900002,40.32,40.599998,85600,
SYA,14.84,15.08,14.76,14.97,452800,
SYK,66.760002,67.25,66.260002,66.830002,841200,
SYKE,15.93,15.99,15.7,15.72,56600,
SYMC,22.129999,22.440001,21.85,22.01,12724200,
SYNA,40.139999,40.419998,38.259998,38.759998,1452900,
SYNC,3.41,3.45,3.3,3.32,286400,
SYNT,64.239998,65.389999,63.779999,64.93,170000,
SYRG,6.7,6.75,6.5,6.52,233600,
SYT,77.779999,78.360001,77.68,77.970001,104200,
SYX,9.39,9.55,9.25,9.5,9000,
SYY,33.889999,34.310001,33.889999,34.130001,3756100,
SZYM,11.73,12.12,11.6,11.78,556800,
T,35.860001,36.200001,35.720001,35.759998,26002900,
TA,10.7,10.85,10.54,10.76,142200,
TAHO,14.27,14.4,13.88,13.95,76300,
TAL,10.69,10.79,10.5,10.68,55400,
TAM,20.82,21.089,20.42,20.48,129900,
TAN,25.33,25.33,24.629999,24.73,173200,
TAO,20.219999,20.27,20.07,20.190001,107000,
TAOM,4.13,4.15,4.1,4.15,58200,
TAP,50.439999,51.02,50.119999,50.580002,1018700,
TASR,9.29,9.45,9.21,9.37,239200,
TAST,5.91,5.96,5.78,5.83,65800,
TAT,0.78,0.8,0.78,0.8,10800,
TAXI,14.15,14.25,13.96,14,122100,
TAYC,16.5,16.81,16.37,16.67,110300,
TBBK,14.3,14.59,14.08,14.09,135400,
TBF,30.98,31.01,30.48,30.49,2312500,
TBI,22.91,23.110001,22.459999,22.59,180000,
TBT,70.389999,70.559998,68.25,68.25,9153000,
TC,3.43,3.43,3.35,3.37,797300,
TCAP,28.280001,28.530001,28.1,28.16,134300,
TCB,14.2,14.43,14.03,14.26,702500,
TCBI,44.34,44.57,43.900002,44.380001,374400,
TCK,24.120001,24.709999,23.85,24.33,3380400,
TCO,78.849998,79.110001,77.730003,77.900002,583700,
TCP,43,43.459999,43,43.349998,203800,
TCRD,15.26,15.34,15.01,15.2,140900,
TD,80.150002,80.889999,79.599998,80.120003,1073400,
TDC,56.450001,56.959999,55.900002,56.529999,1545300,
TDG,148.699997,150.050003,147.350006,147.509995,420600,
TDIV,22.370001,22.52,22.25,22.309999,94600,
TDS,22.91,23.32,22.719999,23.059999,603600,
TDW,56.240002,57.189999,55.970001,56.669998,488300,
TDY,75,75.389999,73.910004,75.089996,134900,
TE,17.299999,17.459999,17.25,17.299999,1276000,
TEAR,11.5,12,11.2,11.560001,97700,
TECD,48.98,50.18,48.75,49.25,102800,
TECH,66.150002,67.099998,66.010002,66.470001,67500,
TECL,61.73,63.400002,61.490002,61.599998,318400,
TECS,33.77,34.009998,33,33.869999,9600,
TECUA,10.36,10.57,10.07,10.33,85000,
TEF,13.38,13.55,13.35,13.43,930400,
TEG,56.82,57.439999,56.779999,56.970001,366500,
TEL,44.669998,45.150002,44.419998,44.889999,1521400,
TEN,44.5,45.16,43.970001,44.639999,332400,
TEO,15.85,15.98,15.62,15.73,117400,
TEP,21.5,21.6,21.059999,21.209999,162900,
TER,17.620001,17.799999,17.48,17.549999,1791800,
TESO,12.88,12.89,12.38,12.45,251000,
TEU,4.15,4.15,4.03,4.04,61000,
TEVA,39.630001,39.98,39.349998,39.830002,4401700,
TEX,32.560001,33.130001,32.25,32.299999,1933500,
TFM,51.889999,53.299999,51.470001,51.869999,452900,
TFSL,11.01,11.16,10.96,11.02,137200,
TFX,77.980003,78.32,77.330002,77.879997,134500,
TG,25.48,25.48,24.799999,24.879999,40400,
TGA,7.1,7.18,7.06,7.17,38400,
TGB,1.99,2.01,1.96,1.97,430800,
TGH,37.189999,37.860001,36.84,37.619999,70800,
TGI,78.809998,80.089996,77.879997,79.349998,346700,
TGP,42.27,42.580002,41.93,41.959999,119900,
TGT,69.559998,70.559998,69.540001,70,2887500,
THC,45.880001,46.599998,45.490002,46.07,1012300,
THG,48.290001,49.23,47.830002,48.610001,338600,
THI,52.89,53.69,52.78,53.25,170500,
THLD,5.4,5.71,5.34,5.65,323300,
THM,0.84,0.85,0.8,0.82,172800,
THO,46.259998,47.470001,46.139999,46.669998,533600,
THOR,31.15,31.360001,30.790001,30.799999,354700,
THRM,18.09,18.5,17.959999,18.309999,118300,
THRX,35.949998,37.059998,35.339996,36.349996,1330700,
THS,66.919998,67.470001,65.900002,66.93,75900,
TI,7.14,7.18,7.1,7.16,965200,
TIBX,20.84,21.47,20.51,21.13,1757200,
TICC,9.75,9.85,9.66,9.76,702800,
TIF,78.019997,78.029999,76.849998,77.07,1504500,
TILE,16.469999,16.75,16.360001,16.5,273200,
TINY,3.34,3.34,3.26,3.3,123300,
TIP,113.870003,114.589996,113.790001,114.580002,2558500,
TISI,36.860001,36.860001,36.439999,36.490002,65400,
TITN,20.27,20.4,20,20.309999,417200,
TIVO,25.190001,25.57,24.82,24.969999,789400,
TJX,50,50.240002,49.75,49.889999,3323900,
TK,38.959999,39.59,38.75,39.400002,173600,
TKC,13.54,13.83,13.53,13.66,1326500,
TKR,57.259998,58.849993,56.799993,57.579991,1369800,
TLAB,2.15,2.23,2.12,2.22,5143800,
TLH,128.929993,130.020004,128.770004,130.020004,74800,
TLK,40.130001,40.439999,39.860001,39.98,437600,
TLLP,58.5,58.959999,57.77,58.200001,180800,
TLM,11.66,11.74,11.5,11.54,3025700,
TLP,41.799999,42.16,41.799999,41.98,32600,
TLT,112.269997,113.959999,112.120003,113.959999,12841200,
TLYS,16.07,16.24,16.02,16.23,21300,
TM,120.339996,121.269997,119.269997,119.919998,861800,
TMF,57.32,59.900002,57.119999,59.889999,493200,
TMH,39.049999,39.93,38.68,39.790001,326700,
TMHC,24.389999,25,24.01,24.370001,250900,
TMK,63.449999,65.029993,63.449999,64.370012,565700,
TMO,85.07,85.93,84.5,85.419998,2417600,
TMUS,20.940001,21.68,20.93,21.440001,3540900,
TMV,62.279999,62.459999,59.52,59.57,655900,
TNA,48.32,49.5,47.080002,48.32,11809000,
TNAV,5.1,5.17,5.09,5.1,73800,
TNC,50.259998,50.77,50.009998,50.150002,65900,
TNGO,15.69,16.379999,15.64,15.7,671700,
TNK,2.67,2.72,2.62,2.63,220000,
TNP,4.98,4.98,4.76,4.81,215300,
TOL,32.200001,32.720001,31.719999,31.799999,4102800,
TOO,32.41,32.75,31.440001,31.82,162600,
TOT,49.68,50.02,49.549999,49.849998,1241000,
TPC,17.639999,17.639999,17.08,17.110001,113100,
TPH,16.360001,17.040001,16.18,16.790001,368600,
TPLM,6.67,6.79,6.43,6.69,669700,
TPX,43.18,43.98,42.709999,43.049999,658400,
TQNT,6.98,6.98,6.82,6.83,1664400,
TQQQ,70.389999,72.370003,69.709999,70.440002,9254400,
TR,31.740085,32.17009,31.710093,31.990086,71500,
TRAK,32.73,32.84,32.299999,32.790001,134200,
TRC,30.240003,30.759999,29.999997,30.009998,24200,
TREX,50.939999,51.41,49.52,50.16,364000,
TRGP,65.68,66.169998,64.980003,65.519997,187100,
TRGT,4.94,5.3,4.86,5.2,1000300,
TRI,33.599998,33.630001,33.240002,33.560001,871100,
TRIB,17.15,17.25,17,17.09,31200,
TRIP,63.950001,65.099998,63.419998,63.860001,907900,
TRLA,30.7,30.98,30.02,30.3,211200,
TRLG,31.66,31.73,31.66,31.7,323600,
TRMB,26.459999,26.879999,26.07,26.440001,1709000,
TRMK,24.559999,24.85,24.24,24.65,185300,
TRN,39.279999,39.689999,38.830002,38.919998,2087800,
TRNX,15.81,16,15.58,15.67,118000,
TROW,74.440002,74.949997,73.730003,73.949997,859200,
TROX,21.33,21.43,20.870001,21.299999,273100,
TRP,45.549999,45.990002,45.189999,45.279999,502800,
TRQ,6.369997,6.369997,6.070006,6.199997,4579600,
TRS,33.560002,34.200002,33.549998,33.919998,147100,
TRV,82.550003,82.900002,81.879997,82.080002,2147200,
TRW,62.97,63.79,62.7,63.15,541300,
TRX,3.02,3.13,2.98,3.05,201300,
TS,41.509998,41.650002,41.25,41.34,459900,
TSCO,112.43,115.07,112.370003,114.360001,927800,
TSL,5.94,5.96,5.63,5.71,3456000,
TSLA,98.18,98.68,94.050003,94.470001,7394000,
TSM,18.639999,18.75,18.5,18.52,6397300,
TSN,25.23,25.700001,25.139999,25.5,2833900,
TSO,57.290001,58.189999,56.57,57.009998,2640300,
TSPT,3.02,3.05,2.99,3.03,121900,
TSRA,20.92,21,20.66,20.77,228400,
TSRX,8.94,8.94,8.57,8.74,1220800,
TSS,23.15,23.49,23.139999,23.190001,1769300,
TSU,18.360001,18.799999,18.360001,18.639999,1202400,
TSYS,2.31,2.33,2.27,2.32,57600,
TTC,46.43,47.049999,46.419998,46.959999,398000,
TTCMY,6.01,6.46,6.01,6.4,128900,
TTEC,23.52,23.92,23.5,23.75,58600,
TTEK,26.940001,27.190001,26.67,26.940001,152800,
TTI,10.72,10.84,10.54,10.6,354600,
TTM,25.33,25.33,24.75,25.030001,2223400,
TTMI,8.13,8.22,8.04,8.15,148300,
TTS,28.82,29.700001,28.42,29.07,390200,
TTT,80.419998,80.5,76.889999,76.919998,47000,
TTWO,17,17.35,16.73,16.809999,4404500,
TU,34.029999,34.130001,33.57,33.66,103900,
TUES,9.62,10.34,9.54,10.27,1055000,
TUMI,24.200001,24.82,23.85,24.57,230400,
TUP,81.790001,82.639999,81.510002,81.93,334300,
TV,23.41,23.98,23.15,23.85,4581400,
TVL,2.86,2.94,2.69,2.69,6700,
TW,75.870003,76.650002,75.110001,75.760002,116200,
TWC,95.050003,96.519997,94.739998,95.980003,1721600,
TWER,2.27,2.35,2.22,2.23,9900,
TWGP,20.06,20.216,19.78,19.86,280500,
TWI,17.93,18.25,17.5,18.08,2380900,
TWIN,24.15,24.360001,23.66,23.700001,8700,
TWM,17.969999,18.25,17.690001,17.940001,1013000,
TWO,10.82,10.85,10.63,10.69,7968000,
TWTC,28.78,29.04,28.53,28.69,1054400,
TWX,57.150004,57.530001,56.809998,56.889994,5769400,
TX,23.07,23.07,22.290001,22.43,309100,
TXCC,0.48,0.48,0.46,0.47,200700,
TXI,65.87,66.97,64.96,65.2,181800,
TXN,36,36.02,35.169998,35.259998,9795200,
TXRH,24.23,24.6,24.040001,24.299999,323500,
TXT,26.59,27.41,26.48,26.65,3465400,
TYC,33.970001,34.15,33.680001,33.709998,5186500,
TYD,39.939999,40.43,39.939999,40.43,700,
TYL,68.650002,69.230003,68.239998,68.419998,112700,
TYO,24.030001,24.059999,23.610001,23.610001,13300,
TYPE,24.139999,24.280001,23.73,24.059999,179300,
TZA,31.74,32.5,31.02,31.73,4793300,
TZOO,28,28,27.379999,27.43,37600,
UA,59.540001,60.07,59.200001,59.599998,4244800,
UAL,32.150002,32.82,31.9,32.450001,4974100,
UAM,9.35,9.45,9.25,9.27,81100,
UAN,25.040001,25.040001,24,24.16,645000,
UBA,21.24,21.370001,21.01,21.059999,32800,
UBNT,15.85,16.370001,15.59,16.25,314100,
UBS,17.66,17.85,17.62,17.68,1713700,
UBSI,25.790001,26.09,25.690001,25.85,152100,
UBT,60.470001,61.939999,60.259998,61.939999,9600,
UCO,29.160001,29.8,29.09,29.660001,285800,
UCTT,5.88,6.09,5.88,5.99,115300,
UDN,26.610001,26.75,26.610001,26.74,74300,
UDOW,85.089996,87.43,84.550003,85.239998,463000,
UDR,24.110001,24.309999,23.790001,23.82,1328600,
UEC,2.12,2.18,2.01,2.01,821800,
UEPS,7.09,7.15,7.02,7.07,133800,
UFCS,28.02,28.719999,27.940001,28.08,17800,
UFI,19.610001,20.74,19.6,20.620001,87800,
UFPI,39.25,39.889999,38.98,39.18,42000,
UFS,71.110001,72.050003,71.110001,71.620003,640600,
UGA,55.639999,56.220001,55.599998,56.139999,25900,
UGI,38.299996,38.849999,38.160001,38.76,873600,
UGL,55.5,56.27,55.310001,56.18,69900,
UGP,23.860001,24.66,23.360001,24.33,457100,
UHAL,168.720001,171.089996,166.850006,169.520004,15100,
UHS,70.160004,70.93,69.849998,70.139999,495000,
UIL,39.110001,39.52,39,39.09,116900,
UIS,20.799999,21.43,20.559999,21.219999,387600,
UL,40.810001,41.470001,40.759998,41.349998,1149300,
ULE,24.719999,24.719999,24.42,24.67,1800,
ULTA,86,86.739998,83.650002,84.129997,2308500,
ULTI,111.989998,113.459999,110.93,112.150002,107200,
UMBF,52.810001,53.810001,52.389999,52.669998,72600,
UMC,2.19,2.2,2.17,2.18,1497200,
UMDD,62.93,63.959999,61.700001,62.470001,34800,
UMPQ,14.13,14.22,13.96,14.03,776300,
UN,39.860001,40.439999,39.810001,40.310001,1447100,
UNFI,51.93,52.93,51.59,52.130001,287100,
UNG,20.09,20.16,19.85,19.9,3157600,
UNH,63.150002,64.559998,62.700001,63.93,6063400,
UNIS,3.4,3.46,3.35,3.35,43100,
UNL,18.110001,18.16,17.92,17.92,19900,
UNM,28.219999,28.66,28.120001,28.209999,1324500,
UNP,155.75,157.330002,154.710007,154.820007,3075800,
UNS,46.43,46.62,45.94,46.36,138200,
UNT,45.209999,45.209999,44.290001,44.470001,123400,
UNTD,6.930029,7.040027,6.830024,6.940029,650800,
UNXL,16.200001,17,15.76,16.299999,789800,
UPI,2.44,2.47,2.41,2.42,14500,
UPL,21.610001,21.98,21.450001,21.559999,1652500,
UPRO,65.529999,67.169998,64.93,65.440002,6075400,
UPS,85.739998,86.25,85.5,85.650002,2478600,
UQM,1.15,1.55,1.11,1.33,2775600,
URA,18.129999,18.129999,17.799999,17.799999,43500,
URBN,42.009998,42.509998,41.880001,42.040001,1602100,
URE,75.580002,76.120003,74.459999,74.519997,257500,
URI,50.110001,51.240002,49.27,49.84,2224300,
URRE,2.579999,2.699999,2.569999,2.639999,3400,
URS,46.63,47.15,46.48,46.9,362900,
URTY,54.110001,55.490002,52.830002,54.25,368500,
URZ,1.28,1.29,1.24,1.24,231400,
USAC,21.66,22.190001,21.66,22.17,25800,
USB,35.369999,35.57,35.23,35.41,10101800,
USD,42.759998,43,41.650002,41.650002,8300,
USEG,1.970004,1.970004,1.880004,1.900004,14900,
USG,24.34,25.09,24.040001,24.48,1401100,
USL,39.700001,40.080002,39.700001,40.07,4800,
USM,33.380001,33.91,33.299999,33.34,95900,
USMO,13.68,13.81,13.4,13.5,98600,
USNA,69.5,71.540001,69.040001,70.480003,84600,
USO,33.540001,33.91,33.5,33.790001,4317000,
UST,53.990002,54.57,53.919998,54.549999,42600,
USTR,33.75,33.85,33.42,33.62,102900,
USU,0.33,0.35,0.33,0.35,10700,
UTEK,36.209999,36.209999,35.419998,35.560001,140600,
UTHR,65.709999,67.260002,65.190002,66.82,435800,
UTI,11.62,11.73,11.48,11.54,24800,
UTIW,15.13,15.4,14.91,15.13,373800,
UTSI,2.71,2.81,2.71,2.81,45100,
UTX,93.32,94.629997,92.879997,93.68,2627600,
UUP,22.110001,22.120001,21.98,21.98,1210800,
UVE,6.91,7.28,6.91,7.1,305300,
UVV,59.52,60.060001,58.84,59.439999,106400,
UVXY,66.060003,69.920003,63.770003,69.210003,9100,
UWM,60.77,61.799999,59.799999,60.810001,1034500,
UXI,71.230001,71.839994,71.230001,71.699999,3600,
UYG,95.779999,96.150002,94.07,94.190002,879600,
UYM,37.98,38.279999,37.290001,37.549999,101800,
V,180.550003,181.949997,179.559998,179.660004,7856400,
VAC,44.150002,44.299999,43.439999,43.509998,104200,
VAL,69.059998,70.050003,68.610001,69.089996,173000,
VALE,13.9,14.14,13.82,13.98,21870100,
VALE.P,12.98,13.17,12.9,13.03,7899200,
VAR,68.07,69.040001,68.07,68.610001,693900,
VASC,15.11,15.26,15.05,15.05,17900,
VAW,89.620003,90.059998,89.010002,89.32,47700,
VB,94.07,94.709999,93.379997,93.93,259400,
VBK,103.160004,104.010002,102.43,103.150002,98700,
VBR,84.099998,84.559998,83.449997,83.940002,133400,
VC,63.540001,63.799999,62.91,63.509998,303400,
VCBI,13.55,13.7,13.49,13.56,53900,
VCI,26.1,26.41,25.8,25.92,206500,
VCIT,84.720001,84.980003,84.519997,84.879997,582800,
VCLK,25.5,25.51,24.89,24.92,478600,
VCLT,84.199997,86.169998,84,86.160004,92800,
VCR,90.400002,90.949997,90,90.209999,82800,
VCRA,15.12,15.12,14.66,14.76,193300,
VDC,102.989998,104.050003,102.75,103.410004,64000,
VDE,114.480003,114.940002,113.849998,113.910004,88700,
VDSI,8.22,8.35,8.22,8.25,38400,
VE,12.24,12.35,12.23,12.28,116300,
VEA,36.810001,37.080002,36.720001,36.869999,3146100,
VECO,39.580002,40.209999,39.099998,39.439999,345400,
VELT,1.7,1.72,1.63,1.63,1288700,
VEU,45.779999,46.110001,45.66,45.849998,814300,
VFC,185.929993,189.639999,185.389999,188.059998,2095200,
VFH,40.529999,40.639999,40.200001,40.240002,313200,
VG,2.9,2.94,2.85,2.86,1024300,
VGK,50.950001,51.330002,50.790001,51.110001,2642600,
VGR,16.280051,16.360048,16.210052,16.260051,414300,
VGT,75.739998,76.379997,75.5,75.669998,170800,
VGZ,1.38,1.43,1.33,1.33,306100,
VHC,24.33,25.1,23.76,24.889999,315200,
VHS,13.45,13.48,13.07,13.07,172000,
VHT,87.199997,87.989998,86.75,87.419998,125900,
VIAB,66.709999,67.669998,66.279999,67.019997,2748400,
VICL,3.04,3.04,2.99,3,89800,
VICR,5.41,5.49,5.4,5.4,26400,
VIG,67.669998,68.139999,67.360001,67.610001,1885200,
VIIX,10.6,10.9,10.4,10.83,91500,
VIP,9.93,9.99,9.77,9.89,785300,
VIPS,30.569999,33.989999,30.250001,32.21,8719000,
VIS,82.269997,82.900002,81.980003,82.269997,52000,
VIV,24.68,24.98,24.43,24.59,1125200,
VIVO,21.459999,21.860001,21.26,21.76,106100,
VIX,16.91,17.139999,16,17.07,0,
VIXM,26.389999,26.790001,26.110001,26.690001,42800,
VIXY,52.850001,54.400001,51.88,53.970002,243300,
VLCCF,6.21,6.61,6.1,6.24,281400,
VLO,38.689999,38.959999,38.290001,38.48,6608300,
VLTR,13.97,14.08,13.64,13.7,123900,
VLY,9.18,9.27,9.11,9.14,682100,
VMC,52.439999,53.93,52.310001,52.77,534200,
VMED,0,0,0,51,0,
VMI,143.309998,144.809998,141.039993,143.929993,177400,
VMW,69.730003,71.989998,69.510002,70.82,2501100,
VNDA,10.5,12.77,10.25,12.56,5022900,
VNET,10.8,10.99,10.65,10.95,316700,
VNO,80.469993,80.8,79.539992,79.850004,1395800,
VNQ,69.349998,69.949997,69.059998,69.089996,4747000,
VNQI,53.32,53.400002,52.970001,53.02,198700,
VNR,27.77,27.99,27.450001,27.65,644400,
VNTV,26.139999,26.309999,25.969999,26.040001,826300,
VO,95.989998,96.269997,95.139999,95.440002,198400,
VOC,13.35,13.43,13.06,13.2,54700,
VOCS,9.31,9.67,9.19,9.58,448900,
VOD,29.750003,30.020004,29.679999,29.860002,6968100,
VOE,69.25,69.699997,68.870003,69.129997,81100,
VOLC,18.52,19.21,18.24,19.21,952200,
VOO,74.760002,75.339996,74.489998,74.669998,1502800,
VOT,78.830002,78.949997,77.940002,78.260002,87500,
VOX,77.919998,79.169998,77.919998,78.330002,42500,
VOXX,11.73,11.91,11.48,11.8,102200,
VOYA,27.83,28.200001,27.200001,27.32,2040700,
VPFG,19.16,19.3,19.1,19.18,72400,
VPG,15.11,15.35,14.84,15.05,34600,
VPHM,27.58,28.17,27.39,27.8,401200,
VPL,55.720001,56.119999,55.459999,55.669998,719300,
VPRT,47.22,48.23,46.6,48.07,92000,
VPU,82.300003,82.889999,81.93,82.260002,381700,
VR,36.630001,36.830002,36.369999,36.52,940700,
VRA,20.5,20.76,20.309999,20.5,557900,
VRML,2.96,3.4,2.96,3.1,652200,
VRNG,2.89,2.97,2.87,2.94,77200,
VRNM,2.25,2.27,2.21,2.27,16900,
VRNT,34.759998,34.990002,34.099998,34.450001,202400,
VRS,1.1,1.15,1.05,1.07,7000,
VRSK,58.509998,59.52,58.48,59.369999,580300,
VRSN,45.380001,46.189999,45.220001,45.689999,1225200,
VRTU,23.68,24,23.5,23.629999,102100,
VRTX,81.919998,84.839996,81.089996,81.400002,1616700,
VRX,84.639999,85.559998,83.440002,83.769997,1141200,
VSAT,69.690002,73.120003,69.690002,70.879997,398000,
VSH,14.24,14.5,14.05,14.25,1657400,
VSI,45.740002,46.52,45.439999,46.080002,306800,
VSS,92.599998,92.910004,92.190002,92.540001,50600,
VT,52.939999,53.200001,52.68,52.849998,385500,
VTI,84.099998,84.720001,83.769997,84,2102200,
VTR,69.709999,70.879997,69.339996,69.949997,1426600,
VTSS,2.25,2.3167,2.22,2.3,88700,
VTUS,2.52,2.53,2.48,2.48,70500,
VTV,68.849998,69.300003,68.639999,68.760002,546800,
VUG,79.709999,80.269997,79.339996,79.529999,404000,
VV,74.720001,75.220001,74.480003,74.599998,154500,
VVC,33.5,33.77,33.299999,33.389999,249300,
VVI,25.65,25.77,25.25,25.360001,25900,
VVTV,4.87,4.95,4.8,4.89,152200,
VVUS,13.91,14.88,13.77,14.6,2009100,
VWO,39.700001,40,39.560001,39.73,19352200,
VXEEM,25.4,26.28,25.09,26.28,0,
VXEWZ,30.29,31.28,30.05,30.75,0,
VXF,70.169998,70.610001,69.660004,70.059998,166000,
VXUS,47.299999,47.59,47.139999,47.310001,173000,
VXX,19.59,20.18,19.219999,20.02,3922600,
VXZ,21.530001,21.85,21.27,21.77,96000,
VYM,57.23,57.650002,57.080002,57.209999,682800,
VZ,50.220001,50.790001,49.93,50.18,9913100,
WAB,109.889999,110.309998,108.779999,109.910004,421600,
WABC,45.549999,45.84,45.349998,45.59,98400,
WAC,35.57,36.490002,34.5,36.18,556600,
WAFD,17.1,17.129999,16.870001,16.950001,450200,
WAG,49.37,49.85,49.15,49.54,3855994,
WAGE,29.450001,29.59,26.09,29.030001,1076500,
WAIR,18.370001,18.370001,18.110001,18.139999,157000,
WAL,14.64,14.79,14.36,14.56,214700,
WAT,96.980003,98.050003,96.839996,97.18,314300,
WBC,74.760002,75.449997,74.169998,74.879997,352400,
WBMD,29.969999,30.58,29.33,30.049999,178500,
WBS,23.82,23.85,23.35,23.82,866300,
WBSN,24.66,24.71,24.64,24.67,938000,
WCC,70.889999,71.400002,69.559998,71.010002,333500,
WCG,51.439999,51.900002,50.93,51.279999,349900,
WCN,39.669998,40.43,39.419998,40.200001,472800,
WCRX,19.45,19.87,19.36,19.58,4230000,
WD,18.24,18.43,18.15,18.33,58400,
WDAY,65.169998,65.989998,61.580002,61.689999,2741000,
WDC,63.98,65.010002,63.860001,64.540001,2448300,
WDFC,56.349998,56.900002,56.110001,56.389999,25300,
WDR,46.349998,46.990002,45.990002,46.380001,554500,
WEAT,18.59,18.59,18.32,18.450001,12500,
WEC,40.779999,41.209999,40.720001,40.889999,861600,
WEN,5.95,6.02,5.93,5.95,2368900,
WERN,24.75,24.92,24.52,24.700001,279100,
WES,59.360001,60.099998,58.77,59.360001,137500,
WETF,12.14,12.31,11.93,11.99,921600,
WEX,74.290001,75.779999,74.260002,75.419998,136300,
WFC,40.779999,41.200001,40.59,40.66,18368500,
WFM,51.5,52.09,50.919998,51.25,1759000,
WFT,13.8,13.86,13.62,13.65,5974100,
WG,7.02,7.13,6.89,6.99,302100,
WGL,42.939999,43.310001,42.650002,42.970001,84300,
WGO,20.690001,20.959999,20.299999,20.32,175000,
WHR,124.900002,126.620003,123.410004,124.099998,777400,
WHX,2.33,2.33,2.33,2.33,0,
WHZ,13.25,13.32,13.14,13.14,82200,
WIBC,6.69,6.76,6.66,6.73,142700,
WIFI,6.41,6.5,6.21,6.44,155400,
WILN,4.22,4.35,4.2,4.3,32000,
WIN,7.98,8.1,7.92,7.97,5767923,
WIRE,33.849998,34.32,33.830002,33.84,18000,
WIT,7.44,7.49,7.34,7.42,358300,
WLB,12.03,12.24,12.01,12.02,11600,
WLH,24.629999,24.9,24.08,24.35,238900,
WLK,93,94.93,92.150002,93.559998,512800,
WLL,47.459999,47.720001,46.77,47.290001,1295500,
WLP,78.37,78.94,77.3,78.38,1814500,
WLT,14.71,14.95,14.52,14.68,6044400,
WM,40.25,40.599998,40.119999,40.259998,1639800,
WMAR,11.74,11.8,11.6,11.61,7700,
WMB,34.330002,34.43,34,34.080002,5605300,
WMC,18.15,18.379999,17.9,18.17,585800,
WMGI,15.81,16,15.58,15.67,118000,
WMS,25.43,25.54,25.43,25.5,204100,
WMT,75.419998,75.830002,74.989998,75.25,6006400,
WNC,10.09,10.12,9.87,10.04,571700,
WNR,30.82,31.34,30.51,31,1276300,
WOOF,26.219999,26.42,26,26.17,310700,
WOR,33.25,34.169998,33.150002,33.799999,315700,
WPC,65.220001,65.940002,64.459999,65,233000,
WPP,11.84,11.99,11.71,11.96,165300,
WPPGY,85.449997,86.309998,85.370003,85.639999,28600,
WPRT,29.85,30.08,29.51,29.73,437200,
WPX,19.09,19.26,18.74,18.799999,1803400,
WPZ,44.949995,45.040001,44.459993,44.789997,317900,
WR,31.33,31.77,31.18,31.49,1345800,
WRB,41.630001,41.700001,41.259998,41.299999,633400,
WRE,26.879999,27.01,26.42,26.43,374000,
WRES,2.83,2.83,2.71,2.72,515700,
WRI,32.16,32.389999,31.940001,31.940001,1030900,
WRLD,93.160004,94.879997,92.410004,93.75,60400,
WRLS,12.53,12.58,12.51,12.57,119600,
WSH,38.880001,39.509998,38.880001,39.259998,744300,
WSM,53.580002,54.23,53.169998,53.93,679700,
WSO,84.220001,85.610001,83.019997,85.25,158300,
WSR,16.17,16.35,16.120001,16.15,39200,
WST,66.230003,66.75,65.559998,66.449997,139600,
WSTC,23.09,23.57,22.860001,23.51,86600,
WTFC,37.240002,37.77,36.98,37.279999,307700,
WTI,14.69,14.79,14.53,14.68,436200,
WTR,30.63,30.999999,30.63,30.85,571600,
WTS,47.110001,47.82,46.830002,47.290001,77400,
WTSL,5.03,5.06,4.95,4.98,939700,
WTW,44.310001,44.48,43.59,43.799999,412700,
WU,16.65,16.809999,16.57,16.66,5808400,
WWAV,17,17.26,16.360001,16.85,7285600,
WWD,40.41,41.240002,40.189999,40.689999,236800,
WWE,9.89,9.91,9.69,9.79,158400,
WWW,52.59,52.889999,52.02,52.029999,916800,
WWWW,21.969999,22.27,21.700001,21.99,266800,
WX,20.690001,21.440001,20.559999,21.059999,330200,
WY,28.629999,28.98,28.280001,28.690001,4695700,
WYN,57.169998,58.189999,56.509998,57.93,1483700,
WYNN,136.690002,136.970001,134.240005,134.779999,1386800,
X,16.91,17.27,16.790001,17.139999,6312200,
XAU,104.84,104.84,102.27,102.44,0,
XBI,109.150005,110.470001,107.269993,109.140003,502800,
XCO,8.020001,8.100001,7.900005,7.959998,1825300,
XDA,93.52,94.43,93.27,94.31,0,
XDB,155.43,156.54,155.21,156.39,0,
XDC,0.459,0.459,0.459,0.459,0,
XDE,132.79,133.18,132.32,133.13,0,
XDN,103.2,104.62,102.79,104.09,0,
XDS,107.89,108.43,107.44,108.18,0,
XEC,73.519997,73.800003,72.209999,72.620003,567400,
XEL,28.950001,29.139999,28.889999,28.98,10186900,
XEO,739.429993,739.52002,732.219971,733.369995,0,
XES,39.48,39.709999,39.18,39.360001,35100,
XHB,29.82,30.23,29.610001,29.809999,7957500,
XIDE,0.2,0.3,0.18,0.22,19629300,
XIN,4.58,4.63,4.5,4.55,171000,
XL,31.309999,31.360001,30.809999,30.860001,2074300,
XLB,39.91,40.220001,39.689999,39.810001,6061400,
XLE,80.089996,80.620003,79.75,79.849998,10595900,
XLF,19.779999,19.860001,19.62,19.649998,86971900,
XLI,43.23,43.630001,43.110001,43.259998,9883800,
XLK,31.51,31.790001,31.43,31.469999,7307600,
XLNX,39.939999,40.060001,39.150002,39.16,4196000,
XLP,40.450001,40.860001,40.32,40.580002,20334000,
XLS,12.3,12.32999,12.11,12.11,1589400,
XLU,37.740002,38.040001,37.59,37.709999,11180000,
XLV,48.189999,48.669998,47.990002,48.369999,9941700,
XLY,56.060001,56.619999,55.93,56.110001,5789300,
XME,36.150002,36.25,35.950001,36.080002,2333400,
XNPT,5.12,5.33,5,5.23,862900,
XOM,90.379997,91.040001,90.230003,90.459999,10739400,
XOMA,4.02,4.15,3.95,4.1,316800,
XOOM,19.469999,20.690001,19.33,20.639999,173900,
XOP,60.32,60.610001,59.91,60.049999,3361400,
XOXO,10.71,10.82,10.56,10.61,27800,
XPO,16.76,17.700001,16.76,17.48,146700,
XPP,45.439999,46.27,45.119999,45.75,47700,
XRA,0.84,0.87,0.81,0.81,81200,
XRAY,41.060001,41.32,40.849998,41,622800,
XRM,9.73,9.87,9.61,9.75,78200,
XRS,10.69,10.79,10.5,10.68,55400,
XRT,77.93,78.43,77.089996,77.730003,6472200,
XRTX,10.39,10.58,10.02,10.34,47700,
XRX,9.08,9.21,9.06,9.1,6206600,
XSD,53.5,53.759998,52.810001,52.810001,76000,
XSP,163.86,164.01,162.29,162.61,0,
XTEX,19.95,20.23,19.85,20.15,4442600,
XTXI,19.82,19.91,19.41,19.78,162900,
XUE,3,3.11,2.9,2.95,45600,
XXIA,16.190001,16.33,16.049999,16.200001,337000,
XYL,27.25,27.49,27.110001,27.209999,654300,
YANG,49.98,49.98,48.73,49.610001,4000,
YAO,23.190001,23.35,23.059999,23.200001,8700,
YCL,22.049999,22.74,22.049999,22.74,5600,
YCS,61.59,61.77,59.68,60.02,2381300,
YELP,29.23,29.9,28.85,29.52,698000,
YGE,2.94,3.02,2.81,2.83,325000,
YHOO,26.43,26.879999,26.32,26.4,10097100,
YINN,16.76,17.059999,16.639999,16.75,83400,
YNDX,26.309999,26.32,25.620001,26.07,2528600,
YOKU,21.16,21.24,20.690001,20.77,1114200,
YONG,5.32,5.32,5.32,5.32,0,
YPF,15.06,15.29,14.76,14.85,688700,
YRCW,19.51,21.200001,19.040001,20.93,464800,
YUK,96.879997,97.290001,95.639999,96.029999,0,
YUM,71.860001,73.060002,71.689999,71.759999,4804000,
YZC,9.23,9.27,9.05,9.08,430400,
Z,52.599998,53.34,51.68,52.040001,252200,
ZAGG,5.26,5.4,5.12,5.29,532700,
ZAZA,1.4,1.43,1.39,1.39,12700,
ZBRA,45.43,46.189999,45.040001,45.720001,78000,
ZEP,16.059999,16.33,15.93,16.09,28000,
ZEUS,25,25.42,24.57,24.719999,66100,
ZINC,11.78,12.01,11.74,12,421500,
ZION,27.52,28.23,27.469999,27.84,3175900,
ZIOP,2.12,2.33,2.1,2.27,1384100,
ZIXI,4.05,4.21,4.01,4.13,934800,
ZLC,8.79,9.44,8.56,9.01,1707400,
ZLTQ,5.45,5.69,5.45,5.59,62000,
ZMH,77.849998,78.5,77.040001,77.389999,1237300,
ZN,1.58,1.63,1.56,1.63,75600,
ZNGA,2.86,2.9,2.81,2.88,11685300,
ZNH,21.65,22.09,21.57,21.93,34700,
ZOLT,13.12,13.25,12.9,13.12,132400,
ZQK,6.6,6.7,6.49,6.51,2872300,
ZROZ,97.470001,99.540001,97.080002,99.540001,12000,
ZSL,86.760002,87.18,84.760002,86.050003,445000,
ZTS,31.700001,32.02,31.4,31.700001,6367500,
ZUMZ,30.59,30.879999,30.35,30.51,167300,
ZX,2.63,2.69,2.61,2.61,9900,
ABCB,16.209999,16.450001,16.02,16.219999,24400,
ACCL,8.2,8.31,8.11,8.17,52500,
ACPW,4.55,4.59,4.45,4.47,358700,
ACWX,42.200001,42.540001,42.040001,42.27,562300,
AKR,26.139999,26.33,25.860001,25.91,229700,
AONEQ,0.0369,0.0369,0.0295,0.0311,5920700,
ARSD,7.73,7.84,7.67,7.78,36700,
ASTM,11.65,12.64,12.64,12.64,1000,
ASX,4.13,4.17,4.09,4.13,478400,
ATEC,1.909999,1.979999,1.909999,1.969999,2800,
ATRC,9.22,9.22,8.97,9.04,33000,
AUX,0,0,0,105.97,0,
AVNW,2.809999,2.929999,2.779999,2.889999,15800,
BFIN,8.56,8.56,8.35,8.36,5600,
BFR,4.11,4.15,4,4.14,13300,
BIL,45.810001,45.810001,45.799999,45.810001,320700,
BIN,22.01,22.530001,21.969999,22.459999,66800,
BKEP,8.38,8.58,8.04,8.2,17100,
BRB,214.679993,216.509995,213.259995,213.899994,0,
BSQR,2.7,2.73,2.67,2.67,7700,
CBRX,0.64,0.66,0.64,0.66,19200,
CERP,0.02,0.03,0.02,0.03,25096200,
CHGS,0.16,0.17,0.15,0.17,18800,
CIR,50.970001,51.360001,50.77,50.889999,26600,
CIU,108.919998,108.919998,108.68,108.879997,343700,
CLUB,10.69,10.77,10.61,10.7,34200,
CMLS,3.62,3.68,3.49,3.5,329200,
CNDA,20.870001,20.959999,20.85,20.85,16700,
COBZ,8.49,8.62,8.49,8.58,148900,
COOL,0.570011,0.610012,0.560011,0.580012,12100,
CRAI,18.209999,18.24,17.99,18.120001,16100,
CRDC,1.25,1.3,1.21,1.25,14500,
CREG,0.98,1.04,0.97,0.99,12000,
CROP,25.950001,25.959999,25.790001,25.879999,5000,
CSFL,8.95,9.07,8.89,8.95,22600,
CSHZ,0.08,0.08,0.07,0.08,67300,
CSJ,105.150002,105.269997,105.019997,105.239998,2067900,
CWB,43.119999,43.139999,42.810001,42.93,1482100,
DCOM,14.73,14.86,14.68,14.72,49400,
DGT,60.290001,60.639999,60.279999,60.279999,5100,
DQ,7.29,7.29,6.86,6.86,34800,
DRCO,5.02,5.04,5,5,17300,
EGI,0.39,0.39,0.37,0.37,40400,
ELS,78,78.639999,77.610001,78.309998,334800,
EUFX,37.360001,37.360001,37.360001,37.360001,0,
FCBC,15.2,15.42,15.05,15.13,23400,
FCF,7.21,7.26,7.16,7.18,240400,
FDML,10.23,10.41,9.89,10.17,258800,
FELE,34.209999,34.669998,33.939999,34.439999,99800,
FMD,1.19,1.19,1.14,1.17,16300,
FOL,3.3,3.3,3.3,3.3,0,
FORX,47.860001,48.119999,47.650002,47.84,98700,
FSCI,41.1,41.17,41.1,41.11,24100,
FTC,34.68,34.98,34.639999,34.68,29000,
GBLI,23.209999,23.870001,23.049999,23.469999,14700,
GGAL,5.7,5.77,5.62,5.62,74000,
GIB,30.059999,30.23,29.5,29.549999,254600,
GLCH,13.96,14.04,13.96,14,12400,
GLDI,16.530001,16.59,16.52,16.59,3500,
GLDX,16.32,16.32,15.12,15.85,32300,
GMXRQ,0.2,0.21,0.2,0.21,25300,
GSE,1.129,1.129,1.129,1.129,0,
GSIG,8.28,8.42,8.22,8.37,32500,
GSIT,6.74,6.8,6.47,6.66,126100,
GTS,21.629999,22.030001,21.540001,21.91,163400,
GUNR,32.950001,33.200001,32.93,32.990002,280800,
GWX,29.459999,29.620001,29.4,29.450001,98800,
HCKT,5.09,5.17,5.06,5.08,21800,
HDNG,13.95,14.03,13.95,13.95,61100,
HDSN,3.4,3.41,3.309,3.32,173650,
HGR,31.780001,32.169998,31.549999,31.83,60200,
HSON,2.52,2.55,2.47,2.5,96000,
IBCA,6.35,6.44,6.28,6.41,14700,
ICFI,30.360001,30.549999,30.110001,30.23,18400,
IEFA,53.18,53.610001,53.060001,53.330002,85900,
INOD,3.15,3.25,3.11,3.22,46300,
IPCC,57.27,57.810001,57.220001,57.580002,24100,
ISIG,1.97,1.97,1.97,1.97,1000,
KIPO,6.4,6.47,6.31,6.31,14200,
KITDQ,0.43,0.48,0.43,0.45,934400,
KMPR,34.130001,34.529999,33.77,34.209999,126700,
LDL,14.23,14.55,14.05,14.33,30100,
LEDR,10.62,10.7,10.59,10.59,51500,
LEDS,1.85,2.09,1.79,1.96,222200,
LOJN,3.29,3.44,3.29,3.44,7300,
LPTN,4.750002,4.820002,4.660002,4.690002,1700,
LYTS,7.97,8.1,7.89,8.01,21400,
MCS,12.6,12.68,12.42,12.47,19500,
MGRC,32.880001,33.470001,32.709999,33.18,60700,
MPX,7.41,7.42,7.32,7.32,2700,
NEWN,0.1,0.15,0.1,0.11,36700,
NJR,44.91,45.240002,44.830002,44.919998,156000,
NPBC,9.88,9.93,9.78,9.8,336200,
NZD,128.529999,128.839996,126.639999,126.980003,0,
OTEL,9.67,10.99,9.35,10.86,12900,
PPBI,11.51,11.68,11.5,11.61,13600,
PRGX,5.42,5.42,5.32,5.36,6400,
PRO,29.34,29.549999,28.860001,28.91,89300,
PWAVQ,0.014,0.015,0.014,0.014,8400,
QRM,0.5,0.54,0.4964,0.511,45300,
QTEC,29.190001,29.379999,29.059999,29.059999,17500,
RNWK,7.31,7.48,7.3,7.32,20100,
RPT,15.42,15.6,15.2,15.47,397200,
RWL,31.690001,31.98,31.67,31.67,4400,
SBLK,5.66,5.8,5.65,5.7,1300,
SCMR,0.44,0.47,0.44,0.47,730900,
SIGI,23.27,23.49,22.799999,23.17,51600,
SIJ,20.1,20.16,19.959999,19.98,300,
SKA,65.93,66.190002,65.480003,65.5,0,
SMCI,10.79,11,10.76,10.83,64800,
SMTX,2.04,2.04,1.94,1.96,23000,
SNBC,3.09,3.12,3.03,3.05,10700,
SOCL,14.63,14.75,14.52,14.52,3200,
STAN,21.44,21.97,21.16,21.86,113800,
STL,9.35,9.36,9.25,9.28,62600,
STNR,51.759998,52,51.040001,51.279999,33800,
SWS,5.77,5.83,5.68,5.68,24000,
SYMX,0.92,0.92,0.9,0.9,6600,
SYPR,3.1,3.14,3.07,3.07,29400,
TACT,7.92,7.92,7.8,7.91,3500,
TFI,23.459999,23.469999,23.41,23.450001,339500,
TGE,7.27,7.27,7.27,7.27,0,
THR,20.93,20.93,20.51,20.6,153700,
TMS,15.33,15.75,15.3,15.55,47100,
TPI,0.54,0.56,0.52,0.53,25200,
TRNO,18.67,18.950001,18.5,18.73,58000,
TRST,5.56,5.61,5.45,5.47,332400,
TSTC,0.28,0.31,0.28,0.3,3200,
UAMY,1.06,1.07,0.97,0.98,150900,
UBNK,13.23,13.33,13.13,13.16,28200,
UCBI,12.03,12.2,11.95,12.02,86500,
ULBI,3.91,3.96,3.67,3.86,14700,
USMV,32.93,33.209999,32.779999,32.849998,4765200,
USPH,29.07,29.709999,28.82,29.32,22400,
UTY,0.025,0.03,0.025,0.03,2200,
WAVX,0.48,0.5,0.43,0.44,16700,
WWAV.B,16.65,16.9,16.11,16.53,6512200,
XDZ,77.78,78.84,77.61,78.8,0,
ZOOM,0.39,0.41,0.38,0.4,4400,