symbol,open,high,low,close,volume,adjust_close
A,44.379999,44.870001,44.19,44.379999,2796200,
AA,8.199992,8.209991,8.099991,8.109992,4302900,
AAMRQ,4.65,4.69,4.53,4.58,2015100,
AAN,28.540001,28.860001,28.450001,28.84,593900,
AAON,32.559998,32.929986,32.080005,32.230011,83700,
AAP,82.580002,83.449997,82.110001,82.480003,521000,
AAPL,431.439995,435.700012,430.359997,432.000008,64853600,
AAT,31.809999,31.860001,31.450001,31.58,144700,
AAU,1.68,1.69,1.57,1.6,108400,
AAV,4.33,4.34,4.26,4.29,164400,
AAWW,46.549999,46.830002,44.849998,46.130001,191300,
AAXJ,56.389999,56.689999,56.169998,56.380001,265200,
AB,24.52,24.889999,24.129999,24.15,226100,
ABAX,46.84,46.939999,46.419998,46.650002,76400,
ABB,22.52,22.559999,22.219999,22.299999,2791400,
ABBV,43.400002,43.5,42.68,43.009998,3457700,
ABC,55.130001,55.68,55.049999,55.66,2929400,
ABCO,53.68,54.009998,52.889999,53.950001,223100,
ABFS,19.93,19.93,19.12,19.41,397500,
ABG,40.720001,41.119999,40.040001,40.48,158100,
ABM,24.35,24.83,24.32,24.74,170700,
ABMD,21.75,22.030001,21.290001,21.74,461700,
ABR,6.86,6.86,6.53,6.57,264500,
ABT,37.07,37.330002,36.720001,36.889999,6356000,
ABV,36.92,37.3525,36.151,36.39,16042300,
ABX,19.540001,19.73,19.309999,19.42,8120500,
ACAD,19.49,19.709999,18.75,18.92,3148300,
ACAS,13.49,13.56,13.13,13.16,2411400,
ACAT,46.830002,47.200001,46.189999,46.560001,84800,
ACC,39.779999,40,38.959999,39.25,415900,
ACCO,6.86,6.92,6.64,6.74,509000,
ACE,89.129997,89.639999,88.760002,89.510002,1338500,
ACET,12.76,12.97,12.7,12.75,88100,
ACFN,8.2,8.49,8.13,8.36,74100,
ACGL,51.759998,52.27,51.59,52.240002,314000,
ACH,8.49,8.52,8.35,8.42,366100,
ACHC,34.040001,34.919998,33.889999,34.209999,544400,
ACHN,7.78,8.05,7.74,7.93,816400,
ACI,4.26,4.29,3.99,4.09,1104300,
ACIW,44.000001,44.21,43.669999,44.139999,1058100,
ACLS,1.71,1.77,1.71,1.73,58000,
ACM,30.92,31.120001,30.610001,30.780001,471400,
ACMP,46.07,46.93,45.85,46.18,312000,
ACN,81.279999,82.949997,81.110001,82.449997,2473400,
ACO,31.26,32.44,31.26,32.1,76500,
ACOR,34.349998,34.459999,33.650002,34.220001,229600,
ACRE,16.120001,16.120001,15.9,15.93,32700,
ACRX,9.83,10.1,9.53,9.92,473100,
ACT,127.330002,127.57,123.760002,124.940002,1260100,
ACTG,24.959999,25,24.41,24.57,263300,
ACTV,7.35,7.38,7.1,7.19,388400,
ACUR,2.18,2.2,2.12,2.14,255643,
ACW,5.17,5.2,4.93,4.95,190600,
ACWI,52,52.27,51.75,52.02,542600,
ACXM,22.790001,22.98,22.66,22.74,312600,
ADBE,43.220001,43.759998,42.970001,43.389999,2677100,
ADC,31.25,31.549999,31,31.139999,78700,
ADES,38.09,38.32,37.28,38,81400,
ADI,45.110001,46.040001,45.040001,45.950001,2558600,
ADM,33.23,33.5,33.029999,33.27,2386300,
ADNC,13.6,13.87,13.52,13.73,133700,
ADP,68.560005,69.090005,68.390005,68.700004,1931400,
ADS,179.699997,180.389999,177.399994,178.820007,727400,
ADSK,34.900002,35.57,34.880001,35.43,1972700,
ADT,39.540001,40.07,39.240002,39.619999,3908600,
ADTN,23.9,24.120001,23.43,23.74,674400,
ADVS,34.349998,34.540001,33.02,33.84,492800,
ADY,7.39,7.4,7.37,7.38,10600,
AEC,16.17,16.24,15.73,15.82,501300,
AEE,34.279999,34.52,34.029999,34.189999,1517400,
AEG,6.96,6.99,6.87,6.93,799300,
AEGN,23.209999,23.379999,22.629999,23.059999,72900,
AEGR,67.339996,68.599998,62.009998,62.34,1059000,
AEIS,17.559999,17.82,17.200001,17.33,177100,
AEL,16.299999,16.549999,16.280001,16.41,658000,
AEM,30.1,30.709999,29.84,30.559999,816100,
AEO,19.18,19.42,19.01,19.049999,2612700,
AEP,45.75,46,45.41,45.57,3553500,
AER,16.66,16.709999,16.48,16.67,418200,
AERL,3.75,3.75,3.54,3.55,475500,
AES,12.42,12.48,12.18,12.25,4514300,
AET,61.029999,61.970001,60.860001,61.490002,2592600,
AF,10.01,10.07,9.97,10.02,313600,
AFAM,19.74,19.860001,19.42,19.65,22500,
AFCE,34.69,34.72,34.21,34.52,157900,
AFFX,3.58,3.67,3.52,3.67,294600,
AFFY,1.08,1.12,1.02,1.09,1201100,
AFG,48.830002,49.110001,48.68,48.919998,284600,
AFL,57.869999,58.049999,57.34,57.580002,2822800,
AFSI,35.000001,35.880002,35.000001,35.61,785000,
AG,10.78,10.88,10.64,10.77,732000,
AGCO,54.169998,54.830002,53.91,54.34,609700,
AGEN,3.74,3.85,3.7,3.75,212200,
AGG,108.849998,108.940002,108.68,108.699997,1694700,
AGII,41.499996,42.100006,41.049998,41.440004,63800,
AGM,29.07,29.290001,28.65,28.76,23500,
AGN,127.330002,127.57,123.760002,124.940002,1260100,
AGNC,25.65,25.790001,25.15,25.33,8906900,
AGO,22.25,22.620001,22.02,22.08,2594900,
AGQ,21.379999,21.549999,21.24,21.32,261600,
AGRO,7.07,7.09,6.88,6.98,272000,
AGU,89.300003,89.75,89.07,89.330002,474100,
AGX,16.530001,16.92,16.450001,16.65,57900,
AGYS,13.79,13.8,13.61,13.66,98300,
AH,20.8,21.1,20.7,20.7,349100,
AHGP,61.080002,61.560001,60.099998,60.759998,115600,
AHH,11.48,11.65,11.4,11.55,73300,
AHL,37.110001,37.57,37.029999,37.470001,401400,
AHS,14.47,14.59,13.89,13.91,287400,
AHT,14.070001,14.259998,13.710002,13.880005,692200,
AI,28.290001,28.83,28.16,28.309999,159800,
AIG,45.509998,45.599998,44.59,45.150002,14222400,
AIMC,26.98,27.370001,26.709999,27.35,103000,
AIN,33.299999,33.580002,33.099998,33.349998,76100,
AINV,8.14,8.21,8,8.02,3126600,
AIR,21.629999,21.790001,21.4,21.6,115500,
AIRM,39.490002,39.849998,39.200001,39.34,724000,
AIT,48.619999,48.650002,48.220001,48.459999,118900,
AIV,29.09,29.280001,28.57,28.809999,942700,
AIXG,16.68,16.790001,16.5,16.639999,56500,
AIZ,50.82,51.490002,50.709999,51.349998,326100,
AJG,44.549999,44.950001,44.549999,44.849998,444200,
AKAM,43.07,43.650002,42.779999,42.939999,1644300,
AKG,2.49,2.5,2.33,2.38,154700,
AKRX,13.59,13.78,13.46,13.52,480300,
AKS,3.6,3.68,3.39,3.45,8241500,
AL,27.889999,28.24,27.690001,27.85,166900,
ALB,63.59,63.84,62.900002,63.299999,524100,
ALC,11.96,11.96,11.92,11.95,193200,
ALDW,25.25,26.5,25.25,25.9,302700,
ALE,48.830002,49.419998,48.779999,49.16,149000,
ALEX,37.259998,38.889999,37.259998,38.830002,224700,
ALGN,35.490002,36.169998,35.490002,35.869999,366300,
ALGT,101.779999,102.410004,100.010002,102.199997,53900,
ALIM,5.13,5.69,5,5.4,394000,
ALJ,16.4,16.780001,16.23,16.73,476600,
ALK,56.459999,56.720001,54.720001,55.330002,990600,
ALKS,29.76,30.219999,28.75,28.77,1178800,
ALL,47.09,47.66,47.049999,47.419998,2192600,
ALLT,12.24,12.34,12.15,12.24,232700,
ALNY,30.41,30.41,29.620001,29.690001,375800,
ALOG,75.400002,75.75,74.300003,74.690002,44700,
ALR,25.67,25.860001,25.299999,25.48,178400,
ALSK,1.75,1.79,1.73,1.75,360200,
ALSN,23.209999,23.440001,23.049999,23.280001,191000,
ALTR,32.599998,33.130001,32.549999,32.860001,2307900,
ALU,1.92,1.93,1.89,1.9,9451000,
ALV,77.82,78.360001,77.449997,77.970001,699700,
ALXA,4.66,4.67,4.58,4.59,102800,
ALXN,93.129997,93.160004,90.690002,91.32,1058500,
AM,18.45,18.45,18.38,18.42,114300,
AMAG,20.74,20.74,19.950001,20.209999,106200,
AMAT,15.56,15.9,15.56,15.78,13251000,
AMBA,17.85,18.200001,17.6,18.139999,1710600,
AMBC,24.879999,25.200001,24.74,24.84,564800,
AMCC,7.88,8.14,7.72,8.1,720900,
AMCN,1.77,1.8,1.72,1.74,54900,
AMCX,64.360001,64.690002,63.639999,63.709999,629000,
AMD,4.12,4.14,4.02,4.05,31973300,
AME,43.209999,43.209999,41.68,41.900002,1895200,
AMED,13.53,13.65,13.3,13.41,163600,
AMG,167.460007,170,167.360001,168.720001,295800,
AMGN,98.720001,100.089996,98.5,99.080002,3082500,
AMJ,46.689999,46.990002,46.200001,46.369999,427900,
AMKR,4.42,4.48,4.29,4.33,631300,
AMLP,17.68,17.709999,17.610001,17.68,6364400,
AMP,82.660004,83.470001,82.279999,82.639999,1309500,
AMPE,6.28,6.45,5.85,5.96,414700,
AMRC,8.88,9.22,8.82,9.21,176500,
AMRI,11.98,12.46,11.88,12.1,328800,
AMRN,6.76,6.8,6.61,6.62,2437800,
AMRS,2.84,2.84,2.6,2.62,270000,
AMSC,2.32,2.41,2.3,2.3,60300,
AMSG,36.32,36.459999,35.990002,36.209999,64900,
AMSWA,8.42,8.46,8.27,8.45,29900,
AMT,77.720001,77.879997,76.419998,76.919998,2870900,
AMTD,23.73,24.01,23.610001,24,3403400,
AMTG,18.33,18.549999,18.030001,18.08,343500,
AMWD,35.240002,37.23,35.240002,36.490002,116700,
AMX,20.25,20.35,19.99,20.07,3071500,
AMZN,276.350006,280.200012,275.649994,278.059998,2884000,
AN,44.41,44.630001,43.740002,43.98,783900,
ANAC,5.31,5.43,4.95,4.99,444200,
ANAD,2.13,2.13,2.07,2.11,435200,
ANDE,52.590002,53.839994,52.240007,53.509993,129400,
ANEN,24.02,24.03,23.6,23.82,11900,
ANF,49.110001,50.150002,48.73,49.09,1450300,
ANGI,26,27.059999,25.950001,26.540001,661300,
ANGO,11.16,11.16,10.96,11.04,46800,
ANH,5.83,5.85,5.7,5.74,920400,
ANIK,15.93,16.889999,15.77,16.549999,146600,
ANN,31.719999,31.879999,31.309999,31.559999,1203600,
ANR,6.04,6.09,5.5,5.67,20498300,
ANSS,74.129997,76.330002,73.860001,75.849998,539000,
ANV,7.67,7.8,7.48,7.65,1526500,
ANW,9.74,9.77,9.42,9.53,217400,
AOI,3.87,3.9,3.8,3.9,14300,
AOL,36.209999,37.040001,36.16,36.66,1481700,
AON,65.190002,65.730003,64.919998,65.379997,1377900,
AOS,38.790001,39.259998,38.68,39.060001,1031600,
AOSL,7.8,7.8,7.4,7.47,158600,
APA,85.339996,86.919998,85.290001,86.519997,3371800,
APAM,53,53.93,52.869999,53.59,126700,
APC,87,87.699997,86.349998,87.050003,2000000,
APD,96.639997,96.879996,96.249995,96.570001,1894400,
APEI,38.939999,38.939999,37.34,37.959999,132100,
APH,76.760002,79.68,76.699997,79,1912600,
APL,39.18,39.52,37.97,38.07,578400,
APO,23.75,24.48,23.75,24,615100,
APOG,25.440001,25.459999,25.07,25.379999,201000,
APOL,21.15,21.559999,20.65,20.870001,1243600,
APP,1.99,2,1.95,1.95,169000,
APRI,2.85,2.89,2.65,2.66,373200,
APU,47.5,48.080002,46.990002,47.810001,112600,
ARAY,5.85,5.91,5.8,5.87,413100,
ARB,46.89,46.89,46.79,46.85,146600,
ARCC,17,17.110001,16.83,16.84,1979000,
ARCO,12.95,13.17,12.7,12.79,825000,
ARCP,14.94,15,14.79,14.89,3676900,
ARE,68.089996,68.459999,67.080002,67.43,538700,
AREX,24.639999,24.93,24.280001,24.43,151800,
ARG,96.5,96.860001,95.690002,95.940002,743400,
ARI,16.799999,16.950001,16.549999,16.68,279500,
ARIA,18.23,18.389999,17.65,17.809999,863500,
ARII,33.169998,33.200001,32.639999,33,262100,
ARLP,71.400002,72.040001,70.730003,71.410004,109000,
ARMH,38.740002,39.450001,38.450001,38.830002,4565800,
ARNA,7.85,7.88,7.42,7.5,9245400,
ARO,13.86,13.98,13.45,13.49,2090300,
ARP,22.6,22.6,22.43,22.49,498800,
ARPI,19.450001,19.450001,18.48,18.92,172800,
ARQL,2.39,2.42,2.34,2.37,297200,
ARR,4.88,4.89,4.73,4.77,796800,
ARRS,14.47,14.61,14.4,14.55,1020600,
ARRY,5.1,5.18,5.07,5.09,2075600,
ARTC,35.76,35.956,35.26,35.9,137000,
ARUN,14.88,15.2,14.68,14.79,2293700,
ARW,40.18,40.57,39.880001,40.060001,446000,
ARX,7.63,7.75,7.57,7.67,17300,
ASA,13.85,13.85,13.57,13.8,79400,
ASBC,15.15,15.33,15.14,15.22,1197600,
ASCA,26.3,26.48,26.3,26.39,724100,
ASEI,59.41,59.720001,58.77,59.09,16300,
ASFI,8.65,8.7,8.59,8.66,33100,
ASGN,26.58,26.610001,26.120001,26.48,253400,
ASH,86.690002,87.050003,85.879997,86.099998,521600,
ASIA,11.65,11.65,11.6,11.61,131700,
ASMI,34.650002,34.889999,34.470001,34.470001,5800,
ASML,80.449997,80.529999,78.669998,79.269997,1387900,
ASNA,17.780001,17.799999,17.549999,17.68,1635200,
ASPS,98.620003,100.269997,97.699997,99.400002,171300,
ASR,113.129997,113.220001,109.379997,110.760002,87300,
ASTE,34.919998,34.919998,34.049999,34.34,39000,
ASTI,0.72,0.79,0.72,0.75,34100,
ASTX,4.61,4.92,4.61,4.88,1549700,
ASYS,5.15,5.15,4.74,4.89,26500,
AT,4.77,4.84,4.65,4.65,882800,
ATAX,6.86,6.91,6.85,6.85,59900,
ATHN,89.260002,90.900002,88.220001,90.290001,201300,
ATHX,1.63,1.64,1.61,1.62,142400,
ATI,27.950001,28.15,27.84,28.040001,1020500,
ATK,80,80.49,79.64,79.85,115200,
ATLC,3.55,3.82,3.55,3.81,3300,
ATLS,14.57,14.72,14.57,14.66,363307,
ATMI,24.12,24.35,23.94,24.11,72400,
ATML,7.81,7.92,7.77,7.84,5801700,
ATNI,50.290001,50.5,48.689999,49.23,36000,
ATO,40.77,40.919998,40.419998,40.740002,285100,
ATPAQ,0.0737,0.0825,0.0737,0.08,142100,
ATR,57.32,57.43,56.939999,57.139999,164000,
ATRS,4.15,4.15,4.03,4.09,884000,
ATSG,6.69,6.72,6.39,6.47,118400,
ATU,32.959999,33.25,32.389999,32.759998,512000,
ATVI,14.69,14.84,14.56,14.73,7018300,
ATW,55.299999,56.060001,55.25,55.66,469700,
AU,16.25,16.469999,16.209999,16.4,1276800,
AUDC,4.47,4.55,4.43,4.48,85100,
AUM,96.160004,96.199997,95.099998,95.470001,0,
AUMN,1.57,1.86,1.57,1.86,480700,
AUO,4,4.02,3.97,3.97,1805400,
AUQ,4.83,4.86,4.66,4.82,1930700,
AUX,103.99,105.16,103.95,104.55,0,
AUXL,17.48,17.59,17.02,17.24,528500,
AUY,11.17,11.32,11.11,11.3,3511000,
AVA,27,27.24,26.719999,26.77,205000,
AVAV,19.73,19.809999,19.620001,19.700001,213000,
AVB,135.309998,136.029999,133.490005,134.259995,855400,
AVD,29,29.08,28.540001,28.68,252800,
AVEO,2.6,2.65,2.54,2.65,605500,
AVG,18.59,18.969999,18.309999,18.870001,616200,
AVGO,37.799999,38.34,37.73,38.09,2472700,
AVHI,14.27,14.27,13.98,14.16,41900,
AVID,6.3,6.4,6.1,6.22,70300,
AVIV,26.84,27,26.37,26.48,141300,
AVL,0.69,0.7,0.67,0.67,150800,
AVNR,4.62,4.78,4.42,4.52,4558100,
AVP,22.959999,23.469999,22.9,23.389999,3603200,
AVSPY,132.75,133.53,132.08,132.75,0,
AVT,34.310001,34.529999,34.099998,34.240002,863100,
AVX,12,12,11.87,11.88,129800,
AVY,43.310001,43.709999,43.150002,43.439999,301300,
AWAY,30.34,30.34,29.16,29.870001,932800,
AWC,30.325,30.325,30.325,30.325,0,
AWH,93,93.650002,92.770002,93.549997,559800,
AWI,50.52,51,50.099998,50.389999,234800,
AWK,41.189999,41.560001,40.950001,41.049999,1338600,
AWR,53.529999,54.32,53.529999,53.93,177600,
AWRE,5.21,5.35,5.21,5.26,61300,
AXAS,2.18,2.24,2.17,2.19,530700,
AXE,77.290001,77.43,76.57,76.93,274800,
AXL,18.67,18.73,18.16,18.299999,1182100,
AXLL,45,45.139999,44.279999,44.900002,1049600,
AXP,73.690002,74.209999,73.389999,73.839996,6020900,
AXS,45.84,46.610001,45.830002,46.59,1124800,
AXTI,2.78,2.78,2.73,2.74,70900,
AXU,1.32,1.34,1.17,1.18,420300,
AYI,76.389999,77.040001,75.93,76.860001,218600,
AYR,15.33,15.57,15.18,15.52,435700,
AZC,2.26,2.31,2.22,2.22,37900,
AZN,51.189999,51.360001,50.84,50.970001,3807800,
AZO,429.809998,429.809998,420.480011,424.829987,350400,
AZPN,29.459999,30.01,29.35,29.639999,524300,
AZZ,43.09,43.09,42.290001,42.91,93500,
B,29.42,29.5,29.200001,29.48,184700,
BA,102.690002,103.519997,102.519997,103.029999,4217400,
BAA,1.09,1.12,1.01,1.11,806500,
BABY,14.12,14.19,13.97,14.08,54000,
BAC,13.17,13.26,13.13,13.21,115441500,
BAH,17.309999,17.450001,17.040001,17.16,196200,
BAK,14.6,14.6,14.26,14.44,161600,
BAL,56.610001,57.459999,56.389999,56.860001,31800,
BALT,3.72,3.72,3.61,3.61,59500,
BAM,35.670001,36.36,35.629998,36.220005,1288600,
BANR,32.57,32.639999,32.48,32.57,75300,
BAP,130.750012,132.77001,129.859999,132.179992,343100,
BAS,13.05,13.39,13,13.3,557600,
BAX,71.000001,71.130001,70.21,70.73,4103000,
BAXS,2.3,2.34,2.18,2.3,35000,
BBBY,71.599998,72,70.669998,71.220001,1280000,
BBCN,12.61,12.75,12.38,12.47,409000,
BBD,14.03,14.11,13.81,13.960001,8262100,
BBEP,18.370001,18.57,18.18,18.35,408000,
BBG,22.299999,22.799999,22.09,22.77,612500,
BBH,69.559998,69.669998,68.220001,68.470001,63700,
BBL,57.130001,57.41,56.66,57.029999,1283600,
BBOX,26.23,26.299999,25.709999,26.23,53200,
BBRG,18.780001,19.09,18.6,18.85,93900,
BBRY,14.6,14.65,14.18,14.3,12316700,
BBT,33.049999,33.380001,32.860001,33.110001,3553200,
BBVA,9.1,9.16,8.99,9.07,1182600,
BBW,6.18,6.33,6.04,6.09,28700,
BBX,12.58,12.75,12.49,12.75,17700,
BBY,27.02,27.48,26.969999,27.41,4270000,
BC,30.969999,31.17,30.58,30.969999,1006900,
BCC,26.67,27.42,26.59,27.27,254200,
BCE,43.779999,44.09,43.299999,43.470001,853100,
BCEI,37.279999,38.189999,37.130001,37.66,398400,
BCO,26.91,26.92,26.59,26.75,66200,
BCOR,18.549999,18.74,18.43,18.540001,175000,
BCOV,8.29,8.74,8.29,8.59,527500,
BCPC,45.380001,46.169998,45.330002,45.880001,62300,
BCR,111.779999,111.949997,109.769997,110.629997,572400,
BCRX,1.7,1.71,1.67,1.7,295500,
BCS,18.65,18.8,18.41,18.55,1620166,
BDBD,12.18,12.34,12.01,12.14,303400,
BDC,50.93,51.439999,50.529999,51.299999,246600,
BDE,9.08,9.24,9.01,9.16,166500,
BDN,13.87,14,13.69,13.78,990300,
BDSI,4.45,4.5,4.37,4.44,111600,
BDX,99.580002,100.660004,99.099998,100.169998,943400,
BEAM,65.75,65.998,64.84,64.99,515800,
BEAT,5.75,6.27,5.75,6.11,2357600,
BEAV,64.72,65.279994,64.000004,65.220006,1172500,
BEBE,5.85,5.86,5.51,5.66,61200,
BECN,40.93,41.23,40.32,40.66,254300,
BEE,9.11,9.33,8.99,9.03,3304300,
BEN,147.949997,148.840004,146.559998,147.27,3201000,
BERY,23.75,24.200001,23.459999,24.15,481700,
BF.B,70.260002,71.150002,70.080002,70.580002,242500,
BFAM,33.369999,33.689999,33.25,33.259998,132800,
BG,71.029999,71.43,70.309998,71.139999,689400,
BGC,33.150002,33.18,32.689999,33.060001,395100,
BGCP,5.85,5.91,5.83,5.85,1216000,
BGFV,21.66,21.75,21.290001,21.5,246400,
BGG,20.559999,20.67,20.32,20.559999,424900,
BGS,32.799999,33.200001,32.720001,33.130001,346400,
BHE,19.549999,19.719999,19.440001,19.530001,207100,
BHI,46.380001,46.75,46.049999,46.43,3113600,
BHP,63.240002,63.59,62.790001,63.27,2070300,
BIB,94.019997,95,90.669998,91.629997,108800,
BID,38.580002,38.799999,38.400002,38.580002,737200,
BIDU,98.900002,99,96.150002,96.760002,3888700,
BIG,33.509998,34.080002,33.349998,33.830002,987300,
BIIB,214.009995,216,206.619995,207.75,1650000,
BIO,112.18,113.690002,111.940002,113.550003,84100,
BIOD,4.37,4.48,4.33,4.39,294800,
BIOL,3.910016,4.360018,3.850013,4.280016,655500,
BIOS,15.55,16.16,15.32,15.79,1119300,
BIP,36.599999,36.919999,36.500001,36.660001,443400,
BIRT,6.76,6.86,6.57,6.64,137800,
BITA,12.04,12.17,12,12.04,53000,
BIV,85.889999,85.940002,85.510002,85.599998,311000,
BJRI,38.369999,38.720001,38.040001,38.16,112700,
BK,29.370001,29.610001,29.139999,29.370001,5411800,
BKCC,9.58,9.71,9.5,9.6,533600,
BKD,27.719999,27.92,27.440001,27.559999,1050400,
BKE,54.229996,54.35,53.040001,53.479993,245500,
BKF,35.91,36.139999,35.639999,35.830002,249700,
BKH,48.509998,48.810001,47.810001,48.209999,89300,
BKI,37.26,37.39,37.23,37.26,234300,
BKLN,24.9,24.91,24.84,24.860001,2186700,
BKMU,5.7,5.76,5.65,5.72,48800,
BKS,19.59,20.01,19.29,19.430001,1394700,
BKU,25.110001,25.59,25.07,25.459999,461300,
BKW,20.85,21.73,20.83,21,2102900,
BKX,60.4,60.89,60.3,60.62,0,
BLC,14.02,14.21,14.01,14.19,8711500,
BLDP,1.9,1.9,1.76,1.8,643500,
BLDR,6.59,6.84,6.51,6.84,222800,
BLK,272.559998,278.079987,271,275.98999,762700,
BLKB,32.25,34.23,32.25,34.150002,371200,
BLL,43.580002,43.689999,43.099998,43.27,749700,
BLMN,24.07,24.860001,23.879999,24.73,1416100,
BLOX,27.5,28,27.26,27.5,798400,
BLT,13.01,13.02,12.77,12.79,181000,
BLV,88.279999,88.650002,87.650002,87.75,43300,
BLX,22.25,22.459999,22.209999,22.42,100300,
BMC,45.15,45.2,45.09,45.14,1119400,
BMI,44.110001,44.150002,43.200001,43.580002,82000,
BMO,59.57,59.75,59.299999,59.360001,354900,
BMR,20.66,20.799999,20.24,20.309999,1381600,
BMRN,58.75,59.200001,57.889999,58.169998,1000100,
BMS,39.610001,40.02,39.549999,39.98,670900,
BMY,46.970001,47.080002,46.130001,46.439999,9537100,
BNCL,8.560005,8.570003,8.500005,8.53,82600,
BND,82.139999,82.18,82.010002,82.059998,1028600,
BNNY,40.85,41.53,40.25,41,248700,
BNO,80.82,80.970001,80.190002,80.379997,81200,
BNS,56.18,56.57,56.130001,56.23,368300,
BOBE,47.509998,47.75,46.689999,47.189999,158700,
BODY,12.69,12.92,12.44,12.63,32300,
BOFI,46.490002,47.110001,46.25,47.060001,301600,
BOH,49.07,49.490002,48.810001,49.110001,290900,
BOIL,42.220001,43.919998,42.049999,43.59,29500,
BOKF,63.009998,63.380001,62.639999,62.98,45900,
BOLT,16.59,16.89,16.5,16.69,23800,
BONA,3.9,4.35,3.84,4.02,233700,
BOND,107.690002,107.849998,107.349998,107.410004,437500,
BONT,20.68,21,20.24,20.65,155400,
BOOM,16.74,16.75,16.5,16.74,32400,
BORN,1.22,1.28,1.22,1.23,7300,
BOTA,3.45,3.46,3.45,3.46,6700,
BP,43.200001,43.41,43.150002,43.259998,4372900,
BPAX,1.22,1.3,1.2,1.29,389800,
BPFH,10.01,10.07,9.83,9.92,265500,
BPI,12.54,12.8,12.53,12.6,228000,
BPL,67.57,68.43,67.550003,68.010002,343800,
BPO,17.26,17.29,16.95,17.04,399400,
BPOP,28.889999,29.120001,28.469999,28.799999,514500,
BPT,92.489998,94.440002,92.379997,94.050003,184200,
BPX,63.639999,63.759998,63.490002,63.610001,0,
BPY,21.08,21.42,20.9,20.91,104700,
BPZ,1.85,1.85,1.81,1.82,347900,
BR,26.690001,26.969999,26.639999,26.77,588800,
BRC,30.98,30.98,30.43,30.75,248300,
BRCD,5.98,6,5.74,5.78,7691100,
BRCM,34.07,34.470001,34.07,34.279999,6624400,
BRE,48.97,49.12,48.61,48.76,772100,
BREW,7.72,7.9,7.61,7.83,31400,
BRF,34.580002,34.66,33.810001,34.060001,110200,
BRFS,21.610001,21.83,21.25,21.4,1480900,
BRK.B,114.75,115.57,113.830002,114.919998,3509400,
BRKL,8.4,8.41,8.34,8.4,199100,
BRKR,16.48,16.610001,16.200001,16.530001,837600,
BRKS,10.3,10.41,10.13,10.23,120000,
BRLI,29.4,29.47,28.62,28.93,225700,
BRO,32.560001,32.900002,32.52,32.77,490100,
BRS,65,65,64.25,64.790001,88800,
BRY,43.39,43.39,41.55,42.16,580500,
BSAC,24.18,24.33,23.879999,24.059999,423100,
BSBR,6.76,6.89,6.72,6.89,5258000,
BSDM,1.24,1.28,1.24,1.26,32200,
BSET,14.52,14.65,14.19,14.52,14700,
BSFT,29.559999,30.280001,28.99,29.139999,211900,
BSMX,15.2,15.2,14.68,14.73,1562500,
BSRR,14.49,14.59,14.35,14.55,20800,
BSX,9.54,9.75,9.54,9.64,9841500,
BTE,37.259998,37.759998,37.259998,37.52,81700,
BTH,14.4,14.5,14,14.04,84300,
BTI,109.809998,110.5,109.019997,109.540001,147100,
BTN,4.25,4.25,4.19,4.2,107500,
BTU,17.030009,17.140007,16.540009,16.800007,371700,
BTX,3.93,3.95,3.85,3.9,118200,
BUD,94.769997,95.059998,94.279999,94.669998,2350500,
BUSE,4.429995,4.429995,4.349996,4.379996,28600,
BV,9.37,9.59,9.23,9.47,656900,
BVN,17.559999,18.219999,17.49,18,1349600,
BWA,85.370003,86.68,85.25,86.290001,2035600,
BWC,30.370001,30.52,30.18,30.24,295500,
BWEN,4.25,4.25,4.05,4.13,52300,
BWLD,97.589996,98.709999,96.470001,97.169998,180800,
BWP,29.959999,30.15,29.76,30.1,865400,
BWS,21.33,21.5,21.11,21.35,309000,
BWX,59.040001,59.130001,58.810001,59.049999,535600,
BX,21.219999,21.790001,21.209999,21.49,3478700,
BXP,110.809998,111.519997,110.190002,111.230003,1177200,
BXS,16.530001,16.629999,16.35,16.43,495300,
BYD,11.67,12.1,11.67,11.75,1636100,
BYI,57.15,57.83,56.95,57.3,437100,
BZ,8.77,8.78,8.565,8.63,941100,
BZF,18.4,18.4,18.18,18.27,48800,
BZH,19.99,20.49,19.84,19.91,1084800,
BZQ,83.099998,85.449997,81.989998,83.940002,28600,
C,49.810001,50.389999,49.049999,49.360001,32128600,
CA,28.389999,28.73,28.35,28.59,3121000,
CAAS,5.05,5.08,5.01,5.01,13100,
CAB,66.949997,67.419998,66.339996,67.080002,664200,
CACI,63.209999,63.5,62.549999,63.150002,237200,
CADX,6.97,7.11,6.83,6.93,217000,
CAG,34.229999,34.669999,34.229999,34.589998,3029600,
CAH,48.09,48.43,47.950001,48.25,2221900,
CAJ,33.23,33.540001,32.970001,33.18,367900,
CAK,0.58,0.58,0.55002,0.58,180600,
CAKE,41.91,42,41.470001,41.66,508400,
CALD,6.23,6.37,6.11,6.35,100000,
CALL,15.41,15.84,15.23,15.36,304900,
CALM,46.68,46.880001,46.110001,46.310001,80600,
CALX,10.42,10.56,10.39,10.51,113400,
CAM,62.84,63.959999,62.75,63.650002,1700600,
CAMP,13.48,13.49,13.09,13.26,121800,
CAP,26.75,26.799999,26.450001,26.6,72900,
CAR,30.9,30.950001,30.120001,30.540001,2210900,
CARB,12.98,13.26,12.76,13.15,83600,
CAS,17.07,17.200001,16.9,17.120001,536400,
CASY,61.709999,62.630001,60.91,61.349998,526800,
CAT,83.550003,84.43,83.419998,83.919998,4389500,
CATM,29.360001,29.93,29.1,29.59,426300,
CATO,25.219999,25.27,25.02,25.139999,67400,
CATY,19.83,19.870001,19.4,19.59,225200,
CAVM,33.599998,34,33.009998,34,375300,
CB,89.129997,89.639999,88.760002,89.510002,1338500,
CBAK,1.23,1.39,1.22,1.26,338200,
CBB,3.2,3.26,3.07,3.13,266000,
CBD,46.970001,47.110001,45.970001,46.330002,323400,
CBEY,8.45,8.56,7.81,7.92,229800,
CBF,18.030001,18.33,17.530001,18.1,316100,
CBG,22.870001,22.969999,22.629999,22.809999,2042300,
CBI,59.700001,60.400002,59.18,59.919998,1243700,
CBK,6.67,6.73,6.2,6.26,400000,
CBL,22.75,22.93,22.209999,22.379999,1186300,
CBLI,1.58,1.6,1.53,1.58,6100,
CBM,13.99,14.14,13.81,13.98,49300,
CBOE,42.939999,43.18,42.799999,43.130001,606800,
CBR,3.77,3.77,3.59,3.68,179000,
CBRL,96.18,96.739998,92.550003,93.099998,322800,
CBS,47.91,48.09,47.52,47.790001,5520700,
CBS.A,48.02,48.02,47.509998,47.599998,10300,
CBSH,43.090146,43.500132,43.000136,43.320136,350900,
CBST,50.45,50.475,49.78,49.97,636000,
CBT,37.389999,38.939999,37.389999,38.439999,539800,
CBU,29.02,29.09,28.67,28.889999,72900,
CBZ,6.72,6.75,6.58,6.69,196300,
CCC,17.08,17.26,16.77,16.860001,713700,
CCE,36.459999,36.650002,35.990002,36.189999,2136700,
CCG,12.03,12.13,11.92,12,601800,
CCI,70.739998,70.949997,70.099998,70.339996,2731200,
CCIX,20.06,20.24,19.59,19.96,144100,
CCJ,21.07,21.34,20.98,21.24,1233300,
CCK,42.720001,42.740002,42.41,42.490002,779800,
CCL,33.959999,34.220001,33.549999,33.700001,4563500,
CCM,4.159998,4.159998,4.150003,4.150003,3700,
CCMP,34.57,34.720001,33.77,34.110001,52900,
CCO,7.39,7.48,7.35,7.42,127700,
CCOI,27.790001,28.059999,27.49,27.67,152800,
CCRN,5.05,5.21,5,5.04,95300,
CCUR,8.02,8.05,7.89,7.99,63800,
CDD,101.57,102.059998,101.529999,101.849998,0,
CDE,14.04,14.08,13.82,13.94,976000,
CDI,14.65,14.86,14.5,14.61,104100,
CDNS,14.91,15.09,14.87,15.05,1617200,
CDR,5.56,5.73,5.54,5.71,324200,
CDZI,5.6,5.99,5.5,5.58,121900,
CE,48.060001,48.150002,47.34,47.580002,740900,
CEB,61.290001,61.290001,59.970001,60.200001,83500,
CEC,0.73081,0.73081,0.74006,0.74006,371900,
CECE,11.96,12.33,11.94,12.2,109400,
CECO,2.8,2.97,2.8,2.88,1080800,
CEL,9.3,9.4,9.28,9.4,95700,
CELG,120.43,121.269997,117.349998,117.699997,4440200,
CENTA,7.43,7.48,7.35,7.47,390300,
CENX,10,10.1,9.91,10.05,1078500,
CEO,174.410004,174.559998,172.759995,173.889999,175400,
CERN,98.82,99.260002,97.860001,98.220001,1310000,
CERS,4.59,4.6,4.48,4.55,418300,
CETV,3.32,3.46,3.29,3.39,512900,
CEVA,18.24,18.33,18.01,18.25,320300,
CF,185.349998,185.879993,183.500004,184.880009,4412000,
CFI,17.67,18.25,17.52,18.219999,39300,
CFN,38.07,38.33,37.61,37.95,1878000,
CFNL,14.96,15.07,14.82,14.93,62700,
CFR,63.830002,64.129997,63.66,63.98,258900,
CFX,52.799999,52.950001,52.220001,52.599998,461900,
CG,26.93,27.040001,26.530001,26.68,734900,
CGA,2.82,2.85,2.8,2.81,48600,
CGEN,6.37,6.43,6.22,6.23,54300,
CGG,23.969999,24.16,23.91,23.91,0,
CGI,19.5,19.58,19.35,19.450001,95200,
CGNX,45.279999,45.450001,44.849998,45.279999,377800,
CGX,48.75,48.94,47.0422,47.54,26300,
CHCO,39.02,39.209999,38.75,39,13500,
CHD,61.700001,62.299999,61.560001,61.919998,1007000,
CHDN,80.389999,80.849998,78.980003,79.260002,32300,
CHDX,15.91,15.99,15.5,15.71,17800,
CHE,73.029999,73.129997,72.349998,72.860001,174400,
CHEF,17.68,17.940001,17.68,17.68,92100,
CHFC,25.799999,25.93,25.110001,25.530001,26200,
CHH,40.360001,40.889999,40.360001,40.669998,54900,
CHIQ,13.92,14.05,13.89,13.93,124300,
CHK,20.89,21.180002,20.89,21.04,11380400,
CHKP,48.84,49.700001,48.779999,49.529999,1247700,
CHKR,14.49,14.87,14.4,14.68,60500,
CHL,49.799999,50.25,49.650002,50.16,963000,
CHLN,2.04,2.13,2.03,2.07,5500,
CHMT,22.139999,22.26,21.969999,22.120001,377200,
CHOP,2.17,2.2,2.12,2.18,1600,
CHRW,56.959999,57.240002,56.439999,56.900002,1036800,
CHS,17.040001,17.209999,16.959999,17.059999,2093500,
CHSP,22.190001,22.280001,21.68,21.799999,235400,
CHT,31.82,32.009998,31.790001,31.99,108600,
CHTP,2.46,2.76,2.46,2.58,1908500,
CHTR,117.510002,119.239998,116.610001,117.720001,1087300,
CHU,13.56,13.7,13.53,13.63,311700,
CHUY,39.549999,40.509998,39.150002,39.799999,258400,
CI,68.620003,69.029999,67.870003,68.279999,1777000,
CIB,57.610001,58.34,57.57,57.689999,211200,
CIE,26.17,26.5,26,26.360001,3031100,
CIEN,20.25,20.459999,19.93,20.1,3340900,
CIG,9.439996,9.580001,9.390006,9.470005,2400200,
CIM,3.11,3.15,3.05,3.08,1187400,
CINF,46.18,46.919998,46.029999,46.830002,778300,
CIS,1.75,1.76,1.73,1.73,30172,
CISG,6.33,6.45,6.19,6.29,38300,
CIT,46.43,47.4,46.43,46.65,1663328,
CJES,19.34,19.58,19.16,19.309999,352100,
CKEC,16.93,17.280001,16.799999,17.26,269000,
CKH,79.989998,80.459999,79.860001,80.110001,141100,
CKP,14.56,14.91,14.51,14.75,207300,
CKSW,8.17,8.19,8.04,8.11,111900,
CL,59.099998,59.919998,59.029999,59.639999,3724200,
CLB,142.240005,150.960007,142.119995,149.779999,634500,
CLC,54.700001,54.939999,54.23,54.880001,227700,
CLD,17.799999,18.07,17.51,17.780001,616600,
CLDT,16.709999,16.879999,16.58,16.700001,212700,
CLDX,16.25,16.41,15.6,15.81,1413300,
CLF,17.940001,18.16,17.43,17.690001,9073900,
CLGX,24.129999,24.23,23.540001,23.58,569600,
CLH,55.23,55.450001,54.82,54.959999,356700,
CLI,24.82,24.969999,24.540001,24.709999,1135500,
CLMS,10.74,10.8,10.61,10.73,90700,
CLMT,36.400002,36.650002,36.040001,36.16,361400,
CLNE,13.06,13.17,12.97,13.07,573500,
CLNY,21,21.129999,20.41,20.459999,599000,
CLP,4000,4000,4000,4000,0,
CLR,87.129997,88.639999,86.699997,87.5,1819800,
CLS,9.66,9.98,9.66,9.8,264700,
CLSN,1.260001,1.280001,1.120001,1.21,1506900,
CLW,48.57,48.57,47.990002,48.240002,86700,
CLWR,4.6,4.66,4.55,4.63,7005600,
CLX,85.769997,86.610001,85.599998,86.139999,663600,
CM,76.139999,76.410004,75.730003,75.970001,146700,
CMA,37.669998,37.77,37.34,37.59,1582900,
CMC,14.74,14.93,14.65,14.82,1086000,
CMCO,20.98,21.15,20.959999,21.129999,33900,
CMCSA,40.169998,40.580002,39.700001,40.080002,19701800,
CMCSK,38.720001,38.98,38.279999,38.52,1627100,
CME,74.769997,76.68,74.459999,76.389999,3260200,
CMG,370.5,372.109985,365,367.679993,257200,
CMI,116.610001,117.370003,115.300003,116.059998,1446100,
CMLP,22.709999,22.92,22.42,22.77,51400,
CMN,33.769996,33.790006,33.520005,33.739995,143500,
CMO,12.65,12.73,12.4,12.44,800500,
CMP,85.559998,86.18,84.779999,85.260002,110800,
CMRE,17.559999,17.6,17.190001,17.299999,63100,
CMS,27.559999,27.709999,27.280001,27.4,2012200,
CMTL,26.65,26.809999,26.1,26.4,66700,
CNA,32.639999,32.639999,32.02,32.310001,185600,
CNC,50.68,51.900002,50.490002,50.810001,962400,
CNDO,9.38,9.5,9.02,9.1,278700,
CNH,43.36,43.74,42.43,42.71,311100,
CNI,98.650002,98.760002,97.43,97.959999,1164400,
CNIT,2.8,2.89,2.8,2.8,22900,
CNK,28.639999,28.799999,28.42,28.58,715800,
CNL,45.720001,46.07,45.540001,45.75,297200,
CNMD,32.529999,32.580002,31.790001,31.99,73400,
CNO,12.75,12.9,12.69,12.8,1363500,
CNP,23.85,23.9,23.43,23.540001,2597700,
CNQ,28.92,29.58,28.870001,29.469999,1928200,
CNQR,79.71,80.01,78.94,79.66,222600,
CNS,36.490002,37.549999,36.490002,37.459999,119500,
CNSI,30,30,29.530001,29.620001,62000,
CNSL,17.549999,17.82,16.85,17.02,163200,
CNW,39.389999,39.599998,38.650002,39.189999,563800,
CNX,32.150002,32.490002,31.65,31.959999,1835500,
COCO,2.18,2.22,2.06,2.12,806000,
CODE,1.12,1.12,1.12,1.12,0,
CODI,17.309999,17.48,17.209999,17.27,125500,
COF,61.419998,62.040001,60.869999,62,3936700,
COG,70.470001,71.519997,70.309998,71.309998,3150400,
COGO,1.93,2.03,1.89,1.98,589500,
COH,58.799999,59.490002,57.779999,58.130001,4015700,
COHR,57.110001,57.73,56.25,57.119999,41600,
COHU,11.6,11.74,11.47,11.6,45300,
COL,64.980003,65.129997,64.139999,64.440002,802800,
COLB,21.950001,22.129999,21.84,21.940001,362200,
COLM,61.919998,62.189999,61.529999,61.919998,122600,
CONE,21.48,21.530001,21.02,21.1,105700,
CONN,52.200001,52.509998,51.5,52.43,427600,
COO,122.169998,124.080002,121.709999,122.800003,359600,
COP,61.450001,62.049999,61.439999,61.939999,3664000,
COR,31.09,31.74,31.09,31.51,145300,
CORE,61.950001,61.970001,61.009998,61.68,95600,
CORN,40,41.060001,39.98,41.009998,56000,
CORR,7.74,7.74,7.25,7.27,52300,
CORT,1.84,1.84,1.79,1.81,115300,
COST,111.75,112.5,110.940002,111.699997,1441700,
COT,7.99,8.08,7.9,7.98,214400,
COV,60.6,60.83,59.81,60.34,3166700,
COW,26.48,26.780001,26.450001,26.620001,351000,
COWN,3.16,3.23,3.07,3.17,395500,
CP,124.639999,124.82,122.099998,122.75,746700,
CPA,137.610001,139.419998,136.309998,139.259995,295800,
CPB,44.98,45.400002,44.779999,45.130001,1123000,
CPE,3.54,3.54,3.46,3.53,90700,
CPF,17.780001,17.82,17.4,17.540001,105000,
CPHD,33.650002,33.860001,33.400002,33.5,243000,
CPIX,5.12,5.12,5.01,5.04,21800,
CPL,19.679944,19.779943,19.459941,19.579941,311000,
CPLA,43.400002,43.779999,41.509998,41.84,115200,
CPLP,9.5,9.55,9.2,9.26,164800,
CPN,21.700001,21.889999,21.559999,21.57,5041700,
CPRT,31.25,31.700001,31.24,31.57,1057600,
CPSI,51.080002,51.740002,50.759998,51,88700,
CPSS,7.46,7.94,7.45,7.73,223600,
CPT,66.610001,66.860001,65.529999,65.889999,526700,
CPWR,10.6305,10.6305,10.4577,10.5441,478700,
CQB,11.02,11.07,10.89,10.95,136000,
CQP,27.950001,28.02,27.719999,27.93,233800,
CQQQ,26.549999,26.73,26.440001,26.57,2300,
CR,59.549999,60,59.150002,59.43,177700,
CRAY,19.540001,20.200001,19.49,20.15,441000,
CREE,62.950001,63.639999,62.48,62.93,1042400,
CRH,20.879999,21.059999,20.719999,20.860001,69800,
CRI,72.860001,73.669998,72.5,73.290001,897300,
CRIS,3.46,3.57,3.38,3.44,228600,
CRK,16.82,17.210001,16.74,17.030001,126800,
CRL,42.93,43.490002,42.900002,43.209999,370200,
CRM,37.220001,38.82,37.080002,38.220001,6521400,
CRME,2.06,2.06,2,2.01,13100,
CRMT,42.490002,43.52,42.299999,43.240002,84900,
CRNT,3.74,3.75,3.58,3.62,32000,
CROC,42.5,43.110001,41.720001,42.73,23700,
CROX,16.559999,16.610001,16.24,16.35,630700,
CRR,68.650002,71.059998,68.489998,70.620003,318500,
CRRC,13.63,13.99,13.49,13.91,16400,
CRS,47.709999,48,47,47.110001,261800,
CRTX,8.86,8.86,8.17,8.61,144000,
CRUS,18.049999,18.110001,17.860001,17.99,1247600,
CRY,6.18,6.21,6.02,6.08,42900,
CRZO,27.139999,28.16,27.139999,28.15,1310400,
CS,28.690001,28.809999,28.33,28.540001,584200,
CSC,45.189995,45.659998,45.089999,45.199998,2803700,
CSCO,24.26,24.959999,24.23,24.700001,46042800,
CSE,9.28,9.43,9.25,9.43,1237500,
CSGP,116.410004,119.690002,115.239998,118.449997,105900,
CSGS,21.58,21.700001,21.5,21.610001,63200,
CSH,48.149994,48.149994,47.230001,47.789993,224800,
CSII,21.93,22.67,21.91,22.370001,266700,
CSIQ,9.57,10.56,9.41,10.12,7347300,
CSL,66.300003,66.419998,65.660004,66.059998,420000,
CSOD,44.310001,44.669998,43.869999,44.639999,532700,
CST,32.41,32.950001,32.349998,32.650002,775500,
CSTE,28.200001,28.43,27.860001,28.290001,99200,
CSTM,15.26,15.26,14.95,15.03,315000,
CSTR,58.42,60.22,58.38,58.86,411800,
CSU,25.700001,25.73,24.85,25.16,128500,
CSUN,2.13,2.2,2.01,2.02,257500,
CSV,18.92,19.139999,18.66,18.91,62500,
CSX,25.07,25.110001,24.620001,24.84,8150600,
CTAS,45.75,46.040001,45.59,45.900002,222000,
CTB,33.32,33.400002,33.07,33.200001,3205300,
CTCM,11.96,11.96,11.72,11.8,393500,
CTCT,16.41,16.5,16.290001,16.389999,559900,
CTGX,23.62,23.92,23.36,23.8,28300,
CTIC,1.23,1.25,1.21,1.25,1055200,
CTL,36.290001,36.59,35.68,35.990002,3641800,
CTRN,14.29,14.29,14.07,14.15,44500,
CTRP,34.380001,34.959999,33.740002,34.889999,2578900,
CTRX,53.700001,54.110001,53.360001,53.529999,1371900,
CTS,12.51,12.51,12.03,12.2,187100,
CTSH,63.599998,64.209999,63.369999,63.459999,6664000,
CTXS,61.76,62.219998,61.249999,61.350001,2724200,
CU,22.879999,22.969999,22.790001,22.969999,4300,
CUB,48.549999,49.200001,48.34,49.119999,122800,
CUBE,16.709999,17.16,16.48,16.58,1335800,
CUI,5.38,5.43,5.27,5.33,26856,
CUK,35.139999,35.299999,34.68,34.830002,95600,
CUTR,9.07,9.2,9.03,9.14,135000,
CUZ,9.73,9.87,9.670001,9.810001,1673300,
CVA,20.1,20.51,20.1,20.309999,1237000,
CVBF,11.15,11.2,11.04,11.12,361000,
CVC,14.76,15.24,14.7,15.13,4361500,
CVD,76.07,79.5,75.86,78.43,991500,
CVE,29.25,29.690001,29.209999,29.48,805700,
CVG,18.25,18.4,18.110001,18.280001,387600,
CVGI,8.26,8.33,8.1,8.16,63300,
CVGW,28,28.17,27.01,27.290001,66400,
CVI,56.049999,56.130001,54.48,55.009998,397400,
CVLT,75.440002,77,75.080002,76.910004,525800,
CVO,2.16,2.17,2.09,2.1,30900,
CVRR,30.610001,30.799999,30.5,30.74,528300,
CVS,59.450001,59.860001,58.869999,59.27,3825200,
CVU,10.07,10.31,9.9,10.27,37700,
CVX,120.449997,121.779999,120.279999,121.220001,4046900,
CVY,24.08,24.18,23.959999,24.040001,211900,
CW,36.48,36.73,36.23,36.450001,85100,
CWCO,11.37,11.42,11.06,11.26,68300,
CWH,0.14,0.14,0.14,0.14,0,
CWST,4.18,4.18,4.06,4.13,38300,
CWT,20,20.16,19.879999,19.959999,217100,
CWTR,2.65,2.68,2.43,2.45,532700,
CX,10.55997,10.639965,10.239958,10.309959,12306300,
CXDC,4.05,4.08,4.01,4.06,9900,
CXO,87.360001,88.279999,86.82,87.349998,751300,
CXPO,2.82,2.87,2.76,2.84,25200,
CXW,34.540001,34.799999,34.150002,34.419998,1222200,
CY,11.09,11.35,11.01,11.24,3779500,
CYB,26.049999,26.08,26.049999,26.07,88000,
CYBX,51.889999,52.5,51.169998,51.290001,321500,
CYC,1218.23,1218.23,1218.23,1218.23,0,
CYCC,3.239999,3.239999,3.149999,3.159999,12300,
CYD,18.08,18.110001,17.85,17.940001,19100,
CYH,50.099999,50.540004,49.119999,49.66,824500,
CYN,60.77,61.25,60.509998,60.759998,371800,
CYNO,23.790001,23.9,23.52,23.66,174600,
CYOU,31.299999,31.93,30.92,31.48,72900,
CYS,10.62,10.65,10.28,10.33,4076900,
CYT,75.940002,76.75,75.809998,76.260002,1897200,
CYTR,2.11,2.16,2.06,2.13,56300,
CYTX,2.280001,2.330001,2.270001,2.320001,11900,
CZR,13.53,13.92,13.53,13.75,251000,
CZZ,17.030001,17.17,16.799999,16.879999,746200,
D,56.349998,57.119999,56.200001,56.73,3510200,
DAKT,10.33,10.37,10.21,10.27,90100,
DAL,18.969999,19.049999,18.59,18.82,8832100,
DAN,19.190001,19.25,18.76,18.790001,1538600,
DANG,7.94,8.23,7.93,8.08,2897400,
DAR,19.5,19.51,19.049999,19.309999,484000,
DATA,55.75,56.700001,54.310001,54.880001,169000,
DATE,5.27,5.27,5,5.2,22900,
DAVE,12.22,12.74,12.17,12.49,17100,
DB,46.229998,46.419998,45.47,45.760001,1527400,
DBA,25.23,25.42,25.23,25.35,598100,
DBB,16.690001,16.780001,16.68,16.74,611000,
DBC,26.309999,26.4,26.299999,26.360001,2642800,
DBD,32.490002,32.75,32.439999,32.669998,506400,
DBE,28.5,28.540001,28.4,28.450001,31600,
DBEF,24.440001,24.51,24.379999,24.379999,23400,
DBJP,32.630001,33.119999,32.139999,32.259998,141900,
DBLE,4.04,4.04,3.95,3.98,18900,
DBO,26.870001,26.91,26.780001,26.809999,149900,
DBP,45.549999,45.549999,45.369999,45.490002,15700,
DBS,36.919998,36.990002,36.799999,36.900002,40500,
DBV,25.85,25.870001,25.68,25.709999,57100,
DCI,36.68,36.68,36.18,36.330002,853000,
DCIX,5.13,5.16,5.01,5.01,41500,
DCM,15.19,15.27,15.14,15.18,126500,
DCO,20.75,21.299999,20.559999,21.219999,66900,
DCT,7.35,7.4,7.24,7.3,1274300,
DCTH,0.55,0.62,0.48,0.49,27700,
DD,52.979997,53.939998,52.969999,53.699998,7871800,
DDC,15.03,15.03,14.66,14.76,136200,
DDD,47.990002,48.799999,47.560001,48.209999,3791000,
DDM,95.639999,96.910004,94.980003,95.800003,669800,
DDR,17.52,17.68,17.209999,17.280001,2522800,
DDS,83.940002,85.449997,83.940002,84.959999,337600,
DE,85.169998,85.330002,84.230003,84.809998,2674100,
DECK,55.5,56.220001,54.27,54.52,600500,
DEI,25.299999,25.370001,24.82,25.049999,665200,
DELL,13.39,13.43,13.39,13.41,8444200,
DEM,51.549999,51.700001,51.130001,51.43,527200,
DENN,5.99,6.06,5.85,5.86,390100,
DEO,119.699997,120.169998,118.470001,118.93,503700,
DEPO,5.79,5.99,5.79,5.96,453900,
DES,58.790001,59,58.360001,58.689999,54700,
DEST,24.98,25.68,24.43,25.48,319600,
DF,10.25,10.46,10.17,10.31,2665600,
DFJ,48.259998,48.740002,47.759998,47.98,55800,
DFRG,20,20.66,19.9,20.459999,206300,
DFS,47.66,48.189999,47.25,47.400002,3620900,
DFT,23.370001,23.780001,23.190001,23.379999,639700,
DG,51.369999,51.799999,50.73,51.130001,2745200,
DGI,30.559999,31.58,30.389999,31.440001,723300,
DGII,9.55,9.63,9.43,9.49,35200,
DGIT,6.98,7.14,6.95,7.1,358400,
DGL,46.950001,46.98,46.860001,46.919998,9200,
DGRW,24.73,24.82,24.549999,24.709999,37700,
DGS,48.490002,48.779999,48.189999,48.439999,111600,
DGX,62.84,63.060001,62.360001,62.59,644500,
DHI,24.1,24.65,23.98,24.26,6115700,
DHR,63.000002,63.689998,62.969998,63.369999,4052700,
DHT,4.44,4.48,4.37,4.48,45200,
DHX,9.31,9.32,9.05,9.17,261000,
DIA,151.630005,152.580002,151.050003,151.779999,6693100,
DIG,56.75,57.75,56.630001,57.41,147900,
DIN,72.410004,72.720001,70.900002,71.370003,65600,
DIOD,23.77,24.23,23.620001,24.15,320700,
DIS,64.300003,65.129997,64.25,64.489998,6752000,
DISCA,77.3,77.439998,76.520004,77.05,2791000,
DISCK,68.260002,69.370003,68.260002,69.050003,1902200,
DISH,39.970001,39.970001,38.740002,38.830002,1859300,
DJP,38.41,38.630001,38.400002,38.610001,295900,
DJX,150.79,152.62,150.79,151.8,13925213184,
DK,32.380001,32.549999,31.66,31.85,755300,
DKL,34.310001,34.490002,34.220001,34.299999,5600,
DKS,51.66,51.799999,51.130001,51.57,807600,
DLB,33.959999,34.43,33.889999,34.07,232300,
DLLR,15.33,15.5,15.14,15.25,334300,
DLN,61.189999,61.529999,60.93,61.240002,66800,
DLPH,51.900002,51.900002,50.720001,51.209999,1861600,
DLR,61.669998,62.330002,60.900002,61.549999,1820600,
DLTR,49.700001,50.790001,49.700001,50.139999,1685700,
DLX,35.43,35.439999,34.630001,34.68,458200,
DM,1.64,1.66,1.61,1.62,110000,
DMD,8.310003,8.519999,8.299998,8.340001,198200,
DMLP,24.120001,24.440001,24,24.370001,27500,
DMND,19.879999,20.1,19.35,19.99,545500,
DNB,99.370003,99.93,98.370003,99.019997,308800,
DNDN,4.1,4.1,3.97,4.1,2361413,
DNKN,42.419998,42.59,42.139999,42.419998,1204500,
DNN,1.28,1.28,1.22,1.24,422900,
DNO,35.5,35.720001,35.450001,35.630001,13400,
DNR,18.030001,18.379999,18.02,18.18,3905900,
DO,67.589996,68.529999,67.529999,68.209999,565700,
DOG,29.16,29.25,28.959999,29.120001,351100,
DOLE,12.76,12.98,12.76,12.86,1779600,
DOM,5.06,5.15,5.06,5.09,10600,
DORM,46.400002,46.400002,45.5,45.779999,205200,
DOV,79.370001,79.580006,78.780004,79.14,687400,
DOW,34.380001,34.490002,33.849998,34.139999,4754800,
DOX,35.689999,36.310001,35.689999,36.240002,1089000,
DPK,12.89,13.24,12.77,13.05,7700,
DPM,51.34,52.240002,51.02,52.049999,296000,
DPS,47.150002,47.299999,46.860001,47.099998,845900,
DPZ,59.939999,60.34,59.16,59.549999,524500,
DRC,59.400002,59.900002,59.169998,59.52,566100,
DRD,6.24,6.36,6.1,6.13,101200,
DRE,15.68,15.77,15.58,15.73,3314000,
DRH,9.64,9.77,9.5,9.55,1413300,
DRI,52.939999,53.150002,52.470001,52.77,1282800,
DRIV,18.13,18.32,17.93,18.03,234100,
DRN,47.990002,48.419998,46.139999,47.189999,2184400,
DRQ,90.32,92.010002,90.32,91.440002,256700,
DRRX,0.81,0.82,0.8,0.81,210600,
DRV,15.2,15.8,15.05,15.48,44400,
DRWI,2.7,2.7,2.6,2.63,2500,
DRYS,1.849999,1.899999,1.819999,1.839999,200,
DSCI,13.39,13.5,13.15,13.5,14700,
DSCO,1.650001,1.680001,1.630001,1.660001,13700,
DSL,23.5,23.799999,23.26,23.32,234800,
DSS,2.94,2.95,2.75,2.91,55300,
DST,67.580002,68.07,67.199997,67.980003,240100,
DSW,74.82,74.830002,73.709999,74.150002,512800,
DSX,10.14,10.18,9.97,10.02,626300,
DTE,67.290001,67.760002,66.730003,67.050003,728600,
DTLK,11.67,11.68,11.17,11.32,19100,
DTN,63.689999,64.040001,63.490002,63.720001,54100,
DTSI,20.610001,20.940001,20.35,20.76,64500,
DTV,62.52,62.73,61.32,61.869999,3144600,
DUG,63.619999,63.66,62.549999,62.880001,148700,
DUK,68.18,68.959999,67.43,67.650002,2751000,
DUST,88.999998,90.009998,85.999998,88.019998,9900,
DV,29.379999,29.59,28.860001,29.01,435300,
DVA,130,131,129.139999,130.160004,1149000,
DVAX,1.18,1.21,1.09,1.1,451400,
DVN,54.830002,55.32,54.630001,55,2571100,
DVR,0.2,0.2,0.2,0.2,0,
DVY,65.089996,65.459999,64.860001,65.190002,733100,
DW,40.5,40.869999,40.209999,40.799999,132000,
DWA,24.030001,24.75,23.6,23.74,1382600,
DWRE,34.040001,36.799999,33.810001,35.77,597100,
DWSN,8.469915,8.639914,8.269917,8.389916,9600,
DWX,47.259998,47.490002,46.869999,47.16,549700,
DX,10.55,10.64,10.4,10.46,294000,
DXCM,22.129999,22.59,22.110001,22.559999,712600,
DXD,34.240002,34.540001,33.830002,34.240002,1225700,
DXJ,44.400002,45.029999,43.869999,44.009998,10104700,
DXLG,6.02,6.12,5.92,6.1,204600,
DXM,18.1,19.190001,18.1,19,278700,
DXPE,64.68,65.580002,64.25,65.18,88900,
DY,22.6,23.700001,22.51,23.530001,457400,
DYAX,3.19,3.2,3.12,3.13,581900,
DYN,22.58,23.1,22.549999,23,509500,
DZK,52.099998,53.650002,52.099998,52.68,6000,
E,43.990002,44.040001,43.720001,43.93,478500,
EA,21.84,22.75,21.84,22.43,4715600,
EAT,40.790001,41.02,40.360001,40.540001,444000,
EBAY,51.900001,52.739999,51.759998,52.07,18590500,
EBF,16.860001,17,16.52,16.790001,34500,
EBIX,19.639999,19.639999,19.540001,19.57,310300,
EBR,2.27,2.3,2.21,2.25,540500,
EBR.B,4.06,4.19,4.04,4.14,180100,
EBS,15.25,15.3,14.37,14.56,170500,
EC,42.599998,43.540001,42.599998,43.540001,398900,
ECA,17.719999,17.719999,17.5,17.700001,9174000,
ECH,55.470001,56,55.259998,55.349998,252500,
ECHO,18.719999,18.85,18.450001,18.540001,109000,
ECL,84.629997,86.339996,84.620003,86.32,1481200,
ECOL,28.219999,28.82,27.99,28.549999,54100,
ECPG,37.099998,37.299999,36.27,36.970001,499400,
ECT,10.03,10.18,9.92,9.93,75000,
ECYT,12.99,13.08,12.63,12.7,339100,
ED,58.259998,58.700001,58.240002,58.57,2537300,
EDAP,3.15,3.2,2.63,2.68,896100,
EDC,25.27,25.58,24.620001,25.02,132000,
EDE,22.18,22.27,21.92,22.01,143000,
EDIV,41.650002,41.919998,41.400002,41.630001,109600,
EDMC,7.05,7.05,6.91,7.02,41200,
EDR,9.929901,9.979901,9.699903,9.809902,182800,
EDU,22.33,22.530001,21.67,21.9,1441100,
EDZ,58.349998,59.889999,57.549999,58.740002,320000,
EE,35.720001,35.849998,35.200001,35.470001,130700,
EEB,31.940001,32.18,31.719999,31.9,49300,
EEFT,30.959999,31.33,30.559999,31.17,94200,
EEM,39.75,39.93,39.43,39.669998,59802800,
EEMV,58.110001,58.23,57.639999,57.889999,591500,
EEP,30.33,30.620001,30.030001,30.49,857500,
EEQ,30.260097,30.360106,29.830094,30.040099,142200,
EET,67.93,68.290001,67.160004,67.290001,7800,
EEV,25.48,25.84,25.200001,25.52,206200,
EFA,60.869999,61.049999,60.299999,60.66,17560400,
EFAV,58.880001,59.299999,58.66,58.919998,159200,
EFC,23.540001,23.65,23.25,23.389999,132100,
EFG,65.110001,65.290001,64.480003,64.879997,64500,
EFII,29.379999,29.52,29.09,29.27,425600,
EFU,55.77,56.810001,55.48,56.189999,4600,
EFV,51.880001,51.990002,51.279999,51.610001,813900,
EFX,61.279999,61.540001,60.189999,60.310001,817600,
EFZ,38.32,38.639999,38.189999,38.419998,149500,
EGAN,8.15,8.16,7.87,8.14,37400,
EGBN,22.23,22.790001,22.040001,22.299999,40800,
EGHT,7.95,8.16,7.79,8.14,934400,
EGLE,4.060007,4.220008,3.850007,3.910007,1900,
EGN,54.450001,55.099998,54.439999,54.869999,427700,
EGO,7.32,7.37,7.26,7.34,2671300,
EGOV,16.27,16.75,16.27,16.440001,178000,
EGP,57.18,57.91,56.84,57.389999,203400,
EGY,5.94,6.03,5.865,5.94,301300,
EHTH,24.719999,24.93,24.23,24.440001,92400,
EIG,24.540001,24.870001,23.98,24.209999,69000,
EIX,47.759998,48.049999,47.259998,47.439999,2944200,
EJ,4.650002,4.770001,4.639996,4.699996,860600,
EKDKQ,0.1275,0.13,0.118,0.1196,2347900,
EL,68.900002,70.650002,68.809998,70.199997,2015300,
ELD,49.709999,49.880001,49.279999,49.32,387200,
ELGX,13.33,13.33,13.02,13.07,477000,
ELLI,24,24.51,23.889999,24.49,516600,
ELN,13.65,13.76,13.49,13.49,13143400,
ELNK,6.12,6.2,6.08,6.19,925000,
ELON,2.39,2.44,2.32,2.33,9800,
ELOS,8.64,8.64,8.33,8.5,133900,
ELP,15.64,15.93,15.44,15.65,296900,
ELRC,17.51,17.66,17.26,17.440001,20500,
ELX,6.57,6.62,6.46,6.49,355900,
ELY,6.63,6.68,6.55,6.6,260500,
EMAN,3.75,3.78,3.65,3.78,30270,
EMB,114.18,114.550003,113.099998,113.150002,1061100,
EMC,24.959999,25.1,24.73,24.83,14903000,
EME,38.990002,39.099998,38.380001,38.720001,195500,
EMKR,3.67,3.68,3.61,3.65,50100,
EMLC,25.49,25.65,25.309999,25.35,474900,
EMN,72.989998,72.989998,71.809998,72.260002,1543400,
EMR,56.68,56.779999,56.25,56.560001,2933800,
ENB,44.200001,44.43,44.029999,44.200001,532600,
END,3.48,3.56,3.31,3.37,439000,
ENDP,39,39.82,38.880001,39.299999,1920800,
ENG,0.85,0.88,0.83,0.88,30800,
ENH,50.810001,50.959999,50.450001,50.799999,555700,
ENI,16.219999,16.4,16.120001,16.16,829300,
ENOC,13.19,13.28,13.01,13.08,234000,
ENPH,6.64,6.89,6.59,6.7,228500,
ENR,100.849998,102.980003,100.849998,102.059998,455100,
ENS,49.799999,50,49.380001,49.639999,221000,
ENSG,35.849996,36.080002,35.709992,36.060004,330400,
ENTG,9.94,10.01,9.66,9.8,607100,
ENTR,4.5,4.54,4.365,4.43,476400,
ENVI,2.15,2.15,1.84,1.92,496300,
ENZ,2.18,2.25,2.16,2.2,69700,
ENZN,1.8,1.8,1.7,1.73,254800,
EOC,45.360001,45.380001,44.830002,44.93,60800,
EOG,133.199997,134.339996,132.160004,133.330002,2379400,
EOPN,15.25,17.02,15.25,16.58,98700,
EOX,6.31,6.44,6.29,6.39,16700,
EPAM,25.01,26.370001,24.32,26.15,522400,
EPAX,3.65,3.69,3.58,3.58,14600,
EPAY,26.620001,26.620001,25.879999,26.1,305500,
EPB,42.28,42.47,41.73,41.93,426600,
EPD,60.669998,60.93,60.18,60.459999,4434000,
EPI,16.9,17.02,16.799999,16.870001,1863300,
EPIQ,13.05,13.18,13.02,13.13,69700,
EPL,29.76,29.99,29.55,29.81,97000,
EPM,11,11.19,10.9,11.15,42900,
EPP,45.889999,46.080002,45.669998,45.939999,460000,
EPR,52.369999,52.810001,51.73,52.07,185800,
EPU,36.400002,36.75,36.400002,36.709999,360000,
EPV,21.49,21.91,21.41,21.67,17200,
EPX,417.11,424.76,417.11,423.36,0,
EQIX,191.399994,193.300003,190.529999,193.110001,1150000,
EQM,51.580002,51.580002,49.84,50.619999,293900,
EQR,56.700001,56.91,55.970001,56.41,1804300,
EQT,80.040001,81.760002,79.220001,81.690002,1069400,
EQU,3.7,3.88,3.68,3.79,321600,
EQY,23.09,23.24,22.809999,22.93,422100,
ERF,14.81,15.1,14.78,14.9,920100,
ERIC,12.04,12.1,11.93,11.97,1397000,
ERII,4.01,4.2,3.99,4.19,100200,
ERJ,36.580002,37.009998,36.240002,36.799999,1216600,
EROC,8.75,8.88,8.73,8.74,288600,
ERX,67.300003,69.230003,67.230003,68.610001,609000,
ERY,29.799999,29.799999,28.84,29.09,531700,
ESC,24.7,24.8,24.33,24.54,344900,
ESE,32,32.18,31.540001,32.099998,53000,
ESEA,1.02,1.07,1.02,1.04,16800,
ESI,26.77,27.77,25.76,26.120001,430100,
ESIO,11.1,11.1,10.84,10.87,81100,
ESL,72.650002,73.190002,71.650002,72.160004,108300,
ESRX,62.18,63.240002,62.18,62.98,3822800,
ESS,157.830002,158.330002,154.339996,155.440002,124700,
ESV,58.75,59.360001,58.52,59.200001,1365300,
ET,33.66,33.69,33.62,33.65,1780500,
ETE,57.400002,57.599998,56.07,56.470001,4222400,
ETFC,11.54,11.97,11.51,11.9,3696300,
ETH,31.41,32.450001,31.09,31.34,349800,
ETM,9.91,10.03,9.8,9.99,94800,
ETN,65.019997,65.470001,64.279999,64.739998,2537300,
ETP,49.75,50.150002,49.5,50.139999,832400,
ETR,68.669998,69.75,68.209999,68.620003,1104000,
ETRM,1.120001,1.190001,1.120001,1.150001,20100,
EUI,74.970001,75.029999,74.739998,74.800003,0,
EUO,18.35,18.41,18.27,18.27,371200,
EUU,133.389999,133.789993,133.289993,133.679993,0,
EV,39.619999,40.209999,39.560001,40,782600,
EVC,5.53,5.75,5.47,5.61,1609300,
EVEP,34.099998,34.25,32.919998,33.560001,443400,
EVER,16.6,16.92,16.559999,16.82,855700,
EVR,38.93,39.84,38.82,39.790001,319500,
EVTC,22.280001,22.280001,21.719999,21.940001,593700,
EW,70.379997,70.68,70.080002,70.480003,1629000,
EWA,24.34,24.440001,24.16,24.32,1951700,
EWBC,26.639999,26.65,26.34,26.450001,807300,
EWC,27.52,27.67,27.52,27.610001,2980900,
EWD,33.220001,33.360001,32.919998,33.139999,94100,
EWG,26.709999,26.780001,26.459999,26.610001,3232400,
EWH,19.35,19.41,19.25,19.299999,2715200,
EWI,13.1,13.14,12.92,13.02,801400,
EWJ,11.25,11.35,11.1,11.15,16008100,
EWL,30.219999,30.26,30.02,30.16,317100,
EWM,15.95,15.97,15.83,15.87,224800,
EWP,30.530001,30.57,30.15,30.35,264900,
EWQ,25.379999,25.469999,25.190001,25.33,538200,
EWS,13.25,13.36,13.25,13.3,1975800,
EWT,13.38,13.48,13.36,13.42,1215400,
EWU,18.879999,18.950001,18.700001,18.799999,1393100,
EWV,20.32,20.77,19.870001,20.59,24100,
EWW,65.160004,65.480003,64.449997,64.510002,2048200,
EWX,46,46.389999,45.959999,46.060001,49300,
EWY,54.529999,54.75,54.23,54.5,1417200,
EWZ,47.59,48.060001,46.900002,47.380001,14426300,
EXA,9.5,9.96,9.5,9.94,21600,
EXAM,20.15,20.5,20.040001,20.4,170400,
EXAR,11.26,11.54,11.19,11.38,82400,
EXAS,12.43,12.7,12.35,12.59,1310500,
EXC,30.77,30.93,30.59,30.73,5985200,
EXEL,4.73,4.75,4.59,4.67,1137000,
EXH,29.26,29.5,28.98,29.17,335400,
EXK,4.02,4.06,3.89,3.92,823600,
EXL,13.62,13.75,13.47,13.58,99200,
EXLP,28.959999,30.33,28.59,29.24,143600,
EXLS,29.98,31,29.440001,30.700001,164900,
EXMCF,0.07,0.09,0.06,0.06,2196300,
EXP,72.330002,73.410004,71.900002,72.68,571900,
EXPD,38.650002,39.259998,38.32,38.650002,1890700,
EXPE,58.34,59.189999,58.080002,59.130001,1832200,
EXPO,57.889999,57.889999,56.669998,57.369999,105600,
EXPR,21.35,21.48,21.16,21.26,719200,
EXR,42.889999,43.560001,42.740002,42.84,1446900,
EXTR,3.57,3.6,3.53,3.55,458900,
EXXI,24.67,26,24.67,25.969999,1196400,
EZA,58.150002,58.459999,57.299999,57.560001,280400,
EZCH,28.49,28.639999,28.309999,28.41,136400,
EZJ,78.239998,79.620003,76.309998,77.220001,114200,
EZPW,19.1,19.23,18.809999,19.17,193800,
EZU,35.43,35.48,35.080002,35.240002,1107100,
F,15.53,15.72,15.44,15.55,31340000,
FAF,23.200001,23.299999,22.690001,22.75,581000,
FALC,1.51,1.6,1.51,1.59,122200,
FARO,35.32,35.32,34.25,34.380001,225900,
FAS,65.790001,66.809998,64.970001,65.970001,26013200,
FAST,47.900002,48.27,47.02,47.200001,1820500,
FAZ,33.110001,33.490002,32.529999,32.950001,2166600,
FB,23.91,24.25,23.75,24.02,33664500,
FBC,13.52,13.97,13.5,13.85,332800,
FBHS,40.57,41.48,40.5,41.27,1379100,
FBN,4.67,4.85,4.61,4.67,102446,
FBP,6.73,6.8,6.61,6.67,209100,
FBR,10.35,10.69,10.33,10.62,1331400,
FBRC,25.08,25.709999,23.02,23.639999,96100,
FBT,57.220001,57.330002,56.360001,56.529999,39100,
FCE.A,18.52,18.65,18.42,18.53,1093000,
FCEL,1.399999,1.419999,1.279999,1.299999,318400,
FCFS,57.580002,58.07,57.200001,58.009998,108800,
FCG,16.7,16.860001,16.680001,16.8,146900,
FCH,5.92,6,5.89,5.98,569000,
FCN,36.59,36.73,35.919998,36.060001,270500,
FCS,13.7,13.85,13.43,13.51,1557000,
FCSC,5.44,6.01,5.28,5.75,114300,
FCX,29.74,29.940001,29.41,29.66,11306500,
FDEF,23.5,23.59,22.9,23,27800,
FDN,45.799999,46.25,45.790001,45.990002,271200,
FDO,63.599998,64.209999,63.23,63.57,1272900,
FDP,27.75,27.969999,27.610001,27.799999,177800,
FDS,101.239998,104.849998,101.239998,103.760002,1022500,
FDUS,18.309999,18.540001,18.18,18.389999,32200,
FDX,100.129997,100.199997,97.68,98.410004,2504600,
FE,38.41,38.57,37.98,38.150002,3234900,
FEIC,73.589996,74.540001,73.150002,74.110001,139200,
FET,30.639999,31.690001,30.48,31.450001,326600,
FEZ,36.16,36.279999,35.790001,36.009998,1131100,
FF,14.34,14.68,14.34,14.55,144700,
FFBC,14.75,14.78,14.57,14.63,235100,
FFCH,20.2,20.25,19.83,19.94,12700,
FFG,42.790001,43.16,42.630001,43.099998,33100,
FFIC,15.84,16.01,15.83,15.99,79300,
FFIN,54.790001,55.490002,54.25,54.790001,85800,
FFIV,74.599998,75.309998,74.050003,74.529999,1181000,
FFNW,10.05,10.23,10.05,10.11,26800,
FGP,22.27,22.52,21.860001,21.98,314200,
FHCO,9.93,9.96,9.87,9.89,135500,
FHN,10.94,11.07,10.8,10.94,7152900,
FICO,47.669998,47.669998,46.830002,47.09,147300,
FIG,7.3,7.41,7.18,7.26,706500,
FII,27.75,28.1,27.690001,28.040001,385400,
FINL,21.309999,21.559999,21.110001,21.26,387600,
FIO,13.73,13.8,13.02,13.29,4018300,
FIRE,54.19,55.23,53.66,54.69,456500,
FIS,43.98,44.470001,43.689999,44.02,1731900,
FISV,87.290001,88.5,86.769997,87.889999,1052400,
FITB,18.459999,18.530001,18.200001,18.290001,6971500,
FIVE,37.490002,38.560001,37.349998,38.52,367700,
FIW,28.309999,28.5,28.200001,28.26,82100,
FIX,14.52,14.55,14.34,14.48,47400,
FIZZ,17.32,17.49,16.98,17.370001,11800,
FL,35,35.189999,34.540001,34.66,1535400,
FLDM,16.299999,16.59,16.139999,16.49,66400,
FLEX,7.69,7.75,7.55,7.63,4574500,
FLIR,25,25,24.540001,24.950001,1506900,
FLML,6.08,6.35,6.04,6.21,55100,
FLO,33.420001,34.469999,33.27,34.11,1450600,
FLOW,3.54,3.56,3.5,3.52,155700,
FLR,61.5,62.919998,61.450001,62.310001,1580100,
FLS,166.400002,167.52,163.350002,164.73,1174500,
FLT,89.099998,89.75,87.75,88.07,903500,
FLTX,31.09,32.099998,30.91,31.940001,199000,
FLWS,5.65,5.88,5.63,5.85,94800,
FLY,16.5,16.91,16.48,16.51,203800,
FMBI,12.82,12.93,12.6,12.74,321300,
FMC,63.07,64.040001,62.59,63.849998,1092900,
FMER,19.110001,19.280001,18.969999,19.139999,1051900,
FMS,35.369999,35.41,34.939999,35.139999,174200,
FMX,101.300003,102.290001,100.739998,101.879997,352200,
FN,14.9,14.9,14.22,14.43,170800,
FNB,11.17,11.2,11.01,11.06,1717100,
FNF,24.569996,24.739994,24.239998,24.349998,2220700,
FNFG,9.8,9.92,9.8,9.85,1923400,
FNGN,45.59,46.279999,45.290001,46.25,248300,
FNI,21.5,21.809999,21.5,21.77,6400,
FNP,21.78,22.13,21.69,21.78,653600,
FNSR,14.34,14.47,13.92,14,2539000,
FNV,39.400002,39.57,39,39.439999,231800,
FOE,7.15,7.16,7.03,7.1,718700,
FOLD,2.34,2.63,2.3,2.54,3033800,
FOR,21.67,22.35,21.65,21.969999,280100,
FORM,6.64,6.84,6.64,6.82,321800,
FORR,36.029999,36.220001,35.740002,36.040001,47300,
FOSL,105.379997,106.910004,105.139999,105.610001,620600,
FPO,13.5,13.52,13.33,13.42,283000,
FR,16.25,16.389999,16.08,16.209999,593700,
FRAK,25.65,26,25.65,25.969999,10400,
FRAN,26.559999,26.67,25.48,25.77,1086600,
FRC,38.759998,38.91,38.41,38.740002,711700,
FRED,15.88,16.16,15.83,16.120001,160100,
FRGI,35.41,36.689999,35.360001,36.650002,144500,
FRM,7.18,7.34,7.13,7.27,57000,
FRME,16.93,17.129999,16.85,17.1,67100,
FRO,2.2,2.55,2.14,2.39,1313200,
FRP,8.37,8.59,8.16,8.3,54300,
FRT,106.489998,106.860001,104.68,105.300003,443000,
FRX,41.24,41.68,41.03,41.28,1781300,
FSA,11.75,11.75,11.75,11.75,0,
FSC,10.31,10.42,10.22,10.3,1110900,
FSG,1.6,1.6,1.6,1.6,7000,
FSL,15.16,15.44,15.08,15.21,862400,
FSLR,45.27,46.5,44.799999,45.34,7065100,
FSM,3.58,3.62,3.49,3.52,152400,
FSP,13.5,13.63,13.35,13.45,425700,
FSS,8.65,8.77,8.56,8.64,131400,
FST,4.34,4.42,4.32,4.37,2052799,
FSTR,44.25,44.689999,43.450001,44,24000,
FSYS,16.639999,17.139999,16.639999,16.799999,132700,
FTE,0.015,0.015,0.015,0.015,0,
FTEK,3.83,3.84,3.76,3.77,35000,
FTI,56.290001,58.049999,56.259998,57.82,1812400,
FTK,17.620001,17.799999,17.49,17.6,405900,
FTNT,17.82,18.120001,17.67,18,2004400,
FTR,4.24,4.25,4.06,4.08,11054200,
FU,3.5,3.54,3.38,3.45,25900,
FUBC,6.52,6.56,6.34,6.44,48800,
FUL,41.650002,41.790001,40.849998,41.18,159800,
FULT,11.24,11.26,11.12,11.21,443200,
FUN,41.209999,41.490002,40.98,41.220001,217500,
FUR,12.17,12.17,12.02,12.11,188600,
FURX,35.73,36.51,35.72,35.93,67800,
FVE,5.31,5.35,5.15,5.22,299200,
FWLT,24.21,24.44,23.8,24.07,1166700,
FWM,24.26,24.700001,23.6,23.860001,570400,
FWRD,38.639999,38.639999,37.860001,38.27,37400,
FXA,95.940002,96.029999,95.169998,95.720001,136800,
FXB,155.440002,155.520004,154.889999,155.389999,14600,
FXC,97.800003,97.879997,97.459999,97.709999,272900,
FXCM,14.47,15.29,14.45,15.04,101400,
FXD,27.48,27.559999,27.290001,27.41,266600,
FXE,132.25,132.580002,132.039993,132.529999,307700,
FXEN,4.21,4.22,4,4.06,317500,
FXF,106.330002,106.5,105.860001,106.440002,86600,
FXI,34.48,34.779999,34.34,34.48,18916000,
FXO,18.879999,18.91,18.780001,18.84,211500,
FXP,22.51,22.67,22.08,22.48,64900,
FXS,154.300003,154.300003,153.630005,154.009995,2700,
FXY,103.309998,103.809998,102.779999,103.610001,794600,
FXZ,27.6,27.629999,27.43,27.530001,47200,
G,18.860001,20.25,18.860001,20.09,3250700,
GA,7.58,7.85,7.58,7.71,1305432,
GAGA,3.69,3.76,3.65,3.76,100800,
GAIA,4.46,4.5,4.45,4.49,23700,
GAIN,7.37,7.43,7.35,7.37,157900,
GALE,2.18,2.25,2.08,2.11,1270600,
GAME,3.85,4.12,3.85,4.05,675800,
GAS,43.189999,43.529999,43.099998,43.330002,331100,
GASL,21.880001,22.900001,21.880001,22.780001,200,
GASS,10.66,11.11,10.61,10.85,429300,
GASX,11.95,11.95,11.5,11.58,43400,
GAZ,2.59,2.69,2.59,2.67,28500,
GB,34.27,34.380001,33.869999,34.029999,206700,
GBCI,20.5,20.83,20.389999,20.65,269000,
GBDC,17.75,18.08,17.73,17.870001,419600,
GBP,157.139999,157.509995,156.830002,157.210007,0,
GBX,24.84,24.959999,24.34,24.49,208500,
GCA,6.51,6.53,6.47,6.51,366100,
GCC,26.84,26.99,26.84,26.99,132400,
GCI,25.23,25.43,24.620001,24.959999,6387800,
GCO,70.650002,70.940002,69.470001,70.010002,224500,
GCOM,12.97,13.07,12.63,12.92,44300,
GD,78.629997,79.129997,77.959999,78.379997,1322200,
GDI,0.19,0.19,0.19,0.19,0,
GDOT,18.969999,19.48,18.969999,19.209999,207400,
GDP,12.18,12.41,12.08,12.2,291100,
GDRZF,2.85,2.99,2.85,2.99,30600,
GDX,28.120001,28.4,27.950001,28.190001,8644600,
GDXJ,11.26,11.36,11,11.1,503300,
GE,23.75,23.85,23.65,23.77,39278300,
GEF,53.759998,54,53.290001,53.779999,125900,
GEL,51.700001,52.98,51.41,52.970001,181300,
GENE,2.78,2.84,2.65,2.69,4400,
GEO,35.130001,35.310001,34.540001,34.880001,290600,
GEOS,72.589996,73.129997,71.919998,72.610001,145900,
GERN,1.14,1.27,1.13,1.15,2465600,
GES,31.58,31.799999,31.51,31.77,788600,
GEVA,41.439999,42.549999,40.720001,42.279999,101700,
GEVO,1.689998,1.749998,1.669998,1.729998,900,
GEX,15.469846,15.529845,15.359847,15.409846,23700,
GFA,3.03,3.06,2.87,2.9,1672400,
GFF,10.98,11.16,10.95,11.15,206200,
GFI,5.99,6.08,5.96,6.04,1597200,
GFIG,4.17,4.19,4.04,4.05,310500,
GG,27.690001,28,27.6,27.870001,4287100,
GGB,6.07,6.15,5.95,6,4773600,
GGG,63.740002,63.759998,63.049999,63.43,139300,
GGP,20.940001,21.049999,20.620001,20.91,2148100,
GGS,0.01,0.01,0.01,0.01,33300,
GHDX,34.32,34.610001,32.880001,32.970001,250700,
GHL,47.459999,49.48,47.459999,49.150002,357900,
GHM,26.85,27.190001,26.469999,26.870001,18600,
GIFI,20.690001,21.09,20.52,20.870001,24800,
GIGM,1,1,0.99,1,100,
GIII,49.490002,49.490002,48.669998,48.700001,338400,
GIL,40.529999,40.68,40.209999,40.419998,212000,
GILD,52.77,53.259998,50.82,51.029999,10079200,
GILT,5.6,5.64,5.58,5.63,105300,
GIS,49.52,49.970001,49.369999,49.799999,3137000,
GIVN,13.97,14,13.9,13.91,50000,
GK,48.860001,49.349998,48.59,49.139999,32700,
GLAD,8.33,8.42,8.3,8.38,105400,
GLD,133.889999,134.059998,133.520004,133.770004,4072300,
GLDD,8.28,8.37,8.24,8.32,243000,
GLF,46.099998,47.419998,45.900002,46.529999,129700,
GLL,85.93,86.400002,85.800003,86.080002,34500,
GLNG,33.220001,33.540001,32.630001,32.950001,293600,
GLOG,12.97,13.26,12.88,13.2,135300,
GLP,38.529999,39.779999,37.73,38.220001,79800,
GLPW,15.89,16.040001,15.59,15.85,50100,
GLRE,25,25.15,24.959999,25.139999,62100,
GLT,26.16,26.16,25.639999,25.84,126500,
GLUU,2.44,2.44,2.36,2.39,951900,
GLW,15.01,15.21,14.98,15.11,7969800,
GM,34.5,34.560001,33.599998,33.73,10195000,
GMAN,13.57,13.74,13.37,13.51,25700,
GMCR,78.870003,80.93,78.870003,79.410004,2956300,
GME,39.02,39.369999,38.029999,38.5,2497900,
GMED,15.31,15.93,15.21,15.88,827500,
GMLP,33.919998,34.48,33.560001,34.240002,44800,
GMO,1.96,2.03,1.92,1.95,171600,
GMT,48.380001,49.169998,48.09,48.5,254600,
GNC,46.25,46.900002,46.16,46.880001,725900,
GNCMA,8.5,8.61,8.03,8.11,305800,
GNE,10.05,10.09,9.78,9.88,57500,
GNK,1.38,1.54,1.38,1.47,911300,
GNMK,11.97,12.18,10.95,10.97,523200,
GNRC,34.93,35.110001,34.75,35,1719400,
GNTX,23.139999,23.280001,22.940001,23.120001,840800,
GNW,11.1,11.32,11.09,11.2,9113600,
GOL,4.04,4.1,3.97,3.99,136700,
GOLD,75.25,75.730003,73.980003,74.790001,546700,
GOOGL,879.230009,889.430004,878.280032,886.25002,4288300,
GORO,9.52,10.08,9.52,10.03,839700,
GOV,24.75,25,24.559999,24.700001,590900,
GPC,79.040001,79.489998,78.559998,78.970001,373600,
GPI,64.07,64.459999,63.009998,63.630001,226200,
GPK,7.66,7.78,7.64,7.76,1736800,
GPL,0.84,0.86,0.81,0.81,274400,
GPN,48.470001,48.599998,48.25,48.380001,1066200,
GPOR,50.060001,50.630001,49.619999,50.299999,977800,
GPRE,14.22,14.34,13.89,14.04,266000,
GPS,41.860001,42.349998,41.650002,41.779999,4196300,
GPT,9.27999,9.79999,9.27999,9.76999,631700,
GPX,23.91,23.91,23.15,23.51,30000,
GRA,83.5,83.980003,82.779999,82.889999,456600,
GRC,29.48,29.48,28.22,28.75,26500,
GREK,16.77,16.77,16.41,16.43,53600,
GRFS,26.43,27.16,26.34,26.58,1135400,
GRMN,33.880001,35.310001,33.880001,34.939999,1556300,
GROW,2.54,2.57,2.5,2.5,84700,
GRPN,7.67,7.83,7.54,7.69,17609200,
GRT,11.18,11.26,11.02,11.15,504900,
GRU,6.94,6.94,6.78,6.84,5500,
GS,164.080002,165.669998,162.899994,164.110001,2628300,
GSG,31.74,31.92,31.65,31.92,367000,
GSH,21.280001,21.41,21.23,21.389999,32800,
GSI,0.99,0.99,0.98,0.99,4100,
GSK,53.240002,53.459999,52.490002,52.740002,2028200,
GSM,11.59,11.75,11.44,11.45,299000,
GSS,0.54,0.55,0.5,0.5,3174800,
GST,2.54,2.77,2.54,2.76,649400,
GSVC,8.04,8.19,8.04,8.18,60100,
GT,15.43,15.5,15.03,15.1,3602000,
GTAT,3.82,3.95,3.71,3.77,2284200,
GTE,6.28,6.34,6.25,6.29,388400,
GTI,8.3,8.35,7.98,8.1,861900,
GTIV,11.66,11.88,11.49,11.77,171000,
GTLS,96.339996,97.699997,95.230003,96.279999,299300,
GTN,6.56,7,6.42,6.81,731700,
GTXI,7.05,7.22,6.94,7.01,655500,
GTY,21.200001,21.26,20.65,20.790001,55800,
GUID,8.9,8.94,8.85,8.91,30300,
GUR,39.91,39.91,39.290001,39.66,149900,
GURE,1.2,1.21,1.19,1.19,38900,
GV,2.46,2.5,2.39,2.43,104500,
GVA,30.33,30.559999,30.120001,30.32,108500,
GVZ,21.74,21.74,21.08,21.27,0,
GWAY,11.31,11.82,11.27,11.77,83100,
GWL,26.59,26.77,26.49,26.6,448400,
GWR,90.440002,90.660004,89.279999,90.410004,374600,
GWRE,40.299999,41.869999,40.049999,41.869999,595800,
GWW,256.040009,256.420013,253.039993,254.360001,209200,
GXC,67.129997,67.669998,67,67.169998,109700,
GXG,19.049999,19.16,18.950001,19.02,95600,
GXP,23.07,23.209999,22.809999,22.92,960200,
GY,15.54,16,15.49,15.96,996500,
GZT,13.46,13.49,13.35,13.35,15100,
H,40.720001,40.849998,39.98,39.990002,401300,
HA,6.32,6.37,6.08,6.12,796400,
HAE,42.439999,42.48,42.049999,42.299999,283000,
HAFC,15.69,15.92,15.6,15.81,77600,
HAIN,67.720001,67.720001,66.830002,67.330002,700000,
HAL,43.360001,43.939999,43.240002,43.619999,6744700,
HALO,6.47,6.57,6.16,6.22,738700,
HAO,23.15,23.370001,23.139999,23.24,100400,
HAR,52.119999,53.25,52.110001,52.860001,732600,
HAS,44.240002,44.91,44.119999,44.310001,998400,
HASI,11.42,11.65,11.41,11.59,108100,
HAWK,26.1,26.6,25.85,26.09,69600,
HAYN,48.610001,48.610001,47.540001,48,31900,
HBAN,7.56,7.68,7.5,7.56,9004700,
HBC,53.78,54.19,53.44,53.8,1147116,
HBHC,28.33,28.41,28.049999,28.299999,456900,
HBI,51.740002,51.889999,51.360001,51.709999,1963600,
HBIO,4.959994,5.040005,4.959994,4.980003,60900,
HBM,7.63,7.67,7.58,7.65,21600,
HCA,40.27,40.27,38.689999,39.259998,4547900,
HCBK,8.32,8.42,8.3,8.37,2600900,
HCC,42.900002,43.009998,42.580002,42.73,662400,
HCI,34.139999,34.139999,32.110001,32.5,203400,
HCLP,22.27,22.83,22.17,22.629999,99200,
HCN,67.650002,68.099998,67.139999,67.589996,2075100,
HCP,46.200003,46.340001,45.490004,45.770004,4637200,
HCSG,22.41,22.6,21.92,22.17,199500,
HD,77.080002,77.480003,75.690002,76.139999,9315500,
HDB,38.07,38.490002,37.349998,37.59,594600,
HDGE,16.1,16.139999,16.01,16.08,205000,
HDV,68.379997,68.709999,67.949997,68.309998,473500,
HDY,0.5,0.5,0.49,0.49,34800,
HE,25.01,25.139999,24.780001,24.84,368900,
HEDJ,50.59,50.830002,50.299999,50.299999,74700,
HEES,22.690001,22.74,21.549999,21.91,206700,
HEI,51.859999,52.459998,51.300001,52.3,160200,
HELE,40.57,41.060001,40.25,40.48,88000,
HEP,38.049999,38.41,37.900002,38.110001,84900,
HERO,7.09,7.27,7.04,7.18,1793500,
HES,66.589996,68,66.589996,67.510002,2269400,
HF,17.650002,18.049996,17.650002,17.830002,112200,
HFC,45.450001,45.709999,44.48,44.669998,3613400,
HGG,17,17.15,16.77,16.91,138100,
HGT,8.5,8.98,8.46,8.98,245300,
HGX,190.97,194.7,190.97,192.19,0,
HHC,107.150002,110.480003,106.400002,109.690002,243500,
HHS,8.96,9.01,8.64,8.74,203500,
HI,23.82,23.82,22.83,23.17,280700,
HIBB,57.689999,57.98,56.610001,57.060001,215600,
HIG,29.559999,29.98,29.52,29.719999,4629700,
HII,56.490002,56.700001,55.619999,56.310001,224800,
HIMX,5.62,5.79,5.49,5.65,8673600,
HITK,33,33.77,32.13,32.8,94800,
HITT,53.76,54.29,53.19,53.39,169300,
HIW,36.029999,36.25,35.400002,35.540001,1490000,
HK,5.6,5.85,5.59,5.7,43300,
HKTV,6.25,6.49,6.05,6.23,11700,
HL,3.41,3.41,3.3,3.34,6584500,
HLF,48.639999,50.290001,48.549999,48.900002,2723600,
HLIT,6.19,6.3,6.16,6.24,956100,
HLS,30,30.08,29.469999,29.549999,297600,
HLSS,24.17,24.780001,24.120001,24.26,505400,
HLX,23.5,23.68,23.129999,23.469999,737300,
HMA,15.95,16.3,15.94,16.06,5667000,
HMC,36.970001,37.290001,36.59,36.790001,319600,
HME,62.200001,62.439999,61.48,61.860001,406300,
HMIN,29.17,29.700001,28.790001,29.469999,314200,
HMN,25.41,25.59,25.120001,25.280001,84800,
HMST,20.889999,21.09,20.65,20.75,96100,
HMSY,22.73,22.959999,22.57,22.780001,412100,
HMY,3.83,3.88,3.69,3.75,2339700,
HNI,36.369999,36.77,35.970001,36.349998,75100,
HNP,36.939999,37.110001,36.59,36.709999,57100,
HNR,3.23,3.26,3.06,3.18,401200,
HNSN,1.67,1.67,1.6,1.61,26600,
HNT,31.030001,31.389999,30.639999,31.219999,427800,
HOFT,15.13,15.38,15.12,15.32,30600,
HOG,53.52,54.18,53.060001,53.52,1375900,
HOGS,13.37,13.41,13.35,13.39,270400,
HOLI,12.24,12.35,12.1,12.29,235400,
HOLX,21.459999,21.58,21.290001,21.43,2086300,
HOMB,20.719999,21.219999,20.719999,20.98,408000,
HON,78.830002,79.970001,78.720001,79.709999,3786500,
HOS,53.029999,55.650002,53.029999,55.23,1068200,
HOT,66.949997,67.379997,66.300003,66.629997,1300000,
HOV,6.34,6.46,6.26,6.37,7743500,
HP,61.450001,64,61.450001,63.509998,1840300,
HPP,21.290001,21.440001,21.08,21.389999,297600,
HPQ,24.88,25.329998,24.849999,25.16,29154700,
HPT,27.09,27.379999,26.690001,26.75,861500,
HPY,35.349998,36,34.889999,35.419998,637700,
HR,25.73,25.9,25.41,25.620001,560500,
HRB,28.84,29.16,28.67,28.870001,2647800,
HRC,35.580002,35.610001,34.91,35.189999,169700,
HRG,8.29,8.38,8.11,8.25,376600,
HRL,40.310001,40.93,40.27,40.650002,1464400,
HRS,50.029999,50.360001,49.560001,49.849998,707300,
HRZN,14.14,14.2,14.04,14.11,78500,
HSC,23.18,23.32,22.83,23.1,544200,
HSH,33.36,33.63,33.12,33.18,1111300,
HSIC,97.68,98.18,97.089996,97.639999,476700,
HSII,17.379999,17.57,17.25,17.299999,34200,
HSNI,56.389999,56.66,55.09,55.91,179100,
HSOL,1.75,1.84,1.75,1.75,665900,
HSP,36.549999,36.73,36.07,36.419998,522500,
HST,17.33,17.51,17.09,17.17,5887900,
HSTM,26.41,26.99,26.129999,26.57,81200,
HSY,89.690002,90.120003,89.25,89.720001,718100,
HT,5.8,5.87,5.74,5.8,549700,
HTA,11.77,11.97,11.66,11.77,825500,
HTCH,6.21,6.33,6.02,6.15,450300,
HTGC,13.48,13.6,13.32,13.43,341900,
HTH,16.24,16.379999,16.110001,16.32,474000,
HTHT,15.06,15.66,15,15.54,50500,
HTLD,13.91,13.97,13.71,13.9,460900,
HTS,26.26,26.370001,25.530001,25.610001,731700,
HTSI,47.5,48.65,47.41,48.44,417300,
HTWR,90.760002,92.830002,90.68,92.610001,383700,
HTZ,24.719999,24.889999,24.41,24.629999,5531800,
HUB.B,99.49,99.49,98.83,99,86400,
HUBG,35.389999,35.389999,34.5,34.720001,153100,
HUM,81.260002,82.440002,81.150002,82.239998,997900,
HUN,18.469999,18.700001,17.98,18,2610200,
HURN,44.48,44.619999,43.150002,44.27,130600,
HUSA,0.33,0.34,0.28,0.31,371500,
HVT,24.370001,24.719999,24.280001,24.6,35400,
HW,10.2,10.36,10.11,10.26,404100,
HWAY,14.17,14.17,13.86,13.99,77900,
HWCC,14.3,14.3,14.01,14.16,50800,
HXL,35.25,35.25,34.48,34.529999,877000,
HXM,3.99,4.07,3.85,3.89,736300,
HY,67.489998,68.110001,66.209999,67.900002,23700,
HYD,31.370001,31.83,31.370001,31.75,532800,
HYG,92.93,93.449997,92.800003,92.800003,3830700,
HYLD,51.27,51.279999,51.07,51.07,54400,
HYS,103.699997,103.949997,103.650002,103.949997,86200,
HZNP,2.32,2.32,2.24,2.25,254000,
HZO,11.74,11.78,11.58,11.75,371400,
I,21.889999,22.049999,20.66,21.02,135300,
IACI,49.68,50.200001,49.369999,49.389999,808500,
IAG,5.21,5.27,5.15,5.24,3766900,
IAI,30.709999,31.120001,30.709999,31.040001,152200,
IART,36.66,37.290001,36.41,36.919998,143200,
IAT,28.33,28.4,28.16,28.290001,43000,
IAU,13.45,13.48,13.42,13.45,4166800,
IBB,176.899994,177.559998,173.520004,174.190002,635200,
IBCP,6,6.25,6,6.11,33500,
IBKC,52.470001,52.549999,51.459999,51.98,146500,
IBKR,15.88,16.309999,15.87,16.26,374300,
IBM,203.440002,205.169998,202.550003,203.039993,3219900,
IBN,41.539998,42.150002,41.51,41.71,5031500,
IBOC,20.940001,21.1,20.58,20.709999,69800,
ICA,6.87,6.9,6.57,6.6,382000,
ICAD,5.85,5.85,5.75,5.83,20100,
ICE,174.370003,179.599991,173.619995,178.869991,4718000,
ICF,82.160004,83.040001,81.730003,82.309998,559200,
ICGE,11.42,11.51,11.37,11.47,67700,
ICLR,35.439999,36.330002,35.43,35.939999,384900,
ICN,20.5,20.809999,20.32,20.49,41100,
ICON,30.25,30.48,29.99,30.15,533500,
ICUI,73.290001,74.779999,73.290001,74.029999,97600,
IDA,48.48,48.669998,48.299999,48.48,272600,
IDCC,46.639999,46.709999,45.66,46.080002,120400,
IDIX,5.19,5.4,5.16,5.2,707700,
IDSY,5.14,5.14,4.95,4.99,13000,
IDT,20.670003,21.239995,19.169993,19.589994,482500,
IDTI,8.43,8.54,8.32,8.37,921100,
IDU,95.830002,96.330002,95.239998,95.650002,101800,
IDV,34.18,34.25,33.860001,34.049999,421600,
IDXX,90.089996,92.599998,90.089996,90.879997,2211800,
IEF,105.459999,105.480003,105.019997,105.089996,478400,
IEI,122.5,122.510002,122.269997,122.339996,117600,
IEMG,47.450001,47.610001,47.099998,47.32,481400,
IEO,74.43,75.160004,74.330002,74.849998,106100,
IEP,72.839996,74.389999,72.669998,73.5,171700,
IEV,42.110001,42.189999,41.709999,41.970001,558800,
IEX,54.529999,54.560001,53.610001,53.849998,447700,
IEZ,57.41,58.669998,57.41,58.41,94700,
IFF,79.089996,79.760002,78.690002,79.510002,447500,
IFGL,32.290001,32.48,32.119999,32.27,461000,
IFN,19.66,19.73,19.549999,19.58,176000,
IFT,7.06,7.06,6.92,7.03,25000,
IGE,39.860001,40.150002,39.830002,40.060001,123500,
IGT,17.41,17.610001,17.26,17.379999,3621800,
IGTE,14.89,15.27,14.89,15.22,129000,
IGV,68.580002,69.099998,68.349998,68.769997,19000,
IHF,84.07,84.690002,83.889999,84.220001,405000,
IHS,110,112.199997,109.510002,111.669998,452700,
IIIN,18.209999,18.42,18,18.389999,20200,
IIJI,20.01,20.15,19.92,19.99,33100,
IILG,21.040001,21.08,20.18,20.969999,91800,
IIVI,16.84,16.889999,16.41,16.52,295600,
IJH,118.239998,118.419998,117.470001,118,787100,
IJJ,103.160004,103.529999,102.589996,103.019997,81800,
IJK,132.050003,132.220001,131.179993,131.789993,126400,
IJR,91.459999,91.660004,90.769997,91.300003,874200,
IJS,94.610001,94.900002,93.889999,94.379997,104200,
IJT,98.199997,98.389999,97.559998,98.139999,93000,
IL,6.25,6.3,6.18,6.28,77300,
ILF,38.540001,38.709999,38.09,38.25,382300,
ILMN,68.559998,71.269997,68.559998,70.620003,1130700,
IM,18.959999,19.1,18.85,19.09,467400,
IMAX,25.76,25.85,25.34,25.389999,475200,
IMGN,16.040001,16.209999,15.79,16.01,556600,
IMH,11.09,11.18,11.03,11.17,3400,
IMKTA,23.08,23.33,22.24,22.49,25800,
IMMR,14.52,14.91,14.4,14.68,196800,
IMMU,4.17,4.29,4.13,4.2,798900,
IMN,4.21,4.27,4.18,4.22,46100,
IMO,39.080002,39.66,39.009998,39.459999,293500,
IMOS,18.76,19.190001,18.700001,18.860001,342900,
IMPV,39.099998,40.610001,38.919998,40.57,182200,
IMUC,2.24,2.27,2.15,2.17,18200,
IN,9.93,9.95,9.9101,9.93,1914526,
INAP,7.99,8.02,7.88,7.94,61900,
INCY,21.35,21.700001,21.02,21.059999,1166800,
INDB,32.540001,32.849998,32.32,32.799999,32700,
INDL,14.88,15.13,14.72,14.84,10800,
INFA,35.470001,36.139999,35.389999,35.700001,652600,
INFI,16.969999,17.190001,16.77,17.17,1010200,
INFN,11.13,11.14,10.79,10.98,2602400,
INFY,41.91,42.5,41.900002,42.25,8316000,
ING,9.34,9.38,9.23,9.3,2419700,
INGR,68.82,69.32,68.57,68.849998,300200,
ININ,52,52.009998,51.09,51.75,102300,
INN,9.59,9.71,9.44,9.6,328100,
INP,54.59,55.099998,54.439999,54.720001,22900,
INSM,12.65,13.29,12.4,12.78,469500,
INT,39.759998,40.07,39.630001,39.900002,143600,
INTC,25.110001,25.35,24.91,25.1,42643200,
INTL,17.82,17.91,17.370001,17.540001,38200,
INTU,57.779999,58.150002,57.189999,58.029999,2262300,
INTX,8.64,8.73,8.52,8.7,56100,
INVE,0.8,0.8,0.77,0.78,7800,
INVN,14.85,14.88,14.24,14.61,3391600,
INWK,11.18,11.57,11.12,11.28,383300,
INXN,26.629999,26.9,26.25,26.540001,249300,
IO,6.030003,6.130003,5.990003,6.050003,76500,
IOC,75.970001,77.580002,75.059998,75.440002,519100,
IOO,71.220001,71.459999,70.699997,71.029999,49600,
IOSP,41.889999,42.029999,41.400002,41.5,85800,
IP,45.780004,46.700005,45.749999,46.260001,2844300,
IPAR,32.400002,32.400002,31.639999,32.02,170300,
IPCM,50.740002,51,50.25,50.900002,80600,
IPG,14.62,14.78,14.54,14.64,2205600,
IPGP,62.23,62.98,61.799999,62.189999,340300,
IPHI,11.01,11.19,10.91,11.05,361500,
IPHS,49,49.369999,48.740002,49.040001,50800,
IPI,19.08,19.139999,18.190001,18.469999,780100,
IPXL,18.98,19.1,18.6,18.85,569800,
IQNT,4.98,5.15,4.83,5.04,821600,
IR,57.06,57.119996,56.240004,56.6,2258100,
IRBT,35.630001,38.889999,35.630001,37.799999,1653300,
IRC,10.17,10.22,10.05,10.14,352900,
IRDM,7.31,7.35,7.02,7.15,473800,
IRE,8.52,8.59,8.36,8.41,611800,
IRET,8.48,8.54,8.41,8.48,460300,
IRF,21.45,21.57,21.17,21.38,357200,
IRM,28.910002,29.219996,28.699996,29.2,3793400,
IRWD,11.89,11.95,11.69,11.9,731900,
ISBC,19.95,20.020001,19.75,19.910001,283100,
ISCA,34.16,34.360001,33.650002,33.900002,131100,
ISIL,7.63,7.8,7.45,7.61,1243400,
ISIS,23.219999,23.5,22.59,22.76,493800,
ISLE,7.68,7.74,7.57,7.7,112500,
ISRG,503.230011,504.940002,498.040009,499.320007,265200,
ISS,5.27,5.59,5.09,5.32,1282056,
ISSC,6.91,7,6.9,6.92,23200,
ISSI,11.05,11.14,10.94,11.04,46300,
IT,57.509998,58.200001,57.389999,57.82,217900,
ITB,24.15,24.48,24.040001,24.280001,6893600,
ITC,88.329998,88.530001,87.499998,87.970001,556500,
ITG,14.13,14.49,14.09,14.36,313400,
ITMN,9.75,10,9.72,9.83,1063800,
ITOT,75.080002,75.330002,74.650002,75.029999,171000,
ITRI,42.77,43.09,42.380001,43.060001,222800,
ITT,30.01,30.120001,29.59,29.700001,376600,
ITUB,13.779998,13.899997,13.579996,13.710004,9707900,
ITW,70.75,71.080002,70.309998,70.669998,1608100,
IVAC,4.99,5.04,4.89,4.94,62500,
IVAN,1.13,1.16,1.11,1.11,26700,
IVC,15.48,15.5,15.26,15.28,165700,
IVE,77.559998,78.029999,77.25,77.730003,770200,
IVR,18.639999,18.809999,18.15,18.23,1764400,
IVV,165.139999,166.059998,164.380005,165.360001,5003900,
IVW,86.199997,86.699997,85.849998,86.309998,502000,
IVZ,33.950001,34.509998,33.889999,34.349998,2660500,
IWB,91.230003,91.699997,90.839996,91.300003,455600,
IWC,61.91,62.259998,61.610001,61.93,71000,
IWD,85.099998,85.559998,84.730003,85.18,1279600,
IWF,74.400002,74.800003,74.089996,74.489998,1943200,
IWM,98.589996,98.860001,97.760002,98.349998,33308600,
IWN,87.059998,87.190002,86.160004,86.610001,933900,
IWO,113.419998,113.68,112.519997,113.209999,684800,
IWP,72.940002,73.209999,72.57,72.970001,241600,
IWR,132.100006,132.5,131.380005,131.990005,218000,
IWS,59.07,59.130001,58.599998,58.880001,622300,
IWV,97.650002,98.110001,97.160004,97.709999,214400,
IXC,40.080002,40.360001,40,40.209999,146500,
IXYS,11.49,11.74,11.25,11.4,33700,
IYE,45.73,46.169998,45.720001,46.040001,254600,
IYF,72.290001,72.739998,72.059998,72.419998,168300,
IYG,72.019997,72.550003,71.879997,72.169998,373300,
IYH,102.610001,102.989998,101.730003,102.160004,43200,
IYJ,84.919998,85.18,84.510002,84.900002,96600,
IYM,71.07,71.269997,70.720001,71.019997,31300,
IYR,68.43,68.839996,67.739998,68.199997,10786100,
IYT,113.25,113.75,111.589996,112.5,899200,
IYW,76.089996,76.860001,76.080002,76.400002,142800,
IYZ,26.41,26.57,25.879999,26.1,1299100,
JACK,38.130001,38.34,36.709999,36.990002,528700,
JAGGF,0.41,0.41,0.41,0.41,0,
JAH,44.560006,44.790001,44.099999,44.410006,1425500,
JAKK,9.8,9.86,9.46,9.75,127300,
JASO,7.18,7.3,6.91,6.99,2083500,
JAZZ,71.160004,71.690002,69.330002,69.5,895100,
JBHT,72.349998,72.669998,71.620003,72.25,581800,
JBL,19.610001,19.809999,19.559999,19.700001,1523700,
JBLU,6.36,6.37,6.25,6.31,2034100,
JBT,21.99,22.059999,21.799999,22,99800,
JCI,33.5,33.669998,33.189999,33.389999,4403200,
JCOM,42.700001,43.43,42.5,42.830002,249700,
JCP,17.49,17.67,17.18,17.6,7037200,
JDSU,14.35,14.42,14.09,14.2,2730600,
JE,6.37,6.43,6.2,6.35,504600,
JEC,56.43,57.139999,56.02,56.82,732400,
JIVE,17.07,17.219999,16.75,17.09,486700,
JJC,39.490002,39.560001,39.349998,39.459999,9600,
JJG,50.580002,51.110001,50.580002,51.09,16500,
JKHY,47.560001,47.720001,47.349998,47.5,270000,
JKS,9.05,9.5,8.87,9.13,581500,
JLL,89.169998,89.690002,88.5,89.029999,252100,
JMBA,16.98,17.07,16.09,16.190001,325600,
JNJ,85.370003,86.400002,84.980003,85.629997,8429100,
JNK,40.369999,40.5,40.279999,40.32,4270200,
JNPR,19.16,19.25,18.91,19.059999,5061000,
JNS,8.66,8.74,8.57,8.64,2233300,
JNY,14.66,14.89,14.55,14.62,721500,
JO,26.030001,26.35,25.75,25.84,81500,
JOBS,60.970001,62.560001,60.970001,62.209999,73200,
JOE,20.75,21.02,20.709999,21,492700,
JOSB,40.31,40.48,38.98,39.27,347700,
JOY,52.939999,53.07,51.990002,52.41,2104500,
JPM,53.700001,54.259998,53.540001,53.849998,16856600,
JRCC,2.23,2.23,2.08,2.1,657900,
JRN,7.07,7.15,7.01,7.12,101400,
JST,5,5.1,4.97,5.09,44300,
JW.A,41.5,41.77,40.580002,41.450001,439600,
JWN,59.279999,59.5,58.82,59.09,1050400,
JXI,44.25,44.299999,43.860001,44.040001,18300,
K,64.580002,65.120003,64.370003,64.68,1598100,
KAI,31.709999,31.790001,31.33,31.540001,26800,
KALU,63.540001,63.720001,62.439999,62.880001,71300,
KAMN,33.18,33.18,32.169998,32.84,255900,
KAR,23.02,23.299999,22.9,23.049999,819900,
KB,31.73,31.73,31.34,31.440001,90500,
KBALB,10.38,10.42,10.24,10.36,47600,
KBE,27.98,28.139999,27.870001,28.02,1647700,
KBH,21.83,22.49,21.709999,22.02,3598100,
KBR,34.27,34.41,33.919998,34.189999,962700,
KBWB,31.34,31.34,31.1,31.110001,9500,
KCAP,10.37,10.64,10.32,10.59,276700,
KCE,41.23,41.799999,41.23,41.700001,35100,
KCG,3.66,3.68,3.61,3.63,1417000,
KDN,27.08,27.18,26.83,27.18,105800,
KEG,6,6.14,5.94,6.13,14300,
KELYA,17.719999,17.75,17.370001,17.48,90300,
KEM,4.34,4.4,4.3,4.35,88800,
KEP,11.79,11.88,11.68,11.69,351400,
KERX,7.33,7.57,7.22,7.56,3094100,
KEX,81.050003,81.639999,80.190002,81.18,315400,
KEY,10.47,10.5,10.35,10.42,8790600,
KEYN,13.44,13.64,13.32,13.52,52100,
KEYW,14.12,14.34,13.57,14,278000,
KFN,10.85,10.92,10.69,10.78,376100,
KFRC,15.27,15.29,15.05,15.2,128500,
KFY,17.379999,18.110001,17.379999,18.110001,371200,
KGC,5.84,6.04,5.81,5.87,7117200,
KIE,54.07,54.450001,53.919998,54.32,98400,
KIM,21.98,22.120001,21.950001,22.059999,3827600,
KIOR,4,4.1,3.955,4.1,229600,
KIRK,17.41,17.49,16.84,17.379999,218800,
KKD,17.23,17.280001,16.91,17.01,937300,
KKR,19.889999,20.040001,19.450001,19.57,1638300,
KLAC,56.09,56.549999,55.759998,55.98,1321400,
KLIC,11.63,11.66,11.25,11.36,410100,
KMB,98.309998,99.589995,98.300003,99.539998,2020600,
KMI,38.669998,38.950001,38.43,38.59,3678600,
KMP,83.95,84.25,83.64,84.11,781900,
KMR,80.7,80.96,79.81,80.34,732200,
KMT,40.490002,40.619999,40.060001,40.259998,572000,
KMX,46.880001,47.330002,46.689999,47.119999,1118600,
KND,13.7,13.8,13.56,13.66,223400,
KNDI,7.2,8.31,7.11,7.79,11334500,
KNL,14.59,14.64,14.39,14.42,102300,
KNOP,22.76,23.1,22.610001,22.85,8600,
KNX,16.959999,16.959999,16.66,16.790001,476200,
KO,40.540001,40.91,40.400002,40.68,12409200,
KOF,145,146.220001,142.949997,143.070007,51100,
KOG,8.92,9.05,8.89,9.03,4375800,
KOL,19.09,19.200001,18.889999,18.959999,144200,
KOLD,76.940002,77.150002,73.960001,74.539999,115800,
KONG,6.44,6.56,6.32,6.46,48800,
KOP,41.419998,41.419998,40.880001,41.080002,165500,
KOPN,3.62,3.71,3.62,3.7,140500,
KORS,61.439999,61.93,60.700001,61.560001,2575900,
KOS,10.81,10.92,10.69,10.77,639900,
KR,35,35.450001,34.919998,35.18,6632200,
KRA,19.16,19.450001,18.959999,19.129999,295300,
KRC,53.439999,53.810001,52.77,53.130001,508900,
KRE,32.470001,32.650002,32.299999,32.490002,786200,
KRFT,55.82,56.470001,55.459999,55.93,2012600,
KRG,6.05,6.1,5.95,6.01,99800,
KRO,15.91,16.41,15.85,16.040001,127200,
KS,38.279999,40.75,38.060001,40.43,1628000,
KSS,52.400002,53.209999,52.400002,52.75,2872400,
KSU,111.599998,111.690002,109.080002,109.980003,581100,
KT,16.690001,16.879999,16.67,16.84,498200,
KTCC,11.28,11.33,11.1,11.33,24400,
KTOS,6.73,6.73,6.4,6.55,537500,
KUB,80.12,80.39,78.88,79.33,181200,
KVHI,12.81,13.08,12.67,12.82,24700,
KW,17.469999,17.620001,17.360001,17.5,107200,
KWK,2.02,2.05,1.91,1.93,3159700,
KWR,65.230003,65.239998,64.209999,64.57,56700,
L,44.830002,45.099998,44.549999,44.869999,844800,
LABL,30.18,30.5,29.940001,30.299999,43500,
LAD,55.189999,55.540001,54.130001,54.77,285000,
LAMR,43.049999,43.560001,42.84,43.509998,1161800,
LANC,81.139999,81.75,80.050003,81.489998,19600,
LAYN,20.18,20.459999,19.940001,20.33,170800,
LAZ,33.740002,35.439999,33.43,35.380001,1291700,
LBAI,10.039995,10.089995,9.869999,9.940003,144300,
LBJ,24.02,24.450001,23.360001,23.76,1600,
LBTYA,74.640002,74.940005,71.330009,72.030007,7638500,
LBTYK,70.690002,70.690002,66.980003,67.309998,5589600,
LBY,23.610001,24.360001,23.559999,24.09,259700,
LCAV,3.08,3.22,3,3.22,44000,
LCC,17.02,17.16,16.74,16.95,2845100,
LCI,11.92,11.97,11.661,11.77,42900,
LDK,1.47,1.51,1.41,1.42,2337100,
LEA,60.73,60.91,59.880001,60.200001,606400,
LEAP,5.96,5.98,5.87,5.91,1240100,
LECO,59.240002,59.279999,58.189999,58.759998,266600,
LEE,1.71,1.72,1.63,1.71,121600,
LEG,32.459999,32.84,32.400002,32.540001,557200,
LEI,1.27,1.29,1.26,1.27,2000,
LEN,39.41,39.970001,38.93,39.32,4971700,
LF,9.77,9.91,9.6,9.66,937800,
LFC,37.050001,37.349999,36.980009,37.100009,832800,
LFL,17.190001,17.379999,17.030001,17.059999,303200,
LFUS,73.720001,74.269997,72.699997,73.220001,45100,
LFVN,2.27,2.3,2.25,2.3,435393,
LG,46.77,46.959999,46,46.369999,145100,
LGCY,26.75,27.15,26.690001,26.940001,137600,
LGF,27.879999,28.120001,27.59,27.719999,977700,
LGND,33.43,33.43,30.85,31.43,206500,
LH,100.620003,101.489998,100.18,100.440002,466200,
LHCG,22.98,23.030001,22.059999,22.25,42600,
LHO,25.43,25.57,25.01,25.17,357200,
LIFE,74.24,74.25,74.11,74.24,1177500,
LII,64.650002,65.360001,64.190002,64.639999,298900,
LINC,6.83,6.86,6.54,6.71,122600,
LINE,30.280001,31.389999,29.719999,30.52,7940600,
LINTA,22.75,22.9,22.58,22.61,2091500,
LIOX,3.08,3.12,3.05,3.1,238200,
LIT,12.08,12.19,12.06,12.1,14200,
LIWA,5.47,5.47,5.27,5.39,94900,
LKQ,25.559999,26.23,25.379999,26.120001,2094300,
LL,86.510002,89.239998,86.510002,87.379997,887600,
LLEN,3.95,4.37,3.85,3.91,1588900,
LLL,86.5,87.040001,86.099998,86.449997,335200,
LLNW,2.29,2.4,2.23,2.32,526100,
LLTC,36.639999,37.060001,36.639999,36.860001,1477800,
LLY,52.419998,53.049999,52.200001,52.360001,5134700,
LM,32.900002,33.869999,32.900002,33.18,2232300,
LMCA,125.480054,127.390033,124.780043,126.750084,3391400,
LMNX,20.209999,20.370001,19.809999,19.98,139100,
LMOS,15.55,15.87,14.94,15.27,168800,
LMT,108.25,109.25,107.739998,108.269997,1144300,
LNC,34.919998,35.509998,34.740002,35.220001,3142900,
LNCE,27.469999,27.82,27.34,27.65,128800,
LNCO,35.810001,36.439999,34.459999,35.169998,1411200,
LNDC,14.45,14.46,14.19,14.35,42700,
LNG,26.66,28,26.5,27.58,4291600,
LNKD,180,180,175.529999,177.589996,1655800,
LNN,78.959999,79.970001,78.629997,79.110001,110900,
LNT,49.919998,50.220001,49.490002,49.68,504800,
LO,44,44.720001,43.889999,44.57,2565400,
LOCK,10.94,11.08,10.86,11.03,2124700,
LOCM,1.68,1.71,1.67,1.69,32400,
LODE,1.96,1.96,1.93,1.93,64800,
LOGI,6.97,7.02,6.92,6.94,144200,
LOGM,25.82,25.99,25.629999,25.959999,168300,
LOPE,32,32,30.91,31.68,415500,
LORL,62.75,63.450001,62.189999,62.950001,46900,
LOW,41.380001,41.790001,41.080002,41.369999,5958300,
LPHI,3.02,3.11,2.97,3,76800,
LPI,20.120001,20.34,19.99,20.17,412000,
LPL,13.37,13.4,13.2,13.23,509900,
LPLA,36.599998,36.91,36.59,36.740002,863400,
LPNT,52.66,52.77,51.310001,51.529999,307400,
LPR,0.47,0.47,0.43,0.43,23200,
LPS,32.29,32.45,32.125,32.19,957600,
LPSN,8.65,8.99,8.61,8.92,549400,
LPX,16.93,17.219999,16.809999,17.110001,1924900,
LQD,116.910004,117.110001,116.550003,116.599998,1868600,
LQDT,31.190001,31.709999,30.74,31.360001,440500,
LRCX,47.400002,47.98,46.950001,47.27,1114100,
LRE,14.91,14.98,14.66,14.72,179800,
LRN,28.280001,28.35,27.450001,28.02,176800,
LRY,17.06,17.06,17.06,17.06,0,
LSCC,4.95,5,4.87,4.97,1068400,
LSE,8.58,8.58,8.52,8.54,498700,
LSI,65.970001,66.629997,65.580002,66.349998,104400,
LSTR,53.950001,53.950001,52.200001,52.720001,378800,
LTBR,1.8,1.8,1.69,1.7,5000,
LTC,40.68,40.880001,40.119999,40.439999,100200,
LTD,36.87,36.87,36.87,36.87,0,
LTM,51.639999,51.919998,51.330002,51.59,223100,
LTPZ,62.950001,62.950001,62.049999,62.099998,30200,
LTXC,5.69,5.7,5.6,5.63,68300,
LUB,8.47,8.59,8.38,8.52,46600,
LUFK,88.49,88.5,88.47,88.48,268900,
LUK,27.969999,28.209999,27.540001,27.74,1185000,
LULU,66.949997,67.099998,64.849998,64.959999,4822800,
LUV,13.93,13.94,13.66,13.78,7905200,
LUX,52.799999,53.290001,52.459999,53.16,172500,
LVLT,21.559999,21.84,21.370001,21.620001,955000,
LVS,57.310001,57.84,56.740002,57.110001,5189600,
LXK,30.809999,30.940001,30.43,30.65,407200,
LXP,12,12.11,11.94,12.02,1502900,
LXU,32.900002,32.900002,32.59,32.709999,103900,
LYB,68.099998,68.529999,67.449997,68.139999,3489500,
LYG,3.88,3.91,3.83,3.84,2909500,
LYV,15.58,15.77,15.2,15.26,1891200,
LZB,18.950001,19.559999,18.91,19.059999,346800,
M,48.91,49.419998,48.52,48.810001,2853600,
MA,574.070015,580.979996,574.070015,578.190002,7248000,
MAA,65.279999,65.839996,64.230003,64.900002,503300,
MAC,62.439999,62.75,62.110001,62.400002,876800,
MACK,5.98,6.4,5.88,6.38,793900,
MAIN,27.969999,28.48,27.93,28.41,250700,
MAKO,13.01,13.04,12.35,12.51,706900,
MAN,56.349998,56.540001,55.689999,56.009998,327000,
MANH,77.360001,79.059998,76.989998,78.349998,412800,
MANT,26.950001,27.059999,26.42,26.440001,127300,
MANU,16,16.23,15.7,16.129999,30500,
MAR,41.02,41.119999,40.529999,40.66,2472600,
MAS,20.99,21.309999,20.819999,21.05,5779100,
MASI,22.200001,22.32,21.98,22.08,262000,
MAT,44.830002,45.080002,44.200001,44.459999,2307900,
MATW,38.060001,38.200001,37.580002,38.07,52200,
MATX,25.219999,25.24,24.549999,24.98,259200,
MBB,106.410004,106.480003,106.279999,106.309998,280100,
MBFI,25.9,26.01,25.43,25.559999,183600,
MBI,13.55,13.82,13.28,13.42,2311100,
MBLX,1.590032,1.600032,1.450029,1.460029,18700,
MBND,3.22,3.23,3.22,3.22,56700,
MBT,19.280001,19.43,19.01,19.110001,1265200,
MCC,13.2,13.39,13.15,13.25,1084700,
MCD,99.300003,99.690002,98.300003,98.739998,4884800,
MCEP,22.799999,23.42,22.799999,22.85,33700,
MCF,34.389999,34.68,34.040001,34.360001,21500,
MCGC,5.15,5.17,5.08,5.13,504600,
MCHI,42.84,43.200001,42.689999,42.919998,126200,
MCHP,37.32,37.82,37.25,37.549999,1621200,
MCHX,5.92,6,5.69,5.94,52600,
MCK,115.010002,115.190002,113.720001,114.379997,1111700,
MCO,62.82,62.93,62,62.189999,1473300,
MCP,5.75,5.79,5.57,5.64,3465700,
MCRI,16.040001,16.440001,16,16.43,219400,
MCRL,9.55,9.69,9.49,9.67,216700,
MCRS,42.33,42.7,42.11,42.68,918000,
MCY,42.849998,43.040001,42.389999,42.650002,147100,
MD,92.57,92.970001,91.949997,92.480003,337200,
MDAS,17.52,18.110001,17.469999,17.82,552200,
MDC,36.080002,36.86,35.79,36.560001,602000,
MDCI,7.41,7.47,7.24,7.28,172300,
MDCO,32.939999,33.400002,32.380001,32.599998,460900,
MDIV,21.559999,21.6,21.42,21.48,253800,
MDLZ,29.91,30.639999,29.91,30.34,11431800,
MDP,44.98,45.380001,44.619999,44.959999,289600,
MDR,9.07,9.11,8.82,8.85,3004300,
MDRX,13.25,13.33,13.11,13.33,4518200,
MDSO,71.120003,73.300003,70.910004,72.209999,301800,
MDT,53.169998,53.799999,53.099998,53.509998,6131000,
MDU,25.280001,25.459999,25.129999,25.190001,585400,
MDVN,48.029999,48.5,45.470001,47.41,10756800,
MDXG,7.03,7.25,6.99,7.2,457100,
MDY,215.440002,215.779999,214.009995,215.130005,1258500,
MEA,1.42,1.44,1.4,1.41,148600,
MEAS,47.04,47.14,46.35,46.82,21900,
MED,28.690001,28.690001,27.92,27.940001,201100,
MEET,1.48,1.48,1.39,1.42,246100,
MEG,9.15,9.71,9.12,9.53,196200,
MEI,14.98,15.06,14.44,14.49,285300,
MEIP,7.7,8.19,7.56,7.62,64800,
MELA,0.89,0.91,0.82,0.85,122400,
MELI,113.080002,114.459999,112.190002,114,395400,
MEMP,19.66,19.9,19.16,19.879999,355500,
MEMS,4.1,4.11,4.04,4.09,88300,
MENT,19.549999,19.66,19.370001,19.549999,476600,
MEOH,43.709999,44.18,43.48,43.990002,194000,
MERC,6.63,6.8,6.63,6.77,146000,
MERU,4.55,4.58,4.4,4.53,120100,
MET,44.5,45.049999,44.419998,44.900002,6231600,
MFA,8.76,8.81,8.64,8.67,2153700,
MFB,18.24,18.26,18.08,18.23,84600,
MFC,15.65,15.91,15.65,15.77,1571600,
MFG,3.99,4,3.92,3.95,493000,
MFLX,15.68,15.68,15.43,15.49,59200,
MFRM,38.610001,39.919998,37.93,39.68,350300,
MG,21.809999,22,21.65,21.92,176600,
MGA,69.959999,70.150002,68.949997,69.57,1200000,
MGAM,27,27.01,26.6,26.76,199700,
MGC,56.209999,56.459999,55.939999,56.200001,35000,
MGI,19.33,19.59,19.309999,19.49,33000,
MGIC,5.42,5.54,5.42,5.51,89500,
MGK,62.16,62.48,61.869999,62.139999,83600,
MGLN,55.98,56.450001,55.689999,56.209999,151300,
MGM,14.8,15.15,14.8,14.94,7796000,
MGPI,5.65,5.65,5.4,5.51,24900,
MGV,50.23,50.470001,50.029999,50.259998,47100,
MHFI,54.950001,55.150002,54.490002,55.049999,1337000,
MHGC,7.54,7.87,7.33,7.83,824400,
MHK,111.779999,115.410004,111.470001,113.230003,662700,
MHLD,11.05,11.14,10.97,11.01,176500,
MHO,25.42,26.07,24.940001,25.77,339200,
MHR,3.89,3.9,3.76,3.81,2385900,
MIC,54.52,54.740002,53.52,53.990002,212700,
MIDD,166.439999,169.169998,164.829987,168.380013,290100,
MIDU,57.82,58,56.66,57.34,95200,
MIDZ,29.33,29.74,29.200001,29.5,1800,
MIG,8,8,7.9,7.96,111700,
MILL,4.14,4.2,4.1,4.19,121875,
MIND,16.68,16.940001,16.6,16.719999,33200,
MINI,33.380001,33.990002,33.09,33.82,299500,
MITK,7.27,7.71,7.12,7.12,815480,
MITL,3.97,4.02,3.71,3.89,49600,
MITT,20.98,21.08,20.280001,20.389999,459200,
MJN,81.769997,83.669998,81.660004,83.010002,1019700,
MKC,72.599998,73.139999,72.480003,72.800003,608000,
MKSI,28.040001,28.129999,27.41,27.73,102000,
MKTG,12.25,12.51,12.19,12.46,309600,
MKTX,46.889999,47.259998,46.43,46.779999,218300,
MLHR,28.309999,28.48,28.09,28.35,106300,
MLI,52.130001,52.139999,51.540001,51.689999,242800,
MLM,110.620003,110.849998,109.150002,109.790001,188000,
MLNK,2.73,2.8,2.65,2.7,190000,
MLNX,50.919998,51.25,48.799999,49.720001,846500,
MLPN,29.459999,29.59,29.370001,29.450001,107100,
MLR,15.71,16,15.65,15.78,11900,
MM,8.3,8.38,8.2,8.23,764100,
MMC,40.139999,40.459999,40.080002,40.310001,3136100,
MMLP,43.25,44.18,43.25,43.919998,136300,
MMM,111.849998,112.870003,111.639999,111.910004,2617800,
MMP,52.82,54.02,52.639999,53.599998,562300,
MMS,74.269997,76.099998,73.949997,75.959999,563800,
MMSI,11.27,11.43,11.09,11.21,192800,
MMYT,13.67,14.05,13.67,13.9,38600,
MN,19.139999,19.280001,18.93,19.110001,19500,
MNI,2.31,2.38,2.28,2.33,23500,
MNKD,7.98,8,7.46,7.54,9834300,
MNR,9.99,10.06,9.91,10.01,145200,
MNRO,48.470001,49.139999,48.009998,48.939999,224900,
MNST,59.68,61.219997,59.189999,59.610003,5653800,
MNTA,14.07,14.23,13.73,13.76,212400,
MNTG,3.63,3.66,3.52,3.53,58100,
MNTX,10.4,10.45,10.04,10.05,142100,
MNX,2943.899902,2988.5,2943.899902,2971.300049,1581830000,
MO,35.700001,35.959999,35.619999,35.790001,8517500,
MOBI,3.33,3.33,2.98,3.04,209400,
MOD,10.46,10.62,10.38,10.46,210800,
MODN,20.4,21,20.26,20.82,91800,
MOH,37.189999,37.59,36.98,37.439999,464800,
MOLX,29.69,30.15,29.6,29.92,341600,
MOLXA,24.92,25.23,24.87,25.1,39200,
MON,106.68,106.800003,104.129997,104.82,2592100,
MOO,53.25,53.380001,52.84,53.09,615900,
MORN,74.760002,75.150002,74.580002,74.879997,83500,
MOS,58.259998,58.540001,57.880001,58.220001,1403500,
MOSY,4.26,4.4,4.16,4.4,133100,
MOV,34.43,34.630001,33.400002,33.73,103100,
MOVE,11.97,12.19,11.93,12.16,366900,
MPAA,7.4,7.77,7.29,7.75,272500,
MPC,80.099998,80.5,78.699997,79,4654800,
MPEL,24.5,24.969999,24.209999,24.639999,3084600,
MPG,3.13,3.13,3.11,3.11,2397700,
MPLX,38.080002,39.240002,38.060001,38.720001,193100,
MPO,6.27,6.489999,6.21,6.41,40200,
MPW,14.86,15.14,14.85,14.94,1947800,
MPWR,24.58,25.01,24.309999,24.91,252000,
MR,39.759998,39.799999,39.389999,39.470001,987100,
MRC,27,27.190001,26.48,26.85,1448400,
MRCY,9.3,9.4,9.26,9.4,90200,
MRGE,3.62,3.67,3.56,3.63,281400,
MRH,25.450001,25.76,25.280001,25.68,324400,
MRIN,10.66,10.66,10.38,10.42,131500,
MRK,48.330002,48.549999,47.560001,47.799999,12485200,
MRO,34.709999,35.220001,34.580002,34.990002,4741200,
MRTN,16,16,15.01,15.27,116100,
MRVL,11.2,11.38,11.16,11.34,7829400,
MS,26.08,26.33,25.940001,26.209999,15087100,
MSA,46.009998,46.16,45.549999,45.869999,50500,
MSB,19.18,19.280001,18.91,18.93,32500,
MSCC,21.530001,21.860001,21.1,21.52,319800,
MSCI,34.470001,34.77,34.290001,34.5,1234200,
MSFT,34.689999,35.16,34.630001,35,49670100,
MSG,59.919998,61.5,59.73,60.939999,330600,
MSI,57.169998,57.5,57.080002,57.330002,1618200,
MSM,80.550003,81.099998,80.160004,81,306000,
MSO,2.37,2.38,2.34,2.36,67300,
MSPD,3.27,3.35,3.2,3.27,195400,
MSTR,91.459999,91.459999,88.589996,89.209999,194900,
MSTX,0.44,0.45,0.434,0.441,1387020,
MT,12.25,12.29,12.02,12.13,3126700,
MTB,103.349998,103.410004,102.540001,103.040001,531800,
MTD,213.759995,216.779999,213.630005,215.809998,130700,
MTDR,10.85,11.57,10.85,11.44,558900,
MTG,6.16,6.4,6.11,6.25,7817800,
MTGE,20.299999,20.530001,20.030001,20.18,905400,
MTH,47.389999,48.419998,46.82,48.040001,673500,
MTL,2.98,3,2.8,2.84,1438100,
MTN,63.970001,64.209999,63,63.279999,154700,
MTOR,7.25,7.29,6.97,7.12,867300,
MTRN,30.139999,30.58,29.469999,29.75,42400,
MTRX,16.25,16.49,16.18,16.389999,80800,
MTSC,58.119999,58.389999,57.740002,58.02,61300,
MTSN,2.45,2.45,2.25,2.3,760000,
MTU,6.15,6.23,6.08,6.12,2451200,
MTW,18.790003,19.100001,18.500002,18.780001,14074600,
MTX,42.740002,42.860001,42.27,42.580002,118900,
MTZ,32,32.220001,31.5,32.040001,422300,
MU,13.16,13.5,13.08,13.24,50588300,
MUB,107.300003,107.480003,107,107.010002,162000,
MUR,63.639999,63.849999,63.220004,63.619997,1226500,
MUX,2.15,2.17,2.02,2.15,3482600,
MVC,12.82,12.84,12.62,12.7,105600,
MVG,7.54,7.58,6.95,7.02,268400,
MVIS,3.3,3.31,3.07,3.18,197700,
MVO,28.85,29.58,28.690001,29.48,61700,
MVV,98.699997,99.080002,97.620003,98.290001,130400,
MW,37,37.189999,36.529999,36.799999,562400,
MWA,6.88,6.9,6.58,6.61,1349400,
MWE,67.440002,67.760002,66.760002,67.690002,287800,
MWIV,125.1,127.85,124.08,127.14,59800,
MWV,35.560001,35.860001,35.099998,35.700001,1294700,
MWW,5.42,5.45,5.19,5.26,1266200,
MX,18.549999,18.879999,18.200001,18.219999,236000,
MXIM,27.879999,28.4,27.780001,28.190001,4216300,
MXL,6.55,6.65,6.47,6.58,46900,
MXWL,6.69,6.83,6.52,6.8,316700,
MY,2.14,2.16,2.07,2.1,869200,
MYE,15.58,15.59,15.25,15.37,92800,
MYGN,28.01,28.67,26.51,26.620001,4596600,
MYL,31.83,32,31.209999,31.540001,4009400,
MYRG,20.23,20.23,19.9,20.049999,180000,
MZZ,18.09,18.299999,18.049999,18.190001,5800,
N,86.68,88.25,86.110001,87.709999,322400,
NAFC,23.99,24.05,22.48,23.06,31500,
NAK,2.43,2.48,2.31,2.38,130900,
NANO,15.44,15.54,15.35,15.5,75500,
NAT,8.249996,8.439999,8.199995,8.320002,509900,
NATI,27.43,27.6,27.120001,27.280001,1357000,
NATR,16.82,17,16.620001,16.73,27600,
NAV,31.17,31.379999,30.879999,31.190001,1028500,
NAVB,2.69,2.7,2.56,2.69,625520,
NBG,5.48,5.62,5.37,5.55,2776000,
NBIX,12.92,12.95,12.64,12.72,427800,
NBL,58.400002,59.779999,58.400002,59.700001,1933100,
NBR,16.049999,16.83,16.049999,16.559999,3513800,
NBTB,20.379999,20.530001,19.9,20.23,98800,
NCI,13.5,13.6,13.39,13.48,130900,
NCLH,31.16,31.66,30.75,31.190001,194500,
NCMI,17.129999,17.26,16.84,16.940001,92900,
NCQ,2,2.02,1.86,1.97,208300,
NCR,33.400002,33.869999,33.380001,33.75,515700,
NCS,16.469999,16.940001,16.469999,16.799999,146500,
NCT,5.530209,5.570204,5.3602,5.410202,6723500,
NCTY,3.93,3.94,3.76,3.91,41900,
NDAQ,32.860001,33.27,32.599998,33.040001,803600,
NDO,80.790001,80.82,79.669998,79.959999,0,
NDRO,16.09,16.18,15.76,15.81,41000,
NDSN,69.540001,70.220001,69.410004,69.849998,235800,
NDX,2967.330078,2988.590088,2956.919922,2971.26001,1581830000,
NDZ,7.58,7.66,7.53,7.62,215300,
NE,37.900003,38.259995,37.710007,38.020005,2114500,
NEE,80.389999,80.959999,80.209999,80.660004,2300900,
NEM,33.240002,33.630001,33.150002,33.439999,4215100,
NEO,4.01,4.19,3.98,4.11,175000,
NEOG,55.07,55.66,54.540001,55.02,140400,
NEON,5.28,5.3,5.2,5.22,96300,
NEPT,3.08,3.08,2.94,3,182800,
NES,3.26,3.3,3.18,3.2,157500,
NEU,278.339996,278.339996,273.630005,275.790009,61800,
NEWP,13.46,13.82,13.46,13.72,98200,
NFBK,11.67,11.75,11.62,11.73,363000,
NFG,61.889999,61.889999,61.27,61.759998,272900,
NFLX,225.540009,230.499989,223.749994,229.23,35851200,
NFP,25.3,25.31,25.29,25.3,225300,
NFX,22.709999,23.190001,22.700001,23.01,1309700,
NG,2.37,2.4,2.35,2.39,544900,
NGD,6.67,6.74,6.63,6.71,2519100,
NGG,58.880001,59,58.349998,58.490002,427300,
NGL,29.940001,30.34,29.290001,29.639999,174900,
NGLS,49.16,49.25,48.59,48.869999,203900,
NGPC,6.57,6.64,6.55,6.62,36300,
NGS,23.129999,23.26,22.889999,23.209999,25200,
NGVC,29.379999,32.529999,29.33,32.150002,386100,
NHI,60.790001,61.450001,60.349998,60.810001,81600,
NI,29.23,29.370002,28.970001,29.170002,4414000,
NIB,29.83,29.91,29.459999,29.59,48000,
NICE,37.580002,37.93,37.369999,37.709999,114400,
NIHD,91.8,91.8,89,89.4,140600,
NILE,38.5,40.439999,38.450001,38.91,375600,
NKA,14.21,14.66,14.16,14.39,48400,
NKE,62.380001,62.720001,61.82,61.939999,7512800,
NKTR,9.38,9.42,9.24,9.33,433600,
NKY,16.49,16.65,16.34,16.42,907200,
NLNK,20.75,21.5,20.57,21.309999,309100,
NLS,8.03,8.18,7.98,8.1,229500,
NLSN,34.5,34.799999,34.290001,34.599998,1679400,
NLST,0.89,0.89,0.86,0.89,87400,
NLY,13.63,13.65,13.21,13.26,11959400,
NM,5.33,5.33,5.18,5.21,368300,
NMFC,14.88,14.98,14.71,14.87,201200,
NMM,14.54,14.57,14.27,14.35,132900,
NMR,7.74,7.84,7.66,7.7,1205000,
NMRX,10.86,11.18,10.58,11.03,22800,
NNBR,9.79,10.54,9.79,10.5,179900,
NNI,37.540001,37.900002,37.259998,37.490002,114200,
NNN,35.990002,36.349998,35.869999,36.060001,1424500,
NOA,4.78,4.78,4.67,4.71,84100,
NOAH,12.53,12.77,12.36,12.44,126200,
NOC,83.279999,84.300003,83.260002,83.669998,1000500,
NOG,13.93,13.97,13.63,13.93,383700,
NOK,3.72,3.76,3.68,3.69,19947800,
NOR,4.069996,4.089996,3.899996,3.939996,54100,
NOV,70.140001,70.959994,69.980003,70.439998,3161100,
NOW,37.759998,38.18,37.459999,38.040001,812900,
NP,31.92,32,31.639999,31.790001,42300,
NPD,1.67,1.67,1.65,1.66,12000,
NPO,50.27,50.73,49.939999,50.52,69000,
NPSP,15.25,15.43,14.83,14.9,1443200,
NPTN,8,8.02,7.64,7.92,45200,
NQ,8.08,8.15,7.99,8.02,292700,
NR,11.04,11.26,10.97,11.09,492200,
NRF,9.249996,9.290003,9.059995,9.079998,2270800,
NRG,26.969999,27.16,26.66,26.74,3094800,
NRGM,22.71,22.92,22.42,22.77,51400,
NRGY,23.95,24.45,14.14,24.11,592900,
NRP,22.52,22.72,22.2,22.410001,11700,
NRT,25.33,25.58,25.190001,25.200001,10400,
NRZ,6.68,6.79,6.56,6.7,1481000,
NS,45.66,46.009998,44.900002,45.16,184700,
NSC,76.550003,76.940002,75.93,76.459999,1440900,
NSH,25.51,26.48,24.91,25.370001,233400,
NSIT,19.110001,19.309999,18.6,18.65,180600,
NSM,42.880001,43,41.849998,42.200001,718200,
NSP,31.040001,31.18,30.85,31.120001,68300,
NSPH,3.58,3.81,3.57,3.72,37200,
NSR,49.169998,49.98,49.110001,49.73,313500,
NSU,3.36,3.42,3.15,3.16,3234100,
NTAP,38.130001,38.919998,38.099998,38.610001,5754500,
NTCT,24.33,24.360001,24.01,24.33,67100,
NTE,7.01,7.07,6.88,6.9,286400,
NTES,61.689999,62.490002,61.68,62.080002,600600,
NTGR,32.66,32.66,31.969999,32.220001,214200,
NTI,25.57,25.85,25.35,25.530001,485400,
NTLS,16.17,16.280001,15.41,15.75,176900,
NTRI,10.22,10.74,10.06,10.23,616100,
NTRS,57.59,58.200001,57.349998,58.049999,1466600,
NTSP,16.03,16.03,15.98,15.98,112800,
NTT,26.02,26.15,25.84,25.93,232800,
NTWK,9.98,10.09,9.58,9.87,168476,
NU,42.43,42.6,41.95,42.14,1617800,
NUAN,18.780001,18.950001,18.66,18.85,4459800,
NUE,45,45.349998,44.700001,44.98,2087100,
NUS,61.549999,62.290001,60.939999,61.73,730600,
NUVA,21.99,22.15,21.780001,22.15,234100,
NVAX,1.94,1.95,1.88,1.92,1068800,
NVDA,14.46,14.62,14.38,14.49,6383400,
NVDQ,14.06,14.21,13.77,13.98,157900,
NVE,23.59,23.65,23.58,23.61,5635000,
NVMI,9.9,10.31,9.89,10.16,202200,
NVO,162.919998,163.439999,160.779991,161.700001,2519500,
NVS,73.459999,73.68,72.949997,73.290001,1422500,
NVTL,3.91,3.95,3.85,3.87,167400,
NWBI,12.45,12.59,12.41,12.53,466600,
NWBO,3.54,3.59,3.53,3.56,77700,
NWE,40.73,40.939999,40.259998,40.459999,187400,
NWL,27.389999,27.52,26.73,26.879999,2804800,
NWN,43.200001,43.349998,42.5,42.810001,70000,
NWPX,27.440001,27.690001,26.49,26.620001,22100,
NWS,31.43,31.77,31.29,31.38,4072300,
NWSA,31.3,31.65,31.12,31.28,12606100,
NWY,5.65,5.86,5.61,5.85,393200,
NX,17.85,18.84,17.719999,18,660100,
NXPI,30.99,31.360001,30.870001,31.219999,2022500,
NXST,31,32.41,30.75,32.18,739600,
NXTM,14.21,14.48,14.16,14.31,322600,
NYCB,13.4,13.51,13.36,13.5,4089100,
NYMT,7,7.09,6.96,7.01,791200,
NYMX,5.25,5.35,5.21,5.21,13700,
NYT,10.69,10.75,10.5,10.54,1072700,
NYX,40.65,41.68,40.48,41.55,1808900,
O,45.25,45.43,43.970001,44.27,2065100,
OAK,53.75,55,53.419998,53.82,409900,
OAS,41.799999,42.310001,41.400002,41.639999,1536700,
OB,15.08,15.25,14.94,15.05,239900,
OC,43.09,43.779999,42.950001,43.360001,1720100,
OCLR,1.17,1.17,1.12,1.13,784400,
OCN,46.049999,46.32,44.369999,44.849998,2026800,
OCR,47.400002,47.599998,47.009998,47.259998,790000,
OCZ,1.4,1.44,1.37,1.43,828200,
ODFL,43.310001,43.459999,42.32,42.549999,626100,
ODP,4.28,4.36,4.26,4.3,3728100,
OEF,74.059998,74.540001,73.769997,74.150002,695700,
OEH,12.05,12.48,12.04,12.41,1006200,
OEX,0.323,0.323,0.323,0.323,0,
OFC,26.559999,26.83,26.27,26.43,476700,
OFG,16.959999,17.09,16.75,16.950001,290300,
OFIX,28.530001,28.629999,28.110001,28.290001,93800,
OGE,68.519997,68.910004,68,68.290001,688600,
OGXI,10.15,10.16,9.88,9.98,37400,
OHI,32.389999,32.68,32.040001,32.330002,931200,
OI,28.030001,28.27,27.799999,27.940001,1258200,
OIBR,1.94,1.95,1.81,1.82,252900,
OIH,43.439999,44.060001,43.400002,43.880001,2238600,
OII,72.769997,73.669998,72.690002,73.339996,480200,
OIL,22.860001,22.91,22.67,22.780001,570400,
OILT,48.85,50.26,48.85,49.6,78300,
OIS,91.900007,94.319996,91.600007,93.249991,1151000,
OKE,44.640001,44.890001,44.06,44.359998,1136700,
OKS,50.57,51.099998,49.93,50.049999,461100,
OKSB,14.2,14.2,13.75,14.19,58100,
OLN,24.25,24.35,23.889999,24.01,541600,
OMC,63.18,63.610001,62.950001,63.290001,897000,
OMCL,19.01,19.139999,18.959999,19.129999,99700,
OME,9.78,9.96,9.72,9.91,113100,
OMER,4.98,5.12,4.93,4.97,123800,
OMEX,3.379999,3.389999,3.170999,3.239999,45700,
OMG,31.379999,31.379999,30.98,31.219999,175400,
OMI,34.779999,34.900002,34.349998,34.540001,262200,
OMN,7.91,8.04,7.86,7.96,81200,
OMX,11.14,11.38,11.14,11.24,738700,
ONB,13.28,13.28,13.03,13.16,393600,
ONCY,2.39,2.4,2.3,2.34,157300,
ONE,10.93,11.07,10.85,11.02,151500,
ONNN,8.19,8.35,8.18,8.29,4635800,
ONP,1.67,1.69,1.66,1.67,9900,
ONTY,1.89,1.89,1.78,1.79,531900,
ONXX,90.64,91.17,87.891,89.98,848900,
OPEN,67.07,67.85,66.63,67,241900,
OPK,6.9,7.1,6.83,7.07,2018500,
OPLK,17.89,18.17,17.76,18.11,35100,
OPTR,14.71,14.71,14.37,14.43,455500,
ORA,23.32,23.57,22.92,23.08,38700,
ORB,18.05,18.14,17.965,18,336500,
ORBC,4.31,4.31,4.24,4.25,115800,
ORBK,12.12,12.37,12.05,12.28,100000,
ORCL,34.029999,34.630001,34,34.27,19398200,
OREX,6.41,6.45,6.17,6.28,86800,
ORI,12.94,13.02,12.82,12.86,4008400,
ORIG,16.809999,17.24,16.809999,17.08,569400,
ORIT,15.14,15.27,15.03,15.19,66700,
ORLY,111.57,112.559998,111.169998,111.949997,727900,
ORN,11.97,12.09,11.87,11.95,151600,
OSGIQ,3.05,3.3,3.05,3.25,21600,
OSIR,10.24,10.29,10.1,10.28,23300,
OSIS,57.240002,58.59,56.59,58.450001,251500,
OSK,37.580002,37.82,36.880001,37.16,637900,
OSTK,27,27.549999,26.75,26.940001,219100,
OSUR,4.28,4.39,4.13,4.23,489500,
OSX,253.87,258.74,253.84,257.61,0,
OTEX,71.720001,71.809998,70.589996,70.879997,1181200,
OTTR,27.969999,28.17,27.91,28.09,81200,
OVTI,19.190001,19.469999,19.049999,19.34,1009500,
OVX,21.48,21.48,20.66,21.04,0,
OWW,7.59,8.05,7.53,8.05,1099200,
OXF,2.5,2.58,2.41,2.46,32800,
OXM,64.330002,65.480003,63.59,63.900002,54400,
OXY,92.660001,93.240005,91.810005,92.610005,2777700,
OZM,11.05,11.17,10.96,10.99,602300,
OZRK,43.490002,43.900002,43.119999,43.5,170000,
P,15.32,15.4,14.96,15.08,3210100,
PAA,55.380001,56.209999,55.290001,56.009998,692800,
PAAS,12.1,12.31,11.98,12.11,1668500,
PAC,46.349998,47.369999,45.619999,45.990002,90700,
PACB,2.7,2.89,2.63,2.89,578800,
PACD,9.6,9.65,9.51,9.6,36700,
PACR,6.54,6.54,6.3001,6.47,75200,
PACT,6.81,6.89,6.79,6.88,93975,
PACW,28.4,28.48,28.110001,28.389999,309800,
PAG,31.98,31.98,30.870001,31.120001,469200,
PAL,1.12,1.12,1.09,1.09,760829,
PANL,28.18,28.56,26.97,27.17,605700,
PANW,43.599998,44.259998,43,43.150002,1392500,
PATH,2.77,2.8,2.69,2.78,100300,
PAY,15.85,16.040001,15.56,15.75,3674800,
PAYX,37.439999,38,37.360001,37.84,2278600,
PB,49.490002,49.84,49.290001,49.57,367600,
PBA,32.360001,32.369999,31.83,32.009998,194700,
PBCT,13.89,13.95,13.81,13.91,2513400,
PBF,26.58,26.65,26.219999,26.25,916300,
PBH,29.58,29.780001,29.4,29.549999,434600,
PBI,14.63,14.76,14.48,14.51,2297100,
PBJ,24.860001,25.02,24.75,24.91,1351500,
PBNY,9.07,9.2,9.05,9.2,107700,
PBR,15.83,15.95,15.44,15.64,18836700,
PBR.A,17.15,17.27,16.62,16.81,4848600,
PBT,13.16,13.37,13.05,13.21,84100,
PBTH,6.3,6.4299,6.3,6.36,346400,
PBW,5.34,5.43,5.31,5.36,250000,
PBY,12,12.1,11.92,11.95,247600,
PCAR,53.529999,54.220001,53.43,53.860001,963200,
PCCC,16.26,16.91,16.26,16.68,30200,
PCEF,24.860001,25.01,24.700001,24.76,166900,
PCG,45.349998,45.790001,45.200001,45.32,2570200,
PCH,42.84,43.330002,41.68,41.959999,290100,
PCL,47.59,47.900002,47.240002,47.549999,806200,
PCLN,822,831.090027,818.599976,825.539978,822500,
PCOM,19.85,20.5,19.82,20.23,87100,
PCP,221.419998,221.610001,218.080002,218.949997,607900,
PCRFY,7.85,7.99,7.77,7.77,87600,
PCRX,30.360001,30.360001,29.26,29.790001,384200,
PCTI,7.94,8.05,7.81,7.97,80500,
PCXCQ,0.16,0.16,0.15,0.155,88200,
PCY,28.68,28.77,28.4,28.450001,1282300,
PCYC,87.71,88.85,85.79,87.19,411700,
PDCE,52.580002,54.169998,52.439999,53.77,170500,
PDCO,39.099998,39.34,38.970001,39.209999,711500,
PDFS,17.879999,18.540001,17.799999,18.17,38500,
PDH,12.63,12.83,12.54,12.69,223200,
PDLI,7.9,7.95,7.7,7.74,1342400,
PDM,18.25,18.360001,17.84,17.98,811400,
PDP,31.85,31.98,31.73,31.870001,354800,
PDS,8.93,9.21,8.86,9.14,627500,
PEB,25.860001,26.120001,25.370001,25.59,267900,
PEG,32.799999,33.150002,32.709999,32.98,3132400,
PEGA,31.99,33.060001,31.93,32.529999,345200,
PEI,19.51,19.65,19.219999,19.43,269300,
PEIX,3.68,3.8,3.63,3.72,85300,
PENN,54.849997,54.849997,54.189999,54.289997,2196900,
PEP,82.589996,82.93,82.089996,82.550003,4655200,
PER,15.1,15.28,14.91,15.15,293700,
PERI,12.55,12.74,12.07,12.21,439600,
PERY,21.98,22.190001,21.6,21.879999,131300,
PES,6.85,7.05,6.81,7.04,434700,
PETM,69.44,69.445,68.51,68.89,1114700,
PETS,12.89,13.28,12.81,13.27,292900,
PF,25.17,25.18,24.75,24.799999,398500,
PFE,29.4,29.4,28.9,29.16,152088100,
PFF,39.59,39.84,39.529999,39.610001,2437300,
PFG,38.310001,38.900002,38.310001,38.75,1001400,
PFMT,11.47,11.5,11.19,11.26,248300,
PFPT,23.040001,23.440001,22.049999,22.33,381100,
PFS,15.07,15.11,14.88,15,149000,
PFSI,21.07,21.790001,21.07,21.610001,81600,
PFSW,4.02,4.04,3.96,3.96,26000,
PG,78.260002,79.470001,78.25,78.959999,7359900,
PGEM,22.530001,23.030001,22.35,22.709999,239800,
PGF,17.98,18.09,17.969999,17.98,797800,
PGH,5.04,5.11,5,5.06,1662900,
PGI,12.34,12.54,12.05,12.31,209300,
PGJ,21.34,21.559999,21.24,21.530001,51200,
PGNX,4.71,4.86,4.67,4.76,277500,
PGR,24.889999,25.08,24.82,25.02,3098100,
PGTI,8.6,8.75,8.42,8.57,413900,
PGX,14.46,14.5,14.37,14.4,1195500,
PH,98.089996,98.279999,97.18,97.769997,762600,
PHB,19.120001,19.139999,19.049999,19.059999,537600,
PHG,29.16,29.23,28.84,28.969999,577800,
PHH,20.18,20.35,20.02,20.139999,537300,
PHM,21.08,21.75,20.950001,21.42,7899400,
PHMD,16.95,17,16.780001,16.95,14200,
PHO,22.690001,22.77,22.52,22.58,75600,
PICO,21.889999,21.99,21.65,21.83,65600,
PID,17.1,17.17,17.040001,17.110001,348400,
PIE,18.84,18.940001,18.73,18.77,492800,
PII,96.129997,96.720001,94.709999,95.410004,689300,
PIKE,12.66,12.82,12.48,12.6,504500,
PIN,17.02,17.1,16.93,17.02,322200,
PIP,1.6,1.74,1.56,1.57,146900,
PIR,24.639999,24.74,24.32,24.41,1270200,
PJC,33.75,34.07,33.240002,33.549999,56400,
PKD,4.64,4.95,4.64,4.94,1052400,
PKE,23.67,23.950001,23.65,23.889999,21500,
PKG,49.419998,49.860001,49.23,49.470001,726100,
PKI,33.25,33.98,33.130001,33.849998,1056200,
PKT,13.9,13.92,13.75,13.85,113400,
PKX,69.540001,69.699997,69.029999,69.239998,161700,
PKY,17.16,17.379999,17.059999,17.23,713400,
PL,38.62,38.86,38.24,38.6,306200,
PLAB,7.61,7.72,7.45,7.56,210100,
PLCE,55.369999,55.720001,53.810001,54.259998,293600,
PLCM,11.56,11.76,11.01,11.15,1691800,
PLD,38.919998,39.240002,38.220001,38.459999,3176700,
PLL,69.019997,69.970001,68.370003,69.150002,747700,
PLOW,13.67,13.69,13.43,13.48,47100,
PLT,46.169998,46.32,45.790001,45.82,191100,
PLTM,11.94,11.95,11.85,11.85,1300,
PLUG,0.44,0.44,0.41,0.41,3470600,
PLX,5.03,5.12,4.98,5.04,251100,
PLXS,29.43,29.549999,28.799999,29.1,131700,
PLXT,4.74,4.76,4.7,4.74,230500,
PM,92.43,93,91.82,92.470001,4584500,
PMC,15.96,15.96,15.66,15.83,219700,
PMCS,6.12,6.17,6.06,6.12,2283200,
PMFG,6.33,6.59,6.26,6.55,24200,
PMT,22,22.09,21.450001,21.73,779400,
PMTC,24.7,24.96,24.33,24.88,435700,
PMTI,13.45,13.65,13.29,13.42,67100,
PNC,71.550003,71.910004,70.860001,71.290001,1862100,
PNFP,25.049999,25.190001,24.9,24.969999,110100,
PNG,21.03,21.14,20.85,20.98,63400,
PNK,19.280001,20.18,19.059999,19.639999,834400,
PNM,22.370001,22.43,22.110001,22.17,389200,
PNNT,11.87,11.95,11.7,11.83,998400,
PNR,60.060001,60.139999,58.509998,58.810001,2226300,
PNRA,187.520004,189.490005,185.369995,186.139999,415400,
PNW,57.779999,58.130001,57.200001,57.400002,491800,
PNY,34.32,34.450001,34.16,34.360001,343800,
PODD,30.65,31,30.530001,30.780001,123900,
POL,25.82,25.940001,25.639999,25.83,381600,
POM,20.370001,20.450001,20.139999,20.27,1261000,
POOL,53.349998,53.98,52.860001,53.349998,161500,
POR,30.969999,31.209999,30.709999,30.809999,620700,
POST,45.860001,46.869999,45.689999,46.150002,204700,
POT,40.52,40.77,40.419998,40.560001,1777200,
POWI,40.25,40.450001,39.439999,39.990002,162200,
POWR,15.55,16.15,15.35,15.74,256600,
POZN,5.04,5.06,4.92,5.03,237100,
PPC,13.47,13.57,13.18,13.3,710000,
PPG,155,156.940002,154.360001,156.110001,1115600,
PPH,47.490002,47.529999,46.990002,47.169998,61100,
PPHM,1.52,1.57,1.52,1.56,1702900,
PPL,29.200001,29.459999,29.049999,29.129999,5287500,
PPO,42.060001,42.189999,41.34,41.5,537700,
PPP,5.22,5.27,5.13,5.18,277500,
PPS,48.259998,48.48,47.07,47.450001,331800,
PQ,4.75,4.75,4.54,4.61,70100,
PRA,51.990002,52.200001,51.75,52.119999,492300,
PRAA,155.580002,163.869987,155.580002,161.600006,481500,
PRCP,7.47,7.52,7.43,7.46,11400,
PRE,90.919998,91.550003,90.699997,91.349998,282200,
PRFT,13.72,13.95,13.63,13.66,154100,
PRGO,119.889999,120.5,118.690002,119.510002,764500,
PRGS,23.219999,23.34,22.82,23.059999,219100,
PRI,36.07,37.009998,36.07,36.970001,241800,
PRIM,20.59,20.6,20.129999,20.309999,1128900,
PRKR,4.09,4.21,4.07,4.18,36600,
PRLB,58.02,59.740002,57.799999,59.459999,605300,
PRMW,1.89,1.89,1.73,1.77,344700,
PRSC,28.799999,28.9,27.709999,27.98,172700,
PRSS,6.27,6.35,6.2,6.33,19400,
PRU,71.269997,72.5,71.260002,72.190002,2568200,
PRXL,46.759998,47.189999,46.450001,46.740002,336800,
PSA,153.25,154.990005,151.960007,153.339996,654300,
PSB,73.709999,74.730003,72.459999,73.110001,58900,
PSDV,3.5,3.77,3.46,3.72,475400,
PSE,24.54,24.54,24.54,24.54,0,
PSEC,10.57,10.77,10.52,10.66,4337200,
PSEM,7.14,7.29,7.08,7.13,56100,
PSMI,10.4,10.86,10.2,10.74,152200,
PSMT,87.769997,88.529999,87.07,88.080002,82900,
PSO,18.99,19.059999,18.82,18.950001,196800,
PSQ,22.52,22.58,22.34,22.469999,133500,
PST,27.92,28.17,27.92,28.120001,121000,
PSTB,5.82,5.82,5.75,5.78,44300,
PSTI,2.84,2.86,2.8,2.82,60900,
PSUN,3.37,3.38,3.13,3.14,835900,
PSX,64.199997,64.690002,63.98,64.260002,3341200,
PT,4.18,4.21,4.15,4.18,406300,
PTEN,20.719999,21.780001,20.719999,21.389999,3723500,
PTIE,2.4,2.42,2.34,2.37,571500,
PTM,16.24,16.26,16.17,16.23,2000,
PTP,57.99,58.47,57.76,58.4,189100,
PTR,109.75,110,108.599998,109.449997,151700,
PTRY,14,14,13.33,13.49,96200,
PUK,34.189999,34.279999,33.66,33.91,83100,
PVA,4.62,4.65,4.57,4.64,587600,
PVG,7.97,8.01,7.72,7.81,235200,
PVH,123.709999,126.199997,123.559998,125.190002,1209900,
PVR,27.07,27.39,26.81,27.22,299800,
PVTB,19.549999,19.77,19.41,19.620001,379900,
PWE,11.34,11.71,11.29,11.7,3952400,
PWER,6.31,6.32,6.31,6.31,738600,
PWR,26.549999,26.83,26.35,26.58,2044300,
PWRD,16.1,16.870001,15.94,16.870001,541100,
PX,118.730003,119.269997,117.849998,118.449997,1538700,
PXD,149.360001,154.259995,149.139999,152.320007,1822300,
PZA,24.209999,24.440001,24.190001,24.200001,581700,
PZE,4.12,4.25,3.99,4.03,135200,
PZG,1.37,1.42,1.29,1.36,1097300,
PZO,126.779999,128.779999,126.629997,128.350006,0,
PZZA,66.25,66.269997,65.139999,65.650002,197000,
Q,43.299999,43.619999,42.549999,43.529999,472100,
QCOM,61.610001,62.349998,61.490002,62.07,13528500,
QCOR,46.38,46.4499,44.17,45.19,1484200,
QDEL,25.360001,25.389999,24.82,25.049999,108600,
QEP,29.610001,29.700001,29.17,29.610001,1469700,
QGEN,19.380001,19.55,19.26,19.460001,509100,
QID,22.889999,23.059999,22.540001,22.809999,1236200,
QIHU,44.330002,47.490002,44.099998,47.48,2928000,
QLD,68.019997,69,67.540001,68.190002,4547400,
QLGC,9.83,9.95,9.62,9.74,1479900,
QLIK,29.76,30.139999,29.299999,29.629999,739000,
QLTI,8.16,8.45,8.13,8.43,179700,
QLTY,9.68,9.68,9.41,9.49,89700,
QLYS,14.58,14.96,14.31,14.9,86500,
QNST,7.64,7.85,7.6,7.82,57000,
QQEW,30.440001,30.700001,30.4,30.5,73000,
QQQ,72.849998,73.400002,72.599998,72.980003,32441900,
QRE,16.71,16.71,16.26,16.43,352100,
QSII,18.26,18.59,18.23,18.43,355800,
QTM,1.4,1.42,1.36,1.39,3470400,
QTWW,0.58,0.59,0.57,0.57,55400,
QUAD,24.66,24.719999,24.09,24.379999,54600,
QUIK,2.35,2.36,2.3,2.32,117300,
R,62.650002,62.950001,61.299999,61.830002,314800,
RAD,3.14,3.18,3.11,3.14,21253300,
RAI,48.549999,49.09,48.549999,48.959999,4775000,
RAIL,17.27,17.280001,16.84,16.950001,84700,
RAS,7.89,7.93,7.6,7.68,519900,
RATE,13.86,14.05,13.44,13.81,571700,
RAVN,30.040001,30.67,29.85,30.26,74100,
RAX,35,36.119999,34.889999,35.599998,1530200,
RBA,20.860001,21.32,20.84,20.9,1016400,
RBC,67.5,67.519997,66.550003,66.809998,246800,
RBCAA,23.059999,23.059999,22.75,22.799999,27200,
RBCN,7.2,7.65,6.99,7.05,357900,
RBS,10.02,10.06,9.9,9.94,855600,
RBY,1.73,1.73,1.64,1.65,274800,
RCI,45.400002,45.830002,44.790001,45.18,383700,
RCII,38.25,38.75,38.07,38.5,559100,
RCL,34.200001,34.509998,34.07,34.169998,1271000,
RDA,10.4,10.53,10.22,10.23,96900,
RDC,33.639999,34.330002,33.580002,33.970001,674000,
RDEN,48,48.77,47.48,48.02,155600,
RDI,6.31,6.32,6.21,6.32,16400,
RDN,12.96,13.2,12.72,12.92,4551200,
RDNT,2.665,2.68,2.6,2.63,77265,
RDS.A,66.38,66.62,65.72,65.9,2555500,
RDS.B,68.57,68.86,67.91,68.13,1924600,
RDWR,14.81,15.09,14.64,14.83,88900,
RDY,37.349998,37.689999,36.98,36.98,258500,
RE,129.320007,130.149994,129.080002,129.919998,245800,
RECN,11.37,11.44,11.21,11.29,49600,
REDF,2.67,2.74,2.63,2.71,60500,
REE,1.89,1.93,1.87,1.91,104200,
REED,4.76,4.88,4.7,4.78,9000,
REFR,4.05,4.06,3.99,4.04,38100,
REG,51.740002,52.009998,50.720001,50.939999,499500,
REGI,12.9,13.44,12.82,13.22,311000,
REGN,238.199997,241.050003,232.509995,232.710007,662000,
RELL,11.81,11.88,11.66,11.8,11300,
REM,13.86,13.87,13.55,13.6,823700,
REMX,10.28,10.43,10.28,10.35,6000,
REN,8.26,8.35,8.12,8.32,83900,
RENN,3.22,3.28,3.18,3.24,1334500,
RENT,20.809999,20.98,19.879999,19.92,155700,
RES,14,14.32,13.91,14.27,802500,
REV,20.01,20.35,19.82,20.1,14300,
REW,30.23,30.290001,30.08,30.290001,200,
REXI,8.86,8.86,8.12,8.17,27500,
REXX,17.309999,17.870001,17.24,17.65,349500,
RF,9.08,9.08,8.92,8.97,14743500,
RFMD,5.36,5.42,5.33,5.38,3876800,
RFP,14.54,14.59,13.77,13.83,553300,
RGA,67.029999,67.290001,66.660004,66.959999,550300,
RGC,17.92,17.99,17.65,17.74,735400,
RGEN,7.72,7.79,7.54,7.64,269800,
RGLD,52.82,53.099998,52.029999,52.700001,539300,
RGP,26.459999,26.540001,26.02,26.48,909500,
RGR,47.169998,47.849998,46.93,47.759998,331600,
RGS,17.6,17.6,16.969999,17,626200,
RHI,33.889999,34.349998,33.759998,34.27,1042700,
RHP,37.169998,37.169998,36.630001,36.889999,1913900,
RHT,45.830002,46.150002,45.330002,45.68,1736900,
RIC,1.71,1.76,1.67,1.7,73700,
RICK,8.85,8.85,8.61,8.73,24700,
RIG,49.700001,49.82,49.209999,49.650002,2109000,
RIGL,3.76,3.77,3.67,3.73,491100,
RIMG,7.51,8.05,7.51,8.05,6100,
RIO,43.93,44.049999,43.599998,43.91,3241600,
RIOM,2.5,2.5,2.46,2.48,78800,
RJA,8.53,8.62,8.53,8.61,721900,
RJET,10.65,11.14,10.58,11.03,396900,
RJF,42.919998,43.369999,42.740002,43.25,985500,
RJI,8.25,8.29,8.25,8.28,2067600,
RJN,6.71,6.71,6.66,6.66,59600,
RKT,106.449997,108,106.099998,107.050003,1086800,
RKUS,10.86,11.76,10.62,11.59,1616000,
RL,174.460007,177.380005,174.460007,176.100006,608700,
RLD,15.04,15.21,14.84,14.99,224600,
RLGY,50.860001,51.900002,50.400002,51.880001,1042700,
RLH,6.08,6.14,6.08,6.1,53800,
RLI,75.5,76.160004,75.120003,75.870003,72200,
RLJ,23.75,23.82,23.41,23.51,762500,
RLOC,13.39,13.6,13.29,13.54,71900,
RMBS,8.76,8.79,8.55,8.58,715400,
RMD,47.790001,48.259998,47.48,47.860001,683400,
RMTI,4.03,4.07,3.96,4.05,340700,
RNDY,7.54,7.65,7.49,7.6,205700,
RNF,29.530001,29.700001,28.360001,28.49,354400,
RNO,13.9,13.9,13.7,13.72,22600,
RNR,85.32,85.989998,85.220001,85.620003,454000,
RNST,23.65,23.969999,23.57,23.85,49300,
ROC,67.27,67.89,66.92,67.2,807608,
ROCK,15.85,16.040001,15.6,15.83,79300,
ROCM,14.69,14.85,14.25,14.64,31200,
ROG,47.189999,47.68,46.169998,47.669998,194000,
ROIC,14.24,14.41,14.13,14.19,296600,
ROK,87.239998,87.330002,85.709999,86.870003,744000,
ROL,25.050001,25.120005,24.799996,24.930001,169500,
ROLL,51.59,51.860001,51.029999,51.790001,99200,
ROM,80.919998,82.540001,80.919998,81.580002,45600,
ROP,121.690002,123.879997,121.290001,123.529999,816900,
ROSE,46.009998,47.700001,45.759998,47.220001,661100,
ROSG,3.91,4.03,3.83,3.89,229000,
ROST,65.410004,65.410004,63.98,64.540001,1943400,
ROVI,24.93,25.24,24.809999,24.99,1091500,
ROYL,2.72,2.76,2.66,2.68,273600,
ROYT,18.33,18.610001,18.139999,18.389999,59600,
RP,17.370001,17.469999,17.25,17.32,237700,
RPAI,14.9,15.12,14.89,14.98,1077400,
RPM,32.75,32.75,32.48,32.68,211300,
RPRX,18.93,18.950001,17.559999,17.93,172300,
RPTP,7.6,7.71,7.55,7.57,150000,
RPXC,15.93,16.299999,15.79,16.280001,503000,
RRC,74.169998,77.620003,74.169998,77.370003,2100800,
RRD,13.25,13.34,13.08,13.32,1156300,
RRGB,56.860001,57.080002,55.59,56.040001,127400,
RRMS,35.91,37,35.91,37,9200,
RRTS,29.379999,29.52,28.18,28.24,303400,
RS,65.580002,65.93,64.919998,65.5,391000,
RSE,19.530001,19.68,19.370001,19.59,182700,
RSG,34.330002,34.52,33.970001,34.169998,1551500,
RSH,31.775,31.775,31.775,31.775,0,
RSO,6.4,6.43,6.27,6.32,205000,
RSOL,3.01,3.08,2.88,2.92,1414200,
RSP,62.540001,62.849998,62.279999,62.639999,482400,
RST,15.64,15.86,15.54,15.69,137600,
RSTI,27.120001,27.120001,26.379999,26.68,104700,
RSX,25.77,25.860001,25.540001,25.67,5144300,
RSYS,4.82,4.95,4.75,4.77,69700,
RT,9.64,9.75,9.43,9.54,256000,
RTEC,12.36,12.48,12.24,12.34,113100,
RTH,52.48,52.93,52.400002,52.709999,69200,
RTI,29.16,29.16,28.16,28.57,248200,
RTIX,4.25,4.33,4.25,4.33,161600,
RTK,2.19,2.21,2.12,2.16,215700,
RTN,68.010002,68.489998,67.349998,67.779999,1226900,
RUE,41.92,42.02,41.75,41.82,222800,
RUSHA,25.75,25.99,25.459999,25.790001,81300,
RUSL,21.880434,22.150441,21.330426,21.660434,4700,
RUSS,20.049999,20.6,19.809999,20.280001,23300,
RUT,987.400024,991.619995,982.859985,987.840027,31370800,
RUTH,12.42,12.6,12.16,12.32,251000,
RVBD,16.19,16.42,16.01,16.26,2039200,
RVLT,4.43,4.58,3.8,4,239600,
RVM,0.77,0.79,0.75,0.77,156900,
RWM,20.34,20.51,20.280001,20.4,425900,
RWO,43.5,43.66,43.139999,43.32,175500,
RWR,77.629997,78.269997,77.080002,77.589996,141200,
RWT,18.950001,19.25,18.469999,18.610001,745300,
RWX,41.240002,41.380001,40.900002,41.110001,486000,
RXN,17.440001,17.629999,16.459999,16.620001,898100,
RY,59.279999,59.860001,59.18,59.380001,490800,
RYAAY,50.360002,50.410001,49.400002,49.660002,432900,
RYL,43.939999,44.77,43.759998,44.5,1537000,
RYN,53.959998,54.399995,52.98,53.470004,1347300,
S,7.34,7.34,7.15,7.22,48712600,
SA,11.66,11.8,11.15,11.48,333500,
SAA,72.870003,74.459999,72.870003,73.940002,21200,
SAAS,7.69,8.04,7.6,7.98,765800,
SABA,8.75,8.8,8.7,8.72,60300,
SAFM,69.410004,69.739998,68.550003,68.849998,140800,
SAFT,51.389999,51.689999,50.619999,50.77,28500,
SAH,22.219999,22.219999,21.290001,21.610001,437700,
SAI,0.03,0.03,0.03,0.03,0,
SAIA,31.120001,31.799999,30.57,31.690001,272000,
SAM,166.179993,170.509995,166,170.110001,63100,
SAN,7.13,7.16,7.04,7.08,2808100,
SAND,7.42,7.43,7.21,7.29,210300,
SANM,13.88,14.05,13.79,13.94,319400,
SAP,77.519997,77.769997,76.860001,77.300003,973600,
SAPE,13.11,13.21,12.83,12.98,701300,
SATS,39.759998,40.330002,39.509998,39.880001,82200,
SAVE,32.450001,32.650002,32.130001,32.57,372400,
SB,5.26,5.34,5.16,5.32,96200,
SBAC,76.720001,77.220001,75.220001,75.610001,946900,
SBGI,27.709999,29.030001,27.549999,28.450001,1819200,
SBGL,3.64,3.77,3.64,3.76,82100,
SBH,30.58,30.9,30.559999,30.68,629600,
SBNY,79.330002,79.779999,78.599998,79.050003,334000,
SBS,11.6,11.81,11.52,11.62,1310300,
SBSI,23.880003,24.200001,23.800002,23.939998,33400,
SBUX,66.190002,66.559998,65.709999,66.029999,8115800,
SBY,17.120001,17.200001,16.52,16.700001,1049200,
SCCO,29.950001,30.129999,29.780001,29.85,1789800,
SCG,49.75,49.959999,49.34,49.639999,884600,
SCHA,44.68,44.77,44.349998,44.560001,203900,
SCHB,39.799999,39.950001,39.560001,39.759998,317400,
SCHD,33.529999,33.709999,33.380001,33.560001,269800,
SCHE,23.860001,23.9,23.620001,23.76,196100,
SCHF,28.33,28.51,28.18,28.32,264700,
SCHG,39.150002,39.290001,38.959999,39.139999,129600,
SCHH,32.779999,32.889999,32.400002,32.619999,131000,
SCHL,29.41,29.459999,28.889999,29.120001,73300,
SCHM,32.700001,32.720001,32.450001,32.599998,101200,
SCHN,25.15,25.26,24.74,24.889999,232100,
SCHV,37.150002,37.310001,36.959999,37.139999,72400,
SCHW,19.879999,20.4,19.870001,20.32,9916600,
SCHX,39.150002,39.34,38.970001,39.16,328200,
SCI,17.950001,17.99,17.84,17.870001,1970600,
SCIF,7.94,8.01,7.88,7.92,71700,
SCLN,4.9,4.99,4.83,4.87,115900,
SCMP,7.06,7.67,7.06,7.3,184800,
SCO,35.049999,35.57,34.93,35.290001,905500,
SCOK,1.46,1.54,1.43,1.49,44850,
SCOR,22.91,23.26,22.5,23.17,195200,
SCR,17.165,17.165,17.165,17.165,0,
SCS,14.48,14.92,14.41,14.74,1878600,
SCSC,33.700001,34.310001,33.5,33.84,76500,
SCSS,24.4,25.559999,24.18,25.35,1656400,
SCTY,37.34,37.34,35.619999,35.959999,2239200,
SCVL,24.360001,24.74,24.15,24.540001,32200,
SCZ,44.060001,44.259998,43.830002,44.060001,345500,
SD,4.9,5.05,4.88,5.03,6748400,
SDIV,22.1,22.18,21.879999,22.030001,505300,
SDLP,29,29.48,28.93,29.309999,64800,
SDOW,41.32,41.830002,40.57,41.209999,596700,
SDR,13.25,13.34,12.85,13.11,224800,
SDRL,40.139999,40.560001,40.119999,40.509998,2562800,
SDS,39.48,39.849998,39.040001,39.41,12964100,
SDT,14.25,14.25,13.86,13.97,99600,
SDY,68.029999,68.379997,67.800003,68.160004,1115500,
SE,34.349998,34.830002,34.220001,34.59,6715400,
SEA,17.75,17.809999,17.620001,17.620001,6000,
SEAC,11.42,11.61,11.22,11.56,105000,
SEAS,38.34,39.060001,37.48,37.900002,301200,
SEE,24.120001,24.33,23.969999,24.299999,1336900,
SEED,1.5,1.53,1.5,1.5,34300,
SEF,23.52,23.58,23.389999,23.48,10800,
SEIC,28.73,30.059999,28.67,29.620001,2195100,
SEM,8.31,8.37,8.23,8.3,705700,
SEMG,54.139999,55.110001,54.099998,54.959999,366000,
SEP,43.029999,43.849998,41.650002,42.700001,656100,
SF,35.779999,36.09,35.610001,35.959999,355600,
SFC,92.360001,92.720001,92.150002,92.279999,0,
SFD,33.06,33.35,32.99,33.08,14997446,
SFE,16.01,16.09,15.95,16.09,98500,
SFG,45.849998,46.459999,45.82,46.209999,157800,
SFI,21500,21500,20700,20700,2900,
SFL,17.18,17.43,17.139999,17.309999,844800,
SFLY,51.34,53.459999,50.93,53.34,694800,
SFUN,25.910001,26.65,25.610001,26.470001,1153000,
SFY,13.34,13.57,13.18,13.47,806800,
SGEN,33.099998,33.099998,31.76,31.98,483600,
SGG,59.689999,60.400002,59.439999,60.029999,17500,
SGI,14,14.46,13.87,14.32,362100,
SGMO,7.9,8.4,7.87,7.99,951400,
SGMS,11.66,11.75,11.33,11.45,268700,
SGOL,136.529999,136.589996,136.139999,136.399994,33700,
SGU,4.94,4.95,4.84,4.84,19400,
SGY,23.19,23.72,23.069999,23.619999,10000,
SGYP,4.989996,4.989996,4.729996,4.769998,805200,
SH,29.07,29.209999,28.9,29.040001,2077600,
SHEN,17.049999,17.299999,16.1,16.58,200200,
SHFL,18.09,18.22,17.73,17.97,470600,
SHLD,46.969873,47.739875,46.549876,46.839874,827800,
SHLM,27.42,27.639999,27.01,27.200001,69100,
SHO,12.14,12.24,12.02,12.1,1654800,
SHOO,48.499992,48.649996,47.539996,47.800006,585900,
SHOR,3.67,3.68,3.52,3.58,473600,
SHOS,43.84,44.16,42.48,43.09,143900,
SHPG,98.870003,99.5,98.099998,98.339996,138900,
SHW,184.429993,184.559998,181.899994,183.470001,545900,
SHY,84.440002,84.440002,84.419998,84.43,890800,
SI,0.15,0.15,0.15,0.15,0,
SIAL,81.769997,82.110001,81.309998,81.730003,626400,
SID,3.07,3.09,3.02,3.04,4367700,
SIFY,1.89,1.89,1.86,1.87,26500,
SIG,68.57,69.099998,67.639999,67.970001,180800,
SIGA,3.2,3.28,3.08,3.14,361200,
SIGM,5,5.07,4.88,4.9,386400,
SIL,13.639985,13.709986,13.459986,13.489986,28400,
SIM,13.28,13.4,12.93,12.94,29000,
SIMG,5.77,5.83,5.665,5.71,548200,
SIMO,10.99,11.06,10.85,11,227400,
SINA,57.619999,59.200001,56.849998,58.939999,1792700,
SIR,29.049999,29.709999,28.98,29.5,166600,
SIRI,3.28,3.4,3.27,3.34,52903200,
SIRO,65.120003,65.379997,63.59,64.139999,1078600,
SIVB,76.120003,76.449997,75.370003,75.720001,239500,
SIVR,21.620001,21.690001,21.549999,21.610001,73400,
SIX,75.199997,75.309998,73.879997,74.120003,587200,
SJB,31.16,31.27,30.4,31,131900,
SJI,58.27,58.34,57.310001,57.68,152200,
SJM,103.120003,103.82,102.760002,103.239998,393100,
SJR,22.530001,22.74,22.370001,22.540001,217800,
SJT,15.74,15.75,15.5,15.7,77600,
SKF,22.75,22.969999,22.530001,22.73,149900,
SKH,7.07,7.17,7,7.05,98700,
SKM,21.200001,21.51,21.200001,21.43,1530300,
SKS,14.65,14.82,14.62,14.68,687200,
SKT,34.540001,34.68,34.18,34.369999,463400,
SKUL,5.6,5.82,5.6,5.73,352400,
SKX,22.77,23,22.530001,22.690001,1491300,
SKYW,14.35,14.45,14.21,14.44,321200,
SKYY,21.530001,21.76,21.530001,21.610001,18300,
SLAB,41.91,42.299999,41.450001,42.09,220600,
SLB,72.400002,73.43,72.400002,73.099998,5376400,
SLCA,21.620001,21.860001,21.059999,21.5,1271200,
SLF,29.709999,30.040001,29.6,29.74,310000,
SLG,91.709999,92.769997,90.910004,91.57,1265200,
SLGN,47.369999,47.759998,47.130001,47.330002,156500,
SLH,54.369999,54.740002,53.950001,54.599998,191700,
SLM,23.180003,23.910002,22.850007,23.009998,10704600,
SLRC,23.76,23.860001,23.469999,23.620001,564400,
SLT,35.49,35.49,35.49,35.49,0,
SLV,21.09,21.200001,21.040001,21.1,6447600,
SLW,23.059999,23.389999,22.91,23.299999,2396000,
SLX,40.099998,40.32,39.630001,39.830002,32300,
SLXP,67.01,67.79,66.01,66.21,407400,
SM,62.459999,62.990002,62.189999,62.720001,367300,
SMA,1.36,1.37,1.35,1.37,300,
SMFG,8.6,8.7,8.53,8.58,799800,
SMG,47.939999,49.419998,47.84,49.279999,550000,
SMH,38.220001,38.470001,38.009998,38.200001,993300,
SMLP,34.27,34.689999,33,33.950001,81600,
SMN,47.919998,48.810001,47.360001,48.369999,69200,
SMP,34.669998,34.939999,34.150002,34.279999,91000,
SMRT,13.7,13.7,13.27,13.4,235900,
SMS,0.5,0.5,0.5,0.5,200,
SMSI,1.19,1.22,1.18,1.19,18200,
SMT,1.35,1.35,1.32,1.33,16200,
SMTC,35.860001,36.189999,35.689999,36.110001,358200,
SN,23.1,23.43,22.879999,23.01,972900,
SNA,91.720001,92.330002,91.339996,91.870003,242700,
SNAK,8,8.04,7.81,7.9,44200,
SNCR,31.889999,32.080002,31.27,32.040001,124500,
SNDK,59.279999,61.700001,59.099998,61.23,5633200,
SNE,20.549999,21.049999,20.5,20.719999,8074400,
SNH,26.18,26.469999,25.91,26.120001,982600,
SNHY,31.219999,31.450001,30.75,31.09,24400,
SNI,66.879997,67.910004,66.830002,67.440002,1096700,
SNP,94.139994,94.859996,93.689994,94.060003,91700,
SNPS,35.849998,36.59,35.830002,36.580002,690600,
SNSS,5.08001,5.16001,4.98001,5.02001,20800,
SNTA,4.09,4.14,3.92,4,2149600,
SNTS,19000,19000,19000,19000,23500,
SNV,2.720054,2.750055,2.720054,2.720054,887600,
SNX,43,43.759998,42.860001,42.939999,194900,
SNY,55.189999,55.470001,54.889999,55.02,1264700,
SO,44.75,45.060001,44.380001,44.52,3550700,
SODA,74.489998,74.489998,70.599998,71.019997,1049600,
SOHU,65.129997,66.809998,64.900002,66.309998,739400,
SOL,2.09,2.12,2.01,2.02,960600,
SON,35.349998,35.59,35.259998,35.459999,136000,
SONC,14.51,14.72,14.25,14.34,545000,
SONS,3.32,3.37,3.25,3.3,269800,
SORL,2.66,2.66,2.6,2.64,13200,
SOX,470.6,475.33,469.82,472.34,0,
SOXL,47.57,49.209999,47.57,48.32,824800,
SOXS,15.67,15.81,15.21,15.52,24100,
SOXX,64.059998,64.620003,63.91,64.209999,81300,
SOYB,24.389999,24.51,23.860001,24.49,21700,
SPAR,6.02,6.02,5.85,5.9,28000,
SPB,61.080002,61.990002,60.529999,60.990002,180400,
SPF,9.12,9.44,9.08,9.27,8030600,
SPG,167.219986,168.959997,165.969985,168.499995,1912200,
SPH,48,48.169998,47.52,47.810001,147600,
SPIL,5.89,5.93,5.88,5.91,521200,
SPLK,43.48,44.150002,43.400002,43.849998,1213900,
SPLS,16.209999,16.629999,16.120001,16.43,18822200,
SPLV,31.360001,31.549999,31.27,31.43,1370300,
SPN,27.440001,28.120001,27.360001,27.879999,1552500,
SPNC,18.75,18.870001,17.68,18.09,440900,
SPP,2.13,2.13,2.01,2.01,2900,
SPPI,8.24,8.3,8.05,8.27,687900,
SPR,21.379999,21.52,21.23,21.389999,852400,
SPRD,21.17,21.98,21.1,21.93,1851900,
SPRT,4.5,4.55,4.31,4.42,197200,
SPSC,52.889999,56.689999,52.400002,56.259998,193800,
SPTN,18.969999,19.110001,18.620001,18.799999,41600,
SPU,2.13,2.17,2.13,2.17,2100,
SPW,76.760002,76.989998,75.279999,76.199997,568500,
SPWR,19.4,19.74,18.889999,19.209999,2904400,
SPX,1630.640015,1646.5,1630.339966,1639.040039,3137080000,
SPXL,44.220001,44.93,43.630001,44.360001,2803100,
SPXS,10.36,10.5,10.19,10.34,1103200,
SPXU,23.34,23.68,22.950001,23.27,2393400,
SPY,164.289993,165.220001,163.220001,164.440002,136295600,
SQI,21.83,23.290001,21.58,23.24,130700,
SQM,43.939997,44.009994,42.589999,42.729997,1054500,
SQNM,4.44,4.52,4.29,4.32,1981300,
SQQQ,27.280001,27.620001,26.690001,27.200001,970900,
SRC,19.779996,19.91,19.250004,19.410008,2846100,
SRCL,107.220001,109.989998,106.870003,109.330002,1030900,
SRDX,22.23,23.110001,22.17,22.959999,69900,
SRE,80.830002,81.349998,80.190002,80.690002,624600,
SREV,9.11,9.31,8.98,9.07,1326400,
SRI,11.8,12.02,11.73,11.95,458100,
SRPT,38.599998,38.810001,37.59,37.759998,744300,
SRS,20.58,21.040001,20.4,20.77,29300,
SRT,4.65,4.73,4.63,4.72,26800,
SRTY,19.280001,19.780001,19.120001,19.450001,116700,
SSD,28.82,29.08,28.620001,28.9,131000,
SSG,26.55,27.35,26.529999,27.120002,86600,
SSH,5.7,5.78,5.52,5.74,111200,
SSI,22.860001,22.959999,22.09,22.190001,476500,
SSL,43.200001,43.299999,42.48,42.77,217600,
SSN,0.45,0.46,0.45,0.45,20300,
SSNC,32.25,32.470001,31.889999,32.43,489200,
SSO,79.949997,80.830002,79.220001,80.07,11022000,
SSP,15.150001,15.449997,14.879995,15.340002,474900,
SSRI,7.2,7.28,7.01,7.07,1304800,
SSS,65.970001,66.629997,65.580002,66.349998,104400,
SSW,22.85,22.93,21.91,22.139999,239600,
SSYS,85.839996,87,85.099998,86.980003,664100,
ST,35.439999,35.849998,35.419998,35.689999,901400,
STAA,8.9,9.52,8.9,9.47,327900,
STAG,21.370001,21.559999,21.200001,21.25,414000,
STB,6.25,6.34,6.25,6.34,46600,
STBA,19.25,19.25,18.790001,19.02,30000,
STBZ,15.12,15.24,14.97,15.02,105700,
STC,27.25,27.4,26.700001,26.92,167600,
STE,44.290001,44.59,43.889999,44.52,299000,
STEC,3.51,3.545,3.41,3.44,310600,
STEI,13.06,13.06,13.04,13.04,3034400,
STEL,19.5,19.61,19.07,19.27,76000,
STFC,18.08,18.17,17.700001,17.809999,16300,
STI,31.280001,31.5,31.110001,31.35,3310100,
STJ,45.349998,45.939999,45.349998,45.66,1800500,
STKL,7.9,8.01,7.84,7.87,239900,
STLD,15.03,15.16,14.98,15.01,1434100,
STM,9.72,9.77,9.61,9.71,1156600,
STMP,38.5,38.59,38.099998,38.360001,71100,
STNG,9.06,9.11,8.96,9.1,849200,
STO,22.26,22.360001,22.120001,22.25,2071900,
STON,25.99,26.190001,25.84,25.950001,31700,
STP,0.495,0.495,0.465,0.475,364300,
STR,24.200001,24.26,23.91,24.01,499800,
STRA,53.91,54.43,53.240002,53.299999,124200,
STRI,2.599974,2.599974,2.399976,2.449976,41500,
STRL,9.21,9.39,8.96,9.2,150000,
STRM,5.88,6.16,5.79,6.15,137800,
STRZA,22.610001,22.959999,22.43,22.82,563600,
STSA,22,22.35,21.982,22.21,166100,
STSI,1.39,1.41,1.36,1.4,625400,
STT,66.5,67.220001,66.470001,66.849998,2937200,
STV,1.53,1.58,1.51,1.51,92200,
STWD,25.879998,26.080005,25.340003,25.419997,2077300,
STX,43.959999,44.439999,43.75,44.009998,3120800,
STZ,52.360001,52.73,51.889999,52.349998,1059000,
SU,30.65,30.93,30.549999,30.700001,2941900,
SUI,50,50.279999,49.389999,49.77,83200,
SUNE,8.44,8.7,8.32,8.42,4212400,
SUP,18.02,18.16,17.76,17.959999,52200,
SUPN,6.48,6.69,6.27,6.65,234200,
SUPX,22.43,22.9875,22,22.51,38900,
SURG,3.71,3.8,3.67,3.71,86400,
SUSP,28.29,28.71,28.01,28.21,53700,
SUSQ,11.99,12,11.81,11.92,654300,
SUSS,49.29,50.06,48.17,49.13,233000,
SUTR,1.76,1.85,1.69,1.74,65100,
SVA,3.97,4.05,3.87,3.98,146800,
SVM,2.83,2.91,2.76,2.77,750800,
SVN,16.05,16.05,16.05,16.05,0,
SVNT,0.8,0.84,0.74,0.75,561100,
SVO,373.1028,376.6553,372.7233,374.7787,0,
SVU,6.34,6.39,6.16,6.22,2796200,
SVXY,81.910004,82.349998,80,81.489998,2239800,
SWC,12.1,12.13,11.75,11.87,851700,
SWFT,16.75,16.82,16.08,16.290001,1257400,
SWHC,9.86,9.9,9.62,9.74,3261900,
SWI,41.09,41.490002,40.98,41.259998,588500,
SWIR,12.68,12.84,12.36,12.49,121800,
SWK,80.059998,80.57,79.559998,80.040001,766100,
SWKS,22,22.15,21.690001,21.83,1372000,
SWM,50.650002,50.849998,49.869999,50.220001,110300,
SWN,36.889999,37.77,36.889999,37.5,2946300,
SWSH,0.96,0.96,0.92,0.93,20000,
SWX,48.389999,48.470001,47.689999,47.970001,82200,
SWY,21.9,22.02,21.52,21.77,6518100,
SXC,15.22,15.34,15.02,15.31,609200,
SXCP,23,23.57,22.799999,23.139999,28300,
SXE,22.959999,23.040001,22.860001,23,8300,
SXI,51.560001,52.950001,51.380001,52.849998,22300,
SXL,64.830002,65.489998,64.540001,65.199997,325000,
SXT,40.639999,41.040001,40.369999,40.91,109100,
SYA,15.47,15.78,15.45,15.66,663900,
SYK,67.639999,68.220001,67.440002,67.809998,1005800,
SYKE,15.48,15.63,15.29,15.42,81400,
SYMC,22.370001,22.459999,22.200001,22.33,7110500,
SYNA,38.009998,38.16,37.009998,37.439999,917000,
SYNC,3.21,3.27,3.16,3.23,103000,
SYNT,64.889999,65.160004,64.519997,64.980003,273600,
SYRG,7.15,7.2,6.95,7.01,1523100,
SYT,78.339996,78.839996,78.209999,78.720001,185200,
SYX,9.49,9.75,9.45,9.73,18500,
SYY,34.599998,34.84,34.540001,34.689999,2507100,
SZYM,11.84,11.95,11.54,11.65,365100,
T,36.07,36.139999,35.48,35.759998,23364400,
TA,10.56,10.76,10.56,10.7,257500,
TAHO,13.67,14.04,13.65,13.94,48300,
TAL,10.36,10.47,10.16,10.2,180800,
TAM,20.49,20.7,20.07,20.3,97400,
TAN,24.700001,25.18,24.610001,24.85,213900,
TAO,20.99,21.120001,20.940001,21.02,40600,
TAOM,4.21,4.54,4,4.54,84100,
TAP,49.82,50.650002,49.52,49.990002,1408300,
TASR,9.33,9.42,9.32,9.4,270800,
TAST,6.13,6.3,6.1,6.23,183400,
TAT,0.79,0.79,0.75,0.76,14200,
TAXI,13.93,14.1,13.84,14.07,64400,
TAYC,17.27,18.13,17.27,18.05,123600,
TBBK,14.06,14.32,13.87,14.03,71300,
TBF,30.49,30.73,30.450001,30.68,966900,
TBI,23.209999,23.51,22.969999,23.16,133200,
TBT,68.07,69.330002,68.07,69.059998,4412800,
TC,3.51,3.52,3.16,3.23,2000800,
TCAP,27.790001,28,27.610001,27.879999,122900,
TCB,14.08,14.11,13.93,14.03,540900,
TCBI,43.52,43.52,42.830002,43.07,192300,
TCK,23.799999,24.059999,23.469999,23.469999,2071400,
TCO,80.059998,80.529999,79.150002,79.849998,453700,
TCP,44.630001,44.849998,44.360001,44.490002,204600,
TCPC,16.1,16.33,15.97,16.309999,452700,
TCRD,15.12,15.34,15.02,15.22,402300,
TD,80.279999,80.82,80.209999,80.510002,857800,
TDC,55.799999,56.48,55.139999,55.459999,1370900,
TDG,149.929993,153.440002,149.479996,152.240005,361100,
TDIV,22.48,22.639999,22.41,22.51,189200,
TDS,23.809999,23.809999,23.35,23.51,445300,
TDW,58.049999,58.900002,57.939999,58.759998,456000,
TDY,75.790001,76.410004,75.190002,76.059998,93400,
TE,17.440001,17.51,17.23,17.32,1749100,
TEAR,11.13,11.74,11.11,11.39,66100,
TECD,49.52,49.689999,48.93,49.080002,158300,
TECH,66.809998,67.160004,66.360001,67.120003,83800,
TECL,62.400002,63.650002,61.799999,62.669998,322000,
TECS,33.459999,33.610001,32.66,33.209999,5300,
TECUA,10.5,11.15,10.24,10.96,117500,
TEF,13.72,13.77,13.57,13.64,1918800,
TEG,57.900002,58.18,57.400002,57.73,327100,
TEL,45.689999,46.360001,45.599998,46.169998,1308000,
TEN,46.040001,46.099998,44.939999,45.27,431100,
TEO,14.8,14.96,14.56,14.61,218100,
TEP,21.639999,21.75,21.5,21.75,111100,
TER,17.51,17.77,17.469999,17.639999,1769400,
TESO,12.74,12.9,12.42,12.49,170900,
TEU,4.06,4.06,4.01,4.04,94200,
TEVA,39.310001,39.5,39.09,39.32,2448500,
TEX,26.809999,29.34,26.709999,29.290001,14502100,
TFM,52.41,52.880001,52.09,52.73,291200,
TFSL,11.08,11.17,11.03,11.14,164000,
TFX,78.330002,78.599998,77.669998,77.910004,201200,
TG,25.959999,26.65,25.83,26.219999,73300,
TGA,7.16,7.19,7.08,7.08,17600,
TGB,2.06,2.08,2.03,2.07,166700,
TGH,38.02,38.299999,37.599998,37.799999,172600,
TGI,79.309998,79.989998,78.790001,79.019997,528700,
TGP,42.849998,43.25,42.560001,43.029999,201400,
TGT,69.089996,70,69.089996,69.860001,3079700,
THC,46.919998,46.919998,45.459999,45.52,1534900,
THG,48.400002,48.580002,48.009998,48.43,215600,
THI,52.9,53.2,52.81,52.94,229900,
THLD,5.48,5.63,5.47,5.5,375900,
THM,0.8,0.81,0.69,0.73,778300,
THO,48.310001,49.060001,47.360001,47.5,510900,
THOR,32.139999,32.299999,31.799999,32.060001,743100,
THRM,19.41,19.41,18.57,18.74,331500,
THRX,36.320001,36.42,35.199998,35.41,877900,
THS,65.989998,66.739998,65.489998,66.510002,249700,
TI,7.43,7.46,7.13,7.37,203200,
TIBX,22,22.03,21.425,21.54,3205100,
TICC,9.6,9.75,9.55,9.59,481100,
TIF,75.970001,76.410004,75.339996,75.760002,914000,
TILE,17.43,17.49,17,17.4,293700,
TINY,3.26,3.4,3.23,3.4,107400,
TIP,114.620003,114.709999,114,114.099998,1590000,
TISI,36.709999,37.130001,36.32,37.02,69300,
TITN,20.5,20.5,19.75,19.84,439300,
TIVO,24.93,25.24,24.809999,24.99,1091500,
TJX,50.59,50.650002,49.529999,49.77,4978900,
TK,39.959999,40.439999,39.639999,40.310001,267000,
TKC,14.94,15,14.78,14.8,383600,
TKR,58.129995,58.619993,57.569989,58.120003,965300,
TLAB,2.2,2.2,2.16,2.18,1659600,
TLH,130.449997,130.449997,129.779999,129.809998,44100,
TLK,42.16,42.16,41.459999,41.799999,130800,
TLLP,58.709999,59.619999,57.919998,59.080002,123300,
TLM,11.58,11.77,11.58,11.64,2367500,
TLP,41.639999,42.490002,41.349998,41.84,97900,
TLT,114.019997,114.080002,113,113.220001,5982100,
TLYS,16.110001,16.219999,15.82,15.9,46300,
TM,120.050003,120.889999,119.540001,120.379997,586200,
TMF,60.009998,60.040001,58.360001,58.740002,308800,
TMH,40.799999,41.75,40.689999,41.02,1088900,
TMHC,25.969999,26.66,25.26,25.469999,1917200,
TMK,65.080004,65.560003,65.029993,65.389996,732900,
TMO,85.589996,86.150002,85.199997,85.550003,2175500,
TMUS,22.16,22.620001,22.129999,22.32,3114200,
TMV,59.080002,60.689999,59.080002,60.380001,385600,
TNA,49.549999,49.950001,48.34,49.209999,9274900,
TNAV,5.1,5.17,5.02,5.11,77400,
TNC,51.41,51.459999,50.91,51.02,52600,
TNGO,15.68,15.69,15.3,15.45,189000,
TNK,2.86,2.94,2.67,2.71,523300,
TNP,4.86,4.9,4.78,4.84,119500,
TOL,33.110001,34.32,32.889999,33.66,5210800,
TOO,33.259998,33.5,33.049999,33.310001,154500,
TOT,51.009998,51.439999,50.970001,50.970001,1647000,
TPC,17.34,17.700001,17.290001,17.549999,106600,
TPH,16.700001,17.040001,16.450001,16.59,256400,
TPLM,6.9,7.6,6.86,7.41,2365600,
TPX,44.439999,45.029999,43.880001,44.759998,915400,
TQNT,6.9,6.91,6.68,6.9,1506100,
TQQQ,70.800003,72.349998,70.07,71.120003,6618800,
TR,32.430096,32.770084,31.85009,32.220088,112300,
TRAK,33.709999,34.240002,33.450001,34.040001,192200,
TRC,30.579997,30.599998,30.210001,30.400006,28200,
TREX,52.18,54.759998,52.18,54.16,834800,
TRGP,66.669998,67.599998,66.580002,67.209999,348500,
TRGT,4.83,4.98,4.69,4.81,1131200,
TRI,33.330002,33.619999,33.27,33.5,926000,
TRIB,17.030001,17.09,17,17,29700,
TRIP,64.18,65.040001,63.599998,64.360001,2113900,
TRLA,29.53,30.68,29.52,30.57,372500,
TRLG,31.81,31.81,31.68,31.68,738500,
TRMB,26.5,26.709999,26.33,26.450001,955600,
TRMK,24.51,24.59,24.25,24.459999,183400,
TRN,38.450001,38.709999,38.139999,38.43,3102600,
TRNX,16.290001,16.77,16.290001,16.75,231300,
TROW,73.510002,75.050003,72.660004,74.5,1016000,
TROX,22.129999,22.959999,22.129999,22.49,753200,
TRP,46.130001,46.610001,46.119999,46.310001,384600,
TRQ,6.319999,6.369997,6.249996,6.340004,1877400,
TRS,34.150002,35.549999,33.66,34.990002,459800,
TRV,82.480003,83.790001,82.480003,83.230003,2043600,
TRW,65.42,65.6,63.15,64.52,1314100,
TRX,2.87,2.95,2.85,2.88,350100,
TS,41.720001,41.73,40.709999,40.950001,836700,
TSCO,115.080002,115.900002,114.489998,115.529999,543400,
TSL,6.13,6.4,6.08,6.23,4703600,
TSLA,103.599998,104.75,101.199997,102.199997,7066200,
TSM,18.219999,18.370001,18.030001,18.120001,9447900,
TSN,25.73,25.860001,25.5,25.65,2984900,
TSO,57.450001,58.09,57,57.610001,2932100,
TSPT,2.95,3,2.94,2.96,61400,
TSRA,20.969999,21.16,20.629999,20.889999,203400,
TSRX,8.66,8.7499,8.51,8.6,742500,
TSS,23.559999,23.639999,23.290001,23.35,1788000,
TSU,19.02,19.139999,18.809999,18.940001,795700,
TSYS,2.27,2.31,2.22,2.29,82700,
TTC,47.68,48.23,47.16,47.400002,320400,
TTCMY,6.38,6.44,6.27,6.39,46400,
TTEC,24.4,24.84,24.219999,24.299999,130400,
TTEK,26.5,26.75,25.93,26.18,512800,
TTI,10.85,10.95,10.78,10.94,324100,
TTM,25.709999,25.879999,25.610001,25.68,1382300,
TTMI,8.16,8.27,8.1,8.25,135200,
TTS,29.93,30.129999,29.41,29.469999,394500,
TTT,76.550003,78.589996,76.529999,78.169998,59600,
TTWO,15.58,15.88,15.44,15.59,1412700,
TU,34.43,34.59,34.18,34.299999,216000,
TUES,10.39,10.47,10.03,10.43,182400,
TUMI,23.959999,24.110001,23.700001,23.889999,461900,
TUP,80.739998,81,79.599998,80.010002,286300,
TV,23.790001,23.99,23.620001,23.82,1416300,
TVL,2.63,2.64,2.52,2.52,1000,
TW,77,78.300003,77,77.699997,205800,
TWC,102.5,103.209999,100.459999,101.290001,4841300,
TWER,2.18,2.28,2.17,2.23,12200,
TWGP,20.01,20.57,19.87,20.3,570900,
TWI,17.65,17.799999,17.32,17.51,878400,
TWIN,23.49,23.67,23.01,23.639999,43000,
TWM,17.6,17.9,17.5,17.68,570900,
TWO,11.11,11.2,10.71,10.76,6249800,
TWTC,28.61,28.85,28.2,28.26,1494900,
TWX,57.819999,58.450002,57.549994,57.939993,5296800,
TX,22.49,22.59,21.82,22.030001,262500,
TXCC,0.41,0.45,0.39,0.39,168200,
TXI,68,69,67.48,68.03,161800,
TXN,35.799999,36.240002,35.599998,35.779999,6750900,
TXRH,24.700001,24.860001,24.52,24.74,645400,
TXT,26.75,27.32,26.620001,27.09,2608300,
TYC,33.499999,33.669997,33.189998,33.389997,4205100,
TYD,41.07,41.07,40.709999,40.709999,3500,
TYL,68.629997,70.190002,68.440002,69.889999,123600,
TYO,23.200001,23.49,23.139999,23.450001,6300,
TYPE,24.07,24.809999,23.57,24.35,123300,
TZA,30.75,31.559999,30.48,31.02,3120600,
TZOO,27.35,27.809999,27.16,27.52,49800,
UA,59.650002,59.880001,59.240002,59.470001,2746800,
UAL,32.849998,32.959999,31.690001,32.09,2460000,
UAM,9.22,9.27,9,9.23,672900,
UAN,23.43,23.459999,23,23.09,235300,
UBA,21.23,21.280001,20.77,21.040001,49200,
UBNT,16.5,17,16.02,16.719999,815800,
UBS,18.05,18.1,17.8,17.92,1081200,
UBSI,25.280001,25.67,25.08,25.34,106700,
UBT,62.09,62.09,61.23,61.23,15600,
UCO,31.520002,31.8,31.060001,31.3,211800,
UCTT,6.36,6.36,6.21,6.32,74800,
UDN,26.879999,26.93,26.809999,26.93,84100,
UDOW,86.190002,87.610001,85.199997,86.25,401000,
UDR,24.42,24.57,24.040001,24.23,1238900,
UEC,2.03,2.08,2.01,2.04,369800,
UEPS,7.13,7.14,7.01,7.04,31000,
UFCS,27.629999,28,27.34,27.629999,26100,
UFI,21.33,21.82,21.33,21.74,58900,
UFPI,40.009998,43.669998,39.610001,43.23,326300,
UFS,71.559998,72.410004,71.07,71.650002,387000,
UGA,57.68,57.68,56.990002,57.040001,12400,
UGI,39.310006,39.430006,38.590004,38.76,672800,
UGL,56.630001,56.799999,56.380001,56.619999,40500,
UGP,23.84,24.02,23.35,23.690001,453900,
UHAL,173.350006,174.630005,169.300003,170.940002,39800,
UHS,70.830002,71.059998,69.470001,69.910004,479400,
UIL,38.950001,39.169998,38.540001,38.709999,347400,
UIS,20.9,21.120001,20.790001,20.950001,198300,
UL,41.779999,41.939999,41.48,41.68,660300,
ULE,24.6,24.700001,24.51,24.700001,7100,
ULTA,96.120003,96.68,95.5,96.019997,714400,
ULTI,112.419998,113.800003,111.610001,113.169998,135500,
UMBF,52.689999,52.689999,51.639999,52.009998,69800,
UMC,2.15,2.19,2.15,2.16,1612600,
UMDD,64.540001,65,63.5,64.190002,48400,
UMPQ,14.41,14.46,14.32,14.35,693400,
UN,40.790001,40.970001,40.509998,40.77,1176600,
UNFI,53.349998,54.169998,52.790001,53.77,380400,
UNG,20.360001,20.780001,20.35,20.700001,5147100,
UNH,64.290001,65.239998,64.099998,64.370003,4975000,
UNIS,3.13,3.53,3.09,3.13,142900,
UNL,18.27,18.530001,18.26,18.450001,16300,
UNM,27.9,28.450001,27.889999,28.360001,1943800,
UNP,158.070007,158.199997,155,155.970001,3258200,
UNS,47,47.21,46.58,46.74,77100,
UNT,44.41,45.130001,44.259998,44.68,162200,
UNTD,7.160024,7.430025,7.100025,7.310028,612200,
UNXL,16.200001,16.5,15.35,15.93,1056500,
UPI,2.21,2.26,2.15,2.19,64400,
UPL,21.209999,21.940001,21.209999,21.799999,2638500,
UPRO,66.720001,67.830002,65.830002,66.940002,6740000,
UPS,86.440002,86.800003,85.959999,86.540001,3198600,
UQM,1.3,1.38,1.27,1.3,314200,
URA,17.879999,18.15,17.85,18.09,25700,
URBN,41.25,41.389999,40.52,40.790001,1381900,
URE,78.309998,78.730003,76.389999,77.300003,92700,
URI,50.369999,50.400002,48.799999,49.169998,4151500,
URRE,2.609999,2.609999,2.489999,2.529999,1700,
URS,48.23,48.46,47.47,47.85,823200,
URTY,55.52,56.049999,54.220001,55.150002,170800,
URZ,1.23,1.26,1.15,1.19,635200,
USAC,23.23,23.26,22.77,23.24,68600,
USB,35.23,35.41,35.060001,35.23,6716600,
USD,43.75,43.810001,43.060001,43.16,11300,
USEG,1.910004,1.940004,1.890004,1.890004,3400,
USG,25.969999,26.4,25.77,26.040001,1168700,
USL,41.049999,41.299999,40.91,41.110001,42500,
USM,33.599998,33.919998,33.200001,33.490002,76000,
USMO,13.82,13.98,12.71,13.08,190400,
USNA,74.010002,76.309998,71.849998,73.279999,221300,
USO,34.860001,34.939999,34.599998,34.759998,4296100,
UST,55.169998,55.169998,54.700001,54.779999,66800,
USTR,33.9,33.96,33.54,33.65,47700,
USU,0.31,0.35,0.31,0.32,19400,
UTEK,36.02,36.23,35.439999,35.75,146500,
UTHR,65.989998,66.059998,64.419998,64.760002,409100,
UTI,11.27,11.37,10.98,11.12,46500,
UTIW,15.69,15.69,15.25,15.37,364700,
UTSI,2.72,2.79,2.72,2.75,32900,
UTX,94.970001,95.839996,94.68,94.980003,3006200,
UUP,21.889999,21.940001,21.84,21.84,579700,
UVE,7.06,7.17,6.98,7.08,305000,
UVV,60.470001,61.09,60.310001,60.740002,67600,
UVXY,69.980003,73.500003,69.050003,70.490003,8500,
UWM,61.900002,62.23,60.869999,61.560001,707300,
UXI,72.150003,73.339994,72.150003,73.019995,21300,
UYG,95.300003,96.300003,94.489998,95.470001,809800,
UYM,38.41,38.599998,37.900002,38.25,58000,
V,182.320007,183.720001,181.5,182.350006,14779200,
VAC,44.200001,44.98,44.16,44.619999,227800,
VAL,68.940002,69.459999,68.5,69.040001,376600,
VALE,14.3,14.38,14.05,14.16,12415300,
VALE.P,13.35,13.41,13.06,13.2,4762400,
VAR,69.32,70.300003,69.239998,69.709999,705300,
VASC,15.02,15.21,14.84,15.12,49700,
VAW,89.839996,90.779999,89.839996,90.480003,70400,
VB,94.959999,95.209999,94.349998,94.839996,186100,
VBK,104.410004,104.599998,103.739998,104.220001,80400,
VBR,84.769997,84.989998,84.169998,84.529999,67800,
VC,65.300003,65.519997,64.459999,64.720001,206200,
VCBI,13.42,13.57,13.23,13.37,47300,
VCI,26.64,26.75,26.02,26.19,298000,
VCIT,85.550003,85.580002,85.32,85.339996,325900,
VCLK,24.8,25.14,24.52,24.57,974400,
VCLT,86.849998,87.230003,86.269997,86.559998,24200,
VCR,91.419998,91.720001,90.790001,91.150002,78000,
VCRA,16.08,16.530001,16,16.5,234200,
VDC,104.230003,105.059998,103.949997,104.589996,53200,
VDE,114.769997,115.769997,114.68,115.400002,115500,
VDSI,8.37,8.37,8.23,8.31,56300,
VE,12.61,12.62,12.35,12.42,261300,
VEA,37.630001,37.740002,37.290001,37.509998,1925200,
VECO,38.689999,38.689999,37.310001,37.549999,633800,
VELT,1.47,1.5,1.41,1.42,649900,
VEU,46.68,46.779999,46.290001,46.52,717300,
VFC,188.5,189.410004,186.729996,188.160004,1791600,
VFH,40.439999,40.66,40.259998,40.470001,207100,
VG,2.85,2.88,2.74,2.79,1189500,
VGK,52,52.099998,51.490002,51.82,1601100,
VGR,15.940049,16.060058,15.850052,16.020047,407900,
VGT,75.900002,76.629997,75.889999,76.190002,194400,
VGZ,1.28,1.31,1.21,1.25,545500,
VHC,24.77,24.77,23.08,23.32,721900,
VHS,13.53,13.53,13,13.07,201900,
VHT,88.32,88.480003,87.419998,87.82,118200,
VIAB,67.050003,67.940002,66.860001,67.279999,2065800,
VICL,2.98,3,2.93,2.96,86500,
VICR,5.32,5.39,5.2,5.24,39000,
VIG,68.099998,68.410004,67.790001,68.160004,1052400,
VIIX,10.95,11.22,10.88,11,111400,
VIP,10.37,10.44,10.19,10.21,633900,
VIPS,32.76,33.069999,32.249999,32.490001,1624000,
VIS,82.989998,83.169998,82.529999,82.910004,57600,
VIV,24.35,24.68,23.99,24.129999,1349000,
VIVO,21.77,21.959999,21.450001,21.5,151200,
VIX,16.530001,17.620001,16.33,16.799999,0,
VIXM,27.08,27.49,26.93,27.23,74300,
VIXY,54.659998,55.970002,54.309998,54.93,102800,
VLCCF,6.5,6.67,6.43,6.57,258400,
VLO,38.23,38.580002,37.75,37.950001,7352300,
VLTR,13.87,13.92,13.75,13.91,181000,
VLY,9,9.06,8.85,8.96,962600,
VMC,54.18,54.709999,53.830002,54.52,406600,
VMI,141.990005,141.990005,138.759995,140.199997,220000,
VMW,70.059998,70.839996,69.300003,69.919998,1265900,
VNDA,11.5,11.97,11.09,11.23,864800,
VNET,11.2,12.18,11.19,11.95,647200,
VNO,83.260004,84.319994,82.779994,83.179995,1216900,
VNQ,70.690002,71.080002,69.93,70.379997,4148100,
VNQI,54.27,54.549999,54.009998,54.18,104300,
VNR,28.209999,28.360001,27.99,28.1,491400,
VNTV,26.450001,26.59,25.940001,26.040001,871700,
VO,96.540001,96.919998,96.120003,96.599998,119900,
VOC,13.06,13.47,13.04,13.47,58600,
VOCS,9.8,10.29,9.78,10.22,849100,
VOD,29.139997,29.139997,28.429999,28.56,10159300,
VOE,69.940002,70.120003,69.5,69.860001,98900,
VOLC,18.71,18.93,18.44,18.6,571200,
VOO,75.239998,75.639999,74.889999,75.300003,1048100,
VOT,79.160004,79.580002,78.900002,79.279999,76400,
VOX,79.089996,79.860001,77.970001,78.57,1012700,
VOXX,11.55,11.63,11.37,11.56,72500,
VOYA,26.719999,26.9,26.27,26.290001,1340200,
VPFG,19.53,19.75,19.48,19.6,331200,
VPG,15.94,16.07,15.17,15.4,19700,
VPHM,27.31,30.89,26.7,28.87,4375600,
VPL,57.119999,57.470001,56.59,56.82,404800,
VPRT,47.47,48.17,46.61,47.4,145900,
VPU,83.190002,83.709999,82.769997,83.110001,275000,
VR,36.73,36.799999,36.509998,36.73,1029600,
VRA,21.49,21.68,21.24,21.540001,519800,
VRML,2.91,2.99,2.76,2.79,165200,
VRNG,3.04,3.04,2.97,2.99,67200,
VRNM,2.27,2.29,2.2525,2.29,3100,
VRNT,34.16,34.25,33.939999,34.040001,509100,
VRS,1.05,1.06,1.04,1.06,9200,
VRSK,59.09,60.25,58.709999,59.66,711100,
VRSN,45.200001,45.810001,45,45.169998,1479800,
VRTU,22.639999,23.290001,22.639999,23.02,84400,
VRTX,81.220001,81.5,77.559998,78.75,1821400,
VRX,84.32,85.389999,84.220001,84.82,909300,
VSAT,70.830002,71.989998,70.279999,71.519997,213700,
VSH,14.66,14.74,14.58,14.67,674000,
VSI,46.810001,47.099998,45.91,46.720001,339600,
VSS,93.769997,94.07,93.089996,93.529999,96500,
VT,53.470001,53.709999,53.16,53.43,200900,
VTI,84.669998,85.059998,84.260002,84.690002,2416900,
VTR,70.68,71.809998,70.68,71.400002,1959900,
VTSS,2.3,2.35,2.3,2.3,44500,
VTUS,2.28,2.31,2.23,2.3,262000,
VTV,69.32,69.650002,68.959999,69.349998,1520400,
VUG,80.120003,80.550003,79.779999,80.160004,470300,
VV,75.099998,75.559998,74.830002,75.199997,153400,
VVC,34.040001,34.130001,33.610001,33.82,198600,
VVI,25.4,25.66,25.23,25.59,63600,
VVTV,5.19,5.43,5.17,5.29,722700,
VVUS,13.94,14.23,13.82,14.01,1153400,
VWO,40.220001,40.369999,39.869999,40.07,20658000,
VXEEM,26.76,27.76,26.05,27.29,0,
VXEWZ,32.58,33.82,32.24,33.34,0,
VXF,70.980003,71.040001,70.440002,70.75,157100,
VXUS,48.209999,48.299999,47.75,47.990002,104700,
VXX,20.280001,20.77,20.139999,20.379999,3070400,
VXZ,22.040001,22.370001,21.99,22.18,96800,
VYM,57.759998,58.040001,57.450001,57.790001,675400,
VZ,51.450001,51.630001,50.349998,50.709999,9886600,
WAB,53.560001,54.060001,53.290001,53.720001,353400,
WABC,45.68,45.830002,44.919998,45.259998,113100,
WAC,37.48,38.630001,37.330002,37.68,518800,
WAFD,17.290001,17.379999,17.16,17.27,223800,
WAG,50.36,50.66,49.95,50.38,3407733,
WAGE,29.57,31.219999,29.299999,31.01,329000,
WAIR,18,18.290001,17.85,18.25,317300,
WAL,14.33,14.42,14.2,14.32,227800,
WAT,99.529999,100.559998,99.260002,100.209999,295400,
WBC,75.440002,76.080002,75.019997,75.449997,410200,
WBMD,30.23,30.26,28.6,28.67,398500,
WBS,23.93,24.16,23.809999,24.110001,962300,
WBSN,24.84,24.9,24.69,24.73,338700,
WCC,70.480003,70.610001,69.199997,69.720001,330300,
WCG,51.900002,52.75,51.860001,52.049999,515100,
WCN,41.150002,41.150002,40.560001,40.91,455600,
WCRX,20.09,20.16,19.5,19.69,5140200,
WD,18.4,18.4,18.040001,18.139999,98100,
WDAY,61.16,62.279999,60.919998,62.060001,1123000,
WDC,64.529999,65,64.099998,64.650002,1849000,
WDFC,56.610001,56.880001,56.150002,56.59,21500,
WDR,46.5,47.23,46.5,46.860001,453600,
WEAT,18.09,18.120001,17.790001,18.110001,4000,
WEC,41.41,41.740002,41.16,41.41,951600,
WEN,6,6.02,5.93,5.94,2587800,
WERN,24.709999,24.709999,24.290001,24.41,321000,
WES,62.18,62.48,61.599998,62,264800,
WETF,11.92,12.56,11.92,12.45,1914300,
WEX,78.400002,78.93,77.610001,78.639999,221200,
WFC,40.59,40.709999,40.34,40.610001,15494200,
WFM,51.900002,52.779999,51.709999,52.310001,2840900,
WFT,13.87,14.19,13.87,14.07,5101400,
WG,6.88,7,6.82,6.85,295400,
WGL,43.59,43.689999,43.209999,43.27,146900,
WGO,21.26,21.48,20.690001,20.9,169600,
WHR,130.440002,131.589996,128.179993,129.279999,543400,
WHX,2.27,2.27,2.27,2.27,0,
WHZ,13.35,13.55,13.28,13.44,92100,
WIBC,6.64,6.66,6.51,6.57,142300,
WIFI,6.46,6.56,6.31,6.4,167000,
WILN,4.19,4.33,4.19,4.3,7700,
WIN,8.34,8.39,8.06,8.13,6596199,
WIRE,34.02,34.189999,33.57,34.080002,37500,
WIT,7.33,7.48,7.3,7.45,385800,
WLB,11.48,11.67,11.31,11.37,26500,
WLH,24.99,25.379999,24.73,25.190001,185000,
WLK,99.129997,99.269997,96.269997,97,896000,
WLL,48.57,49.23,48.419998,48.830002,1038900,
WLP,78.71,79.25,78.15,78.77,1561300,
WLT,12.76,13.24,11.16,11.7,32014200,
WM,39.919998,40.619999,39.740002,40.450001,2408100,
WMAR,11.85,11.95,11.78,11.89,27800,
WMB,33.48,33.759998,33.310001,33.639999,7457200,
WMC,18.799999,18.950001,18.5,18.58,562600,
WMGI,16.290001,16.77,16.290001,16.75,231300,
WMS,25.56,25.72,25.5,25.63,293900,
WMT,75,75.449997,74.510002,74.949997,6480600,
WNC,9.96,9.96,9.6,9.65,324900,
WNR,30.85,30.860001,29.92,30.18,1995800,
WOOF,26.370001,26.459999,25.969999,26.07,525300,
WOR,34.299999,34.459999,33.98,34.080002,256700,
WPC,68.099998,69.400002,67.959999,68.790001,266300,
WPP,11.87,11.99,11.72,11.8,150300,
WPPGY,88.129997,88.660004,87.68,88.360001,48500,
WPRT,29.77,29.969999,29.5,29.76,293600,
WPX,19.129999,19.73,19.1,19.73,1434900,
WPZ,46.069998,46.930004,45.850002,46.180002,312000,
WR,31.82,32.09,31.690001,31.790001,818400,
WRB,41.419998,41.73,41.34,41.619999,506900,
WRE,26.639999,26.889999,26.52,26.75,295600,
WRES,2.73,2.75,2.68,2.71,227200,
WRI,31.76,31.950001,31.370001,31.629999,761700,
WRLD,93.120003,94.019997,92.959999,93.470001,58700,
WRLS,12.58,12.6,12.57,12.58,479800,
WSH,40.400002,41.41,40.360001,41.360001,1517300,
WSM,56.18,56.490002,55.5,56.110001,883400,
WSO,86.360001,86.610001,84.93,86.220001,180500,
WSR,16.93,17,16.65,16.809999,82000,
WST,67.580002,67.93,67.209999,67.660004,356200,
WSTC,23.5,24,23.049999,23.33,135600,
WTFC,36.970001,37.23,36.619999,36.810001,200500,
WTI,14.79,14.88,14.59,14.78,453400,
WTR,31.500001,31.68,31.370001,31.500001,493000,
WTS,47.860001,48.060001,46.900002,47.259998,345000,
WTSL,4.82,4.91,4.78,4.84,1155400,
WTW,44.349998,44.669998,43.959999,44.189999,194800,
WU,17.09,17.139999,16.83,16.940001,6241400,
WWAV,17.059999,17.059999,16.58,16.799999,2342800,
WWD,41,41,40.509998,40.759998,460700,
WWE,9.98,10.05,9.89,9.94,108000,
WWW,52.400002,52.669998,51.709999,52.029999,361600,
WWWW,22.120001,22.51,21.889999,22.25,193900,
WX,21.35,21.540001,21,21.110001,400500,
WY,29,29.360001,28.65,28.66,10177800,
WYN,59.099998,59.509998,58.759998,59.18,988300,
WYNN,137,140.25,136.110001,138.389999,2189600,
X,18.09,18.129999,17.4,17.48,6405000,
XAU,102.45,103.53,102.11,103.01,0,
XBI,105.999996,106.949993,104.320004,104.699993,738900,
XCO,7.740004,7.889996,7.709998,7.850001,2316400,
XDA,96.12,96.19,95.09,95.2,0,
XDB,157.24,157.52,156.81,157.18,0,
XDC,0.459,0.459,0.459,0.459,0,
XDE,133.41,133.81,133.28,133.65,0,
XDN,105.56,106.07,105.04,105.75,0,
XDS,108.36,108.51,107.85,108.4,0,
XEC,73.309998,73.690002,72.279999,72.839996,418900,
XEL,29.549999,29.74,29.34,29.48,6810200,
XEO,733.380005,741.349976,733.380005,737.599976,0,
XES,39.790001,40.529999,39.790001,40.349998,52000,
XHB,30.85,31.5,30.85,31.290001,5812000,
XIDE,0.23,0.26,0.21,0.22,8880400,
XIN,4.61,4.65,4.49,4.53,315800,
XL,31.23,31.370001,30.9,31.129999,1503200,
XLB,40.389999,40.470001,40.139999,40.389999,4488300,
XLE,80.449997,81.269997,80.410004,81.059998,11097500,
XLF,19.7,19.829999,19.629998,19.74,56877600,
XLI,43.580002,43.790001,43.380001,43.639999,8527400,
XLK,31.58,31.860001,31.540001,31.67,6588400,
XLNX,39.119999,39.669998,39.110001,39.490002,3053400,
XLP,40.830002,41.23,40.779999,41.060001,9877200,
XLS,13.02,13.12,12.85,12.87,1416700,
XLU,38.150002,38.41,37.939999,38.119999,12428800,
XLV,48.75,49.029999,48.41,48.650002,8437400,
XLY,56.66,57.009998,56.330002,56.66,4676800,
XME,36.029999,36.349998,35.52,35.779999,1890000,
XNPT,5.15,5.37,5.11,5.16,320400,
XOM,90.970001,91.769997,90.769997,91.510002,12026400,
XOMA,4.07,4.11,3.83,3.85,694700,
XOOM,20.67,20.98,20.559999,20.74,84100,
XOP,60.060001,61.07,60.060001,60.849998,2265600,
XOXO,10.61,10.77,10.61,10.71,46400,
XPO,17.389999,17.66,17.110001,17.17,106700,
XPP,44.849998,45.599998,44.560001,44.919998,25700,
XRA,0.79,0.81,0.75,0.76,120700,
XRAY,41.25,41.66,41.25,41.580002,1119900,
XRM,10.12,11.07,10.03,10.85,488800,
XRS,10.36,10.47,10.16,10.2,180800,
XRT,77.949997,78.459999,77.580002,78.059998,8628000,
XRTX,10.54,10.54,10.2,10.24,26200,
XRX,9.2,9.24,9.1,9.16,5087400,
XSD,53.439999,53.84,53.220001,53.540001,82800,
XSP,163.06,164.65,163.03,163.9,0,
XTEX,20.24,20.45,20.05,20.43,604700,
XTXI,20.44,21.01,20.15,20.84,190200,
XUE,3.02,3.15,2.94,3.07,87700,
XXIA,16.24,16.58,15.93,16.49,595300,
XYL,27.26,27.540001,27.07,27.27,750600,
YANG,49.830003,49.830003,48.450001,49.060001,1600,
YAO,23.07,23.209999,23.07,23.08,8700,
YCL,23.190001,23.459999,23.01,23.450001,2100,
YCS,58.68,59.200001,58.049999,58.25,935000,
YELP,31.33,31.809999,30.870001,31.75,1254800,
YGE,3.02,3.28,2.98,3.25,1156200,
YHOO,26.290001,26.85,26.24,26.540001,10289700,
YINN,16.540001,16.889999,16.450001,16.84,68500,
YNDX,26.99,27.540001,26.799999,27.299999,2658200,
YOKU,20.25,20.870001,20.25,20.65,791600,
YONG,4.9,5.14,4.83,5.05,2920500,
YPF,14.88,15.09,14.82,14.9,380700,
YRCW,23.09,23.23,22.190001,22.51,329300,
YUK,94.830002,95.209999,94.32,94.510002,0,
YUM,71.540002,72.240002,70.960003,71.6,2644200,
YZC,8.63,8.74,8.55,8.59,402500,
Z,53.650002,56.560001,53.02,55.959999,477600,
ZAGG,5.6,5.67,5.5,5.59,517400,
ZAZA,1.39,1.44,1.39,1.4,33300,
ZBRA,45.650002,45.700001,45.220001,45.490002,83900,
ZEP,16.469999,16.610001,16.139999,16.18,36900,
ZEUS,24.98,25.18,24.799999,25.040001,27700,
ZINC,12.3,12.34,12.09,12.33,270500,
ZION,27.07,27.25,26.82,27.059999,2450300,
ZIOP,2.06,2.08,1.9,1.95,831300,
ZIXI,3.98,4.07,3.91,4.05,214100,
ZLC,9.22,9.85,9.22,9.68,1013900,
ZLTQ,5.9,6.42,5.79,6.2,184300,
ZMH,78.529999,80.480003,78.529999,79.650002,1372500,
ZN,2.05,2.2,1.95,2.2,302200,
ZNGA,2.82,2.9,2.82,2.87,9052200,
ZNH,21.389999,21.43,21.17,21.43,32700,
ZOLT,13.19,13.25,12.99,13.12,120800,
ZQK,6.4,6.44,6.35,6.42,2010200,
ZROZ,99.589996,99.589996,98.040001,98.279999,6300,
ZSL,84.080002,84.709999,83.57,84.330002,237200,
ZTS,31.4,31.76,30.709999,30.959999,26785600,
ZUMZ,29.83,29.83,29.01,29.1,242600,
ZX,2.8,2.85,2.72,2.85,20000,
ABCB,16.360001,16.83,16.059999,16.27,10900,
ACCL,8.11,8.18,8.09,8.14,75500,
ACPW,4.25,4.41,4.18,4.26,44500,
ACWX,42.970001,43.169998,42.740002,42.959999,678300,
AKR,25.809999,25.99,25.459999,25.58,238800,
AONEQ,0.0313,0.0315,0.0275,0.0285,4604000,
ARSD,8.14,8.25,8.11,8.25,30800,
ASTM,15.63,16.63,16.6,16.63,4500,
ASX,4.11,4.12,4.08,4.1,581300,
ATEC,1.959999,1.969999,1.939999,1.949999,6400,
ATRC,9.08,9.28,9.05,9.19,71700,
AVNW,2.839999,2.859999,2.659999,2.739999,11600,
BFIN,8.05,8.06,7.88,8.04,10400,
BFR,3.93,4.05,3.93,4.05,31200,
BIL,45.799999,45.810001,45.799999,45.799999,210300,
BIN,21.809999,22.200001,21.809999,22.16,77200,
BIS,36.919999,38.479999,36.919999,38.429999,1100,
BKEP,8.3,8.75,8.3,8.63,16800,
BRB,215.100006,217.690002,214.460007,217.050003,0,
BSQR,2.65,2.73,2.6,2.7,12500,
CBRX,0.67,0.67,0.64,0.65,20500,
CERP,0.02,0.02,0.02,0.02,6081000,
CHGS,0.16,0.17,0.15,0.15,4900,
CIR,51.939999,52.57,50.919998,51.389999,31800,
CIU,109.550003,109.690002,109.25,109.25,239800,
CLUB,10.82,10.94,10.7,10.84,42200,
CMLS,3.39,3.51,3.39,3.46,366000,
CNDA,20.860001,20.889999,20.77,20.85,8300,
COBZ,8.46,8.48,8.32,8.34,77000,
COOL,0.600012,0.600012,0.570011,0.600012,1900,
CRAI,18.690001,18.75,18.360001,18.5,23800,
CRDC,1.19,1.22,1.15,1.15,2200,
CREG,1,1.08,1,1.01,5800,
CROP,26.360001,26.370001,26.280001,26.32,2800,
CSFL,8.97,8.97,8.57,8.79,11100,
CSHZ,0.08,0.08,0.07,0.07,165000,
CSJ,105.239998,105.389999,105.199997,105.25,541500,
CWB,42.93,43.27,42.919998,43.049999,170800,
DCOM,14.69,14.7,14.52,14.59,46600,
DGT,60.91,60.91,60.91,60.91,100,
DMB,14.15,14.15,13.02,13.2,47200,
DQ,7.17,8.48,7.17,8.41,111400,
DRCO,5.02,5.17,5.02,5.04,11400,
EGI,0.37,0.38,0.36,0.38,44700,
ELS,79.339996,79.849998,78.800003,78.959999,324400,
EUFX,37.060001,37.09,37,37,3800,
FCBC,15.34,15.43,15.2,15.36,16000,
FCF,7.03,7.03,6.9,6.95,467000,
FDML,10.03,10.55,9.84,10.24,395500,
FELE,34.77,35.099998,34.049999,34.720001,198900,
FMD,1.2,1.25,1.19,1.23,59000,
FOL,3.19,3.19,3.19,3.19,0,
FORX,48.68,48.68,48.41,48.48,1300,
FSCI,41.11,41.11,40.96,41,47600,
FTC,35.150002,35.34,35.049999,35.209999,8100,
GBLI,23.200001,23.51,22.6,23.120001,40300,
GGAL,5.45,5.53,5.32,5.36,69800,
GIB,29.91,30.41,29.33,30.290001,166700,
GLDI,16.940001,16.940001,16.65,16.66,5200,
GLDX,15.71,15.75,15.02,15.03,28800,
GMXRQ,0.21,0.24,0.21,0.21,26200,
GSE,1.1,1.1,1.1,1.1,0,
GSIG,8.19,8.66,8.12,8.65,92500,
GSIT,6.42,6.42,6.28,6.34,27700,
GTS,22.700001,22.959999,22.549999,22.799999,120000,
GUNR,33.419998,33.419998,33.02,33.290001,288100,
GWX,30.049999,30.139999,29.84,29.959999,41700,
HCKT,4.77,4.92,4.75,4.89,60600,
HDNG,13.91,14.12,13.83,13.96,49600,
HDSN,3.52,3.576,3.48,3.51,71023,
HGR,31.719999,31.959999,31.43,31.9,72700,
HSON,2.54,2.54,2.44,2.47,76100,
IBCA,6.67,6.75,6.61,6.69,42800,
ICFI,30.879999,30.92,30.24,30.58,78700,
IEFA,54.349998,54.619999,54.009998,54.240002,94300,
INOD,3.15,3.21,3.1,3.17,33700,
IPCC,56.560001,57.369999,56.009998,56.349998,22900,
ISIG,1.93,1.94,1.86,1.93,6800,
KIPO,6.4,6.6,6.35,6.51,29100,
KITDQ,0.35,0.42,0.33,0.36,1560900,
KMPR,33.759998,33.919998,33.400002,33.490002,204600,
LDL,14.4,14.4,14.09,14.28,41300,
LEDR,10.57,10.7,10.52,10.67,92800,
LEDS,1.94,1.94,1.72,1.83,66400,
LOJN,3.29,3.42,3.29,3.33,12300,
LPTN,4.770002,4.770002,4.590002,4.650002,500,
LYTS,7.84,7.99,7.68,7.84,48600,
MCS,12.29,12.48,12.25,12.45,28300,
MGEE,55.080002,55.139997,54.460007,54.970007,45600,
MGRC,33.360001,33.740002,33.240002,33.709999,26300,
MPX,7.15,7.15,7.01,7.12,8600,
NEWN,0.1,0.1,0.1,0.1,8300,
NJR,44.779999,44.889999,43.959999,44.119999,357600,
NPBC,9.75,9.81,9.52,9.62,678700,
NZD,123.769997,125.519997,123.739998,125.07,0,
OTEL,9.91,9.91,9.44,9.81,18200,
PPBI,11.52,11.85,11.52,11.71,22200,
PRGX,5.44,5.62,5.38,5.55,87100,
PRO,30.75,31.66,30.639999,31.290001,191200,
PWAVQ,0.0103,0.0149,0.0103,0.012,10600,
QRM,0.49,0.49,0.46,0.46,43400,
QTEC,29.030001,29.450001,29.030001,29.27,92800,
RNWK,7.37,7.39,7.25,7.35,120600,
RPT,15.66,15.8,15.46,15.55,227500,
RWL,32.029999,32.09,31.83,32.02,26000,
SBLK,5.51,5.58,5.5,5.56,2200,
SCMR,0.49,0.51,0.49,0.51,107300,
SIGI,23.25,23.32,23.08,23.24,51000,
SIJ,19.620001,19.959999,19.6,19.959999,600,
SKA,64.510002,64.860001,64.489998,64.610001,0,
SMCI,10.73,11.12,10.66,11.07,136500,
SMTX,1.98,1.99,1.96,1.99,18000,
SNBC,3.07,3.14,3.05,3.06,5500,
SOCL,14.83,14.91,14.77,14.77,7700,
STAN,21.28,21.34,20.95,21.19,49500,
STL,9.07,9.2,9.05,9.2,107700,
STNR,50.610001,51.400002,49.669998,50,21800,
SWS,5.6,5.68,5.56,5.63,51700,
SYMX,0.94,0.96,0.92,0.92,7400,
SYPR,3.22,3.25,3.14,3.19,42300,
TACT,7.99,8,7.83,7.92,8900,
TFI,23.389999,23.43,23.360001,23.42,189700,
TGE,7.31,7.31,7.31,7.31,0,
THR,20.790001,20.84,20.299999,20.700001,180700,
TMS,15.97,15.97,15.51,15.83,28500,
TPI,0.52,0.52,0.51,0.51,24200,
TRNO,18.52,18.620001,18.280001,18.530001,78400,
TRST,5.4,5.44,5.33,5.36,131500,
TSTC,0.3,0.3,0.3,0.3,1700,
UAMY,1.15,1.17,1.05,1.06,96500,
UBNK,13.21,13.31,13.05,13.15,49500,
UCBI,11.75,12.04,11.72,11.92,138900,
ULBI,3.68,3.7,3.6,3.7,3800,
USMV,33.27,33.439999,33.16,33.32,3347200,
USPH,30,30.23,29.879999,30.16,110000,
UTY,0.02,0.02,0.02,0.02,0,
WAVX,0.44,0.45,0.4,0.42,3800,
WWAV.B,16.76,16.8,16.32,16.57,1569200,
XDZ,80.75,80.79,79.67,79.78,0,
ZOOM,0.38,0.39,0.38,0.39,8700,