symbol,open,high,low,close,volume,adjust_close
A,42.01,42.82,42.01,42.480001,4104100,
AA,7.869992,7.929992,7.829992,7.919992,5623800,
AAMRQ,4,4.15,3.92,3.99,5125300,
AAN,27.870001,28.049999,27.530001,27.549999,351800,
AAON,32.309999,32.629995,31.95,32.449996,108000,
AAP,80.709999,81.57,80.709999,81.389999,501700,
AAPL,405.699993,407.790001,398.830009,402.62999,78540700,
AAT,29.43,29.9,29.030001,29.9,177600,
AAU,1.22,1.24,1.15,1.2,183700,
AAV,3.99,4.04,3.88,3.94,171500,
AAWW,44.049999,44.5,43.529999,43.84,173000,
AAXJ,52.959999,53.330002,52.709999,53.27,468300,
AB,20.450001,21.469999,20.450001,21.209999,636500,
ABAX,46.790001,46.790001,45.459999,46.049999,133000,
ABB,21.049999,21.219999,20.84,21.17,2453600,
ABBV,42.150002,42.77,41.610001,42.630001,4686900,
ABC,53.740002,53.77,53.060001,53.549999,2846600,
ABCO,54.18,54.18,53.27,53.669998,105200,
ABFS,18.58,19.43,18.18,19.29,539300,
ABG,38,38.919998,37.700001,37.889999,251500,
ABM,24.049999,24.219999,23.950001,24.1,219900,
ABMD,20.690001,20.83,20.58,20.77,214200,
ABR,5.97,6.39,5.82,6.38,363900,
ABT,35.279999,35.380001,34.869999,35.110001,6003700,
ABV,34.66,35.3699,33.94,35.1,22183700,
ABX,16.440001,16.57,15.95,16.110001,19463700,
ACAD,17.65,17.85,16.26,16.799999,3730200,
ACAS,11.96,12.06,11.82,12.01,3040100,
ACAT,46.34,46.990002,45.369999,45.450001,79100,
ACC,37.779999,38.75,37.400002,38.52,821700,
ACCO,6.38,6.5,6.32,6.48,791600,
ACE,86.260002,86.690002,85.879997,86.379997,1634100,
ACET,13.03,13.17,12.92,13.14,135900,
ACFN,8.56,8.81,8.23,8.76,102400,
ACGL,50.349998,50.509998,49.970001,50.099998,846900,
ACH,7.6,7.66,7.49,7.65,145200,
ACHC,35.189999,35.52,34.509998,34.830002,502500,
ACHN,7.97,8.04,7.78,7.85,567400,
ACI,3.76,3.85,3.53,3.8,1079800,
ACIW,45.220001,45.220001,44.539999,45.08,778200,
ACLS,1.72,1.77,1.68,1.77,138200,
ACM,30,30.610001,29.92,30.42,993200,
ACMP,46.12,46.62,45.77,46.38,363700,
ACN,80.050003,80.169998,79.25,79.660004,2898100,
ACO,31.29,31.31,30.79,31.23,81800,
ACOR,32.169998,32.360001,31.35,31.719999,303900,
ACRE,12.86,13.04,12.64,12.8,1180500,
ACRX,8.69,8.82,8.23,8.41,256700,
ACT,121.25,122.379997,120.650002,121.540001,905900,
ACTG,23.610001,23.610001,23.1,23.379999,273500,
ACTV,6.82,6.82,6.57,6.78,334700,
ACUR,2.03,2.065,2,2.03,264658,
ACW,4.87,5.1,4.833,4.98,208000,
ACWI,49.790001,49.939999,49.34,49.82,1302700,
ACXM,21.91,22.41,21.65,22.33,426600,
ADBE,44.040001,44.439999,43.459999,44.369999,3366300,
ADC,29.83,29.959999,29.549999,29.709999,91800,
ADES,36.35,38.14,36.35,37.99,101200,
ADI,44.619999,44.619999,43.91,44.52,2382500,
ADM,33.32,33.32,32.849998,33.169998,3167000,
ADNC,13.02,13.13,12.95,13.05,62300,
ADP,69.160002,69.160002,68.160006,68.840002,1499700,
ADS,173.100006,174.839996,171.509995,174.100006,846900,
ADSK,33.849998,34.169998,33.5,34.040001,2786000,
ADT,39.459999,40.18,39.380001,40.029999,2636700,
ADTN,23.65,23.889999,23.219999,23.719999,661500,
ADVS,33.84,34.27,33.259998,34.209999,236200,
ADY,7.39,7.39,7.35,7.37,55100,
AEC,15.66,15.83,15.44,15.74,6461900,
AEE,33.040001,33.580002,32.779999,33.41,1499000,
AEG,6.7,6.73,6.64,6.71,839600,
AEGN,21.92,22.559999,21.84,22.35,175300,
AEGR,58.580002,60.5,58.580002,60.099998,499000,
AEIS,17.200001,17.379999,17.01,17.15,225800,
AEL,15.8,15.93,15.72,15.78,781400,
AEM,26.24,26.719999,25.75,26.26,1557600,
AEO,17.75,18.26,17.629999,18.110001,3024100,
AEP,43.830002,44.290001,43.41,43.91,3178000,
AER,16.74,17.049999,16.690001,16.860001,613900,
AERL,3.73,4.05,3.61,4,554000,
AES,11.51,11.78,11.4,11.67,6100000,
AET,62.59,62.900002,61.849998,62.16,2829600,
AF,10.32,10.49,10.16,10.49,1218400,
AFAM,19.82,19.82,19.4,19.620001,16400,
AFCE,33.71,34.26,33.46,34.02,157600,
AFFX,3.82,3.95,3.71,3.94,611700,
AFFY,1.08,1.09,1,1.05,405300,
AFG,47.599998,48.18,47.299999,47.880001,395200,
AFL,56.130001,57.119999,55.84,56.82,2180600,
AFSI,34.11,34.63,33.500001,34.300001,1699400,
AG,9.32,9.52,9.18,9.47,784200,
AGCO,51.189999,51.509998,50.709999,51.02,646400,
AGEN,3.71,3.75,3.61,3.67,169300,
AGG,106.470001,106.599998,106.209999,106.300003,1687400,
AGII,42.279998,43.379995,41.790001,41.970007,162900,
AGM,27.389999,27.389999,26.860001,27.34,27100,
AGN,121.25,122.379997,120.650002,121.540001,905900,
AGNC,22.879999,23.51,22.879999,23.209999,13688000,
AGO,21.09,21.42,21.01,21.34,2230000,
AGQ,17.200001,17.389999,16.99,17.07,345700,
AGRO,6.06,6.17,6.05,6.05,381100,
AGU,84.82,86.059998,84.639999,85.519997,895200,
AGX,15.91,16,15.51,15.73,63400,
AGYS,12.76,12.76,12.06,12.27,48200,
AH,18.1,18.4,17.7,18.3,637700,
AHGP,60.880001,61.689999,60.119999,60.77,35900,
AHH,11.28,11.4,10.98,11.38,95600,
AHL,36.299999,36.490002,35.950001,36.23,404000,
AHS,14.19,14.36,14.06,14.23,174300,
AHT,11.419997,11.569993,11.230001,11.360005,1430300,
AI,26.530001,26.870001,26.32,26.700001,233000,
AIG,42.849998,43.799999,42.779999,43.349998,16197500,
AIMC,27.049999,27.57,26.629999,26.85,132500,
AIN,33.209999,33.790001,32.84,33.130001,92500,
AINV,7.48,7.57,7.38,7.5,2065300,
AIR,21.43,21.690001,20.879999,21.209999,166500,
AIRM,36.16,36.93,34.75,34.849998,903500,
AIT,47.459999,47.810001,47.27,47.470001,119800,
AIV,28.280001,29.18,28.17,28.92,2073800,
AIXG,15.71,15.87,15.6,15.81,103400,
AIZ,49.880001,50.119999,49.439999,49.82,476900,
AJG,42.990002,43.080002,42.619999,42.959999,477000,
AKAM,42.07,42.380001,41.740002,41.91,2030600,
AKG,1.95,2.01,1.94,1.95,80600,
AKRX,13.73,13.8,13.43,13.51,462000,
AKS,3.18,3.23,3.02,3.11,8386500,
AL,26.299999,26.959999,26.02,26.709999,754500,
ALB,61.93,62.470001,61.75,62.209999,600400,
ALC,11.92,11.95,11.92,11.94,183100,
ALDW,23.120001,23.41,22.709999,23.200001,203700,
ALE,48.560001,48.650002,47.849998,48.5,278100,
ALEX,40.16,40.360001,39.34,40.029999,245100,
ALGN,36.139999,36.240002,34.919998,35.41,504700,
ALGT,104.040001,107.220001,103.93,106.580002,84300,
ALIM,4.9,5,4.86,4.94,64800,
ALJ,15.08,15.32,14.82,14.94,510800,
ALK,51.349998,51.709999,50.860001,51.189999,1804200,
ALKS,27.440001,27.780001,26.92,27.360001,1198600,
ALL,46.869999,47.200001,46.779999,46.880001,3358200,
ALLT,12.06,13.46,12.06,13.38,1053500,
ALNY,29.700001,29.700001,28.75,29.4,604400,
ALOG,74.57,74.849998,72.190002,73.82,68900,
ALR,25,25,24.65,24.74,592800,
ALSK,1.7,1.75,1.7,1.74,110900,
ALSN,22.440001,22.700001,22.34,22.5,173400,
ALTR,32.189999,32.689999,31.950001,32.610001,3599000,
ALU,1.79,1.81,1.75,1.76,14567000,
ALV,74.260002,74.690002,73.739998,74.07,578300,
ALXA,4.31,4.32,4.2,4.28,112600,
ALXN,88.699997,89.139999,87.019997,88.379997,1586300,
AM,18.36,18.36,18.22,18.23,156000,
AMAG,21.68,21.77,20.299999,21.23,242900,
AMAT,15.1,15.32,15.02,15.27,12763100,
AMBA,16.120001,16.49,16,16.469999,900700,
AMBC,22.67,22.99,22.57,22.860001,539000,
AMCC,9.47,9.7,9.35,9.61,1029700,
AMCN,1.72,1.78,1.71,1.71,35900,
AMCX,62.549999,63.939999,61.93,63.630001,183100,
AMD,4.11,4.15,4.06,4.15,26642400,
AME,40.740002,41.080002,40.389999,40.880001,1126800,
AMED,12.71,12.79,12.49,12.55,225400,
AMG,156.880005,157.479996,154.270004,156.580002,400100,
AMGN,97.639999,98.75,95.639999,96.379997,3068900,
AMJ,44.52,44.98,43.959999,44.650002,1525700,
AMKR,4.07,4.19,3.99,4.14,857200,
AMLP,17.35,17.41,17.190001,17.389999,3495400,
AMP,78.370003,79.730003,77.900002,79.260002,1137300,
AMPE,5.93,5.93,5.59,5.68,202200,
AMRC,9.06,9.11,8.7,8.8,119700,
AMRI,11.56,11.7,11.09,11.23,191200,
AMRN,5.89,5.94,5.36,5.74,9138100,
AMRS,2.73,2.73,2.61,2.65,144800,
AMSC,2.23,2.27,2.17,2.25,30400,
AMSG,35.349998,35.540001,34.77,34.810001,70400,
AMSWA,8.35,8.36,8.22,8.27,42200,
AMT,71.459999,73.32,71.309998,72.900002,4107500,
AMTD,23.889999,24.1,23.719999,23.84,6877300,
AMTG,16.51,16.75,16.27,16.440001,1190300,
AMWD,32.68,34.630001,32.68,34.060001,124600,
AMX,19.120001,19.559999,18.950001,19.4,7762000,
AMZN,272.299988,273.470001,269,272.089996,2449600,
AN,42.630001,42.860001,42.299999,42.709999,489500,
ANAC,5.6,5.6,5.26,5.49,215000,
ANAD,2.12,2.13,2.06,2.12,274300,
ANDE,52.420006,53.209997,51.700006,52.879995,162100,
ANEN,22.98,24.1,22.525,22.8,23900,
ANF,43.790001,44.310001,43.599998,43.77,1655100,
ANGI,26.620001,26.950001,25.940001,26.299999,588400,
ANGO,11.35,11.35,11.07,11.11,31400,
ANH,5.49,5.55,5.44,5.48,1469900,
ANIK,16.93,17.02,16.360001,16.700001,73900,
ANN,31.23,32.400002,31.200001,32.349998,1660100,
ANR,5.12,5.22,4.83,5.18,15719000,
ANSS,71.879997,71.949997,70.660004,71.68,207800,
ANV,6.39,6.47,6.1,6.21,2598200,
ANW,8.4,8.77,8.34,8.7,358300,
AOI,3.83,3.85,3.66,3.69,17800,
AOL,34.790001,35.52,34.290001,35.110001,847700,
AON,63.27,63.900002,63.209999,63.689999,1534000,
AOS,36.049999,36.240002,35.580002,36.080002,2101000,
AOSL,7.54,7.76,7.46,7.72,58700,
APA,82.870003,83.120003,82.300003,82.639999,3147400,
APAM,53.200001,53.200001,51.080002,51.25,143800,
APC,83.989998,85.410004,83.779999,85.080002,4294800,
APD,94.219994,94.829995,93.919996,94.609996,2012900,
APEI,37.84,38.380001,37.759998,37.830002,89300,
APH,75.870003,76.720001,75.639999,76.389999,985600,
APL,36.22,36.68,35.77,36.49,291200,
APO,21.76,23.4,21.73,22.35,1968300,
APOG,23.299999,23.59,23,23.370001,370100,
APOL,19.26,19.82,19.17,19.379999,3643600,
APP,1.96,1.98,1.88,1.97,332100,
APRI,2.37,2.43,2.31,2.38,224500,
APU,47.5,48.169998,47.209999,48.02,81300,
ARAY,5.65,5.65,5.41,5.44,866100,
ARB,46.88,46.88,46.82,46.87,77200,
ARCC,16.639999,16.860001,16.540001,16.77,2131100,
ARCO,11.8,11.9,11.64,11.78,687800,
ARCP,14.91,14.91,14.51,14.73,2365200,
ARE,63.07,63.459999,62.490002,63.150002,653100,
AREX,24.049999,24.299999,23.450001,24.17,390700,
ARG,94.940002,95.849998,94.339996,95.519997,665200,
ARI,16.040001,16.290001,15.92,16.23,488000,
ARIA,16.48,16.799999,16.17,16.74,1928800,
ARII,30.790001,31.4,30.57,31.200001,203200,
ARLP,67.660004,69.099998,66.879997,68.760002,104000,
ARMH,36.560001,36.68,35.990002,36.310001,4698000,
ARNA,8.31,8.31,8,8.09,5362600,
ARO,12.92,12.92,12.7,12.76,1110800,
ARP,21.120001,21.43,21.030001,21.360001,312300,
ARPI,17.57,18.379999,17.549999,18.33,458400,
ARQL,2.4,2.45,2.33,2.44,209000,
ARR,4.32,4.44,4.32,4.44,939000,
ARRS,14.54,14.58,14.28,14.42,943200,
ARRY,4.66,4.66,4.5,4.53,1444800,
ARTC,35.96,35.96,35.08,35.15,117000,
ARUN,14.63,14.75,14.27,14.65,1582300,
ARW,38.169998,38.369999,37.599998,38.189999,786300,
ARX,7.43,7.8,7.37,7.77,22700,
ASA,12.09,12.18,11.85,12.04,72400,
ASBC,15.2,15.43,15.02,15.33,798800,
ASCA,26.38,26.4,26.24,26.34,169500,
ASEI,56.610001,57.450001,55.419998,55.549999,39400,
ASFI,8.5,8.64,8.39,8.47,45800,
ASGN,25.73,25.860001,25.469999,25.709999,210100,
ASH,82.199997,82.839996,81.419998,82.839996,643900,
ASIA,11.5,11.5,11.42,11.43,165600,
ASMI,33.060001,33.34,32.919998,33.240002,9500,
ASML,74.809998,76.080002,74.120003,75.75,1064900,
ASNA,17.17,17.299999,17.030001,17.200001,1274500,
ASPS,92.900002,94.870003,92.57,93.980003,97100,
ASR,102.139999,103.709999,101.870003,103.059998,71700,
ASTE,32.779999,33.959999,32.779999,33.700001,60500,
ASTI,0.72,0.75,0.71,0.71,17800,
ASTX,4.1,4.13,3.99,4.02,838900,
ASYS,7,7.93,6.93,7.27,300200,
AT,4.22,4.24,4.08,4.12,728400,
ATAX,6.6,6.75,6.55,6.61,228700,
ATHN,90.230003,91,89.860001,89.940002,280500,
ATHX,1.55,1.6,1.55,1.59,143800,
ATI,26.59,26.700001,26.02,26.549999,1697000,
ATK,79.32,79.35,78.63,78.76,151100,
ATLC,3.51,3.82,3.51,3.67,5100,
ATLS,13.7,13.81,13.61,13.69,437106,
ATMI,23.97,24.082,23.55,23.68,106800,
ATML,7.1,7.2,7,7.11,6533800,
ATNI,49.91,49.919998,49.009998,49.529999,28300,
ATO,38.849998,39.43,38.459999,39.330002,552600,
ATPAQ,0.07,0.0819,0.07,0.0765,201400,
ATR,55.279999,55.369999,54.349998,54.860001,181000,
ATRS,4.18,4.2,4.04,4.06,2209200,
ATSG,6.45,6.52,6.33,6.5,111000,
ATU,31.66,32.080002,31.58,31.959999,633300,
ATVI,13.55,13.84,13.5,13.78,5666900,
ATW,52.560001,52.860001,52.029999,52.099998,677500,
AU,14.07,14.3,13.97,13.99,2926800,
AUDC,4.11,4.38,4.11,4.31,185300,
AUM,92.639999,92.849998,92.190002,92.610001,0,
AUMN,1.32,1.39,1.32,1.38,291700,
AUO,3.31,3.42,3.3,3.4,2809000,
AUQ,4.28,4.38,4.2,4.3,2622200,
AUX,107.94,108.47,107.71,107.97,0,
AUXL,16.54,16.76,16.1075,16.33,838400,
AUY,9.05,9.19,8.92,9.08,6616900,
AVA,26.690001,26.799999,26.309999,26.709999,277100,
AVAV,19.51,19.700001,19.4,19.58,286500,
AVB,134.910004,136.440002,133.550003,135.440002,1075600,
AVD,24.99,25.17,22.65,23.02,2311800,
AVEO,2.45,2.55,2.4,2.44,784100,
AVG,18.9,18.940001,18.26,18.4,525400,
AVGO,37.130001,37.59,36.810001,37.099998,2601900,
AVHI,16.709999,17.059999,16.309999,17.01,508600,
AVID,6.12,6.18,6.05,6.11,37200,
AVIV,24.94,25.2,24.02,24.36,516900,
AVL,0.55,0.58,0.55,0.56,476600,
AVNR,4.4,4.41,4.25,4.365,2348600,
AVP,21.219999,21.32,20.709999,20.9,4869800,
AVSPY,128.73,129.3,126.94,127.62,0,
AVT,32.889999,33.099998,32.549999,33.029999,401000,
AVX,11.78,11.88,11.69,11.76,233000,
AVY,41.48,42.259998,41.419998,42.09,502100,
AWAY,30.57,32.209999,30.24,31.959999,1639700,
AWC,29.595,30.423,29.595,30.423,100,
AWH,88.74,89.610003,88.489998,89.370003,600900,
AWI,47.060001,47.310001,46.5,46.68,276300,
AWK,39.68,40.330002,39.630001,40.130001,846000,
AWR,52.650002,53.599998,52.09,53.43,229000,
AWRE,4.92,4.98,4.71,4.8,137600,
AXAS,2.2,2.21,2.16,2.19,578100,
AXE,74.120003,74.599998,73.610001,73.879997,364900,
AXL,16.83,17.610001,16.83,17.57,1974000,
AXLL,41.779999,43.150002,41.470001,42.59,1166300,
AXP,72.629997,73.650002,72.559998,73.230003,4754200,
AXS,45.07,45.290001,44.91,45.040001,667500,
AXTI,2.51,2.58,2.51,2.56,164900,
AXU,0.93,0.95,0.9,0.95,331200,
AYI,75.389999,75.620003,74.449997,74.889999,315800,
AYR,15.58,15.67,15.48,15.58,655300,
AZC,1.96,2.04,1.94,2.01,40500,
AZN,47.599998,47.599998,47.16,47.23,4995000,
AZO,417.559998,422.929993,417.170013,421.480011,234300,
AZPN,28.51,29,28.389999,28.68,838900,
AZZ,41.490002,41.639999,40.91,41.580002,108400,
B,29.26,29.389999,29.01,29.33,241200,
BA,99.199997,99.660004,98.18,98.669998,3557900,
BAA,0.73,0.74,0.69,0.71,354900,
BABY,13.61,13.61,13.38,13.52,78600,
BAC,12.61,12.77,12.43,12.67,132844500,
BAH,17.08,17.17,16.65,16.68,388900,
BAK,14.28,14.45,14.01,14.41,197500,
BAL,53.290001,54.439999,53.189999,54.360001,101400,
BALT,3.46,3.49,3.41,3.43,54300,
BAM,34.440001,35.189999,34.309994,35.089996,1543500,
BANR,33.349998,33.400002,33.130001,33.299999,102900,
BAP,124.980007,125.930003,123.999999,124.960007,272100,
BAS,12.25,12.37,12.08,12.31,443100,
BAX,70.08,70.159997,68.950001,69.499996,3749100,
BAXS,2.37,2.4,2.21,2.25,49100,
BBBY,69.040001,69.5,68.599998,68.809998,2024000,
BBCN,13.5,13.92,13.34,13.84,591500,
BBD,12.83,12.83,12.48,12.67,13759800,
BBEP,17.73,18.450001,17.610001,17.99,875000,
BBG,20.889999,20.940001,20.49,20.75,743300,
BBH,66.480003,67.029999,65.959999,66.449997,39100,
BBL,52.200001,52.779999,51.93,52.580002,738900,
BBOX,25.32,25.32,24.209999,24.639999,69500,
BBRG,17.860001,17.860001,17.219999,17.41,79200,
BBRY,14.39,14.62,14.22,14.56,17641400,
BBT,33.529999,33.990002,33.27,33.830002,3556600,
BBVA,8.39,8.44,8.26,8.4,2565100,
BBW,6.22,6.38,6.18,6.26,30000,
BBX,12.49,12.8,12.48,12.8,16900,
BBY,26.610001,26.969999,26.32,26.74,5151400,
BC,31.09,31.43,30.85,31.309999,909000,
BCC,26.75,26.75,26.299999,26.379999,219300,
BCE,41.25,41.32,40.919998,41.240002,722200,
BCEI,35.459999,35.77,35.009998,35.439999,284500,
BCO,25.780001,25.780001,25.24,25.620001,157800,
BCOR,18.26,18.67,18.08,18.440001,218200,
BCOV,8.06,8.46,7.99,8.43,573700,
BCPC,45.98,46.18,44.310001,44.5,82100,
BCR,109.669998,109.989998,108.709999,108.75,739700,
BCRX,1.44,1.51,1.44,1.49,347400,
BCS,17.51,17.67,17.32,17.61,2300020,
BDBD,12.02,12.35,11.88,12.34,696600,
BDC,49.700001,50.049999,49.299999,50,377500,
BDE,9.3,9.3,9.18,9.19,326100,
BDN,12.89,13.28,12.78,13.23,1521200,
BDSI,4.22,4.22,3.86,3.96,383600,
BDX,98.599998,98.599998,97.43,98,1196000,
BEAM,63.3,63.3,62.08,62.25,651100,
BEAT,5.35,5.87,5.35,5.86,866500,
BEAV,62.050002,62.050002,60.499996,61.449998,1775600,
BEBE,5.22,5.31,5.18,5.23,28200,
BECN,37.93,38.889999,37.720001,37.900002,305100,
BEE,8.67,8.79,8.6,8.68,1744400,
BEN,135.760002,137.950001,134.869995,137.260002,2987400,
BERY,22.549999,22.65,22.190001,22.299999,559300,
BF.B,68.040001,68.169998,67.169998,67.720001,258100,
BFAM,32.139999,32.619999,31.799999,32.299999,276000,
BG,69.379997,69.639999,68.93,69.32,878900,
BGC,29.879999,30.17,29.42,29.99,920700,
BGCP,5.53,5.65,5.49,5.64,1101500,
BGFV,19.299999,20.35,19.15,20.190001,352700,
BGG,19.059999,19.25,18.790001,19.110001,432400,
BGS,33.889999,34.490002,33.689999,34.029999,388900,
BHE,19.74,20.02,19.67,19.950001,305300,
BHI,44.759998,45.369999,44.709999,45.080002,2951800,
BHP,57.470001,58.34,57.169998,58.099998,1704800,
BIB,86.220001,87,84.160004,85.360001,76000,
BID,37.459999,37.5,36.950001,37.41,1428000,
BIDU,90.739998,91.75,89.510002,91.089996,4494100,
BIG,31.75,31.790001,31.379999,31.75,477100,
BIIB,201.75,202.309998,196.690002,199.149994,1199500,
BIO,112.529999,112.779999,110.290001,110.699997,70400,
BIOD,4.1,4.18,3.96,4.01,314900,
BIOL,3.700019,3.700019,3.400012,3.570013,260800,
BIOS,16.51,16.51,16.08,16.389999,850400,
BIP,34.509999,34.89,34.27,34.82,436700,
BIRT,6.35,6.5,6.118,6.5,156400,
BITA,10.5,10.61,10.23,10.53,45100,
BIV,82.980003,83,82.610001,82.669998,445800,
BJRI,35.860001,36.240002,35.59,35.75,137300,
BK,28.200001,28.379999,27.98,28.27,5108300,
BKCC,9.2,9.26,9.15,9.21,341400,
BKD,25.940001,26.17,25.74,26,866000,
BKE,51.35,51.99,51.110004,51.580003,141700,
BKF,33.560001,33.75,33.240002,33.709999,66300,
BKH,46.950001,47.080002,46.349998,47.049999,124200,
BKI,37.26,37.32,37.2,37.28,201900,
BKLN,24.58,24.690001,24.52,24.639999,3866200,
BKMU,5.84,5.84,5.73,5.8,78500,
BKS,16.970001,17.7,14.96,15.61,13728900,
BKU,25.76,26.24,25.559999,26.040001,706800,
BKW,20,20.06,19.76,19.82,779100,
BKX,59.54,60.74,59.54,60.48,0,
BLC,13.94,14.1101,13.94,13.97,1933000,
BLDP,1.59,1.64,1.56,1.62,558700,
BLDR,6,6.17,5.9,5.98,315900,
BLK,249.610001,253.869995,247.649994,252.580002,1258400,
BLKB,32.630001,32.799999,32.48,32.650002,129100,
BLL,42.290001,42.330002,41.709999,42.130001,971500,
BLMN,25.309999,25.43,24.66,24.91,1474800,
BLOX,29.790001,29.9,29.01,29.68,690700,
BLT,12.04,12.14,11.87,11.99,278000,
BLV,83.040001,83.5,82.75,83.050003,74400,
BLX,22.08,22.450001,21.98,22.43,109200,
BMC,44.88,44.98,44.72,44.88,2736800,
BMI,43.689999,43.689999,42.720001,43.330002,104600,
BMO,56.919998,57.459999,56.48,57.259998,471800,
BMR,19.139999,19.299999,18.799999,19.190001,2298200,
BMRN,55.23,55.830002,54.5,55.720001,925100,
BMS,38.43,38.52,37.810001,38.290001,515900,
BMY,45.77,45.77,45.07,45.18,6949000,
BNCL,8.450004,8.460002,8.400003,8.429997,90400,
BND,80.290001,80.330002,80.089996,80.239998,6285500,
BNNY,41.09,41.8,40.6,41.65,150100,
BNO,77.410004,77.410004,76.970001,77.040001,34200,
BNS,53.189999,53.41,52.790001,53.220001,520200,
BOBE,45.490002,45.849998,45.220001,45.619999,202200,
BODY,12.28,12.57,12.15,12.29,8700,
BOFI,45.150002,46.709999,45,46.299999,918000,
BOH,49.720001,50.130001,49.299999,50,594200,
BOIL,40.150002,40.150002,38.369999,38.790001,42900,
BOKF,62.799999,63.139999,62.25,62.98,98200,
BOLT,16.72,16.72,16.41,16.71,14200,
BONA,3.77,3.79,3.6,3.71,80700,
BOND,104.800003,105.300003,104.720001,104.790001,551100,
BONT,18.049999,18.18,17.48,17.73,349500,
BOOM,16.1,16.610001,16.1,16.57,19600,
BORN,1.18,1.2,1.15,1.15,19700,
BOTA,3.05,3.25,3.05,3.1,62800,
BP,41.990002,42.040001,41.470001,41.68,3809600,
BPAX,0.97,1,0.86,0.9,508600,
BPFH,10.1,10.25,9.96,10.21,453100,
BPI,11.75,12.2,11.74,12.09,214700,
BPL,66.199997,68.809998,66.199997,68.150002,405600,
BPO,16.13,16.56,16.06,16.46,2133700,
BPOP,29.299999,29.719999,29.059999,29.559999,790900,
BPT,94.190002,95.129997,94.040001,94.660004,74500,
BPX,64.720001,64.949997,64.620003,64.830002,0,
BPY,19.74,20.059999,19.5,20.030001,133700,
BPZ,1.73,1.81,1.71,1.79,550000,
BR,25.950001,26.01,25.65,25.92,580200,
BRC,30.139999,30.200001,29.809999,30.120001,140200,
BRCD,5.38,5.41,5.31,5.32,5016200,
BRCM,33.200001,33.830002,33.040001,33.720001,6811700,
BRE,47.85,48.7,47.47,48.41,447600,
BREW,8.1,8.1,7.85,7.96,15100,
BRF,31.18,31.379999,30.860001,31.24,63300,
BRFS,21.110001,21.23,20.68,21.120001,1853400,
BRK.B,111.809998,112.309998,110.879997,112.07,4147900,
BRKL,8.52,8.66,8.45,8.64,227400,
BRKR,16.129999,16.27,16.01,16.139999,535400,
BRKS,9.8,9.92,9.52,9.83,389100,
BRLI,28.37,28.73,28.03,28.17,155700,
BRO,31.200001,31.209999,30.709999,31.17,846000,
BRS,64.110001,64.949997,63.48,64.830002,148600,
BRY,42.85,43.2,42.4801,42.67,654300,
BSAC,22.17,22.469999,22.1,22.450001,346000,
BSBR,6.22,6.24,6.08,6.14,9727600,
BSDM,1.3,1.34,1.27,1.32,58600,
BSET,15.2,15.55,15.13,15.51,37500,
BSFT,26.780001,27.379999,26.780001,27.360001,282200,
BSMX,13.39,13.51,13.19,13.43,3498200,
BSRR,14.48,14.48,14.22,14.37,11300,
BSX,9.31,9.41,9.02,9.03,28868600,
BTE,35.27,35.720001,35.220001,35.610001,105200,
BTH,14.07,14.23,13.93,13.98,102500,
BTI,103.059998,103.230003,102.300003,103.230003,282500,
BTN,4.06,4.09,4,4.08,36200,
BTU,15.040008,15.190007,14.400007,15.030007,764700,
BTX,4,4.01,3.81,3.94,140500,
BUD,86.480003,87.370003,86.089996,86.919998,2200200,
BUSE,4.479996,4.579995,4.419995,4.519995,78500,
BV,9.05,9.25,8.95,9.1,674700,
BVN,15.21,15.27,14.21,14.24,2955300,
BWA,82.610001,83.550003,82.43,83.029999,1405200,
BWC,29.58,29.610001,29.24,29.389999,741000,
BWEN,4.7,4.72,4.36,4.37,76100,
BWLD,94.889999,98.309998,94.5,96.970001,353900,
BWP,29.440001,29.91,29.09,29.68,444500,
BWS,20.3,20.45,19.97,20.45,239500,
BWX,56.490002,56.630001,56.220001,56.27,399200,
BX,20.25,20.719999,19.969999,20.33,5273600,
BXP,103.620003,103.900002,101.860001,102.660004,1236700,
BXS,17.030001,17.360001,16.93,17.26,808100,
BYD,10.63,10.76,10.48,10.67,929300,
BYI,54.76,55.34,54.61,54.83,448900,
BZ,8.16,8.25,8.1,8.2,748400,
BZF,17.74,17.93,17.66,17.799999,35400,
BZH,17.48,17.530001,16.91,17.110001,1236700,
BZQ,98.300003,101.120003,96.980003,97.739998,33800,
C,46.16,47.34,46.119999,47,38838900,
CA,27.559999,27.57,27.139999,27.290001,3602100,
CAAS,5.17,5.27,5.05,5.06,28500,
CAB,66.160004,66.239998,64.760002,65.150002,732100,
CACI,61.209999,61.32,60.689999,61.110001,332000,
CADX,7.2,7.2,6.86,7.11,454500,
CAG,33.269999,33.479998,33.17,33.269999,5248700,
CAH,46.959999,47,46.32,46.639999,2564000,
CAJ,33.099998,33.23,32.919998,33.16,286900,
CAK,0.55002,0.57,0.51,0.55002,58800,
CAKE,40.75,41.049999,40.66,40.860001,687000,
CALD,6.55,6.55,6.43,6.5,168500,
CALL,13.9,14.44,13.75,13.98,470360,
CALM,46.669998,46.75,46.049999,46.200001,69400,
CALX,10.27,10.27,10.07,10.17,308700,
CAM,61.5,61.950001,60.709999,61.240002,2639800,
CAMP,13.47,13.62,13.28,13.52,412500,
CAP,24.530001,24.530001,24.049999,24.459999,84000,
CAR,28.209999,29.110001,28.110001,28.6,2201400,
CARB,12.95,12.95,12.66,12.71,35300,
CAS,16.049999,16.24,15.97,16.18,129900,
CASY,58.400002,58.799999,57.560001,58.68,253100,
CAT,82.339996,82.68,81.970001,82.330002,6249000,
CATM,27.58,27.58,27.040001,27.27,480400,
CATO,24.43,24.76,24.379999,24.469999,76600,
CATY,19.65,20.049999,19.280001,19.98,311300,
CAVM,34.669998,34.98,33.869999,34.419998,369900,
CB,86.260002,86.690002,85.879997,86.379997,1634100,
CBAK,1,1.05,0.92,1.05,64300,
CBB,2.94,3,2.9,2.94,237700,
CBD,42.23,43.580002,42,43.279999,474100,
CBEY,7.76,7.87,7.67,7.81,81400,
CBF,18.889999,18.9,18.66,18.75,173200,
CBG,21.719999,22.110001,21.5,21.99,2411600,
CBI,58.84,59.360001,58.720001,59.040001,1090300,
CBK,5.85,5.93,5.71,5.92,196400,
CBL,21.110001,21.26,20.85,21.08,1056600,
CBLI,1.57,1.63,1.51,1.56,2600,
CBM,14.01,14.03,13.7,14.02,138600,
CBOE,44.189999,44.849998,43.799999,44.27,1055300,
CBR,3.64,3.68,3.57,3.62,232900,
CBRL,93,93.620003,91.239998,92.010002,142200,
CBS,47.259998,48.310001,47.029999,47.93,4831100,
CBS.A,47.169998,48.07,47.07,48.07,4500,
CBSH,43.400126,43.400126,42.650137,42.980124,1226300,
CBST,49.59,49.9,48.82,49.429,879600,
CBT,37.529999,37.740002,36.810001,37.369999,207100,
CBU,29.719999,30.280001,29.42,30.110001,186900,
CBZ,6.67,6.74,6.59,6.73,105200,
CCC,16.540001,16.639999,16.4,16.43,267100,
CCE,34.450001,34.610001,33.810001,34.060001,6218100,
CCG,11.28,11.44,11.2,11.22,778700,
CCI,67.910004,68.68,67.580002,68.32,1493700,
CCIX,17.77,18.53,17.77,18.31,99200,
CCJ,20.360001,20.860001,20.190001,20.75,1259500,
CCK,40.110001,40.560001,39.470001,40.459999,1618900,
CCL,34.169998,34.98,33.549999,34.889999,10794800,
CCM,4.019998,4.030004,4.010002,4.019998,19400,
CCMP,33.450001,33.700001,33.18,33.349998,390800,
CCO,7.42,7.49,7.37,7.38,73800,
CCOI,27.93,28.219999,27.34,28.15,346200,
CCRN,5.13,5.13,5.02,5.08,42900,
CCUR,7.15,7.6,7.1,7.5,79900,
CDD,104.790001,105.459999,104.629997,105.139999,0,
CDE,12.29,12.59,12.03,12.15,1430500,
CDI,14.37,14.37,14.11,14.27,20300,
CDNS,14.29,14.34,14.08,14.26,4025100,
CDR,5.2,5.25,5.1,5.2,364400,
CDZI,4.83,4.9,4.72,4.76,93900,
CE,44.130001,44.490002,43.709999,44.119999,978600,
CEB,61.689999,61.869999,60.73,61.509998,101900,
CEC,0.73081,0.73081,0.73081,0.73081,14800,
CECE,12.68,12.68,12.25,12.52,68600,
CECO,2.72,2.91,2.55,2.9,868100,
CEL,9.34,9.45,9.3,9.44,136700,
CELG,114.400002,115,113.099998,114.550003,4213000,
CENTA,7.34,7.38,7.15,7.27,146300,
CENX,9.04,9.28,9,9.2,823900,
CEO,163.5,163.990005,160.360001,161.860001,113100,
CERN,95.470001,95.970001,94.169998,94.949997,1218200,
CERS,4.52,4.52,4.29,4.32,586800,
CETV,3.39,3.45,3.26,3.27,474200,
CEVA,18.530001,18.73,18.33,18.709999,231100,
CF,177.490005,177.849998,174.680004,174.860001,5597000,
CFI,17.16,17.200001,16.790001,17.120001,14900,
CFN,36.82,36.99,36.46,36.81,1243600,
CFNL,14.6,14.72,14.5,14.65,142600,
CFR,65.279999,66.230003,64.720001,66.019997,303800,
CFX,50.560001,51,50.040001,50.200001,421300,
CG,24.540001,25.059999,24.24,24.99,405500,
CGA,2.8,2.82,2.79,2.79,25000,
CGEN,5.61,5.99,5.59,5.78,138100,
CGG,22.389999,22.59,22.309999,22.59,200,
CGI,18.27,18.41,18.08,18.32,83700,
CGNX,44.650002,44.950001,44.349998,44.459999,186400,
CGX,46.82,47.1,45.35,45.96,34100,
CHCO,38.849998,39.450001,37.849998,38.970001,37900,
CHD,60.09,60.209999,59.110001,59.610001,1243000,
CHDN,76.959999,78.190002,76.440002,77.93,36300,
CHDX,15.6,16,15.34,15.99,39200,
CHE,73.699997,74.209999,72.769997,73.43,148700,
CHEF,17,17.15,16.610001,16.98,48100,
CHFC,26.309999,26.309999,25.99,26.190001,25300,
CHH,39.439999,39.740002,39.119999,39.580002,67500,
CHIQ,13.08,13.14,12.95,13.11,233300,
CHK,19.810001,19.920002,19.610001,19.790002,8443400,
CHKP,49.389999,49.709999,48.689999,49.5,1057400,
CHKR,14.9,14.94,14.64,14.69,111100,
CHL,49.32,49.5,48.889999,49.200001,681600,
CHLN,1.6,1.7,1.51,1.64,26000,
CHMT,21.559999,21.610001,20.49,20.65,1165800,
CHOP,1.82,1.85,1.77,1.83,800,
CHRW,55.080002,55.16,54.369999,54.700001,1925900,
CHS,15.99,16.309999,15.88,16.219999,2112200,
CHSP,20.68,20.73,20.379999,20.6,233000,
CHT,31.25,31.98,31.24,31.92,349300,
CHTP,2.19,2.1999,2.07,2.13,623300,
CHTR,118.949997,119.93,117.660004,117.769997,1330200,
CHU,12.75,12.87,12.61,12.86,353200,
CHUY,40.360001,40.950001,38.610001,38.73,327400,
CI,71.239998,71.339996,70.360001,70.669998,2426000,
CIB,54.049999,55.110001,53.810001,54.650002,330500,
CIE,26.07,26.129999,25.440001,26.049999,1993100,
CIEN,19.4,19.690001,19.27,19.629999,2673400,
CIG,8.599994,8.699999,8.420003,8.680006,4047100,
CIM,2.91,2.96,2.9,2.95,1588700,
CINF,45.220001,45.310001,44.790001,45.049999,798600,
CIS,1.71,1.71,1.69,1.7,44462,
CISG,6.07,6.1,6.02,6.07,62600,
CIT,44.75,45.52,44.51,45.29,1505056,
CJES,19.02,19.41,18.959999,19.360001,554800,
CKEC,17.440001,18.190001,17.4,17.99,188500,
CKH,80.379997,81.199997,80.029999,80.970001,203100,
CKP,13.89,13.91,13.7,13.8,131300,
CKSW,8.36,8.41,8.16,8.35,53300,
CL,56.490002,56.66,55.860001,56.220001,4152100,
CLB,152.779999,153.949997,150.130005,150.899994,307600,
CLC,52.349998,52.349998,51.669998,52.150002,172000,
CLD,16.860001,16.99,16.24,16.59,1357100,
CLDT,16.309999,16.549999,16.23,16.469999,90600,
CLDX,13.94,14.5,13.73,14.47,1942100,
CLF,16.16,16.299999,15.85,16.200001,7068800,
CLGX,22.309999,22.84,22.25,22.700001,1031900,
CLH,51.25,51.57,50.619999,51.169998,695400,
CLI,23.379999,24.120001,23.049999,24,1418100,
CLMS,10.4,10.53,10.31,10.38,179300,
CLMT,34.439999,35.049999,34.029999,34.73,287300,
CLNE,12.42,12.75,12.27,12.72,701800,
CLNY,19.77,19.91,19.57,19.74,991700,
CLP,5300,5300,5300,5300,0,
CLR,84.360001,84.82,83.139999,84.290001,1296400,
CLS,9.07,9.42,9.06,9.4,259000,
CLSN,1.220001,1.260001,1.17,1.200001,361700,
CLW,47.349998,47.369999,46.759998,46.84,94300,
CLWR,5.04,5.06,5.02,5.05,11364500,
CLX,82.419998,82.580002,81.529999,82.279999,709200,
CM,72.230003,72.489998,71.739998,72.419998,272100,
CMA,38.860001,39.84,38.5,39.669998,3167500,
CMC,13.73,13.91,13.48,13.85,1284300,
CMCO,21.16,22,21.16,21.870001,89600,
CMCSA,40.029999,40.330002,39.689999,40.169998,27098600,
CMCSK,38.43,38.599998,38.119999,38.43,1320300,
CME,77.5,77.879997,75.900002,76.379997,2461000,
CMG,361.059998,363.980011,357.059998,358.959991,294800,
CMI,107.230003,109.029999,106.75,107.440002,2532900,
CMLP,22,22.719999,21.639999,22.02,934100,
CMN,34.360004,34.360004,32.809994,33.229995,127900,
CMO,12.13,12.34,12.06,12.1,1258900,
CMP,83.25,84.370003,82.629997,84.059998,105300,
CMRE,17.219999,17.280001,17.1,17.25,108900,
CMS,26.74,27.110001,26.52,27,2415400,
CMTL,25.91,25.99,25.549999,25.77,63600,
CNA,31.290001,31.709999,31.139999,31.610001,161000,
CNC,50.240002,50.240002,48.889999,49.310001,684400,
CNDO,8.24,8.25,8.03,8.15,314400,
CNH,41.3,41.5299,40.94,41.08,197100,
CNI,94.290001,95.910004,93.690002,95.760002,1329600,
CNIT,2.44,2.45,2.31,2.4,53200,
CNK,27.35,27.889999,27.24,27.85,595100,
CNL,45,45.080002,44.32,45.07,470400,
CNMD,31.059999,31.059999,30.290001,30.540001,103500,
CNO,12.44,12.68,12.29,12.64,1373900,
CNP,22.809999,23.16,22.68,23.07,3109700,
CNQ,28.209999,28.370001,27.93,28.299999,2601300,
CNQR,77.51,78.33,76.23,77.74,565200,
CNS,33.450001,33.84,33.060001,33.77,88200,
CNSI,29.110001,29.209999,28.280001,29.08,53600,
CNSL,16.870001,17.030001,16.639999,17.01,153500,
CNW,38.610001,39.580002,38.279999,39.450001,750700,
CNX,28.379999,28.459999,26.959999,27.93,5387700,
COCO,2.19,2.2899,2.14,2.23,578400,
CODE,1.12,1.12,1.12,1.12,0,
CODI,16.809999,17.25,16.74,17.18,131700,
COF,60.509998,61.419998,60.419998,61.110001,2926000,
COG,69.93,70.660004,68.889999,70.349998,3075000,
COGO,1.91,2.01,1.91,1.93,83600,
COH,55.400002,55.970001,54.939999,55.139999,3051900,
COHR,54.98,55.580002,54.509998,55.040001,51400,
COHU,11.88,12.18,11.74,12.16,102800,
COL,62.240002,62.240002,61.529999,61.740002,646900,
COLB,22.57,23.110001,22.35,23.01,260500,
COLM,60.93,61.200001,59.959999,60.889999,95800,
CONE,19.370001,19.370001,19.01,19.15,199100,
CONN,49.23,50.610001,49.040001,50.450001,375300,
COO,118.959999,119.389999,116.269997,116.839996,311600,
COP,59.810001,60.02,59.369999,59.830002,6078400,
COR,30.35,31.049999,29.99,30.389999,281400,
CORE,63.59,63.959999,62.450001,62.939999,198400,
CORN,41.139999,41.299999,40.700001,40.919998,26800,
CORR,7.03,7.09,6.98,7.06,11300,
CORT,1.77,1.86,1.75,1.86,128200,
COST,110.68,110.68,109.239998,110.25,1607800,
COT,7.6,7.65,7.54,7.6,533900,
COTY,16.700001,16.879999,16.549999,16.75,1074800,
COV,56.27,56.63,54.91,55.66,4426600,
COW,27.08,27.1,26.959999,26.99,13600,
COWN,2.94,3.02,2.88,3.01,1134300,
CP,117.190002,120.43,116.489998,120.260002,1174900,
CPA,132,133.699997,130.589996,132.860001,313600,
CPB,43.939999,44.189999,43.59,43.93,1221000,
CPE,3.3,3.38,3.3,3.36,200800,
CPF,17.99,18.07,17.67,18.01,60200,
CPHD,34.27,34.540001,32.810001,33.439999,447900,
CPIX,5.06,5.06,4.99,5.04,47500,
CPL,17.06995,17.589943,17.06995,17.539943,598400,
CPLA,40.810001,41.68,40.43,41.41,83400,
CPLP,8.78,9,8.75,8.86,126400,
CPN,20.9,21.219999,20.74,21.110001,3590500,
CPRT,30.41,30.49,30.110001,30.32,833300,
CPSI,50,50,48.400002,48.580002,76500,
CPSS,7.29,7.29,6.87,6.9,79500,
CPT,66.269997,68,65.889999,67.379997,825900,
CPWR,9.96792,9.97752,9.81427,9.88149,704200,
CQB,10.99,11.1,10.83,10.97,670000,
CQP,25.17,25.950001,25.17,25.58,248900,
CQQQ,24.559999,24.57,24.299999,24.51,7700,
CR,57.25,57.720001,56.970001,57.529999,331100,
CRAY,20,20.34,19.68,20.120001,355100,
CREE,59.66,60.549999,58.880001,60.299999,1620100,
CRH,20.07,20.219999,19.92,20.209999,131400,
CRI,72.919998,73.150002,72.099998,72.589996,326600,
CRIS,3.36,3.36,3.17,3.2,260200,
CRK,16.430001,16.45,15.960001,16.42,111600,
CRL,41.25,41.380001,40.66,41.220001,724000,
CRM,37.610001,38.240002,37.34,37.439999,5831200,
CRME,1.9,2,1.86,2,6400,
CRMT,43.27,44.169998,43.27,44.009998,46700,
CRNT,3.27,3.29,3.18,3.23,139200,
CROC,44.700001,45.799999,44.23,45.34,12100,
CROX,15.57,15.77,15.43,15.57,835900,
CRR,66.75,67.260002,65.440002,66.080002,169500,
CRRC,14.12,14.12,13.76,13.99,16000,
CRS,45.16,45.240002,44.470001,44.900002,335500,
CRTX,8.39,8.79,8.25,8.74,47000,
CRUS,17.360001,17.5,17.059999,17.41,1265400,
CRY,6.18,6.18,5.98,6.05,51200,
CRZO,27.76,28.49,27,28.4,1208600,
CS,26.459999,26.889999,26.219999,26.73,1751100,
CSC,43.469999,43.919997,43.380001,43.729999,2824100,
CSCO,24.309999,24.440001,23.99,24.01,41334800,
CSE,9.23,9.25,9.12,9.16,2502200,
CSGP,126,126.139999,124.379997,125.699997,118800,
CSGS,21.58,21.809999,21.5,21.639999,148500,
CSH,47.020005,47.329997,46.660004,47.069992,287200,
CSII,20.85,21.200001,19.91,20.68,117000,
CSIQ,8.64,9,8.55,8.93,2046700,
CSL,61.860001,62.299999,60.34,62.23,604100,
CSOD,44.709999,44.91,43.580002,43.669998,274300,
CST,32.25,32.349998,31.719999,31.889999,1263700,
CSTE,26.129999,27.35,26.09,27,107800,
CSTM,15.26,15.26,14.93,14.98,675600,
CSTR,57.91,58.48,57.77,58.43,554600,
CSU,22.92,23.84,22.9,23.309999,242400,
CSUN,1.9,1.91,1.82,1.85,41500,
CSV,17.530001,17.73,17.35,17.450001,76300,
CSX,22.9,23.23,22.790001,23.139999,9244300,
CTAS,45.5,45.77,45.09,45.41,514100,
CTB,32.43,32.509998,32.119999,32.400002,1268800,
CTCM,11.29,11.57,11.28,11.43,358000,
CTCT,16.190001,16.32,16.01,16.18,124000,
CTGX,22.29,22.29,21.5,21.7,86600,
CTIC,1.13,1.15,1.1,1.14,733200,
CTL,34.209999,35.130001,34.189999,34.959999,5656900,
CTRN,14.04,14.23,14.02,14.15,27000,
CTRP,30.76,32.150002,30.5,31.24,2446100,
CTRX,49.529999,49.75,48.810001,49.380001,1608900,
CTS,13.49,14.22,13.33,13.62,309800,
CTSH,62.119999,62.889999,61.459999,62.799999,4826400,
CTXS,58.690001,59.53,58.419999,58.540001,2498700,
CU,19.889999,20.129999,19.66,20.059999,16400,
CUB,48.529999,48.650002,46.830002,47.630001,103200,
CUBE,15.64,15.85,15.45,15.78,811300,
CUI,5.37,5.4,5.3,5.32,22388,
CUK,35.080002,35.689999,34.709999,35.599998,183100,
CURE,87.07,87.400002,85.349998,86.190002,96800,
CUTR,8.86,8.88,8.77,8.84,62300,
CUZ,9.640001,9.840001,9.58,9.800001,1456300,
CVA,19.700001,19.889999,19.51,19.610001,1129200,
CVBF,11.47,11.75,11.36,11.71,459600,
CVC,14.91,15.03,14.78,15.03,2467500,
CVD,77.11,77.295,75.92,76.59,301600,
CVE,27.950001,28.120001,27.559999,27.83,1177600,
CVG,17.559999,17.58,17.280001,17.5,576700,
CVGI,7.56,7.61,7.25,7.39,112300,
CVGW,26.6,26.6,26.27,26.4,35500,
CVI,47.900002,48.259998,47.279999,47.970001,616800,
CVLT,77.290001,78.239998,75.82,77.010002,343700,
CVO,2.11,2.11,2.05,2.08,24900,
CVRR,28.08,29.23,28.08,28.83,637200,
CVS,56.419998,56.889999,55.66,56.619999,6845800,
CVU,10.2,10.28,10.15,10.25,25600,
CVX,117.75,117.870003,116.919998,117.449997,5983100,
CVY,22.610001,22.780001,22.48,22.76,548100,
CW,36.48,36.790001,36.060001,36.259998,203100,
CWCO,11,11.14,10.87,11.02,62700,
CWH,0.14,0.14,0.14,0.14,0,
CWST,4,4.08,3.96,4.07,76300,
CWT,19.190001,19.33,18.959999,19.280001,209200,
CWTR,2.3,2.3,2.24,2.26,170700,
CX,9.889975,10.079968,9.839962,10.009968,25646200,
CXDC,4.04,4.1,4.02,4.06,21000,
CXO,85.940002,86.330002,84.279999,85.589996,1230800,
CXPO,2.9,2.91,2.84,2.89,74800,
CXW,32.98,33.790001,32.759998,33.650002,1111400,
CY,10.22,10.38,10.02,10.33,2227400,
CYB,25.92,25.98,25.92,25.959999,40200,
CYBX,51.310001,51.310001,50.5,51.110001,165000,
CYC,1165.54,1165.54,1165.54,1165.54,0,
CYCC,2.859999,2.899999,2.799999,2.859999,7200,
CYD,18.030001,18.120001,17.75,17.9,76300,
CYH,45.259999,46.700004,44.940001,46.610001,1918000,
CYN,61.779999,62.889999,61.110001,62.43,314600,
CYNO,23.58,23.75,23.4,23.57,283400,
CYOU,27.799999,29.34,27.799999,29.18,106400,
CYS,9,9.09,8.86,9,2833500,
CYT,74.519997,75.360001,73.779999,74.959999,863000,
CYTR,2.02,2.02,1.98,2,36500,
CYTX,2.240001,2.260001,2.200001,2.240001,11500,
CZR,12.43,12.88,12.22,12.87,560900,
CZZ,15.45,15.81,15.34,15.76,1273200,
D,55.509998,56.18,55,55.869999,3054200,
DAKT,10.18,10.18,10,10.12,94800,
DAL,17.57,18.23,17.57,18.15,9019300,
DAN,17.41,17.74,17.4,17.52,2285300,
DANG,6.28,7.19,6.26,7.08,4053800,
DAR,18.82,18.940001,18.639999,18.700001,630300,
DATA,55.299999,55.299999,53.209999,54.419998,104600,
DATE,4.98,5.17,4.98,5.14,17300,
DAVE,14.84,15.08,14.46,14.94,92300,
DB,43.33,43.579999,42.630001,43.389999,1073800,
DBA,25.32,25.33,25.209999,25.27,518800,
DBB,16.25,16.32,16.16,16.17,81800,
DBC,25.49,25.49,25.309999,25.34,3226100,
DBD,31.959999,32.529999,31.91,32.439999,668100,
DBE,27.32,27.34,27.120001,27.18,10800,
DBEF,23.700001,23.799999,23.42,23.709999,138500,
DBJP,32.689999,32.950001,32.540001,32.950001,63000,
DBLE,3.98,4.02,3.95,3.99,22200,
DBO,25.74,25.790001,25.5,25.66,59400,
DBP,41.599998,41.82,41.450001,41.630001,24000,
DBS,33.110001,33.16,32.810001,32.880001,3800,
DBV,25.209999,25.24,25.16,25.200001,99900,
DCI,34.959999,35.220001,34.77,35.09,488000,
DCIX,4.8,4.89,4.8,4.86,33900,
DCM,14.81,14.81,14.7,14.78,212900,
DCO,20.09,20.530001,19.790001,20.01,70900,
DCT,6.94,7.03,6.86,6.97,978700,
DCTH,0.43,0.43,0.4,0.4,2900,
DD,53.099997,53.119997,52.389998,52.879997,5125600,
DDC,13.92,14.02,13.68,13.8,431400,
DDD,43.330002,44.380001,43.259998,44.360001,3559400,
DDM,90.800003,91.150002,89.779999,90.620003,545000,
DDR,16.200001,16.280001,15.94,16.07,4108300,
DDS,80.949997,82.169998,80.93,81.989998,318100,
DE,82,82.610001,81.550003,82.449997,4159100,
DECK,48.130001,48.700001,47.630001,47.869999,804000,
DEI,24.32,24.790001,24.120001,24.639999,1799000,
DELL,13.39,13.45,13.36,13.43,10213000,
DEM,47.060001,47.470001,46.790001,47.299999,1173600,
DENN,5.38,5.47,5.35,5.42,1073100,
DEO,115.230003,115.709999,114.610001,115.199997,1292200,
DEPO,5.74,5.77,5.59,5.63,296700,
DES,57.650002,57.650002,57,57.5,78100,
DEST,25.1,25.1,24.059999,24.32,64400,
DF,9.78,10.04,9.68,9.98,1982400,
DFJ,46.09,46.57,46.02,46.57,61800,
DFRG,20.200001,20.59,19.58,20.48,65300,
DFS,45.779999,46.43,45.720001,46.220001,2938400,
DFT,22.85,23.52,22.73,23.469999,1309400,
DG,50.16,50.810001,50.029999,50.509998,2966100,
DGI,30.610001,30.610001,29.969999,30.26,338800,
DGII,9.64,9.79,9.45,9.46,44200,
DGIT,6.34,7.05,6.29,6.96,680100,
DGL,43.290001,43.34,43.029999,43.200001,11200,
DGRW,23.99,24,23.790001,23.950001,51400,
DGS,44.57,44.98,44.509998,44.880001,435400,
DGX,61.220001,61.290001,60.360001,60.790001,912100,
DHI,21.709999,21.75,20.870001,20.91,10991000,
DHR,62.069999,62.440001,61.57,62.300002,4103000,
DHT,4.33,4.41,4.28,4.4,17700,
DHX,8.79,8.83,8.71,8.77,243400,
DIA,147.410004,147.800003,146.619995,147.300003,7592300,
DIG,53.509998,54.049999,52.84,53.689999,153300,
DIN,67.510002,67.760002,66.900002,67.279999,112700,
DIOD,25.15,25.440001,24.559999,25.23,352900,
DIS,62.880001,63.099998,62.5,62.57,6776700,
DISCA,75.740001,75.870002,74.78,75.459997,1957700,
DISCK,68.18,68.18,67.349998,67.379997,793400,
DISH,39.419998,40.049999,39.259998,40.029999,1958600,
DJP,37.34,37.34,37.02,37.09,188600,
DJX,146.7,148.12,146.7,147.6,13594191872,
DK,28.83,30.059999,28.83,30.040001,1076700,
DKL,32.93,33.259998,31.969999,32.279999,16400,
DKS,50.619999,50.77,50.029999,50.459999,1008000,
DLB,33.049999,33.27,32.880001,33.099998,191100,
DLLR,14.14,14.14,13.76,13.98,454500,
DLN,59.150002,59.419998,58.889999,59.25,102300,
DLPH,48.689999,49.130001,48.610001,49.009998,1508700,
DLR,58.18,58.490002,57.669998,58.220001,2144400,
DLTR,49.830002,49.939999,49.060001,49.779999,1876000,
DLX,34.060001,34.18,33.369999,33.849998,676600,
DM,1.59,1.59,1.5,1.54,249200,
DMD,6.500002,6.750002,6.210001,6.500002,1938600,
DMLP,23.690001,23.889999,23.57,23.809999,23200,
DMND,19.959999,20.120001,19.65,19.799999,209100,
DNB,95.18,95.5,94.339996,95.07,353300,
DNDN,4.03,4.14,3.9,4.11,3618390,
DNKN,42.119999,42.59,41.959999,42.389999,807000,
DNN,1.16,1.2,1.16,1.19,1042900,
DNO,36.43,36.759998,36.43,36.68,5200,
DNR,17.110001,17.379999,16.860001,17.32,4779700,
DO,66.959999,67.410004,66.639999,67.139999,794000,
DOG,29.9,30.040001,29.799999,29.92,392300,
DOLE,12.77,12.91,12.7,12.8,1305300,
DOM,4.75,4.78,4.51,4.59,46600,
DORM,44.75,45.759998,44,45.310001,189800,
DOV,76.660001,77.179999,76.400002,76.700001,1717600,
DOW,32.68,32.709999,32.130001,32.5,6869800,
DOX,36.419998,36.419998,36.119999,36.200001,1112800,
DPK,15.09,15.34,14.84,14.89,11300,
DPM,50.27,51.799999,50.009998,51.360001,169400,
DPS,45.439999,45.459999,44.700001,44.98,1682200,
DPZ,57.470001,57.970001,56.970001,57.57,673500,
DRC,58.849998,59.09,57.82,58.200001,428300,
DRD,5.52,5.52,5.27,5.29,63600,
DRE,14.75,15,14.52,14.89,3320600,
DRH,8.93,9.08,8.89,9.06,2285800,
DRI,49.48,49.540001,48.700001,49.07,3022300,
DRIV,18.48,18.68,18.24,18.61,275300,
DRN,39.959999,41.57,39.040001,40.959999,2933200,
DRQ,89.599998,89.989998,88.169998,89.040001,442000,
DRRX,0.98,1.08,0.96,1.05,1828600,
DRV,17.77,18.190001,16.959999,17.27,88100,
DRWI,2.53,2.67,2.48,2.67,5000,
DRYS,1.719999,1.749999,1.699999,1.729999,100,
DSCI,13.17,13.39,13.04,13.23,18000,
DSCO,1.590001,1.600001,1.550001,1.560001,19500,
DSL,22.049999,22.629999,21.68,22.459999,518300,
DSS,2.41,2.5,2.26,2.31,61200,
DST,64.900002,64.989998,64.260002,64.709999,162000,
DSW,72.57,73.510002,72.449997,73.129997,383400,
DSX,9.63,9.68,9.46,9.63,604100,
DTE,64.599998,65.459999,64.080002,65.300003,846400,
DTLK,11.04,11.12,10.69,10.78,34200,
DTN,61.459999,61.75,61.080002,61.59,105000,
DTSI,20.200001,20.200001,19.799999,20.16,48800,
DTV,61.060001,61.5,60.150002,60.41,3804900,
DUG,67.129997,68.050003,66.540001,66.949997,114600,
DUK,65.68,66.440002,65.239998,66.120003,2636500,
DUST,137.999997,145.679997,133.999997,141.199997,26600,
DV,29.049999,30.719999,28.99,29.91,481800,
DVA,123.540001,123.639999,121.839996,121.949997,1134600,
DVAX,1.06,1.08,1.03,1.04,163900,
DVN,52.439999,53.259998,51.950001,53.07,3499200,
DVR,0.15,0.15,0.15,0.15,0,
DVY,63.16,63.669998,62.939999,63.529999,1000100,
DW,40.110001,40.380001,39.259998,39.41,122700,
DWA,24.379999,24.83,24.17,24.530001,752900,
DWRE,39.139999,39.68,38.630001,39.639999,277600,
DWSN,8.069919,8.159918,8.00992,8.089919,7600,
DWX,42.939999,43.130001,42.470001,42.91,301700,
DX,10.11,10.3,10.08,10.19,789200,
DXCM,21.98,22,21.65,21.76,433600,
DXD,35.970001,36.389999,35.799999,36.060001,1404900,
DXJ,43.98,44.419998,43.73,44.279999,6510500,
DXLG,6.13,6.18,6.11,6.15,132900,
DXM,17.98,18.59,17.639999,17.99,89600,
DXPE,65.459999,65.800003,64.660004,65.25,56500,
DY,22.41,22.65,22.27,22.459999,146100,
DYAX,3.35,3.35,3.15,3.25,507800,
DYN,22.450001,22.530001,21.99,22.23,724400,
DZK,44.709999,45.23,43.68,45.220001,17500,
E,40.310001,40.389999,39.650002,40.389999,382400,
EA,21.85,22.02,21.559999,21.780001,2307100,
EAT,37.959999,38.610001,37.73,38.419998,1002700,
EBAY,51.339999,51.909998,51.3,51.639999,20361100,
EBF,17.59,17.59,17,17.4,56000,
EBIX,9.34,10.15,9.25,10,2809100,
EBR,2.07,2.09,2.03,2.07,443400,
EBR.B,3.81,3.85,3.72,3.81,237300,
EBS,14.49,14.49,14.2,14.37,117200,
EC,40.439999,40.700001,39.900002,40,428300,
ECA,16.950001,17.18,16.76,17.09,4580900,
ECH,51.380001,52.389999,50.900002,52.009998,564100,
ECHO,18.73,18.950001,18.530001,18.91,99400,
ECL,84.699997,84.870003,83.970001,84.410004,1416200,
ECOL,27.530001,28.129999,27.530001,28.01,67100,
ECPG,33.68,33.91,33.150002,33.25,292500,
ECT,9.25,9.33,9.01,9.23,111100,
ECYT,12.92,13.02,12.65,12.84,128300,
ED,56.5,57.25,56.150002,57.029999,1726200,
EDAP,2.76,2.83,2.65,2.69,64300,
EDC,20.57,20.84,19.969999,20.809999,205600,
EDE,21.799999,21.82,21.530001,21.790001,119300,
EDIV,37.810001,37.98,37.5,37.880001,204400,
EDMC,5.59,5.77,5.3,5.5,76400,
EDR,9.719903,9.929901,9.619904,9.919901,272300,
EDU,20.67,21.41,20.67,21.26,1489000,
EDZ,69.139999,71.330002,67.970001,68.150002,996300,
EE,35.57,35.900002,35.110001,35.779999,249100,
EEB,29.77,29.93,29.41,29.879999,74400,
EEFT,30.690001,31.049999,30.040001,30.82,198700,
EEM,37.279999,37.470001,36.880001,37.43,81147700,
EEMV,55.029999,55.41,54.709999,55.169998,658600,
EEP,29.059999,29.68,28.83,29.450001,1000700,
EEQ,28.860099,29.200096,28.670096,29.080096,104800,
EET,59.650002,60,58.259998,60,77200,
EEV,28.540001,29.16,28.24,28.280001,584900,
EFA,57.529999,57.849998,57.099998,57.759998,24494900,
EFAV,56.869999,57,56.41,56.889999,71600,
EFC,22.1,22.4,21.92,22.15,128300,
EFG,61.360001,61.779999,61.009998,61.73,57900,
EFII,27.559999,27.85,27.41,27.780001,197500,
EFU,61.93,62.779999,61.360001,61.509998,4700,
EFV,48.849998,49.060001,48.560001,48.98,144400,
EFX,58.43,58.849998,58.25,58.59,439700,
EFZ,40.439999,40.630001,40.220001,40.27,78000,
EGAN,8,8.52,7.81,8.51,160400,
EGBN,21.84,22.129999,21.540001,21.74,116000,
EGHT,8.22,8.22,8.03,8.1,546500,
EGLE,3.180006,3.540006,3.180006,3.510006,1800,
EGN,52.650002,52.700001,51.900002,52.200001,475000,
EGO,5.98,6.01,5.81,5.88,6188600,
EGOV,16.09,16.16,15.91,16,436100,
EGP,53.700001,54.939999,53.09,54.619999,216200,
EGY,5.57,5.6,5.42,5.55,456500,
EHTH,22.360001,22.709999,22.049999,22.559999,256500,
EIG,24.190001,24.370001,23.91,24.25,97000,
EIX,46.459999,46.82,46.02,46.59,2582900,
EJ,3.950005,4.170004,3.950005,4.090005,320200,
EKDKQ,0.1323,0.1324,0.112,0.115,3859700,
EL,65.089996,65.480003,64.57,64.739998,2147100,
ELD,47.279999,47.52,47.049999,47.169998,907600,
ELGX,13.34,13.41,12.86,12.88,453600,
ELLI,22,22.17,21.809999,21.969999,209200,
ELN,13.86,14.02,13.82,13.95,3633100,
ELNK,6.3,6.3,6.14,6.2,1016500,
ELON,2.19,2.32,2.15,2.21,16200,
ELOS,8.68,8.72,8.55,8.58,31100,
ELP,12.35,12.54,12.03,12.53,1122500,
ELRC,17.290001,17.290001,16.959999,17.059999,36400,
ELX,6.22,6.22,6.09,6.17,633300,
ELY,6.6,6.63,6.52,6.6,313400,
EMAN,3.47,3.5,3.44,3.44,12731,
EMB,105.75,106.410004,105.239998,106.019997,1038200,
EMC,23.889999,24.01,23.549999,23.65,20782200,
EME,39.650002,39.799999,39.27,39.709999,323100,
EMKR,3.69,3.78,3.47,3.54,265300,
EMLC,24.18,24.48,24.09,24.25,580800,
EMN,70.82,71.18,69.809998,70.330002,1043000,
EMR,54.529999,55.060001,54.43,54.830002,3580800,
ENB,40.810001,41.889999,40.790001,41.849998,1792500,
END,3.23,3.25,3.12,3.19,244100,
ENDP,37.41,37.84,37.150002,37.310001,1757600,
ENG,0.89,0.96,0.89,0.96,5100,
ENH,49.299999,49.59,49.07,49.400002,243600,
ENI,14.82,15.55,14.82,15.42,936900,
ENOC,12,12.71,12,12.36,341700,
ENPH,6.73,7.04,6.63,6.82,202500,
ENR,97.870003,98.440002,97.720001,98.059998,591600,
ENS,48.009998,48.240002,47.169998,47.66,373900,
ENSG,35.329993,35.390005,35.019995,35.230002,188000,
ENTG,9.53,9.56,9.33,9.41,1071800,
ENTR,4.21,4.24,4.09,4.13,655800,
ENVI,2.01,2.12,2.01,2.11,202200,
ENZ,2.15,2.16,2.03,2.06,36200,
ENZN,1.62,1.7,1.62,1.65,203200,
EOC,41.16,42.400002,41.080002,42.040001,135400,
EOG,129.020004,131.100006,128.220001,130.149994,3441000,
EOPN,17.1,17.14,16.88,17.05,56400,
EOX,6.76,6.92,6.67,6.75,45200,
EPAM,26.01,26.93,25.76,26.809999,390600,
EPAX,3.48,3.48,3.41,3.44,3000,
EPAY,25.190001,25.4,24.620001,24.799999,196800,
EPB,41.33,42.14,40.9,41.93,445800,
EPD,58.310001,59.18,58.279999,58.84,6177200,
EPI,15.64,15.83,15.53,15.79,2721600,
EPIQ,13.38,13.38,12.99,13.17,85800,
EPL,28.72,29.14,28.33,29.04,452000,
EPM,10.92,11.03,10.86,10.9,73800,
EPP,43.450001,43.740002,43.16,43.639999,1052900,
EPR,48.27,48.84,47.52,48.330002,566500,
EPU,33.669998,33.98,33.52,33.740002,210200,
EPV,24.51,24.809999,24.200001,24.27,57800,
EPX,402.7,410.33,402.54,409.61,0,
EQIX,178.639999,178.770004,173.949997,178.550003,1479600,
EQM,48.91,49.610001,48.240002,49.220001,52800,
EQR,55.82,56.619999,55.389999,56.400002,2971900,
EQT,81.360001,81.459999,80.050003,80.550003,1275600,
EQU,3.91,3.95,3.83,3.92,157200,
EQY,21.59,22.02,21.35,21.99,596600,
ERF,13.99,14.07,13.77,13.93,693800,
ERIC,11.09,11.16,10.92,11.14,4173700,
ERII,4.43,4.49,4.24,4.32,129100,
ERJ,36.240002,36.360001,35.619999,35.740002,984200,
EROC,7.92,7.98,7.77,7.9,853400,
ERX,61.439999,62.380001,60.310001,61.790001,945900,
ERY,32.099998,32.73,31.6,31.93,700600,
ESC,22.21,22.24,21.72,22.1,444000,
ESE,31.9,32,31.540001,31.790001,52600,
ESEA,1.01,1.02,1.01,1.02,5300,
ESI,23.190001,24.860001,22.99,24.16,624100,
ESIO,10.56,10.6,10.42,10.54,89900,
ESL,69.989998,70.57,69.160004,69.879997,123700,
ESRX,61.66,61.720001,60.779999,61.259998,4162000,
ESS,154.160004,157.270004,152.990005,156.5,222000,
ESV,56.580002,56.91,56.259998,56.759998,1704200,
ET,33.67,33.67,33.64,33.65,1937400,
ETE,56.310001,57.970001,56.310001,57.959999,4272800,
ETFC,12.12,12.23,11.93,11.93,5215500,
ETH,28.23,29.030001,27.6,28.200001,464300,
ETM,9.07,9.42,9.07,9.33,56200,
ETN,62.779999,63.349998,61.970001,63.150002,3033200,
ETP,47.59,48.630001,47.32,48.470001,1120400,
ETR,68.599998,69.589996,68.110001,69.160004,1179400,
ETRM,1.180001,1.240001,1.140001,1.150001,75800,
EUI,76.169998,76.540001,76.089996,76.440002,0,
EUO,19.030001,19.139999,19.02,19.040001,979400,
EUU,131.289993,131.429993,130.649994,130.820007,0,
EV,37.259998,37.84,36.810001,37.529999,1032000,
EVC,5.89,5.91,5.37,5.59,2371100,
EVEP,33.630001,36.369999,33.630001,36.119999,531200,
EVER,16.25,16.690001,16.110001,16.6,1042300,
EVR,37.240002,37.560001,36.630001,37.119999,252200,
EVTC,21.209999,21.870001,21.1,21.5,852300,
EW,66.970001,67.510002,66.169998,67.190002,1514400,
EWA,22.92,23.08,22.719999,23.01,2791300,
EWBC,26.84,27.040001,26.440001,26.99,1441200,
EWC,25.99,26.219999,25.879999,26.190001,1778300,
EWD,30.440001,30.57,30.15,30.549999,331200,
EWG,24.959999,24.99,24.67,24.959999,1873200,
EWH,18.290001,18.42,18.24,18.360001,2718900,
EWI,12.09,12.12,11.95,12.11,771000,
EWJ,10.87,10.98,10.82,10.96,7435000,
EWL,28.450001,28.690001,28.25,28.66,660700,
EWM,15.23,15.38,15.19,15.31,555200,
EWP,28,28.059999,27.629999,27.959999,376500,
EWQ,23.58,23.68,23.35,23.629999,671300,
EWS,12.73,12.86,12.71,12.81,986800,
EWT,12.84,12.96,12.76,12.94,6216100,
EWU,17.85,17.92,17.73,17.889999,907400,
EWV,21.450001,21.530001,21.01,21.030001,8600,
EWW,60.040001,60.599998,59.310001,60.209999,4086400,
EWX,42.860001,43.040001,42.509998,42.919998,52400,
EWY,51.220001,51.41,50.630001,51.060001,4027400,
EWZ,43.689999,43.98,42.900002,43.77,16910200,
EXA,9.63,9.79,9.56,9.71,11200,
EXAM,20.73,20.83,20.24,20.280001,87900,
EXAR,11.14,11.14,10.96,11.08,92700,
EXAS,13.16,13.36,13.03,13.25,655900,
EXC,30.780001,31.299999,30.309999,31.08,9471300,
EXEL,4.51,4.53,4.39,4.46,1167000,
EXH,28.18,28.41,27.93,28.26,542500,
EXK,3.22,3.3,3.14,3.21,681400,
EXL,12.42,12.43,12.04,12.15,424200,
EXLP,28.77,29.309999,28.15,29.01,67700,
EXLS,29.700001,29.959999,29.209999,29.620001,103600,
EXMCF,0.06,0.06,0.03,0.04,2240200,
EXP,65.650002,66.230003,65.07,66,950300,
EXPD,37.43,37.529999,36.93,37.18,1703100,
EXPE,57.59,58.049999,56.73,57.119999,1660800,
EXPO,59.720001,59.720001,58.459999,58.91,72000,
EXPR,20.15,20.65,20.15,20.459999,863400,
EXR,41.509998,41.93,40.900002,41.689999,936900,
EXTR,3.5,3.5,3.45,3.47,522800,
EXXI,24.780001,24.780001,23.620001,23.91,1627200,
EZA,55.330002,55.580002,54.599998,55.02,610000,
EZCH,26.52,26.85,26.459999,26.709999,127700,
EZJ,73.059998,74.260002,72.410004,73.959999,25600,
EZPW,18.59,18.59,18.41,18.5,194200,
EZU,32.919998,33.02,32.580002,32.970001,521500,
F,14.85,15,14.84,14.97,34031900,
FAF,20.67,20.84,20.549999,20.82,1423500,
FALC,1.3,1.35,1.23,1.24,364400,
FARO,33.240002,33.470001,32.950001,33.169998,146200,
FAS,59.48,61.200001,58.540001,60.459999,43089600,
FAST,45.73,45.880001,45.279999,45.490002,2013800,
FAZ,36.150002,36.759998,35.040001,35.509998,2083100,
FB,24.139999,24.43,24.040001,24.25,24713200,
FBC,13.78,13.84,13.5,13.62,180200,
FBHS,37.779999,39.240002,37.720001,38.02,1459700,
FBN,3.93,3.95,3.83,3.91,29643,
FBP,6.89,7.03,6.81,6.99,254300,
FBR,11.18,11.19,10.92,11.14,1886700,
FBRC,24.76,24.91,23.889999,24.77,40500,
FBT,55.990002,56.110001,55.380001,56.049999,76600,
FCE.A,17.3,17.55,17.21,17.43,1120700,
FCEL,1.17,1.21,1.15,1.17,288800,
FCFS,55,55.439999,54.23,55.200001,79600,
FCG,16.010001,16.160001,15.860001,16.12,94800,
FCH,5.68,5.86,5.61,5.84,1052300,
FCN,33.439999,33.439999,32.849998,32.919998,302800,
FCS,13.33,13.61,13.3,13.6,2239400,
FCSC,5.77,6.25,5.77,6.13,63700,
FCX,27.26,27.41,26.92,27.26,28282000,
FDEF,22.43,23.040001,22.040001,22.91,21300,
FDN,44.450001,44.720001,44.189999,44.48,108700,
FDO,61.580002,61.610001,60.029999,60.419998,1233400,
FDP,27.42,27.43,26.799999,26.799999,358300,
FDS,99.720001,99.910004,98.620003,98.970001,641700,
FDUS,17.83,18.24,17.6,17.969999,79200,
FDX,97.050003,98.309998,96.68,97.190002,2240600,
FE,36.560001,37.16,36.419998,36.93,2629300,
FEIC,74,74.019997,72.800003,73.360001,206300,
FET,30.98,31.43,30.549999,31.42,326400,
FEZ,32.779999,32.830002,32.360001,32.75,2295500,
FF,13.92,14.03,13.43,13.57,126200,
FFBC,14.83,15.02,14.66,14.93,318300,
FFCH,20.41,20.97,20.06,20.9,29700,
FFG,43,43.119999,42.549999,42.919998,40100,
FFIC,15.94,16.190001,15.71,16.18,88500,
FFIN,54.810001,56.459999,54.07,56.209999,172200,
FFIV,68.669998,69.290001,67.839996,68.5,1596100,
FFNW,10.15,10.34,10.15,10.3,40800,
FGP,21.4,21.59,21.25,21.27,145200,
FHCO,9.98,10.07,9.76,9.8,135900,
FHN,10.87,11.19,10.79,11.06,5127800,
FICO,44.950001,44.950001,44.130001,44.509998,130500,
FIG,6.48,6.57,6.39,6.51,1000400,
FII,26.440001,27.299999,26.25,26.790001,1265200,
FINL,21.25,21.6,21.17,21.25,1004900,
FIO,13.31,14.22,13.31,14.16,5463100,
FIRE,53.23,54.46,52.42,54.23,405100,
FIS,42.91,43.07,42.43,43.009998,1538400,
FISV,86.110001,86.650002,85.059998,86.419998,706000,
FITB,17.67,17.940001,17.549999,17.879999,11151400,
FIVE,38.18,38.27,36.990002,38.200001,445000,
FIW,26.799999,27.26,26.799999,27.190001,53900,
FIX,14.18,14.24,14.05,14.13,70800,
FIZZ,17.23,17.35,17.049999,17.25,15700,
FL,34.66,34.849998,34.52,34.57,1810800,
FLDM,16.299999,16.51,16.27,16.440001,89300,
FLEX,7.36,7.46,7.3,7.41,4158000,
FLIR,25.629999,25.799999,25.459999,25.74,1577100,
FLML,5.97,6.11,5.97,6.1,36700,
FLO,21.68,21.74,21.450001,21.540001,840300,
FLOW,3.62,3.62,3.57,3.61,313100,
FLR,59.279999,59.740002,58.75,59.139999,1731400,
FLS,53.299999,53.299999,52.450001,52.799999,1611000,
FLT,83.040001,84.059998,82.32,83.400002,500400,
FLTX,33.450001,33.849998,31.93,32.279999,235500,
FLWS,5.76,5.8,5.61,5.74,109100,
FLY,16.389999,16.58,16.33,16.58,130100,
FMBI,13.25,13.49,13.12,13.32,446800,
FMC,62.34,62.560001,61.16,61.720001,953800,
FMER,19.77,19.940001,19.469999,19.93,1817600,
FMS,35,35.279999,34.84,35.060001,222400,
FMX,92.639999,93.669998,91.470001,92.860001,581100,
FN,14.25,14.3,13.96,14.16,194800,
FNB,11.58,11.67,11.45,11.67,630100,
FNF,22.490004,22.680004,22.379993,22.559997,4272500,
FNFG,9.7,9.91,9.63,9.9,2610600,
FNGN,44.939999,45.860001,44.009998,45.77,262500,
FNP,20.55,21.7,20.52,21.51,1114100,
FNSR,16.219999,16.370001,15.78,15.99,3025900,
FNV,32.360001,33.169998,32.349998,33.16,494700,
FOE,6.92,7.15,6.79,7.09,488800,
FOLD,2.25,2.25,2.06,2.07,556300,
FOR,19.73,20.17,19.530001,20.17,206300,
FORM,6.75,6.92,6.69,6.88,585700,
FORR,36.259998,36.720001,36.25,36.700001,49800,
FOSL,99.029999,100.730003,98.230003,100.269997,650300,
FPO,12.28,12.68,12.21,12.55,712500,
FR,14.41,14.93,14.28,14.82,920400,
FRAK,25.25,25.290001,25.030001,25.24,4400,
FRAN,26.76,27.370001,26.719999,27.16,1633400,
FRC,37.759998,37.990002,37.52,37.869999,1426600,
FRED,15.51,15.51,15.19,15.3,115000,
FRGI,34,34.369999,33.790001,34.09,267600,
FRM,7.05,7.14,7.04,7.09,68800,
FRME,17.040001,17.24,16.82,17.23,118100,
FRO,1.83,1.84,1.78,1.83,105200,
FRP,8.14,8.14,7.85,8.01,123300,
FRT,97.290001,99.220001,96.190002,98.57,554200,
FRX,40.72,40.75,40.14,40.65,1823000,
FSA,11.16,11.16,11.13,11.13,700,
FSC,9.98,10.13,9.97,10.08,1234300,
FSL,13.6,13.81,13.5,13.77,1844600,
FSLR,42.049999,44.889999,42.040001,44.48,10189400,
FSM,2.81,2.95,2.81,2.9,192000,
FSP,12.71,12.78,12.44,12.74,879300,
FSS,8.42,8.59,8.33,8.58,183300,
FST,3.94,4.14,3.91,4.12,4232667,
FSTR,43.709999,44.130001,42.52,43.549999,22100,
FSYS,15.88,16.040001,15.62,15.73,89800,
FTE,0.015,0.015,0.015,0.015,0,
FTEK,3.66,4.01,3.6,3.92,177800,
FTI,55.970001,56.669998,55.360001,55.759998,1809900,
FTK,16.799999,16.950001,16.530001,16.83,562300,
FTNT,16.620001,16.870001,16.469999,16.73,3084700,
FTR,3.86,3.99,3.85,3.99,11373800,
FU,3.7,3.71,3.6,3.6,30800,
FUBC,6.53,6.69,6.51,6.65,32000,
FUL,38.330002,38.490002,37.830002,38.209999,292300,
FULT,11.18,11.39,10.98,11.34,945500,
FUN,39.169998,39.549999,38.830002,39.439999,89100,
FUR,11.68,11.71,11.45,11.53,247200,
FURX,33.6,34.16,33.26,34.03,54800,
FVE,5.09,5.18,5.01,5.16,335800,
FWLT,23.45,23.51,22.86,23.28,968500,
FWM,23.889999,24,23.129999,23.75,258800,
FWRD,38.119999,38.240002,37.470001,38.040001,62100,
FXA,92.75,92.879997,92.32,92.760002,101800,
FXB,152.460007,152.470001,152.080002,152.339996,113300,
FXC,94.75,94.760002,94.309998,94.620003,254300,
FXCM,16.1,16.530001,16.080001,16.34,85500,
FXD,26.35,26.51,26.26,26.42,126300,
FXE,129.820007,129.910004,129.429993,129.75,258500,
FXEN,3.6,3.62,3.49,3.53,493600,
FXF,104.660004,104.75,104.379997,104.75,99400,
FXI,31.629999,31.9,31.35,31.700001,30859600,
FXO,18.33,18.43,18.18,18.4,148400,
FXP,24.99,25.49,24.6,24.92,164400,
FXS,147.490005,148.360001,147.490005,148.289993,12200,
FXY,100.190002,100.32,99.839996,100.089996,418400,
FXZ,26.290001,26.35,26.1,26.309999,47400,
G,19.459999,19.6,19.34,19.389999,614100,
GA,7.17,7.56,7.14,7.51,1134158,
GAGA,3.64,3.75,3.6,3.63,12700,
GAIA,4.45,4.47,4.44,4.47,72200,
GAIN,7.19,7.24,7.13,7.18,105400,
GALE,2.08,2.08,2,2.01,1020300,
GAME,3.74,4.02,3.74,3.92,711300,
GAS,42.040001,42.200001,41.560001,42.099998,361600,
GASL,19.900001,20.090001,19.050001,20.090001,300,
GASS,10.21,10.41,10.1,10.23,82700,
GASX,12.94,13.52,12.77,12.78,62500,
GAZ,2.59,2.59,2.5,2.5,53500,
GB,32.889999,33.09,32.32,32.610001,158500,
GBCI,21.83,22.16,21.48,22.15,429700,
GBDC,17.43,17.540001,17.27,17.48,259500,
GBP,154.509995,154.759995,153.979996,154.220001,0,
GBX,22.440001,23.49,22.389999,23.33,372800,
GCA,6.06,6.14,6.02,6.11,1201000,
GCC,26.209999,26.209999,26.030001,26.08,108300,
GCI,23.83,24,23.700001,23.91,2311800,
GCO,65.010002,65.599998,64.550003,65.339996,271200,
GCOM,12.851,12.855,12.7,12.76,29100,
GD,76.970001,77.120003,76.099998,76.419998,2067900,
GDI,0.19,0.19,0.19,0.19,0,
GDOT,18.299999,18.59,18,18.49,197100,
GDP,12.07,12.42,11.85,12.38,573700,
GDRZF,2.69,2.8,2.69,2.77,7100,
GDX,23.82,24.049999,23.379999,23.66,23530200,
GDXJ,8.78,8.99,8.72,8.84,948500,
GE,23.17,23.25,22.940001,23.110001,36569100,
GEF,51.349998,51.75,50.73,51.369999,57300,
GEL,48.34,48.959999,47.48,48.91,91400,
GENE,2.48,2.61,2.42,2.57,3200,
GEO,33.509998,33.799999,33.220001,33.73,679900,
GEOS,67.25,68.029999,65.800003,67.150002,145300,
GERN,1.25,1.25,1.2,1.24,780900,
GES,30.469999,30.780001,30.290001,30.610001,449800,
GEVA,44.049999,44.52,41.189999,41.650002,110200,
GEVO,2.159998,2.179998,1.889998,1.939998,5000,
GEX,14.359857,14.579855,14.359857,14.559855,20000,
GFA,2.46,2.61,2.43,2.56,1184600,
GFF,10.7,11.04,10.7,10.95,135200,
GFI,5.07,5.13,4.98,5.08,4912400,
GFIG,3.79,3.9,3.72,3.79,260500,
GG,23.639999,23.860001,23.040001,23.440001,7510100,
GGB,5.51,5.56,5.4,5.47,5387800,
GGG,61.549999,61.93,60.950001,61.549999,172400,
GGP,19.450001,19.57,19.309999,19.42,2907900,
GGS,0.01,0.01,0.01,0.01,0,
GHDX,33.150002,33.32,31.1,31.639999,581700,
GHL,44.290001,44.810001,43.209999,44.57,242500,
GHM,27.360001,27.66,27.16,27.52,51000,
GIFI,21.09,21.780001,20.92,21.01,43400,
GIGM,0.95,0.97,0.95,0.97,4400,
GIII,45.799999,47.369999,45.529999,47.32,287800,
GIL,39.110001,39.630001,38.48,39.57,604600,
GILD,49.41,50.880001,49.310001,49.779999,12879000,
GILT,5.45,5.55,5.42,5.54,15600,
GIS,48.720001,49.02,48.18,48.330002,3466600,
GIVN,13.25,14.13,13.01,14,924200,
GK,46.419998,47.16,45.810001,47.040001,72400,
GLAD,7.92,8.14,7.85,8.06,81800,
GLD,123.650002,123.900002,122.879997,123.470001,9369200,
GLDD,7.94,7.98,7.79,7.97,270900,
GLF,43.130001,43.700001,42.900002,43.549999,127300,
GLL,99.470001,100.870003,99.260002,100.080002,163200,
GLNG,32.290001,32.389999,31.219999,31.709999,936300,
GLOG,12.37,12.61,12.37,12.48,91300,
GLP,38.189999,39.419998,37.669998,38.82,50900,
GLPW,15.55,15.91,15.55,15.84,45700,
GLRE,23.9,23.98,23.4,23.639999,170000,
GLT,24.959999,25.17,24.379999,24.809999,461600,
GLUU,2.25,2.4,2.22,2.36,1881500,
GLW,14.08,14.24,13.92,14.21,9722900,
GM,31.75,32.02,31.540001,31.82,9268300,
GMAN,13.03,13.23,13.03,13.15,36200,
GMCR,74.230003,75.5,73.18,73.800003,2279200,
GME,40.16,40.43,39.459999,40.060001,3197500,
GMED,15.73,16.9,15.42,16.799999,1725800,
GMLP,31.59,33.98,31.59,33.119999,99200,
GMO,1.89,1.93,1.83,1.84,352000,
GMT,46.040001,46.810001,45.700001,46.669998,228900,
GNC,45.810001,46.259998,45.630001,46.110001,1057500,
GNCMA,7.81,7.85,7.71,7.73,191100,
GNE,9.12,9.6,9.07,9.56,38300,
GNK,1.73,1.77,1.61,1.66,900400,
GNMK,10.14,10.4,9.75,10.11,414200,
GNRC,35.400002,36,35.400002,36,1435900,
GNTX,22.15,22.43,22,22.219999,1524800,
GNW,10.75,10.91,10.6,10.88,8989000,
GOL,3.25,3.41,3.19,3.39,295300,
GOLD,62.889999,65.019997,62.23,63.73,1162200,
GOOGL,877.259996,879.679998,864.510002,866.200022,5101200,
GORO,9.45,9.59,9,9.14,363500,
GOV,23.719999,24.1,23.450001,24.040001,566600,
GPC,76.669998,77.449997,76.18,77.300003,400700,
GPI,61.139999,61.810001,60.560001,61.23,195900,
GPK,7.61,7.62,7.47,7.59,1469900,
GPL,0.68,0.72,0.68,0.71,221600,
GPN,46.110001,46.27,45.91,46.009998,874600,
GPOR,47.66,48.110001,46.459999,47.360001,1430800,
GPRE,12.44,12.71,12.17,12.6,444600,
GPS,40.75,41.23,40.439999,41.060001,2704400,
GPT,9.259991,9.39999,9.09999,9.36999,350300,
GPX,23.75,23.75,23.379999,23.57,25100,
GRA,81.489998,82.019997,80.760002,81.93,529000,
GRC,30.2,30.339999,29.779999,30.280001,30700,
GREK,15.15,15.43,15.02,15.37,68200,
GRFS,25.99,25.99,25.209999,25.84,1278600,
GRMN,34.93,35.09,34.369999,34.950001,724700,
GROW,2.22,2.28,2.22,2.26,102700,
GRPN,8.08,8.23,7.95,8.16,15078400,
GRT,23.71,24.26,23.49,23.8,8444900,
GRU,6.82,6.82,6.75,6.78,4500,
GS,152.449997,154.309998,151.550003,153.059998,3274600,
GSG,30.889999,30.959999,30.709999,30.709999,115800,
GSH,18.940001,19.120001,18.73,19.040001,39300,
GSI,0.95,1.03,0.89,1.03,29300,
GSK,49.099998,49.310001,48.75,49.16,2112800,
GSM,11.22,11.38,10.89,10.95,432600,
GSS,0.47,0.54,0.44,0.54,4234300,
GST,2.66,2.67,2.53,2.64,237400,
GSVC,7.8,7.89,7.7,7.71,114400,
GT,14.39,14.77,14.33,14.71,3590300,
GTAT,3.58,3.63,3.45,3.52,4510900,
GTE,5.63,5.77,5.45,5.72,1186500,
GTI,7.53,7.65,7.49,7.62,793800,
GTIV,10.28,10.53,10.09,10.51,333400,
GTLS,89.599998,89.599998,87.669998,88.970001,562200,
GTN,7.09,7.19,6.97,7.14,772600,
GTXI,6.62,6.72,6.4,6.49,316900,
GTY,19.84,20.24,19.82,20.15,91100,
GUID,8.79,8.79,8.52,8.65,47300,
GUR,35.889999,36.189999,35.799999,36.16,14600,
GURE,1.1,1.13,1.1,1.13,29500,
GV,2.16,2.2,2.09,2.09,113800,
GVA,29.01,29.290001,28.77,29.209999,166700,
GVZ,27.69,27.69,25.86,25.86,0,
GWAY,11.85,11.87,11.19,11.77,152600,
GWL,24.790001,24.879999,24.65,24.879999,79100,
GWR,83.349998,85.550003,82.599998,85.440002,565000,
GWRE,42.16,42.560001,41.450001,41.59,444400,
GWW,248.039993,255.839996,248.039993,255.449997,241600,
GXC,61.720001,62.16,61.169998,61.84,389700,
GXG,17.780001,17.889999,17.709999,17.790001,215700,
GXP,22.280001,22.360001,21.940001,22.27,3463100,
GY,15.78,15.88,15.65,15.75,543900,
GZT,12.99,13.32,12.99,13.18,29800,
H,39.240002,39.509998,38.990002,39.25,247800,
HA,5.81,6,5.8,5.87,655700,
HAE,41.740002,41.950001,41.200001,41.490002,223600,
HAFC,16.459999,16.870001,16.299999,16.860001,271400,
HAIN,64.489998,64.949997,63.610001,64.419998,673600,
HAL,41.450001,41.75,40.959999,41.150002,10533200,
HALO,6.88,6.94,6.23,6.4,2160800,
HAO,21.459999,21.559999,21.299999,21.5,138700,
HAR,48.990002,49.32,48.59,48.830002,724700,
HAS,44.049999,44.259998,43.639999,43.98,1236100,
HASI,11.67,11.67,11.32,11.35,111700,
HAWK,24.15,24.799999,23.32,23.49,266100,
HAYN,46.799999,47.349998,46.040001,46.75,30900,
HBAN,7.69,7.82,7.63,7.78,11143300,
HBC,52.03,52.16,51.38,52.03,1360046,
HBHC,29.41,29.67,29.139999,29.459999,452500,
HBI,50.259998,50.869999,50.07,50.580002,2465200,
HBIO,4.799999,4.799999,4.73,4.739998,55200,
HBM,6.61,6.76,6.55,6.74,38000,
HCA,36.759998,37.220001,36.439999,36.619999,2091300,
HCBK,8.71,8.82,8.61,8.81,2733400,
HCC,42.41,42.5,42.040001,42.189999,546500,
HCI,29.5,30.32,29.32,29.549999,151300,
HCLP,21.059999,21.99,20.959999,21.91,84100,
HCN,63.790001,64.870003,63.139999,64.389999,2342800,
HCP,42.860005,44.189999,42.600001,43.930004,4716200,
HCSG,23.629999,23.9,23.49,23.809999,328200,
HD,74.07,74.720001,73.800003,74.139999,8520800,
HDB,34.34,35.290001,34.150002,35.18,739300,
HDGE,16.549999,16.65,16.41,16.459999,494400,
HDV,66.360001,66.620003,65.879997,66.400002,269300,
HDY,0.42,0.47,0.42,0.45,56400,
HE,24.540001,24.799999,24.42,24.700001,418200,
HEDJ,47,47.360001,46.700001,47.130001,47100,
HEES,21.16,21.280001,20.950001,21.25,136100,
HEI,50.960002,51.25,49.74,50.39,134700,
HELE,38.330002,39.02,37.82,38.48,143000,
HEP,36.599998,37.16,36.23,37.080002,151000,
HERO,7.03,7.17,6.92,7.02,3705500,
HES,63.68,64.260002,62.98,63.650002,2803200,
HF,17.1,17.15,16.879995,16.950003,283500,
HFC,41.169998,42.43,40.990002,42.189999,3855200,
HGG,15.17,15.47,15.07,15.26,386200,
HGT,8.8,8.9,8.62,8.62,135800,
HGX,173.31,178.59,173.31,175.63,0,
HHC,105.290001,106.989998,103.089996,106.720001,156700,
HHS,8.83,8.98,8.73,8.8,188000,
HI,23.129999,23.23,22.889999,23.190001,143600,
HIBB,55.32,55.450001,54.48,55.080002,180600,
HIG,28.93,29.57,28.780001,29.18,9082500,
HII,55.389999,55.5,54.619999,54.68,277500,
HIMX,5,5.08,4.76,4.91,3776800,
HITK,34.48,34.48,33.44,33.87,59400,
HITT,55.52,57.51,55.25,55.8,320600,
HIW,33.669998,34.110001,33.220001,33.98,1214100,
HK,5.57,5.6,5.44,5.6,19900,
HKTV,5.83,6.01,5.58,5.89,19100,
HL,2.88,2.94,2.84,2.86,5830700,
HLF,44.220001,46.889999,44,46.669998,2249800,
HLIT,6.21,6.25,6.16,6.2,718700,
HLS,28.09,28.389999,27.92,28.27,515200,
HLSS,23.15,23.99,23.1,23.940001,1859100,
HLX,22.65,23.02,22.139999,22.809999,817700,
HMA,15.75,16,15.27,15.39,6254400,
HMC,35.939999,36.110001,35.66,35.990002,402700,
HME,62.830002,63.599998,62.060001,63.400002,457200,
HMIN,24.83,25.32,24.83,25.27,339100,
HMN,24.25,24.629999,24.190001,24.48,133800,
HMST,19.9,20.139999,19.860001,20,201400,
HMSY,22.51,22.790001,22.01,22.68,700700,
HMY,3.37,3.61,3.33,3.53,3497300,
HNI,35.32,35.689999,34.900002,35.59,100800,
HNP,35.110001,35.23,34.759998,35.130001,94900,
HNR,3.07,3.12,3.03,3.1,192300,
HNSN,1.46,1.54,1.41,1.42,25900,
HNT,30.93,31,30.23,30.59,534800,
HOFT,15.6,15.75,15.59,15.67,27200,
HOG,50.720001,51.75,50.540001,51.540001,1573800,
HOGS,13.33,13.33,13.3,13.32,405500,
HOLI,11.86,12.23,11.84,12.08,140100,
HOLX,19.639999,19.700001,19.030001,19.629999,4091000,
HOMB,21.389999,22.940001,21.200001,22.82,1063200,
HON,77.459999,77.989998,77.169998,77.650002,2424400,
HOS,51.740002,52.209999,51.130001,52.099998,361000,
HOT,62.240002,63.099998,62.09,62.830002,1426900,
HOV,5.53,5.67,5.4,5.43,7861300,
HP,62.419998,64.25,62.419998,63.66,1683400,
HPP,20.16,20.57,19.92,20.450001,133900,
HPQ,23.719998,24.279999,23.709998,23.849998,31786300,
HPT,24.709999,25.370001,24.4,25.209999,1272900,
HPY,34.59,34.59,34.150002,34.459999,353200,
HR,24.389999,24.82,24.01,24.67,600700,
HRB,27.690001,28.040001,27.65,27.889999,1983200,
HRC,33.360001,33.5,32.869999,33.119999,265400,
HRG,7.47,7.5,7.33,7.44,294100,
HRL,38.27,38.459999,37.939999,38.099998,2379600,
HRS,48.279999,48.400002,47.75,48.119999,511300,
HRZN,12.93,13.16,12.93,13.14,51900,
HSC,22.35,22.450001,22,22.309999,330700,
HSH,32.41,32.87,32.26,32.72,1908500,
HSIC,95.029999,95.230003,93.730003,94.580002,261000,
HSII,16.799999,16.799999,16.35,16.450001,45600,
HSNI,52.799999,52.950001,52.009998,52.73,244700,
HSOL,1.78,1.78,1.7,1.76,354400,
HSP,34.91,35.040001,34.459999,34.689999,483700,
HST,16.190001,16.58,16.190001,16.5,9164600,
HSTM,24.84,25.040001,24.42,24.540001,88400,
HSY,86.940002,86.959999,86.019997,86.400002,891100,
HT,5.4,5.46,5.29,5.42,699000,
HTA,10.86,11,10.8,10.97,845100,
HTCH,5.09,5.11,4.77,4.96,572500,
HTGC,13.42,13.5,13.29,13.46,380500,
HTH,16,16.440001,15.94,16.34,708600,
HTHT,15.03,15.64,15.01,15.42,29800,
HTLD,13.93,13.94,13.73,13.8,299300,
HTS,24.629999,25.1,24.52,24.83,826900,
HTSI,46.1,46.11,45.28,45.9,233800,
HTWR,94.75,94.940002,93.239998,94.57,212100,
HTZ,23.139999,23.82,23.040001,23.49,6266700,
HUB.B,97.14,98.07,95.56,95.86,202500,
HUBG,36.139999,36.299999,35.889999,36.099998,241400,
HUM,85.019997,85.269997,84.040001,84.410004,1390400,
HUN,16.51,16.940001,16.49,16.82,3776200,
HURN,44.630001,44.720001,43.849998,43.889999,147700,
HUSA,0.3,0.3,0.28,0.29,294500,
HVT,21.6,22.559999,21.469999,22.48,97800,
HW,8.76,9.03,8.67,9.01,564200,
HWAY,16.99,17.620001,16.879999,17.26,1039100,
HWCC,13.95,14.09,13.83,14.02,44100,
HXL,33.669998,33.759998,32.900002,33.049999,915600,
HXM,3.02,3.18,3.01,3.05,1088800,
HY,60.09,61.880001,59.509998,60.459999,105200,
HYD,28.67,29.66,28.67,29.27,1290800,
HYG,89.5,90.309998,89.5,90.309998,6233300,
HYLD,49.66,49.950001,49.16,49.799999,48200,
HYS,101.800003,102.290001,101.800003,102.169998,2185500,
HZNP,2.47,2.48,2.43,2.46,328900,
HZO,11.37,11.58,11.22,11.32,88000,
I,20.639999,20.639999,19.940001,20.4,183500,
IACI,47.43,47.759998,46.84,46.959999,1064600,
IAG,4.14,4.2,4.06,4.14,4933600,
IAI,30.309999,30.639999,30.209999,30.48,51300,
IART,36.529999,36.799999,35.880001,36.290001,229000,
IAT,28.629999,29.040001,28.469999,28.959999,141400,
IAU,12.42,12.45,12.35,12.41,5719900,
IBB,170.669998,170.669998,167.380005,168.639999,837700,
IBCP,6.26,6.37,6.2,6.25,24600,
IBKC,53.189999,54.27,52.73,53.869999,176500,
IBKR,15.89,16.09,15.82,15.93,294100,
IBM,195.309998,195.589996,193.149994,194.979996,3846200,
IBN,37.76,38.25,37.539999,38.010001,4512500,
IBOC,21.76,22.120001,21.35,22.059999,198900,
ICA,6.93,7.03,6.66,6.71,739600,
ICAD,5.34,5.44,5.31,5.42,15100,
ICE,173.279991,177.150002,172.679996,175.119991,4509000,
ICF,78.059998,79.330002,77.639999,78.889999,627000,
ICGE,11.56,11.65,11.41,11.56,130100,
ICLR,35.610001,36.43,34.48,35.200001,375100,
ICN,20.1,20.120001,19.74,19.969999,24400,
ICON,28.440001,29.01,28.25,28.799999,481700,
ICUI,73.769997,73.970001,72.870003,73.25,80800,
IDA,47.380001,47.560001,46.779999,47.369999,210400,
IDCC,44.110001,44.68,43.549999,44.259998,361600,
IDIX,3.59,3.67,3.49,3.51,2048000,
IDSY,5.03,5.05,4.92,4.92,5600,
IDT,19.289997,19.9,19.140006,19.570002,329300,
IDTI,7.9,7.91,7.69,7.88,1301600,
IDU,93.150002,93.940002,92.489998,93.690002,259100,
IDV,31.35,31.5,31.09,31.42,490400,
IDXX,89.940002,90.580002,88.809998,90.260002,547800,
IEF,102.059998,102.120003,101.559998,101.660004,772000,
IEI,120.43,120.489998,120.150002,120.209999,283900,
IEMG,44.549999,44.669998,44.02,44.630001,1573400,
IEO,71.370003,72.040001,71,71.860001,106800,
IEP,70.489998,71.220001,68.019997,71,122400,
IEV,38.509998,38.610001,38.130001,38.549999,308600,
IEX,52.080002,52.43,51.689999,52.27,299500,
IEZ,56.41,56.709999,56.200001,56.52,103400,
IFF,75.739998,75.790001,74.690002,75.529999,266000,
IFGL,30,30.200001,29.809999,30.18,68300,
IFN,18.35,18.639999,18.35,18.559999,104500,
IFT,6.97,6.99,6.81,6.9,29500,
IGE,38.119999,38.299999,37.849998,38.189999,1918400,
IGT,16.02,16.42,15.96,16.41,3357900,
IGTE,14.81,14.93,14.55,14.85,296700,
IGV,66.220001,66.639999,65.889999,66.370003,67100,
IHF,83.529999,83.550003,82.650002,82.800003,22800,
IHS,98.589996,100.860001,97.709999,100.580002,659900,
IIIN,17.959999,18.049999,17.790001,17.93,53500,
IIJI,19.48,19.48,19.389999,19.450001,8400,
IILG,19.959999,19.969999,19.709999,19.85,181300,
IIVI,16.17,16.33,15.97,16.01,176400,
IJH,113.720001,114.230003,112.690002,113.959999,822700,
IJJ,99.410004,100.07,98.730003,99.800003,119600,
IJK,126.18,127.089996,125.489998,126.760002,172200,
IJR,89.209999,89.379997,88.459999,89.120003,2476200,
IJS,92.07,92.410004,91.550003,92.239998,140600,
IJT,95.800003,95.949997,95,95.790001,62100,
IL,6.67,6.67,6.52,6.65,232100,
ILF,35.040001,35.299999,34.549999,35.169998,643700,
ILMN,71.980003,74.419998,71.940002,73.660004,1499400,
IM,18.459999,18.530001,18.219999,18.51,599300,
IMAX,23.98,24.99,23.959999,24.33,1008600,
IMGN,15.99,15.99,15.47,15.89,431800,
IMH,10.44,10.48,10.2,10.35,20500,
IMKTA,24.709999,24.84,24.42,24.75,35100,
IMMR,13.06,13.17,12.83,13.01,202900,
IMMU,4.97,5.26,4.91,5.02,921700,
IMN,4.11,4.12,3.93,4.09,134900,
IMO,37.669998,38.150002,37.380001,37.950001,148500,
IMOS,18.25,19.23,18.25,19.040001,421400,
IMPV,43,43.619999,42.639999,43.5,267100,
IMUC,2.07,2.1,1.92,1.98,26100,
IN,9.9,9.91,9.87,9.91,367884,
INAP,8.01,8.25,7.88,7.99,96000,
INCY,19.51,19.870001,19.25,19.790001,865400,
INDB,33.75,34.080002,33.360001,33.959999,87900,
INDL,12.24,12.49,11.84,12.45,15700,
INFA,33.630001,33.779999,33.049999,33.400002,722800,
INFI,18.540001,18.65,16.07,16.559999,3776100,
INFN,10.52,10.71,10.45,10.67,1137000,
INFY,39.77,40.360001,39.73,40.27,6814400,
ING,8.91,8.97,8.79,8.9,2106900,
INGR,64.040001,64.279999,62.650002,63.369999,479200,
ININ,52.07,52.220001,51.25,51.700001,54400,
INN,9.3,9.48,9.24,9.42,540900,
INP,51.080002,51.68,50.66,51.639999,113700,
INSM,12.06,12.22,10.73,11.37,730100,
INT,39.18,39.669998,38.610001,39.450001,192500,
INTC,23.83,23.940001,23.57,23.879999,34571300,
INTL,17.540001,17.719999,17.49,17.52,37800,
INTU,57.82,59.040001,57.57,58.810001,3350800,
INTX,8.78,8.78,8.36,8.54,132600,
INVE,0.95,1.01,0.87,0.88,80900,
INVN,13.5,13.64,13.34,13.58,1629800,
INWK,11.35,11.44,11.03,11.14,265200,
INXN,24.610001,25.16,24.33,24.799999,651000,
IO,5.820003,5.950003,5.820003,5.930003,49500,
IOC,67.970001,71,66.400002,69.629997,686400,
IOO,67.040001,67.139999,66.43,66.919998,131100,
IOSP,40.43,40.5,39.709999,40.23,59800,
IP,43.340004,43.590008,42.880006,43.309999,3782900,
IPAR,29.190001,29.219999,28.82,29.1,159800,
IPCM,52.82,53.57,51.27,51.5,365500,
IPG,14.33,14.42,14.19,14.32,3610700,
IPGP,59.68,61,58.75,59.470001,377600,
IPHI,10.63,10.74,10.57,10.69,109800,
IPHS,48.209999,48.209999,46.650002,47.68,88100,
IPI,18.93,19.16,18.719999,19.030001,845500,
IPXL,18.5,19.4,18.48,19,1651300,
IQNT,5.48,5.73,5.35,5.63,470700,
IR,54.090006,54.849992,53.949992,54.109998,2420200,
IRBT,37.110001,37.82,36.52,36.700001,415100,
IRC,9.38,9.59,9.31,9.57,762900,
IRDM,7.07,7.3,7.07,7.3,533100,
IRE,7.94,8.28,7.9,8.24,642900,
IRET,8.2,8.28,8.11,8.26,445600,
IRF,20.63,20.79,20.24,20.7,417100,
IRM,26.440001,26.580002,25.949996,26.359998,2116900,
IRWD,11.04,11.26,10.55,10.72,1161500,
ISBC,20.479999,20.64,20.1,20.599999,527800,
ISCA,31.389999,31.549999,31.18,31.379999,86800,
ISIL,7.56,7.71,7.45,7.69,1593800,
ISIS,28.32,28.32,26.07,26.66,4389300,
ISLE,7.41,7.49,7.3,7.33,73000,
ISRG,506.829987,508.399994,498.660004,501.700012,163200,
ISS,5.17,5.19,5.09,5.15,235814,
ISSC,6.81,6.97,6.43,6.8,26700,
ISSI,10.77,11.03,10.42,10.99,100100,
IT,56.75,56.93,55.529999,56.41,323200,
ITB,22.370001,22.59,21.99,22.030001,11793800,
ITC,88.74,89.390001,87.639999,88.789999,1105500,
ITG,14.05,14.23,13.9,14.05,412300,
ITMN,9.63,9.64,9.38,9.54,1112900,
ITOT,72.699997,72.949997,72.190002,72.75,331600,
ITRI,41.709999,42.060001,41.189999,41.52,340300,
ITT,28.48,28.6,28.219999,28.450001,773100,
ITUB,12.640001,12.66,12.280004,12.530001,14568000,
ITW,67.699997,68.010002,67.540001,67.82,1918000,
IVAC,5.08,5.18,4.98,5.11,88600,
IVAN,0.97,0.98,0.93,0.94,20500,
IVC,14.16,14.29,14.01,14.19,183400,
IVE,75.330002,75.699997,74.849998,75.410004,1474600,
IVR,16.65,16.93,16.379999,16.540001,2911000,
IVV,160.139999,160.789993,159.050003,160.210007,5867800,
IVW,83.610001,83.809998,82.980003,83.529999,512000,
IVZ,31.790001,31.9,31.280001,31.5,6815400,
IWB,88.400002,88.739998,87.809998,88.43,641500,
IWC,61.299999,61.299999,60.32,60.580002,74000,
IWD,82.510002,82.959999,81.959999,82.68,2618500,
IWF,72.120003,72.260002,71.57,72.040001,1687800,
IWM,95.589996,95.839996,94.870003,95.620003,32418400,
IWN,83.940002,84.550003,83.620003,84.370003,1362700,
IWO,110.32,110.57,109.239998,109.940002,751900,
IWP,70.480003,70.839996,70.07,70.669998,368700,
IWR,127.370003,128.149994,126.629997,127.790001,384600,
IWS,56.549999,57.09,56.369999,56.950001,1495800,
IWV,94.629997,94.970001,94,94.709999,462000,
IXC,38.040001,38.150002,37.740002,38.07,95100,
IXYS,10.83,10.92,10.71,10.87,158400,
IYE,44.470001,44.68,44.18,44.529999,356500,
IYF,69.989998,70.769997,69.690002,70.459999,911900,
IYG,69.970001,70.970001,69.949997,70.629997,227500,
IYH,99.650002,99.82,98.830002,99.470001,107200,
IYJ,82.260002,82.559998,81.790001,82.349998,128800,
IYM,67.779999,67.970001,67.190002,67.779999,131900,
IYR,64.68,65.529999,64.160004,65.190002,18040500,
IYT,108.129997,109.279999,107.599998,109,348000,
IYW,73.459999,73.559998,72.830002,73.25,115700,
IYZ,25.049999,25.42,25.02,25.34,412700,
JACK,38.34,38.59,38,38.169998,297100,
JAGGF,0.41,0.41,0.41,0.41,0,
JAH,42.940006,43.369995,42.940006,42.99,1307400,
JAKK,9.81,10,9.81,9.96,114900,
JASO,6.18,6.39,6.06,6.33,1296900,
JAZZ,66.260002,66.989998,65.370003,65.959999,714300,
JBHT,69.300003,69.860001,69.029999,69.230003,608900,
JBL,19.65,19.98,19.549999,19.93,1621800,
JBLU,6.05,6.15,6.02,6.09,2310600,
JBT,21.1,21.16,20.85,21.02,57900,
JCI,31.969999,32.110001,31.700001,31.98,5335500,
JCOM,40.900002,41.549999,40.810001,41.189999,299400,
JCP,15.73,16.190001,15.63,15.98,6848200,
JDSU,13.8,13.99,13.57,13.72,3564800,
JE,6.13,6.21,5.95,6.19,590100,
JEC,55.52,55.650002,54.91,55.400002,707400,
JIVE,17.24,17.5,17.059999,17.290001,653800,
JJC,37.740002,37.93,37.549999,37.630001,79100,
JJG,51,51.099998,50.59,50.650002,35700,
JKHY,47.009998,47.220001,46.34,46.790001,327700,
JKS,7.64,7.72,7.41,7.45,463500,
JLL,87.32,88.129997,86.93,87.760002,222800,
JMBA,14.71,14.95,14.48,14.75,192100,
JNJ,85.160004,85.589996,84.540001,85.349998,11239400,
JNK,38.93,39.189999,38.900002,39.18,8353700,
JNPR,18.65,18.83,18.280001,18.41,5290500,
JNS,8.19,8.45,8.07,8.36,3091600,
JNY,13.52,13.66,13.39,13.55,566100,
JO,25.17,25.280001,24.83,25.25,39800,
JOBS,61.599998,63.310001,59.990002,62.849998,224800,
JOE,20.52,20.799999,20.379999,20.76,686800,
JOSB,40.05,41.56,39.7,41.27,830500,
JOY,50.360001,50.939999,49.959999,50.099998,1910000,
JPM,51.509998,52.560001,51.509998,52.080002,20951400,
JRCC,1.93,1.95,1.75,1.9,1662300,
JRN,7.57,7.72,7.32,7.34,585600,
JST,4.9,4.95,4.88,4.89,16900,
JW.A,39.52,39.93,39.310001,39.529999,315700,
JWN,57.900002,58.970001,57.900002,58.669998,1097600,
JXI,41,41.240002,40.869999,41.189999,25100,
K,63.5,63.98,63,63.18,1634600,
KAI,30,30.469999,29.799999,29.950001,40200,
KALU,61.380001,62.27,61.029999,62.259998,136100,
KAMN,34.080002,34.099998,33.740002,33.939999,76200,
KAR,22.389999,22.700001,22.17,22.52,772200,
KB,29.66,29.790001,29.110001,29.440001,202000,
KBALB,10.14,10.14,9.92,9.98,54700,
KBE,27.809999,28.280001,27.719999,28.219999,1764900,
KBH,20.08,20.309999,19.35,19.41,6491000,
KBR,32.049999,32.150002,31.620001,31.99,798600,
KBWB,30.639999,31.120001,30.620001,31.049999,31300,
KCAP,10.36,10.62,10.29,10.5,223600,
KCE,39.040001,39.509998,38.93,39.34,16200,
KCG,3.68,3.69,3.63,3.64,2575500,
KDN,26.82,26.9,26.62,26.76,166900,
KEG,6.08,6.29,6.06,6.24,19700,
KELYA,17.17,17.190001,17,17.18,90400,
KEM,4.12,4.31,4.12,4.28,187600,
KEP,10.95,10.97,10.67,10.7,489000,
KERX,7.56,7.66,7.25,7.3,1571400,
KEX,77.599998,77.980003,76.470001,77.849998,213500,
KEY,10.54,10.75,10.48,10.72,11264500,
KEYN,19.8,19.8,19.77,19.8,793700,
KEYW,13.21,13.29,12.74,13.12,265900,
KFN,10.32,10.47,10.28,10.44,354600,
KFRC,15.11,15.11,14.04,14.33,195200,
KFY,17.35,17.459999,17.25,17.33,239300,
KGC,4.86,4.94,4.8,4.82,8186900,
KIE,52.259998,52.639999,52.029999,52.490002,165200,
KIM,20.99,21.209999,20.690001,20.91,6507700,
KIOR,4.71,4.78,4.25,4.46,309800,
KIRK,16.59,17.15,16.450001,16.74,122100,
KKD,16.82,17.32,16.719999,17.139999,783500,
KKR,18.02,19,18.02,18.959999,2523600,
KLAC,54.349998,55.740002,53.810001,55.5,1968400,
KLIC,10.87,10.93,10.74,10.84,383900,
KMB,95.699991,96.059994,94.41,95.600006,1988100,
KMI,36.950001,37.490002,36.880001,37.16,6178200,
KMP,82.9,83.83,81.9,83.2,2002900,
KMR,79.32,80.86,78.92,80.56,647300,
KMT,38.84,38.919998,38.48,38.639999,350900,
KMX,44.369999,44.740002,44.040001,44.360001,1714400,
KND,12.73,13.12,12.72,13.05,427500,
KNDI,6.94,7.18,6.56,6.67,1839600,
KNL,14.37,14.4,14.18,14.31,130200,
KNOP,21.5,21.93,21.07,21.1,75300,
KNX,16.57,16.68,16.440001,16.65,439900,
KO,39.82,39.93,39.439999,39.720001,12942100,
KOF,131.169998,131.169998,127.650002,128.710007,84800,
KOG,8.74,8.78,8.56,8.74,3710000,
KOL,17.58,17.690001,17.389999,17.65,239000,
KOLD,80.790001,83.830004,80.779999,82.940002,108900,
KONG,6.34,6.45,6.3,6.37,23500,
KOP,38.169998,38.310001,37.450001,38.200001,144100,
KOPN,3.67,3.69,3.53,3.55,115500,
KORS,58.439999,59.709999,57.990002,59.040001,3639800,
KOS,10.43,10.48,10.28,10.31,383500,
KR,34.18,34.68,34.119999,34.509998,9083800,
KRA,19.93,20.290001,19.690001,20.219999,144000,
KRC,51.009998,51.290001,50.299999,50.950001,419200,
KRE,32.990002,33.330002,32.580002,33.27,5801000,
KRFT,54.349998,55.139999,54.040001,54.689999,3547600,
KRG,5.46,5.56,5.39,5.53,150300,
KRO,16.879999,16.9,15.96,16.440001,250800,
KS,38.970001,39.650002,38.889999,39.299999,564600,
KSS,50.150002,50.810001,49.990002,50.599998,1596000,
KSU,105.110001,107.099998,104.220001,106.739998,662700,
KT,15.09,15.13,14.87,14.94,526300,
KTCC,10.75,10.96,10.45,10.53,50300,
KTOS,6.18,6.25,6.05,6.14,354000,
KUB,67.9,69.74,67.86,69.08,77100,
KVHI,12.89,13.13,12.73,13.01,32400,
KW,16.700001,16.879999,16.559999,16.84,186100,
KWK,1.76,1.81,1.68,1.81,2399700,
KWR,62.389999,62.540001,60.77,61.689999,41400,
L,43.779999,43.98,43.369999,43.849998,1058800,
LABL,29.52,29.52,28.709999,29.209999,36700,
LAD,50.610001,51.560001,50.32,50.970001,405800,
LAMR,42.5,42.580002,41.970001,42.34,690600,
LANC,77.290001,77.839996,76.519997,77.410004,51300,
LAYN,20.08,20.139999,19.719999,19.809999,237500,
LAZ,32.450001,32.48,31.040001,31.65,1160600,
LBAI,10.120004,10.169995,9.760002,10.150003,149100,
LBJ,18.469999,19.32,18.469999,19.23,1100,
LBTYA,69.750003,71.509992,69.730003,71.120001,4307500,
LBTYK,65.75,67.220001,65.730003,66.860001,2502800,
LBY,23.9,23.9,23.120001,23.27,62700,
LCAV,3.07,3.12,3.03,3.08,5900,
LCC,16.22,16.5,16.16,16.46,3399900,
LCI,11.33,11.39,10.18,10.79,193900,
LDK,1.34,1.35,1.29,1.32,660300,
LEA,57.830002,58.52,57.779999,58.07,1026100,
LEAP,5.91,5.96,5.81,5.93,487700,
LECO,55.080002,55.810001,54.740002,55.509998,237900,
LEE,1.95,2.04,1.93,1.98,229700,
LEG,30.459999,30.76,30.280001,30.48,1172900,
LEI,1.27,1.29,1.25,1.27,1200,
LEN,36.59,36.939999,34.799999,35.23,21750900,
LF,9.79,10.16,9.57,10,2384100,
LFC,35.189999,35.280001,34.779991,35.060011,937500,
LFL,15.41,15.74,15.35,15.7,665200,
LFUS,72.360001,72.75,71.639999,72.330002,83400,
LFVN,2.23,2.3,2.22,2.29,628837,
LG,45.169998,45.490002,45.060001,45.310001,132500,
LGCY,25.440001,26.469999,25.24,26.370001,176500,
LGF,27.629999,27.98,27.4,27.52,847200,
LGND,36.720001,36.720001,35.209999,35.939999,245900,
LH,99.870003,100,98.290001,99.260002,747600,
LHCG,21.51,21.51,20.65,21.43,43800,
LHO,23.68,24.190001,23.41,24.08,938900,
LIFE,74.17,74.17,73.96,74.04,1900800,
LII,61.98,62.799999,61.970001,62.330002,577800,
LINC,6.28,6.28,5.94,5.96,62600,
LINE,33.990002,34.27,33.52,34.209999,1740000,
LINTA,22.07,22.23,21.92,22.15,1972300,
LIOX,3.03,3.07,3,3.07,114100,
LIT,11.12,11.15,11.06,11.08,4800,
LIWA,5.17,5.25,5.05,5.18,72100,
LKQ,25.85,25.959999,25.35,25.65,1129400,
LL,76.349998,78.480003,76.099998,77.489998,685700,
LLEN,3.65,3.76,3.411,3.58,365100,
LLL,83.559998,83.559998,82.629997,83.199997,1045000,
LLNW,2.25,2.27,2.17,2.24,263400,
LLTC,36.330002,36.540001,35.790001,36.439999,2372400,
LLY,49.540001,49.540001,48.91,49.220001,4041300,
LM,30.370001,30.870001,30.200001,30.719999,1711500,
LMCA,123.740055,124.380044,122.110033,122.740073,2992100,
LMNX,20.209999,20.620001,19.950001,20.57,178300,
LMOS,16.450001,16.82,16.34,16.709999,45400,
LMT,104.5,104.610001,103.540001,103.669998,1467900,
LNC,35.09,35.77,34.830002,35.540001,2949800,
LNCE,28.219999,28.219999,27.690001,27.940001,162600,
LNCO,37.459999,38.25,37.09,37.299999,863700,
LNDC,13.77,14.05,13.45,13.82,124000,
LNG,25.76,26.75,25.6,26.709999,4032100,
LNKD,174.899994,177.210007,173.009995,176.869995,1132300,
LNN,74.5,75.110001,73.480003,74.910004,211700,
LNT,48.330002,48.880001,47.900002,48.759998,811600,
LO,43.689999,45.5,42.380001,43.529999,8534400,
LOCK,11.32,11.65,11.25,11.6,991300,
LOCM,1.72,1.72,1.68,1.72,32600,
LODE,1.85,1.86,1.81,1.85,145300,
LOGI,6.68,6.86,6.68,6.8,384900,
LOGM,24.280001,24.4,24.01,24.290001,145500,
LOPE,31.02,32.189999,31.02,31.540001,659000,
LORL,60.98,61.299999,60.740002,60.799999,43000,
LOW,39.799999,39.919998,39.48,39.509998,9647300,
LPHI,3.19,3.19,3,3.09,25000,
LPI,20.360001,20.379999,20.02,20.299999,816200,
LPL,11.34,11.51,11.28,11.48,1335700,
LPLA,37.080002,37.619999,37.060001,37.48,421300,
LPNT,49,49.5,48.400002,48.669998,384300,
LPR,0.37,0.37,0.37,0.37,1000,
LPS,31.64,31.65,31.26,31.52,1216400,
LPSN,9.02,9.04,8.9,8.9,338200,
LPX,15.49,15.64,14.89,14.92,3014800,
LQD,112.190002,112.470001,111.660004,111.849998,3653200,
LQDT,32.419998,33.400002,32.240002,33.040001,284200,
LRCX,44.34,45.490002,44.02,45.169998,3342400,
LRE,14.79,14.8,14.14,14.37,100500,
LRN,26.65,27.120001,26.51,26.75,165400,
LRY,15.98,15.98,15.98,15.98,0,
LSCC,4.9,4.91,4.78,4.81,683100,
LSE,8.56,8.6,8.52,8.54,635600,
LSI,63.650002,63.66,62.57,63.389999,289200,
LSTR,50.790001,51.02,50.490002,50.650002,371400,
LTBR,1.53,1.67,1.53,1.61,1900,
LTC,37.310001,38.07,36.91,37.91,187600,
LTD,36.87,36.87,36.87,36.87,0,
LTM,49.099998,49.23,48.32,49,301000,
LTPZ,58.98,59.360001,58.68,59.07,21100,
LTXC,5.83,5.97,5.79,5.94,159800,
LUB,8.35,8.35,8.17,8.21,49000,
LUFK,88.5,88.5,88.47,88.48,331800,
LUK,25.25,25.43,24.84,24.98,2065500,
LULU,61.700001,63.009998,61.490002,62.509998,2900600,
LUV,13.37,13.44,13.29,13.35,6309600,
LUX,50.09,50.240002,49.700001,50.150002,34800,
LVLT,20.1,20.610001,20.09,20.450001,1095600,
LVS,50.700001,51.48,50.400002,50.709999,9670200,
LXK,29.98,30.1,29.459999,29.629999,771100,
LXP,11.43,11.61,11.29,11.5,2176100,
LXU,30.549999,30.629999,29.870001,30.459999,145600,
LYB,65.690002,66.889999,65.690002,66.459999,3535800,
LYG,3.79,3.82,3.75,3.81,3404600,
LYV,15.25,15.69,15.15,15.47,1477200,
LZB,18.799999,19.690001,18.6,19.440001,636200,
M,46.450001,46.830002,46.279999,46.580002,2247500,
MA,567.270012,567.630005,561.619987,564.580002,8312000,
MAA,63.450001,65.349998,62.91,65.099998,706800,
MAC,58.459999,59.66,58.16,59.380001,1039200,
MACK,5.91,6.02,5.66,5.99,743100,
MAIN,26.57,26.74,26.299999,26.709999,298500,
MAKO,12.36,12.56,11.8,11.97,638000,
MAN,54.43,54.68,53.810001,54.450001,248700,
MANH,78.470001,79.720001,77.110001,77.459999,422000,
MANT,25.120001,25.190001,24.809999,25.139999,108300,
MANU,16.219999,16.379999,16,16.190001,67900,
MAR,39.279999,39.419998,38.889999,39.349998,2193900,
MAS,19.229999,19.47,18.709999,19.06,6912600,
MASI,21.459999,21.49,21.09,21.4,240100,
MAT,44.349998,44.450001,43.830002,44.360001,1114700,
MATW,37.810001,37.810001,37.32,37.41,59300,
MATX,24.629999,24.690001,24.15,24.559999,337800,
MBB,104.580002,104.580002,103.93,104.029999,571000,
MBFI,25.690001,26.120001,25.290001,25.950001,332100,
MBI,12.59,12.82,12.46,12.79,2493900,
MBLX,1.51003,1.52003,1.50003,1.50003,5900,
MBND,3.16,3.18,3.13,3.17,68300,
MBT,17.82,17.98,17.66,17.860001,2272000,
MCC,13.11,13.23,13.06,13.15,344800,
MCD,97.910004,97.989998,97.139999,97.519997,3211300,
MCEP,21.49,22.190001,21.07,21.809999,34500,
MCF,35.299999,35.52,34.299999,35.080002,38000,
MCGC,4.93,5,4.9,4.99,233000,
MCHI,40.189999,40.43,39.869999,40.220001,1183300,
MCHP,36.700001,36.91,36.419998,36.810001,1432200,
MCHX,6.09,6.09,5.9,5.94,86200,
MCK,112.040001,112.040001,110.559998,110.699997,1367000,
MCO,58.529999,59.5,58.110001,58.43,1233100,
MCP,5.2,5.45,5.15,5.39,3809700,
MCRI,16.780001,16.870001,16.01,16.67,65300,
MCRL,9.65,9.68,9.5,9.62,295500,
MCRS,42.43,42.74,41.97,42.18,552600,
MCY,42.529999,42.689999,42.299999,42.610001,100100,
MD,89.669998,89.730003,87.900002,89.139999,539600,
MDAS,17.790001,17.84,17.6,17.75,463200,
MDC,32.369998,33.139999,31.689998,31.959998,872400,
MDCI,7.15,7.44,7.02,7.4,118100,
MDCO,32.16,32.380001,31.25,31.41,804600,
MDIV,20.559999,20.77,20.540001,20.77,246300,
MDLZ,28.879999,28.969999,28.530001,28.620001,8635500,
MDP,46.279999,46.970001,46.150002,46.779999,346800,
MDR,8.76,8.79,8.59,8.61,1986300,
MDRX,12.89,12.98,12.54,12.62,1832400,
MDSO,72.800003,73.209999,71.410004,73.059998,306200,
MDT,52,52.189999,51.369999,51.830002,3921300,
MDU,24.950001,25.27,24.790001,25.16,732900,
MDVN,46.389999,46.540001,45.279999,45.939999,1311400,
MDXG,7.4,7.73,7.26,7.45,704400,
MDY,206.559998,207.479996,204.699997,207.089996,1291900,
MEA,1.22,1.26,1.21,1.26,254800,
MEAS,44.92,45.25,44.27,45.1,39200,
MED,26.07,26.440001,25.860001,26.02,101100,
MEET,1.33,1.91,1.17,1.82,3341400,
MEG,9.8,9.81,9.31,9.47,211400,
MEI,16.16,16.17,15.77,15.95,523500,
MEIP,7.32,7.32,7.06,7.17,16100,
MELA,0.82,0.82,0.78,0.81,33200,
MELI,106.889999,107.389999,103.129997,106.620003,921000,
MEMP,19.26,19.26,18.780001,19.040001,161800,
MEMS,4.08,4.09,4.08,4.08,14300,
MENT,19.23,19.24,18.950001,19.120001,497300,
MEOH,41.419998,41.959999,41.169998,41.709999,371100,
MERC,6.63,6.65,6.47,6.55,99300,
MERU,4.06,4.11,3.95,4.07,107900,
MET,44.360001,45.099998,43.900002,44.82,9323000,
MFA,8.13,8.32,8.13,8.32,3448100,
MFB,17.56,17.63,17.2,17.22,127300,
MFC,15.59,15.72,15.4,15.71,2956500,
MFG,3.94,3.99,3.92,3.99,389100,
MFLX,14.67,14.71,14.56,14.63,24000,
MFRM,38.790001,39.610001,38.470001,39.080002,201600,
MG,20.83,20.92,20.379999,20.440001,128400,
MGA,67.580002,68.5,67.489998,68.150002,1158000,
MGAM,24.87,25.37,24.71,24.97,191900,
MGC,54.200001,54.360001,53.939999,54.23,21900,
MGI,21.110001,21.110001,20.459999,20.99,86600,
MGIC,5.34,5.39,5.31,5.38,98000,
MGK,59.82,60,59.459999,59.849998,93100,
MGLN,54.950001,55.830002,54.209999,55.619999,181100,
MGM,13.48,13.87,13.48,13.7,8893400,
MGPI,5.56,5.57,5.38,5.38,2400,
MGV,48.5,48.700001,48.16,48.549999,55200,
MHFI,53.98,53.98,52.77,53.040001,1554000,
MHGC,7.75,7.87,7.71,7.77,600200,
MHK,108.349998,111.440002,108.18,110.230003,833500,
MHLD,11,11.06,10.81,11,346000,
MHO,22.85,23.969999,22.690001,22.73,525200,
MHR,3.47,3.49,3.31,3.43,3936200,
MIC,51.080002,51.48,50.66,51.259998,299000,
MIDD,165.710014,168.350006,164.660007,168.330002,233100,
MIDU,51.09,51.869999,49.970001,51.470001,194800,
MIDZ,32.610001,33.349998,32.130001,32.330002,4100,
MIG,7.74,7.74,7.51,7.71,167200,
MILL,4.42,4.5,4.12,4.19,225443,
MIND,16.219999,16.35,16.1,16.34,67500,
MINI,31.559999,31.82,31.35,31.629999,169000,
MITK,5.53,5.6,5.25,5.26,3806641,
MITL,4,4,3.51,3.66,175700,
MITT,18.040001,18.360001,17.950001,18.16,559600,
MJN,77.25,77.809998,76.75,77.300003,1417500,
MKC,71.779999,71.779999,70.599998,71.169998,551500,
MKSI,26.76,26.76,26.290001,26.530001,288500,
MKTG,13.81,14.08,13.66,14.07,447900,
MKTX,46.259998,46.880001,45.689999,46.02,216300,
MLHR,27.67,28.1,27.27,27.73,190400,
MLI,48.77,49.549999,48.48,49.099998,596600,
MLM,99.269997,100.129997,98.300003,99.690002,366600,
MLNK,3.27,3.3,2.99,3.01,230000,
MLNX,46.09,49.16,45.310001,48.970001,1815700,
MLPN,28.129999,28.68,28.07,28.639999,331400,
MLR,15.65,15.66,15.08,15.41,25200,
MM,8.36,8.6,8.33,8.54,1326800,
MMC,39.209999,39.470001,39.02,39.290001,2050500,
MMLP,43.740002,43.919998,42.77,43.060001,123800,
MMM,108.199997,108.75,107.540001,108.239998,2676700,
MMP,51.099998,52.110001,50.709999,51.799999,550500,
MMS,76.129997,76.360001,75.309998,75.699997,308200,
MMSI,11,11.02,10.59,10.78,156600,
MMYT,13.31,13.35,13.1,13.23,27200,
MN,17.889999,18.49,17.780001,18.24,135800,
MNI,2.32,2.46,2.3,2.35,30000,
MNKD,6.67,6.7,5.93,6.25,8854900,
MNR,9.72,9.74,9.6,9.69,165300,
MNRO,48.77,48.77,47.049999,47.77,311000,
MNST,57.200003,57.769999,56.829998,57.200003,3166500,
MNTA,13.86,14.2,13.45,14.15,276000,
MNTG,3.25,3.29,3.17,3.23,120300,
MNTX,10.54,10.72,10.31,10.51,87500,
MNX,2848.199951,2880.800049,2848.199951,2866.5,1657280000,
MO,34.84,35.419998,34.77,34.93,21031800,
MOBI,2.69,3,2.69,2.82,162100,
MOD,10.41,10.88,10.39,10.79,182700,
MODN,21.950001,22.08,21.379999,22.040001,85900,
MOH,36.540001,36.540001,35.75,35.959999,429400,
MOLX,29.06,29.32,28.86,29.23,504400,
MOLXA,24.59,24.82,24.51,24.82,151600,
MON,102.720001,103,101.239998,101.400002,2701100,
MOO,50.59,50.889999,50.369999,50.810001,215200,
MORN,75.410004,75.900002,74.739998,74.970001,112400,
MOS,55.599998,56.040001,55.18,55.91,1764700,
MOSY,4.09,4.09,3.94,4,132000,
MOV,32.41,32.450001,31.940001,32,121500,
MOVE,11.75,11.93,11.56,11.93,185400,
MPAA,9.48,9.6,9.33,9.4,129000,
MPC,71.540001,72.43,71.440002,72.080002,7364400,
MPEL,21.709999,22.48,21.709999,22.4,5435500,
MPG,3.12,3.12,3.11,3.12,412200,
MPLX,36.599998,36.91,36,36.220001,77800,
MPO,6.06,6.06,5.64,5.84,46700,
MPW,13.87,14.06,13.73,14.01,1313900,
MPWR,23.9,24,23.559999,23.85,413800,
MR,38.009998,38.610001,37.349998,38.400002,782800,
MRC,27.530001,28.209999,27.42,27.799999,940200,
MRCY,9.35,9.35,9.13,9.15,97400,
MRGE,3.41,3.54,3.35,3.52,265300,
MRH,24.41,24.549999,24.27,24.440001,472700,
MRIN,10.43,10.57,9.97,10.17,61400,
MRK,46.529999,46.68,46.080002,46.23,12023000,
MRO,34.240002,35.07,34.119999,35.009998,6889600,
MRTN,15.27,15.4,14.97,15.13,96000,
MRVL,11.22,11.53,11.15,11.46,9836000,
MS,24.709999,25.26,24.639999,25.030001,19049600,
MSA,45.369999,45.919998,45.200001,45.73,118300,
MSB,17.51,18.110001,17.370001,18.01,52400,
MSCC,21.799999,21.940001,21.43,21.799999,335400,
MSCI,33.169998,33.220001,32.720001,32.970001,467600,
MSFT,34.080002,34.380001,33.459999,33.669998,44073400,
MSG,57.990002,58.25,57.459999,57.580002,325200,
MSI,55.98,56.419998,55.549999,56.349998,2740900,
MSM,78.220001,79.440002,78,79.010002,395200,
MSO,2.4,2.4,2.37,2.39,67300,
MSPD,3.06,3.12,2.92,3.06,1626800,
MSTR,85.400002,85.400002,83.550003,84.309998,68300,
MSTX,0.47,0.4703,0.44,0.4458,1729730,
MT,11.31,11.47,11.2,11.41,5802300,
MTB,105.709999,107.510002,105.209999,107.230003,953300,
MTD,203.520004,204.479996,200.779999,201.610001,189300,
MTDR,12.1,12.45,11.87,12.08,938800,
MTG,5.67,5.93,5.59,5.9,9867800,
MTGE,18.120001,18.5,18.09,18.200001,2153000,
MTH,44.080002,44.880001,43.32,43.41,636200,
MTL,2.87,2.92,2.8,2.88,1106300,
MTN,60.73,61.799999,60.009998,60.919998,215200,
MTOR,6.42,6.81,6.42,6.77,1698500,
MTRN,27.059999,27.219999,26.65,27,58200,
MTRX,15.67,15.88,15.51,15.59,80800,
MTSC,56.59,56.93,56.040001,56.400002,59800,
MTSN,2.1,2.16,2.07,2.13,431600,
MTU,5.94,6.01,5.89,6,1558700,
MTW,17.200002,17.65,17.17,17.530001,9728100,
MTX,41.619999,41.75,41.029999,41.360001,123700,
MTZ,31.280001,31.43,30.74,31.379999,459700,
MU,13.74,13.82,13.42,13.75,32876400,
MUB,101.459999,103.040001,101.309998,102.82,591600,
MUR,61.059996,61.559999,60.699999,61.230001,1541600,
MUX,1.85,1.9,1.8,1.82,1982200,
MVC,12.51,12.64,12.49,12.56,81500,
MVG,5.38,5.51,5.16,5.39,86500,
MVIS,2.4,2.53,2.29,2.4,244400,
MVO,29.700001,30.040001,29.309999,29.98,33400,
MVV,91.209999,91.959999,89.709999,91.519997,132200,
MW,36.439999,37.59,36.209999,37.130001,1215300,
MWA,6.29,6.46,6.24,6.38,813700,
MWE,63.970001,65.989998,63.700001,65.709999,795300,
MWIV,122.05,122.05,119.2,119.83,51600,
MWV,33.990002,34.099998,33.509998,33.860001,1069800,
MWW,4.74,4.8,4.68,4.75,1286400,
MX,16.790001,17.059999,16.719999,16.91,276600,
MXIM,27.49,27.75,27.24,27.690001,2062000,
MXL,6.81,6.85,6.7,6.82,71400,
MXWL,6.69,6.88,6.57,6.86,485400,
MY,1.65,1.74,1.64,1.68,564900,
MYE,15.09,15.14,14.69,14.84,130000,
MYGN,26.43,26.67,25.83,25.969999,1465700,
MYL,30.549999,30.719999,30.1,30.4,5096300,
MYRG,20,20,19.32,19.360001,175600,
MZZ,19.34,19.82,19.309999,19.379999,16700,
N,87.269997,87.400002,85.989998,86.379997,263300,
NAFC,23.01,23.16,22.47,22.55,18500,
NAK,2.1,2.13,1.94,1.97,221400,
NANO,15.09,15.11,14.9,14.95,97000,
NAT,7.500001,7.650002,7.309998,7.359998,725300,
NATI,27.030001,27.48,26.799999,27.469999,369400,
NATR,16.469999,16.469999,15.79,16.07,55400,
NAV,27,28.049999,27,27.940001,2301500,
NAVB,2.5,2.56,2.41,2.56,585083,
NBG,4.15,4.24,4.07,4.11,3600400,
NBIX,12.71,12.81,12.25,12.75,797500,
NBL,60.27,60.439999,59.25,59.77,2121700,
NBR,15.51,15.91,15.46,15.84,3893700,
NBTB,20.99,21.190001,20.719999,21.1,113900,
NCI,13.11,13.14,10.91,12.02,1429100,
NCLH,28,29.27,28,28.76,322800,
NCMI,16.200001,16.860001,15.95,16.76,513600,
NCQ,1.74,1.78,1.72,1.78,69900,
NCR,32.34,32.400002,31.85,32.299999,620500,
NCS,15.62,15.86,15.29,15.35,203700,
NCT,4.970191,5.070184,4.970191,5.050193,4568200,
NCTY,3.8,3.8,3.66,3.78,18300,
NDAQ,31.99,32.630001,31.93,32.349998,1425600,
NDO,77.360001,77.599998,76.970001,77.410004,0,
NDRO,16.01,16.09,15.87,15.91,34000,
NDSN,67.919998,68.099998,67.32,67.75,192200,
NDX,2874.659912,2880.929932,2851.98999,2866.5,1657280000,
NDZ,7.19,7.38,7.16,7.37,943700,
NE,36.850004,37.100001,36.639999,36.940003,2612100,
NEE,78.949997,79.370003,78.120003,79,1619600,
NEM,29.18,29.450001,28.41,28.93,9037700,
NEO,4,4.04,3.92,3.96,194200,
NEOG,54.91,54.99,53.859999,54.780001,96400,
NEON,5.37,5.46,5.21,5.28,288500,
NEPT,3.05,3.06,2.99,3.04,173800,
NES,2.98,3.02,2.88,2.9,515500,
NEU,261.299988,267.01001,260.630005,265.790009,56500,
NEWP,13.45,13.57,13.22,13.25,111300,
NFBK,11.62,11.71,11.46,11.61,461300,
NFG,58.93,58.93,57.84,58.34,462200,
NFLX,211.970005,213.5,207.559998,212.9,20918800,
NFP,25.28,25.3,25.28,25.28,1873500,
NFX,23.68,24.17,23.57,24.059999,2277000,
NG,1.97,2.06,1.93,2.04,1765600,
NGD,5.9,6.05,5.87,6,3220900,
NGG,55.509998,55.669998,55.189999,55.529999,2456100,
NGL,29.51,30,29.190001,29.969999,74800,
NGLS,46.080002,47.25,45.549999,46.93,540100,
NGPC,6.34,6.44,6.12,6.17,146800,
NGS,23.030001,23.209999,22.690001,23.040001,29300,
NGVC,32.810001,34.34,32.27,33.330002,171000,
NHI,57.57,58.490002,56.77,58.23,113100,
NI,27.780001,27.94,27.540002,27.860001,4863000,
NIB,28.58,29.02,28.51,29.02,24800,
NICE,36.779999,36.860001,36.130001,36.380001,165700,
NIHD,78.6,80.2,78.5,80.1,34100,
NILE,36.630001,37.290001,35.799999,36.669998,153300,
NKA,14.29,14.69,14.28,14.45,75100,
NKE,60.419998,60.990002,59.950001,60.389999,10896400,
NKTR,10.43,10.45,10.22,10.37,828200,
NKY,15.83,15.95,15.75,15.95,788800,
NLNK,22.799999,22.799999,21.84,22.370001,175400,
NLS,7.9,8.26,7.89,8.15,263200,
NLSN,34.029999,34.16,33.580002,33.810001,1413100,
NLST,0.93,0.96,0.91,0.93,68400,
NLY,12.58,12.82,12.5,12.74,12459600,
NM,4.91,5.12,4.88,5.1,402600,
NMFC,13.96,14.32,13.82,14,464200,
NMM,13.83,13.98,13.43,13.98,243800,
NMR,7.36,7.48,7.34,7.43,1594400,
NMRX,10.77,11.36,10.77,11.34,37700,
NNBR,10.32,10.52,10.15,10.41,72300,
NNI,35.82,36.07,35.77,35.900002,106900,
NNN,32.470001,33.02,32.080002,32.919998,1089700,
NOA,4.23,4.25,4.14,4.2,98100,
NOAH,8.4,9.19,8.3,8.82,718100,
NOC,81.669998,81.730003,80.639999,80.709999,1563800,
NOG,13.52,13.52,13.1,13.36,517600,
NOK,3.84,3.86,3.78,3.84,22308300,
NOR,3.359997,3.409997,3.269997,3.269997,115000,
NOV,67.719994,68.39,67.619998,67.66999,3294800,
NOW,39.75,40.009998,39.040001,39.599998,905800,
NP,31.719999,31.719999,31,31.540001,82200,
NPD,1.53,1.56,1.5,1.54,21400,
NPO,48.849998,49.450001,48.610001,49.439999,123600,
NPSP,15.06,15.26,14.41,14.58,1267300,
NPTN,8.41,8.45,8.1,8.28,50400,
NQ,7.5,7.8,7.43,7.71,182100,
NR,10.58,10.86,10.53,10.75,610100,
NRF,8.500003,8.72,8.420001,8.680003,1314300,
NRG,26.209999,26.709999,26.09,26.549999,5223000,
NRGM,22,22.72,21.64,22.02,934100,
NRGY,15.45,15.96,15.44,15.82,641800,
NRP,20.79,20.95,20.080001,20.64,40500,
NRT,24.120001,24.120001,23.57,24,33600,
NRZ,6.31,6.51,6.28,6.47,1336900,
NS,43.82,44.740002,43.619999,44.619999,173400,
NSC,71.129997,72.589996,70.889999,72.5,2338300,
NSH,24.379999,26.139999,24.379999,26.040001,209300,
NSIT,17.280001,17.280001,16.860001,17.110001,145000,
NSM,36.41,37.509998,36.41,37.400002,992400,
NSP,30.25,30.33,30.01,30.24,165100,
NSPH,3.66,3.74,3.3,3.36,54500,
NSR,47.779999,48.099998,47.130001,47.830002,248600,
NSU,2.81,2.92,2.79,2.79,965000,
NTAP,37.619999,37.75,37.07,37.450001,5311700,
NTCT,23.15,23.15,22.92,23.08,175100,
NTE,5.85,5.99,5.82,5.9,404300,
NTES,56.830002,57.330002,56.57,56.98,515800,
NTGR,32.68,32.799999,32.169998,32.709999,241200,
NTI,23.969999,24.1,23.030001,23.84,1345300,
NTLS,15.74,15.85,15.56,15.81,66600,
NTRI,10.44,10.81,10.38,10.65,553700,
NTRS,57.529999,57.98,57.080002,57.150002,2699300,
NTSP,15.97,15.98,15.95,15.97,497200,
NTT,25.23,25.43,25.23,25.4,382000,
NTWK,10.54,10.7,9.8,10.05,236831,
NU,40.43,40.7,39.94,40.54,1714000,
NUAN,18.24,18.41,18.15,18.33,2307900,
NUE,43.599998,43.889999,43.029999,43.68,1744500,
NUS,59.66,60.889999,59.529999,60.5,481600,
NUVA,24,24,23.6,23.91,370400,
NVAX,2.03,2.04,1.96,1.99,1232100,
NVDA,14.27,14.3,14.07,14.22,11434000,
NVDQ,12.83,13.24,12.74,12.98,62000,
NVE,23.52,23.54,23.45,23.46,5894300,
NVMI,8.93,9.08,8.81,8.95,45800,
NVO,154.239998,154.650002,152.250004,152.449999,1982000,
NVS,68.760002,69.010002,68.330002,68.910004,3121700,
NVTL,3.34,3.48,3.12,3.32,439600,
NWBI,13.02,13.34,13,13.29,1038300,
NWBO,3.23,3.37,3.15,3.15,85800,
NWE,39.330002,39.330002,38.869999,39.099998,179300,
NWL,25.6,25.799999,25.309999,25.43,3002200,
NWN,41.5,41.68,41.169998,41.459999,91500,
NWPX,27.809999,28.26,27.32,27.889999,19800,
NWS,15.5,15.67,15.35,15.66,564400,
NWSA,15.55,15.74,15.35,15.72,3577300,
NWY,6.16,6.29,6.04,6.25,185200,
NX,16.459999,16.66,16.25,16.450001,429800,
NXPI,29.450001,29.940001,29.4,29.9,2158100,
NXST,33.919998,34.150002,33.439999,34,564100,
NXTM,14.15,14.28,13.79,14.24,260400,
NYCB,13.63,13.83,13.57,13.78,3416700,
NYMT,6.81,6.92,6.8,6.89,1323100,
NYMX,5.03,5.21,4.9,5.05,20900,
NYT,10.45,10.77,10.35,10.67,2013400,
NYX,40.86,41.26,40.49,40.9,2129100,
O,40.959999,41.48,40.599998,41.279999,2451300,
OAK,51.240002,52.709999,51.119999,51.869999,194800,
OAS,38.860001,39.200001,38.5,38.939999,1605200,
OB,14.45,14.59,14.41,14.48,75800,
OC,40.75,41.23,40.529999,40.630001,1819100,
OCLR,1.25,1.27,1.21,1.27,552800,
OCN,41.110001,41.799999,40.810001,40.959999,1925500,
OCR,47.389999,47.509998,46.91,47.299999,1303400,
OCZ,1.43,1.47,1.4,1.45,834500,
ODFL,41.68,42.040001,41.32,41.619999,484900,
ODP,3.92,3.98,3.81,3.91,14857100,
OEF,71.970001,72.139999,71.440002,71.870003,806000,
OEH,11.34,11.51,11.29,11.45,1061800,
OEX,0.225,0.225,0.225,0.225,0,
OFC,24.620001,25.059999,24.309999,24.93,936100,
OFG,17.280001,17.549999,17.129999,17.469999,168200,
OFIX,27.01,27.040001,26.450001,26.68,113000,
OGE,66.360001,66.650002,65.5,66.559998,1743600,
OGXI,9.6,9.83,9.39,9.48,55900,
OHI,29.389999,30.25,29.15,30.040001,1615900,
OI,27.34,27.389999,26.82,26.9,1530600,
OIBR,1.77,1.78,1.72,1.76,330700,
OIH,42.400002,42.66,42.209999,42.490002,4079100,
OII,71.339996,71.940002,70.129997,71.809998,553800,
OIL,22.190001,22.219999,21.940001,22.049999,218200,
OILT,48.62,50.29,48.31,49.72,34100,
OIS,90.270003,91.589993,89.279994,91.199991,1795500,
OKE,41.679999,41.699999,40.979998,41.4,1116000,
OKS,47.240002,47.939999,47.07,47.810001,407000,
OKSB,13.1,13.16,13.05,13.08,26100,
OLED,26.450001,27.23,26.32,27.08,256400,
OLN,23.379999,23.780001,23.24,23.73,820600,
OMC,61.779999,62.23,61.32,61.599998,1469200,
OMCL,19.23,19.24,19.049999,19.190001,226000,
OME,9.41,9.41,8.94,9.07,98400,
OMER,5.09,5.09,4.9,5.06,82500,
OMEX,3.049999,3.049999,2.914999,3.019999,37300,
OMG,30.48,30.75,30.23,30.629999,188500,
OMI,33.799999,33.990002,33.349998,33.939999,305400,
OMN,7.85,7.86,7.73,7.8,121300,
OMX,10.28,10.41,10.0101,10.2,1215200,
ONB,13.49,13.74,13.38,13.7,457400,
ONCY,2.54,2.79,2.48,2.79,372700,
ONE,11.21,11.27,11.02,11.23,159100,
ONNN,7.83,7.97,7.67,7.74,5954100,
ONP,1.51,1.62,1.51,1.59,11200,
ONTY,1.75,1.78,1.67,1.69,451200,
ONXX,82.53,83.15,81.188,81.76,668900,
OPEN,61.12,62.35,60.82,61.76,322700,
OPK,6.99,7.01,6.75,6.94,1157600,
OPLK,17.94,18.77,17.52,17.64,38400,
OPTR,13.67,13.69,13.28,13.34,557500,
ORA,22.110001,22.700001,21.870001,22.540001,96700,
ORB,17.65,17.792,17.2564,17.28,177800,
ORBC,4.56,4.56,4.39,4.41,85900,
ORBK,11.89,12,11.71,11.81,81900,
ORCL,30.5,30.530001,29.889999,29.959999,64051500,
OREX,5.96,5.99,5.86,5.94,144700,
ORI,12.24,12.37,12.12,12.34,948400,
ORIG,16.91,17.32,16.73,17.07,256600,
ORIT,15.73,15.89,15.56,15.86,193800,
ORLY,111.480003,112,110.889999,111.330002,642800,
ORN,11.26,11.31,11.04,11.15,278800,
OSGIQ,3.27,3.35,3.26,3.34,185300,
OSIR,10.65,10.65,10.08,10.19,40600,
OSIS,63.25,63.5,61.740002,63.25,207000,
OSK,35.48,36.220001,35.34,35.950001,731100,
OSTK,25.639999,26.82,25.639999,26.77,120800,
OSUR,4.03,4.06,3.77,3.79,852300,
OSX,248.31,252.02,248.3,251.19,0,
OTEX,66.93,67.580002,66.769997,67.449997,943600,
OTTR,27.51,27.85,27.190001,27.77,77500,
OVTI,18.450001,18.65,18.1,18.4,1089500,
OVX,24.32,24.32,23.47,23.63,0,
OWW,7.64,7.66,7.5,7.62,612000,
OXF,2.7,2.98,2.54,2.65,325400,
OXM,58.610001,59.869999,58.369999,59.560001,130400,
OXY,89.250001,89.250001,87.890008,88.670006,3610900,
OZM,10.16,10.54,10.06,10.39,746500,
OZRK,43.75,43.990002,43.43,43.779999,433600,
P,15.38,16.629999,15.31,16.41,7403600,
PAA,54.299999,54.669998,53.779999,54.029999,1023600,
PAAS,10.83,10.9,10.56,10.74,2446800,
PAC,42.790001,46.450001,42.459999,45.900002,107500,
PACB,2.53,2.53,2.41,2.45,281600,
PACD,9.23,9.35,9.12,9.35,38900,
PACR,6.36,6.37,6.21,6.33,160700,
PACT,6.68,6.76,6.65,6.74,166625,
PACW,29.35,29.969999,29.02,29.85,143000,
PAG,28.709999,29.09,28.139999,28.889999,447100,
PAL,0.9525,0.99,0.925,0.9624,943317,
PANW,39.599998,41.950001,39.549999,41.57,1220700,
PATH,2.8,2.88,2.77,2.84,85300,
PAY,16.129999,16.879999,16.08,16.309999,6551400,
PAYX,37.669998,37.73,37.139999,37.630001,2003500,
PB,50.669998,51.099998,49.91,51.07,412000,
PBA,29.389999,30.51,29.389999,30.48,310500,
PBCT,14.62,14.75,14.53,14.71,4926100,
PBF,24.559999,25.27,24.559999,24.809999,892300,
PBH,29.01,29.1,28.610001,28.65,404000,
PBI,14.05,14.42,14,14.41,2595200,
PBJ,23.93,24.02,23.870001,23.969999,197200,
PBNY,9.33,9.44,9.24,9.38,124500,
PBR,13.7,13.72,13.25,13.43,20999200,
PBR.A,14.78,14.8,14.36,14.58,13173600,
PBT,13.01,13.17,12.86,13.04,134000,
PBTH,6.15,6.24,6.13,6.21,71200,
PBW,5.03,5.12,5.03,5.11,1052200,
PBY,11.27,11.28,11.07,11.14,254100,
PCAR,51.689999,52.049999,51.389999,51.880001,1548100,
PCCC,15.74,15.74,14.97,15.04,50400,
PCEF,23.59,23.91,23.59,23.870001,273600,
PCG,44.41,44.880001,44,44.73,7638500,
PCH,40.990002,41.73,40.080002,41.540001,406800,
PCL,45.41,46.09,44.970001,45.84,652700,
PCLN,813.679993,817.549988,805.030029,809.570007,476300,
PCOM,20.66,21.25,20.610001,21.07,86900,
PCP,212.210007,213.699997,211.360001,212.369995,761400,
PCRFY,7.29,7.4,7.29,7.4,93500,
PCRX,28.09,28.09,26.719999,27.34,340800,
PCTI,7.66,7.77,7.39,7.57,128400,
PCXCQ,0.162,0.175,0.16,0.16,493600,
PCY,26.360001,26.530001,26.25,26.42,1260700,
PCYC,81.24,81.36,78.6,79.3,467200,
PDCE,51.720001,52.5,51.110001,52.330002,210200,
PDCO,37.560001,37.560001,36.900002,37.299999,614900,
PDFS,18.059999,18.700001,17.75,17.809999,58200,
PDH,12.02,12.44,11.9385,12.28,132400,
PDLI,7.49,7.56,7.44,7.56,2075700,
PDM,17.07,17.610001,16.959999,17.43,1512900,
PDP,30.57,30.75,30.41,30.65,147600,
PDS,8.48,8.63,8.4,8.56,738900,
PEB,25.17,25.559999,24.9,25.42,505400,
PEG,32.080002,32.43,31.780001,32.279999,2291700,
PEGA,31.82,32.200001,31.48,32.139999,248400,
PEI,18.129999,18.34,17.98,18.16,786100,
PEIX,3.71,3.73,3.62,3.68,54000,
PENN,51.629999,52.029998,51.079997,51.569997,3016000,
PEP,80.419998,80.550003,79.669998,80.040001,5929200,
PER,14.4,14.74,14.36,14.67,162300,
PERI,11.27,11.8,11.27,11.7,168700,
PERY,20.99,20.99,20.5,20.73,57700,
PES,6.87,6.87,6.71,6.8,266800,
PETM,67.76,68.25,67.19,67.33,1067800,
PETS,12.62,12.63,12.49,12.51,148200,
PF,24.48,24.48,23.559999,24.35,839100,
PFE,28.08,28.15,27.58,27.99,118323400,
PFF,38.240002,38.549999,38.080002,38.459999,3859000,
PFG,36.57,37.16,36.34,36.990002,1315500,
PFMT,11.51,11.82,11.38,11.79,460100,
PFPT,24.120001,24.299999,23.58,23.790001,255700,
PFS,15.53,15.6,15.34,15.59,148500,
PFSI,21.15,21.25,20.959999,21.1,105400,
PFSW,4,4.02,3.9,3.96,10100,
PG,77.099998,77.239998,76.290001,76.690002,7909400,
PGEM,21.01,21.42,20.690001,20.799999,352400,
PGF,17.43,17.57,17.360001,17.52,987000,
PGH,4.7,4.79,4.63,4.77,1362200,
PGI,12.06,12.28,11.7,11.77,214500,
PGJ,19.870001,20.17,19.85,20.129999,39200,
PGNX,4.36,4.37,4.19,4.33,404900,
PGR,24.280001,24.48,24.200001,24.34,3052500,
PGTI,7.93,8.27,7.85,8.24,536300,
PGX,13.96,14.01,13.83,13.98,3730100,
PH,93.849998,94.589996,93.32,94.309998,1084800,
PHB,18.450001,18.620001,18.450001,18.58,386200,
PHG,26.77,27.110001,26.639999,27.07,1360000,
PHH,20.18,20.75,20.18,20.559999,2338900,
PHM,19.040001,19.469999,18.809999,19.02,15671600,
PHMD,15.4,15.510001,15.22,15.480001,10400,
PHO,21.540001,21.700001,21.469999,21.620001,94400,
PICO,20.040001,21.040001,20.040001,20.98,118000,
PID,16.059999,16.129999,15.95,16.110001,203000,
PIE,17.01,17.059999,16.879999,17.049999,620400,
PII,93.839996,94.18,92.589996,93.139999,605200,
PIKE,11.82,11.96,11.8,11.92,201400,
PIN,15.91,16.08,15.79,16.07,937000,
PIP,1.59,1.59,1.56,1.57,253500,
PIR,23.01,23.48,22.99,23.370001,1727900,
PJC,32.09,32.349998,31.75,32.23,76800,
PKD,4.92,5.09,4.87,5.08,565700,
PKE,24.040001,24.35,24,24.110001,31100,
PKG,48.32,48.450001,47.5,47.98,585700,
PKI,33.080002,33.279999,32.470001,32.740002,1154600,
PKT,12.96,13.26,12.72,13.22,317400,
PKW,34.759998,34.869999,34.57,34.759998,698200,
PKX,63.650002,64.25,63.580002,63.900002,364300,
PKY,16.17,16.309999,15.97,16.26,365800,
PL,37.3,37.93,36.88,37.61,452300,
PLAB,8,8.1,7.84,8.01,673900,
PLCE,52.580002,53.529999,52.02,52.98,325000,
PLCM,10.29,10.33,10.06,10.17,2419500,
PLD,36.169998,37.09,35.810001,36.919998,5026400,
PLL,65.25,65.599998,64.480003,64.919998,388400,
PLOW,13.22,13.37,13.01,13.33,55800,
PLT,44.310001,44.419998,43.560001,44.299999,189700,
PLTM,10.9,11,10.87,10.93,4800,
PLUG,0.4,0.42,0.4,0.42,1798400,
PLX,4.92,4.95,4.71,4.88,266900,
PLXS,28.6,28.860001,28.01,28.74,159100,
PLXT,4.74,4.76,4.69,4.72,576300,
PM,86.57,86.940002,86.050003,86.5,6387200,
PMC,13.12,13.42,12.93,13.19,375500,
PMCS,5.92,6.08,5.86,6.07,1198900,
PMFG,6.48,6.48,6.3,6.35,75700,
PMT,19.389999,19.950001,19.25,19.879999,1319800,
PMTC,24.07,24.51,23.51,23.99,535800,
PMTI,13.41,13.41,13.41,13.41,0,
PNC,71.349998,72.839996,70.860001,72.699997,3307800,
PNFP,25.030001,25.469999,24.92,25.209999,187900,
PNG,19.39,20.18,19.06,19.95,101200,
PNK,18.27,18.66,18.110001,18.58,493900,
PNM,21.639999,21.860001,21.440001,21.75,415900,
PNNT,10.58,10.75,10.53,10.72,433300,
PNR,56.259998,56.950001,56.200001,56.599998,1336300,
PNRA,180.720001,181.970001,178.509995,179.720001,392000,
PNW,52.790001,53.599998,52.380001,53.41,814500,
PNY,33.25,33.330002,32.68,32.950001,244400,
PODD,31.58,31.58,30.790001,30.99,335700,
POL,24.59,24.76,24.32,24.690001,484700,
POM,19.91,19.969999,19.75,19.91,1800300,
POOL,51.68,52.59,50.919998,51.919998,346000,
POR,29.98,30.18,29.639999,29.870001,936000,
POST,44.389999,44.75,43.810001,44.150002,132500,
POT,38.459999,38.599998,38.02,38.43,5339200,
POWI,39.389999,39.950001,38.860001,39.849998,139300,
POWR,14.88,15.08,14.46,14.89,226900,
POZN,4.99,5.18,4.82,4.9,104100,
PPC,12.8,12.99,12.71,12.9,427800,
PPG,149.179993,150.240005,146.770004,147.830002,1300400,
PPH,45.27,45.27,44.830002,45.09,62300,
PPHM,1.45,1.54,1.41,1.54,2774800,
PPL,29.18,29.530001,29.040001,29.5,4994400,
PPO,40,40.290001,38.990002,39.07,911700,
PPP,4.35,4.44,4.26,4.34,198200,
PPS,47.549999,47.91,46.950001,47.580002,884700,
PQ,4.01,4.22,4.01,4.17,182400,
PRA,50.439999,50.57,50.110001,50.34,177200,
PRAA,156.369987,157.700008,153.53001,154.599987,267600,
PRCP,7.4,7.58,7.4,7.56,3500,
PRE,87.220001,87.919998,86.959999,87.029999,585700,
PRFT,13.2,13.25,13,13.16,85800,
PRGO,119.550003,119.550003,117.779999,118.790001,403500,
PRGS,21.49,21.65,21.08,21.6,428400,
PRI,37.02,37.32,36.610001,36.880001,208700,
PRIM,19.389999,19.389999,19.07,19.120001,159300,
PRKR,4.05,4.16,4.02,4.12,58500,
PRLB,62,66.25,62,64.620003,739000,
PRMW,1.76,1.78,1.61,1.77,29800,
PRSC,25.469999,26.549999,25.440001,26.389999,105100,
PRSS,6,6.13,5.96,6.06,27700,
PRU,71.099998,72,70.290001,71.089996,3559600,
PRXL,49.02,49.02,47.240002,47.540001,668600,
PSA,150.190002,151.940002,148.130005,150.800003,836300,
PSB,66.43,67.480003,65.860001,67.089996,94700,
PSDV,3.63,3.89,3.63,3.77,86400,
PSE,24.22,24.22,24.22,24.22,0,
PSEC,10.46,10.69,10.46,10.67,3921100,
PSEM,7.15,7.2,7.03,7.1,91600,
PSMI,10.74,10.74,10.37,10.68,134100,
PSMT,87.669998,88.110001,85.849998,87.160004,65800,
PSO,17.92,18,17.780001,17.959999,489700,
PSQ,23.200001,23.389999,23.16,23.26,133100,
PST,29.74,30.07,29.73,30.01,227800,
PSTB,5.7,5.74,5.62,5.69,81200,
PSTI,2.85,3,2.78,3,216000,
PSUN,2.94,3.04,2.88,3,397000,
PSX,58.290001,59.709999,58.290001,59.41,3453600,
PT,3.86,3.93,3.8,3.93,613800,
PTEN,19.59,20.07,19.530001,19.99,2730300,
PTIE,2.29,2.32,2.28,2.29,179900,
PTM,15.21,15.26,15.11,15.2,5300,
PTP,55.5,55.98,55.31,55.42,178600,
PTR,103.129997,103.300003,101.82,102.449997,153800,
PTRY,12.37,12.4,12.1,12.17,112600,
PUK,32.220001,32.240002,31.82,32.130001,150500,
PVA,4.61,4.7,4.55,4.7,826200,
PVG,6.27,6.48,6.19,6.42,160900,
PVH,122.239998,123.82,121.120003,123.419998,893900,
PVR,25.81,26.65,25.6,26.43,277700,
PVTB,19.98,20.65,19.719999,20.610001,583100,
PWE,10.79,10.95,10.6,10.7,2982100,
PWER,6.29,6.32,6.29,6.32,2977300,
PWR,26.040001,26.34,25.84,26.200001,2234700,
PWRD,14.98,15.86,14.95,15.79,975600,
PX,114.889999,114.989998,113.82,114.389999,1106000,
PXD,147.800003,149.419998,145.279999,148.009995,1208500,
PZA,22.82,23.559999,22.66,23.48,1076300,
PZE,3.48,3.65,3.45,3.58,116800,
PZG,1.21,1.24,1.15,1.17,659000,
PZO,131.770004,132.779999,131.419998,132.210007,0,
PZZA,63.799999,64.550003,63,64.139999,187400,
Q,43.540001,43.740002,42.639999,43,214700,
QCOM,60.419998,62.380001,60.369999,61.810001,21204900,
QCOR,44.24,44.65,43.5501,44.2,893300,
QDEL,25.690001,25.74,25.4,25.57,138300,
QEP,28.35,28.58,27.870001,28.209999,1283700,
QGEN,19.09,19.24,18.840001,19.22,958800,
QID,24.280001,24.700001,24.190001,24.42,1144800,
QIHU,43.73,44.740002,42.279999,44.139999,2652500,
QLD,63.84,64.040001,62.759998,63.48,4769800,
QLGC,9.47,9.49,9.29,9.36,1042500,
QLIK,27.780001,27.85,27.18,27.48,1006700,
QLTI,8.19,8.33,8.07,8.1,79800,
QLTY,8.94,9.3,8.93,9.08,203600,
QLYS,15.73,16.219999,15.6,16.16,243100,
QNST,8.05,8.1,8,8.09,98600,
QQEW,29.58,29.639999,29.370001,29.6,77400,
QQQ,70.400002,70.519997,69.809998,70.239998,28897400,
QRE,16.23,16.66,16.1,16.58,320200,
QSII,18.26,18.32,17.74,17.809999,430400,
QTM,1.38,1.39,1.31,1.38,1042100,
QTWW,0.53,0.56,0.52,0.56,47500,
QUAD,24.040001,24.32,23.83,24.1,129000,
QUIK,2.31,2.34,2.28,2.32,103800,
R,59.52,60.599998,59.040001,60.360001,419400,
RAD,2.81,2.83,2.76,2.81,17850400,
RAI,47.98,48.32,47.349998,48.009998,4491400,
RAIL,17.190001,17.190001,16.700001,16.959999,126100,
RAS,7.37,7.46,7.12,7.15,1076600,
RATE,14.58,14.7,14.42,14.59,437000,
RAVN,29.66,29.66,28.82,29.23,122500,
RAX,35.869999,36.169998,35.349998,36.110001,1257400,
RBA,19.59,19.59,19.280001,19.33,554600,
RBC,62.75,63.200001,62.48,62.849998,460500,
RBCAA,22.92,22.92,22.139999,22.450001,12300,
RBCN,7.76,8.35,7.36,8.27,390000,
RBS,8.82,8.83,8.68,8.8,720400,
RBY,1.32,1.39,1.27,1.29,795300,
RCI,44.02,44.27,43.459999,43.689999,842700,
RCII,37.25,37.59,36.52,36.82,509900,
RCL,32.689999,33.349998,32.599998,33.099998,2485800,
RDA,10.67,11.5,10.67,11.5,260000,
RDC,33.560001,33.93,33.419998,33.790001,947200,
RDEN,45.330002,45.330002,44.200001,44.490002,145400,
RDI,5.98,6.1,5.97,6.06,16100,
RDN,11.17,11.52,11.13,11.37,8785200,
RDNT,2.53,2.544,2.48,2.52,32162,
RDS.A,63.49,63.58,62.95,62.98,4662800,
RDS.B,65.92,65.95,65.33,65.57,1544900,
RDWR,14.32,14.43,13.97,14,322100,
RDY,35.490002,35.849998,35.279999,35.720001,183700,
RE,126.089996,126.089996,124.360001,124.550003,236600,
RECN,11.07,11.15,10.89,11.01,156700,
REDF,2.35,2.46,2.33,2.39,24900,
REE,1.88,1.9,1.76,1.81,187500,
REED,4.9,4.98,4.8,4.85,21600,
REFR,4.04,4.1,3.96,4.02,26800,
REG,47.82,48.560001,47.360001,48.34,770000,
REGI,13.07,13.23,12.91,13.12,326100,
REGN,220.949997,225.199997,218.360001,220.169998,904800,
RELL,11.69,11.74,11.55,11.71,39200,
REM,12.7,12.88,12.64,12.82,1749300,
REMX,9.49,9.61,9.39,9.47,6500,
REN,7.75,7.91,7.63,7.77,234600,
RENN,2.77,2.85,2.77,2.81,1943600,
RENT,21.32,21.32,19.969999,20.5,60600,
RES,13.79,14.25,13.73,14.12,560000,
REV,22.25,22.75,21.780001,22.51,144300,
REW,33.029999,33.060001,32.669998,32.669998,600,
REXI,8.05,8.08,7.83,8,19700,
REXX,17.73,18.200001,17.34,18.15,690600,
RF,9.19,9.31,9.13,9.27,13056800,
RFMD,5.21,5.28,5.11,5.24,4220400,
RFP,12.93,13.1,12.89,13.05,466500,
RGA,66.440002,66.68,65.839996,66.43,386100,
RGC,17.219999,17.57,17.139999,17.51,924700,
RGEN,7.92,7.92,7.52,7.63,194200,
RGLD,43.299999,43.630001,41.650002,42.369999,1241300,
RGP,25.389999,26.27,25.18,26.07,908200,
RGR,47.860001,49.259998,47.619999,49.23,261900,
RGS,16.290001,16.43,16.040001,16.17,440200,
RH,73.089996,74.620003,72.57,72.900002,507300,
RHI,32.490002,32.860001,32.209999,32.68,768500,
RHP,35.43,35.779999,35.200001,35.540001,857500,
RHT,46.34,46.48,45.470001,45.860001,2051700,
RIC,1.5,1.51,1.45,1.45,104700,
RICK,8.57,8.66,8.46,8.48,29700,
RIG,46.919998,47.759998,46.709999,47.529999,3041700,
RIGL,3.68,3.68,3.5,3.52,546600,
RIMG,8.11,8.4,8,8.12,11600,
RIO,40.790001,41.459999,40.630001,41.299999,4211400,
RIOM,1.73,1.87,1.73,1.82,104400,
RJA,8.5,8.51,8.43,8.48,1453200,
RJET,11.15,11.34,11.11,11.3,369000,
RJF,42.240002,42.720001,41.860001,42.529999,660000,
RJI,8.03,8.05,7.99,8.02,930400,
RJN,6.7,6.7,6.4,6.44,22200,
RKT,100.779999,100.779999,98.529999,98.980003,1689200,
RKUS,11.86,12.15,11.57,11.75,955100,
RL,170.440002,171.809998,169.490005,170.259995,608000,
RLD,14.07,14.17,13.65,13.89,360600,
RLGY,46.080002,48.43,46.040001,47.84,1966100,
RLH,6.18,6.2,6.1,6.15,69500,
RLI,75.150002,75.150002,73.93,74.860001,144400,
RLJ,22.110001,22.23,21.75,22.01,1642000,
RLOC,12.5,12.67,12.32,12.61,59700,
RMBS,8.32,8.47,8.29,8.47,571900,
RMD,48,48.400002,47.18,47.240002,1006700,
RMTI,3.7,3.73,3.4,3.42,941900,
RNDY,7.88,8.14,7.86,8.1,695900,
RNF,28.530001,29.030001,28.459999,28.67,74500,
RNO,12.84,13.13,12.84,13,30600,
RNR,85.029999,85.029999,84.139999,84.160004,349100,
RNST,23.49,23.940001,23.26,23.790001,117700,
ROC,62.82,63.16,62.32,62.84,481207,
ROCK,14.64,14.77,14.45,14.67,97800,
ROCM,14.41,14.4899,14.07,14.2,16800,
ROG,45.610001,46.259998,45.299999,46.200001,67800,
ROIC,13.11,13.25,12.97,13.21,495100,
ROK,82.669998,83.639999,82.300003,83.269997,850500,
ROL,25.030005,25.180006,24.75,25.129995,325800,
ROLL,52.52,52.52,51.75,51.790001,61600,
ROM,75.330002,75.57,73.970001,74.830002,64000,
ROP,121.169998,121.279999,119.860001,120.269997,347600,
ROSE,43,43.23,42.32,43.009998,755500,
ROSG,3.36,3.56,3.27,3.48,238900,
ROST,63.889999,64.370003,63,63.830002,2501600,
ROVI,22.9,23.129999,22.629999,22.940001,1084900,
ROYL,2.49,2.59,2.48,2.52,140000,
ROYT,18.02,18.17,17.91,17.940001,60900,
RP,18.23,18.23,17.82,17.959999,218100,
RPAI,14.46,14.48,14.11,14.29,918700,
RPM,31.469999,31.82,31.16,31.780001,422300,
RPRX,17.67,18.139999,16.360001,16.6,698800,
RPTP,7.82,8.09,7.75,8.08,313600,
RPXC,16.4,16.620001,16.030001,16.48,402500,
RRC,79.620003,80.07,78.959999,79.68,1388600,
RRD,13.45,13.83,13.31,13.82,1752500,
RRGB,54.57,54.68,53.950001,54.119999,122000,
RRMS,36.150002,36.34,35.669998,36.330002,31600,
RRTS,26.639999,27.190001,26.549999,27.07,149000,
RS,63.080002,64.080002,62.200001,63.740002,460100,
RSE,18.35,18.73,18.209999,18.66,128800,
RSG,33,33.560001,32.93,33.48,1975200,
RSH,30.55,30.55,30.55,30.55,0,
RSO,6.2,6.24,6.14,6.16,512700,
RSOL,2.2,2.45,2.2,2.23,2250100,
RSP,60.400002,60.619999,59.93,60.439999,658800,
RST,14.7,14.84,14.46,14.68,202500,
RSTI,25.709999,25.889999,25.540001,25.610001,120200,
RSX,24.75,24.83,24.49,24.790001,3466200,
RSYS,4.83,4.99,4.63,4.92,57900,
RT,8.93,9.05,8.82,9,375600,
RTEC,11.97,11.97,11.71,11.72,137000,
RTH,51.09,51.400002,50.049999,51.259998,31600,
RTI,27.74,27.9,27.07,27.450001,246700,
RTIX,4.27,4.29,4.02,4.07,275000,
RTK,1.97,2.04,1.96,2.03,191600,
RTN,65.959999,66.040001,65.029999,65.32,1453000,
RUE,41.58,41.73,41.58,41.67,221700,
RUSHA,24.51,25.110001,24.18,24.459999,146200,
RUSL,19.280385,19.380385,18.760374,19.350386,2300,
RUSS,22.049999,22.860001,21.91,22.07,12000,
RUT,956.950012,962.099976,954.039978,961.26001,37611700,
RUTH,11.75,11.79,11.54,11.75,130600,
RVBD,15.43,15.71,15.12,15.27,2318200,
RVLT,3.85,3.88,3.42,3.57,119200,
RVM,0.67,0.7,0.66,0.68,163400,
RWM,20.950001,21.110001,20.889999,20.92,246400,
RWO,40.369999,40.790001,40.080002,40.66,228500,
RWR,73.080002,74.190002,72.599998,73.82,429300,
RWT,16.84,17.110001,16.5,16.58,2350200,
RWX,38.060001,38.450001,37.93,38.349998,442400,
RXN,16.77,17.18,16.65,16.98,382400,
RY,56.810001,57.200001,56.599998,57.18,918300,
RYAAY,49.190002,50.700001,48.990002,49.96,858500,
RYL,40.169998,40.549999,38.560001,38.830002,2329600,
RYN,52.530001,53.599994,51.850004,53.330002,1737200,
S,6.92,7.01,6.84,6.88,120420800,
SA,9.37,9.6,9.31,9.36,312400,
SAA,70.120003,70.660004,69.349998,70.660004,6400,
SAAS,8.01,8.11,7.87,8.1,445600,
SABA,8.9,9.29,8.9,9.29,67600,
SAFM,65.150002,65.919998,64.849998,65.449997,173300,
SAFT,48.810001,48.889999,48.349998,48.459999,87200,
SAH,20.309999,20.48,20.139999,20.41,275600,
SAI,0.025,0.025,0.025,0.025,0,
SAIA,29.610001,30.190001,29.379999,29.5,136800,
SAM,170,173.139999,169.089996,172.830002,48900,
SAN,6.5,6.52,6.38,6.47,12838400,
SAND,5.95,6.01,5.55,5.67,519000,
SANM,13.74,14,13.47,13.93,624400,
SAP,72.239998,72.75,71.209999,72.730003,2210700,
SAPE,12.83,12.97,12.63,12.85,806300,
SATS,38.509998,38.759998,38.110001,38.509998,67200,
SAVE,32.650002,33,30.15,30.49,1396300,
SB,5.06,5.2,5.03,5.14,216200,
SBAC,71.68,72.25,71.370003,71.510002,1764800,
SBGI,28.030001,28.74,27.75,28.629999,1094500,
SBGL,2.9,2.96,2.81,2.94,352400,
SBH,30.01,30.549999,29.85,30.4,1005900,
SBNY,80.800003,82.629997,79.43,82.419998,289600,
SBS,9.52,10.03,9.45,10.02,3023900,
SBSI,23.999995,24.439998,23.430002,24.300002,64200,
SBUX,64.529999,65.360001,64.440002,64.739998,9857000,
SBY,16.02,16.950001,16,16.66,1568600,
SCCO,27.35,27.6,27.110001,27.209999,2549900,
SCG,48.27,48.650002,47.759998,48.48,565000,
SCHA,43.189999,43.34,42.860001,43.220001,622700,
SCHB,38.310001,38.490002,38.09,38.389999,1450000,
SCHD,32.459999,32.459999,32.200001,32.360001,317300,
SCHE,22.309999,22.51,22.15,22.459999,299700,
SCHF,26.93,27.09,26.68,26.969999,262200,
SCHG,37.709999,37.810001,37.490002,37.689999,190400,
SCHH,30.75,31.280001,30.620001,31.120001,195600,
SCHL,28.42,28.809999,28.33,28.68,198500,
SCHM,31.200001,31.389999,31.030001,31.309999,360700,
SCHN,24.17,24.51,23.690001,24.370001,268900,
SCHV,35.73,35.939999,35.540001,35.810001,132300,
SCHW,20.85,21.139999,20.700001,21.040001,12019800,
SCHX,37.740002,37.889999,37.48,37.759998,421500,
SCI,17.299999,17.540001,17.299999,17.41,1297000,
SCIF,6.95,7.03,6.89,6.99,150400,
SCLN,4.8,4.92,4.71,4.89,214600,
SCMP,6.57,6.65,6.39,6.5,125300,
SCO,36.990002,37.77,36.900002,37.41,970400,
SCOK,1.43,1.46,1.3901,1.43,21759,
SCOR,23.200001,23.799999,23.059999,23.77,130400,
SCR,17.055,17.055,17.055,17.055,0,
SCS,14.5,14.55,14.28,14.45,708600,
SCSC,32.34,32.34,31.530001,32.259998,81800,
SCSS,23.85,24.1,23.32,23.51,1079500,
SCTY,33.650002,36.419998,33.5,36.009998,3388300,
SCVL,22.99,24.25,22.84,24,67100,
SCZ,42,42.310001,41.740002,42.259998,150800,
SD,4.86,4.91,4.83,4.9,5540000,
SDIV,20.870001,21.049999,20.780001,21.01,365800,
SDLP,28.190001,28.58,28,28.07,30000,
SDOW,44.43,45.220001,44.119999,44.540001,455400,
SDR,12.65,12.82,12.5,12.61,205700,
SDRL,38.509998,39.400002,38.490002,39.310001,3021400,
SDS,41.84,42.41,41.48,41.790001,15827800,
SDT,12.95,13.49,12.95,13.49,109900,
SDY,65.459999,65.75,64.949997,65.57,886700,
SE,33.779999,34.150002,33.439999,34.110001,5100300,
SEA,16.85,17.02,16.85,17.01,13400,
SEAC,11.49,11.55,11.3,11.44,168900,
SEAS,37.650002,37.700001,36.080002,36.299999,271600,
SEE,23.049999,23.33,23,23.26,1769900,
SEED,1.46,1.46,1.43,1.44,16400,
SEF,24.35,24.35,24.01,24.059999,21900,
SEIC,27.73,28.01,27.540001,27.9,939700,
SEM,8.07,8.09,7.85,8.07,636100,
SEMG,51.509998,52.029999,51.400002,52,253900,
SEP,43.349998,44.240002,42.709999,43.43,604600,
SF,34.650002,34.860001,34.459999,34.84,389100,
SFC,93.43,94.059998,93.330002,93.82,0,
SFD,32.86,32.92,32.8,32.81,3405151,
SFE,15.46,15.6,15.29,15.57,142100,
SFG,47.700001,48.27,47.43,48.080002,260400,
SFI,19800,20400,19300,19400,40100,
SFL,14.93,14.95,14.18,14.35,1125500,
SFLY,54.169998,55.150002,53.73,54.990002,748200,
SFUN,23.729999,24.34,23.699999,24.14,931000,
SFY,12.08,12.15,11.75,12.1,689800,
SGEN,30.379999,31.5,28.15,29.700001,3641800,
SGG,60.950001,61,60.209999,60.470001,13400,
SGI,13.61,13.69,13.31,13.54,284700,
SGMO,7.63,7.86,7.28,7.37,307700,
SGMS,10.75,10.81,10.5,10.77,277300,
SGOL,126.120003,126.309998,125.339996,125.800003,81400,
SGU,4.77,4.87,4.77,4.84,32300,
SGY,21.329999,21.5,20.779999,21.460001,8700,
SGYP,4.669997,4.700002,4.480004,4.569997,758600,
SH,29.940001,30.15,29.82,29.92,3499300,
SHEN,16.77,17.1,16.5,17.01,164200,
SHFL,17.5,17.632,17.32,17.37,876500,
SHLD,43.629886,43.919884,42.649887,43.299884,690500,
SHLM,26.110001,26.57,25.719999,26.02,91400,
SHO,11.42,11.67,11.36,11.53,1370900,
SHOO,46.870005,46.990005,45.979995,46.720004,261900,
SHOR,3.95,4.07,3.86,4.04,261500,
SHOS,41.57,41.57,40.139999,40.549999,171000,
SHPG,92.849998,93.839996,92.68,93.709999,592600,
SHW,174.75,177.740005,174.360001,175.779999,815400,
SHY,84.239998,84.239998,84.18,84.199997,2382600,
SI,0.11,0.11,0.11,0.11,0,
SIAL,81.199997,81.199997,80.110001,80.489998,513400,
SID,2.88,2.91,2.81,2.89,3854900,
SIFY,1.73,1.8,1.73,1.8,24100,
SIG,65.690002,66.910004,65.120003,66.510002,485100,
SIGA,2.85,2.85,2.72,2.77,437100,
SIGM,4.82,4.86,4.71,4.79,132100,
SIL,11.229988,11.399988,11.179989,11.269989,50500,
SIM,11.66,11.66,11.45,11.51,18500,
SIMG,5.33,5.37,5.2297,5.35,558400,
SIMO,10.7,10.99,10.56,10.68,62400,
SINA,53.169998,54.150002,52.709999,54.099998,1477500,
SIR,29.24,29.84,28.68,29.83,128500,
SIRI,3.26,3.28,3.18,3.2,78198500,
SIRO,64.269997,66.309998,64.269997,65.18,863100,
SIVB,81.059998,82.080002,80.339996,81.809998,633800,
SIVR,19.459999,19.559999,19.33,19.370001,126400,
SIX,72.169998,72.720001,70.629997,71.339996,781200,
SJB,32.130001,32.200001,31.9,32.049999,209500,
SJI,56.349998,56.349998,55.360001,55.689999,248800,
SJM,100.699997,101.260002,99.860001,100.900002,745600,
SJR,21.690001,21.809999,21.469999,21.790001,349700,
SJT,15.52,15.57,15.33,15.51,126100,
SKF,24.15,24.41,23.66,23.889999,168200,
SKH,6.96,7.2,6.96,7.05,211600,
SKM,19.26,19.559999,19.25,19.549999,1548000,
SKS,13.68,13.93,13.49,13.59,1692300,
SKT,32.619999,32.790001,32.310001,32.630001,812500,
SKUL,5.29,5.51,5.27,5.3,194600,
SKX,22.16,22.92,22.059999,22.83,2039100,
SKYW,13.61,13.8,13.31,13.77,346200,
SKYY,20.610001,20.639999,20.42,20.6,15700,
SLAB,40.970001,41.139999,40.200001,41.080002,231400,
SLB,72.040001,72.989998,71.870003,72.089996,6693400,
SLCA,19.84,20.059999,19.57,19.84,1709000,
SLF,28.530001,28.959999,28.200001,28.790001,611300,
SLG,85.779999,86.300003,84.790001,85.639999,1036200,
SLGN,46.759998,47.299999,45.919998,46.900002,151500,
SLH,52.130001,52.470001,51.439999,52.029999,81900,
SLM,22.150004,22.959997,22.150004,22.920014,10694500,
SLRC,22.299999,22.540001,22.18,22.540001,260800,
SLT,33.88,33.88,33.88,33.88,100,
SLV,19.01,19.09,18.870001,18.91,7847800,
SLW,19.309999,19.59,19.059999,19.27,6886000,
SLX,37.380001,37.84,37.060001,37.779999,139200,
SLXP,64.75,65.25,64.02,64.39,564100,
SM,60.290001,60.82,59.369999,60.459999,690400,
SMA,1.47,1.49,1.43,1.46,1500,
SMFG,8.8,8.88,8.74,8.84,1873300,
SMG,47.509998,47.650002,46.939999,47.41,355100,
SMH,36.889999,37.169998,36.57,37.080002,1143400,
SMLP,33.189999,33.419998,32.52,32.880001,196600,
SMN,52.66,53.540001,52.549999,52.860001,48300,
SMP,34.09,34.470001,33.790001,33.799999,188500,
SMRT,13.12,13.59,13.12,13.43,203500,
SMS,0.5,0.5,0.5,0.5,400,
SMSI,1.18,1.18,1.12,1.13,7100,
SMT,1.34,1.42,1.34,1.4,166600,
SMTC,34.84,34.84,33.470001,34.669998,1477900,
SN,22.540001,23.25,22.540001,23.190001,417600,
SNA,87,88.139999,86.889999,87.800003,228200,
SNAK,7.97,8.1,7.79,8.09,86600,
SNCR,30.389999,30.91,29.870001,30.25,194700,
SNDK,58.18,58.84,57.610001,58.34,3175800,
SNE,20.33,20.459999,20.129999,20.4,1874200,
SNH,24.940001,25.450001,24.67,25.25,1242000,
SNHY,30.360001,31.58,30.219999,31.49,66200,
SNI,65.540001,65.769997,64.830002,65.080002,821000,
SNP,87.809992,88.319996,87.279993,88.040005,193300,
SNPS,35.380001,35.41,34.849998,35.119999,515400,
SNSS,5.19001,5.22001,5.01001,5.11001,31500,
SNTA,4.61,4.61,4.21,4.39,1784000,
SNTS,19000,19000,19000,19000,61900,
SNV,2.720054,2.870057,2.700054,2.850057,1489300,
SNX,42.16,42.48,41.439999,41.57,400100,
SNY,49.860001,49.990002,49.330002,49.77,2067200,
SO,43.130001,43.82,42.91,43.560001,5035900,
SODA,67.830002,70.769997,67.809998,69.309998,1332500,
SOHU,59.060001,59.950001,58.02,59.02,1103600,
SOL,2.06,2.08,1.97,2.02,527200,
SON,34.09,34.16,33.59,34.040001,274400,
SONC,14.16,14.4,13.63,14.31,1569300,
SONS,3.13,3.14,3.05,3.12,361200,
SORL,2.64,2.78,2.58,2.76,27100,
SOX,456.8,463.62,455.37,462.51,0,
SOXL,43.139999,45.349998,43.029999,45.119999,922800,
SOXS,17.23,17.24,16.17,16.33,29700,
SOXX,62.16,63.029999,61.93,62.889999,104300,
SOYB,23.450001,24.24,23.450001,24.23,12400,
SPAR,5.77,5.84,5.72,5.77,70000,
SPB,57.68,57.68,56.110001,56.360001,363500,
SPF,8.33,8.43,8.02,8.1,11268900,
SPG,156.209999,157.809997,154.999996,156.829996,2259800,
SPH,44.27,44.700001,43.709999,44.119999,178300,
SPIL,5.94,6.02,5.89,6,609200,
SPLK,43.880001,44.290001,43.509998,43.950001,1066700,
SPLS,15.55,15.88,15.39,15.83,7422500,
SPLV,30.51,30.700001,30.33,30.629999,2989800,
SPN,26.190001,26.719999,25.85,26.57,1699200,
SPNC,18.51,18.66,18.01,18.49,290900,
SPP,1.99,2.01,1.99,1.99,500,
SPPI,7.92,7.92,7.47,7.47,807500,
SPR,21.09,21.15,20.75,20.93,650200,
SPRD,26.13,26.2699,25.73,26.14,1232900,
SPRT,4.65,4.66,4.59,4.66,92900,
SPSC,51.189999,51.560001,50.66,51.540001,134600,
SPTN,18.52,18.52,17.9,18.190001,155800,
SPU,2.03,2.05,1.95,1.98,5800,
SPW,72.25,72.360001,71.510002,71.989998,441900,
SPWR,18.280001,19.02,18.24,18.91,3613200,
SPX,1577.52002,1593.790039,1577.089966,1588.030029,3761170000,
SPXL,40.150002,40.639999,39.360001,40.240002,3161500,
SPXS,11.27,11.51,11.14,11.26,933600,
SPXU,25.42,25.959999,25.1,25.360001,3298200,
SPY,158.479996,160.100006,157.419998,158.570007,162262200,
SQI,23.110001,23.49,22.559999,22.91,42600,
SQM,39.409999,39.699998,38.959997,39.04,1499600,
SQNM,4.33,4.4,4.2,4.31,2840400,
SQQQ,29.809999,30.559999,29.629999,30.049999,609800,
SRC,17.919997,18.09,17.390005,17.989999,3309000,
SRCL,108.559998,109.120003,107.830002,108.559998,413400,
SRDX,21.120001,21.16,19.790001,19.860001,98600,
SRE,80.900002,81.389999,80.029999,80.989998,1242500,
SREV,9.15,9.22,9.05,9.15,610700,
SRI,10.43,10.91,10.32,10.85,291300,
SRPT,38.790001,39.900002,38.599998,39.73,1496500,
SRS,22.82,23.18,22.209999,22.41,144300,
SRT,4.72,4.84,4.69,4.69,16900,
SRTY,20.959999,21.450001,20.82,20.950001,167700,
SSD,28.219999,28.51,28.15,28.209999,154200,
SSG,28.2,29,28.2,28.410001,600,
SSH,5.52,5.59,5.46,5.51,20000,
SSI,22.9,23.629999,22.700001,23.549999,694500,
SSL,41.759998,41.869999,41.389999,41.700001,183600,
SSN,0.43,0.44,0.43,0.44,30000,
SSNC,32.669998,32.990002,32.27,32.970001,466400,
SSO,75.050003,75.68,74.059998,75.139999,14956400,
SSP,15.129997,15.530003,14.999998,15.459994,449200,
SSRI,5.88,5.95,5.75,5.91,1081700,
SSS,63.650002,63.66,62.57,63.389999,289200,
SSW,21.25,21.639999,21.129999,21.309999,67500,
SSYS,80,81.93,79.830002,80.669998,616900,
ST,34.939999,35.080002,34.669998,34.860001,1489900,
STAA,10.17,10.24,9.82,10.19,114300,
STAG,19.77,19.809999,19.299999,19.690001,873100,
STB,5.9,6.09,5.89,6.06,107100,
STBA,19.66,19.66,19.34,19.559999,53600,
STBZ,15.21,15.36,15,15.32,50200,
STC,25.82,25.82,24.790001,25.09,345700,
STE,43.119999,43.290001,42.759998,42.950001,399800,
STEC,6.73,6.82,6.71,6.8,8968500,
STEI,13.1,13.1,13.07,13.1,936500,
STEL,19.14,19.38,18.91,19.25,47300,
STFC,18.200001,18.299999,17.85,18,19900,
STI,30.790001,31.34,30.610001,31.219999,3437700,
STJ,45.119999,45.52,44.889999,45.290001,3463900,
STKL,7.85,7.86,7.75,7.81,143200,
STLD,14.38,14.49,14.03,14.43,1884500,
STM,8.86,8.88,8.71,8.83,1387900,
STMP,37.98,38.450001,37.700001,38.02,192900,
STNG,8.52,8.64,8.42,8.64,2709100,
STO,20.77,20.780001,20.389999,20.540001,1663600,
STON,25.16,25.32,24.91,24.99,65800,
STP,0.405,0.405,0.37,0.385,2050200,
STR,23.530001,23.559999,23.15,23.379999,1271300,
STRA,49.32,50.419998,48.91,49.389999,90700,
STRI,2.339977,2.349977,2.189978,2.219978,58100,
STRL,9.29,9.33,9.05,9.19,93200,
STRM,6.07,6.08,5.82,6,20900,
STRZA,21.73,21.98,21.530001,21.610001,726600,
STSA,22.76,23.27,22.29,23.16,181300,
STSI,1.3,1.32,1.24,1.25,1308800,
STT,64.940002,65.519997,64.620003,64.839996,2794800,
STV,1.48,1.48,1.45,1.45,55300,
STWD,23.600002,24.29,23.600002,23.989997,3069300,
STX,41.900002,42.610001,41.439999,42.400002,3339100,
STZ,50.599998,50.91,50.220001,50.509998,1194200,
SU,28.98,29.15,28.65,28.9,6121700,
SUI,47.349998,47.830002,46.400002,47.599998,224800,
SUNE,7.67,8.04,7.64,8,3032800,
SUP,17.469999,17.719999,17.450001,17.639999,48000,
SUPN,6.5,6.5,6.24,6.4,142800,
SUPX,24.17,24.68,23.701,24.4,88000,
SURG,3.7,3.7,3.65,3.69,81400,
SUSP,27.64,27.97,27.16,27.81,15900,
SUSQ,12.21,12.43,12.09,12.32,1447000,
SUSS,47.91,47.9995,46.37,46.72,301700,
SUTR,1.35,1.5,1.31,1.5,129900,
SVA,3.88,3.91,3.75,3.87,28900,
SVM,2.44,2.64,2.4,2.49,1315600,
SVN,16.05,16.05,16.05,16.05,0,
SVNT,0.65,0.7,0.63,0.67,276300,
SVO,363.7004,371.9686,363.6846,371.443,0,
SVU,5.94,6.11,5.91,6.03,3380700,
SVXY,73.57,73.910004,71.980003,73.32,4098400,
SWC,10.2,10.51,9.93,10.37,2128200,
SWFT,14.94,15.79,14.92,15.78,1504500,
SWHC,9.79,10,9.75,9.99,5153000,
SWI,38.720001,39.209999,37.959999,38.25,984400,
SWIR,11.57,12.6,11.55,12.44,192100,
SWK,76,76.669998,75.900002,76.459999,832500,
SWKS,21.440001,21.629999,21.110001,21.4,3050200,
SWM,49.619999,49.779999,49.099998,49.099998,204100,
SWN,36.419998,36.66,36.009998,36.5,2504600,
SWSH,0.8,0.8,0.77,0.79,41900,
SWX,46.220001,46.380001,45.860001,46.259998,113700,
SWY,20.54,20.8,20.44,20.67,3736200,
SXC,14.28,14.29,13.85,14.07,515800,
SXCP,21.32,21.860001,21.32,21.74,27300,
SXE,22.459999,22.700001,22.4,22.41,9700,
SXI,52.240002,52.75,51.360001,52.290001,72400,
SXL,60.759998,62.43,60.209999,61.990002,600600,
SXT,40.619999,41.130001,40.029999,40.290001,162400,
SYA,15.36,15.55,15.2,15.5,454500,
SYK,65.260002,65.489998,64.449997,64.889999,937100,
SYKE,15.81,15.9,15.24,15.85,253600,
SYMC,22.27,22.35,21.950001,22.1,5679900,
SYNA,35.459999,36.099998,35.169998,35.869999,682100,
SYNC,2.93,3.09,2.89,3,102500,
SYNT,62.5,63.200001,61.52,63.060001,166600,
SYRG,7.2,7.46,7.1,7.45,503200,
SYT,76.400002,76.529999,75.629997,76.120003,226800,
SYX,9.44,9.47,9.35,9.43,16700,
SYY,33.860001,34,33.650002,33.880001,2026200,
SZYM,10.99,11.58,10.56,10.7,891300,
T,34.689999,35.209999,34.540001,35.029999,67155500,
TA,10.42,10.48,10.27,10.34,140200,
TAHO,12.21,12.85,12.05,12.75,89000,
TAL,9.7,10.28,9.5,9.97,547400,
TAM,20.14,20.14,19.49,19.95,106300,
TAN,22.139999,22.719999,22.139999,22.65,193200,
TAO,19.450001,19.67,19.450001,19.66,38200,
TAOM,5,5,4.86,4.87,12600,
TAP,48.369999,48.369999,47.540001,48.110001,907600,
TASR,8.88,8.94,8.6,8.72,292900,
TAST,6.27,6.47,6.25,6.4,112500,
TAT,0.71,0.71,0.66,0.7,38700,
TAXI,13.58,13.94,13.5,13.85,77400,
TAYC,17.25,17.25,16.912,17.16,68700,
TBBK,14.37,14.46,14.14,14.42,58000,
TBF,31.870001,32.16,31.82,32.139999,1433100,
TBI,21.4,21.52,21.209999,21.24,199300,
TBT,74.610001,75.989998,74.400002,75.989998,6123900,
TC,2.87,2.95,2.83,2.84,999400,
TCAP,26.73,27.15,26.540001,27.07,189500,
TCB,13.79,14.2,13.62,14.01,2173800,
TCBI,42.5,43.580002,42.16,43.27,424700,
TCK,20.540001,21,20.33,20.85,2950400,
TCO,74.139999,74.370003,72.980003,73.900002,654300,
TCP,46.02,46.419998,45.380001,46.330002,119400,
TCPC,16.1,16.34,15.89,16.190001,259100,
TCRD,14.89,14.99,14.75,14.86,624300,
TD,77.690002,78.809998,77.459999,78.730003,1207200,
TDC,48.77,49.299999,48.330002,48.5,2346300,
TDG,162.580002,164.619995,154.789993,156.809998,1311500,
TDIV,21.42,21.639999,21.389999,21.58,117400,
TDS,22.01,22.41,21.74,22.370001,618200,
TDW,55.740002,56.23,55.099998,55.939999,409400,
TDY,75.43,75.739998,73.519997,74.410004,130300,
TE,16.860001,16.99,16.75,16.940001,1441400,
TEAR,10.37,10.57,9.86,10.13,88200,
TECD,46.610001,46.919998,46.040001,46.509998,223200,
TECH,69.279999,69.599998,68.779999,69.440002,129900,
TECL,56.34,56.650002,55.060001,56.060001,425600,
TECS,36.700001,37.450001,36.380001,36.700001,10300,
TECUA,10.65,10.78,10.4,10.55,71000,
TEF,12.74,12.77,12.6,12.71,1204500,
TEG,57.169998,57.610001,56.700001,57.389999,402700,
TEL,45.080002,45.360001,44.580002,45.23,1278200,
TEN,43.360001,43.709999,42.919998,43.330002,518200,
TEO,13.84,14.39,13.58,14.36,266200,
TEP,20.75,20.91,20.530001,20.6,131900,
TER,16.77,17.030001,16.620001,17.01,1760100,
TESO,12.51,12.64,12.37,12.42,433000,
TEU,3.68,3.88,3.61,3.85,119400,
TEVA,38.59,38.68,38.259998,38.549999,3553800,
TEX,26.52,26.889999,26.34,26.450001,1921500,
TFM,50.259998,50.68,49.450001,50.34,391100,
TFSL,10.71,10.94,10.7,10.93,110100,
TFX,75.269997,75.989998,74.849998,75.839996,214600,
TG,24.940001,25.219999,24.85,25.15,53000,
TGA,5.91,5.91,5.52,5.72,120600,
TGB,1.89,1.89,1.81,1.86,450700,
TGH,37.23,37.610001,36.889999,37.599998,125100,
TGI,78.510002,78.589996,76.410004,77.019997,807400,
TGP,41.830002,43.02,41.400002,42.380001,176600,
TGT,68.620003,69.349998,68.470001,69.129997,3587500,
THC,44.27,45.119999,44.23,44.939999,2360200,
THG,46.98,47.869999,46.610001,47.580002,261200,
THI,52.36,54.19,52.2,53.56,861900,
THLD,5.17,5.18,4.92,5.01,301800,
THM,0.52,0.56,0.49,0.5,641300,
THO,46.540001,47.459999,46.07,47.27,331700,
THOR,31.5,31.5,30.540001,30.84,693600,
THRM,17.67,17.969999,17.49,17.91,197800,
THRX,37.93,38.329998,36.440006,37.409997,1250700,
THS,66.440002,66.440002,65.080002,65.68,137500,
TI,6.84,6.86,6.76,6.82,88200,
TIBX,20.35,20.47,19.92,20.08,3196000,
TICC,9.27,9.4,9.21,9.37,446200,
TIF,71.82,72.5,71.410004,72.129997,820100,
TILE,16.969999,17.110001,16.65,17.040001,325400,
TINY,3.16,3.19,3.09,3.1,238900,
TIP,110.300003,110.580002,110.050003,110.209999,1629600,
TISI,39.299999,39.299999,38.07,38.439999,70600,
TITN,19.48,19.709999,19.190001,19.280001,650500,
TIVO,22.9,23.129999,22.629999,22.940001,1084900,
TJX,49.080002,49.549999,48.77,49.25,3945500,
TK,38.66,38.919998,38.290001,38.900002,160200,
TKC,13.88,13.99,13.65,13.86,826700,
TKR,55.309994,55.589998,54.749993,55.149998,812800,
TLAB,2.04,2.04,2.01,2.04,3152800,
TLH,125.860001,125.900002,125.059998,125.080002,69900,
TLK,38.900002,40.029999,38.900002,39.790001,237800,
TLLP,56.279999,58.470001,55.5,57.779999,130000,
TLM,11.43,11.64,11.3,11.59,5811500,
TLP,41.119999,41.389999,40.669998,41.029999,29400,
TLT,108.900002,109.019997,107.860001,107.879997,11078000,
TLYS,15.33,15.51,15.25,15.3,62200,
TM,117.449997,117.790001,116.629997,117.290001,320200,
TMF,52.040001,52.200001,50.560001,50.610001,829600,
TMH,40,40.689999,39.82,40,1057400,
TMHC,25.370001,25.5,24.290001,24.530001,395500,
TMK,64.399996,64.789993,63.700006,64.600004,557900,
TMO,82.910004,83.379997,82.480003,83.129997,1771300,
TMUS,22.35,23.1,22.32,23.02,3668700,
TMV,67.519997,69.470001,67.330002,69.43,469800,
TNA,45.009998,45.330002,44.040001,45.060001,16342600,
TNAV,5.14,5.25,5.12,5.21,206200,
TNC,47.959999,47.959999,47.330002,47.5,79600,
TNGO,14.51,14.8,14.44,14.6,174100,
TNK,2.64,2.64,2.52,2.55,272000,
TNP,4.19,4.4,4.18,4.34,141200,
TOL,32.959999,33.389999,31.889999,31.959999,7942300,
TOO,31.85,32.470001,31.389999,31.549999,319400,
TOT,47.419998,47.610001,47.02,47.41,1101000,
TPC,17.190001,17.84,17.190001,17.42,198400,
TPH,14.63,15.01,14.35,14.92,786600,
TPLM,6.83,6.99,6.59,6.85,626200,
TPX,40.959999,42,40.66,41.619999,1094600,
TQNT,6.83,6.91,6.805,6.89,1446800,
TQQQ,64.239998,64.580002,62.73,63.73,5517600,
TR,31.560089,31.560089,31.09009,31.230085,83600,
TRAK,34.119999,34.970001,33.509998,34.900002,399400,
TRC,28.539998,28.649995,28.200006,28.55,27100,
TREX,46.880001,50.880001,46.110001,49.880001,776600,
TRGP,62.610001,63.810001,62.02,63.41,253000,
TRGT,4.57,4.57,4.4,4.45,1712900,
TRI,31.700001,31.92,31.530001,31.799999,1522300,
TRIB,16.809999,16.959999,16.6,16.780001,51700,
TRIP,61.119999,61.830002,60.790001,61.529999,926900,
TRLA,29.8,30.75,29.14,30.72,492700,
TRLG,31.51,31.7,31.432,31.51,196800,
TRMB,25.110001,25.389999,24.790001,25.190001,1755600,
TRMK,24.459999,24.690001,24.129999,24.59,459200,
TRN,35.77,36.93,35.77,36.790001,3285400,
TRNX,16.77,16.879999,16.389999,16.65,102100,
TROW,71.809998,72.699997,71.089996,72.339996,1585100,
TROX,19.950001,19.950001,19.290001,19.49,622800,
TRP,43.060001,43.610001,42.389999,43,2314200,
TRQ,5.500005,5.560006,5.339994,5.500005,2243100,
TRS,35.599999,35.700002,34.659999,34.950001,356400,
TRV,78.300003,79.150002,78.199997,78.43,2287200,
TRW,61.9,63.33,61.89,62.75,995200,
TRX,2.18,2.34,2.15,2.28,291800,
TS,39.669998,39.990002,39.450001,39.619999,1128800,
TSCO,111.910004,113.239998,110.989998,111.970001,657000,
TSL,5.21,5.41,5.21,5.36,1483000,
TSLA,103.099998,104.199997,100.550003,102.400002,5848700,
TSM,17.190001,17.57,17.139999,17.530001,11598600,
TSN,25.27,25.42,25.030001,25.040001,2149700,
TSO,52.720001,53.740002,52.709999,53.34,3069100,
TSPT,2.93,2.95,2.86,2.9,130300,
TSRA,20.75,20.83,20.469999,20.74,239800,
TSRX,8.04,8.11,7.75,7.88,702300,
TSS,23.379999,23.6,23.24,23.52,2376200,
TSU,17.59,18.01,17.23,17.92,970200,
TSYS,2.29,2.34,2.25,2.33,144200,
TTC,45.240002,45.639999,44.810001,45.279999,567200,
TTCMY,5.27,5.33,5.2,5.27,69800,
TTEC,23.58,23.76,23.280001,23.66,90100,
TTEK,23.559999,23.790001,23.280001,23.299999,763900,
TTI,10.28,10.34,10.12,10.27,631300,
TTM,23.459999,23.9,23.379999,23.65,1308000,
TTMI,8.09,8.22,8.07,8.11,308300,
TTS,27.57,28.379999,27.379999,28.120001,228700,
TTT,87.57,90.040001,87.389999,90.040001,54800,
TTWO,14.66,14.77,14.49,14.63,1948800,
TU,32.099998,32.16,31.57,31.74,183300,
TUES,9.9,9.9,9.62,9.8,127100,
TUMI,23.040001,23.43,22.879999,23.24,488700,
TUP,74.940002,75.389999,73.970001,74.620003,513100,
TUR,57.5,57.759998,55.98,56.709999,509700,
TV,22.6,22.74,22.299999,22.65,1412600,
TVL,2.16,2.16,1.95,2.08,2800,
TW,79.309998,80,78.610001,79.75,368400,
TWC,100.480003,100.980003,98.459999,99.370003,3311300,
TWER,2.17,2.18,2.15,2.18,7500,
TWGP,19.89,20.02,19.59,19.97,316500,
TWI,16.48,16.799999,16.209999,16.24,1175200,
TWIN,22.389999,22.389999,21.68,21.870001,42200,
TWM,18.629999,18.92,18.549999,18.610001,912900,
TWO,10.37,10.48,10.24,10.33,12012300,
TWTC,27.7,27.93,27.44,27.82,1139900,
TWX,56.799996,57.21,56.520001,56.669995,4084100,
TX,21.299999,22.42,20.870001,22.33,353000,
TXCC,0.38,0.4,0.38,0.39,69300,
TXI,61.6,64.98,61.08,64.7,304100,
TXN,34.630001,35.16,34.470001,35.02,7825800,
TXRH,24.540001,24.620001,24.280001,24.49,391900,
TXT,25.58,25.719999,25.379999,25.389999,2616600,
TYC,31.97,32.109998,31.7,31.98,5095400,
TYD,37.279999,37.310001,36.68,36.77,4300,
TYL,68.209999,68.209999,67.370003,67.919998,170700,
TYO,25.48,25.82,25.459999,25.809999,30400,
TYPE,24.629999,24.809999,24.25,24.73,110600,
TZA,33.450001,34.220001,33.200001,33.400002,3271700,
TZOO,26.370001,26.719999,26,26.33,45800,
UA,57.009998,58.009998,56.84,57.5,3578800,
UAL,29.860001,30.889999,29.57,30.75,2668300,
UAM,9.1,9.13,8.92,9.04,239900,
UAN,21.950001,22.059999,21.700001,21.91,274400,
UBA,20.110001,20.120001,19.75,19.940001,86900,
UBNT,17.27,17.49,16.85,17.030001,330300,
UBS,16.87,17.08,16.73,17.05,2218700,
UBSI,26.16,26.52,25.84,26.48,198100,
UBT,56.84,56.84,55.689999,55.709999,16500,
UCO,29.629999,29.770002,29.04,29.329999,222700,
UCTT,6.22,6.25,6.07,6.17,136400,
UDN,26.25,26.26,26.16,26.209999,18600,
UDOW,79.459999,79.879997,78.099998,79.160004,447400,
UDR,24.26,24.68,24.040001,24.549999,2546200,
UEC,1.93,1.94,1.82,1.85,479000,
UEPS,6.77,6.95,6.7,6.83,186500,
UFCS,25.07,25.07,23.83,24.139999,70900,
UFI,20.549999,20.870001,20.209999,20.790001,62500,
UFPI,42.369999,42.889999,40.5,41.049999,115400,
UFS,67.25,67.459999,65.75,66.190002,998600,
UGA,54.740002,54.84,54.400002,54.43,21600,
UGI,37.429994,37.729995,37.000005,37.540006,1085700,
UGL,48.330002,48.330002,47.549999,48.009998,123100,
UGP,22.309999,22.309999,21.780001,22.18,281100,
UHAL,163.509995,164.660004,162.240005,163.199997,63200,
UHS,65.860001,65.980003,65.019997,65.529999,435200,
UIL,36.830002,37.150002,36.490002,37.009998,566700,
UIS,20.48,20.76,20.200001,20.6,592800,
UL,39.099998,39.25,38.779999,39.18,646300,
ULE,23.870001,23.870001,23.870001,23.870001,100,
ULTA,98.010002,98.800003,96.849998,97.889999,897100,
ULTI,113.690002,114.620003,111.769997,113.110001,132100,
UMBF,53.400002,53.990002,52.75,53.919998,408000,
UMC,2.05,2.1,2.03,2.1,1385900,
UMDD,57.970001,58,55.82,57.66,75400,
UMPQ,14.9,15.02,14.67,14.96,1145900,
UN,38.099998,38.209999,37.720001,38.200001,2086000,
UNFI,53.560001,53.66,52.310001,53.560001,254800,
UNG,19.860001,19.879999,19.440001,19.549999,4180700,
UNH,65.029999,65.540001,63.66,63.73,4959100,
UNIS,3.09,3.09,2.98,3.03,89000,
UNL,18,18,17.67,17.76,18600,
UNM,28.690001,28.879999,28.41,28.75,3369200,
UNP,151.009995,153.970001,150.050003,153.419998,4644800,
UNS,43.61,43.66,43.22,43.45,410300,
UNT,42.889999,43.040001,42.32,42.830002,157100,
UNTD,7.270029,7.360027,7.050026,7.110025,1053300,
UNXL,14.06,14.88,13.76,14.46,664600,
UPI,2.04,2.18,2.04,2.17,37700,
UPL,20.709999,21.1,20.5,21.02,2196400,
UPRO,60.59,61.360001,59.43,60.73,9393600,
UPS,85.82,86.040001,85.290001,85.720001,2661300,
UQM,1.22,1.33,1.2,1.31,129200,
URA,16.690001,16.690001,16.360001,16.6,12400,
URBN,38.849998,39.209999,38.560001,39.040001,2444300,
URE,69.529999,71.279999,68.410004,70.540001,188400,
URI,47.509998,49.080002,47.459999,48.119999,2992600,
URRE,2.339999,2.489999,2.299999,2.429999,3900,
URS,46.69,46.804,46.35,46.6,507800,
URTY,50.48,50.84,49.43,50.560001,210600,
URZ,1.17,1.19,1.12,1.19,292800,
USAC,23.25,23.719999,23.120001,23.120001,71200,
USB,35.669998,36.060001,35.560001,35.939999,10987800,
USD,40.549999,40.66,39.68,40.580002,22000,
USEG,2.080004,2.130004,2.040004,2.040004,13600,
USG,22.790001,23.459999,22.530001,22.879999,3057600,
USL,39.650002,39.77,39.360001,39.599998,6200,
USM,32.919998,33.580002,32.439999,33.470001,183400,
USMO,13.02,13.22,12.91,12.98,122400,
USNA,71.910004,71.910004,70.220001,71.160004,67500,
USO,33.919998,33.950001,33.560001,33.740002,4527600,
UST,51.73,51.740002,51.200001,51.279999,48700,
USTR,33.63,33.99,33.01,33.46,169300,
USU,0.33,0.33,0.3,0.31,10800,
UTEK,35.380001,36.029999,34.860001,35.98,220700,
UTHR,62.25,62.400002,61.580002,62.259998,503900,
UTI,10.77,10.96,10.6,10.66,49300,
UTIW,15.38,16,15.22,15.54,413300,
UTSI,2.62,2.63,2.59,2.61,52800,
UTX,92.129997,92.440002,91.330002,91.779999,3184000,
UUP,22.379999,22.440001,22.360001,22.4,979700,
UVE,6.9,7.24,6.89,7.24,243000,
UVV,59.880001,60.25,58.580002,59.110001,82200,
UVXY,81.990004,86.060004,81.130004,82.220004,8000,
UWM,58.200001,58.41,57.27,58.200001,750700,
UXI,67.9,68.879997,67.9,68.879997,2100,
UYG,89.199997,91.019997,88.290001,90.260002,1216400,
UYM,34.869999,34.950001,34.150002,34.75,146600,
V,179.800003,181.380005,178.5,180.470001,12721600,
VAC,41.970001,43.029999,41.189999,42.419998,337600,
VAL,63.470001,64.459999,63.209999,64.139999,591900,
VALE,13.25,13.39,13.08,13.34,16361200,
VALE.P,12.32,12.45,12.13,12.42,6438200,
VAR,66.949997,67.32,66.199997,66.599998,620100,
VASC,15.01,15.01,14.35,14.43,59400,
VAW,86.699997,86.790001,86,86.519997,31300,
VB,91.830002,92.18,91.110001,91.970001,312500,
VBK,101.010002,101.190002,100.150002,100.970001,63100,
VBR,82.129997,82.349998,81.279999,82.160004,138700,
VC,59.799999,60.790001,59.459999,60.779999,509000,
VCBI,13.72,14,13.71,13.97,57100,
VCI,24.34,24.39,24.06,24.2,340800,
VCIT,82.650002,82.650002,82.220001,82.349998,393900,
VCLK,23.56,23.9,23.37,23.85,539900,
VCLT,81.589996,81.889999,80.940002,81.57,44600,
VCR,88.769997,89,88.32,88.779999,71100,
VCRA,15.58,15.59,15,15.16,287600,
VDC,101.169998,101.230003,100.419998,100.970001,81900,
VDE,111.639999,112.010002,110.75,111.68,137100,
VDSI,8.24,8.33,8.18,8.32,100900,
VE,11.33,11.43,11.23,11.43,135100,
VEA,34.990002,35.18,34.740002,35.139999,3814000,
VECO,36.169998,36.169998,35.439999,35.700001,445900,
VELT,1.3,1.36,1.25,1.32,751800,
VEU,43.43,43.57,43.029999,43.509998,1074900,
VFC,187.240005,189.029999,186.25,188.210007,2514400,
VFH,38.82,39.299999,38.669998,39.150002,207400,
VG,2.72,2.78,2.71,2.74,887000,
VGK,47.639999,47.869999,47.27,47.77,2880900,
VGR,16.080056,16.230052,15.95005,16.190053,710100,
VGT,73.620003,73.699997,73,73.459999,168200,
VGZ,1.03,1.09,0.99,1.01,629000,
VHC,20.17,20.66,18.620001,18.85,1048900,
VHS,20.72,20.8142,20.71,20.76,1355600,
VHT,85.919998,85.919998,84.910004,85.410004,156600,
VIAB,65.690002,66.459999,65.459999,65.620003,2624600,
VICL,3.07,3.1,2.94,3.03,65500,
VICR,5.66,5.74,5.57,5.62,43300,
VIG,65.760002,65.879997,65.290001,65.690002,1218700,
VIIX,11.95,12.24,11.9,11.96,132300,
VIP,9.77,9.89,9.7,9.74,1046700,
VIPS,25.98,27.3,25.95,26.659999,4913000,
VIS,80.290001,80.5,79.889999,80.389999,49200,
VIV,22.030001,22.450001,21.65,22.4,1853100,
VIVO,21.629999,21.629999,21.309999,21.469999,138600,
VIX,18.65,19.219999,17.82,18.469999,0,
VIXM,28.17,29.040001,28.16,28.799999,43800,
VIXY,59.620002,61.040003,59.33,59.770002,191100,
VLCCF,6.64,6.85,6.5,6.77,229600,
VLO,34.400002,35.119999,34.290001,34.98,10667600,
VLTR,14.1,14.2,13.65,13.9,203400,
VLY,9.25,9.47,9.17,9.45,1411400,
VMC,48.630001,48.950001,48.220001,48.619999,796600,
VMI,137.820007,140.630005,136.720001,139.740005,222100,
VMW,66.239998,66.440002,64.870003,65.529999,2474200,
VNDA,7.5,7.87,7.44,7.7,1058500,
VNET,10.8,11.32,10.74,11.27,297700,
VNO,78.769992,79.749999,77.669993,79.189998,1363000,
VNQ,66.440002,67.18,65.690002,66.779999,11383300,
VNQI,50.84,51.310001,50.580002,51.220001,158500,
VNR,27.75,28.35,27.57,28.040001,615900,
VNTV,26.98,27.360001,26.66,27.129999,666100,
VO,93.5,93.720001,92.669998,93.43,202400,
VOC,13.7,13.85,13.53,13.74,28600,
VOCS,10.31,10.434,10.18,10.39,219500,
VOD,27.770001,28.010002,27.639998,27.999996,10790000,
VOE,67.440002,67.620003,66.830002,67.449997,207200,
VOLC,17.8,17.89,17.47,17.71,638000,
VOO,72.589996,72.879997,72.110001,72.629997,1520700,
VOT,76.769997,77.110001,76.239998,76.879997,160200,
VOX,76.650002,77.730003,76.599998,77.529999,58000,
VOXX,11.75,12.65,11.67,12.26,275600,
VOYA,26.26,26.530001,25.879999,26.049999,1210000,
VPFG,19.58,20,19.3,19.96,161200,
VPG,15.42,15.53,15.08,15.46,32800,
VPHM,28.83,29.24,27.77,28.15,476400,
VPL,54.130001,54.700001,54.02,54.599998,488200,
VPRT,46.15,46.5,45.39,46.25,184000,
VPU,80.150002,80.800003,79.550003,80.589996,60500,
VR,34.509998,34.66,33.970001,34.209999,1760100,
VRA,21.25,21.549999,20.309999,20.610001,704100,
VRML,2.62,2.62,2.54,2.56,60100,
VRNG,3.05,3.05,2.97,2.99,87400,
VRNM,2.34,2.34,2.23,2.28,6400,
VRNT,33.91,34.23,33.509998,34.189999,463200,
VRS,1.07,1.17,1.07,1.15,22700,
VRSK,58.5,58.740002,57.389999,58.099998,737700,
VRSN,43.990002,44.869999,43.740002,44.669998,2387000,
VRTU,22.110001,22.200001,21.290001,21.870001,149800,
VRTX,77.339996,78.910004,77.080002,78.099998,1070800,
VRX,84.43,85.370003,84.360001,85.239998,2052200,
VSAT,69.769997,71.43,69.550003,71.260002,148700,
VSH,13.55,13.86,13.43,13.72,995500,
VSI,45.459999,46.110001,45.25,45.709999,416600,
VSS,87.18,87.760002,86.349998,87.580002,194900,
VT,50.779999,50.880001,50.299999,50.799999,324900,
VTI,81.660004,81.989998,81.110001,81.730003,2625000,
VTR,65.82,67.730003,65.300003,67.370003,2399500,
VTSS,2.61,2.81,2.59,2.73,808000,
VTUS,2.05,2.08,1.91,2.07,382100,
VTV,66.889999,67.150002,66.43,66.940002,758900,
VUG,77.239998,77.540001,76.739998,77.300003,637800,
VV,72.529999,72.75,72.019997,72.540001,524900,
VVC,32.959999,33.290001,32.599998,33.16,201100,
VVI,25.360001,25.360001,24.379999,24.969999,88300,
VVTV,4.92,5,4.81,4.97,213200,
VVUS,13.02,13.05,12.42,12.57,2791000,
VWO,37.110001,37.259998,36.68,37.200001,45888900,
VXEEM,35.77,38.360001,32.23,32.349998,0,
VXEWZ,39.33,39.57,37.18,37.43,0,
VXF,68.260002,68.739998,67.959999,68.589996,363100,
VXUS,44.75,44.990002,44.5,44.919998,285300,
VXX,22.129999,22.65,22.01,22.17,4091300,
VXZ,23,23.67,23,23.5,136100,
VYM,55.779999,55.970001,55.380001,55.810001,560000,
VZ,49.43,50.68,49.43,50.439999,31408000,
WAB,50.040001,50.59,49.889999,50.509998,465000,
WABC,45.599998,46.349998,44.919998,46.150002,116400,
WAC,32.580002,32.959999,32.049999,32.669998,939900,
WAFD,17.799999,18.389999,17.57,18.27,1017500,
WAG,45.17,45.58,44.04,45.22,22443642,
WAGE,32.619999,34.189999,32.619999,33.389999,2711800,
WAIR,18.48,18.66,18.190001,18.66,493800,
WAL,14.96,15.24,14.78,15.11,632600,
WAT,99.620003,101.650002,98.889999,99.730003,603800,
WBC,73.980003,73.980003,72.489998,72.809998,465300,
WBMD,25.57,26.200001,25.280001,26.129999,469400,
WBS,25.02,25.23,24.75,25.23,1250500,
WBSN,24.76,24.77,24.72,24.72,2081900,
WCC,66.389999,67.739998,66.18,67.25,596900,
WCG,53.330002,54.080002,52.57,53.52,496300,
WCN,40.200001,40.240002,39.619999,40.150002,507700,
WCRX,19.17,19.27,18.93,19.21,2056800,
WD,17.25,17.32,16.77,16.889999,106000,
WDAY,63.529999,63.560001,61.970001,62.959999,1011500,
WDC,59.330002,60.27,58.970001,60.060001,2197100,
WDFC,53.68,54.389999,53.669998,53.959999,31400,
WDR,42.310001,43.310001,42.110001,43.23,688600,
WEAT,17.83,18.02,17.799999,17.889999,4100,
WEC,40.099998,40.48,39.700001,40.27,1383500,
WEN,5.7,5.79,5.65,5.72,3264700,
WERN,23.700001,24.030001,23.620001,23.91,404600,
WES,60.48,61.439999,60.240002,61.389999,264500,
WETF,10.87,11.28,10.65,11.22,1946000,
WEX,75.610001,75.610001,74.260002,75.019997,209400,
WFC,40.16,40.529999,39.889999,40.299999,22263000,
WFM,51.299999,52.130001,50.93,51.919998,1923700,
WFT,13.25,13.52,13.2,13.48,10373500,
WG,6.45,6.46,6.28,6.4,245600,
WGL,42.220001,42.41,41.790001,42.259998,212000,
WGO,19.969999,20.23,19.790001,20.139999,171500,
WHR,112.550003,116.349998,112.550003,114,1289200,
WHX,2.28,2.28,2.28,2.28,0,
WHZ,13.12,13.44,13.08,13.27,90400,
WIBC,6.51,6.7,6.48,6.69,443200,
WIFI,6.1,6.27,5.97,6.21,121800,
WILN,4.56,4.56,4.33,4.41,16500,
WIN,7.85,7.96,7.76,7.87,9258838,
WIRE,33.900002,34.200001,33.48,34.099998,141600,
WIT,7.08,7.21,7.08,7.2,457800,
WLB,11,11.18,10.81,11.14,46700,
WLH,24.889999,25.709999,23.91,24.09,269700,
WLK,95.580002,97.559998,93.900002,95.739998,957000,
WLL,45.650002,45.689999,44.349998,45.240002,1696700,
WLP,80.47,80.68,79.34,79.89,1950100,
WLT,10.71,11.71,10.49,11.35,11903600,
WM,39.32,39.540001,38.810001,39.110001,2852400,
WMAR,11.42,11.42,11.04,11.15,24100,
WMB,31.91,32.360001,31.780001,31.9,7561700,
WMC,17.690001,18.139999,17.559999,18.07,1135400,
WMGI,16.77,16.879999,16.389999,16.65,102100,
WMS,25.52,25.6,25.47,25.6,331300,
WMT,74.269997,74.75,73.839996,74.370003,7217800,
WNC,9.45,9.49,9.36,9.46,417100,
WNR,27.290001,28.35,27.17,28.219999,1516100,
WOOF,25.32,25.5,25.07,25.08,662200,
WOR,31.719999,32.209999,31.15,32.099998,557200,
WPC,64.809998,65.290001,64.010002,64.220001,398000,
WPP,11.5,11.56,11.27,11.4,148800,
WPPGY,81.940002,83.279999,81.669998,83.18,45700,
WPRT,28.059999,28.85,28.02,28.450001,415400,
WPX,19.5,19.559999,19.02,19.24,1975900,
WPZ,46.120003,46.619998,45.770001,46.380004,363700,
WR,31.059999,31.32,30.860001,30.940001,1091800,
WRB,40.119999,40.130001,39.849998,39.98,690800,
WRE,25.6,26.290001,25.43,26.15,350800,
WRES,2.46,2.52,2.46,2.5,606700,
WRI,29.25,29.799999,29,29.549999,1112200,
WRLD,87.190002,89.120003,87.190002,88.730003,80500,
WRLS,12.75,12.75,12.75,12.75,0,
WSH,41.48,42.150002,41.060001,41.25,1653000,
WSM,54.5,54.73,53.98,54.130001,964000,
WSO,82.379997,82.620003,81.209999,82.510002,157800,
WSR,15.47,15.64,15.06,15.47,129400,
WST,68.510002,69.230003,68.07,69.230003,469000,
WSTC,21.440001,21.66,21.209999,21.58,177400,
WTFC,37.650002,38.080002,37.459999,37.959999,363300,
WTI,14.22,14.35,13.93,14.24,703200,
WTR,30.469999,31.09,30.26,30.899999,793200,
WTS,44.700001,45.25,44.700001,45.07,116900,
WTSL,4.71,4.85,4.67,4.8,735800,
WTW,44.150002,45.200001,43.919998,44.970001,475200,
WU,16.440001,16.639999,16.389999,16.530001,5150700,
WWAV,15.99,16.200001,15.89,16.110001,1472900,
WWD,39.540001,39.759998,39,39.080002,539400,
WWE,9.9,9.95,9.77,9.92,106000,
WWW,51.509998,52.080002,50.93,51.959999,620200,
WWWW,22.780001,23.52,22.719999,23.469999,542500,
WX,19.6,20.200001,19.450001,20.129999,468900,
WY,27.379999,27.690001,27.049999,27.52,8218600,
WYN,55.52,56.48,55.330002,56.369999,1936000,
WYNN,126.419998,127.449997,125.550003,125.599998,2084600,
X,16.67,17.07,16.27,17.049999,7387100,
XAU,87.48,88.45,86.29,87.22,0,
XBI,103.450001,103.450001,100.260006,101.200001,849300,
XCO,7.340002,7.480005,7.260001,7.480005,2841000,
XDA,92.77,92.81,92.19,92.46,0,
XDB,154.63,154.78,153.98,154.27,0,
XDC,0.459,0.459,0.459,0.459,0,
XDE,131.41,131.43,130.65,130.82,0,
XDN,102.73,102.84,102.03,102.22,0,
XDS,107.12,107.15,106.29,106.6,0,
XEC,65.43,68.269997,65.220001,68.239998,1534100,
XEL,28.16,28.5,27.959999,28.379999,2819500,
XEO,710.5,717.289978,710.25,714.450012,0,
XES,38.880001,39.119999,38.720001,39.02,26700,
XHB,28.91,29.24,28.809999,28.83,15146100,
XIN,3.87,4.08,3.87,4.07,325700,
XL,29.549999,29.950001,29.440001,29.76,2636400,
XLB,38.610001,38.610001,38.16,38.400002,5336200,
XLE,77.860001,78.25,77.339996,78,12540300,
XLF,18.969999,19.219999,18.919999,19.129999,80205200,
XLI,41.959999,42.189999,41.790001,42.060001,8717400,
XLK,30.450001,30.51,30.200001,30.389999,8263800,
XLNX,39.099998,39.299999,38.639999,39.18,3217400,
XLP,39.439999,39.48,39.119999,39.330002,13004400,
XLS,13.36,13.5,13.3,13.5,1497400,
XLU,36.830002,37.099998,36.48,36.990002,9478700,
XLV,47.290001,47.32,46.810001,47.130001,5688300,
XLY,55.040001,55.220001,54.720001,55.029999,4402000,
XME,32.75,32.889999,32.139999,32.75,2815900,
XNPT,5.05,5.05,4.61,4.72,556400,
XOM,89.580002,89.620003,88.480003,89.110001,15790100,
XOMA,3.37,3.51,3.36,3.45,920000,
XOOM,22.190001,22.799999,22.18,22.77,109100,
XOP,57.689999,58.369999,57.389999,58.32,4325200,
XOXO,10.61,10.7,10.5,10.61,94200,
XPO,17.34,17.559999,17.27,17.41,83900,
XPP,39.779999,40.32,39,39.860001,49300,
XRA,0.64,0.67,0.62,0.67,66200,
XRAY,40.57,40.650002,40.09,40.240002,900900,
XRM,9.68,9.88,9.31,9.66,113600,
XRS,9.7,10.28,9.5,9.97,547400,
XRT,75.110001,75.550003,74.709999,75.279999,3441800,
XRTX,10.46,10.5,10.2,10.2,50100,
XRX,9.05,9.09,8.95,8.97,11235400,
XSD,51.959999,52.400002,51.599998,52.400002,34000,
XSP,157.75,159.38,157.71,158.8,0,
XTEX,19.11,19.58,18.96,19.29,306200,
XTXI,19.64,19.95,19.48,19.91,257700,
XUE,3.16,3.24,3.15,3.15,48700,
XXIA,17.68,17.68,17.299999,17.459999,656800,
XYL,25.950001,26.1,25.809999,25.93,1245000,
YANG,63.070002,63.689997,56.169996,56.300001,22000,
YAO,21.66,21.74,21.48,21.73,10300,
YCL,22.27,22.27,21.67,21.719999,1500,
YCS,62.189999,62.630001,62.029999,62.310001,409500,
YELP,31.4,31.790001,30.719999,31.110001,900600,
YGE,2.95,3.08,2.95,3.06,237500,
YHOO,24.290001,25.01,24.23,24.959999,18883900,
YINN,14,14.2,13.6,14.1,131900,
YNDX,26.139999,26.85,26.059999,26.76,1678100,
YOKU,18.08,18.67,18.030001,18.51,1060000,
YONG,5.43,5.43,5.3,5.31,490000,
YPF,14.46,14.65,14,14.14,396700,
YRCW,23,26.5,22.799999,25.700001,1032400,
YUK,97.389999,98,97.25,97.809998,0,
YUM,68.870001,69.110003,68.320004,68.340003,3136100,
YZC,7.73,7.8,7.63,7.78,547300,
Z,55.150002,56.700001,54.080002,56.25,546600,
ZAGG,5.15,5.46,5.1,5.34,571100,
ZAZA,1.4,1.4,1.31,1.35,22600,
ZBRA,43.169998,43.369999,42.509998,43.139999,140800,
ZEP,16.549999,16.690001,16.299999,16.559999,111700,
ZEUS,23.040001,23.85,22.889999,23.73,101000,
ZINC,12.12,12.16,11.89,12.06,488100,
ZION,28.08,28.65,27.940001,28.48,1766300,
ZIOP,1.89,1.93,1.84,1.86,549800,
ZIXI,4.18,4.18,4.1,4.12,195000,
ZLC,8.37,8.63,8.25,8.55,865300,
ZLTQ,6.08,6.21,6.03,6.13,29100,
ZMH,75.919998,76.110001,74.849998,74.970001,1036300,
ZN,2.4,2.45,2.27,2.3,210100,
ZNGA,2.59,2.78,2.57,2.75,14529100,
ZNH,19.629999,19.73,19.33,19.450001,79500,
ZOLT,13,13,12.71,12.82,106000,
ZQK,5.86,6.13,5.84,6.12,2909000,
ZROZ,93.43,93.459999,92.050003,92.220001,20100,
ZSL,102.220001,103.879997,101.489998,103.239998,369200,
ZTS,30.799999,31.620001,30.5,31.49,13511100,
ZUMZ,26.889999,27.41,26.67,27.129999,146800,
ZX,2.48,2.63,2.45,2.54,8700,
ABCB,16.1,16.469999,15.95,16.450001,84500,
ACCL,8.26,8.27,8.05,8.15,130900,
ACPW,4.15,4.15,4.05,4.11,51900,
ACWX,40.459999,40.669998,40.169998,40.59,318100,
AKR,23.98,24.23,23.68,24.15,351400,
AONEQ,0.033,0.038,0.03,0.0301,4895100,
ARSD,8.11,8.25,8.04,8.25,26500,
ASTM,15.65,15.65,15.65,15.65,0,
ASX,3.99,4.01,3.96,4.01,286700,
ATEC,2.049999,2.049999,2.009999,2.049999,9000,
ATRC,9.26,9.38,9.12,9.38,99300,
AVNW,2.799999,2.819999,2.769999,2.789999,7400,
BFIN,8,8.1,7.85,8.01,30700,
BFOR,24.6,24.6,24.190001,24.4,56100,
BFR,3.71,3.75,3.61,3.66,20300,
BIL,45.799999,45.810001,45.799999,45.810001,6417000,
BIN,20.950001,21.41,20.799999,21.370001,136200,
BIS,40.060001,41.000001,40.060001,40.800001,300,
BKEP,8.6,8.67,8.35,8.55,10200,
BRB,222.869995,223.110001,220.429993,221.399994,0,
BSQR,2.65,2.66,2.62,2.64,24900,
CBRX,0.63,0.65,0.63,0.65,11700,
CCXI,13.89,14,13.15,13.93,202400,
CERP,0.02,0.02,0.02,0.02,21364300,
CHGS,0.1423,0.16,0.1423,0.16,1000,
CIR,51.939999,51.939999,50.75,51.41,79000,
CIU,106.949997,107.120003,106.68,106.760002,508600,
CLUB,10.66,10.78,10.56,10.7,32500,
CMLS,3.4,3.42,3.3,3.36,261300,
COBZ,8.29,8.29,8.03,8.2,107500,
COOL,0.580012,0.610012,0.580012,0.590012,1800,
CRAI,18.129999,18.6,17.74,18.559999,33600,
CRDC,1.16,1.19,1.1,1.15,2200,
CREG,1.08,1.08,0.95,1,4500,
CROP,25.32,25.379999,25.26,25.379999,3800,
CSFL,8.61,8.68,8.51,8.59,120900,
CSHZ,0.07,0.08,0.06,0.08,25600,
CSJ,104.610001,104.660004,104.480003,104.650002,1173200,
CWB,41.610001,41.98,41.5,41.849998,375000,
DCOM,14.8,14.95,14.63,14.88,104600,
DGT,57.619999,57.889999,57.560001,57.889999,2000,
DMB,11.91,12.45,11.52,12.36,88500,
DQ,8.13,9.05,8.13,8.77,52600,
DRCO,5.14,5.22,5.13,5.14,2600,
EGI,0.32,0.35,0.32,0.33,70600,
ELS,76.160004,77.120003,74.93,76.760002,507600,
EUFX,37.790001,37.790001,37.790001,37.790001,200,
FCBC,15.83,15.83,15.16,15.76,52000,
FCF,7.05,7.16,6.99,7.12,675400,
FDML,9.75,9.99,9.63,9.87,190500,
FELE,33.220001,33.380001,32.91,33.169998,121100,
FMD,1.13,1.2,1.08,1.19,15200,
FOL,2.92,2.92,2.92,2.92,0,
FORX,47.200001,47.200001,45.669998,45.709999,7000,
FSCI,41.15,41.15,41.006,41.05,13100,
FSG,0,0,0,8.5,0,
FTC,34.110001,34.119999,33.77,34,14200,
GBLI,22.15,23.25,22.15,23.24,24200,
GGAL,5.18,5.21,5,5.02,58900,
GIB,28.959999,29.860001,28.9,29.52,191600,
GLDI,15.39,15.404,15.33,15.384,18000,
GLDX,12.41,12.51,12.2,12.27,20100,
GMXRQ,0.2,0.2,0.2,0.2,3300,
GSE,1.1,1.1,1.1,1.1,0,
GSIG,8.05,8.1,8,8.09,81600,
GSIT,6.2,6.24,6.12,6.17,25600,
GTS,21.950001,22.01,21.68,21.82,202800,
GUNR,31.18,31.360001,31.059999,31.309999,184000,
HCKT,5.25,5.25,5.01,5.15,91900,
HDNG,14.23,14.28,13.9,14.13,78100,
HDSN,3.17,3.28,3.14,3.25,96297,
HGR,32.02,32.18,31.52,31.77,115900,
HSON,2.36,2.39,2.28,2.32,225700,
IBCA,6.61,6.61,6.48,6.59,60000,
ICFI,31.15,31.15,30.469999,30.76,67100,
IEFA,51.509998,51.700001,51.23,51.669998,375900,
INOD,3.16,3.22,3.07,3.2,33700,
IPCC,59.950001,60.869999,58.630001,59.119999,31500,
ISIG,1.95,2.03,1.95,2,16300,
KIPO,6.41,6.54,6.31,6.31,15600,
KITDQ,0.37,0.4,0.37,0.4,315000,
KMPR,32.73,33.259998,32.560001,33.07,132100,
LDL,14.25,14.65,14.21,14.6,42200,
LEDR,10.63,10.7,10.45,10.67,173600,
LEDS,1.58,1.63,1.55,1.58,24200,
LOJN,3.15,3.22,3.1,3.17,19700,
LPTN,4.620002,4.740002,4.500002,4.510002,600,
LYTS,7.54,7.69,7.5,7.65,24900,
MCS,12.78,12.87,12.46,12.51,31100,
MGEE,53.719997,54.610004,53.689997,54.520002,84400,
MGRC,33.82,34,33.48,33.709999,63600,
MPX,7.24,7.36,7.17,7.34,12800,
NEWN,0.11,0.11,0.11,0.11,12400,
NJR,41.860001,41.860001,41.200001,41.490002,362600,
NPBC,9.87,10.08,9.77,10.04,731500,
NZD,129.259995,129.910004,128.869995,129.179993,0,
PPBI,12.1,12.25,12,12.24,68900,
PRGX,5.54,5.54,5.45,5.48,52000,
PRO,30.959999,30.959999,29.620001,30.33,108900,
PWAVQ,0.012,0.014,0.012,0.0136,14400,
PXLW,3.15,3.61,3.12,3.58,618000,
QRM,0.49,0.51,0.48,0.5,37800,
QTEC,28.299999,28.43,28.16,28.42,12000,
RNWK,7.4,7.4,7.33,7.36,27500,
RPT,14.61,14.8,14.47,14.7,500000,
RWL,30.889999,31.09,30.83,31.030001,8900,
SCMR,0.5,0.52,0.48,0.5,46300,
SIGI,22.690001,23.02,22.35,22.889999,222600,
SIJ,21.07,21.1,20.860001,20.889999,300,
SKA,66.75,67.43,66.650002,67.129997,0,
SMCI,10.71,10.74,10.43,10.59,115200,
SMTX,2,2.02,1.98,1.98,7600,
SNBC,3.13,3.23,3.09,3.11,13400,
SOCL,14.3,14.31,14.29,14.29,400,
STAN,21.16,21.19,20.75,20.95,41100,
STL,9.33,9.44,9.24,9.38,124500,
STNR,50.48,51.279999,49.52,50.330002,40800,
SWS,5.71,5.75,5.58,5.73,86100,
SYMX,0.89,0.97,0.89,0.89,44300,
SYPR,3.15,3.15,3.02,3.07,51800,
TACT,7.83,7.89,7.74,7.74,2300,
TFI,22.209999,22.549999,22.129999,22.450001,379000,
TGE,7.3,7.3,7.3,7.3,0,
TGTX,6.29,6.69,6.05,6.25,57500,
THR,20.1,20.309999,19.969999,20.15,354300,
TMS,14.1,14.52,13.95,14.48,102800,
TPI,0.48,0.51,0.48,0.48,27600,
TRNO,17.950001,18.01,17.57,17.780001,88900,
TRST,5.45,5.5,5.4,5.5,330900,
TSTC,0.361,0.51,0.361,0.51,37900,
UAMY,1.17,1.28,1.14,1.26,205700,
UBNK,13.13,13.13,13.01,13.02,74200,
UCBI,12.02,12.38,11.83,12.36,157800,
ULBI,3.57,3.62,3.3,3.61,14700,
USMV,32.27,32.389999,32.049999,32.310001,1065300,
USPH,29.27,29.65,29.030001,29.43,51000,
UTY,0.02,0.02,0.02,0.02,0,
WAVX,0.39,0.39,0.36,0.37,10300,
WOOD,44.34,44.689999,44.110001,44.540001,9100,
WWAV.B,15.89,15.94,15.6,15.84,1000000,
XDZ,77.53,77.59,76.97,77.45,0,
XIDEQ,0.16,0.16,0.14,0.15,3571900,
ZOOM,0.38,0.4,0.38,0.39,300,