symbol,open,high,low,close,volume,adjust_close
A,44.500001,45.010002,44.210001,45.010002,5284500,
AA,8.209991,8.269991,8.169992,8.259992,4708400,
AACC,6.93,6.96,6.82,6.95,491700,
AAMRQ,4.81,4.82,3.92,4.4,14963900,
AAN,27.559999,27.68,27.280001,27.68,474900,
AAON,31.14,32.659987,31.14,32.500013,212400,
AAP,81.769997,83.239998,81.639999,83.230003,343400,
AAPL,445.470009,447.000004,434.049988,438.459995,104233500,
AAT,31.780001,32.869999,31.74,32.830002,174300,
AAU,1.75,1.8,1.75,1.76,53500,
AAV,4.24,4.3,4.15,4.28,646700,
AAWW,45.189999,46.32,44.880001,45.549999,223000,
AAXJ,57.5,57.950001,57.27,57.93,438200,
AB,23.57,24.33,23.02,23.93,617100,
ABAX,43.830002,44.48,43.279999,44.48,62100,
ABB,21.67,21.780001,21.58,21.76,2313100,
ABBV,43.220001,43.57,42.650002,43.5,4261300,
ABC,52.810001,53.080002,52.439999,52.549999,3420300,
ABCO,51.580002,52.130001,50.959999,52.080002,167400,
ABFS,18.81,19.45,18.81,19.45,395500,
ABG,39.98,40.299999,39.189999,40.299999,260100,
ABM,25.200001,25.200001,24.459999,24.639999,309800,
ABMD,20.9,21.17,20.76,21.15,515300,
ABR,6.74,6.97,6.72,6.95,174400,
ABT,36.240002,36.639999,36.029999,36.639999,6912400,
ABV,37.17,37.7,36.96,37.7,22993700,
ABX,20.940001,21.450001,20.809999,21.129999,13879700,
ACAD,15.17,16.67,15.13,16.57,7737200,
ACAS,12.78,13.32,12.75,13.24,5218100,
ACAT,46.02,46.860001,45.529999,46.849998,67900,
ACC,40.049999,40.389999,39.779999,40.23,892600,
ACCO,6.64,6.78,6.53,6.72,664100,
ACE,87.879997,89.010002,87.43,89.010002,1518800,
ACET,13.27,13.27,12.81,13.08,128600,
ACFN,8.32,8.45,8.11,8.45,63600,
ACGL,50.790001,51.700001,50.669998,51.689999,543100,
ACH,9.29,9.32,9.22,9.31,151800,
ACHC,33.27,34.07,32.93,33.389999,426400,
ACHN,7.8,8.4,7.8,8.35,1250300,
ACI,5.09,5.23,5.06,5.11,777300,
ACIW,44.859999,45.340001,44.040001,45.060001,529200,
ACLS,1.64,1.68,1.61,1.67,174700,
ACM,30.049999,30.5,29.98,30.450001,483500,
ACMP,42.62,43.9,42.47,43.35,173500,
ACN,79.739998,80.050003,78.769997,79.550003,2721400,
ACO,31.22,31.75,30.83,31.67,91800,
ACOR,32.59,33.490002,32.509998,33.490002,353200,
ACRE,15.84,16.360001,15.76,16.25,33900,
ACRX,8.19,8.54,8.01,8.5,1371100,
ACT,119.980003,122.120003,119.129997,122,1199000,
ACTG,24.139999,25.23,24.030001,25.01,616600,
ACTV,7.22,7.39,7.15,7.38,326000,
ACUR,2.2,2.2,2.1,2.14,479796,
ACW,5.05,5.07,4.815,5.04,185800,
ACWI,51.150002,51.560001,50.939999,51.560001,1590000,
ACXM,22.190001,22.26,21.780001,22.219999,385300,
ADBE,43.84,44.049999,43.259998,43.57,3760900,
ADC,31.66,32.040001,31.379999,31.940001,100700,
ADES,37.33,38.96,36.54,38.93,246600,
ADI,45.580002,45.759998,45,45.470001,1837700,
ADM,32.709999,32.73,32.220001,32.650002,2514400,
ADNC,14.1,14.28,13.81,14.18,159200,
ADP,67.680003,68.030005,67.280003,67.940004,2544000,
ADS,173.460007,178.389999,173.460007,178.309998,879500,
ADSK,36.029999,36.130001,35.599998,35.970001,3224200,
ADT,39.759998,40.25,39.43,40,3988000,
ADTN,23.530001,24.549999,23.219999,24.040001,930000,
ADVS,32.34,32.91,32.150002,32.889999,174600,
ADY,7.35,7.36,7.34,7.36,109200,
AEC,16.389999,16.57,16.309999,16.43,570000,
AEE,34.009998,34.290001,33.759998,34.200001,4885100,
AEG,6.69,6.73,6.6,6.72,870700,
AEGN,22.35,22.67,22.26,22.58,150000,
AEGR,73.400002,75.690002,72.190002,72.93,730700,
AEIS,17.57,17.610001,17.1,17.58,209300,
AEL,16.049999,16.27,15.86,16.27,307700,
AEM,32.650002,33.560001,32.32,33.279999,1365200,
AEO,19.6,19.73,19.469999,19.719999,1387500,
AEP,45.639999,45.84,45.220001,45.669998,4674300,
AER,16.85,17.030001,16.68,16.98,373000,
AERL,4.02,4.14,3.8,3.95,286400,
AES,12.06,12.33,12.02,12.28,5945900,
AET,58.419998,59.369999,57.959999,59.369999,3287300,
AF,9.76,9.92,9.67,9.81,548600,
AFAM,19.809999,19.98,19.700001,19.93,17600,
AFCE,35.02,35.53,35.02,35.33,120600,
AFFX,3.59,3.65,3.52,3.65,275600,
AFFY,1.14,1.3,1.02,1.11,5465900,
AFG,47.849998,48.290001,47.689999,48.290001,428800,
AFL,55.169998,56.75,54.77,56.57,3576700,
AFSI,32.530001,32.990001,32.450001,32.870001,726600,
AG,11.31,11.76,11.12,11.61,956200,
AGCO,54.75,55.23,54.200001,54.75,786100,
AGEN,3.77,3.83,3.65,3.73,261500,
AGG,108.660004,109.089996,108.610001,108.949997,1142500,
AGII,39.680006,40.220006,39.519995,40.160001,71400,
AGM,28.98,29.85,28.9,29.790001,25800,
AGN,119.980003,122.120003,119.129997,122,1199000,
AGNC,25.33,26.23,25.120001,26.200001,10803500,
AGO,22.309999,22.99,22.200001,22.99,1501900,
AGQ,22.700001,23.52,22.549999,23.110001,403700,
AGRO,7.37,7.37,7.1,7.15,213700,
AGU,90.529999,90.839996,89.839996,90.550003,520000,
AGX,16.1,16.889999,15.93,16.15,41600,
AGYS,12.32,12.57,12.27,12.56,140100,
AH,23.2,23.2,21.8,21.8,1473500,
AHGP,62.009998,62.150002,60.779999,61.34,115300,
AHH,11.51,11.7,11.5,11.62,121700,
AHL,36.360001,36.639999,36.139999,36.619999,632100,
AHS,13.92,14.32,13.91,14.32,285100,
AHT,13.009994,13.190002,12.960005,13.15999,642800,
AI,27.07,27.57,27.059999,27.530001,121500,
AIG,43.709999,44.869999,43.310001,44.860001,18795700,
AIMC,26.530001,27.24,26.4,27.049999,160100,
AIN,31.559999,31.99,31.559999,31.99,58100,
AINV,7.98,8.08,7.78,7.99,4865200,
AIR,20.040001,20.620001,19.98,20.6,186800,
AIRM,35.599998,36.669998,35.349998,36.41,469300,
AIT,48.09,48.18,47.34,48.049999,264200,
AIV,29.93,30.08,29.59,30.02,1021700,
AIXG,16.719999,16.98,16.690001,16.98,192300,
AIZ,48.689999,49.419998,48.41,49.419998,557600,
AJG,42.560001,43.16,42.5,43.16,634000,
AKAM,44.299999,44.700001,43.91,44.560001,1320200,
AKG,2.73,2.84,2.71,2.8,83600,
AKRX,13.67,13.77,13.48,13.52,822200,
AKS,3.35,3.42,3.32,3.35,3096500,
AL,27.219999,27.610001,27.18,27.6,404500,
ALB,64.800003,65.389999,63.41,64.370003,1116700,
ALC,11.91,11.95,11.91,11.95,78400,
ALDW,24.58,25.280001,24.559999,25.1,118600,
ALE,47.619999,48.110001,47.560001,48.060001,148800,
ALEX,35.830002,37.07,35.82,36.98,129300,
ALGN,35.369999,35.41,34.709999,35.189999,1036200,
ALGT,96.169998,96.760002,95.129997,95.940002,122300,
ALIM,4.29,4.35,4.26,4.33,33200,
ALJ,17.59,18.16,17.59,17.98,384400,
ALK,54.849998,55.73,53.459999,54.790001,1635000,
ALKS,29.34,31.280001,29.15,31.200001,1289700,
ALL,45.84,46.490002,45.599998,46.490002,4163900,
ALLT,11.83,12.04,11.48,11.5,336800,
ALNY,29.700001,30.09,29.299999,30.09,407900,
ALOG,76.279999,77.82,75.190002,76.989998,86700,
ALR,25.719999,25.719999,25.08,25.32,512100,
ALSK,1.75,1.8,1.75,1.79,360500,
ALSN,23.540001,23.59,23.08,23.23,201000,
ALTR,33.16,33.259998,31.969999,32,7903300,
ALU,1.74,1.79,1.72,1.76,15745400,
ALV,77.709999,78.199997,76.989998,78.169998,195500,
ALXA,4.34,4.43,4.3,4.4,429000,
ALXN,90.589996,92.940002,90.339996,92.919998,1437600,
AM,18.36,18.42,18.35,18.42,149300,
AMAG,19.16,19.549999,19.030001,19.549999,79500,
AMAT,15.2,15.24,14.88,14.95,16828700,
AMBA,16.65,17.200001,15.72,16.35,1457100,
AMBC,25.26,25.969999,25.129999,25.690001,879300,
AMCC,7.64,7.84,7.61,7.84,392600,
AMCN,1.8,1.86,1.66,1.75,59200,
AMCX,61.919998,63.860001,61.639999,63.82,409000,
AMD,3.87,3.94,3.81,3.94,20863700,
AME,42.59,42.990002,42.259998,42.540001,1418900,
AMED,11.7,11.87,11.34,11.56,415700,
AMG,158.820007,163.080002,158.820007,163.070007,269900,
AMGN,95.010002,97.529999,94.150002,97.489998,4670200,
AMJ,43.869999,45.41,43.5,45.349998,878300,
AMKR,4.35,4.41,4.25,4.37,490900,
AMLP,17.190001,17.4,17.120001,17.389999,6298200,
AMP,79.730003,81.019997,79.330002,81.019997,1113500,
AMPE,6.39,6.59,5.93,6.18,713800,
AMRC,8.58,8.64,8.44,8.63,159200,
AMRI,10.28,10.38,10.11,10.31,396200,
AMRN,6.83,6.9,6.63,6.64,3478400,
AMRS,2.8,2.88,2.78,2.87,99100,
AMSC,2.62,2.65,2.56,2.57,36500,
AMSG,35.400002,35.77,35.209999,35.459999,113300,
AMSWA,8.31,8.38,8.26,8.38,29200,
AMT,75.849998,78.519997,75.790001,78.480003,3230300,
AMTD,22.450001,23.309999,22.370001,23.290001,3770700,
AMTG,18.200001,18.24,17.719999,18.1,930400,
AMWD,35.240002,36.150002,34.900002,35.5,274400,
AMX,19.530001,19.98,19.440001,19.940001,6142000,
AMZN,267.75,270.5,264.209991,267.829987,2476300,
AN,46.189999,46.5,45.639999,46.439999,347800,
ANAC,5.12,5.19,4.95,5.11,358400,
ANAD,1.89,1.96,1.83,1.92,952300,
ANDE,51.559994,52.469999,51.559994,52.219997,97900,
ANEN,23.87,24.02,23.42,23.89,32500,
ANF,49.23,49.75,48.619999,49.599998,1231400,
ANGI,23.030001,23.65,22.91,23.370001,566600,
ANGO,10.99,11.04,10.84,10.97,82700,
ANH,5.63,5.72,5.6,5.71,939700,
ANIK,14.51,14.98,14.2,14.97,64300,
ANN,32.110001,32.25,31.1,31.59,2693800,
ANR,6.52,6.79,6.5,6.66,9776300,
ANSS,72.610001,74.349998,72.349998,74.309998,377600,
ANV,8.41,8.63,8.24,8.47,3091500,
ANW,9.39,9.93,9.33,9.84,335000,
AOI,3.89,3.94,3.82,3.94,37400,
AOL,34.119999,35.279999,33.790001,35.130001,1813800,
AON,62.939999,64.050003,62.639999,64.029999,1129500,
AOS,38.139999,38.68,38,38.57,1466000,
AOSL,7.7,8.17,7.54,8.08,83100,
APA,85,85.860001,84.220001,85.800003,3539900,
APAM,46.369999,47.040001,46.200001,46.98,160300,
APC,86.360001,87.290001,85.339996,86.900002,2965200,
APD,94.189999,94.66,93.759997,94.549997,1950700,
APEI,38.450001,38.919998,37.669998,38.459999,73200,
APH,76.860001,77.360001,76.300003,77.269997,1044400,
APL,36.64,37.15,36.37,37.15,313800,
APO,22.6,23.75,22.450001,23.65,1172800,
APOG,24.790001,25.85,24.530001,25.85,187300,
APOL,20.040001,20.52,20.030001,20.26,2136500,
APP,1.99,2.13,1.98,2.13,1426800,
APRI,2.59,2.7,2.55,2.61,401100,
APU,44.990002,45.759998,44.669998,45.759998,60200,
ARAY,5.25,5.35,5.14,5.33,784500,
ARB,46.79,46.8,46.73,46.75,424000,
ARCC,16.65,16.950001,16.620001,16.940001,3317200,
ARCO,13.38,13.49,13.34,13.48,232700,
ARCP,15.3,15.83,15.05,15.45,5073300,
ARE,67.18,68.050003,66.459999,68.040001,627300,
AREX,25.200001,25.860001,24.889999,25.35,275100,
ARG,101.040001,101.440002,99.75,100.760002,289500,
ARI,16.42,16.700001,16.280001,16.690001,457300,
ARIA,16.629999,17.379999,16.18,17.290001,3509300,
ARII,32.349998,32.889999,32.240002,32.880001,102600,
ARLP,70.599998,71.720001,70.150002,71.540001,106400,
ARMH,40.939999,41.259998,40.610001,41.220001,2429500,
ARNA,8.66,8.84,8.56,8.66,2791500,
ARO,14.4,14.63,14.29,14.62,1150000,
ARP,23,23.18,22.67,22.92,78900,
ARPI,18.299999,18.879999,18.200001,18.780001,419200,
ARQL,2.36,2.4,2.31,2.36,626800,
ARR,4.93,5.02,4.83,5.01,1177500,
ARRS,14.35,14.65,14.26,14.65,2065100,
ARRY,5.07,5.15,4.85,5,2468900,
ARTC,33.9,34,33.53,33.94,77600,
ARUN,14.59,15.02,14.34,14.43,3976700,
ARW,39.790001,40.200001,39.369999,39.900002,500800,
ARX,7.98,8.14,7.93,8.08,17100,
ASA,14.4,14.52,14.27,14.45,66900,
ASBC,15.01,15.08,14.8,15.02,1199000,
ASCA,26.25,26.25,26.16,26.22,507300,
ASEI,59.889999,60.610001,59.889999,60.330002,21300,
ASFI,8.97,9.09,8.81,9.05,42200,
ASGN,24.959999,25.790001,24.809999,25.790001,442800,
ASH,85.650002,86.400002,84.480003,85.650002,933500,
ASIA,11.66,11.67,11.65,11.65,90900,
ASMI,34.810001,34.810001,34.540001,34.66,1800,
ASML,79.239998,80.010002,78.290001,79.559998,4877600,
ASNA,18.049999,18.299999,17.67,18.129999,5224400,
ASPS,92.089996,94.5,91.860001,94.5,125300,
ASR,113.010002,116.169998,112.089996,116.150002,101700,
ASTE,34.639999,34.91,34.150002,34.790001,50500,
ASTI,0.73,0.75,0.73,0.74,16400,
ASTX,4.61,4.7038,4.41,4.5,1349800,
ASYS,5.3,5.34,4.97,5.03,36700,
AT,4.67,4.75,4.65,4.72,608400,
ATAX,6.62,6.78,6.62,6.71,75800,
ATHN,83,84.790001,82.580002,84.769997,279100,
ATHX,1.58,1.69,1.58,1.68,328900,
ATI,27,27.309999,26.690001,27,1571700,
ATK,76.88,78.63,76.88,78.61,222400,
ATLC,3.59,3.89,3.5,3.8,5900,
ATLS,13.42,13.54,13.19,13.5,844968,
ATMI,23.84,24.15,23.74,24.08,120300,
ATML,8.01,8.2,7.97,8.05,8856300,
ATNI,48.32,49.869999,47.93,49.84,79800,
ATO,41.130001,41.490002,40.799999,41.459999,542500,
ATPAQ,0.094,0.094,0.0805,0.088,172200,
ATR,55.830002,56.279999,55.68,56.279999,146700,
ATRS,4.18,4.2,4.05,4.12,930200,
ATSG,6,6.02,5.88,5.98,96700,
ATU,32.540001,33.029999,32.459999,33.029999,440700,
ATVI,14.35,14.65,14.25,14.62,7995900,
ATW,54.299999,55,54.040001,54.73,391800,
AU,17.549999,17.950001,17.51,17.860001,2299100,
AUDC,4.12,4.24,4.11,4.23,82600,
AUM,95,96.720001,94.730003,96.150002,0,
AUMN,1.77,1.77,1.67,1.7,264400,
AUO,4.21,4.24,4.18,4.23,944600,
AUQ,5.36,5.5,5.3,5.5,3174500,
AUX,105.27,105.56,103.39,104.04,0,
AUXL,15.48,15.7,15.4,15.7,786700,
AUY,11.81,12.1,11.73,12.03,6938700,
AVA,26.57,27.25,26.5,26.9,321300,
AVAV,20.190001,20.280001,19.700001,19.82,227700,
AVB,134.139999,135.289993,132.910004,134.5,697300,
AVD,30.370001,30.469999,29.799999,30.129999,180400,
AVEO,2.36,2.45,2.36,2.39,1317200,
AVG,17.41,17.940001,17.309999,17.719999,318300,
AVGO,37.189999,37.220001,36.439999,36.75,2973100,
AVHI,13.53,13.74,13.53,13.74,11100,
AVID,6.5,6.6,6.44,6.5,56200,
AVIV,25.5,26.31,25.38,26.22,336400,
AVL,0.76,0.78,0.75,0.78,276600,
AVNR,3.85,3.9,3.65,3.8325,3078800,
AVP,22.65,22.93,22.41,22.9,3930300,
AVSPY,139.55,140.12,136.05,136.27,0,
AVT,33.700001,33.919998,32.959999,33.279999,586500,
AVX,11.95,12.03,11.89,12.02,143800,
AVY,42.27,42.799999,41.849998,42.790001,741900,
AWAY,28.93,29.469999,28.5,29.459999,696600,
AWC,29.789,29.789,29.789,29.789,0,
AWH,89.68,89.989998,89.230001,89.980001,534900,
AWI,50.299999,50.860001,50.130001,50.549999,401500,
AWK,39.66,40.060001,39.450001,40.02,755100,
AWR,52.689999,53.299999,52.66,53.259998,253800,
AWRE,5.27,5.31,5.1,5.29,134500,
AXAS,2.33,2.37,2.25,2.32,698900,
AXE,75.690002,76.809998,75.599998,76.769997,179100,
AXL,17.4,17.700001,17.25,17.66,1286700,
AXLL,42.27,43.290001,41.75,43.200001,1312100,
AXP,74.75,76.25,74.639999,76.239998,5455600,
AXS,43.709999,44.040001,43.540001,44.02,708600,
AXTI,2.81,2.86,2.77,2.83,93400,
AXU,1.55,1.58,1.53,1.56,147100,
AYI,73.279999,73.959999,72.339996,73.959999,459500,
AYR,14.43,14.86,14.39,14.85,475300,
AZC,2.39,2.41,2.35,2.4,39400,
AZN,51.18,51.529999,51.009998,51.490002,4183000,
AZO,406.109985,415.559998,406.109985,415.390015,193500,
AZPN,29.83,30.280001,29.719999,30.26,307300,
AZZ,41.029999,41.610001,40.830002,41.599998,117900,
B,29.48,29.780001,29.32,29.76,155800,
BA,98.650002,99.809998,98.419998,99.760002,4131700,
BAA,1.11,1.22,1.07,1.2,693500,
BABY,14.2,14.35,14.07,14.34,392500,
BAC,13.08,13.24,12.85,13.2,142361900,
BAH,17.379999,17.889999,17.379999,17.82,297600,
BAK,15.49,15.84,15.22,15.5,377900,
BAL,52.82,53.419998,52.740002,53.259998,23600,
BALT,3.55,3.55,3.5,3.54,42100,
BAM,34.639997,35.389998,34.440001,35.359997,1654000,
BANR,32.380001,32.919998,32.200001,32.91,113800,
BAP,137.190017,137.660006,135.780005,136.600015,328500,
BAS,12.82,13.18,12.45,12.51,1293700,
BAX,68.93,69.519997,68.499997,69.519997,5370100,
BAXS,2.25,2.35,2.15,2.16,67600,
BBBY,68.540001,68.669998,67.32,68.239998,2233500,
BBCN,12.58,12.7,12.34,12.66,201200,
BBD,14.97,15.200001,14.91,15.19,7428900,
BBEP,18.17,18.389999,18.030001,18.35,318800,
BBG,21.809999,22.299999,21.43,22.16,865700,
BBH,67.349998,69.239998,67.349998,69.239998,128100,
BBL,56.419998,57.16,56.220001,57.130001,1007700,
BBOX,27.030001,27.610001,26.76,27.360001,31100,
BBRG,17.67,17.9,17.59,17.9,69100,
BBRY,13.56,13.9,13.53,13.71,15276600,
BBT,32.380001,32.689999,32.099998,32.68,2944800,
BBVA,9.26,9.34,9.17,9.31,1108600,
BBW,6.19,6.27,6.03,6.17,42700,
BBX,12.24,12.33,11.92,12.32,31000,
BBY,27.02,27.709999,26.82,27.68,4857500,
BC,32.189999,32.459999,31.870001,32.32,761800,
BCC,26.620001,27.09,26.620001,26.940001,242300,
BCE,44,44.380001,43.689999,44.279999,996200,
BCEI,36.860001,37.700001,36.259998,36.799999,438700,
BCO,26.549999,26.67,26.17,26.48,147400,
BCOR,17.790001,18.459999,17.77,18.450001,478200,
BCOV,7.51,7.75,7.5,7.61,221500,
BCPC,47.110001,48.139999,46.950001,47.669998,122700,
BCR,104.120003,105.059998,103.089996,105.059998,642500,
BCRX,1.63,1.65,1.61,1.65,393700,
BCS,19,19.03,18.68,19,4017650,
BDBD,10.28,10.48,10.19,10.26,302500,
BDC,51.529999,52.200001,50.950001,51.57,391400,
BDE,8.82,8.93,8.68,8.86,68600,
BDN,13.61,13.92,13.52,13.91,1069400,
BDSI,4.32,4.43,4.22,4.31,186700,
BDX,97.110001,97.75,95.949997,97.75,809100,
BEAM,64.67,64.92,63.8,64.2,785400,
BEAT,3.24,3.29,3.18,3.2,63700,
BEAV,62.459992,64.549999,62.380006,64.489995,1122500,
BEBE,5.65,5.97,5.55,5.97,80400,
BECN,40.599998,41.09,40.400002,40.900002,328100,
BEE,7.83,8.02,7.82,7.99,1501200,
BEN,148.630005,149.630001,147.710003,149.509998,4744800,
BERY,21.459999,22.940001,21.24,22.91,527400,
BF.B,68.080002,69.199997,67.879997,69.129997,359900,
BFAM,34.849998,35.540001,34.700001,35.490002,39800,
BG,68.769997,69,68.18,68.940002,608400,
BGC,33.23,33.57,32.490002,33.48,1089000,
BGCP,5.53,5.69,5.41,5.68,2241900,
BGFV,19.940001,20.58,19.790001,20.290001,234300,
BGG,21.389999,21.610001,21.129999,21.309999,398900,
BGS,28.690001,29.01,28.549999,28.690001,357900,
BHE,19.530001,19.76,19.5,19.690001,241000,
BHI,45.48,45.98,45.07,45.619999,4469900,
BHP,64.129997,64.860001,63.669998,64.839996,2546500,
BID,37.68,38.18,37.470001,38.139999,1302700,
BIDU,94.860001,99.220001,94.459999,98.889999,3630700,
BIG,33.130001,33.68,33.02,33.450001,1076200,
BIIB,214.350006,221.350006,212.869995,221.190002,1612200,
BIO,112.260002,113.959999,112.260002,113.349998,78700,
BIOD,4.18,4.39,4.03,4.11,160400,
BIOL,4.180007,4.300006,3.970004,4.000009,366300,
BIOS,14.35,14.57,14.27,14.4,363200,
BIP,34.389999,35.259999,34.389999,35.259999,1565700,
BIRT,6.72,6.74,6.56,6.74,124000,
BITA,10.4,10.95,9.98,10.68,215900,
BIV,85.900002,86.300003,85.709999,85.959999,269200,
BJRI,37.240002,37.669998,37.189999,37.639999,108800,
BK,29.01,29.530001,28.68,29.51,6893400,
BKCC,9.86,10,9.8,9.84,457200,
BKD,26.91,27.24,26.639999,26.969999,792800,
BKE,53.779995,55.089994,53.640001,55.050001,219200,
BKF,36.880001,37.349998,36.830002,37.349998,116500,
BKH,46.950001,47.599998,46.740002,47.59,212600,
BKI,37.3,37.36,37.29,37.34,328000,
BKLN,24.959999,24.969999,24.870001,24.93,6662200,
BKMU,5.61,5.7,5.6,5.7,125900,
BKS,21.040001,21.190001,20.73,20.9,1220400,
BKU,24.870001,25.139999,24.799999,25.120001,435900,
BKW,19.15,19.54,19.06,19.54,1068800,
BKX,59.87,60.65,59.45,60.64,0,
BLC,10.81,11.25,10.764,11.25,733500,
BLDP,1.57,1.68,1.56,1.62,798800,
BLDR,6.41,6.61,6.29,6.6,362500,
BLK,265.390015,269.230011,260.519989,268.98999,1409400,
BLKB,30.16,30.73,29.98,30.68,106600,
BLL,42.650002,42.84,42.41,42.82,853000,
BLMN,23.860001,24.15,22.74,23.27,1064500,
BLOX,24.23,25,24.030001,24.77,627700,
BLT,13.08,13.2,12.97,13.08,108400,
BLV,88.860001,89.720001,88.470001,89.139999,42600,
BLX,22.809999,23,22.700001,23,65000,
BMC,45.26,45.29,45.18,45.25,4436700,
BMI,43.869999,44.490002,43.5,44.400002,100400,
BMO,58.099998,58.59,57.880001,58.560001,484500,
BMR,20.58,20.9,20.379999,20.9,1336900,
BMRN,57.830002,59,57.029999,59,1901300,
BMS,38.669998,39.139999,38.52,39.080002,632100,
BMY,46.380001,47.290001,45.919998,47,12443300,
BNCL,8.719996,8.779996,8.580001,8.709998,30400,
BND,82.160004,82.400002,82.07,82.209999,1101400,
BNNY,37.72,38.26,37.4,38.22,94600,
BNO,78.32,78.860001,78.32,78.620003,42000,
BNS,56.009998,56.560001,55.419998,56.07,561800,
BOBE,47.400002,48.009998,47.23,48.009998,224800,
BODY,12.55,12.84,12.39,12.57,19200,
BOFI,48.299999,48.299999,47.009998,47.810001,867600,
BOH,48.810001,49.290001,48.619999,48.919998,330000,
BOIL,45,45.259998,42.48,43.18,116800,
BOKF,64.040001,64.419998,63.369999,64.209999,40000,
BOLT,16.3,17.09,16.25,16.8,20900,
BONA,4.5,4.5,4.4,4.45,48100,
BOND,108.07,108.400002,107.910004,108.230003,405300,
BONT,21.1,21.780001,20.82,21.43,135600,
BOOM,16.450001,17,16.450001,16.99,38500,
BORN,1.35,1.36,1.27,1.33,67000,
BOTA,3.5,3.54,3.5,3.51,29500,
BP,42.939999,43.16,42.709999,43.150002,4507100,
BPAX,1.21,1.22,1.17,1.22,153900,
BPFH,9.89,10.02,9.85,10.02,316500,
BPI,12.56,12.86,12.52,12.68,205900,
BPL,64.790001,66.790001,64.160004,66.720001,326300,
BPO,16.93,17.28,16.79,17.27,1141300,
BPOP,28.76,28.92,28.25,28.91,612500,
BPT,91.110001,92.089996,90.849998,91.959999,89800,
BPX,64.669998,64.779999,63.759998,64.080002,0,
BPY,20.879999,21.23,20.879999,20.98,226000,
BPZ,1.92,1.96,1.86,1.88,480100,
BR,26.299999,26.629999,26.209999,26.450001,1518900,
BRC,31.1,31.34,30.74,31.049999,167300,
BRCD,5.26,5.41,5.25,5.4,7942100,
BRCM,35.310001,35.310001,34.560001,34.959999,6853400,
BRE,49.07,49.34,48.39,49.13,609700,
BREW,7.52,7.67,7.45,7.55,11800,
BRF,36.310001,36.66,36.259998,36.619999,103500,
BRFS,22.98,23.030001,22.65,22.959999,1284500,
BRK.B,111.339996,113.169998,111.150002,113.099998,4550300,
BRKL,8.44,8.55,8.39,8.5,199700,
BRKR,16.07,16.26,15.95,16.26,443700,
BRKS,10.28,10.41,10.06,10.3,243300,
BRLI,30.88,31,29.46,29.5,362500,
BRO,31.370001,31.76,31.290001,31.76,366800,
BRS,61.220001,62.66,61.040001,62.650002,185800,
BRY,44.28,44.84,44.06,44.81,196500,
BSAC,23.93,24.1,23.809999,24.1,285700,
BSBR,6.93,7.07,6.9,7.07,4351600,
BSDM,1.33,1.33,1.26,1.3,158800,
BSET,13.37,13.64,13.37,13.6,11800,
BSFT,28.540001,29.700001,28.26,29.58,357600,
BSMX,15.34,15.55,15.1,15.29,1775800,
BSRR,13.99,14.17,13.99,14.17,29100,
BSX,9,9.2,8.93,9.18,27854500,
BTE,37.279999,37.709999,37.25,37.619999,158800,
BTH,13.57,13.79,13.18,13.34,178200,
BTI,109.459999,109.910004,108.830002,109.910004,111300,
BTN,4.19,4.21,4.17,4.21,55100,
BTU,19.010009,19.18001,18.760009,18.910009,587200,
BTX,3.95,4.13,3.95,4.13,149800,
BUD,91.800003,92.739998,91.580002,92.699997,1168600,
BUSE,4.459995,4.509996,4.389995,4.509996,36000,
BV,8.05,9.51,8,9.22,1954200,
BVN,18.190001,18.469999,18.030001,18.35,932100,
BWA,79.43,80.209999,78.809998,80.190002,1601800,
BWC,29.360001,29.700001,29.299999,29.66,434700,
BWEN,4.46,4.54,4.27,4.36,62600,
BWLD,93.849998,95.360001,93.290001,95.360001,242600,
BWP,28.49,28.99,28.35,28.92,805000,
BWS,21.3,21.67,21.09,21.52,314700,
BWX,57.75,58.630001,57.639999,58.290001,294800,
BX,20.84,21.26,20.809999,21,4659400,
BXP,108.07,109.650002,107.18,109.580002,876200,
BXS,16.68,16.84,16.48,16.82,395300,
BYD,12.03,12.13,11.66,12.01,1708800,
BYI,56.18,56.5,55.2,56.23,519600,
BZ,8.13,8.41,8.13,8.4,694700,
BZF,18.4,18.52,18.389999,18.5,17600,
BZH,18.799999,19.42,18.690001,19.33,1442600,
BZQ,75.830002,76.690002,74.800003,74.889999,24000,
C,49.860001,50.860001,49.630001,50.830002,35143600,
CA,27.27,28,27.1,27.99,5265100,
CAAS,5.09,5.09,5,5.01,19800,
CAB,66.849998,67.699997,66.279999,67.690002,422000,
CACI,64.209999,64.57,63.869999,64.449997,305200,
CADX,7.62,7.74,7.37,7.71,355800,
CAG,33.06,33.159998,32.7,33.159998,5724500,
CAH,46.259998,46.34,45.59,46.130001,2294100,
CAJ,32.919998,33.049999,32.389999,32.939999,561900,
CAK,0.54001,0.55999,0.51,0.51,206400,
CAKE,40.25,40.77,40.080002,40.689999,413000,
CALD,6.25,6.4,6.19,6.38,257800,
CALL,14.32,14.85,14.184,14.6,339165,
CALM,44.849998,45.209999,44.310001,44.869999,149600,
CALX,10.18,10.45,10.18,10.3,406900,
CAM,59.970001,61.700001,59.860001,61.59,2608400,
CAMP,13.06,13.26,12.85,13.07,164500,
CAP,25.540001,25.99,25.35,25.77,116000,
CAR,31.950001,32.029999,30.860001,31.99,1529300,
CARB,10.65,11.09,10.63,10.99,65400,
CAS,17.190001,17.370001,17.08,17.299999,103600,
CASY,60.93,61.790001,60.860001,61.580002,297800,
CAT,84.300003,84.309998,83.300003,84,7009400,
CATM,29.110001,29.23,28.530001,28.92,202200,
CATO,25.299999,25.52,25.049999,25.51,95400,
CATY,19.450001,20.25,19.290001,20.18,352500,
CAVM,31.6,32.68,31.540001,32.5,899300,
CB,87.879997,89.010002,87.43,89.010002,1518800,
CBAK,1.42,1.44,1.15,1.17,389700,
CBB,3.24,3.3,3.22,3.3,371200,
CBD,48.75,49.470001,48.439999,49.450001,421000,
CBEY,8.41,8.665,8.3963,8.5,84400,
CBF,17,17.200001,16.85,16.9,205700,
CBG,22.48,23.18,22.34,23.17,3334500,
CBI,60.119999,60.75,59.73,60.470001,1521800,
CBK,6.73,6.97,6.55,6.83,486000,
CBL,22.16,22.59,21.889999,22.559999,1814400,
CBLI,1.49,1.6,1.48,1.59,3700,
CBM,13.67,13.75,13.45,13.64,267000,
CBOE,39.880001,40.619999,39.880001,40.5,498600,
CBR,3.88,3.91,3.73,3.9,110400,
CBRL,95.139999,96.400002,94.779999,96.339996,201100,
CBS,48.240002,48.860001,47.689999,48.84,5712000,
CBS.A,48.5,48.790001,47.779999,48.790001,4500,
CBSH,42.960135,43.700141,42.760131,43.680138,506400,
CBST,50.14,51.08,49.85,51.08,659600,
CBT,38.650002,39.200001,38.369999,39.009998,385700,
CBU,29.27,29.41,28.92,29.360001,153800,
CBZ,6.63,6.68,6.58,6.67,139900,
CCC,18.07,18.309999,17.809999,18.120001,199800,
CCE,36.880001,37,36.220001,36.73,3558800,
CCG,12.31,12.61,12.25,12.61,405800,
CCI,69.760002,70.760002,69.720001,70.639999,3516000,
CCIX,19.4,20,19.33,19.99,162900,
CCJ,21.280001,21.610001,21.280001,21.59,1074800,
CCK,41.48,42.299999,41.389999,42.279999,887800,
CCL,32.139999,32.439999,32.060001,32.23,4917400,
CCM,4.060001,4.150003,4.060001,4.100004,12000,
CCMP,35.290001,35.700001,34.919998,35.040001,95800,
CCO,7.98,8.07,7.72,7.98,350500,
CCOI,26.26,26.559999,25.9,26.389999,360100,
CCRN,5.06,5.15,4.98,5.14,86600,
CCUR,7.15,7.23,6.88,7.08,71500,
CDD,103.25,103.559998,102,102.639999,0,
CDE,14.39,14.61,14.27,14.55,1212300,
CDI,13.99,14.4,13.93,14.39,46500,
CDNS,14.84,14.98,14.79,14.93,2014800,
CDR,5.7,5.79,5.68,5.78,155400,
CDZI,5.9,5.99,5.85,5.98,26400,
CE,47.630001,48.599998,47.389999,48.59,706200,
CEB,58.669998,60.040001,58.669998,59.98,99800,
CEC,0.73081,0.73081,0.73081,0.73081,0,
CECE,11.75,11.86,11.67,11.86,33000,
CECO,2.97,3.1,2.96,3.06,692900,
CEL,8.86,8.95,8.84,8.89,86700,
CELG,112.010002,115.660004,111.5,115.559998,8442600,
CENTA,7.51,7.55,7.39,7.52,237900,
CENX,9.83,10.04,9.74,9.89,580100,
CEO,173.449997,175.809998,172.929993,175.809998,68800,
CERN,96.980003,99.309998,96.699997,99.260002,2151600,
CERS,4.89,5.03,4.75,4.99,513100,
CETV,3.36,3.46,3.17,3.3,512000,
CEVA,16.440001,16.469999,16.200001,16.379999,154900,
CF,190.900002,193.180008,189.200001,192.880001,4133000,
CFI,17.52,17.799999,17.120001,17.76,28000,
CFN,37.5,37.67,37.15,37.54,2401300,
CFNL,15.26,15.46,15.14,15.39,122200,
CFR,63.139999,63.98,62.970001,63.970001,243800,
CFX,48.73,49.330002,48.560001,49.299999,561000,
CG,26.450001,26.620001,26.120001,26.25,8105800,
CGA,2.84,2.84,2.81,2.82,33500,
CGEN,6.16,6.3,6.01,6.14,75300,
CGG,23.59,23.799999,23.559999,23.700001,700,
CGI,18.92,19.110001,18.809999,19,173900,
CGNX,44.5,45.57,44.200001,45.529999,403400,
CGX,47.47,47.77,46.88,47.41,39200,
CHCO,39.220001,39.48,38.700001,39.400002,24200,
CHD,59.560001,60.349998,59.299999,60.349998,1361000,
CHDN,81.330002,81.489998,80.290001,81.150002,49900,
CHDX,16.27,16.61,16.27,16.49,6600,
CHE,70.650002,71.010002,70.550003,71,224500,
CHEF,18.469999,18.889999,18.049999,18.280001,33200,
CHFC,25.85,26.34,25.540001,25.59,52900,
CHH,39.209999,39.580002,38.950001,39.549999,61100,
CHIQ,14.16,14.37,14.16,14.37,70100,
CHK,21.520001,21.68,21.190001,21.670001,12913800,
CHKP,49.27,49.389999,48.73,49.119999,1535700,
CHKR,14.75,15.12,14.75,14.9,84700,
CHL,51.139999,51.200001,50.669998,51.099998,1085800,
CHLN,2.07,2.09,1.93,2,8500,
CHMT,22.18,22.629999,22.040001,22.4,375400,
CHOP,1.92,2.07,1.91,2,3600,
CHRW,56.41,56.689999,55.880001,56.310001,955700,
CHS,18,18.07,17.82,17.969999,3136100,
CHSP,21.74,22.01,21.5,22,148100,
CHT,31.42,31.76,31.25,31.75,76700,
CHTP,2.26,2.59,2.2,2.56,2241100,
CHTR,113.919998,114.470001,111.470001,112.629997,755400,
CHU,13.37,13.51,13.35,13.5,412000,
CHUY,32.529999,33.52,32.529999,33.43,93000,
CI,65.970001,66.970001,65.540001,66.959999,1050900,
CIB,58.84,59.169998,58.360001,58.799999,284900,
CIE,25.32,25.92,25.200001,25.68,2248700,
CIEN,18.450001,19.190001,18.17,19.15,24069600,
CIG,10.109997,10.239999,10.010005,10.180006,4258100,
CIM,3.02,3.1,3,3.1,1392200,
CINF,45.599998,45.959999,45.169998,45.950001,816300,
CIS,1.71,1.81,1.7,1.81,92698,
CISG,6.09,6.17,6.09,6.12,11000,
CIT,45.73,46.32,45.55,46.21,1204243,
CJES,18.66,19.02,18.629999,19,391700,
CKEC,17.809999,18.040001,17.530001,17.73,138400,
CKH,77.379997,78.400002,76.919998,78.370003,69500,
CKP,14.04,14.35,13.97,14.35,207100,
CKSW,7.6,7.73,7.56,7.68,46800,
CL,57.799999,58.220001,57.07,58.040001,3861600,
CLB,134.020004,136.839996,133.539993,136.839996,165300,
CLC,53.77,54.349998,53.630001,54.349998,111500,
CLD,18.92,19.110001,18.58,18.709999,496000,
CLDT,18.040001,18.32,17.879999,18.299999,40300,
CLDX,13.42,13.5,12.95,13.5,1490000,
CLF,18.16,18.67,18.129999,18.549999,6932700,
CLGX,24.469999,25.139999,24.379999,25.08,784600,
CLH,55.639999,55.73,54.450001,54.709999,439600,
CLI,25.84,25.92,25.559999,25.83,1145600,
CLMS,10.54,10.83,10.54,10.73,139200,
CLMT,32.84,34.48,32.599998,34.07,647300,
CLNE,12.77,13.07,12.75,13.06,828800,
CLNY,21.15,21.32,20.790001,21.32,1424300,
CLP,4500,4500,4500,4500,0,
CLR,81.190002,83.07,81.190002,83.010002,1809200,
CLS,9.29,9.56,9.17,9.49,280800,
CLSN,1.869999,1.9,1.76,1.769999,1128800,
CLW,48.240002,48.669998,48.07,48.66,59000,
CLWR,4.3,4.36,4.28,4.28,5876900,
CLX,83.099998,83.910004,82.599998,83.889999,734900,
CM,74.82,75.279999,74.410004,75.18,203500,
CMA,37.990002,38.439999,37.779999,38.25,2049600,
CMC,14.71,14.87,14.67,14.85,781500,
CMCO,21.110001,21.299999,20.559999,21.200001,49100,
CMCSA,40.259998,40.34,39.610001,40.240002,22329800,
CMCSK,38.84,38.959999,38.330002,38.84,2241700,
CME,68.639999,69.370003,68.150002,68.919998,1889700,
CMG,354.420013,359.440002,351.679993,359.029999,230000,
CMI,116.010002,118.330002,115.739998,117.339996,1764600,
CMLP,21.83,22.08,21.67,22.02,54400,
CMN,33.460004,34.090004,33.39,34.090004,97800,
CMO,12.34,12.52,12.27,12.51,746400,
CMP,85.949997,87.470001,85.949997,87.389999,145400,
CMRE,16.809999,17,16.68,16.91,102500,
CMS,26.370001,26.93,26.309999,26.93,2964900,
CMTL,26.16,26.6,26,26.27,114000,
CNA,33.419998,33.720001,33.09,33.720001,117900,
CNC,47.919998,49,47.799999,48.310001,817400,
CNDO,8.63,9.01,8.5,8.97,240400,
CNH,44.51,44.68,43.87,44.26,456400,
CNI,98.370003,99.339996,97.800003,99.309998,1040800,
CNIT,2.79,2.89,2.73,2.82,12100,
CNK,28.35,28.67,28.25,28.67,387900,
CNL,44.529999,45.220001,44.43,45.209999,234500,
CNMD,31.92,32.290001,31.9,32.279999,186100,
CNO,12.13,12.46,12.05,12.45,1855400,
CNP,22.84,23.16,22.65,23.15,3955200,
CNQ,28.780001,29.18,28.709999,29.18,2543100,
CNQR,78.15,80.83,78.15,80.75,398800,
CNS,36.41,36.880001,36.130001,36.860001,118700,
CNSI,29.66,29.790001,29.35,29.790001,62100,
CNSL,16.799999,17.33,16.799999,17.290001,158200,
CNW,38.049999,38.720001,37.779999,38.200001,1385600,
CNX,33.720001,33.860001,33.110001,33.490002,1285000,
COCO,2.57,2.69,2.57,2.68,552300,
CODE,1.12,1.12,1.12,1.12,0,
CODI,16.48,16.73,16.48,16.709999,150700,
COF,60.130001,60.790001,59.669998,60.77,2939900,
COG,69.809998,70.919998,69.169998,70.580002,3277200,
COGO,1.87,2.05,1.8,1.88,38100,
COH,57.41,57.529999,57,57.52,3735800,
COHR,56.639999,57.200001,56.080002,56.939999,48200,
COHU,11.23,11.49,10.93,11.16,57100,
COL,63.900002,64.739998,63.630001,64.720001,549400,
COLB,21.67,21.940001,21.459999,21.889999,153800,
COLM,60.779999,61.110001,59.66,60.43,87800,
CONE,21.540001,21.540001,20.799999,21.360001,191900,
CONN,52.900002,54,49.139999,53.959999,1522000,
COO,110.629997,113.220001,110.330002,113.129997,391200,
COP,61.509998,61.919998,60.959999,61.91,6616200,
COR,31.58,32.470001,31.4,32.459999,118300,
CORE,60.700001,60.869999,59.900002,60.279999,110000,
CORN,40.860001,41.5,40.860001,41.5,27900,
CORR,7.67,7.79,7.58,7.79,16400,
CORT,1.8,1.86,1.77,1.86,134600,
COST,109.540001,111.129997,109.379997,111.089996,2186800,
COT,8.12,8.23,8.06,8.14,444100,
COV,58.03,58.94,57.77,58.94,2714700,
COW,26.18,26.4,26.18,26.360001,4500,
COWN,3.09,3.18,3.09,3.17,337200,
CP,120.910004,125.830002,120.050003,125.660004,1049100,
CPA,127,133.240005,126.639999,132.779999,490500,
CPB,42.990002,43.189999,42.669998,43.189999,1170700,
CPE,3.62,3.74,3.6,3.74,179700,
CPF,17.6,17.799999,17.43,17.790001,114700,
CPHD,34.41,34.709999,33.59,34.060001,534700,
CPIX,5.03,5.1,4.97,5.09,156800,
CPL,20.96994,21.159938,20.849938,21.069939,203500,
CPLA,43.77,44.790001,43.639999,44.689999,54600,
CPLP,8.85,9.09,8.85,9.04,101300,
CPN,19.91,20.48,19.91,20.469999,3842400,
CPRT,34.630001,34.950001,34.349998,34.419998,1076700,
CPSI,49.950001,50.560001,49.5,50.23,41300,
CPSS,7.26,7.5,7.22,7.45,36000,
CPT,68.440002,68.599998,67.209999,68.589996,699900,
CPTS,31.02,31.02,31.02,31.02,0,
CPWR,10.6305,10.6689,10.3808,10.5153,5063000,
CQB,9.9,10.27,9.89,10.26,317100,
CQP,28.860001,29.43,28.32,29.049999,220600,
CQQQ,26.57,26.84,26.57,26.84,6500,
CR,57.529999,58.139999,57.330002,58.139999,145400,
CRAY,18.209999,18.389999,18.08,18.389999,193100,
CREE,60.310001,61.07,59.68,60.98,1156800,
CRH,20.65,20.85,20.540001,20.84,333500,
CRI,70.589996,71.050003,70.169998,70.989998,264000,
CRIS,3.36,3.51,3.28,3.5,415900,
CRK,16.37,16.610001,16.24,16.5,146400,
CRL,41.5,41.740002,41.18,41.560001,519300,
CRM,37.869999,38.400002,37.099998,38.060001,10970900,
CRME,1.85,2,1.8,1.95,38600,
CRMT,43.580002,43.580002,42.599998,43.279999,33500,
CRNT,3.8,3.86,3.7,3.83,34100,
CROC,43.790001,43.790001,41.939999,42.57,40600,
CROX,16.709999,17.02,16.58,17.02,890600,
CRR,65.57,69.339996,65,69.269997,394600,
CRRC,13.32,13.5,13.07,13.5,23000,
CRS,47.549999,48.099998,47.5,48.09,218100,
CRTX,9.88,10.3199,9.6001,10.25,208700,
CRUS,18.129999,18.639999,17.91,18.209999,2451700,
CRY,6.1,6.2,6.06,6.19,42800,
CRZO,26.110001,26.48,25.610001,26.1,431500,
CS,28.52,28.75,28.1,28.610001,2189200,
CSC,44.679999,45.419995,44.549999,45.419995,4352800,
CSCO,24.48,24.690001,24.24,24.549999,44830200,
CSE,9.25,9.47,9.22,9.41,1761200,
CSGP,112.120003,113.18,111.669998,113.110001,97900,
CSGS,20.18,20.77,19.93,20.77,138700,
CSH,46.929993,48.35999,46.929993,48.35999,437300,
CSII,21.73,21.950001,21.059999,21.49,136800,
CSIQ,8.64,9.19,8.64,9.02,1365500,
CSL,64.919998,65.309998,64.639999,65.209999,560400,
CSOD,39.200001,39.860001,38.93,39.860001,218700,
CST,31.379999,32.150002,31.379999,31.790001,1412000,
CSTE,25.09,26.290001,25,26.049999,256100,
CSTR,55.95,57.08,55.87,56.87,378700,
CSU,25.110001,25.42,24.76,25.15,160300,
CSUN,1.77,1.87,1.73,1.77,61100,
CSV,17.5,18.24,17.5,18.23,101500,
CSX,24.23,24.75,24.120001,24.73,9287100,
CTAS,44.77,45.23,44.549999,45.23,398100,
CTB,24.190001,24.49,24.15,24.469999,698200,
CTCM,11.89,12.14,11.73,11.97,379700,
CTCT,15.84,16.33,15.84,16.290001,307700,
CTGX,23.08,24.05,22.99,24.04,167800,
CTIC,1.26,1.26,1.24,1.25,721700,
CTL,34.889999,35.580002,34.689999,35.5,5079700,
CTRN,13.68,13.84,13.52,13.83,36100,
CTRP,31.01,33.02,30.76,32.91,1974800,
CTRX,47.990002,48.459999,47.259998,48.34,992100,
CTS,12.12,12.49,12,12.25,55100,
CTSH,64.199997,65.360001,63.439999,65.349998,8197400,
CTXS,62.689999,62.910002,61.099999,62.810001,4745400,
CU,23.1,23.200001,23.049999,23.18,3400,
CUB,47.610001,48.150002,47.509998,48.139999,86900,
CUBE,15.71,16.139999,15.71,16.129999,713200,
CUI,5.49,5.5,5.31,5.37,49063,
CUK,32.98,33.299999,32.93,33.290001,93900,
CUTR,8.98,9.04,8.81,8.94,46800,
CUZ,9.790001,9.86,9.640001,9.790001,1399300,
CVA,20.190001,20.280001,19.98,20.129999,538200,
CVBF,11.26,11.43,11.18,11.4,367400,
CVC,14.84,14.86,14.46,14.62,3215900,
CVD,72.2,73.89,72.05,73.79,360500,
CVE,30.08,30.24,29.75,30.059999,940600,
CVG,17.530001,17.860001,17.440001,17.85,367200,
CVGI,7.82,8.02,7.68,7.8,105100,
CVGW,28.709999,29.01,28.219999,28.51,83700,
CVI,58.82,60,58.169998,59.860001,323500,
CVLT,69.650002,70.440002,68.550003,69.800003,347700,
CVO,2.13,2.22,2.13,2.19,43300,
CVRR,30.32,30.6,30.26,30.549999,416200,
CVS,57.220001,57.889999,56.639999,57.889999,4634700,
CVU,10.07,10.12,9.9,10,26000,
CVX,121.269997,121.489998,118.660004,120.589996,10141500,
CVY,23.82,24.040001,23.76,24.02,232400,
CW,35.73,36.279999,35.73,36.23,120500,
CWCO,10.6,10.75,10.51,10.65,44100,
CWH,0.14,0.14,0.14,0.14,0,
CWST,4.17,4.22,4.03,4.08,101500,
CWT,19.74,19.889999,19.620001,19.889999,159800,
CWTR,3,3.04,2.88,2.96,747800,
CX,10.629959,10.839963,10.539972,10.839963,14296600,
CXDC,4.21,4.26,4.21,4.25,18900,
CXO,87.809998,88.809998,86.790001,87.93,1505800,
CXPO,2.87,2.91,2.86,2.89,50000,
CXW,34.560001,35.959999,34.529999,35.93,992200,
CY,10.9,11.03,10.64,10.79,2602500,
CYB,26.049999,26.09,26.040001,26.09,123400,
CYBX,51.330002,52.490002,50.400002,51.630001,797400,
CYC,1193.78,1193.78,1193.78,1193.78,0,
CYCC,3.209999,3.219999,3.109999,3.179999,16200,
CYD,17.610001,17.870001,17.610001,17.76,38100,
CYH,47.080003,48.580003,46.78,48.580003,1354000,
CYN,60.360001,61.349998,60.259998,61.189999,374400,
CYNO,23.879999,23.950001,23.139999,23.370001,201300,
CYOU,30.24,30.6,29.74,30.49,61000,
CYS,10.44,10.69,10.42,10.68,1719600,
CYT,68.830002,71.099998,68.830002,70.540001,1565800,
CYTR,2.35,2.38,2.23,2.25,115700,
CYTX,2.330001,2.420001,2.300001,2.420001,19200,
CZR,13.21,13.54,13.08,13.52,492200,
CZZ,18.42,18.52,17.719999,17.870001,2076100,
D,54.52,55.299999,54.18,55.299999,4995300,
DAKT,10.36,10.49,10.24,10.44,90700,
DAL,17.5,17.790001,16.940001,17.49,12921100,
DAN,18.49,18.75,18.25,18.42,1854300,
DANG,7.16,7.35,6.92,7.17,2873500,
DAR,19.299999,19.530001,19.15,19.52,682100,
DATA,49.869999,53.490002,49.380001,53.02,367500,
DATE,5.2,5.33,5.14,5.14,41300,
DAVE,11.74,12.15,11.74,12.15,6800,
DB,46.67,46.999999,45.859998,46.789998,1450200,
DBA,25.610001,25.799999,25.59,25.790001,295600,
DBB,17.49,17.58,17.440001,17.559999,181800,
DBC,26.139999,26.27,26.139999,26.26,3320900,
DBD,31.74,32.040001,31.59,31.92,236800,
DBE,27.690001,27.92,27.690001,27.809999,12300,
DBJP,32.099998,32.200001,30.5,31.49,228300,
DBLE,4.19,4.2,4.11,4.13,19900,
DBO,26.08,26.290001,26.040001,26.09,100500,
DBP,46.16,46.919998,46.119999,46.59,12300,
DBS,37.98,38.509998,37.98,38.349998,4200,
DBV,26.219999,26.219999,26,26.129999,626200,
DCI,36.380001,36.73,36.25,36.48,732900,
DCIX,5.24,5.26,5.1,5.14,53300,
DCM,14.67,14.96,14.66,14.96,313400,
DCO,19.15,20.1,19.15,20.1,60000,
DCT,7.32,7.51,7.3,7.5,706000,
DCTH,0.4,0.4,0.38,0.4,2200,
DD,54.659999,54.84,53.879998,54.789997,4277700,
DDC,14.99,15.32,14.95,15.12,601500,
DDD,43.93,45.919998,43.560001,45.869999,4226600,
DDM,92.910004,94.07,91.639999,94.07,649800,
DDR,16.889999,17.48,16.879999,17.48,4316600,
DDS,85.019997,85.720001,84.089996,85.209999,559200,
DE,85.730003,86.099998,85.120003,86.089996,2910300,
DECK,52.740002,53.98,52.470001,53.720001,496000,
DEI,24.440001,24.73,24.030001,24.73,901900,
DELL,13.43,13.5,13.4,13.49,13827600,
DEM,52.130001,52.73,52.09,52.73,735300,
DENN,6.08,6.15,6.03,6.14,508000,
DEO,118,119.050003,117.519997,118.879997,692200,
DEPO,5.7,5.78,5.7,5.78,248200,
DES,57.439999,58.060001,57.34,58.060001,75000,
DEST,25.01,25.129999,24.690001,25.129999,40800,
DF,10.38,10.56,10.29,10.38,1868500,
DFJ,44.689999,44.970001,44.07,44.93,143100,
DFRG,19.110001,20.17,18.629999,20,376300,
DFS,47.5,48.700001,47.349998,48.669998,4214200,
DFT,23.99,24.809999,23.879999,24.809999,545900,
DG,50.43,51.490002,49.830002,51.32,5672300,
DGI,29.59,30.02,29.5,29.76,484000,
DGII,9.7,9.88,9.7,9.86,32500,
DGIT,6.98,7,6.67,6.85,499800,
DGL,47.509998,48.290001,47.380001,47.919998,97900,
DGS,49.599998,49.919998,49.43,49.900002,158600,
DGX,61.599998,62.09,61.27,62.080002,941700,
DHI,22.549999,23.41,22.129999,23.27,10558100,
DHR,60.499998,60.600001,59.650002,60.429999,6119600,
DHT,4.35,4.43,4.35,4.42,20700,
DHX,9.11,9.2,9.1,9.2,250100,
DIA,149.380005,150.270004,148.309998,150.25,15155100,
DIG,56.02,56.73,55.09,56.700001,63600,
DIN,71.959999,73.07,71.910004,72.910004,93700,
DIOD,23.190001,23.52,22.93,23.35,200800,
DIS,63.099998,63.32,62.040001,63.139999,8661900,
DISCA,75.669998,75.879999,74.149998,75.020004,4559800,
DISCK,67.510002,67.660004,66,67.129997,1168600,
DISH,38.349998,38.580002,37.75,38.580002,2162900,
DJP,38.740002,38.849998,38.709999,38.799999,211600,
DJX,149.55,150.41,148.44,150.41,14040795136,
DK,34.66,35.299999,34.549999,34.73,854500,
DKL,33.619999,33.880001,33.25,33.720001,25100,
DKS,51.549999,51.610001,50.939999,51.599998,1098600,
DLB,34.34,34.970001,34.34,34.75,434700,
DLLR,14.65,14.86,14.585,14.8,277400,
DLN,60.060001,60.619999,59.689999,60.619999,1036700,
DLPH,48.200001,49.389999,47.869999,49.389999,2008300,
DLR,62.27,63.060001,61.130001,62.389999,2324400,
DLTR,48.619999,49.299999,48.110001,49.279999,1919300,
DLX,36.130001,36.650002,36.009998,36.639999,225600,
DM,1.67,1.74,1.64,1.73,261900,
DMD,8.2,8.250001,8.12,8.180001,191100,
DMLP,24.790001,24.889999,24.700001,24.879999,19500,
DMND,15.76,16.139999,15.44,15.64,201200,
DNB,95.82,97.540001,95.730003,97.459999,320400,
DNDN,3.9,3.923,3.82,3.88,2727052,
DNKN,40.220001,40.990002,40.049999,40.939999,822100,
DNN,1.36,1.38,1.29,1.32,839000,
DNO,36.91,36.93,36.610001,36.84,10700,
DNR,18.25,18.549999,18.139999,18.540001,2531200,
DO,68.5,69.089996,67.870003,68.489998,597000,
DOG,29.629999,29.82,29.440001,29.440001,959500,
DOLE,9.37,9.83,9.3,9.81,3520100,
DOM,4.99,5.05,4.91,4.95,33300,
DORM,44.689999,45.880001,44.389999,45.869999,149200,
DOV,77.650003,79.040003,77.000001,79.040003,1261000,
DOW,33.630001,33.990002,33.290001,33.889999,5295300,
DOX,35.400002,35.610001,35.189999,35.59,961200,
DPK,14.14,14.32,13.87,13.91,21700,
DPM,47.290001,47.880001,46.529999,47.860001,146300,
DPS,46.490002,46.5,45.560001,46.080002,1251800,
DPZ,58.27,59.48,57.91,59.450001,1011000,
DRC,60.049999,60.549999,59.139999,60.549999,386900,
DRD,5.98,6.27,5.98,6.23,67600,
DRE,15.87,16.27,15.71,16.27,3433400,
DRH,9.15,9.41,9.09,9.41,1787500,
DRI,52.720001,53.349998,52.580002,53.310001,928900,
DRIV,17.29,17.534,17.19,17.32,241200,
DRN,45.310001,48.110001,44.849998,48.040001,4195600,
DRQ,89.349998,90.68,89.07,90.669998,267200,
DRRX,0.8,0.89,0.78,0.87,769100,
DRV,16.35,16.51,15.35,15.38,59000,
DRWI,2.71,2.83,2.65,2.83,2500,
DRYS,1.819999,1.829999,1.769999,1.789999,400,
DSCI,13.09,13.5,13.07,13.49,18100,
DSCO,1.770001,1.800001,1.730001,1.770001,22700,
DSS,2.66,2.82,2.65,2.78,39000,
DST,66.610001,67.269997,66.43,67.269997,186500,
DSW,73.370003,73.830002,72.68,73.5,799400,
DSX,9.5,9.6,9.42,9.55,414400,
DTE,66.07,66.800003,65.900002,66.779999,664100,
DTLK,10.95,11.22,10.95,11.18,30000,
DTN,62.32,62.900002,62.080002,62.900002,101900,
DTSI,19.9,20.23,19.639999,20.219999,61400,
DTV,60.759998,61.810001,60.5,61.810001,4686200,
DUG,16.219999,16.459999,15.97,15.97,165400,
DUK,66.809998,67.529999,66.57,67.5,3626000,
DUST,74.969998,76.779998,70.999998,72.209998,34700,
DV,29.65,29.879999,29.280001,29.559999,400100,
DVA,123.199997,125.43,122.57,125.25,1508800,
DVAX,2.4,2.56,2.37,2.55,302400,
DVN,57.939999,58,54.830002,55.830002,7772100,
DVR,0.2,0.2,0.2,0.2,500,
DVY,63.669998,64.260002,63.439999,64.239998,1600700,
DW,37.279999,37.73,37.009998,37.720001,85700,
DWA,21.85,22.32,21.67,22.299999,519200,
DWRE,30.48,31.290001,30.33,31.18,135000,
DWSN,8.349916,8.459915,8.259918,8.439916,8700,
DWX,46.599998,47,46.459999,47,170800,
DX,10.3,10.47,10.3,10.45,325600,
DXCM,21.77,22.1,21.610001,21.93,704900,
DXD,35.41,35.900002,34.98,35,1460300,
DXJ,44.080002,44.369999,42,43.43,22467900,
DXLG,5.07,5.2,5,5.2,99000,
DXM,16.74,17.559999,16.48,17.32,395100,
DXPE,63.07,63.73,62.52,63.41,94400,
DY,22.889999,23.18,22.719999,22.860001,137100,
DYAX,2.73,2.87,2.71,2.86,439500,
DYN,23.780001,24.110001,23.23,23.559999,1582400,
DZK,49.25,49.869999,48.43,49.869999,10900,
E,45.16,45.25,44.77,45.25,219300,
EA,22.83,23.280001,22.709999,23.280001,3556000,
EAT,39.490002,40.369999,39.330002,40.209999,1027500,
EBAY,51.15,51.659998,50.829997,51.52,23399700,
EBF,16.93,17.219999,16.700001,17.16,48700,
EBIX,19.799999,19.83,19.719999,19.809999,458900,
EBR,2.48,2.54,2.45,2.53,666100,
EBR.B,4.51,4.55,4.38,4.48,502100,
EBS,14.14,14.81,14.14,14.8,239600,
EC,42.93,43.130001,42.779999,43,377300,
ECA,18.41,18.58,18.15,18.5,4377400,
ECH,56.580002,57.09,56.200001,56.459999,98100,
ECHO,17.25,17.620001,17.219999,17.530001,114400,
ECL,83.510002,84.089996,83.150002,84.089996,1358600,
ECOL,27.57,28.190001,27.57,28.059999,76300,
ECPG,35.970001,36.830002,35.73,36.490002,289400,
ECT,10.1,10.17,10.01,10.1,85500,
ECYT,12.99,13.18,12.85,13.05,199000,
ED,56.98,57.73,56.560001,57.330002,2293700,
EDAP,3.73,3.84,3.65,3.7,25800,
EDC,26.83,27.700001,26.639999,27.68,145600,
EDE,21.639999,21.889999,21.6,21.889999,171200,
EDIV,42.419998,42.669998,42.18,42.669998,208400,
EDMC,6.85,6.91,6.76,6.87,37300,
EDR,10.309897,10.389896,10.179899,10.369897,177900,
EDU,21.6,22.190001,21.57,21.860001,1117500,
EDZ,55.709999,56.099998,53.869999,53.98,535200,
EE,35.400002,35.950001,34.950001,35.939999,178000,
EEB,32.740002,33.209999,32.709999,33.169998,26800,
EEFT,29.879999,30.34,29.76,30.299999,192700,
EEM,40.5,40.939999,40.389999,40.900002,79388500,
EEMV,59.09,59.610001,59.029999,59.580002,318900,
EEP,28.799999,29.41,28.629999,29.35,804900,
EEQ,29.200096,29.490088,28.900099,29.35009,253900,
EET,70.550003,71.860001,70.120003,71.739998,11600,
EEV,24.629999,24.76,24.09,24.110001,137000,
EFA,59.16,59.529999,58.869999,59.5,24386900,
EFAV,57.150002,57.720001,57.049999,57.720001,198300,
EFC,23.01,23.15,22.91,23.08,172000,
EFG,63.27,63.59,62.950001,63.560001,86900,
EFII,28.1,28.66,28.1,28.610001,271100,
EFU,14.82,14.91,14.68,14.68,4800,
EFV,50.459999,50.700001,50.169998,50.700001,73900,
EFX,59.790001,59.990002,59.040001,59.799999,480300,
EFZ,39.459999,39.650002,39.209999,39.23,108400,
EGAN,8.08,8.17,8.03,8.06,19900,
EGBN,22.549999,22.809999,22.15,22.549999,47600,
EGHT,7.86,8.08,7.75,8.08,361700,
EGLE,4.270008,4.350008,4.110008,4.170007,1200,
EGN,54.009998,54.650002,53.799999,54.290001,543600,
EGO,8.1,8.36,8.01,8.26,6211000,
EGOV,16.5,16.59,15.52,16.049999,540300,
EGP,57.52,58.110001,57.049999,58.09,503500,
EGY,6.05,6.175,5.96,6.07,426500,
EHTH,24.280001,24.790001,24.040001,24.75,90300,
EIG,24.4,24.610001,24.120001,24.35,72600,
EIX,45.75,46.360001,45.740002,46.360001,3513400,
EJ,4.570002,4.839995,4.550002,4.810001,256900,
EKDKQ,0.1301,0.138,0.1301,0.1367,1082100,
EL,66.540001,66.919998,65.230003,65.970001,2239100,
ELD,49.689999,50.07,49.540001,50.049999,599900,
ELGX,13.09,13.22,12.26,12.6,2930500,
ELLI,22.219999,23.34,22.08,23.299999,496300,
ELN,12.71,12.77,12.59,12.68,9299000,
ELNK,5.93,6.02,5.78,6.02,789000,
ELON,2.3,2.36,2.27,2.35,14500,
ELOS,8.62,8.79,8.62,8.78,95700,
ELP,15.59,15.78,15.35,15.59,399000,
ELRC,17.01,17.18,16.700001,17.16,35200,
ELX,6.42,6.51,6.37,6.47,439500,
ELY,6.88,6.9,6.68,6.72,729000,
EMAN,3.77,3.9,3.75,3.85,34144,
EMB,113.5,114.029999,112.720001,114,1740200,
EMC,24.35,24.790001,24.24,24.76,28165200,
EME,38.41,38.860001,38.080002,38.529999,433900,
EMKR,3.4,3.56,3.4,3.51,215200,
EMLC,25.59,25.709999,25.4,25.709999,763100,
EMN,68.629997,69.639999,68.110001,69.629997,1546500,
EMR,56.029999,56.389999,55.740002,56.32,3381700,
ENB,42.830002,42.830002,42.299999,42.59,1232800,
END,3.9,3.94,3.6,3.79,717500,
ENDP,36.470001,37.490002,36.23,37.490002,3733500,
ENG,0.79,1.26,0.79,1.01,515300,
ENH,50.32,50.919998,50.32,50.66,238000,
ENI,16.67,16.870001,16.48,16.52,346200,
ENOC,12.91,13.24,12.73,13.13,326800,
ENPH,6.94,7.14,6.76,6.96,120500,
ENR,95.379997,97.690002,95.360001,97.690002,769400,
ENS,49.18,49.82,48.970001,49.709999,267700,
ENSG,35.469997,35.849996,35.460008,35.81,367600,
ENTG,9.87,9.96,9.7,9.91,627000,
ENTR,4.45,4.5,4.24,4.37,1062600,
ENVI,1.63,1.7,1.6,1.63,49400,
ENZ,2.13,2.31,2.05,2.27,493000,
ENZN,1.61,1.64,1.56,1.63,616700,
EOC,47.080002,48.400002,46.740002,47.25,116400,
EOG,128.910004,130.649994,127.519997,130.639999,2992600,
EOPN,14.2,14.26,13.98,14.15,31000,
EOX,6.23,6.5,6.17,6.49,13800,
EPAM,24.200001,25.280001,24.15,25.110001,805200,
EPAX,3.6,3.69,3.6,3.66,24100,
EPAY,27.370001,27.530001,27.02,27.370001,136900,
EPB,40.46,41.44,40.37,41.4,465400,
EPD,58.349998,59.880001,58.209999,59.360001,6428400,
EPI,17.530001,17.700001,17.48,17.68,3481800,
EPIQ,12.24,12.41,12.09,12.31,57200,
EPL,29.25,29.84,29.15,29.82,199500,
EPM,10.47,10.73,10.47,10.73,18700,
EPP,45.080002,45.650002,44.93,45.650002,2552600,
EPR,51.549999,52.389999,50.959999,52.369999,322900,
EPU,35.740002,35.82,35.549999,35.779999,87900,
EPV,22.41,22.610001,22.139999,22.139999,27400,
EPX,417.52,421.63,412.87,420.5,0,
EQIX,199.800003,203.899994,199.169998,203.869995,734400,
EQM,45.400002,45.68,45.049999,45.599998,48600,
EQR,56.599998,57.040001,56,56.669998,1871100,
EQT,77.870003,79.300003,76.93,78.370003,1928900,
EQU,3.63,3.68,3.62,3.66,48100,
EQY,23.059999,23.530001,22.940001,23.530001,427400,
ERF,14.9,15.24,14.89,15.21,471600,
ERIC,11.75,11.86,11.71,11.86,4083700,
ERII,3.94,3.98,3.88,3.95,76600,
ERJ,36.110001,36.259998,35.470001,36.080002,524300,
EROC,8.55,8.72,8.55,8.71,266800,
ERX,65.720001,67.169998,64.190002,67.169998,631600,
ERY,30.85,31.49,30.049999,30.059999,689800,
ESC,24.35,24.37,23.49,24.31,332400,
ESE,32,32.610001,31.99,32.599998,84600,
ESEA,1.02,1.04,0.98,1.04,10300,
ESI,25,25.799999,24.040001,24.66,570600,
ESIO,11.27,11.41,11.07,11.29,68600,
ESL,71.559998,72.059998,71.120003,71.709999,131700,
ESRX,61.599998,61.889999,60.939999,61.610001,3715100,
ESS,154.050003,156.169998,152.520004,156.169998,266200,
ESV,60.07,60.669998,59.25,59.880001,1375900,
ET,33.66,33.67,33.61,33.64,8293500,
ETE,57.240002,57.439999,56.279999,57.419998,2768400,
ETFC,11.14,11.39,11.1,11.39,3108800,
ETH,30.889999,31.639999,30.719999,31.620001,155100,
ETM,9.63,9.9,9.51,9.86,60200,
ETN,64.209999,64.400002,63.48,64.400002,2681100,
ETP,48.02,49.139999,47.860001,49.02,1736800,
ETR,67.480003,68.110001,67.089996,68.010002,890600,
ETRM,1.230001,1.230001,1.120001,1.170001,68000,
EUI,76.220001,76.360001,75.18,75.489998,0,
EUO,18.969999,18.98,18.469999,18.66,3281500,
EUU,131.199997,133.009995,130.960007,132.470001,0,
EV,39.549999,40.23,39.349998,40.23,649500,
EVC,5,5.09,4.71,4.84,1304900,
EVEP,37.939999,38.09,36.880001,37.400002,388700,
EVER,15.86,16.34,15.79,16.34,951400,
EVR,36.849998,37.560001,36.849998,37.549999,422800,
EVTC,20.040001,20.1,19.889999,20.08,126500,
EW,66.349998,66.949997,65.470001,66.5,2755800,
EWA,23.639999,24.040001,23.59,24.030001,4175500,
EWBC,25.67,26,25.620001,26,752900,
EWC,27.4,27.6,27.32,27.58,3637300,
EWD,32.459999,32.560001,32.16,32.560001,406200,
EWG,26.040001,26.200001,25.9,26.190001,4862000,
EWH,19.139999,19.27,19.040001,19.26,8356600,
EWI,13.32,13.35,13.08,13.26,1223000,
EWJ,10.55,10.61,10.36,10.59,25855600,
EWL,29.450001,29.68,29.379999,29.65,4184700,
EWM,16.030001,16.17,16.01,16.15,494100,
EWP,30.450001,30.610001,30.1,30.6,636600,
EWQ,24.790001,24.93,24.66,24.92,597800,
EWS,13.3,13.41,13.27,13.4,842200,
EWT,13.57,13.66,13.51,13.65,2436800,
EWU,18.629999,18.68,18.52,18.65,8823100,
EWV,23.440001,24.190001,23.1,23.110001,94100,
EWW,65.07,66.5,65.059998,66.489998,4258600,
EWX,47.369999,47.790001,47.09,47.720001,69100,
EWY,57.18,57.41,56.790001,57.369999,3538200,
EWZ,50,50.490002,49.779999,50.41,21756700,
EXA,8.97,9.15,8.53,9.05,43300,
EXAM,18.57,19.07,18.389999,19.040001,162900,
EXAR,11.12,11.27,11.04,11.25,93100,
EXAS,11.88,12.1,11.8,12.05,1783400,
EXC,31.34,31.59,31.25,31.5,7665900,
EXEL,4.58,4.76,4.56,4.76,1403400,
EXH,28.049999,28.610001,27.76,28.610001,636200,
EXK,4.37,4.48,4.31,4.41,605500,
EXL,13.16,13.44,13.07,13.44,153000,
EXLP,26.709999,27.610001,26.129999,27.459999,164100,
EXLS,30.110001,30.209999,29.459999,29.709999,87000,
EXM,2.21,2.21,2.21,2.21,0,
EXP,68.260002,69.949997,67.790001,69.919998,620500,
EXPD,37.889999,38.5,37.799999,38.290001,1411700,
EXPE,55.07,55.700001,54.389999,55.599998,2059000,
EXPO,56.630001,57,56.049999,56.810001,81600,
EXPR,20.83,21.26,20.68,21.23,972900,
EXR,41.77,42.720001,41.540001,42.720001,541800,
EXTR,3.49,3.55,3.44,3.51,165400,
EXXI,24.48,25.219999,24.219999,25.200001,1078100,
EZA,57.310001,58.189999,57.110001,58.189999,320000,
EZCH,28,28.26,27.530001,27.620001,173800,
EZJ,69.150002,70.059998,66.739998,69.959999,92700,
EZPW,18.950001,19.23,18.799999,19.23,177600,
EZU,34.759998,34.919998,34.540001,34.91,5360800,
F,15.25,15.48,15.06,15.44,54819200,
FAF,22.35,22.66,22.27,22.639999,1380100,
FALC,1.66,1.7,1.6,1.65,186800,
FARO,36.400002,36.91,34.119999,34.450001,353600,
FAS,62.189999,65.139999,61.34,64.940002,48547600,
FAST,47.700001,48.279999,47.049999,47.630001,2733800,
FAZ,35.419998,35.919998,33.779999,33.799999,2382200,
FB,22.99,23.09,22.67,22.969999,31260700,
FBC,13.27,13.67,13.26,13.32,402900,
FBHS,38.810001,39.049999,38.25,38.98,3196500,
FBN,4.9,5.16,4.67,4.98,226553,
FBP,6.12,6.26,6.12,6.23,331400,
FBR,11.01,11.17,10.77,11.1,1187800,
FBRC,23.73,24.49,23.73,24,31800,
FBT,55.759998,56.869999,55.470001,56.869999,88200,
FCE.A,18.27,18.58,18.13,18.57,660300,
FCEL,1.619999,1.629999,1.359999,1.459999,1040500,
FCFS,54.439999,55.849998,54.360001,55.84,166900,
FCG,16.780001,16.910001,16.530001,16.780001,90800,
FCH,5.86,5.93,5.63,5.9,834800,
FCN,37.029999,37.459999,37.029999,37.380001,123000,
FCS,14.25,14.35,13.97,14.16,803700,
FCX,30.469999,31.07,30.25,31.030001,16621600,
FDEF,22.879999,22.879999,22.450001,22.76,11200,
FDN,44.57,44.939999,44.220001,44.939999,147600,
FDO,59.919998,61.619999,59.540001,61.57,1187800,
FDP,26.440001,26.74,26.4,26.66,122200,
FDS,98.779999,100.110001,98.639999,100.040001,229700,
FDUS,18.5,18.9,18.459999,18.9,62300,
FDX,97.010002,97.519997,95.639999,96.839996,2478500,
FE,38.779999,38.900002,38.310001,38.900002,2505300,
FEIC,71.360001,72.059998,70.980003,71.309998,363200,
FET,30.1,30.370001,29.68,30.15,269000,
FEZ,35.490002,35.639999,35.130001,35.59,2226800,
FF,14.25,14.48,14.25,14.45,164600,
FFBC,15.07,15.17,14.9,15.01,237900,
FFCH,20.94,21.25,20.83,21.09,35000,
FFG,40.889999,42.689999,40.889999,42.57,59200,
FFIC,15.47,15.63,15.32,15.5,126100,
FFIN,55.049999,56.209999,54.630001,56.18,176000,
FFIV,78.120003,79.050003,77.470001,79,1600000,
FFNW,9.98,10.28,9.98,10.27,31900,
FGP,21.5,22.219999,21.4,22.15,855800,
FHCO,9.78,9.86,9.74,9.85,115900,
FHN,11.15,11.3,10.99,11.29,3598300,
FICO,48.080002,48.66,47.52,48.389999,144200,
FIG,7.07,7.24,7,7.19,1732800,
FII,27.58,28.33,27.52,28.33,1652600,
FINL,20.77,20.950001,20.540001,20.950001,373600,
FIO,14.12,14.3,13.99,14.1,1772400,
FIRE,51.63,52.52,50.97,52.28,685500,
FIS,43.310001,44.139999,43.029999,44.130001,1638600,
FISV,85.370003,85.669998,84.599998,85.480003,1172000,
FITB,17.66,18.07,17.639999,18.07,9101000,
FIVE,36.880001,38.130001,36.220001,36.34,320100,
FIW,28.049999,28.24,28.01,28.24,15200,
FIX,14.5,14.9,14.39,14.87,148700,
FIZZ,17.32,17.860001,17.120001,17.84,68900,
FL,34.07,34.490002,33.810001,34.490002,1600700,
FLDM,16.41,16.68,15.72,16,70800,
FLEX,7.51,7.75,7.5,7.66,6874300,
FLIR,23.99,24.139999,23.969999,24.139999,1351200,
FLML,6.05,6.4,5.97,6.03,274300,
FLO,32.160001,32.400001,31.880001,32.229999,1018300,
FLOW,4,4.06,3.96,4.03,119000,
FLR,61.360001,62.240002,61.080002,62.200001,1610900,
FLS,161.850002,165,161.850002,165,640200,
FLT,83.589996,85.489998,82.690002,85.419998,1000700,
FLTX,30.26,30.65,30.09,30.620001,78700,
FLWS,5.86,6,5.71,5.87,119400,
FLY,15.26,15.89,15.26,15.88,124200,
FMBI,12.82,12.98,12.64,12.98,253300,
FMC,61.23,61.529999,60.66,61.259998,862200,
FMER,18.59,18.870001,18.49,18.77,892400,
FMS,34.099998,34.419998,34.099998,34.419998,99400,
FMX,103.699997,104.389999,102.589996,104.300003,669400,
FN,14.62,14.71,14.5,14.59,115000,
FNB,11.18,11.32,11.11,11.32,554900,
FNF,25.329996,25.940002,25.120005,25.940002,4387300,
FNFG,9.5,9.64,9.4,9.6,3144900,
FNGN,42.52,43,42.040001,42.619999,303200,
FNI,21.719999,21.92,21.709999,21.92,7000,
FNP,20.85,21.47,20.53,21.46,890400,
FNSR,13.5,13.95,13.41,13.52,4363300,
FNV,43.07,43.669998,42.82,43.360001,285200,
FOE,6.59,6.76,6.56,6.74,325800,
FOLD,3.18,3.31,3.13,3.2,212700,
FOR,21.780001,21.950001,21.440001,21.879999,248000,
FORM,6.15,6.18,6.08,6.15,482400,
FORR,35.830002,36.639999,35.830002,36.169998,97200,
FOSL,102.440002,104.5,101.540001,104.379997,944000,
FPO,13.55,13.94,13.5,13.94,386000,
FR,16.48,16.66,16.34,16.66,701500,
FRAK,25.6,25.6,25.280001,25.559999,4500,
FRAN,27.5,27.99,26.58,27.370001,4920400,
FRC,37.549999,37.939999,37.41,37.939999,786200,
FRED,15.92,16.139999,15.72,16.07,160300,
FRGI,34,34.720001,33.799999,34.720001,149700,
FRM,7.02,7.27,7,7.26,77500,
FRME,16.809999,17.120001,16.809999,17.110001,83000,
FRO,1.9,1.93,1.85,1.93,88900,
FRP,8.13,8.28,8.05,8.28,48500,
FRT,105.879997,107.620003,105.059998,107.589996,500500,
FRX,40,40.33,39.71,40.33,1101700,
FSA,11.75,11.75,11.75,11.75,0,
FSC,10.33,10.49,10.29,10.4,1018700,
FSG,1.8,1.8,1.8,1.8,0,
FSL,15.41,15.7,15.16,15.3,1616600,
FSLR,51.139999,53.290001,51.049999,53.259998,4454300,
FSM,3.58,3.71,3.5,3.7,316200,
FSP,13.49,13.9,13.46,13.9,487500,
FSS,8.59,8.72,8.5,8.72,223600,
FST,4.25,4.34,4.15,4.25,3253404,
FSTR,43.84,44.650002,43,44.650002,28600,
FSYS,15.8,16.07,15.39,15.63,186100,
FTE,0.015,0.015,0.015,0.015,0,
FTEK,4,4,3.81,3.81,40900,
FTI,54.970001,55.880001,54.73,55.689999,1429400,
FTK,17.49,17.780001,17.370001,17.52,692500,
FTNT,18.18,18.440001,18,18.440001,1408600,
FTR,4.01,4.13,4.01,4.12,6317400,
FU,3.38,3.45,3.26,3.4,94100,
FUBC,6.47,6.57,6.43,6.51,20800,
FUL,41.439999,41.919998,41.400002,41.91,137600,
FULT,11.11,11.24,11.03,11.21,647100,
FUN,40.119999,40.27,39.459999,40.23,228800,
FUR,12.24,12.31,12.1,12.28,78700,
FURX,34.5,35.23,34.38,35.23,48200,
FVE,5.07,5.23,5.05,5.2,350400,
FWLT,23.03,24.06,23,23.58,1558000,
FWM,20.25,21,19.58,20.18,482300,
FWRD,38.09,38.310001,37.759998,38.189999,90000,
FXA,94.889999,96.75,94.760002,96.129997,515600,
FXB,152.600006,154.869995,152.600006,154.059998,150300,
FXC,96.07,97.470001,96.019997,96.919998,135100,
FXCM,14,14.310001,13.95,14.29,48300,
FXD,26.690001,26.889999,26.51,26.889999,142800,
FXE,130.130005,131.850006,130.130005,131.240005,2068600,
FXEN,4.05,4.17,4,4.05,269000,
FXF,104.5,106.379997,104.5,105.550003,40800,
FXI,35.419998,35.970001,35.41,35.919998,19898600,
FXO,18.42,18.700001,18.370001,18.700001,332400,
FXP,21.43,21.450001,20.790001,20.85,83000,
FXS,151.770004,152.669998,151.770004,152.059998,1600,
FXY,98.879997,102.080002,98.660004,100.879997,5126200,
FXZ,26.91,27.27,26.91,27.25,29200,
G,19.32,19.43,19.25,19.4,772200,
GA,7.04,7.23,7,7,5992005,
GAGA,3.72,3.77,3.71,3.71,32500,
GAIA,4.15,4.27,4.15,4.22,30100,
GAIN,7.33,7.4,7.27,7.35,58000,
GALE,2.15,2.21,2.14,2.2,1332400,
GAME,3.83,3.91,3.83,3.9,410100,
GAS,41.91,42.459999,41.77,42.439999,392700,
GASL,22.690001,23.200001,21.860001,22.900001,200,
GASS,10,10.13,10,10.09,89000,
GASX,11.8,12.32,11.52,11.8,34600,
GAZ,2.74,2.74,2.63,2.66,177900,
GB,32.099998,32.419998,31.719999,32.389999,86900,
GBCI,18.870001,19.049999,18.719999,18.99,363400,
GBDC,17.219999,17.469999,17.209999,17.440001,163500,
GBP,154.630005,156.830002,154.369995,156.059998,0,
GBX,23.190001,23.49,22.940001,23.200001,304800,
GCA,6.47,6.55,6.45,6.52,376100,
GCC,27,27.25,27,27.209999,59500,
GCI,19.809999,20.32,19.719999,20.32,2707800,
GCO,67.650002,69.610001,67.650002,69.610001,321200,
GCOM,12.78,12.96,12.47,12.85,39100,
GD,76.690002,77.879997,76.379997,77.849998,1844100,
GDI,0.19,0.19,0.19,0.19,0,
GDOT,17.440001,17.629999,17.139999,17.379999,204900,
GDP,12.04,12.37,11.98,12.15,769600,
GDRZF,2.96,3.05,2.86,3,55100,
GDX,29.93,30.49,29.700001,30.299999,17932900,
GDXJ,12.24,12.59,12.13,12.5,779700,
GE,23.25,23.389999,23.1,23.379999,42677500,
GEF,51.459999,54.25,50.549999,54.060001,302000,
GEL,48.099998,50.689999,48.060001,50.470001,280700,
GENE,2.92,2.92,2.58,2.65,39600,
GEO,34,35.220001,33.950001,35.220001,415300,
GEOS,79.440002,80.059998,78,79,176900,
GERN,1.1,1.14,1.09,1.14,554900,
GES,31.040001,31.299999,30.700001,31.200001,616200,
GEVA,39.330002,40.380001,38.619999,40.32,59100,
GEVO,1.629998,1.669998,1.619998,1.649998,600,
GEX,15.219848,15.309847,15.05985,15.269848,14800,
GFA,3.51,3.63,3.5,3.63,1637600,
GFF,11.14,11.31,10.98,11.29,131200,
GFI,6.14,6.38,6.14,6.33,3712100,
GFIG,4.09,4.16,4.05,4.16,167100,
GG,29.26,30.040001,29.120001,29.870001,6154200,
GGB,6.08,6.16,6.01,6.16,4629600,
GGG,63.310001,63.759998,62.779999,63.549999,241300,
GGP,19.870001,20.66,19.860001,20.639999,4288500,
GGS,0.01,0.01,0.01,0.01,0,
GHDX,34.98,35.68,34.84,35.650002,153100,
GHL,46.52,47,45.889999,46.889999,215100,
GHM,26.35,27.16,26.190001,27.16,32700,
GIFI,20.5,20.85,20.219999,20.75,37600,
GIGM,0.97,0.99,0.96,0.98,8700,
GIII,50.490002,50.529999,48.689999,49,983800,
GIL,39.779999,40.790001,39.700001,40.759998,498800,
GILD,50.380001,51.68,49.66,51.349998,14267400,
GILT,5.49,5.49,5.4,5.47,26900,
GIS,47.259998,47.48,47.049999,47.400002,3970200,
GIVN,14.35,14.42,14.08,14.14,65100,
GK,46.630001,47.209999,46.130001,47.130001,50500,
GLAD,8.38,8.47,8.33,8.35,84700,
GLD,135.389999,137.619995,134.979996,136.529999,9847700,
GLDD,8.16,8.34,8.04,8.34,260500,
GLF,45.849998,46.549999,45.709999,46,131500,
GLL,84.029999,84.599998,81.440002,82.779999,338200,
GLNG,33.34,34.130001,33.330002,33.950001,379000,
GLOG,13.16,13.35,13,13.15,176700,
GLP,34.119999,34.389999,33.689999,34.009998,24400,
GLPW,16.450001,16.5,16.139999,16.360001,21300,
GLRE,24.389999,24.719999,24.389999,24.700001,92300,
GLT,25.32,25.629999,25.17,25.6,125700,
GLUU,2.45,2.51,2.36,2.4,2424500,
GLW,15.02,15.1,14.82,15.01,18587600,
GM,34.119999,34.529999,33.779999,34.439999,79847700,
GMAN,13.1,13.25,13.05,13.24,150000,
GMCR,74.349998,75.57,73.669998,74.68,4069300,
GME,34.919998,35.77,33.98,34.619999,4123600,
GMED,15.26,15.73,15.22,15.72,613700,
GMLP,33.009998,33.16,32.529999,32.880001,56600,
GMO,2.03,2.06,2,2.04,191500,
GMT,48.040001,49.16,48.040001,48.98,231900,
GNC,43.93,44.349998,43.73,44.099998,1076100,
GNCMA,8.78,8.93,8.65,8.85,127800,
GNE,8.69,8.83,8.52,8.82,58900,
GNK,1.42,1.5,1.42,1.48,322700,
GNMK,14.52,15.13,14.31,15.08,62900,
GNRC,39.900002,40.610001,39.799999,40.580002,901600,
GNTX,22.6,22.91,22.51,22.91,1385800,
GNW,10.34,10.58,10.26,10.57,5886300,
GOL,4.11,4.16,4.06,4.11,330700,
GOLD,77.529999,79.410004,76.839996,79.080002,558900,
GOOGL,864.300007,866.330019,847.219997,864.639999,5153000,
GORO,9.8,9.88,9.66,9.81,347600,
GOV,24.059999,24.77,23.85,24.76,699200,
GPC,75.559998,76,75.120003,75.900002,653700,
GPI,62.73,63.290001,62,63.259998,155500,
GPK,7.31,7.5,7.28,7.43,2080700,
GPL,0.93,0.96,0.93,0.94,263600,
GPN,46.950001,47.150002,46.75,47.139999,1270400,
GPOR,47.650002,48.700001,46.52,47.540001,1040900,
GPRE,14.9,15.71,14.24,14.49,629800,
GPS,40.259998,41.02,39.990002,40.98,3464600,
GPT,9.39999,9.46999,9.36999,9.46999,203100,
GPX,24.02,25.049999,23.719999,25,61600,
GRA,82.919998,83.309998,81.839996,83.080002,335300,
GRC,28.640001,29.300001,28.529999,29.059999,19500,
GREK,17.139999,17.690001,17.139999,17.610001,90600,
GRFS,26.799999,27.450001,26.68,26.940001,1155800,
GRMN,34.07,34.330002,33.799999,34.330002,755200,
GROW,2.56,2.61,2.56,2.6,16100,
GRPN,6.79,6.89,6.58,6.7,13400000,
GRT,25.26,25.4,24.85,25.35,6603000,
GRU,6.87,6.92,6.87,6.92,1600,
GS,158.300003,159.789993,156.339996,159.679993,3243900,
GSG,31.139999,31.530001,31.139999,31.49,83800,
GSH,21.120001,21.120001,20.690001,20.82,19100,
GSI,0.98,1,0.97,1,1900,
GSK,51.34,51.349998,50.580002,51.18,4491300,
GSM,12.15,12.34,12.15,12.23,493400,
GSS,0.66,0.69,0.64,0.68,2599800,
GST,2.26,2.52,2.25,2.49,1041000,
GSVC,7.92,8.03,7.89,7.94,183800,
GT,14.59,14.91,14.46,14.65,4693800,
GTAT,4.31,4.36,4.2,4.35,3052700,
GTE,6.43,6.48,6.3,6.33,715700,
GTI,8.21,8.29,8.14,8.25,1214700,
GTIV,10.17,10.43,9.89,10.11,226600,
GTLS,93.809998,95.050003,92.279999,95.040001,289800,
GTN,5.54,5.62,5.35,5.54,326900,
GTXI,6,6.25,5.98,6.23,515100,
GTY,20.709999,21.34,20.610001,21.33,60400,
GUID,8.96,9.04,8.91,9.04,73000,
GUR,38.25,38.880001,38,38.880001,9000,
GURE,1.17,1.22,1.17,1.18,51900,
GV,2.51,2.55,2.42,2.51,172900,
GVA,29.889999,30.209999,29.41,29.809999,124200,
GVZ,23.1,23.25,21.83,22.33,0,
GWAY,11.66,12.01,11.57,11.93,91800,
GWL,26.02,26.27,26,26.24,57400,
GWR,85.349998,86.519997,85.239998,86.519997,385800,
GWRE,38.509998,38.700001,37.880001,38.700001,450400,
GWW,251.779999,253.330002,250.020004,253.220001,266100,
GXC,68.82,69.82,68.769997,69.760002,151800,
GXG,19.07,19.1,18.98,19.1,150800,
GXP,22.32,22.610001,22.26,22.610001,1000300,
GY,13.59,13.78,13.49,13.74,729400,
GZT,14,14.14,13.95,14.09,6500,
H,40.099998,41.040001,39.990002,41.009998,309500,
HA,5.94,6.03,5.88,5.97,744000,
HAE,40.669998,40.669998,39.830002,40.200001,408000,
HAFC,15.39,15.57,15.08,15.28,171000,
HAIN,64.949997,65.370003,62.849998,64.660004,1018800,
HAL,41.830002,42.380001,41.380001,42.349998,7738000,
HALO,6.27,6.36,6.05,6.36,1304800,
HAO,23.719999,23.98,23.639999,23.950001,94000,
HAR,51.57,52.400002,51.380001,52.18,424300,
HAS,44.169998,44.259998,43.459999,44.18,1231300,
HASI,11.03,11.29,11.01,11.27,72000,
HAWK,23.74,23.950001,23.6,23.950001,56700,
HAYN,47.880001,48.380001,47.259998,48.279999,28100,
HBAN,7.48,7.58,7.44,7.55,8927200,
HBC,54.49,54.8,54.2,54.8,1474138,
HBHC,27.450001,27.77,27.299999,27.690001,306800,
HBI,49.18,49.73,48.939999,49.66,2235200,
HBIO,4.990001,4.999999,4.879997,4.999999,89400,
HBM,8.02,8.08,7.99,8.06,40500,
HCA,38.259998,38.799999,37.880001,38.400002,4427000,
HCBK,8.29,8.34,8.18,8.34,8367400,
HCC,42.16,42.82,42.07,42.82,444000,
HCI,31.360001,33.130001,31.360001,33.130001,260400,
HCLP,22.219999,22.59,21.85,22.549999,170400,
HCN,67,67.949997,66.470001,67.93,2185600,
HCP,46.320001,47.770001,46.320001,47.740003,3523900,
HCSG,22.200001,22.379999,21.879999,22.26,270200,
HD,75.019997,77.370003,75.010002,77.260002,11515700,
HDB,38.990002,39.119999,38.68,39.060001,393300,
HDGE,16.440001,16.48,16.26,16.280001,428700,
HDV,66.849998,67.510002,66.489998,67.510002,669100,
HDY,0.5,0.5,0.49,0.5,33600,
HE,24.85,25.120001,24.620001,25.02,650700,
HEDJ,50.779999,50.779999,50.09,50.639999,21000,
HEES,21.73,22.049999,21.450001,21.780001,122500,
HEI,50.960002,51.490002,50.66,51.490002,157200,
HELE,40.529999,40.990002,40.07,40.84,111200,
HEP,36.259998,36.709999,35.849998,36.450001,166400,
HERO,6.81,6.96,6.74,6.83,2315000,
HES,66.699997,67.989998,66.269997,67.989998,2241700,
HF,17.609996,18.170003,17.399996,18.150005,92900,
HFC,46.990002,47.939999,46.860001,47.790001,1509000,
HGG,17.139999,17.700001,17.049999,17.530001,429300,
HGT,8.83,8.88,8.54,8.65,231400,
HGX,184.38,189.87,183.59,189.87,0,
HHC,97.870003,101.900002,97.870003,101.769997,298500,
HHS,8.88,8.96,8.73,8.95,105100,
HI,23.690001,23.799999,23.48,23.700001,192100,
HIBB,56.959999,57.84,56.91,57.419998,245400,
HIG,29.02,29.629999,28.709999,29.49,5998900,
HII,54.48,55.209999,54.029999,55.200001,142100,
HIMX,6.79,6.92,6.43,6.61,3358100,
HITK,30.72,31.07,30.4,30.84,145900,
HITT,54.01,54.3,53.15,53.94,242500,
HIW,35.700001,36.130001,35.450001,36.130001,866600,
HK,5.24,5.31,5.05,5.27,23800,
HKTV,6.34,6.45,6.3,6.41,17300,
HL,3.82,3.87,3.7,3.78,14181900,
HLF,42.73,43.889999,42.09,43.509998,1928400,
HLIT,6.1,6.22,6.09,6.2,615500,
HLS,30.65,30.950001,30.1,30.309999,488200,
HLSS,23.57,24.25,23.52,23.91,835700,
HLX,23.17,23.459999,22.870001,23.459999,591000,
HMA,13.68,13.92,13.54,13.79,5823600,
HMC,36.560001,36.759998,35.98,36.759998,974400,
HME,60.380001,61.18,59.889999,61.139999,457000,
HMIN,28.75,29.73,28.559999,29.709999,176300,
HMN,23.940001,24.52,23.9,24.52,224800,
HMST,21.209999,21.540001,21.139999,21.469999,119600,
HMSY,24.030001,24.5,24,24.370001,454100,
HMY,4.2,4.36,4.16,4.34,2338100,
HNI,35.720001,36.060001,35.389999,35.880001,109600,
HNP,41.650002,41.91,41.599998,41.91,86400,
HNR,3.73,4.05,3.6,3.65,1343100,
HNSN,1.6,1.73,1.6,1.64,30900,
HNT,30.52,30.67,30.120001,30.6,509900,
HNZ,72.46,72.47,72.45,72.46,14764500,
HOFT,16.040001,16.360001,15.9,16.15,37600,
HOG,53.849998,54.439999,53.34,54.349998,975500,
HOGS,13.33,13.35,13.31,13.34,104100,
HOLI,11.88,12.19,11.86,12.12,95000,
HOLX,20.370001,20.99,20.200001,20.98,3040800,
HOMB,41.869999,42.48,41.68,42.240002,156800,
HON,76.760002,77.660004,76.300003,77.660004,2862300,
HOS,51.07,51.639999,50.259998,51.599998,195700,
HOT,65.610001,67.110001,65.129997,67.010002,2297700,
HOTT,14,14,13.98,13.99,178900,
HOV,6.08,6.12,5.91,6.11,9034800,
HP,62.52,63,61.450001,62.549999,1227000,
HPP,21.34,21.77,21.1,21.75,172300,
HPQ,24.199999,24.569999,23.709998,24.249998,33355200,
HPT,27.540001,27.969999,27.34,27.9,1308600,
HPY,32.130001,32.630001,31.84,32.619999,356900,
HR,26.030001,26.709999,25.93,26.709999,499200,
HRB,28.23,29.129999,28.15,29.129999,1988400,
HRC,34.880001,35.060001,34.52,35,249100,
HRG,8.4,8.52,8.28,8.46,346100,
HRL,38.98,39.040001,38.450001,38.880001,2915600,
HRS,49.66,50.360001,49.59,50.110001,821500,
HRZN,13.7,13.83,13.52,13.82,44000,
HSC,22.57,22.780001,22.469999,22.77,303200,
HSH,34.04,34.17,33.59,33.78,1007400,
HSIC,94.239998,94.730003,92.860001,93.989998,718100,
HSII,16.98,17.27,16.799999,17.219999,74000,
HSNI,55.119999,56.25,54.900002,55.950001,113700,
HSOL,1.65,1.74,1.61,1.62,945900,
HSP,34.549999,35.029999,34.290001,35.029999,653600,
HST,16.98,17.379999,16.879999,17.370001,6239200,
HSTM,26.84,27.209999,26.65,27.200001,51900,
HSY,87.970001,88.050003,87.089996,87.779999,1277700,
HT,5.6,5.72,5.55,5.72,2103700,
HTA,11.35,11.59,11.17,11.58,628100,
HTCH,5.44,5.68,5.44,5.58,297100,
HTGC,13.49,13.64,13.25,13.46,422400,
HTH,15.82,16.030001,15.75,16,150800,
HTHT,15.42,15.55,15.33,15.53,14800,
HTLD,13.89,14,13.77,13.95,239800,
HTS,25.4,26.07,25.32,26.059999,944600,
HTSI,45.7,45.84,45.02,45.61,210800,
HTWR,90.790001,91.480003,90.160004,90.870003,146800,
HTZ,24.290001,24.74,24.030001,24.57,7382200,
HUB.B,96.74,97.29,96.38,96.95,225800,
HUBG,35.450001,35.610001,35.200001,35.610001,177800,
HUM,79.199997,80.029999,78.790001,79.980003,776200,
HUN,18.15,18.290001,17.950001,18.24,1781500,
HURN,44.849998,45.25,44.16,44.299999,65800,
HUSA,0.35,0.38,0.32,0.34,406300,
HVT,25.02,25.24,24.66,25.24,102300,
HW,9.37,10.11,9.08,10.05,1534600,
HWAY,14.3,14.43,13.96,14.3,102500,
HWCC,14.22,14.49,14.13,14.47,53200,
HXL,33.869999,34.720001,33.740002,34.720001,954100,
HXM,4.04,4.22,4.03,4.07,452200,
HY,61.950001,63.549999,60.48,61.150002,26600,
HYD,31.77,32.259998,31.690001,32.18,935100,
HYG,91.400002,92.589996,91.32,92.279999,11849800,
HYLD,50.810001,50.93,50.439999,50.700001,137600,
HYS,103.279999,103.660004,103.099998,103.629997,690500,
HZNP,2.29,2.31,2.24,2.27,231800,
HZO,11.39,12,11.3,11.94,82900,
I,22.889999,23.379999,22.690001,23.34,163500,
IACI,48.110001,48.919998,48.110001,48.91,1165300,
IAG,5.48,5.65,5.44,5.55,5950900,
IAI,29.360001,29.950001,29.35,29.950001,70200,
IART,35.799999,36.259998,35.689999,36.240002,217800,
IAT,27.92,28.209999,27.809999,28.209999,24900,
IAU,13.6,13.83,13.56,13.73,7412600,
IBB,170.119995,175.360001,170.119995,175.179993,1044300,
IBCP,6,6.1,5.95,6,18200,
IBKC,51.700001,52.240002,50.82,51.490002,186100,
IBKR,15.56,16.280001,15.55,16.110001,405400,
IBM,203,204.199997,201.470001,203.800003,3679400,
IBN,43.559999,44.039998,43.530002,44.02,2943000,
IBOC,21.17,21.549999,21.049999,21.469999,131900,
ICA,7.05,7.14,6.97,7.07,383500,
ICAD,6,6.05,5.97,6.05,28100,
ICE,163.929996,169.360008,163.929996,169.200001,3263000,
ICF,81.290001,82.639999,80.709999,82.639999,878700,
ICGE,11.18,11.49,11.18,11.28,109900,
ICLR,33.709999,34.200001,33.57,34,106400,
ICN,20.84,20.9,20.799999,20.9,9200,
ICON,29.5,29.74,29.26,29.559999,727000,
ICUI,67.82,69.160004,66.779999,67.389999,156400,
IDA,46.919998,47.959999,46.790001,47.939999,410900,
IDCC,44.75,46.060001,44.689999,46.02,346700,
IDIX,4.75,5.13,4.75,5.13,748600,
IDSY,4.83,4.92,4.81,4.91,24900,
IDT,17.5,18.15,17.5,18.080002,149100,
IDTI,8.46,8.55,8.23,8.37,1236600,
IDU,93.010002,94.269997,92.989998,94.239998,133400,
IDV,33.459999,33.700001,33.34,33.689999,311900,
IDXX,83.709999,84.720001,83.620003,84.050003,959800,
IEF,105.480003,106.330002,105.300003,105.699997,2471900,
IEI,122.400002,122.82,122.309998,122.459999,492400,
IEMG,48.5,48.93,48.299999,48.93,651100,
IEO,73.760002,74.559998,73.339996,74.559998,69000,
IEP,71.010002,72.230003,69.010002,71.959999,196100,
IEV,41.380001,41.509998,41.119999,41.509998,252100,
IEX,54.080002,54.540001,53.860001,54.290001,306400,
IEZ,57.299999,57.919998,57.049999,57.810001,60700,
IFF,78.440002,78.739998,77.900002,78.650002,345300,
IFGL,32.119999,32.330002,31.879999,32.310001,434500,
IFN,20.530001,20.639999,20.42,20.620001,339300,
IFT,6.87,7.05,6.87,6.95,22400,
IGE,39.720001,40.060001,39.549999,40.060001,207200,
IGT,17.129999,17.389999,17.02,17.379999,2658700,
IGTE,14.19,14.34,14,14.33,122700,
IGV,68.019997,68.5,67.540001,68.5,44000,
IHF,81.239998,81.769997,80.889999,81.769997,19900,
IHS,105.209999,105.830002,104.120003,105.330002,297200,
IIIN,17.93,18.24,17.93,18.219999,30100,
IIJI,16.809999,17.83,16.610001,17.83,31500,
IILG,21.09,21.129999,20.780001,21.030001,118700,
IIVI,16.709999,16.809999,16.549999,16.799999,244000,
IJH,115.620003,117.029999,115.360001,117.029999,813400,
IJJ,101.040001,102.059998,100.75,102.029999,106200,
IJK,129.160004,130.759995,128.830002,130.759995,120200,
IJR,89.480003,90.370003,89.029999,90.370003,1272800,
IJS,93,93.830002,92.610001,93.830002,115700,
IJT,95.730003,96.730003,95.239998,96.730003,274000,
IL,6.17,6.25,6.12,6.18,221300,
ILF,39.419998,39.959999,39.400002,39.93,644900,
ILMN,69.099998,69.349998,67.699997,69.230003,1212400,
IM,18.75,18.950001,18.75,18.889999,730100,
IMAX,26.52,27,26.42,26.530001,777600,
IMGN,16.43,16.77,16.07,16.77,494300,
IMH,11.01,11.4,10.95,11.23,47100,
IMKTA,21.99,22.25,21.92,22.190001,65500,
IMMR,14.22,14.52,13.82,14.52,369300,
IMMU,3.92,4.05,3.91,4.05,531700,
IMN,4.25,4.32,4.2,4.2,101800,
IMO,38.189999,38.41,37.799999,38.380001,214400,
IMOS,18.27,18.59,18.200001,18.48,244500,
IMPV,37.139999,37.880001,36.43,37.369999,195600,
IMUC,2.45,2.5,2.44,2.5,7400,
IN,9.85,9.85,9.77,9.8,4162378,
INAP,7.88,8.1,7.77,8.09,215700,
INCY,20.58,21.549999,20.58,21.49,1363400,
INDB,32.740002,32.959999,32.240002,32.759998,38800,
INDL,16.309999,16.84,16.309999,16.799999,9100,
INFA,36.009998,36.360001,35.720001,36.360001,615000,
INFI,19.110001,19.459999,17.92,18.530001,2208100,
INFN,11.05,11.25,10.72,11.21,3642200,
INFY,42.540001,42.84,42.369999,42.720001,3590000,
ING,8.99,9.05,8.84,9,2560500,
INGR,67.139999,67.139999,65.870003,67.099998,288100,
ININ,50.959999,51.599998,50.599998,51.599998,31300,
INN,9.41,9.53,9.25,9.51,258500,
INP,56.25,57.060001,56.25,57.029999,28900,
INSM,12.5,12.9,12.5,12.84,368600,
INT,39.82,40.470001,39.82,40.459999,200000,
INTC,24.75,24.940001,24.27,24.65,40020000,
INTL,17.74,18,17.65,17.92,49700,
INTU,57.790001,58.459999,57.48,58.450001,2485400,
INTX,9.05,9.1,8.89,9.09,74300,
INVE,0.8,0.84,0.79,0.79,9800,
INVN,13.09,13.19,12.65,12.83,1747900,
INWK,10.27,10.42,10.17,10.42,358400,
INXN,26.52,27.02,26.360001,26.959999,126000,
IO,6.030003,6.150003,6.010003,6.090003,51000,
IOC,80.879997,82.459999,80.239998,82.330002,293500,
IOO,69.949997,70.410004,69.540001,70.410004,99700,
IOSP,41.040001,41.380001,40.740002,41.23,118800,
IP,44.310009,45.019999,44.280004,45.019999,3417200,
IPAR,30.6,31.35,30.459999,31.309999,189500,
IPCM,47.32,47.950001,47.029999,47.939999,43500,
IPG,13.81,14.2,13.7,14.13,4703100,
IPGP,59.43,62.490002,59.290001,62.150002,787300,
IPHI,10.53,11,10.53,10.61,202000,
IPHS,50.34,51,50.25,50.57,44100,
IPI,18.82,18.879999,18.66,18.860001,598300,
IPXL,18.799999,19.030001,18.559999,19.02,1124200,
IQNT,5.76,5.82,5.64,5.78,600600,
IR,55.899995,56.780002,55.780003,56.640003,4124000,
IRBT,32.41,33.349998,32.060001,33.349998,200800,
IRC,10.07,10.25,10.02,10.2,599800,
IRDM,7.22,7.4,7.16,7.4,402400,
IRE,9.34,9.49,9.25,9.48,339900,
IRET,8.81,8.9,8.67,8.9,599200,
IRF,21.72,21.96,21.45,21.84,704200,
IRM,34.1,34.410002,33.890005,34.400005,1246500,
IRWD,12.82,13.13,12.5,12.88,1202800,
ISBC,19.52,20.03,19.480001,20.03,381800,
ISCA,34.560001,34.830002,34.470001,34.790001,88000,
ISIL,8.2,8.36,8.01,8.09,1165000,
ISIS,20.85,21.690001,20.85,21.67,815800,
ISLE,7.78,7.87,7.4,7.84,342300,
ISRG,501.869995,507.890015,499.359985,507.410004,205800,
ISS,5.11,5.35,5.02,5.24,875132,
ISSC,6.8,7.29,6.8,7,50800,
ISSI,10.7,10.91,10.6,10.91,135300,
IT,55.849998,57.240002,55.57,57.240002,449900,
ITB,22.969999,23.76,22.84,23.76,7602500,
ITC,86.580002,88.359999,86.349998,88.350002,455400,
ITG,13.28,13.62,13.19,13.61,233000,
ITMN,9.58,9.78,9.45,9.75,869300,
ITOT,73.57,74.260002,73.160004,74.260002,87000,
ITRI,41.990002,42.5,41.720001,42.470001,384200,
ITT,28.67,29.200001,28.67,29.200001,440900,
ITUB,14.510002,14.85,14.400002,14.840001,11953900,
ITW,69.169998,69.709999,68.919998,69.589996,2424900,
IVAC,4.72,4.76,4.66,4.74,70400,
IVAN,1.19,1.2,1.18,1.19,36300,
IVC,15.97,16,15.6,15.97,201400,
IVE,76.019997,76.760002,75.610001,76.730003,392100,
IVR,18.58,18.940001,18.26,18.93,1834900,
IVV,162.029999,163.539993,161.059998,163.520004,4348100,
IVW,84.730003,85.489998,84.209999,85.480003,376000,
IVZ,32.57,33.139999,32.369999,33.139999,4914000,
IWB,89.449997,90.389999,88.980003,90.389999,1282500,
IWC,60.900002,61.450001,60.52,61.439999,88300,
IWD,83.300003,84.230003,82.919998,84.209999,6412400,
IWF,73.059998,73.709999,72.699997,73.690002,1882900,
IWM,96.360001,97.449997,95.730003,97.449997,46335300,
IWN,85.160004,86.120003,84.650002,86.120003,979000,
IWO,110.660004,111.760002,109.870003,111.760002,1244000,
IWP,71.239998,71.910004,70.849998,71.900002,272500,
IWR,128.899994,130.369995,128.460007,130.369995,135800,
IWS,57.549999,58.220001,57.360001,58.200001,351500,
IWV,95.690002,96.639999,95.300003,96.629997,316000,
IXC,39.73,40.009998,39.57,40.009998,83900,
IXYS,11.36,11.55,11.14,11.38,68000,
IYE,45.349998,45.75,45.07,45.75,286500,
IYF,70.940002,72.040001,70.599998,72.010002,253800,
IYG,70.900002,71.879997,70.440002,71.870003,190900,
IYH,99.510002,100.860001,99.029999,100.849998,69300,
IYJ,83.110001,83.639999,82.720001,83.639999,94400,
IYM,70.529999,71.099998,70.279999,71.040001,242200,
IYR,67.279999,68.650002,67.019997,68.589996,21649800,
IYT,109.629997,110.839996,109.25,110.760002,326600,
IYW,76.099998,76.339996,75.190002,76.07,171400,
IYZ,25.83,26.219999,25.76,26.219999,204500,
JACK,36.810001,37.169998,36.700001,37.169998,362000,
JAG,0.43,0.45,0.4,0.42,804300,
JAH,44.650005,45.300001,44.089994,44.969999,2576700,
JAKK,10.08,10.15,9.8,9.89,93400,
JASO,6.98,7.1,6.8,7.04,1187700,
JAZZ,68.129997,68.980003,66.809998,68.519997,745700,
JBHT,70.510002,71.290001,69.730003,71.239998,755200,
JBL,19.26,19.559999,19.16,19.27,3621000,
JBLU,6.1,6.21,6.05,6.14,5090200,
JBT,20.969999,21.24,20.870001,21.209999,86800,
JCI,33.279999,33.560001,33.09,33.560001,2362800,
JCOM,40.82,41.34,40.599998,41.27,410000,
JCP,18.26,18.59,17.879999,18.15,7908300,
JDSU,13.7,14.23,13.65,14.22,9050500,
JE,6.63,6.75,6.6,6.68,597300,
JEC,55.700001,56.150002,55.450001,55.919998,1362200,
JIVE,16.129999,16.450001,16.059999,16.370001,315500,
JJC,41.060001,41.240002,40.919998,41.209999,32100,
JJG,52.150002,52.299999,52,52.220001,9600,
JKHY,45.529999,46.110001,45.189999,46.02,387200,
JKS,8.01,8.56,8.01,8.47,360600,
JLL,88.150002,90.830002,88,90.830002,325900,
JMBA,16.299999,16.879999,16.18,16.84,360100,
JNJ,83.589996,84.459999,82.650002,84.459999,10671000,
JNK,39.849998,40.310001,39.84,40.25,15560900,
JNPR,18.75,19.1,18.190001,18.469999,9056700,
JNS,8.43,8.57,8.34,8.56,2220000,
JNY,14.35,14.63,14.11,14.2,921900,
JO,27.219999,27.74,27.219999,27.73,57700,
JOBS,63.5,64.879997,63.5,64.699997,223600,
JOE,19.48,19.950001,19.27,19.809999,418400,
JOSB,42.85,43.12,41.73,42.69,609100,
JOY,52.830002,53.5,52.470001,53.040001,1412900,
JPM,52.84,53.52,52.27,53.5,23940900,
JRCC,2.66,2.88,2.66,2.86,2821200,
JRN,6.38,6.47,6.18,6.47,151700,
JST,4.75,4.84,4.75,4.83,38900,
JW.A,39.330002,39.689999,39.080002,39.639999,249400,
JWN,58.130001,58.549999,57.759998,58.439999,1081400,
JXI,43.060001,43.360001,42.919998,43.34,78300,
K,61.669998,62.040001,61.439999,62.040001,2497500,
KAI,31.559999,31.93,31.52,31.799999,46900,
KALU,62.240002,62.630001,61.720001,62.57,103000,
KAMN,33.439999,33.849998,33.150002,33.759998,54900,
KAR,21.25,22.200001,21.049999,22.1,8570800,
KB,32.220001,32.259998,31.950001,32.23,92700,
KBALB,9.93,10.09,9.78,10.01,55200,
KBE,27.65,27.91,27.41,27.9,1876300,
KBH,20.139999,21.59,20.040001,21.540001,6419000,
KBR,34.610001,34.919998,33.639999,34.09,2846400,
KBWB,30.879999,31.26,30.66,31.26,86700,
KCAP,10.2,10.36,10.15,10.31,231300,
KCE,40.139999,40.84,40.09,40.84,6600,
KCG,3.53,3.64,3.51,3.63,960000,
KDN,26.7,26.91,26.61,26.91,104100,
KEG,6.15,6.37,6.15,6.36,11500,
KELYA,17.15,17.43,17.110001,17.42,81900,
KEM,4.38,4.46,4.34,4.45,111600,
KEP,11.62,11.62,11.53,11.6,283700,
KERX,7.52,7.66,7.36,7.65,1773800,
KEX,75.080002,76,74.690002,75.580002,431200,
KEY,10.46,10.6,10.4,10.59,8491500,
KEYN,12.6,12.7,12.51,12.61,32300,
KEYW,14.61,14.77,14.53,14.72,344500,
KFN,10.34,10.56,10.31,10.54,489000,
KFRC,14.76,15.11,14.76,15.11,94900,
KFY,17.42,17.559999,17.17,17.559999,225800,
KGC,6.5,6.63,6.43,6.58,11221200,
KIE,52.68,53.43,52.450001,53.43,901400,
KIM,21.27,22,21.209999,21.99,4736300,
KIOR,4.04,4.29,4.03,4.22,153600,
KIRK,15.57,15.85,15.11,15.78,237100,
KKD,16.58,17.57,16.530001,17.559999,1601800,
KKR,18.35,18.73,18.129999,18.43,2918200,
KLAC,56.689999,56.93,55.669998,56.080002,971000,
KLIC,11.99,12,11.64,11.86,465800,
KMB,95.409997,96.350004,94.57,96.350004,3295700,
KMI,37.880001,38.950001,37.720001,38.939999,4740900,
KMP,82.05,84.09,81.93,84.03,1487300,
KMR,80.85,82.73,80.57,82.68,386200,
KMT,40.970001,41.34,40.689999,41.34,636900,
KMX,45.59,46.549999,45.369999,46.529999,1326300,
KND,13.68,13.92,13.37,13.47,752600,
KNDI,5.55,5.78,5.05,5.38,4080000,
KNL,14.82,14.93,14.61,14.88,91000,
KNOP,22.75,23.09,22.59,22.809999,33000,
KNX,16.43,16.620001,16.379999,16.58,678800,
KO,40.549999,40.790001,40.310001,40.790001,11171600,
KOF,139.860001,144.199997,138.270004,144.199997,116900,
KOG,8.56,8.8,8.46,8.8,7671200,
KOL,20.120001,20.139999,19.99,20.129999,207600,
KOLD,18.360001,19.309999,18.32,18.97,217500,
KONG,6.34,6.63,6.12,6.49,21100,
KOP,40.709999,41.360001,40.630001,41.349998,92000,
KOPN,3.57,3.66,3.46,3.66,169700,
KORS,61.060001,62.099998,60.860001,61.93,2899100,
KOS,10.56,10.63,10.4,10.55,357700,
KR,32.990002,33.18,32.77,33.119999,8996200,
KRA,20.299999,20.629999,20.110001,20.6,205100,
KRC,51.73,53.02,51.32,53.02,473200,
KRE,32.099998,32.450001,31.91,32.43,1772700,
KRFT,53.48,54.040001,52.939999,53.740002,2814400,
KRG,5.91,6.04,5.87,6.04,78600,
KRO,15.51,15.7,15.45,15.64,153400,
KS,28.92,29.33,28.91,29.25,261400,
KSS,50.759998,51.450001,50.610001,51.34,1674200,
KSU,105.980003,108.400002,105.059998,108.360001,600900,
KT,16.67,16.780001,16.59,16.73,303700,
KTCC,11.18,11.29,10.81,11.12,47000,
KTOS,5.9,6.13,5.9,6.1,585100,
KUB,71.93,73.36,71.19,72.5,157400,
KVHI,12.89,13.02,12.81,12.87,37700,
KW,16.719999,17.1,16.549999,17.1,319000,
KWK,2.05,2.13,1.91,2.03,4400000,
KWR,64.330002,64.800003,63.189999,64.199997,48700,
L,44.66,45.110001,44.459999,45.110001,789300,
LABL,29.75,29.98,29.610001,29.83,45600,
LAD,51.740002,52.630001,51.540001,52.59,185100,
LAMR,43.43,45.59,43.43,45.540001,1559100,
LANC,81.68,82.18,80.239998,80.82,66900,
LAYN,20.120001,20.219999,19.65,20.049999,284900,
LAZ,32.700001,33.459999,32.610001,33.459999,631500,
LBAI,9.810003,9.949999,9.79,9.929997,170600,
LBJ,26.030001,27.110001,26.030001,27.110001,800,
LBTYA,72.89999,73.420005,71.7,73.410009,5311100,
LBTYK,68.279999,68.870003,67.279999,68.809998,2988600,
LBY,21.040001,21.34,20.969999,21.34,54700,
LCAV,3.08,3.11,3.06,3.07,7500,
LCC,16.92,17.079,15.93,16.64,12741900,
LCI,11.12,11.67,10.76,11.66,118100,
LDK,1.44,1.5,1.37,1.4,1273700,
LEA,58.610001,58.919998,57.77,58.290001,627000,
LEAP,5.56,5.64,5.54,5.62,704300,
LECO,58.25,59.080002,57.970001,59.009998,341100,
LEE,1.59,1.63,1.55,1.6,323400,
LEG,30.92,31.52,30.68,31.51,973100,
LEI,1.3,1.31,1.24,1.28,2600,
LEN,37.419998,38.630001,36.900002,38.549999,6065600,
LF,9.44,9.66,9.39,9.65,926400,
LFC,37.449989,38.22999,37.419989,38.189999,330300,
LFL,18.74,18.85,18,18.15,521800,
LFUS,72.139999,73.800003,71.529999,73.790001,113900,
LFVN,2.14,2.18,2.1,2.15,301227,
LG,47.200001,47.509998,46.77,47.5,347700,
LGCY,26.530001,27.09,26.530001,27.040001,163500,
LGF,28.24,28.809999,27.860001,28.799999,1040400,
LGND,30.5,31.219999,30.08,31.18,148300,
LH,98.68,99.040001,97.980003,98.639999,809400,
LHCG,21.870001,22.200001,21.469999,21.950001,23400,
LHO,25.16,25.68,25.07,25.68,547600,
LIFE,73.95,74.13,73.9,74.13,3614200,
LII,62.43,63.700001,62.279999,63.560001,479700,
LINC,6.69,6.79,6.52,6.79,84200,
LINE,33,33.23,32.740002,33.18,1676400,
LINTA,22.51,22.72,22.46,22.65,2032700,
LIOX,2.91,2.94,2.88,2.92,248100,
LIT,12.06,12.23,12.06,12.21,4400,
LIWA,5.4,5.5,5.32,5.37,57700,
LKQ,23.85,24.190001,23.68,24.190001,834300,
LL,76.860001,81.860001,76.410004,81.809998,756200,
LLEN,3.58,3.78,3.56,3.77,255900,
LLL,84.459999,85.239998,84.050003,85.220001,399500,
LLNW,2.36,2.44,2.33,2.39,244500,
LLTC,37.18,37.220001,36.5,36.740002,1826600,
LLY,51.889999,52.43,51.34,52.09,4976800,
LM,33.459999,34.02,33.09,34.009998,2119900,
LMCA,121.060063,124.780043,120.140044,124.730096,3566200,
LMNX,19.08,19.32,18.74,19.209999,161600,
LMOS,14.68,15.19,14.68,15.05,73500,
LMT,103.800003,104.510002,103.040001,104.370003,1652600,
LNC,33.880001,34.669998,33.57,34.650002,3316800,
LNCE,26.290001,26.469999,26,26.389999,101800,
LNCO,37.099998,37.869999,36.970001,37.650002,486100,
LNDC,14.17,14.29,14.08,14.19,61400,
LNG,27.17,28.01,26.82,28,5676800,
LNKD,163.740005,170.220001,163.679993,170.179993,1821300,
LNN,78.650002,81.169998,78.650002,80.690002,210100,
LNT,48.599998,49.029999,48.490002,49.029999,1143600,
LO,42.32,43.139999,41.919998,43.110001,3825400,
LOCK,10.23,10.35,10.12,10.3,469000,
LOCM,1.61,1.64,1.61,1.63,23200,
LODE,2.02,2.05,1.98,2.05,98300,
LOGI,7.01,7.07,6.96,7.06,316900,
LOGM,25.610001,26.309999,25.379999,26.280001,279000,
LOPE,31.6,32.02,31.360001,31.85,285500,
LORL,59.689999,60.290001,59.25,59.57,103200,
LOW,39.790001,40.700001,39.560001,40.700001,9583100,
LPHI,2.98,3.1,2.98,3.05,35100,
LPI,19.27,19.639999,19.25,19.51,397600,
LPL,13.56,13.77,13.56,13.77,352700,
LPLA,36.25,36.970001,36.16,36.599998,585600,
LPNT,49.41,51.119999,48.849998,51.02,618700,
LPR,0.56,0.57,0.5,0.5,13500,
LPS,33.07,33.25,32.86,33.2,923100,
LPSN,9.01,9.25,9.01,9.2,563400,
LPX,16.360001,16.93,16.219999,16.83,4101800,
LQD,116.57,117.459999,116.419998,117.050003,2500000,
LQDT,39.029999,39.73,38.310001,39.119999,542200,
LRCX,47.400002,47.73,46.830002,47.369999,1060700,
LRE,13.75,14.84,13.71,14.76,600600,
LRN,27.98,28.280001,27.49,27.76,407800,
LRY,16.83,16.83,16.83,16.83,0,
LSCC,5.19,5.23,5.06,5.18,529200,
LSE,8.59,8.67,8.58,8.65,1641600,
LSI,64.550003,65.739998,64.510002,65.690002,115600,
LSTR,52.23,52.939999,52.119999,52.919998,462700,
LTBR,1.57,1.67,1.56,1.59,3000,
LTC,41.540001,42.599998,41.240002,42.599998,140100,
LTD,36.87,36.87,36.87,36.87,0,
LTM,49.66,50.240002,49.630001,50.240002,202000,
LTPZ,64.610001,65.32,64.5,65.07,66000,
LTXC,5.95,6,5.74,5.81,200500,
LUB,8.5,8.66,8.44,8.6,53400,
LUFK,88.35,88.51,88.3,88.32,543600,
LUK,29.24,29.549999,28.76,29.360001,1632900,
LULU,78.900002,79.610001,77.949997,79.559998,807800,
LUV,13.57,13.69,13.19,13.5,12848500,
LUX,50.950001,50.950001,49.849998,50.650002,83900,
LVLT,20.799999,21.559999,20.700001,21.52,1732000,
LVS,57.490002,57.57,56.25,57.029999,7671900,
LXK,30.58,31.129999,30.35,30.879999,817500,
LXP,12.24,12.47,12.15,12.47,1360000,
LXU,33.07,33.799999,32.669998,33.790001,90400,
LYB,65.559998,66.580002,65.300003,66.400002,4045600,
LYG,3.78,3.8,3.74,3.8,1649300,
LYV,13.45,13.69,13.39,13.69,1116000,
LZB,18.08,18.34,17.93,18.34,190500,
M,47.509998,48.389999,47.400002,48.389999,3690900,
MA,557.750015,565.159988,557.099991,564.949989,4399000,
MAA,66.690002,67.209999,66.080002,67.019997,449300,
MAC,61.580002,62.82,61.419998,62.82,2110100,
MACK,5.19,5.24,4.84,4.96,421900,
MAIN,27.200001,27.959999,27.200001,27.879999,267500,
MAKO,11.43,11.63,11.19,11.6,504100,
MAN,54.630001,55.919998,54.630001,55.919998,279700,
MANH,75.199997,76.599998,74.519997,76.559998,743200,
MANT,26.6,27.35,26.4,27.309999,94200,
MANU,16.790001,16.969999,16.66,16.809999,14800,
MAR,40.330002,41.02,40.09,41.009998,1936400,
MAS,20.09,20.200002,19.49,20.16,6165700,
MASI,21.42,21.440001,21.01,21.440001,173800,
MAT,44.130001,44.32,43.849998,44.32,1958400,
MATW,37.639999,37.810001,37.290001,37.799999,51600,
MATX,24.950001,25.16,24.91,25.030001,222000,
MBB,105.860001,106.290001,105.720001,106.290001,516200,
MBFI,25.26,25.870001,25.07,25.860001,229800,
MBI,13.31,13.45,12.99,13.45,2642100,
MBLX,1.600032,1.600032,1.51003,1.550031,12600,
MBT,18.32,18.629999,18.25,18.450001,4645200,
MCC,13.89,14.74,13.71,14.67,719000,
MCD,96.389999,96.830002,95.160004,96.68,5817300,
MCEP,23.18,23.65,22.969999,23.59,54300,
MCF,34.849998,35.349998,34.66,35.110001,51100,
MCGC,4.91,5,4.87,4.95,271600,
MCHI,44.040001,44.57,43.919998,44.560001,268800,
MCHP,36.560001,36.580002,35.740002,36.209999,2106800,
MCHX,5.7,5.78,5.29,5.77,39200,
MCK,111.790001,112.309998,111.129997,111.809998,1047200,
MCO,63.799999,65.029999,63.369999,64.959999,1441600,
MCP,6.01,6.01,5.72,5.92,4724900,
MCRI,15.43,15.54,15.16,15.53,37300,
MCRL,9.93,10.03,9.75,9.88,136600,
MCRS,42.02,42.72,41.69,42.71,1457200,
MCY,43.400002,43.720001,43.099998,43.720001,144100,
MD,90.620003,91.290001,90.169998,90.970001,491800,
MDAS,16.639999,17.32,16.549999,17.17,655600,
MDC,35.209998,36.150001,35.02,36.059999,1069400,
MDCI,7.51,8.28,7.26,8.21,76400,
MDCO,32.049999,33.259998,32,33.16,581600,
MDIV,21.18,21.379999,21.030001,21.370001,252700,
MDLZ,29.51,29.58,29.08,29.290001,10668300,
MDP,39.73,40.360001,39.639999,40.360001,325600,
MDR,8.9,9.1,8.86,8.97,3782200,
MDRX,13.21,13.63,13.18,13.62,1517000,
MDSO,68.989998,69.449997,66.400002,67.769997,337200,
MDT,51.040001,51.48,50.599998,51.48,4679500,
MDU,25.120001,25.360001,24.969999,25.32,755400,
MDVN,47.939999,48.93,47.810001,48.889999,1125000,
MDXG,7,7.35,7,7.25,859200,
MDY,210.710007,213.330002,210.270004,213.330002,2548300,
MEA,1.45,1.47,1.41,1.46,272300,
MEAS,46.18,47.17,45.95,46.99,113000,
MED,28.27,28.73,28.129999,28.52,79300,
MEET,1.55,1.57,1.5,1.51,142500,
MEG,7.97,9.95,7.7,9.76,2057600,
MEI,15.14,15.31,14.62,15.12,210300,
MEIP,7.86,8.02,7.61,7.78,38900,
MELA,1.07,1.1,1.03,1.08,108800,
MELI,113.949997,117.699997,113.349998,117.239998,411500,
MEMP,18.719999,19.049999,18.51,19.049999,94700,
MEMS,4.1,4.1,4.09,4.09,99300,
MENT,19.049999,19.18,18.9,19.18,560700,
MEOH,42.27,42.689999,42.060001,42.360001,381600,
MERC,6.77,6.82,6.69,6.78,56500,
MERU,3.89,4.07,3.83,4.01,117900,
MET,43,43.73,42.459999,43.720001,7745300,
MFA,8.87,8.95,8.8,8.93,3442900,
MFB,18.41,18.58,18.29,18.32,211900,
MFC,15.43,15.64,15.3,15.59,2398800,
MFG,3.76,3.82,3.72,3.82,1411900,
MFLX,15.26,15.74,15.26,15.68,64400,
MFRM,39.759998,40.110001,38.220001,39.900002,294100,
MG,21.48,21.66,21.280001,21.639999,138500,
MGA,66.629997,67.120003,66.18,66.709999,1317200,
MGAM,25.81,26.18,25.8,26.1,284000,
MGC,55.099998,55.59,54.810001,55.59,46900,
MGI,19.07,19.549999,18.91,19.200001,126700,
MGIC,5.25,5.37,5.22,5.34,57700,
MGK,61.150002,61.639999,60.73,61.639999,64100,
MGLN,53.709999,54.299999,53.43,54.220001,114200,
MGM,14.42,14.71,14.32,14.58,11037400,
MGPI,5.4,5.55,5.3,5.54,42300,
MGV,49.16,49.689999,48.950001,49.689999,52400,
MHFI,53.68,54.369999,53.549999,54.07,2255700,
MHGC,7.86,8.05,7.63,7.87,1021900,
MHK,106.470001,109.900002,106,109.849998,762600,
MHLD,10.6,10.8,10.55,10.79,149500,
MHO,24.209999,24.799999,23.610001,24.65,314300,
MHR,3.8,3.94,3.73,3.94,3302300,
MIC,53.16,54.18,52.68,54.18,380700,
MIDD,163.190014,166.01001,162.470009,165.990005,186000,
MIDU,54.169998,56.209999,53.849998,56.200001,288000,
MIDZ,31.440001,31.66,30.34,30.34,5900,
MIG,8.03,8.16,8.02,8.13,310500,
MILL,3.96,4.02,3.905,3.96,118925,
MIND,15.86,16.370001,15.75,16.360001,71700,
MINI,34.07,34.32,33.34,33.82,411700,
MITK,6.14,6.31,6.01,6.17,255087,
MITL,3.6,3.72,3.55,3.56,5500,
MITT,22.469999,22.709999,22.190001,22.59,260200,
MJN,80.050003,80.110001,78.879997,79.779999,1133900,
MKC,69,69.699997,68.68,69.699997,912500,
MKSI,27.799999,28,27.120001,27.43,213200,
MKTG,10.8,11.98,10.59,11.93,1427800,
MKTX,43.360001,44.290001,43.330002,44.23,264600,
MLHR,27.870001,28.1,27.65,27.959999,242000,
MLI,52.560001,52.93,52.09,52.43,204600,
MLM,104.690002,106.540001,103.68,106.529999,459300,
MLNK,2.83,2.91,2.82,2.88,140000,
MLNX,50.84,50.970001,50.139999,50.82,269600,
MLPN,28.299999,28.790001,28.190001,28.790001,108500,
MLR,15.55,16.200001,15.54,15.94,16500,
MM,7.98,8.16,7.82,7.93,960500,
MMC,37.470001,39.98,37.470001,39.959999,2306700,
MMLP,40.130001,41.18,39.720001,40.73,133500,
MMM,108.459999,108.779999,107.639999,108.669998,2680800,
MMP,50.75,51.880001,49.59,51.540001,966700,
MMS,73.260002,73.940002,73,73.720001,240200,
MMSI,10.01,10.26,10,10.26,184100,
MMYT,12.91,13.09,12.7,12.86,31200,
MN,19.129999,19.450001,18.610001,19.41,205900,
MNI,2.2,2.26,2.16,2.24,26000,
MNKD,7.59,7.69,7.35,7.65,7443900,
MNR,9.98,10.1,9.91,10.06,168600,
MNRO,47.27,47.650002,46.700001,47.5,200200,
MNST,58.800001,59.969999,58.350002,59.740002,6329700,
MNTA,13.3,13.68,13.22,13.62,388000,
MNTG,3.78,3.83,3.72,3.8,525700,
MNTX,10.48,10.68,10.21,10.37,79100,
MNX,2937.100098,2950.300049,2912.5,2950.300049,1802700000,
MO,35.599998,35.810001,35.209999,35.810001,10976300,
MOBI,3.36,3.37,3.19,3.2,27900,
MOD,10.16,10.29,9.97,10.09,177100,
MODN,20.18,20.18,19.879999,20.16,33400,
MOH,35.91,36.290001,35.369999,35.880001,560600,
MOLX,29.27,29.35,28.96,29.35,756000,
MOLXA,24.47,24.7,24.44,24.67,136500,
MON,99.129997,99.940002,97.050003,98.720001,3468000,
MOO,52.650002,53.060001,52.509998,53.029999,97200,
MORN,70.110001,70.830002,69.959999,70.540001,103500,
MOS,60.009998,60.040001,59.23,60.029999,1701100,
MOSY,4.4,4.47,4.21,4.46,152700,
MOV,34.389999,34.389999,33.73,34.380001,109200,
MOVE,11.88,12.19,11.7,11.91,310500,
MPAA,6.14,6.48,6.13,6.15,6900,
MPC,79.900002,82.75,79.650002,82.75,5383000,
MPEL,22.809999,23.219999,22.5,23.190001,3216000,
MPG,3.12,3.12,3.11,3.12,572800,
MPLX,35.529999,35.529999,34.52,34.57,241900,
MPO,6.6,6.78,6.31,6.510001,38300,
MPW,14.62,15.17,14.59,15.16,1535300,
MPWR,24.610001,24.91,23.93,24.35,237600,
MR,40.299999,40.919998,40.110001,40.860001,267400,
MRC,26.860001,27.34,26.799999,27.34,1148900,
MRCY,9.36,9.36,9.21,9.36,70400,
MRGE,3.63,3.68,3.5,3.65,284400,
MRH,24.75,25,24.65,24.99,423300,
MRIN,11.15,11.27,10.62,10.85,84600,
MRK,48.639999,48.73,47.75,48.599998,19895900,
MRO,34.139999,34.630001,33.84,34.630001,3286000,
MRTN,23.659995,23.779994,23.400001,23.740005,129100,
MRVL,10.7,10.89,10.68,10.76,6177200,
MS,25.1,25.42,24.6,25.41,18339600,
MSA,45.66,46,45.25,45.990002,69700,
MSB,19.950001,20.219999,19.85,20.200001,47600,
MSCC,21.360001,21.82,21.309999,21.709999,375100,
MSCI,34.279999,34.93,34.279999,34.799999,496200,
MSFT,34.84,35.110001,34.490002,34.959999,37618500,
MSG,58.290001,59.07,58.290001,58.91,254300,
MSI,56.290001,56.919998,56.150002,56.919998,2383600,
MSM,80.449997,80.839996,79.849998,80.389999,275000,
MSO,2.39,2.41,2.38,2.4,128700,
MSPD,2.97,3.25,2.95,3.24,278600,
MSTR,90.449997,91.989998,89.110001,90.099998,110500,
MSTX,0.7,0.7,0.6543,0.685,347745,
MT,12.52,12.6,12.35,12.51,5778400,
MTB,102.300003,102.779999,100.669998,102.68,1030700,
MTD,211.850006,215.479996,211.850006,215.429993,185600,
MTDR,9.87,10.05,9.82,10.03,269400,
MTG,5.76,5.96,5.54,5.95,13472900,
MTGE,20.959999,21.200001,20.860001,21.17,1595600,
MTH,44.259998,46.09,44.139999,46.049999,699800,
MTL,2.7,2.86,2.62,2.82,2715800,
MTN,62.959999,63.150002,61.540001,62.16,408300,
MTOR,6.88,6.99,6.7,6.97,1255400,
MTRN,30.809999,31.17,30.41,31.08,52800,
MTRX,16.959999,17.15,16.57,16.809999,183100,
MTSC,59.060001,59.360001,58.080002,59.060001,81100,
MTSN,2.1,2.25,2.1,2.24,567100,
MTU,5.74,5.8,5.67,5.8,4736000,
MTW,19.220001,19.49,18.840001,19.230001,10710200,
MTX,42.27,42.529999,41.790001,42.450001,93300,
MTZ,30.1,30.530001,29.82,30.469999,821100,
MU,12.18,12.54,12.14,12.35,47860200,
MUB,107.739998,108.209999,107.599998,108.089996,541100,
MUR,62.990002,64.08,62.790003,64.049997,1488100,
MUX,2.65,2.7,2.585,2.67,2648100,
MVC,12.65,12.79,12.6,12.77,62800,
MVG,7.46,7.69,7.36,7.56,29000,
MVIS,3.09,3.18,2.98,3.12,168100,
MVO,28.07,28.25,27.610001,28.1,28700,
MVV,94.440002,96.830002,94.279999,96.830002,86000,
MW,35.439999,35.720001,34.779999,35.580002,419900,
MWA,6.9,7.08,6.82,6.89,1310800,
MWE,65,67.720001,64.690002,67.330002,897700,
MWIV,120.26,121.14,118.25,121.14,42900,
MWV,34.700001,35.209999,34.549999,35.189999,784800,
MWW,5.44,5.58,5.28,5.33,920300,
MX,18.25,18.92,18.25,18.860001,417400,
MXIM,29.129999,29.32,28.610001,28.84,3186700,
MXL,6.47,6.54,6.38,6.54,36300,
MXWL,7.39,7.66,7.39,7.63,303400,
MY,1.63,1.88,1.63,1.85,1141900,
MYE,14.7,15.05,14.55,15.01,125800,
MYGN,30.51,31.190001,30.42,31.059999,737600,
MYL,29.9,30.42,29.700001,30.41,3588000,
MYRG,20.01,20.08,19.76,20.01,257900,
MZZ,19.02,19.049999,18.52,18.52,15500,
N,84,84.330002,82.779999,84.25,254600,
NAFC,23.95,24.09,23.64,24.08,34500,
NAK,2.67,2.67,2.57,2.59,106500,
NANO,14.55,14.65,14.46,14.55,40400,
NAT,8.299996,8.439999,8.299996,8.370003,450400,
NATI,27.5,27.99,27.34,27.99,317900,
NATR,15.67,15.67,15.38,15.63,34900,
NAV,33.16,34.02,32.900002,33.950001,1188600,
NAVB,2.43,2.48,2.4,2.48,378628,
NBG,5.9,6,5.7,5.71,3594000,
NBIX,12.77,12.96,12.5,12.96,561000,
NBL,56.759998,57.369999,56.259998,57.369999,1332800,
NBR,16.219999,16.450001,15.99,16.200001,3118100,
NBTB,20.02,20.219999,19.93,20.219999,56000,
NCI,13.57,13.71,13.34,13.58,159200,
NCLH,30.799999,30.969999,30.139999,30.790001,367700,
NCMI,16.879999,17.16,16.77,17.1,189800,
NCQ,1.77,1.8,1.75,1.78,76700,
NCR,32.529999,33.130001,32.5,33.130001,817800,
NCS,14.55,14.75,14.4,14.75,278800,
NCT,5.290206,5.550213,5.290206,5.540205,10879600,
NCTY,3.67,3.68,3.48,3.68,129400,
NDAQ,31.139999,31.860001,31.07,31.85,1111500,
NDO,79.550003,81.010002,79.260002,80.349998,0,
NDRO,15.93,16.049999,15.79,16,24400,
NDSN,68.080002,69.419998,67.980003,69.360001,371800,
NDX,2940.870117,2950.300049,2911.939941,2950.300049,1802700000,
NDZ,7.34,7.75,7.34,7.69,191000,
NE,38.859999,39.43,38.520003,38.970007,2699300,
NEE,75.970001,77.389999,75.790001,77.389999,2886600,
NEM,34.459999,35.34,34.380001,34.950001,7140200,
NEO,3.47,3.59,3.47,3.57,73100,
NEOG,53.879997,54.689999,53.719997,54,109500,
NEON,5.05,5.31,5.04,5.26,407600,
NEPT,2.81,2.94,2.8,2.9,107500,
NES,3.65,3.69,3.6,3.69,141100,
NEU,273,277.880005,273,277.390015,36300,
NEWP,12.94,13.26,12.9,13.26,177800,
NFBK,11.48,11.64,11.45,11.59,98000,
NFG,59.900002,60.59,59.650002,60.59,273000,
NFLX,222.119997,225.400005,213.999998,217.740004,26069400,
NFP,25.22,25.24,25.19,25.22,1113200,
NFX,23.290001,23.459999,22.77,22.969999,1884400,
NG,2.64,2.72,2.59,2.69,2255400,
NGD,6.95,7.11,6.91,7.03,3154300,
NGG,57.080002,57.93,56.950001,57.889999,1601000,
NGL,27.860001,28,27.41,27.950001,84300,
NGLS,45.439999,46.509998,45.169998,46.48,340200,
NGPC,6.67,6.7,6.58,6.68,59200,
NGS,23.59,23.59,22.440001,23.09,51900,
NGVC,25.83,26.91,25.799999,26.74,71200,
NHI,62.389999,63.790001,62.110001,63.77,167500,
NI,28.000001,28.38,27.82,28.38,5080600,
NIB,31.209999,31.82,31.200001,31.780001,78200,
NICE,37.060001,37.799999,37.060001,37.630001,132800,
NIHD,97,97,93,94.6,7800,
NILE,36.02,36.380001,35.66,36.330002,100300,
NKA,14.15,14.19,14.08,14.12,65100,
NKE,61.740002,62.18,61.209999,62.16,4761400,
NKTR,8.8,9.2,8.77,9.17,1200300,
NKY,15.54,15.66,15.3,15.61,2479100,
NLNK,16.91,17.82,16.799999,17.67,308700,
NLS,7.72,7.74,7.32,7.52,271200,
NLSN,33.330002,33.619999,33.16,33.619999,1825800,
NLST,0.75,1.27,0.75,1.11,5502200,
NLY,13.46,13.76,13.41,13.75,12525500,
NM,5.19,5.26,5.1,5.26,261100,
NMFC,14.95,15.2,14.88,15.11,187800,
NMM,13.95,14.14,13.82,14.04,195200,
NMR,7.17,7.2,7.01,7.19,2156500,
NMRX,11.01,11.14,10.2,10.92,27000,
NNBR,9.19,9.35,9.16,9.32,27400,
NNI,38.369999,38.689999,38.07,38.52,97900,
NNN,34.93,36.360001,34.759998,36.360001,1492600,
NOA,4.25,4.3,4.11,4.14,28900,
NOAH,12.85,12.96,12.1,12.42,93600,
NOC,81.480003,82.410004,80.919998,82.25,1802200,
NOG,13.25,13.53,13.15,13.53,412700,
NOK,3.45,3.55,3.44,3.53,23224400,
NOR,4.039996,4.139996,3.999996,4.039996,24600,
NOV,69.12999,70.019994,68.559998,70.019994,2910000,
NOW,35.790001,36.75,35.580002,36.740002,645800,
NP,30.719999,31.09,30.440001,31.09,72400,
NPD,1.7,1.71,1.7,1.7,22100,
NPO,50.139999,50.91,50.139999,50.84,239300,
NPSP,15.3,15.5,14.64,15.11,2382200,
NPTN,6.82,7.8,6.74,7.72,241600,
NQ,7.8,8,7.7,7.93,204300,
NR,11.19,11.5,11.16,11.43,480700,
NRF,8.529998,8.97,8.529998,8.97,2536700,
NRG,25.26,25.780001,25.24,25.65,3834900,
NRGM,21.83,22.08,21.67,22.02,54400,
NRGY,22.99,23.37,22.89,23.22,182900,
NRP,21.17,22.160001,21.15,21.85,21100,
NRT,24.74,25.030001,24.700001,24.99,6100,
NRZ,6.71,6.75,6.65,6.74,891400,
NS,44.759998,46.009998,44.759998,45.709999,270700,
NSC,75.470001,76.809998,74.059998,76.809998,1875000,
NSH,26.26,26.93,26.26,26.76,90500,
NSIT,19.389999,19.889999,19.370001,19.809999,192600,
NSM,40.619999,41.619999,40.380001,41.549999,584000,
NSP,29.690001,30,29.639999,29.969999,63000,
NSPH,4.01,4.08,3.94,4.03,15800,
NSR,47.779999,48.509998,47.759998,48.27,375500,
NSU,3.78,3.84,3.72,3.81,416600,
NTAP,37.580002,37.639999,37.080002,37.610001,6830900,
NTCT,23.860001,24.030001,23.530001,23.969999,180000,
NTE,7.27,7.35,7.14,7.25,189500,
NTES,62.009998,63.110001,61.5,62.990002,264900,
NTGR,32.759998,33.23,32.43,33.23,510400,
NTI,25.459999,26.209999,25.459999,25.98,1226700,
NTLS,16.129999,16.48,16,16.25,117300,
NTRI,9.01,9.16,8.81,8.89,349600,
NTRS,56.799999,57.470001,56.400002,57.450001,1353500,
NTSP,15.98,16,15.97,15.99,250800,
NTT,25.120001,25.48,25.09,25.48,386700,
NTWK,10.07,10.1,9.95,10.07,63852,
NU,41.14,41.69,41.06,41.68,1264900,
NUAN,18.5,18.879999,18.360001,18.879999,5629000,
NUE,44.369999,44.59,44,44.48,1551500,
NUS,56.400002,57.439999,56.189999,57.200001,672800,
NUVA,21.129999,21.49,21.01,21.42,293200,
NVAX,2.12,2.14,1.86,1.96,3511200,
NVDA,14.16,14.36,14.15,14.25,8526100,
NVDQ,13.46,13.61,13.3,13.4,491700,
NVE,23.46,23.62,23.45,23.59,7223400,
NVMI,9.46,9.6,9.46,9.55,166800,
NVO,163.829994,164.360008,162.959995,164.360008,568000,
NVS,71.07,71.470001,70.57,71.470001,1089100,
NVTL,3.43,3.66,3.36,3.63,438100,
NWBI,12.39,12.5,12.28,12.5,420900,
NWBO,3.53,3.59,3.52,3.54,93900,
NWE,40.779999,41.27,40.68,41.259998,147200,
NWL,26.4,26.74,26.23,26.74,2270800,
NWN,42.799999,43.16,42.580002,42.990002,96800,
NWPX,27.16,27.719999,26.43,27.719999,21600,
NWS,31.44,31.97,31.09,31.94,6553200,
NWSA,31.39,31.87,30.94,31.82,24591400,
NWY,5.49,5.64,5.4,5.62,121300,
NX,18.299999,18.67,18.129999,18.67,685700,
NXPI,30.43,30.73,29.719999,30.1,1681600,
NXST,26.92,28.32,26.25,28.27,666000,
NXTM,13.57,13.67,13.28,13.54,364800,
NYCB,12.99,13.15,12.95,13.07,2584600,
NYMT,6.77,6.91,6.74,6.91,898900,
NYMX,5.24,5.27,5.07,5.1,20700,
NYT,10.14,10.23,10,10.22,886500,
NYX,39.23,40.07,39.22,40.07,996100,
O,43.73,45.560001,43.5,45.41,2772500,
OAK,49.84,50.470001,49.84,50.130001,527800,
OAS,38.150002,39.599998,37.790001,39.459999,1514300,
OB,14.14,14.22,14.01,14.2,106800,
OC,41.549999,42.369999,41.279999,42.330002,1138400,
OCLR,1.03,1.08,1.01,1.03,1338800,
OCN,41.93,42.970001,41.59,42.950001,2555700,
OCR,45.75,47.950001,45.700001,46.700001,2262800,
OCZ,1.41,1.44,1.39,1.44,990700,
ODFL,41.43,41.98,41.189999,41.98,580200,
ODP,4.27,4.34,4.23,4.33,5303500,
OEF,72.910004,73.510002,72.43,73.489998,388000,
OEH,11.48,11.61,11.33,11.61,790700,
OEX,0.421,0.421,0.421,0.421,0,
OFC,25.82,26.35,25.709999,26.35,428800,
OFG,17.469999,17.74,17.389999,17.719999,122800,
OFIX,27.950001,28.33,27.950001,28.15,210200,
OGE,65.82,66.849998,65.699997,66.790001,975400,
OGXI,9.79,10.08,9.55,10.06,87100,
OHI,31.469999,32.5,31.110001,32.48,1543900,
OI,27.040001,27.27,26.950001,27.120001,848600,
OIBR,2.25,2.26,2.17,2.23,227000,
OIH,42.98,43.470001,42.75,43.419998,2701200,
OII,70.339996,71.779999,70.339996,71.769997,499800,
OIL,21.93,22.139999,21.9,21.969999,427500,
OILT,47.8,48.64,47.71,48.6,26000,
OIS,96.09999,97.84999,95.910012,97.839996,918200,
OKE,43.209999,44.079999,42.79,44.069999,1612500,
OKS,50.400002,51.220001,50.150002,50.599998,480600,
OKSB,13.92,14.06,13.37,13.55,38800,
OLN,24.15,24.629999,24.040001,24.59,507300,
OMC,60.529999,61,60.119999,61,1448500,
OMCL,18.49,18.719999,18.43,18.67,118600,
OME,10.8,10.8,9.24,9.36,479000,
OMER,4.67,4.94,4.54,4.94,318500,
OMEX,3.369998,3.439998,3.349999,3.429999,13400,
OMG,30.51,30.84,30.26,30.690001,189400,
OMI,33.639999,33.849998,33.360001,33.650002,323200,
OMN,7.78,7.9,7.72,7.79,51700,
OMX,12.56,12.77,12.5,12.76,1495200,
ONB,13.27,13.41,13.12,13.4,395400,
ONCY,2.4,2.46,2.39,2.42,166600,
ONE,10.16,10.5,10.08,10.46,188400,
ONNN,8.21,8.31,8,8.14,6593000,
ONP,1.69,1.71,1.64,1.66,39300,
ONTY,1.82,1.85,1.75,1.81,612900,
ONXX,87.7,90.9,86.88,90.78,1136400,
OPEN,64.26,66.63,64.26,66.53,316400,
OPK,6.32,6.55,6.23,6.55,1987800,
OPLK,17.7,18.48,17.7,18.4,106300,
OPTR,14.5,14.65,14.29,14.6,549400,
ORA,22.58,23.26,22.52,23.24,81000,
ORB,17.7,17.89,17.11,17.87,355000,
ORBC,4.1,4.18,4.09,4.17,359000,
ORBK,12.21,12.5,12.18,12.3,155100,
ORCL,33.98,33.98,33.130001,33.349998,29158700,
OREX,6.1,6.19,5.99,6.15,100100,
ORI,12.95,13.2,12.86,13.2,965200,
ORIG,17.48,17.629999,17.219999,17.299999,561800,
ORIT,15.03,15.25,15,15.24,111000,
ORLY,107.839996,109.43,107.839996,109.389999,521200,
ORN,12.04,12.27,11.82,11.99,96800,
OSGIQ,3,3.15,2.99,3.15,49800,
OSIR,10.34,10.6,10.07,10.6,86600,
OSIS,54.25,54.43,53.110001,53.919998,342600,
OSK,37.099998,37.740002,36.950001,37.720001,443100,
OSTK,26.5,27.07,26.190001,26.93,176100,
OSUR,4.34,4.4,4.25,4.3,451800,
OSX,252.38,255.34,251.75,255.02,0,
OTEX,70.099998,71.940002,70.019997,71.709999,1013600,
OTTR,27.450001,27.92,27.389999,27.91,89700,
OVTI,18.530001,18.889999,18.360001,18.719999,1262800,
OVX,24.56,24.56,23.69,23.89,0,
OWW,7.52,7.79,7.51,7.65,897700,
OXF,2.8,2.88,2.7,2.71,47600,
OXM,63.849998,64.019997,62.73,63.490002,110500,
OXY,92.940002,93.400003,91.860002,92.550007,6045700,
OZM,10.63,10.71,10.28,10.54,1509600,
OZRK,42.580002,43.220001,42.360001,43.02,220800,
P,14.1,14.68,14,14.31,6630100,
PAA,55.099998,56.110001,54.32,55.919998,1485900,
PAAS,12.68,13,12.62,12.88,1951900,
PAC,50.43,51.389999,49.779999,51.240002,33500,
PACB,2.68,2.71,2.65,2.71,620300,
PACD,9.68,9.79,9.52,9.6,25200,
PACR,6.33,6.46,6.3,6.41,118100,
PACT,6.68,6.73,6.67,6.72,289423,
PACW,27.540001,28.110001,27.540001,28.110001,229200,
PAG,31.049999,31.5,30.75,31.209999,222200,
PAL,1.15,1.15,1.11,1.14,748765,
PANL,27.61,28.21,27.54,28.21,628500,
PANW,44.209999,45.830002,44.18,45,1133000,
PATH,3.01,3.01,2.56,2.97,528300,
PAY,18.040001,18.83,17.08,17.370001,25171100,
PAYX,36.139999,36.77,36.139999,36.720001,2142200,
PB,49.130001,49.48,48.650002,49.389999,367200,
PBA,31.18,31.790001,31.02,31.709999,159400,
PBCT,13.68,13.8,13.52,13.79,2151100,
PBF,27.92,29.049999,27.4,27.440001,1289500,
PBH,29.4,29.9,29.25,29.870001,198400,
PBI,14.43,14.48,13.92,14.07,9704400,
PBJ,24.030001,24.049999,23.76,23.98,66800,
PBNY,9.37,9.47,9.29,9.43,134200,
PBR,16.969999,17.23,16.93,17.219999,10531000,
PBR.A,18.19,18.42,18.09,18.4,5204500,
PBT,13.41,13.45,13.05,13.13,100100,
PBTH,5.85,6.03,5.8,5.97,282100,
PBW,5.29,5.36,5.24,5.35,512500,
PBY,12.35,12.49,12.23,12.35,711600,
PCAR,52.959999,53.349998,52.450001,53.34,1026200,
PCCC,16.049999,16.370001,15.6,16.200001,49200,
PCEF,25.08,25.23,25,25.23,127500,
PCG,44.029999,45.02,43.91,45.02,2827300,
PCH,43.869999,44.939999,43.82,44.939999,321500,
PCL,46.970001,47.580002,46.59,47.560001,1861800,
PCLN,794.849976,806.030029,787,805.900024,582700,
PCOM,18.83,19.809999,18.83,19.360001,257200,
PCP,210.199997,215.130005,209.970001,215.089996,509000,
PCRFY,7.42,7.55,7.42,7.55,149400,
PCRX,28.82,29.09,26.950001,28.469999,280900,
PCTI,7.48,7.62,7.48,7.6,23000,
PCXCQ,0.1912,0.202,0.18,0.19,379200,
PCY,28.629999,28.799999,28.35,28.73,2224300,
PCYC,83.19,87.43,83.19,87.09,816600,
PDCE,49.209999,50.639999,48.490002,50.41,314300,
PDCO,38.48,38.509998,37.900002,38.41,784100,
PDFS,18.02,18.33,17.92,18.219999,65500,
PDH,12.23,12.23,11.76,11.81,278300,
PDLI,7.8,7.97,7.78,7.88,2316800,
PDM,18.6,18.690001,18.4,18.690001,1079800,
PDP,31.030001,31.49,30.98,31.469999,223200,
PDS,8.95,9.02,8.85,8.88,2374800,
PEB,25.360001,25.809999,25.139999,25.74,233200,
PEG,32.139999,32.700001,32.099998,32.700001,2884300,
PEGA,32.029999,32.509998,31.92,32.200001,327000,
PEI,19.09,19.49,18.870001,19.49,384700,
PEIX,3.95,4,3.79,3.81,281200,
PENN,54.58,55.07,54.209997,55.07,2547600,
PEP,81.190002,81.660004,80.709999,81.660004,6031600,
PER,15.22,15.26,14.62,14.89,266400,
PERI,13.38,13.67,12.83,13.11,460200,
PERY,21.620001,21.690001,21.200001,21.43,59700,
PES,6.86,7.01,6.72,6.9,322900,
PETM,66.84,67.7,66.83,67.56,627200,
PETS,13.37,13.61,13.04,13.6,343300,
PF,23.66,24.16,23.66,24.16,283800,
PFE,27.48,28.15,27.389999,28.110001,82471000,
PFF,39.619999,39.799999,39.490002,39.68,4463800,
PFG,37.27,37.810001,36.959999,37.799999,1301000,
PFMT,11.05,11.2,11.03,11.18,124600,
PFPT,20.08,20.799999,19.99,20.76,184800,
PFS,14.97,15.21,14.93,15.2,146900,
PFSI,21.389999,21.389999,20.959999,21,31900,
PFSW,4.15,4.26,4.13,4.21,19000,
PG,76.559998,76.970001,75.830002,76.82,11099900,
PGF,18.030001,18.129999,18.030001,18.1,582600,
PGH,5.24,5.3,5.18,5.22,1737200,
PGI,11.76,11.94,11.67,11.91,68200,
PGJ,20.870001,21.35,20.85,21.35,25300,
PGNX,3.64,3.92,3.56,3.9,271300,
PGR,25.719999,25.719999,24.190001,24.48,3413500,
PGTI,8.17,8.48,8.09,8.47,368800,
PGX,14.48,14.54,14.45,14.52,1503900,
PH,96.589996,97.279999,96,97.050003,1527500,
PHB,19.01,19.1,18.91,19.1,691800,
PHG,28.58,28.639999,28.219999,28.549999,1225600,
PHH,20.07,20.120001,19.75,20.09,1014800,
PHM,20.07,21.18,19.950001,21.1,10481500,
PHMD,16.99,17.030001,16.54,16.910001,20100,
PHO,22.27,22.5,22.24,22.5,70400,
PICO,22.07,22.360001,21.73,22.26,124600,
PID,16.83,16.93,16.76,16.93,213300,
PIE,19.15,19.25,18.99,19.25,533300,
PII,94.400002,95.410004,93.57,95.389999,840700,
PIKE,12.18,12.44,12.09,12.44,417600,
PIN,17.51,17.700001,17.49,17.700001,541000,
PIP,1.68,1.7,1.64,1.65,158400,
PIR,23.35,23.67,23.23,23.67,2018600,
PJC,33.650002,34.349998,33.5,34.34,85800,
PKD,4.26,4.29,4.15,4.27,1210900,
PKE,23.27,23.950001,23.27,23.940001,42600,
PKG,48.009998,49.02,47.990002,49.02,534500,
PKI,31.85,32.310001,31.74,32.310001,1231400,
PKT,14.03,14.49,13.87,14.47,423200,
PKX,71.330002,71.459999,70.889999,71.449997,161300,
PKY,16.99,17.469999,16.93,17.440001,1195700,
PL,37.48,38.4,37.19,38.4,363200,
PLAB,7.79,7.8,7.59,7.7,154100,
PLCE,53.299999,53.400002,52.360001,53.389999,162100,
PLCM,11.16,11.35,11.16,11.26,1268000,
PLD,38.799999,39.259998,38.200001,39.259998,2825700,
PLL,66.349998,66.669998,65.900002,66.57,923500,
PLOW,13.75,13.89,13.51,13.67,30900,
PLT,45.98,46.599998,45.790001,46.299999,179300,
PLTM,11.89,12.19,11.89,12.09,2600,
PLUG,0.36,0.37,0.34,0.37,2790700,
PLX,5.07,5.11,5.02,5.11,158000,
PLXS,29.389999,29.83,29.219999,29.74,255400,
PLXT,4.6,4.66,4.53,4.64,558600,
PM,90.150002,92,89.43,92,9930500,
PMC,15.15,15.39,15.04,15.21,171900,
PMCS,6.06,6.16,6.02,6.13,1346300,
PMFG,6.2,6.36,6.2,6.32,36400,
PMT,22.41,22.85,22.049999,22.440001,1021400,
PMTC,24.57,25.03,24.5,25.03,527900,
PMTI,13.43,13.47,13.35,13.45,63200,
PNC,69.650002,70.290001,69.150002,70.269997,2035500,
PNFP,25.120001,25.360001,24.9,25.34,74600,
PNG,20.38,20.61,19.95,20.55,181000,
PNK,18.74,19.26,18.709999,19.01,394700,
PNM,21.58,22.01,21.26,22.01,650600,
PNNT,10.95,11.07,10.87,11.02,411500,
PNR,57.049999,58.209999,56.959999,58.209999,1385800,
PNRA,187,189.320007,186.149994,189.309998,328900,
PNW,55.650002,56.380001,55.459999,56.380001,417600,
PNY,33.48,33.950001,33.349998,33.939999,220300,
PODD,30.049999,30.5,29.559999,30.280001,517800,
POL,24.43,25.02,24.27,24.73,513400,
POM,20.360001,20.530001,20.120001,20.530001,2937800,
POOL,50.52,52.450001,50.040001,52.439999,334900,
POR,30.639999,31.049999,30.540001,31.049999,569100,
POST,41.779999,42.939999,41.610001,42.880001,510400,
POT,41.240002,41.560001,40.98,41.52,2824000,
POWI,42.02,42.349998,41.32,41.619999,335300,
POWR,13.9,15.14,13.89,14.77,607400,
POZN,5.35,5.42,5.34,5.42,472800,
PPC,11.68,11.83,11.41,11.58,643300,
PPG,149.149994,151.580002,149.039993,151.270004,888200,
PPH,46.16,46.509998,45.889999,46.509998,279600,
PPHM,1.66,1.69,1.62,1.66,1537900,
PPL,29.120001,29.42,29.02,29.4,5191100,
PPO,37.939999,39.59,37.82,39.57,667200,
PPP,5.22,5.47,5.19,5.4,107900,
PPS,47.349998,47.740002,47,47.450001,434600,
PQ,4.71,4.81,4.68,4.72,64000,
PRA,50.150002,50.790001,49.849998,50.790001,246300,
PRAA,148.98,150.240005,146.850002,150.159988,218400,
PRCP,7.51,7.53,7.35,7.35,19600,
PRE,88.32,88.989998,87.650002,88.529999,626700,
PRFT,12.95,13.1,12.81,13.1,140200,
PRGO,113.860001,117.800003,113.760002,117.519997,1177700,
PRGS,22.85,23.17,22.799999,23.049999,289200,
PRI,35.330002,35.93,35.040001,35.91,253000,
PRIM,20.1,20.709999,20.040001,20.32,285500,
PRKR,4.27,4.4,4.19,4.23,50400,
PRLB,51.66,54.41,51.66,54.41,260700,
PRMW,1.55,1.7,1.55,1.64,150600,
PRSC,26.77,27.790001,26.77,27.67,187500,
PRSS,6.53,6.61,6.47,6.52,18600,
PRU,67.519997,69.07,67.129997,69.059998,3061400,
PRXL,44.709999,45.669998,44.18,45.66,579500,
PSA,150.960007,153.979996,149.960007,153.910004,570700,
PSB,74.169998,75.190002,73.470001,74.949997,118800,
PSDV,3.3,3.39,3.3,3.37,53500,
PSE,24.59,24.59,24.59,24.59,0,
PSEC,10.2,10.2,10.07,10.18,2278500,
PSEM,7.09,7.17,6.96,7.06,69200,
PSMI,10.55,11.05,10.55,11.04,236600,
PSMT,83.709999,85.169998,82.970001,85.139999,87000,
PSO,18.26,18.51,18.23,18.48,475000,
PSQ,22.75,22.959999,22.67,22.68,249200,
PST,27.91,28.02,27.5,27.82,64200,
PSTB,5.95,5.98,5.85,5.95,56100,
PSTI,3.04,3.07,2.96,2.99,119700,
PSUN,3.3,3.39,3.24,3.36,456900,
PSX,63.68,65.150002,63.349998,65,2637300,
PT,4.39,4.41,4.32,4.37,283200,
PTEN,21.139999,21.379999,20.75,20.93,1926400,
PTIE,2.42,2.55,2.4,2.53,256500,
PTM,17.24,17.370001,17.24,17.370001,2300,
PTP,56.67,57.38,56.38,57.34,186100,
PTR,115.129997,115.550003,113.919998,115.550003,116800,
PTRY,12.74,12.86,12.64,12.86,58600,
PUK,33.209999,33.439999,32.970001,33.419998,136700,
PVA,4.6,4.68,4.57,4.67,875700,
PVG,8.44,9.04,8.33,8.82,452200,
PVH,111.330002,112,110.120003,111.93,773900,
PVR,25.75,26.569,25.69,26.49,268700,
PVTB,19.09,19.32,18.950001,19.280001,316700,
PWE,10,10.27,9.98,10.19,2742000,
PWER,6.32,6.32,6.3,6.31,2173400,
PWR,26.889999,27.48,26.76,27.290001,3256700,
PWRD,15.2,15.94,15.05,15.87,825000,
PX,114.849998,115.860001,113.519997,114.160004,1500300,
PXD,137.660004,142.119995,137.440002,142.020004,1088400,
PZA,25.030001,25.110001,25,25.110001,327900,
PZE,4.24,4.31,4.1,4.26,83900,
PZG,1.43,1.46,1.39,1.42,672000,
PZO,128.570007,129.360001,127.93,128.009995,0,
PZZA,64.300003,65.309998,63.790001,65.300003,326600,
Q,42.709999,43.259998,42.68,43.23,531100,
QCOM,63.34,63.82,62.529999,62.970001,10775900,
QCOR,33.22,34.18,33,34.18,701400,
QDEL,25.110001,25.25,24.040001,24.610001,263400,
QEP,29.51,29.76,29.129999,29.67,1207000,
QGEN,18.950001,19.009999,18.480001,18.63,1377300,
QID,23.41,23.84,23.209999,23.219999,1816900,
QIHU,42.509998,44.349998,42.509998,44.349998,1681300,
QLD,66.779999,67.230003,65.519997,67.139999,5577800,
QLGC,9.95,10.13,9.83,10.06,1586400,
QLIK,29.48,29.780001,28.93,29.709999,975300,
QLTI,7.8,7.81,7.75,7.81,67600,
QLTY,9.74,9.75,9.41,9.58,125100,
QLYS,13.51,13.99,13.51,13.98,51700,
QNST,7.28,7.47,7.18,7.4,51700,
QQEW,30.040001,30.25,29.9,30.25,14600,
QQQ,72.150002,72.410004,71.470001,72.400002,62524100,
QRE,16.74,16.89,16.42,16.6,352200,
QSII,18.01,18.379999,17.969999,18.35,313300,
QTM,1.49,1.5,1.43,1.5,975200,
QTWW,0.61,0.63,0.61,0.63,55100,
QUAD,22.74,23.360001,22.48,23.24,227200,
QUIK,2.22,2.28,2.17,2.23,174800,
R,60.240002,61.200001,60.23,61.16,482000,
RAD,2.86,2.98,2.85,2.9,23157200,
RAI,47.439999,47.73,47.029999,47.73,3619000,
RAIL,17.530001,17.99,17.35,17.629999,93700,
RAS,7.41,7.65,7.41,7.64,645000,
RATE,14,14.09,13.6,13.91,273100,
RAVN,30.290001,30.440001,30.02,30.360001,54700,
RAX,34.599998,35.52,33.91,34.900002,2522500,
RBA,21.040001,21.129999,20.83,21.08,498100,
RBC,67.330002,67.699997,66.889999,67.360001,252200,
RBCAA,23.280001,23.33,23.01,23.190001,55500,
RBCN,8.25,8.43,8.1,8.22,417700,
RBS,10.02,10.05,9.8,10.01,1875100,
RBY,1.93,2,1.89,1.98,723000,
RCI,44.23,45.09,43.720001,44.900002,511100,
RCII,37.09,37.290001,36.639999,37.290001,384000,
RCL,33.389999,33.549999,33.029999,33.290001,2336500,
RDA,10.65,10.98,10.65,10.83,28100,
RDC,33.799999,34,33.25,33.529999,981500,
RDEN,46.139999,46.720001,45.790001,46.57,71200,
RDI,6.01,6.15,5.98,6.14,40400,
RDN,11.95,12.48,11.83,12.48,8620000,
RDNT,2.5,2.659,2.5,2.63,58968,
RDS.A,65.44,65.78,65.34,65.53,1857300,
RDS.B,67.77,68.05,67.58,67.94,606900,
RDWR,14.52,14.87,14.45,14.84,165200,
RDY,37.349998,37.970001,37.279999,37.959999,123700,
RE,126.32,127.690002,125.540001,127.690002,288800,
RECN,11.52,11.57,11.33,11.44,76300,
REDF,2.69,2.69,2.65,2.67,33300,
REE,1.94,1.94,1.83,1.9,308500,
REED,4.87,4.9,4.7,4.78,23700,
REFR,3.75,3.83,3.75,3.83,38700,
REG,50.099998,51.509998,49.869999,51.509998,524800,
REGI,13.11,13.52,13.11,13.23,757000,
REGN,230.229996,252.5,229.669998,252.169998,1388300,
RELL,12.04,12.1,11.93,12.02,13700,
REM,13.65,13.92,13.59,13.91,1194100,
REMX,10.58,10.7,10.54,10.7,7300,
REN,8.06,8.33,8.03,8.33,121400,
RENN,3.22,3.32,3.17,3.21,2832000,
RENT,23.200001,23.26,22.690001,23.01,19300,
RES,13.09,13.24,12.84,13.21,783100,
REV,19.719999,19.9,19.690001,19.82,45800,
REW,30.6,31.299999,30.6,30.76,1000,
REXI,9.56,9.71,9.37,9.46,15500,
REXX,16.950001,17.18,16.51,17.09,452600,
RF,8.87,9.04,8.83,9.03,15185500,
RFMD,5.23,5.28,5.115,5.2,3791500,
RFP,14.36,14.76,14.26,14.76,293600,
RGA,65.010002,65.82,64.489998,65.82,721900,
RGC,17.76,17.92,17.629999,17.799999,600200,
RGEN,7.84,8.11,7.7,8.11,278800,
RGLD,56.150002,56.880001,55.259998,55.849998,820600,
RGP,25.690001,26.15,25.540001,26.01,462100,
RGR,48.389999,48.66,47.52,47.889999,435700,
RGS,17.860001,18.02,17.74,18.02,209800,
RHI,33.169998,33.880001,33.080002,33.869999,696700,
RHP,33.59,34.459999,33.400002,34.299999,3671100,
RHT,45.77,46.060001,44.919998,45.48,5005800,
RIC,1.93,2.05,1.93,2.05,51900,
RICK,8.55,8.6,8.47,8.55,10200,
RIG,50.189999,50.75,49.860001,50.439999,2013300,
RIGL,3.62,3.65,3.47,3.52,1177600,
RIMG,8.03,8.03,7.58,8,12500,
RIO,42.77,43.41,42.48,43.380001,2902200,
RIOM,2.78,2.78,2.67,2.72,52100,
RJA,8.66,8.78,8.64,8.68,223400,
RJET,9.85,10.15,9.56,9.78,539100,
RJF,41.709999,42.650002,41.490002,42.650002,658400,
RJI,8.27,8.29,8.23,8.29,591100,
RJN,6.5,6.54,6.49,6.5,49400,
RKT,98.669998,99.739998,98.209999,99.730003,1488200,
RKUS,11.84,12.12,11.77,11.9,440000,
RL,173.139999,174.940002,172.559998,174.589996,394600,
RLD,14.5,14.96,14.39,14.96,500600,
RLGY,47.720001,48.669998,47.23,48.610001,2021700,
RLH,6.09,6.09,5.85,5.91,111300,
RLI,73.699997,75.080002,73.389999,75.07,109000,
RLJ,22.66,23.23,22.65,23.219999,561300,
RLOC,14.1,14.75,14.1,14.55,49300,
RMBS,8.02,8.14,7.9,8.03,684700,
RMD,46.490002,46.5,44.889999,45.540001,2713000,
RMTI,3.99,4.04,3.91,3.97,559400,
RNDY,7.44,7.58,7.43,7.49,148200,
RNF,30.82,31.35,30.809999,31.299999,133300,
RNO,13.59,13.96,13.59,13.86,21300,
RNR,84.419998,85.25,83.949997,84.879997,296800,
RNST,24.379999,24.52,23.870001,24.35,86800,
ROC,64.04,64.86,63.54,64.05,626036,
ROCK,15.67,15.95,15.36,15.8,136500,
ROCM,14.05,14.35,14.01,14.31,26200,
ROG,47.990002,48.200001,47.779999,48.200001,79800,
ROIC,14.07,14.33,14.03,14.33,423100,
ROK,85.660004,86.18,84.980003,85.400002,846100,
ROL,24.810001,24.87,24.559994,24.670006,264500,
ROLL,49.43,49.84,49,49.490002,71600,
ROM,80.879997,81.669998,79.059998,80.940002,108000,
ROP,121.919998,122.269997,120.720001,122.120003,403900,
ROSE,45.509998,46.639999,45.139999,45.889999,566800,
ROSG,3.75,3.94,3.75,3.89,390300,
ROST,64.099998,64.160004,62.73,63.66,3393200,
ROVI,25.360001,25.98,25.280001,25.73,628500,
ROYL,2.57,2.59,2.48,2.53,185100,
ROYT,18.299999,18.5,18.27,18.33,27300,
RP,17.700001,17.950001,17.4,17.610001,239500,
RPAI,14.81,15.27,14.81,15.26,699000,
RPM,31.940001,32.34,31.780001,32.34,419600,
RPRX,16.58,17,16.059999,16.76,335000,
RPTP,7.81,7.82,7.5,7.63,473200,
RPXC,15,15.34,14.86,15.33,399000,
RRC,73.25,74.239998,72.769997,74.220001,1089300,
RRD,12.5,12.66,12.27,12.28,1112200,
RRGB,55.619999,56.290001,55.5,55.919998,162400,
RRMS,35.25,38.580002,35.25,35.599998,31100,
RRTS,27.059999,27.15,26.690001,26.93,80600,
RS,63.68,64.790001,63.490002,64.779999,366900,
RSE,19.700001,20.32,19.48,20.309999,112800,
RSG,33.82,33.880001,33.349998,33.66,1395600,
RSH,32.025,32.025,32.025,32.025,0,
RSO,6.15,6.38,6.15,6.38,320200,
RSOL,2.77,2.92,2.55,2.64,1748200,
RSP,61.220001,61.799999,60.880001,61.799999,668700,
RST,15.72,15.85,15,15.03,1964700,
RSTI,26.040001,26.43,25.799999,26.23,101100,
RSX,25.030001,25.49,24.85,25.469999,4531200,
RSYS,5.05,5.05,4.96,5.04,26800,
RT,9.34,9.45,9.2,9.37,272200,
RTEC,12.43,12.6,12.42,12.57,418600,
RTH,51.25,51.73,51.16,51.73,27500,
RTI,28.76,28.99,28.26,28.790001,213500,
RTIX,4.3,4.45,4.25,4.45,195700,
RTK,2.21,2.24,2.14,2.22,161100,
RTN,65.519997,66.120003,65.059998,65.980003,1363800,
RUE,41.91,42,41.83,41.99,256500,
RUSHA,25.360001,25.950001,25.15,25.950001,64500,
RUSL,20.220404,21.360427,19.830397,21.360427,4000,
RUSS,22.200001,22.629999,20.9,20.91,20600,
RUT,968.210022,979.460022,963.880005,979.460022,35473800,
RUTH,10.78,11.35,10.47,11.31,285700,
RVBD,15.41,16.2293,15.41,16.04,5049600,
RVLT,3.5,3.73,3.45,3.49,53800,
RVM,1,1,0.95,0.95,142200,
RWM,20.84,20.969999,20.6,20.610001,434300,
RWO,42.849998,43.380001,42.59,43.380001,182400,
RWR,76.660004,77.989998,76.07,77.980003,562100,
RWT,18.610001,18.790001,18.370001,18.790001,891700,
RWX,40.48,40.950001,40.369999,40.950001,788600,
RXN,18.99,19.24,18.83,19.18,138100,
RY,58.23,58.740002,57.939999,58.220001,747800,
RYAAY,49.270001,49.579999,48.960002,49.330001,277500,
RYL,42.189999,43.080002,40.950001,43.080002,2293100,
RYN,54.299998,55.089993,53.990006,55.089993,1184600,
S,7.22,7.34,7.19,7.34,26864300,
SA,12.56,12.8,12.33,12.66,235900,
SAA,71.389999,72.580002,70.75,72.580002,4200,
SAAS,7.55,8.02,7.42,7.9,554500,
SABA,8.7,8.7,8.57,8.7,48100,
SAFM,68.989998,69.209999,68.07,68.720001,146500,
SAFT,51.599998,52,51.049999,51.619999,31800,
SAH,22.51,22.75,22.309999,22.629999,302900,
SAI,0.035,0.035,0.035,0.035,0,
SAIA,46.560001,47.350004,46.189994,47.040001,185200,
SAM,153.020004,153.960007,151.690002,153.039993,48000,
SAN,7.21,7.27,7.14,7.27,5348200,
SAND,7.83,8.12,7.83,8.04,264900,
SANM,13.53,13.92,13.52,13.9,677600,
SAP,75.839996,76.080002,74.959999,75.739998,1526700,
SAPE,12.61,12.84,12.53,12.84,740100,
SATS,39.240002,39.889999,38.98,39.299999,128800,
SAVE,30.120001,30.74,29.719999,30.639999,627100,
SB,5.02,5.04,4.97,5.01,91000,
SBAC,74.919998,76.18,74.639999,76.129997,1223700,
SBGI,23.879999,24.719999,23.879999,24.68,2200900,
SBGL,3.46,3.98,3.11,3.77,688700,
SBH,29.5,29.92,29.5,29.83,733000,
SBNY,76.18,76.720001,75.589996,76.709999,429300,
SBS,12.12,12.2,11.71,12.02,5424000,
SBSI,22.880003,23.090003,22.499997,22.769995,54200,
SBUX,62.349998,63.060001,62.32,63.02,8625400,
SBY,17.309999,17.59,17.25,17.48,941000,
SCCO,31.01,31.389999,30.790001,31.360001,1666300,
SCG,49.119999,49.650002,48.84,49.650002,701000,
SCHA,43.68,44.139999,43.459999,44.119999,162300,
SCHB,38.970001,39.330002,38.75,39.330002,383500,
SCHD,32.939999,33.130001,32.73,33.130001,311800,
SCHE,24.24,24.43,24.07,24.43,155700,
SCHF,27.860001,27.92,27.66,27.879999,303000,
SCHG,38.349998,38.709999,38.169998,38.700001,141000,
SCHH,32.220001,32.77,32.029999,32.77,117400,
SCHL,28.99,29.49,28.99,29.35,103400,
SCHM,31.870001,32.200001,31.74,32.200001,96400,
SCHN,24.209999,24.530001,23.950001,24.440001,173300,
SCHV,36.380001,36.740002,36.189999,36.740002,129100,
SCHW,19.040001,19.469999,18.99,19.459999,9388300,
SCHX,38.400002,38.73,38.16,38.720001,274600,
SCI,17.23,17.75,17.23,17.75,1204500,
SCIF,8.62,8.69,8.6,8.68,42100,
SCLN,4.84,5,4.82,4.99,130700,
SCMP,7.61,7.81,7.54,7.8,116700,
SCO,37.970001,38.060001,37.27,37.880001,2048000,
SCOK,1.52,1.58,1.41,1.5799,72973,
SCOR,20.99,21.48,20.870001,21.469999,216100,
SCR,16.535,16.535,16.535,16.535,0,
SCS,13.35,13.66,13.28,13.62,1241500,
SCSC,32.360001,33.029999,32.360001,33.029999,63200,
SCSS,21.58,21.93,21.15,21.57,796400,
SCTY,38.529999,39.59,36.41,38.099998,2006100,
SCVL,24.26,24.719999,23.969999,24.49,35300,
SCZ,43,43.34,42.799999,43.34,912100,
SD,5.03,5.07,4.85,4.94,7306800,
SDIV,21.73,21.950001,21.68,21.950001,313300,
SDLP,28.790001,28.790001,28.17,28.34,39800,
SDOW,43.490002,44.360001,42.68,42.68,597900,
SDR,13.75,13.8,13.33,13.39,191200,
SDRL,39.419998,39.66,39.130001,39.610001,2173600,
SDS,41.119999,41.599998,40.34,40.34,17503600,
SDT,14.7,14.7,14.21,14.24,204600,
SDY,66.599998,67.160004,66.309998,67.139999,1342800,
SE,29.809999,30.040001,29.620001,29.959999,4706200,
SEA,17.27,17.299999,17.18,17.25,18700,
SEAC,10.57,10.77,10.45,10.67,133400,
SEAS,36.470001,37.490002,36.349998,37.450001,253100,
SEE,23.57,23.870001,23.24,23.6,1953000,
SEED,1.45,1.5,1.45,1.48,35900,
SEF,24.02,24.120001,23.629999,23.629999,43600,
SEIC,29.59,29.84,29.24,29.77,1027400,
SEM,7.91,7.99,7.8,7.9,260100,
SEMG,51.360001,51.900002,50.91,51.860001,578600,
SEP,34.939999,36.349998,34.68,36.029999,232400,
SF,34.669998,35.419998,34.439999,35.18,375500,
SFC,94.110001,94.32,92.290001,92.949997,0,
SFD,33,33,32.82,32.88,11436521,
SFE,15.5,15.56,15.34,15.51,108500,
SFG,45.029999,45.919998,44.880001,45.900002,205700,
SFI,22100,22700,22100,22700,6700,
SFL,16.84,17,16.75,16.85,372500,
SFLY,47.830002,48.700001,47.450001,48.700001,477700,
SFUN,26.25,27,26.25,26.989999,1047000,
SFY,14.63,15.08,14.47,14.75,941400,
SGEN,32.349998,33.75,32.299999,33.75,603500,
SGG,58.5,58.970001,58.389999,58.970001,3500,
SGI,14.16,14.41,13.91,14.26,279200,
SGMO,7.73,7.84,7.58,7.84,264500,
SGMS,11.35,11.5,11.29,11.43,429800,
SGOL,138,140.300003,137.679993,139.139999,54000,
SGU,4.77,4.9,4.76,4.9,161800,
SGY,22.53,22.97,22.42,22.66,12100,
SGYP,4.700002,4.740004,4.569997,4.71,411300,
SH,29.67,29.84,29.379999,29.4,2760500,
SHEN,17.280001,17.5,16.67,17.42,117800,
SHFL,17.56,17.73,17.31,17.71,317700,
SHLD,47.509875,47.529875,46.279878,47.099876,1199900,
SHLM,27.51,27.889999,27.370001,27.719999,140700,
SHO,11.56,11.74,11.42,11.73,1127300,
SHOO,47.61,48.220007,47.430001,47.670001,339900,
SHOR,3.91,4.04,3.89,4.03,131000,
SHOS,54.459999,55.02,51.869999,52.5,221000,
SHPG,97.25,97.93,96.739998,97.919998,187000,
SHW,178.539993,181.580002,178.119995,181.490005,696800,
SHY,84.389999,84.410004,84.370003,84.389999,1572400,
SI,0.125,0.125,0.12,0.12,50000,
SIAL,82.68,82.790001,82.010002,82.779999,657800,
SID,3.01,3.05,2.96,3.04,5315900,
SIFY,1.9,1.92,1.9,1.92,10700,
SIG,66.82,67.639999,66.660004,67.639999,468700,
SIGA,3.32,3.36,3.25,3.36,198200,
SIGM,4.81,4.87,4.8,4.87,92800,
SIL,14.369985,14.649985,14.369985,14.629985,38800,
SIM,13.23,13.6,13.19,13.56,9500,
SIMG,5.93,6.0199,5.82,5.92,453100,
SIMO,11.16,11.38,11.1,11.34,303000,
SINA,56.799999,58.470001,56.650002,58.279999,1750300,
SIR,27.99,28.299999,27.389999,28.280001,163300,
SIRI,3.31,3.42,3.31,3.39,102799800,
SIRO,70.269997,70.760002,69.410004,69.68,499200,
SIVB,75.110001,76.199997,74.349998,76.089996,232800,
SIVR,22.27,22.639999,22.190001,22.440001,182700,
SIX,75.510002,76.050003,75.449997,75.900002,562600,
SJB,31.860001,31.860001,31.290001,31.389999,256800,
SJI,57.470001,58.48,57.380001,58.470001,206000,
SJM,103.800003,103.879997,96.75,98.379997,1910200,
SJR,22.09,22.200001,21.76,22.190001,387700,
SJT,15.74,15.88,15.61,15.7,67900,
SKF,23.799999,24.040001,23.059999,23.059999,157600,
SKH,7.06,7.17,6.74,6.76,233200,
SKM,20.440001,20.459999,20.309999,20.379999,2049900,
SKS,14.57,14.78,14.51,14.6,1662600,
SKT,34.650002,35.369999,34.389999,35.369999,592700,
SKUL,5.45,5.52,5.31,5.49,275700,
SKX,22.4,22.68,22.1,22.530001,1899900,
SKYW,13.1,13.36,12.8,13.19,452600,
SKYY,21.299999,21.35,21.059999,21.290001,53700,
SLAB,42.27,42.650002,41.82,42.5,175500,
SLB,72.120003,73.300003,71.800003,73.300003,7292900,
SLCA,19.690001,20.41,19.610001,20.299999,7560400,
SLF,28.610001,28.870001,28.42,28.77,450000,
SLG,85.459999,87.150002,85.18,87.099998,484800,
SLGN,46.27,46.77,46.209999,46.759998,185000,
SLH,53.880001,54.900002,53.450001,54.900002,140200,
SLM,23.469989,23.76999,23.350011,23.750012,9860200,
SLRC,22.620001,22.879999,22.6,22.82,295500,
SLT,35.94,35.94,35.94,35.94,0,
SLV,21.75,22.120001,21.65,21.93,10292800,
SLW,23.85,24.35,23.84,24.110001,3814800,
SLX,39.98,40.330002,39.709999,40.299999,51700,
SLXP,60.57,60.98,59.91,60.735,400700,
SM,61.299999,63.27,60.669998,62.119999,872500,
SMA,1.39,1.4,1.35,1.4,800,
SMFG,8.18,8.28,8.09,8.28,1893600,
SMG,45.259998,45.919998,45.169998,45.91,269900,
SMH,38.099998,38.330002,37.599998,37.950001,1908100,
SMLP,32.049999,33.029999,31.84,32.330002,72000,
SMN,49.209999,49.470001,48.349998,48.439999,39900,
SMP,34.150002,34.689999,33.950001,34.419998,205100,
SMRT,13.05,13.34,12.9,13.23,106900,
SMS,0.55,0.55,0.51,0.51,600,
SMSI,1.3,1.3,1.21,1.24,37400,
SMT,1.38,1.38,1.31,1.36,33700,
SMTC,35.459999,35.720001,35.25,35.720001,902200,
SN,21.450001,21.99,21.389999,21.889999,265600,
SNA,90.239998,91.110001,89.580002,90.730003,254900,
SNAK,7.5,7.56,7.42,7.53,50200,
SNCR,30.889999,31.08,30.43,31.01,168800,
SNDK,57.639999,58.52,57.380001,58.5,2902600,
SNE,18.85,19.030001,18.59,18.959999,4586500,
SNH,26.040001,27,25.98,27,2702800,
SNHY,31.43,31.780001,30.9,31.49,71600,
SNI,65.629997,65.75,64.849998,65.599998,596400,
SNP,100.45,101.05999,99.729987,100.610001,121100,
SNPS,36.029999,36.549999,35.91,36.549999,531500,
SNSS,4.94001,5.12001,4.89001,5.01001,68000,
SNTA,4.61,4.65,3.76,4.34,7450500,
SNTS,19000,19000,19000,19000,47500,
SNV,2.640053,2.680054,2.600052,2.640053,1687900,
SNX,42.130001,42.610001,41.439999,42.5,239000,
SNY,52.580002,53.189999,52.369999,52.990002,2655000,
SO,43.849998,44.540001,43.700001,44.43,6556700,
SODA,72.099998,76.040001,69.720001,71.239998,5844100,
SOHU,61.869999,63.830002,61.810001,63.43,575200,
SOL,1.9,1.97,1.81,1.97,1016200,
SON,34.310001,34.619999,34.209999,34.619999,221000,
SONC,13.43,13.52,13.22,13.4,288100,
SONS,3.18,3.38,3.18,3.37,811600,
SORL,2.63,2.65,2.61,2.61,2300,
SOX,466.17,468.5,460,464.66,0,
SOXL,46.310001,47.32,44.790001,46.02,774000,
SOXS,16.66,16.98,16.09,16.58,27300,
SOXX,63.279999,63.669998,62.580002,63.130001,76800,
SOYB,24.719999,24.77,24.52,24.75,12200,
SPAR,5.96,5.98,5.68,5.9,75100,
SPB,61.369999,61.970001,61.16,61.919998,144700,
SPF,8.34,8.89,8.25,8.82,6812400,
SPG,163.689992,166.729994,162.699982,166.559991,1303500,
SPH,45.490002,46.25,45.25,46.169998,187500,
SPIL,5.67,5.75,5.65,5.72,599000,
SPLK,42.099998,43.029999,41.779999,42.889999,937000,
SPLS,14.71,15.05,14.61,15.02,5081900,
SPLV,30.65,30.940001,30.530001,30.93,2118300,
SPN,26.5,26.98,26.18,26.76,1839600,
SPNC,18.5,18.709999,18.299999,18.67,114400,
SPP,1.8,2,1.79,1.86,3200,
SPPI,7.72,7.89,7.58,7.76,706900,
SPR,21.469999,21.709999,21.33,21.610001,1288400,
SPRD,19.27,19.78,19.03,19.63,755400,
SPRT,4.4,4.46,4.14,4.38,836700,
SPSC,54.209999,54.209999,52.049999,52.52,100100,
SPTN,18.860001,19.049999,18.18,18.43,43900,
SPU,2.18,2.18,2.11,2.14,3100,
SPW,76.139999,77.269997,75.809998,77.260002,282800,
SPWR,18.51,19.370001,18.4,19.370001,3680700,
SPX,1609.290039,1622.560059,1598.22998,1622.560059,3547380000,
SPXL,41.849998,43.060001,41.139999,43.060001,1719300,
SPXS,11.03,11.22,10.72,10.73,934000,
SPXU,24.84,25.27,24.129999,24.15,2158500,
SPY,161.199997,162.740005,160.25,162.729996,200225500,
SQI,21.299999,21.67,20.65,21.66,92700,
SQM,45.619998,45.619998,45.099995,45.38,502300,
SQNM,3.94,3.99,3.78,3.85,2091100,
SQQQ,28.26,29.07,27.950001,27.969999,1156500,
SRC,19.799996,20.190004,19.659994,20.160003,999800,
SRCL,107.360001,107.650002,106.57,107.57,440500,
SRDX,23.379999,23.66,22.940001,23.540001,68400,
SRE,79.07,80.059998,78.599998,80.050003,1708100,
SREV,8.12,8.17,7.85,8.13,470000,
SRI,10.95,11.15,10.82,11,250100,
SRPT,35.099998,36.650002,34.900002,36.470001,929700,
SRS,21.549999,21.639999,20.6,20.6,146200,
SRT,4.78,4.82,4.73,4.82,28300,
SRTY,20.790001,21.16,20.08,20.08,337900,
SSD,28.700001,29.08,28.52,28.91,143600,
SSG,27.7,28.5,27.5,27.95,700,
SSH,5.62,5.85,5.5,5.55,36200,
SSI,22.969999,23.27,22.559999,23.09,523400,
SSL,43.709999,44.41,43.66,44.41,175800,
SSN,0.47,0.48,0.47,0.47,16000,
SSNC,31.32,31.719999,30.68,31.700001,520200,
SSO,77.059998,78.5,76.150002,78.470001,24208200,
SSP,13.719996,13.770001,13.350002,13.519999,317000,
SSRI,7.9,8.01,7.74,8,716200,
SSS,64.550003,65.739998,64.510002,65.690002,115600,
SSW,22.42,22.889999,22.41,22.52,86500,
SSYS,77.5,79.690002,76.669998,79.589996,801200,
ST,34.73,35.099998,34.549999,35.099998,858000,
STAA,8.84,8.91,8.7,8.89,46700,
STAG,21.34,21.709999,20.76,21.67,344200,
STB,6.3,6.36,6.3,6.32,26100,
STBA,19.49,19.799999,19.41,19.790001,46700,
STBZ,15.48,15.6,15.32,15.52,52500,
STC,27.639999,27.879999,27.01,27.639999,177600,
STE,44.5,44.73,43.73,44.700001,222300,
STEC,3.42,3.44,3.31,3.35,615200,
STEI,13.04,13.04,13.02,13.03,1101800,
STEL,16.19,16.25,15.8,16.04,24800,
STFC,18.35,18.76,18.09,18.75,27400,
STI,31.5,31.9,31.35,31.879999,3635900,
STJ,42.470001,43.25,42.200001,43.25,1719900,
STKL,7.72,7.86,7.72,7.85,194900,
STLD,14.93,15.09,14.7,14.85,2922600,
STM,9.66,9.69,9.51,9.68,1643500,
STMP,37.150002,37.599998,36.639999,37.599998,101300,
STNG,8.86,8.9,8.4,8.79,1693200,
STO,22.530001,22.700001,22.41,22.700001,1383800,
STON,25.450001,25.639999,25.200001,25.57,73500,
STP,0.5,0.52,0.5,0.515,238400,
STR,23.84,24.139999,23.76,24.139999,845500,
STRA,53.59,54.34,53.240002,54.02,176900,
STRI,2.699973,2.749973,2.619974,2.649973,24300,
STRL,10.36,10.38,10.25,10.33,42700,
STRM,6.98,7.06,6.86,6.94,199500,
STRZA,21.6,22.219999,21.530001,21.889999,1097100,
STSA,21.9,22.08,21.61,21.8,337700,
STSI,1.42,1.53,1.4,1.53,1415800,
STT,64.790001,65.529999,64.230003,65.529999,2664900,
STV,1.62,1.62,1.58,1.61,114900,
STWD,24.930006,25.75,24.900004,25.740005,2233400,
STX,43.709999,44.119999,43.209999,44.119999,4185400,
STZ,52.189999,52.490002,50.740002,52.34,3234200,
SU,30.42,30.799999,30.219999,30.780001,4844100,
SUI,49.43,50.049999,48.98,50.02,115900,
SUNE,7.9,8.11,7.66,8.05,4315100,
SUP,18.219999,18.41,18.15,18.290001,80500,
SUPN,6.9,6.99,6.7,6.79,311000,
SUPX,21.99,22.34,21.84,22.28,19000,
SURG,3.25,3.26,3.11,3.24,29900,
SUSP,28.38,29.26,28.32,29.13,42100,
SUSQ,11.71,11.87,11.56,11.84,872300,
SUSS,47.12,48.2,47.1101,48.2,256800,
SUTR,1.88,1.91,1.88,1.91,40200,
SVA,3.93,3.93,3.68,3.9,294100,
SVM,3.09,3.18,3.09,3.13,638700,
SVN,17.5,17.5,17.5,17.5,0,
SVNT,0.9,0.91,0.73,0.77,2899500,
SVO,362.3028,368.3971,361.4949,368.3638,0,
SVU,6.25,6.33,6.1,6.26,4204500,
SVXY,82.75,84.559998,78.940002,84.510002,3537000,
SWC,12.11,12.44,12.03,12.41,1093500,
SWFT,16.290001,16.74,16.23,16.639999,1556100,
SWHC,9.05,9.21,9.03,9.21,897600,
SWI,40.720001,41.099998,40.169998,41.099998,410000,
SWIR,10.92,11.29,10.91,11.14,72300,
SWK,77.449997,78.599998,77.029999,78.43,867900,
SWKS,23.24,23.290001,21.9,22.66,6071500,
SWM,49,49.349998,48.650002,48.880001,227100,
SWN,37.540001,37.709999,36.419998,37.080002,3002800,
SWSH,0.96,1.04,0.95,1,63800,
SWX,47.560001,48.110001,47.34,48.099998,96900,
SWY,20.11,20.41,19.93,20.17,4178300,
SXC,15.32,15.49,15.12,15.34,581300,
SXCP,22.299999,22.639999,22.17,22.639999,20300,
SXE,21.950001,22.09,21.9,22.01,2100,
SXI,52.560001,52.740002,52.029999,52.689999,21500,
SXL,58.400002,60.73,57.75,60.720001,453400,
SXT,40.720001,40.889999,39.82,40.119999,219400,
SYA,14.09,14.46,14.04,14.44,700500,
SYK,65.790001,66.379997,65.589996,66.360001,1323200,
SYKE,15.36,15.81,15.36,15.71,146300,
SYMC,21.59,21.879999,21.41,21.85,9890900,
SYNA,42.689999,43.369999,42.349998,42.470001,847800,
SYNC,3.5,3.63,3.5,3.57,144900,
SYNT,62.549999,63.799999,62.09,63.75,219000,
SYRG,6.8,6.95,6.68,6.95,414400,
SYT,77.599998,78.82,77.580002,78.580002,178400,
SYX,9.47,9.53,9.4,9.46,10000,
SYY,33.380001,33.509998,33.139999,33.389999,4479400,
SZYM,11.6,11.87,10.86,11.19,800700,
T,35.209999,35.860001,35.099998,35.810001,23058700,
TA,10.54,10.95,10.5,10.9,241200,
TAHO,14.41,14.89,14.3,14.89,55000,
TAL,10.51,10.6,10.26,10.46,102700,
TAM,18.89,19.49,18.75,19.44,105600,
TAN,24.34,24.790001,24.08,24.77,171200,
TAO,21.049999,21.25,20.98,21.25,79900,
TAOM,3.78,3.85,3.73,3.84,65500,
TAP,49.880001,50.049999,48.98,49.529999,1255400,
TASR,9.22,9.41,9.15,9.4,398000,
TAST,5.71,5.79,5.62,5.79,89600,
TAT,0.8,0.81,0.78,0.81,23500,
TAXI,14.41,14.8,14.34,14.7,73200,
TAYC,16.4,16.69,16.27,16.56,99100,
TBBK,14.53,14.8,14.25,14.62,83300,
TBF,30.290001,30.389999,29.77,30.17,783200,
TBI,22.219999,22.66,22.02,22.65,293200,
TBT,67.279999,67.830002,65.040001,66.910004,5146800,
TC,3.52,3.66,3.51,3.61,2115000,
TCAP,28.42,28.870001,28.26,28.799999,195300,
TCB,13.85,14.13,13.82,14.11,957600,
TCBI,43.130001,44.029999,42.889999,44,319900,
TCK,26.120001,26.389999,25.870001,26.09,2348500,
TCL,18800,19000,18800,19000,14100,
TCO,79.07,81.029999,78.610001,81.019997,525600,
TCP,42.439999,43.25,42.310001,43.189999,252600,
TCRD,14.95,15.27,14.91,15.14,263900,
TD,79.68,80.050003,79.269997,79.75,1200400,
TDC,54.84,55.529999,54.740002,55.209999,883900,
TDG,147.679993,150.729996,146.710007,150.720001,430800,
TDIV,22.35,22.370001,22.1,22.34,137500,
TDS,22.58,22.700001,22.42,22.6,563700,
TDW,54.990002,56.720001,54.75,56.709999,770600,
TDY,74.639999,74.93,74.18,74.690002,170200,
TE,17.27,17.5,17.26,17.469999,3120400,
TEAR,12.600001,12.97,11.86,11.99,123700,
TECD,49.200001,49.740002,48.779999,49.52,95800,
TECH,64.879997,66.019997,64.739998,66.019997,164600,
TECL,61.119999,61.68,59.419998,61.650002,313600,
TECS,34.259998,35.139999,33.919998,33.990002,10900,
TECUA,9.3,10.98,9.3,10.3,172500,
TEF,13.67,13.76,13.53,13.7,1050500,
TEG,56,56.759998,55.720001,56.759998,308800,
TEL,44.490002,44.669998,43.880001,44.450001,1474600,
TEN,43.75,44.02,43.41,43.880001,502600,
TEO,15.61,15.61,15.13,15.38,114300,
TEP,20.799999,21.200001,20.799999,21.09,203900,
TER,17.639999,17.73,17.209999,17.43,2818500,
TESO,12.67,12.87,12.56,12.86,99200,
TEU,4.02,4.1,4.02,4.04,61700,
TEVA,38.23,38.880001,38.049999,38.849998,5420500,
TEX,32.25,32.73,31.549999,32.5,2840500,
TFM,50.450001,50.779999,49.990002,50.240002,546900,
TFSL,10.92,11.03,10.83,11.02,153100,
TFX,76.699997,77.379997,76.010002,77.379997,179000,
TG,24.18,25.15,24.139999,25.15,76100,
TGA,7.16,7.28,7.08,7.13,79700,
TGB,2.16,2.19,2.11,2.11,73200,
TGH,37.150002,37.77,36.75,37.080002,166400,
TGI,77.309998,79.080002,76.849998,79.080002,359100,
TGP,41.119999,41.73,40.599998,41.119999,313900,
TGT,70.260002,70.269997,69.559998,70.260002,5559900,
THC,44.630001,45.759998,44.5,45.759998,1685500,
THG,47.830002,48.169998,47.549999,47.900002,561600,
THI,52.34,53,52,52.82,510900,
THLD,5.67,5.75,5.47,5.67,333800,
THM,0.89,0.93,0.87,0.91,289100,
THO,41.049999,41.689999,41.029999,41.240002,363400,
THOR,30.219999,30.690001,30.059999,30.690001,410300,
THRM,18,18.139999,17.65,17.780001,282700,
THRX,33.229999,34.460002,33.150003,34.339998,2041800,
THS,65.290001,65.730003,64.699997,65.660004,105000,
TI,7.59,7.64,7.48,7.55,141000,
TIBX,20.82,20.9,20.51,20.69,1931600,
TICC,9.67,9.83,9.66,9.81,466800,
TIF,77.639999,77.949997,76.739998,77.900002,727300,
TILE,16.540001,16.75,16.379999,16.75,272400,
TINY,3.57,3.62,3.54,3.6,59700,
TIP,115.690002,116.349998,115.610001,116.120003,1286700,
TISI,36.279999,36.639999,36.009998,36.599998,66700,
TITN,20.6,21.23,20.370001,20.74,775100,
TIVO,25.360001,25.98,25.280001,25.73,628500,
TJX,49.93,50.099998,49.459999,49.919998,4416100,
TK,38.68,39.099998,38.419998,38.610001,397300,
TKC,13.58,14.07,13.51,14.03,639800,
TKR,55.549997,56.639996,55.520005,56.639996,751900,
TLAB,2.03,2.07,2.03,2.06,1380300,
TLH,130.970001,132.190002,130.619995,131.119995,49600,
TLK,44.790001,44.860001,44.5,44.860001,149600,
TLLP,57.23,58.849998,56.549999,58.619999,274900,
TLM,11.38,11.54,11.3,11.5,2040900,
TLP,41.5,42.549999,41.279999,41.889999,72500,
TLT,114.879997,116.790001,114.410004,115.220001,8925200,
TLYS,16.030001,16.25,15.91,16.23,53800,
TM,113.519997,114.5,112.279999,114.480003,695700,
TMF,61.57,64.43,60.779999,61.939999,652800,
TMH,38.279999,38.630001,38.009998,38.439999,413400,
TMHC,23.65,25.15,23.389999,24.98,916400,
TMK,62.770002,63.959999,62.509993,63.959999,789300,
TMO,85.660004,87.169998,85.040001,86.949997,3828100,
TMUS,20.360001,20.790001,20.309999,20.66,3957800,
TMV,58.18,58.900002,55.48,57.790001,653800,
TNA,46.450001,48.02,45.560001,48.02,13695300,
TNAV,5.1,5.16,5.09,5.12,67300,
TNC,50.48,50.91,50.32,50.540001,96500,
TNGO,14.5,14.82,14.35,14.82,308400,
TNK,2.68,2.71,2.63,2.7,299500,
TNP,4.75,4.76,4.61,4.7,170400,
TOL,32.380001,33.98,32.110001,33.830002,6010900,
TOO,31.67,32.5,31.67,32.110001,105600,
TOT,49.59,49.990002,49.41,49.98,874000,
TPC,17.58,17.879999,17.290001,17.35,222400,
TPH,16.43,16.5,15.79,16.17,420100,
TPLM,5.74,6,5.73,5.99,537400,
TPX,41.77,43.560001,41.740002,43.34,1632000,
TQNT,6.97,7.04,6.76,7.01,2488700,
TQQQ,68.949997,69.660004,67,69.599998,7956000,
TR,31.540094,31.710093,31.210089,31.68009,54100,
TRAK,32.02,32.439999,31.75,32.41,163100,
TRC,29.950005,30.370003,29.910001,30.309998,42100,
TREX,52.040001,53.240002,51.119999,53.130001,177800,
TRGP,63.060001,64.580002,62.740002,64.349998,205700,
TRGT,5.17,5.3,5.07,5.27,802900,
TRI,33.52,33.540001,33.130001,33.419998,1290200,
TRIB,17.030001,17.32,16.969999,17.280001,45900,
TRIP,61.709999,62.029999,60.73,62.029999,1486300,
TRLA,29.45,30.14,28.57,29.8,651600,
TRLG,31.65,31.73,31.55,31.63,309600,
TRMB,26.530001,26.799999,26.299999,26.67,1542900,
TRMK,24.74,25,24.450001,24.83,294500,
TRN,38.220001,39.32,38.150002,39.07,2445400,
TRNX,15.59,15.85,15.28,15.53,168000,
TROW,73.080002,73.989998,72.510002,73.989998,1100000,
TROX,20.969999,21.42,20.629999,21.08,535000,
TRP,44.619999,45.07,44.27,44.84,745200,
TRQ,6.649997,6.709998,6.610001,6.670001,1575400,
TRS,31.97,32.970002,31.809999,32.939999,386800,
TRV,81.860001,81.949997,80.629997,81.739998,2763500,
TRW,61.95,62.48,61.14,62.13,676100,
TRX,3.27,3.38,3.22,3.36,278800,
TS,41.919998,42.220001,41.470001,42.110001,1190300,
TSCO,109.730003,112.139999,109.260002,112.129997,594200,
TSL,5.7,5.84,5.46,5.76,2636600,
TSLA,95.25,99.269997,95.110001,97.349998,9510900,
TSM,18.65,18.74,18.5,18.6,6501100,
TSN,24.700001,24.879999,24.51,24.809999,2537500,
TSO,57.549999,58.970001,56.939999,58.860001,3241400,
TSPT,3.04,3.04,2.9,3,160800,
TSRA,20.67,20.91,20.16,20.41,316600,
TSRX,7.88,8.12,7.83,8.1,1256400,
TSS,23.190001,23.34,22.99,23.17,1380500,
TSU,18.82,19.049999,18.799999,19.02,466000,
TSYS,2.27,2.32,2.22,2.3,105100,
TTC,45.5,46.470001,45.34,46.439999,441000,
TTEC,23.32,23.66,23.200001,23.65,146700,
TTEK,26.889999,27,26.389999,26.85,337500,
TTI,10.66,10.89,10.53,10.78,622800,
TTM,26.9,27.290001,26.809999,27.280001,875100,
TTMI,8,8.06,7.84,8.03,226900,
TTS,25.540001,27.200001,25.25,27.120001,773500,
TTT,18.809999,18.99,17.879999,18.629999,45700,
TTWO,15.92,16.1,15.75,16.08,1258700,
TU,33.68,34.130001,33.130001,34.049999,94800,
TUES,8.89,9,8.67,8.97,151000,
TUMI,23.559999,24.26,23.440001,24.26,227400,
TUP,80.150002,81.75,79.889999,81.75,364300,
TV,24.120001,24.190001,23.77,24.129999,2366200,
TVL,2.95,3.1,2.95,3.1,3700,
TW,74.589996,75.959999,74.540001,75.949997,225500,
TWC,93.099998,94.660004,93.099998,94.660004,1592800,
TWER,2.4,2.46,2.34,2.43,9000,
TWGP,19.29,19.62,19.29,19.5,273100,
TWI,22.530001,22.790001,22,22.190001,660300,
TWIN,25.35,25.35,24.08,24.450001,27500,
TWM,18.5,18.719999,18.07,18.07,948600,
TWO,10.97,11.12,10.85,11.01,11228500,
TWTC,27.88,28.45,27.88,28.44,1069700,
TWX,56.790005,57.509996,56.300001,57.48,4887800,
TX,23.85,23.99,23.34,23.76,105500,
TXCC,0.48,0.51,0.47,0.49,202700,
TXI,65.27,67.16,64.82,67.13,205800,
TXN,35.830002,36.07,35.209999,35.669998,6104900,
TXRH,23.59,23.950001,23.549999,23.85,773700,
TXT,25.75,26.469999,25.67,26.469999,2068300,
TYC,33.279999,33.559999,33.09,33.559999,2256500,
TYD,41.540001,42.009998,41.540001,41.59,5000,
TYL,69.110001,69.599998,68.5,69.349998,175400,
TYO,23.219999,23.290001,22.74,23.110001,25100,
TYPE,22.92,23.57,22.83,23.51,124300,
TZA,33.18,33.779999,32.009998,32.009998,4852700,
TZOO,27.719999,28,27.290001,27.58,43200,
UA,59.490002,59.599998,58.720001,59.450001,8833600,
UAL,31.209999,31.459999,29.67,30.67,7387500,
UAM,9.12,9.25,9.08,9.24,59600,
UAN,24.25,24.559999,24.25,24.26,207000,
UBA,20.76,21.110001,20.610001,21.1,67500,
UBNT,15.23,15.97,15.14,15.93,869600,
UBS,17.56,17.75,17.46,17.74,1953500,
UBSI,25.49,25.75,25.17,25.709999,215500,
UBT,63.220001,65.160004,63,63.580002,64400,
UCO,29.2,29.720002,29.129999,29.270002,480100,
UCTT,5.57,5.65,5.53,5.65,97300,
UDN,26.34,26.73,26.33,26.6,141600,
UDOW,82.470001,83.879997,80.760002,83.82,830800,
UDR,24.35,24.6,24.120001,24.59,1545600,
UEC,2.18,2.2,2.05,2.12,582400,
UEPS,7.12,7.15,7.05,7.13,26600,
UFCS,27.77,28.690001,27.77,28.559999,39700,
UFI,20.26,20.65,20.07,20.360001,60900,
UFPI,39.59,39.59,38.82,39.5,65900,
UFS,69.279999,70.529999,69.120003,70.510002,720600,
UGA,56.5,56.82,56.490002,56.759998,22100,
UGI,37.639996,38.209994,37.579994,38.200004,914900,
UGL,58.02,59.900002,57.709999,58.93,105700,
UGP,24.969999,25.26,24.780001,25.09,254800,
UHAL,177,182.770004,167.039993,172.360001,56400,
UHS,67.940002,68.940002,67.68,68.82,409600,
UIL,38.59,39.080002,38.470001,39.060001,177000,
UIS,19.91,20.26,19.73,20.16,533700,
UL,41.509998,41.669998,41.240002,41.59,863200,
ULE,24,24.52,24,24.34,3800,
ULTA,86.269997,86.910004,85.830002,86.889999,554400,
ULTI,110.82,113.82,110.660004,113.779999,245100,
UMBF,52.66,53.169998,51.619999,52.48,134300,
UMC,2.18,2.2,2.17,2.19,371200,
UMDD,121.129997,125.650002,121,125.550003,156000,
UMPQ,14,14.25,13.99,14.15,1700100,
UN,40.5,40.619999,40.18,40.509998,1496300,
UNFI,51.23,51.849998,50.880001,51.830002,425800,
UNG,20.969999,21,20.4,20.59,9286100,
UNH,61.75,61.919998,60.950001,61.919998,4711400,
UNIS,3.78,3.78,3.4,3.51,107600,
UNL,18.73,18.73,18.32,18.4,27800,
UNM,27.530001,28.07,27.309999,28.07,2284600,
UNP,151.479996,154.509995,151.229996,154.5,3438800,
UNS,45.91,46.6,45.84,46.59,153500,
UNT,44.919998,45.400002,44.639999,44.919998,132200,
UNTD,6.810024,6.910022,6.730026,6.800025,682800,
UNXL,16.360001,17.299999,16.26,16.92,1252000,
UPI,2.31,2.41,2.25,2.28,32700,
UPL,22.049999,22.33,21.540001,21.940001,3022800,
UPRO,126.43,129.970001,124.139999,129.889999,8294000,
UPS,84.709999,85.050003,84.199997,84.760002,3918000,
UQM,0.92,0.96,0.89,0.9,115500,
URA,18.200001,18.469999,18.200001,18.42,24600,
URBN,41.5,41.77,40.57,41.77,1856200,
URE,75.309998,78.400002,74.769997,78.349998,227900,
URI,51.189999,51.259998,49.119999,50.720001,5113300,
URRE,2.649999,2.689999,2.459999,2.579999,18300,
URS,46.68,47.06,46.49,47.06,450900,
URTY,104.260002,107.690002,102.260002,107.690002,458800,
URZ,1.31,1.33,1.3,1.31,201800,
USAC,20.66,20.940001,20.52,20.719999,55900,
USB,34.84,35.450001,34.799999,35.380001,10148200,
USD,42.290001,42.75,41.07,41.860001,15400,
USEG,1.910004,1.920004,1.850004,1.900004,12200,
USG,24.200001,24.9,23.82,24.809999,1782500,
USL,39.720001,40.139999,39.43,39.869999,7400,
USM,40.41,40.450001,40.009998,40.41,233300,
USMO,13.63,13.8,13.53,13.8,73300,
USNA,64.720001,67.129997,64.489998,66.959999,50000,
USO,33.549999,33.860001,33.52,33.619999,5936200,
UST,55.189999,56.02,55.07,55.389999,104000,
USTR,33.61,33.8,33.15,33.58,158800,
USU,0.35,0.35,0.33,0.33,12500,
UTEK,36.07,36.32,35.639999,36.27,169700,
UTHR,63.48,64.889999,63.25,64.839996,587400,
UTI,11.72,11.77,11.39,11.52,46700,
UTIW,14.98,15.62,14.9,15.21,791600,
UTSI,2.76,2.82,2.76,2.78,16900,
UTX,92.910004,93.139999,91.839996,92.75,4648400,
UUP,22.34,22.35,22,22.129999,2643100,
UVE,6.89,7.08,6.88,6.99,355600,
UVV,57.91,59.41,57.91,59.25,204500,
UVXY,7.15,7.82,6.86,6.88,8300,
UWM,59.220001,60.540001,58.459999,60.540001,1311900,
UXI,70.080002,70.82,69.83,70.82,9600,
UYG,91.5,94.57,90.739998,94.5,723000,
UYM,37.860001,38.360001,37.5,38.330002,68300,
V,176.690002,179.419998,176.399994,179.350006,14664800,
VAC,42.669998,43.07,42.169998,42.66,234900,
VAL,68.75,69.550003,68.559998,69.550003,618800,
VALE,14.49,14.74,14.34,14.7,13834100,
VALE.P,13.6,13.92,13.51,13.92,5470400,
VAR,67.839996,68.190002,66.93,68.18,621400,
VASC,15.3,15.37,15.1,15.33,27900,
VAW,88.889999,89.43,88.5,89.43,60400,
VB,92.739998,93.800003,92.349998,93.800003,183000,
VBK,101.589996,102.849998,101.139999,102.849998,196600,
VBR,83.07,83.889999,82.699997,83.889999,215300,
VC,63.330002,63.330002,61.970001,62.619999,534200,
VCBI,13.49,13.51,13.24,13.49,45900,
VCI,25.4,25.96,25.31,25.82,632100,
VCIT,85.690002,85.919998,85.290001,85.839996,558100,
VCLK,24.55,24.95,24.4,24.9,1124800,
VCLT,87,87.900002,86.510002,87.360001,979600,
VCR,88.82,89.860001,88.639999,89.860001,69200,
VCRA,14.38,14.67,14.3,14.67,135500,
VDC,101.849998,102.339996,101.150002,102.339996,109600,
VDE,113.660004,114.540001,112.849998,114.540001,91800,
VDSI,8.25,8.42,8.21,8.4,58900,
VE,12.44,12.49,12.24,12.38,174800,
VEA,36.669998,36.919998,36.509998,36.889999,3508800,
VECO,39.799999,39.990002,38.779999,39.610001,503500,
VELT,1.85,1.92,1.78,1.81,1279900,
VEU,45.869999,46.18,45.689999,46.18,750800,
VFC,183.360001,184.869995,182.139999,184.770004,1819600,
VFH,39.619999,40.310001,39.48,40.299999,469900,
VG,2.69,2.72,2.66,2.72,3016700,
VGK,51.060001,51.310001,50.759998,51.310001,3161900,
VGR,16.180042,16.340049,16.160055,16.330049,358200,
VGT,75.870003,75.870003,74.720001,75.669998,252300,
VGZ,1.45,1.5,1.38,1.5,411700,
VHC,23.24,23.82,23.059999,23.719999,620900,
VHS,13.14,13.4,12.8,13.06,228100,
VHT,85.470001,86.620003,85.07,86.620003,162800,
VIAB,66.120003,66.489998,65.290001,66.32,2455400,
VICL,3.07,3.15,2.98,3.05,128400,
VICR,5.53,5.58,5.48,5.5,78300,
VIG,66.860001,67.209999,66.43,67.209999,4521000,
VIIX,11,11.5,10.77,10.77,83700,
VIP,9.79,9.82,9.56,9.65,1679300,
VIPS,28.599999,29.77,28.599999,29.460001,1648000,
VIS,81.279999,81.760002,80.870003,81.760002,37400,
VIV,25.129999,25.440001,24.790001,25.440001,1084800,
VIVO,21.049999,21.379999,20.84,21.16,129400,
VIX,17.700001,18.51,16.6,16.629999,0,
VIXM,26.780001,27.200001,26.450001,26.450001,52200,
VIXY,10.98,11.48,10.75,10.76,116100,
VLCCF,6.85,7.03,6.81,6.89,151600,
VLO,38.59,39.450001,38.310001,39.27,5155100,
VLTR,14.17,14.3,13.76,14,144900,
VLY,9.09,9.18,9.06,9.16,767600,
VMC,50.84,51.720001,50.189999,51.709999,811900,
VMED,49.52,49.66,48.92,49.64,3922100,
VMI,143.880005,145.990005,143.580002,145.990005,103500,
VMW,69.25,71.849998,68.510002,71.830002,5968000,
VNDA,10.07,10.25,8.76,9.05,2149400,
VNET,9.75,9.97,9.62,9.81,210000,
VNO,79.169993,80.609989,78.550004,80.609989,989600,
VNQ,69.660004,70.809998,69.150002,70.730003,5111000,
VNQI,54.18,54.400002,53.689999,54.360001,155400,
VNR,27.68,27.959999,27.68,27.74,566500,
VNTV,26.219999,26.559999,25.719999,26.549999,1083000,
VO,94.379997,95.330002,93.870003,95.32,171500,
VOC,13.22,13.23,13.06,13.19,26100,
VOCS,9.34,9.44,8.99,9.07,458800,
VOD,29.329997,29.450002,29.180001,29.450002,6884300,
VOE,68.150002,68.870003,67.870003,68.870003,112100,
VOLC,18.7,18.75,18.26,18.54,1012800,
VOO,73.830002,74.489998,73.379997,74.43,1172500,
VOT,77.419998,78.290001,77.139999,78.290001,69700,
VOX,76.550003,78.230003,76.550003,78.160004,53800,
VOXX,11.08,11.12,10.77,11.03,148100,
VOYA,26.52,27.17,26.450001,27.09,1224600,
VPFG,18.68,18.8,18.68,18.75,249000,
VPG,15.21,15.49,15.04,15.28,22600,
VPHM,26.66,27.15,26.22,27.15,510200,
VPL,55.049999,55.52,54.66,55.5,666200,
VPRT,45.99,47.46,45.94,47.23,349600,
VPU,81.150002,82.25,81.150002,82.25,449100,
VR,36,36.43,35.77,36.419998,1208500,
VRA,20.1,20.879999,19.5,20.700001,6174200,
VRML,2.98,2.99,2.67,2.68,552800,
VRNG,3.01,3.12,3,3.04,99400,
VRNM,2.24,2.38,2.21,2.38,9300,
VRNT,34.049999,35.25,33.959999,35.220001,726300,
VRS,1.11,1.12,1.11,1.12,5300,
VRSK,57.869999,58.599998,57.84,58.599998,626000,
VRSN,45.380001,45.650002,44.779999,45.459999,1666700,
VRTU,23.370001,23.870001,23.209999,23.629999,65600,
VRTX,77.300003,79.150002,77.099998,78.019997,1564200,
VRX,84,85.029999,83.620003,84.870003,1100200,
VSAT,68.089996,69.669998,68.089996,69.650002,290600,
VSH,14.31,14.37,14.02,14.25,1012700,
VSI,44.599998,44.98,44.130001,44.880001,547900,
VSS,93.080002,93.559998,92.790001,93.480003,38000,
VT,52.669998,53.049999,52.419998,53.049999,214300,
VTI,82.989998,83.800003,82.529999,83.790001,2633900,
VTR,69.559998,71.349998,69.190002,71.290001,1396700,
VTSS,2.16,2.24,2.1593,2.24,24200,
VTUS,2.43,2.51,2.39,2.51,85600,
VTV,67.860001,68.540001,67.480003,68.540001,745600,
VUG,78.779999,79.410004,78.239998,79.389999,674500,
VV,73.68,74.419998,73.279999,74.389999,795400,
VVC,33.400002,33.799999,33.330002,33.779999,199700,
VVI,25.219999,25.879999,25.219999,25.85,99900,
VVTV,4.61,4.95,4.61,4.93,233500,
VVUS,14.13,14.15,13.65,14.1,1016400,
VWO,40.799999,41.290001,40.720001,41.290001,18915000,
VXEEM,25.14,26.15,24.5,24.83,0,
VXEWZ,28.46,28.77,27.83,27.92,0,
VXF,69.190002,69.940002,68.910004,69.879997,294900,
VXUS,47.48,47.73,47.200001,47.73,222900,
VXX,20.35,21.280001,19.92,19.940001,4937900,
VXZ,21.809999,22.190001,21.530001,21.549999,141300,
VYM,56.549999,57.040001,56.220001,57.040001,965100,
VZ,48.299999,50.09,48.150002,49.970001,17669600,
WAB,108.540001,109.5,108.190002,109.480003,429600,
WABC,44.779999,45.099998,44.450001,45.099998,116500,
WAC,35.709999,36.439999,35.099998,36.25,696500,
WAFD,16.959999,17.17,16.889999,17.15,589700,
WAG,48.64,48.97,47.64,48.24,7275217,
WAGE,27.65,28.889999,27.65,28.82,150800,
WAIR,17.870001,18.15,17.85,18.09,259800,
WAL,14.15,14.29,13.64,14.24,277900,
WAT,96.190002,97.330002,95.919998,97.330002,348900,
WBC,73.669998,74.739998,73.279999,74.739998,553200,
WBMD,29.309999,29.450001,28.5,28.92,282500,
WBS,23.23,23.59,23.059999,23.58,652600,
WBSN,24.71,24.79,24.69,24.7,220500,
WCC,71.139999,71.699997,70.32,71.129997,563700,
WCG,51.009998,51.619999,50.869999,51.610001,319400,
WCN,39.439999,39.580002,38.990002,39.349998,375400,
WCRX,18.81,19.14,18.71,19.13,5024700,
WD,18.35,18.389999,18.07,18.24,68000,
WDAY,61.66,63.59,61.549999,63.5,745600,
WDC,63,63.889999,62.470001,63.860001,1747100,
WDFC,55.549999,55.959999,55.349998,55.959999,28100,
WDR,44.279999,45.630001,44.23,45.619999,642300,
WEAT,18.91,18.91,18.43,18.68,35300,
WEC,40.380001,40.959999,40.369999,40.959999,960900,
WEN,5.6,5.75,5.58,5.72,6051000,
WERN,23.99,24.41,23.940001,24.35,551600,
WES,57.57,58.139999,56.830002,58.099998,193000,
WETF,11.81,12.2,11.68,11.89,3198300,
WEX,73.75,74.410004,73.510002,74.410004,174300,
WFC,39.700001,40.759998,39.599998,40.720001,24721900,
WFM,50.66,50.889999,49.950001,50.880001,3405200,
WFT,13.6,14.22,13.52,13.9,11590700,
WG,6.42,6.72,6.42,6.71,255800,
WGL,43.029999,43.349998,42.720001,43.299999,156400,
WGO,20.030001,20.209999,19.33,20.07,374200,
WHR,119.540001,123.099998,118.739998,122.879997,578800,
WHX,2.33,2.33,2.33,2.33,0,
WHZ,13.36,13.43,13.25,13.42,75100,
WIBC,6.5,6.63,6.41,6.63,213300,
WIFI,7.12,7.22,6.66,6.8,202200,
WILN,4.03,4.06,4.01,4.03,9200,
WIN,7.9,8.03,7.84,7.89,12258631,
WIRE,34.009998,34.209999,33.220001,33.66,55800,
WIT,7.58,7.61,7.46,7.5,383800,
WLB,12.09,12.15,11.83,12.05,16300,
WLH,23.57,24.280001,23.534201,24.120001,172600,
WLK,91.660004,93.489998,90.769997,93.309998,789800,
WLL,45.529999,46.32,45.049999,46.16,1337800,
WLP,75.43,76.44,75.02,76.44,1230400,
WLT,16.280001,16.57,15.87,16.34,6182200,
WM,40.900002,41.09,40.040001,40.59,2935600,
WMAR,11.35,11.41,11.16,11.38,38200,
WMB,34.060001,34.869999,34,34.849998,8889800,
WMC,18.33,18.629999,18.25,18.610001,544500,
WMGI,15.59,15.85,15.28,15.53,168000,
WMS,25.37,25.41,25.31,25.33,2499600,
WMT,75.269997,75.739998,74.839996,75.629997,9425100,
WNC,9.88,10.08,9.78,10.07,802100,
WNR,31.25,32.23,31.07,32,1260700,
WOOF,26.379999,26.68,26.110001,26.25,935400,
WOR,33.330002,33.919998,33.080002,33.91,439200,
WPC,64.720001,66.370003,64.510002,66.139999,328100,
WPP,11.52,11.73,11.45,11.73,194800,
WPPGY,84.809998,85.760002,84.669998,85.730003,44200,
WPRT,29.379999,30.17,29.379999,30.040001,478900,
WPX,19.25,19.549999,18.57,18.879999,4528800,
WPZ,42.619999,43.9,42.470003,43.349999,173500,
WR,30.780001,31.18,30.709999,31.18,646400,
WRB,40.439999,41.240002,40.310001,41,1783700,
WRE,27.09,27.280001,26.67,27.24,522300,
WRES,2.85,2.91,2.83,2.89,188200,
WRI,31.469999,32.529999,31.469999,32.509998,1374300,
WRLD,92.809998,94.160004,92.519997,94.139999,83500,
WRLS,12.58,12.58,12.56,12.57,285700,
WSH,39.049999,39.439999,38.779999,39.439999,1609200,
WSM,52.400002,52.919998,52.18,52.880001,687400,
WSO,84.669998,85.360001,83.889999,84.839996,127400,
WSR,16.08,16.6,16,16.59,89300,
WST,67.540001,67.699997,66.760002,67,167200,
WSTC,21.02,22.190001,20.799999,22.190001,72700,
WTFC,37.119999,37.43,36.799999,37.169998,378200,
WTI,14.81,15.17,14.48,14.85,657200,
WTR,30.309999,30.829999,30.27,30.829999,875600,
WTS,46.169998,47.009998,46.169998,47,95700,
WTSL,4.93,4.95,4.84,4.94,1303200,
WTW,44.630001,45.290001,44.209999,44.790001,227300,
WU,16.09,16.450001,16.059999,16.450001,4478400,
WWAV,16.969999,17.540001,16.92,17.23,2521700,
WWD,39.529999,40.07,39.48,40.049999,430600,
WWE,9.67,9.72,9.55,9.64,107500,
WWW,51.099998,51.650002,50.810001,51.639999,943200,
WWWW,21.120001,21.66,21,21.6,203300,
WX,20.549999,20.950001,20.549999,20.91,328000,
WY,28.299999,29.02,28.18,29.02,5245800,
WYN,57.009998,57.740002,56.810001,57.630001,1333400,
WYNN,133.5,135.190002,133.009995,134.940002,1155900,
X,17.34,17.6,17.16,17.459999,5028300,
XAU,108.34,110.42,107.97,109.9,0,
XBI,105.32,107.889999,104.809994,107.889999,973200,
XCO,8.180001,8.299997,7.94,8.11,2772800,
XDA,94.95,96.74,94.73,96.22,0,
XDB,154.48,156.85,154.35,156.01,0,
XDC,0.459,0.459,0.459,0.459,0,
XDE,131.19,133.06,130.92,132.45,0,
XDN,100.89,104.27,100.64,102.99,0,
XDS,106.19,108.37,106,107.63,0,
XEC,71.029999,72.669998,71.019997,72.589996,943800,
XEL,28.469999,28.91,28.459999,28.91,2981300,
XEO,726.599976,731.47998,720.549988,731.47998,0,
XES,39.5,39.93,39.290001,39.82,91100,
XHB,29.459999,30.290001,29.360001,30.290001,9683000,
XIDE,0.41,0.43,0.34,0.34,6175900,
XIN,4.1,4.4,4.06,4.4,408500,
XL,30.73,31.049999,30.57,31.049999,1748800,
XLB,39.540001,39.830002,39.360001,39.810001,7222600,
XLE,79.75,80.339996,79.099998,80.300003,18324200,
XLF,19.339999,19.639998,19.219999,19.629998,87829900,
XLI,42.779999,43.02,42.549999,42.98,13916500,
XLK,31.379999,31.49,31.110001,31.440001,14726800,
XLNX,40.689999,40.689999,39.57,39.77,3606600,
XLP,39.990002,40.189999,39.700001,40.18,12352700,
XLS,11.95,12.39,11.87,12.36,1249700,
XLU,37.290001,37.759998,37.240002,37.740002,18761700,
XLV,47.360001,48.060001,47.16,48.060001,16861800,
XLY,55.279999,55.82,54.919998,55.82,7424800,
XME,37.110001,37.459999,36.919998,37.25,1464500,
XNPT,5.29,5.34,5.05,5.09,852900,
XOM,89.449997,90.230003,89,90.230003,15393300,
XOMA,4.07,4.12,3.96,4.08,544800,
XOOM,18.549999,18.690001,18.48,18.57,84600,
XOP,59.869999,60.610001,59.330002,60.43,3933600,
XOXO,10.51,10.64,10.51,10.61,55500,
XPO,16.389999,16.780001,16.379999,16.75,93900,
XPP,47.509998,48.830002,47.419998,48.799999,35900,
XRA,0.88,0.88,0.87,0.87,58100,
XRAY,41.400002,41.540001,40.75,41.130001,852500,
XRM,9.6,9.6,9.4,9.49,46800,
XRS,10.51,10.6,10.26,10.46,102700,
XRT,76.650002,77.099998,75.879997,77.089996,6898200,
XRTX,10.37,10.52,10.17,10.21,189800,
XRX,8.75,8.84,8.66,8.8,7400300,
XSD,53.439999,53.93,52.82,53.5,44000,
XSP,160.93,162.26,159.82,162.26,0,
XTEX,19.4,19.88,19.4,19.81,239300,
XTXI,18.66,18.99,18.32,18.98,234200,
XUE,2.85,3,2.84,2.89,245100,
XXIA,15.59,15.93,15.58,15.87,513300,
XYL,26.5,27.440001,26.49,27.299999,867900,
YANG,49.78,49.990003,47.990003,48.099998,4000,
YAO,23.559999,23.98,23.559999,23.950001,5400,
YCL,21.4,22.549999,21.24,22.25,3400,
YCS,64.300003,64.559998,60.099998,61.700001,2158500,
YELP,28.200001,29.139999,27.700001,29.09,796400,
YGE,2.77,2.84,2.65,2.76,250300,
YHOO,25.879999,26.209999,25.66,26.209999,13559000,
YINN,16.610001,17.370001,16.610001,17.34,55500,
YNDX,25.790001,26.290001,25.719999,26.190001,1025400,
YOKU,20.219999,20.48,20.1,20.42,888100,
YONG,5.32,5.32,5.32,5.32,0,
YPF,14.63,14.9,14.51,14.75,399800,
YRCW,17.969999,19.35,17.9,19.280001,303300,
YUK,98.919998,99.360001,96,97.040001,0,
YUM,68.299999,71.25,68.290002,71.120002,10332100,
YZC,9.82,10.16,9.79,10.1,571800,
Z,49.91,53.18,48.540001,52.880001,821900,
ZAGG,5.07,5.16,5,5.07,480200,
ZAZA,1.38,1.41,1.38,1.41,21300,
ZBRA,45.099998,45.369999,44.540001,45.27,132200,
ZEP,16.040001,16.41,16.040001,16.34,35900,
ZEUS,25.35,25.860001,24.809999,25.74,64100,
ZINC,11.76,11.95,11.67,11.95,329300,
ZION,26.5,26.98,26.389999,26.93,1834600,
ZIOP,1.81,1.97,1.81,1.96,943600,
ZIXI,3.97,4,3.9,3.98,196100,
ZLC,7.63,8.13,7.5,8.04,875000,
ZLTQ,5.14,5.2,5.01,5.11,17300,
ZMH,77.269997,78.300003,76.800003,78.300003,688300,
ZN,1.4,1.56,1.36,1.5,70100,
ZNGA,2.85,2.92,2.73,2.85,34758300,
ZNH,22.5,22.6,22.120001,22.549999,20800,
ZOLT,12.8,13.18,12.8,13.16,145300,
ZQK,7.33,7.72,7.32,7.67,4232600,
ZROZ,100.93,103.18,100.080002,101.089996,13000,
ZSL,79.360001,80.440002,77,78.459999,738200,
ZTS,32.169998,32.310001,31.540001,32.080002,2918200,
ZUMZ,30.950001,31,30.09,30.709999,341600,
ZX,2.63,2.7,2.6,2.6,45800,
ABCB,16.26,16.5,16.08,16.43,28600,
ACCL,8.37,8.43,8.3,8.4,148000,
ACPW,4.3,4.4,4.3,4.39,215300,
ACWX,42.330002,42.59,42.200001,42.560001,610100,
AKR,25.709999,26.35,25.58,26.35,295800,
AONEQ,0.039,0.044,0.038,0.041,4397200,
ARSD,7.55,7.62,7.4,7.59,30700,
ASTM,9.6,9.6,9.6,9.6,0,
ASX,4.04,4.05,4,4.05,1135600,
ATEC,1.879999,1.939999,1.869999,1.939999,17200,
ATRC,9.14,9.24,8.92,9.07,33000,
AVNW,2.849999,2.929999,2.789999,2.919999,20800,
BFIN,8.41,8.59,8.4,8.57,49500,
BFR,4.12,4.16,4.04,4.11,13600,
BIL,45.810001,45.810001,45.790001,45.799999,5683600,
BIN,22.209999,22.51,22.18,22.23,80100,
BKEP,8.71,8.72,8.51,8.51,4500,
BRB,213.009995,213.179993,211.380005,212.339996,0,
BSQR,2.79,2.81,2.74,2.74,5500,
CBRX,0.64,0.65,0.63,0.65,29600,
CERP,0.02,0.02,0.02,0.02,4411900,
CHGS,0.19,0.19,0.17,0.19,12700,
CIR,49.75,50.52,49.459999,50.48,24300,
CIU,109.629997,110.029999,109.5,109.809998,467300,
CLUB,10.85,11.03,10.64,10.93,39400,
CMLS,3.59,3.62,3.52,3.61,172400,
CNDA,21.129999,21.25,21.129999,21.25,1400,
COBZ,8.7,8.8,8.25,8.6,1454600,
COOL,0.620012,0.620012,0.580012,0.600012,4200,
CRAI,18.65,18.75,18.34,18.700001,27000,
CRDC,1.21,1.23,1.19,1.2,2400,
CREG,0.99,0.99,0.96,0.96,500,
CROP,25.77,25.940001,25.719999,25.940001,6000,
CSFL,8.94,9.31,8.84,9.2,53700,
CSHZ,0.08,0.09,0.07,0.09,91600,
CSJ,105.260002,105.419998,105.260002,105.339996,1161800,
CWB,42.740002,43.040001,42.700001,42.990002,432900,
DCOM,14.28,14.71,14.28,14.6,129900,
DGT,60.009998,60.240002,60,60.240002,7900,
DQ,7,7.14,6.85,6.95,27500,
DRCO,4.98,5.02,4.935,4.95,9800,
EGI,0.36,0.38,0.36,0.38,18200,
ELS,77.330002,78.459999,77.32,78.370003,214800,
EUFX,37.400002,37.400002,37.240002,37.34,1100,
FCBC,15.02,15.1,14.96,15.05,29000,
FCF,7.11,7.23,7.09,7.23,378800,
FDML,9.25,9.61,9.24,9.61,202400,
FELE,34.040001,34.34,33.470001,34.240002,120500,
FMD,1.19,1.24,1.18,1.24,44900,
FOL,3.16,3.16,3.16,3.16,0,
FORX,48.349998,48.599998,48.200001,48.599998,11500,
FSCI,41.21,41.305,41.15,41.25,19800,
FTC,34.23,34.650002,34.18,34.650002,23700,
GBLI,22.629999,23.24,22.629999,22.889999,7000,
GGAL,5.59,5.68,5.59,5.64,20600,
GIB,30.08,30.559999,29.969999,30.15,123700,
GLCH,13.91,14.2,13.63,14.16,22600,
GLDI,16.809999,17.059999,16.809999,17,11100,
GLDX,16.780001,17.34,16.68,17.16,10100,
GMXRQ,0.24,0.24,0.21,0.23,40600,
GSE,1.35,1.35,1.35,1.35,0,
GSIG,8.11,8.24,8.06,8.21,103300,
GSIT,5.66,5.74,5.62,5.72,101800,
GTS,21.26,21.26,20.700001,21.190001,108600,
GUNR,33.349998,33.580002,33.220001,33.57,189700,
GWX,29.32,29.49,29.200001,29.49,309000,
HCKT,4.83,4.9,4.78,4.8,61200,
HDNG,13.75,14,13.75,13.95,32100,
HDSN,3.34,3.49,3.34,3.47,83982,
HGR,31.74,31.92,31.27,31.889999,114100,
HSON,2.57,2.57,2.53,2.56,144300,
IBCA,6.34,6.43,6.27,6.35,19900,
ICFI,29.889999,30.530001,29.65,30.459999,87000,
IEFA,53,53.299999,52.790001,53.299999,120000,
INOD,3.12,3.15,3.06,3.11,36100,
IPCC,57.950001,58.700001,56.779999,57.169998,34100,
ISIG,2.05,2.06,1.98,2,7700,
KIPO,6.5,6.62,6.49,6.57,12500,
KITDQ,0.42,0.44,0.42,0.44,293200,
KMPR,33.400002,34.080002,33.400002,34.07,110900,
LDL,14.7,14.89,14.48,14.49,37500,
LEDR,10.41,10.61,10.37,10.6,119800,
LEDS,1.62,1.67,1.56,1.64,60800,
LOJN,3.38,3.41,3.36,3.38,1200,
LPTN,4.960002,5.050002,4.890002,4.890002,400,
LYTS,7.83,7.98,7.76,7.9,32700,
MCS,12.82,12.83,12.53,12.77,28100,
MGRC,33.209999,33.369999,32.529999,33.049999,83300,
MPX,7.67,7.67,7.47,7.61,9100,
NEWN,0.18,0.18,0.18,0.18,0,
NJR,45.009998,45.450001,44.869999,45.41,267800,
NPBC,9.7,9.91,9.67,9.91,604000,
NZD,125.709999,126.169998,123.440002,124.459999,0,
PPBI,11.67,11.75,11.6,11.61,21200,
PRGX,5.4,5.43,5.35,5.4,38000,
PRO,29.08,29.799999,29.08,29.610001,152200,
PWAVQ,0.015,0.015,0.011,0.012,183600,
QRM,0.47,0.5,0.45,0.475,144500,
QTEC,29.01,29.040001,28.76,29.040001,36000,
RNWK,7.33,7.4,7.28,7.4,65800,
RPT,15.07,15.38,14.97,15.37,354200,
RWL,31.379999,31.559999,31.040001,31.559999,39200,
SBLK,5.7,5.82,5.7,5.79,2500,
SCMR,0.45,0.45,0.41,0.44,196900,
SIGI,23.01,23.120001,22.799999,22.9,302500,
SIJ,21.17,21.17,20.57,20.719999,300,
SKA,65.690002,66.050003,65.120003,65.400002,0,
SMCI,10.53,10.81,10.49,10.76,177300,
SMTX,1.96,2.03,1.96,2.02,15200,
SNBC,3.24,3.24,3.11,3.22,11700,
SOCL,14.2,14.28,14.06,14.28,3200,
STAN,21.76,21.79,21.09,21.4,49800,
STL,9.37,9.47,9.29,9.43,134200,
STNR,52.200001,52.380001,51.009998,52.139999,19900,
SWS,5.66,5.8,5.6,5.8,75000,
SYMX,0.89,0.89,0.89,0.89,3600,
SYPR,3.21,3.21,3.05,3.14,65300,
TACT,8.05,8.09,7.94,7.94,1500,
TFI,23.639999,23.66,23.58,23.639999,128100,
TGE,7.3,7.3,7.3,7.3,0,
THR,19.48,20.07,19.459999,19.700001,1329900,
TMS,14.81,15.3,14.81,15.15,375300,
TPI,0.56,0.56,0.54,0.56,9200,
TRNO,18.700001,19.08,18.700001,19.040001,107300,
TRST,5.51,5.56,5.46,5.54,195000,
TSTC,0.28,0.31,0.27,0.31,29300,
UAMY,1.31,1.31,1.18,1.21,115200,
UBNK,13.22,13.35,13.09,13.29,54800,
UCBI,11.8,11.95,11.72,11.81,196700,
ULBI,3.59,3.88,3.59,3.73,33300,
USMV,32.490002,32.860001,32.419998,32.849998,2036900,
USPH,28.49,29.1,28.370001,29.08,32700,
UTY,0.025,0.025,0.025,0.025,0,
WAVX,0.45,0.47,0.43,0.46,7400,
WFR,5.95,5.95,5.95,5.95,0,
WWAV.B,15.8,16.66,15.8,16.33,1504600,
XDZ,79.47,81.02,79.26,80.39,0,
ZOOM,0.4,0.4,0.39,0.39,1800,