symbol,open,high,low,close,volume,adjust_close
A,45.349998,45.349998,44.489999,44.73,3817600,
AA,8.339991,8.389991,8.229992,8.359991,3644700,
AACC,6.75,6.75,6.52,6.6,154300,
AAMRQ,4.86,5.04,4.8,4.9,3652300,
AAN,27.879999,28.18,27.790001,27.950001,463200,
AAON,31.849988,32.710005,31.439991,31.669988,179100,
AAP,84.32,84.959999,83.389999,83.620003,369900,
AAPL,444.729992,449.080025,436.800011,438.889992,112538300,
AAT,32.540001,32.73,32.200001,32.619999,79600,
AAU,1.78,1.81,1.75,1.79,24500,
AAV,4.33,4.39,4.26,4.37,773900,
AAWW,46.57,47.240002,46.27,46.880001,130600,
AAXJ,57.25,57.25,56.75,56.84,221200,
AB,24.67,25.35,24.33,25.110001,316400,
ABAX,44.759998,44.779999,43.849998,44.43,115500,
ABB,22.01,22.01,21.809999,21.98,1843800,
ABBV,44.330002,44.330002,43.220001,43.919998,4702700,
ABC,53.130001,53.84,52.970001,53.709999,2497500,
ABCO,52.220001,52.950001,52.220001,52.73,155000,
ABFS,20,20.37,19.63,20.08,257500,
ABG,41.790001,41.98,41.32,41.619999,190200,
ABM,24.700001,25.049999,24.620001,24.91,292300,
ABMD,21.110001,21.25,20.969999,21.059999,267500,
ABR,6.95,7.09,6.85,7.03,138800,
ABT,37.470001,37.580002,37.09,37.490002,5029900,
ABV,36.98,37.39,36.4582,36.54,16943600,
ABX,20.110001,20.530001,19.799999,20.4,8690400,
ACAD,17.290001,20.09,17.049999,19.52,15231600,
ACAS,13.34,13.57,13.15,13.53,4203400,
ACAT,47.119999,47.470001,46.82,47,31800,
ACC,40.07,40.200001,39.459999,39.84,1101600,
ACCO,7,7.07,6.93,7.01,439100,
ACE,89.919998,90.309998,89.510002,90.230003,1411100,
ACET,12.93,13.18,12.88,13.04,124100,
ACFN,8.6,8.6,8.35,8.41,39300,
ACGL,52.18,52.41,51.919998,52.27,306100,
ACH,9.4,9.4,9.23,9.25,108600,
ACHC,34.25,34.990002,33.880001,34.950001,273500,
ACHN,8.29,8.38,8.14,8.27,497100,
ACI,4.89,4.91,4.73,4.78,919800,
ACIW,45.180001,45.180001,44.25,44.430001,545700,
ACLS,1.8,1.84,1.75,1.8,128900,
ACM,31.040001,31.190001,30.59,30.98,404800,
ACMP,44.2,45.37,43.93,45.24,366000,
ACN,81.279999,81.589996,80.599998,81.550003,2127600,
ACO,31.71,31.91,31.46,31.71,55900,
ACOR,34.459999,34.549999,33.740002,34.48,190600,
ACRE,16.360001,16.360001,16.08,16.1,11400,
ACRX,8.81,9.63,8.67,9.6,696600,
ACT,124.43,125.120003,123.160004,125.040001,1014800,
ACTG,25.01,25.48,24.93,25.27,445500,
ACTV,7.47,7.57,7.34,7.51,382400,
ACUR,2.2,2.25,2.18,2.2,218384,
ACW,5.12,5.32,5.06,5.31,89300,
ACWI,52.25,52.25,51.900002,52.040001,507300,
ACXM,22.68,22.83,22.370001,22.49,206500,
ADBE,44.299999,44.34,43.84,44.09,1833900,
ADC,31.639999,32.099998,31.389999,31.91,57400,
ADES,38.67,38.99,36.84,38.59,265000,
ADI,46.209999,46.209999,45.740002,45.950001,1804800,
ADM,33.029999,33.240002,32.759998,33.099998,2865400,
ADNC,13.57,13.57,13.17,13.4,147600,
ADP,68.960005,69.100003,68.580005,68.780003,1297600,
ADS,178.550003,179.220001,176.289993,176.490005,867100,
ADSK,36.650002,36.790001,35.93,35.970001,2931900,
ADT,40.18,40.23,39.84,40.009998,4273700,
ADTN,24.09,24.4,23.68,24.190001,648600,
ADVS,33.209999,33.27,32.880001,33.110001,109300,
ADY,7.34,7.36,7.34,7.36,48100,
AEC,16.200001,16.27,16.01,16.17,421700,
AEE,34.540001,34.619999,34.110001,34.259998,2533300,
AEG,6.96,6.97,6.89,6.94,743800,
AEGN,23.040001,23.33,22.76,23.17,92000,
AEGR,74.629997,75.169998,73.010002,74.949997,308400,
AEIS,18.200001,18.43,17.940001,18.32,185000,
AEL,16.5,16.549999,16.290001,16.48,490900,
AEM,30.99,31.48,30.610001,31.049999,1173700,
AEO,19.940001,20.09,19.530001,19.58,1736600,
AEP,46.360001,46.490002,45.779999,45.91,4701600,
AER,16.9,16.969999,16.700001,16.809999,226400,
AERL,3.89,3.96,3.76,3.87,217200,
AES,12.51,12.55,12.24,12.26,3919100,
AET,60.279999,61.110001,60.209999,60.970001,2197500,
AF,9.92,10.1,9.9,10.08,421300,
AFAM,20.1,20.1,19.85,20,14200,
AFCE,35.43,35.52,35,35.39,164100,
AFFX,3.68,3.77,3.64,3.77,343500,
AFFY,1.01,1.02,0.85,0.85,4036000,
AFG,48.98,49.080002,48.68,48.810001,248500,
AFL,57.200001,57.470001,56.689999,56.799999,2928800,
AFSI,33.24,33.350001,32.9,33.180002,416400,
AG,11.2,11.49,11.13,11.22,829600,
AGCO,55.779999,56.32,55.419998,55.880001,527400,
AGEN,3.71,3.82,3.66,3.73,170900,
AGG,108.349998,108.510002,108.330002,108.389999,1173300,
AGII,40.299998,40.860003,39.83,40.81,233400,
AGM,29.860001,29.99,29.700001,29.75,7500,
AGN,124.43,125.120003,123.160004,125.040001,1014800,
AGNC,25.690001,25.73,24.610001,24.82,17795600,
AGO,23.02,23.450001,22.98,23.309999,1070500,
AGQ,21.280001,21.85,21.129999,21.49,431700,
AGRO,7.26,7.31,7.14,7.22,154600,
AGU,91.239998,91.400002,89.809998,90.419998,638700,
AGX,16.709999,16.85,16.35,16.75,168200,
AGYS,12.72,12.72,12.38,12.49,39200,
AH,22.1,22.3,22.1,22.1,608800,
AHGP,62.099998,62.299999,60.880001,61.950001,26800,
AHH,11.6,11.67,11.5,11.65,167200,
AHL,37.23,37.32,36.93,37.310001,303600,
AHS,15.01,15.13,14.65,14.92,210700,
AHT,13.609994,13.750002,13.409994,13.739998,481800,
AI,27.5,27.719999,27.02,27.639999,112400,
AIG,45.43,46.02,44.900002,45.950001,13077500,
AIMC,27.030001,27.209999,26.709999,26.84,71100,
AIN,32.509998,32.790001,32.07,32.740002,69000,
AINV,8.08,8.18,8.05,8.15,1654300,
AIR,20.959999,21.32,20.75,21.299999,154200,
AIRM,36.709999,37.189999,36.5,37.130001,272900,
AIT,48.610001,48.84,48.220001,48.580002,70800,
AIV,29.82,29.889999,29.450001,29.52,855500,
AIXG,16.93,16.950001,16.83,16.92,62600,
AIZ,50.029999,50.790001,50.029999,50.700001,446900,
AJG,43.830002,43.93,43.48,43.709999,518400,
AKAM,45.189999,45.189999,44.389999,44.75,1093800,
AKG,2.63,2.68,2.58,2.58,37400,
AKRX,14.1,14.18,13.9,13.96,567600,
AKS,3.35,3.4,3.3,3.36,2839100,
AL,27.110001,27.6,26.91,27.6,492800,
ALB,64.32,64.510002,63.029999,63.5,942800,
ALC,11.9,11.95,11.9,11.95,80100,
ALDW,25.75,26.09,25.610001,26,183600,
ALE,48.25,48.810001,47.939999,48.689999,115100,
ALEX,35.75,36.009998,35.34,35.990002,96900,
ALGN,35.52,35.66,35.130001,35.290001,536400,
ALGT,100.449997,102.32,99.660004,100.809998,97900,
ALIM,4.58,4.92,4.5,4.8,241100,
ALJ,17.389999,17.66,17.200001,17.43,373700,
ALK,57.400002,58.240002,56.07,56.25,1201000,
ALKS,31.049999,31.049999,30.23,30.540001,612500,
ALL,47.509998,47.740002,47.139999,47.299999,3518800,
ALLT,11.6,11.97,11.46,11.93,658200,
ALNY,31,31,30.379999,30.75,400500,
ALOG,77.389999,77.389999,76.480003,76.690002,30800,
ALR,25.940001,26.370001,25.799999,26.309999,314400,
ALSK,1.76,1.79,1.73,1.79,367600,
ALSN,23.639999,23.709999,23.26,23.51,123300,
ALTR,32.650002,32.75,32.240002,32.630001,2353800,
ALU,1.83,1.83,1.8,1.82,9501200,
ALV,78.669998,79.050003,77.940002,78.389999,494200,
ALXA,4.55,4.64,4.5,4.62,115800,
ALXN,94.660004,94.660004,91.059998,91.910004,1429200,
AM,18.44,18.46,18.39,18.45,121000,
AMAG,19.82,20.4,19.709999,20.4,105000,
AMAT,15.5,15.6,15.37,15.46,9489600,
AMBA,16.76,17.450001,16.6,17.4,1741800,
AMBC,25.709999,26.309999,25.43,26.07,576500,
AMCC,8,8,7.86,7.91,148200,
AMCN,1.73,1.88,1.73,1.87,374900,
AMCX,68.339996,68.339996,65.190002,65.389999,320700,
AMD,3.95,4.08,3.92,4.06,32378100,
AME,43.200001,43.32,42.66,42.93,678000,
AMED,11.76,12.47,11.63,12.43,249400,
AMG,166.559998,168.850006,165.080002,168.5,381700,
AMGN,98.949997,99.440002,97.870003,98.309998,2901300,
AMJ,45.990002,46.66,45.509998,46.540001,2002300,
AMKR,4.45,4.45,4.35,4.44,539500,
AMLP,17.700001,17.74,17.51,17.6,2585800,
AMP,83.480003,83.669998,82.480003,83.139999,1137900,
AMPE,5.74,6.29,5.55,5.98,630900,
AMRC,8.65,8.94,8.57,8.86,133300,
AMRI,10.58,10.78,10.5,10.69,182200,
AMRN,7.03,7.17,6.77,7.1,3234000,
AMRS,2.87,2.88,2.78,2.81,143700,
AMSC,2.53,2.69,2.52,2.68,52700,
AMSG,35.880001,36.529999,35.810001,36.5,198700,
AMSWA,8.56,8.75,8.5,8.74,38900,
AMT,78.790001,78.860001,76.400002,76.449997,3986300,
AMTD,24.18,24.200001,23.809999,23.950001,5123200,
AMTG,18.34,18.379999,18.129999,18.18,357600,
AMWD,36.5,36.5,35.150002,35.619999,152700,
AMX,20.200001,20.35,19.780001,20.110001,4491300,
AMZN,276.679993,282.470001,275.23999,281.070007,3086500,
AN,47,47,46.029999,46.130001,662000,
ANAC,5.28,5.43,5.13,5.41,230700,
ANAD,2.12,2.3,2.08,2.3,1481000,
ANDE,52.74,52.990007,52.390005,52.840004,129100,
ANEN,24.12,24.12,23.921,24.01,32300,
ANF,51.849998,52.09,51.02,51.130001,1476300,
ANGI,25.309999,25.93,24.969999,25.82,802000,
ANGO,11,11.23,11,11.23,45500,
ANH,5.7,5.75,5.64,5.72,931300,
ANIK,15.24,15.56,14.88,15.48,43100,
ANN,31.620001,31.76,31.23,31.5,966800,
ANR,6.37,6.49,6.22,6.36,9862700,
ANSS,74.75,75.040001,73.629997,73.870003,259100,
ANV,7.84,8.04,7.71,7.89,1937200,
ANW,9.91,10.35,9.88,10.07,462200,
AOI,3.98,3.99,3.92,3.96,43900,
AOL,35.700001,35.73,35.009998,35.610001,750100,
AON,65.610001,65.760002,64.93,65.169998,1420400,
AOS,38.93,38.939999,38.380001,38.84,738600,
AOSL,8.19,8.2,7.79,7.96,67200,
APA,84.93,85.82,84.370003,85.610001,3812800,
APAM,48.34,52.779999,47.919998,52.470001,298700,
APC,88.120003,88.529999,87.43,88.080002,1886100,
APD,95.099998,95.299996,94.749995,94.989994,1198700,
APEI,38.610001,39.830002,38.610001,39.799999,117600,
APH,77.839996,77.949997,77.360001,77.82,1107400,
APL,38.34,38.43,37.72,37.77,267700,
APO,24.32,24.67,23.9,24.389999,1037300,
APOG,25.870001,26.139999,25.309999,25.940001,174400,
APOL,21.360001,22.91,21.360001,22.24,4007500,
APP,2.08,2.1,1.98,2.01,631200,
APRI,2.95,2.96,2.7,2.73,4877800,
APU,46.029999,47,45.650002,46.360001,79300,
ARAY,5.72,5.81,5.61,5.8,1309200,
ARB,47.02,47.02,46.89,46.94,96600,
ARCC,16.889999,17.110001,16.879999,17,2288600,
ARCO,13.74,14.35,13.7,13.85,849500,
ARCP,15.02,15.25,14.76,14.8,2810400,
ARE,67.800003,68.220001,67.080002,67.449997,512500,
AREX,25.33,25.450001,24.889999,25.35,269500,
ARG,101.25,101.349998,100.550003,100.690002,363200,
ARI,16.73,16.83,16.530001,16.59,156400,
ARIA,18.91,19.08,18.09,18.75,3020000,
ARII,33.93,34.889999,33.52,34.540001,250900,
ARLP,72.190002,73.199997,71.639999,72.029999,105000,
ARMH,39.970001,40.779999,39.830002,40.57,1515100,
ARNA,8.84,8.9,8.72,8.81,3869000,
ARO,14.7,14.75,14.51,14.7,762500,
ARP,22.450001,22.549999,21.82,21.9,2125300,
ARPI,19.030001,19.32,18.610001,19.209999,511800,
ARQL,2.39,2.41,2.35,2.39,193200,
ARR,4.92,4.95,4.86,4.89,1008000,
ARRS,14.74,14.8,14.52,14.71,902700,
ARRY,5.01,5.14,4.89,4.89,1512000,
ARTC,33.76,33.77,33.42,33.76,94100,
ARUN,14.51,14.78,14.32,14.39,1701500,
ARW,40.360001,40.380001,39.939999,40.299999,516200,
ARX,8.09,8.09,7.77,7.87,38700,
ASA,14.13,14.18,13.96,14.03,26000,
ASBC,15.4,15.58,15.25,15.57,816300,
ASCA,26.21,26.27,26.13,26.2,130600,
ASEI,60.150002,61.32,59.779999,61.119999,17800,
ASFI,8.85,9.07,8.83,9.01,31500,
ASGN,26.389999,26.75,26.1,26.58,370300,
ASH,86.849998,86.849998,85.699997,86.43,615400,
ASIA,11.67,11.69,11.66,11.69,102200,
ASMI,34.48,34.48,34.330002,34.48,1500,
ASML,80.730003,81.099998,80.389999,80.669998,781900,
ASNA,18.200001,18.200001,17.870001,18,1955500,
ASPS,95.440002,95.440002,93.470001,93.550003,113600,
ASR,114.760002,114.760002,112.519997,112.900002,44800,
ASTE,35.25,35.549999,35.009998,35.380001,39400,
ASTI,0.78,0.84,0.78,0.83,67300,
ASTX,4.57,4.62,4.5,4.57,1083400,
ASYS,5.07,5.22,5.02,5.1,21100,
AT,4.72,4.75,4.64,4.72,355800,
ATAX,6.75,6.79,6.6,6.79,99600,
ATHN,85.730003,88.669998,85.419998,88.489998,326500,
ATHX,1.66,1.71,1.65,1.67,215700,
ATI,27.700001,27.75,27.030001,27.48,995000,
ATK,79.81,80.09,79.22,79.78,144500,
ATLC,3.67,3.9,3.67,3.84,15000,
ATLS,13.88,14.56,13.84,14.4,2852951,
ATMI,24.22,24.43,24.14,24.43,133100,
ATML,8.01,8.14,7.9,7.95,5357300,
ATNI,49.759998,50.849998,49.450001,50.830002,37900,
ATO,41.48,41.66,40.970001,41.330002,279100,
ATPAQ,0.0824,0.1095,0.08,0.0852,197100,
ATR,57.189999,57.759998,56.830002,57.189999,151700,
ATRS,4.1,4.2,4.07,4.11,888500,
ATSG,6.1,6.13,5.97,6.12,118300,
ATU,33.279999,33.400002,32.860001,33.27,521200,
ATVI,14.75,14.77,14.51,14.55,3803600,
ATW,55.459999,55.599998,54.48,54.82,251100,
AU,16.68,17.18,16.58,16.860001,1589800,
AUDC,4.49,4.59,4.42,4.53,264200,
AUM,94.5,94.800003,94.110001,94.639999,0,
AUMN,1.62,1.65,1.57,1.6,164200,
AUO,4.18,4.19,4.14,4.15,723500,
AUQ,5.1,5.21,5.03,5.08,1665300,
AUX,105.65,105.65,105.65,105.65,0,
AUXL,16.04,16.79,15.92,16.71,1387200,
AUY,11.41,11.66,11.33,11.5,3743600,
AVA,26.950001,27.030001,26.790001,26.959999,190800,
AVAV,19.790001,20,19.68,19.959999,134000,
AVB,134.490005,134.940002,132.929993,133.449997,501100,
AVD,30.610001,30.709999,30.139999,30.610001,112200,
AVEO,2.3,2.6,2.3,2.53,1823000,
AVG,18.209999,18.209999,17.73,17.99,226800,
AVGO,37.5,37.509998,36.790001,36.830002,2636000,
AVHI,14,14.43,14,14.22,7200,
AVID,6.62,6.7,6.59,6.65,50500,
AVIV,26.8,27.07,26.7,26.9,200400,
AVL,0.76,0.78,0.74,0.78,193000,
AVNR,3.76,4.3,3.73,4.11,7061300,
AVP,23.790001,23.879999,23.42,23.559999,2755300,
AVSPY,136.41,137.69,134.03,134.62,0,
AVT,33.790001,33.970001,33.52,33.82,701000,
AVX,12.05,12.07,11.98,12.01,106600,
AVY,43.509998,43.580002,43.09,43.549999,324600,
AWAY,29.65,30.139999,29.65,29.889999,471500,
AWC,29.688,30.525,29.688,30.525,0,
AWH,91.110003,93.730001,91.030003,93.600002,813900,
AWI,51.290001,51.299999,50.240002,50.77,173000,
AWK,39.900002,39.950001,39.5,39.82,595200,
AWR,53.060001,53.060001,52.279999,52.91,467600,
AWRE,5.29,5.48,5.25,5.44,58000,
AXAS,2.16,2.25,2.16,2.25,646400,
AXE,77.440002,77.760002,76.830002,77.349998,111800,
AXL,18.700001,18.719999,18.139999,18.309999,1172700,
AXLL,43.200001,43.5,42.380001,42.5,952500,
AXP,77.980003,78.610001,77.690002,78.279999,4035100,
AXS,44.950001,45.580002,44.799999,45.57,1172800,
AXTI,2.82,2.83,2.8,2.83,51700,
AXU,1.52,1.54,1.43,1.47,463000,
AYI,75.68,76.190002,75.18,75.800003,172400,
AYR,15.16,15.79,15.11,15.68,462400,
AZC,2.38,2.4,2.31,2.38,84000,
AZN,51.799999,51.799999,51.380001,51.400002,3971200,
AZO,417.820007,418.790009,414.040009,418.75,170300,
AZPN,30.440001,30.530001,30.15,30.190001,372800,
AZZ,41.959999,42.700001,41.73,42.529999,102300,
B,30,30.059999,29.75,29.91,131700,
BA,102.510002,102.949997,101.510002,102.239998,4047500,
BAA,1.13,1.16,1.12,1.13,268200,
BABY,14.54,14.54,14.13,14.46,202900,
BAC,13.49,13.55,13.26,13.3,104648500,
BAH,17.629999,17.719999,17.1,17.540001,1343800,
BAK,15.32,15.71,15.08,15.55,387700,
BAL,53.299999,54.459999,53.299999,54.34,40200,
BALT,3.51,3.56,3.48,3.52,36700,
BAM,35.710005,35.779997,35.400003,35.659996,1089100,
BANR,33.099998,33.400002,32.73,33.369999,43000,
BAP,136.830007,137.660006,135.009998,137.220013,139600,
BAS,12.85,12.91,12.61,12.8,244300,
BAX,70.08,70.409997,69.470001,70.240001,4599900,
BAXS,2.4,2.4,2.2,2.32,82000,
BBBY,69.32,69.419998,68.629997,69.089996,1374000,
BBCN,12.82,12.95,12.69,12.94,143800,
BBD,14.89,15.080001,14.689999,15.01,6051400,
BBEP,18.610001,18.719999,18.450001,18.48,401200,
BBG,22.99,23.49,22.799999,23.08,559400,
BBH,71.300003,71.309998,69.760002,70.260002,66100,
BBL,56.32,56.48,56.049999,56.220001,617600,
BBOX,27.27,27.75,27.09,27.66,20600,
BBRG,17.809999,18.610001,17.809999,18.49,122200,
BBRY,13.87,14.09,13.7,13.95,16515300,
BBT,33.43,33.700001,33.360001,33.43,4302600,
BBVA,9.23,9.23,9.08,9.22,1892800,
BBW,6.28,6.68,6.28,6.52,43100,
BBX,12.18,12.49,12.08,12.43,18300,
BBY,27.379999,28.219999,27.290001,28.040001,4847100,
BC,33.32,33.509998,32.540001,32.82,750400,
BCC,27.42,27.74,27.35,27.549999,205400,
BCE,44.759998,44.790001,44.43,44.580002,613100,
BCEI,37.790001,37.98,37.099998,37.240002,307800,
BCO,26.790001,27.360001,26.6,27.139999,176900,
BCOR,18.219999,18.49,17.969999,18.43,194600,
BCOV,7.8,8.55,7.79,8.1,730400,
BCPC,47.310001,47.919998,46.970001,47.459999,60800,
BCR,105.160004,105.940002,104.660004,105.709999,404700,
BCRX,1.68,1.71,1.63,1.71,437900,
BCS,19.28,19.3,19.03,19.21,2336504,
BDBD,11.65,12.64,11.61,12.38,1053700,
BDC,52.240002,52.439999,51.810001,52.060001,261300,
BDE,8.8,8.88,8.69,8.78,89700,
BDN,13.81,13.88,13.55,13.58,869900,
BDSI,4.44,4.55,4.3,4.38,137400,
BDX,98.809998,98.919998,97.699997,98.519997,687000,
BEAM,65.65,65.65,65,65.49,815300,
BEAT,3.28,3.5,3.21,3.21,517700,
BEAV,65.350002,65.500005,64.41001,64.690004,809100,
BEBE,5.85,5.99,5.85,5.9,42700,
BECN,41.349998,41.529999,40.759998,41.349998,217400,
BEE,8.22,8.28,8.08,8.1,589000,
BEN,150.999996,151.290001,150.060001,150.400005,2906700,
BERY,23.5,23.93,23.24,23.67,378200,
BF.B,69.879997,70.449997,69.220001,69.870003,212100,
BFAM,35.57,36.810001,35.57,36.490002,50600,
BG,69.57,70.080002,69.190002,70.019997,476500,
BGC,33.82,33.849998,33.459999,33.599998,318800,
BGCP,5.9,5.9,5.76,5.8,1109600,
BGFV,20.9,21.360001,20.799999,21.190001,300800,
BGG,21.290001,21.32,21.049999,21.200001,564200,
BGS,29.5,31.299999,29.5,31.17,720900,
BHE,19.780001,19.9,19.57,19.75,168000,
BHI,46.889999,46.950001,46.16,46.23,2688800,
BHP,63.540001,63.939999,63.450001,63.630001,1969700,
BID,38.990002,39.09,38.5,38.869999,1083700,
BIDU,102.480003,103.580002,100.260002,102.989998,3790900,
BIG,33.98,34.240002,33.77,33.84,743800,
BIIB,225.809998,226.600006,220.470001,222.190002,1020900,
BIO,113.199997,114.209999,112.300003,114,74000,
BIOD,4.27,4.49,4.25,4.29,266500,
BIOL,4.05001,4.200003,3.930011,4.060008,440200,
BIOS,14.6,14.75,14.45,14.71,320000,
BIP,35.96,36.2,35.68,35.72,455100,
BIRT,6.83,6.92,6.71,6.85,76700,
BITA,11.14,11.5,11.14,11.44,148300,
BIV,85.419998,85.529999,85.309998,85.389999,491000,
BJRI,38.060001,38.98,37.959999,38.82,205600,
BK,30.02,30.459999,29.809999,30.16,7818400,
BKCC,9.91,9.98,9.86,9.98,447100,
BKD,27.43,28.059999,27.34,27.85,801800,
BKE,55.639997,55.879993,55.220002,55.709992,158300,
BKF,36.740002,36.740002,36.369999,36.560001,90800,
BKH,48.220001,48.52,47.790001,48.52,100300,
BKI,37.29,37.32,37.21,37.25,521800,
BKLN,24.98,25,24.950001,24.99,3221000,
BKMU,5.86,5.89,5.76,5.87,80500,
BKS,22.54,23.02,22.22,22.67,1073000,
BKU,25.48,25.48,25.280001,25.43,243600,
BKW,20.18,20.56,20.12,20.47,1399500,
BKX,61.74,62.08,61.5,61.93,0,
BLC,11.64,11.64,11.3,11.35,368700,
BLDP,2,2.11,1.91,1.97,2875600,
BLDR,6.72,6.79,6.52,6.72,382800,
BLK,279.049988,282.910004,276.410004,281.339996,695300,
BLKB,30.85,30.950001,30.559999,30.91,81400,
BLL,43.650002,43.66,43.290001,43.43,454100,
BLMN,23.82,23.940001,23.48,23.58,492400,
BLOX,25.75,26.93,25.34,26.709999,1384800,
BLT,13.06,13.09,12.87,13.02,128800,
BLV,87.730003,88.129997,87.480003,87.610001,114600,
BLX,23.18,23.379999,22.969999,23.280001,45800,
BMC,45.22,45.33,45.17,45.2,3973400,
BMI,44.98,45.009998,44.509998,44.849998,48400,
BMO,59.119999,59.639999,58.75,59.459999,408700,
BMR,20.860001,20.93,20.52,20.559999,1085700,
BMRN,59.220001,59.25,57.75,58.040001,972700,
BMS,39.639999,39.73,39.41,39.48,393200,
BMY,47.599998,47.82,47.110001,47.310001,7340400,
BNCL,8.589999,8.709998,8.539998,8.7,17800,
BND,81.849998,81.919998,81.779999,81.790001,996500,
BNNY,39.4,41.82,39.39,41.68,465200,
BNO,79.379997,79.379997,78.970001,78.970001,9400,
BNS,56.189999,56.509998,55.869999,56.32,661400,
BOBE,48,48.23,47.599998,47.75,131100,
BODY,12.83,12.94,12.72,12.85,15000,
BOFI,45.5,45.939999,45.459999,45.669998,504000,
BOH,49.419998,49.779999,49.150002,49.73,185700,
BOIL,42.869999,43.400002,41.43,41.77,29300,
BOKF,64.349998,64.470001,63.950001,64.209999,58600,
BOLT,17.03,17.309,16.42,16.56,78200,
BONA,4.34,4.37,4.24,4.31,27000,
BOND,107.410004,107.419998,107.110001,107.120003,1367600,
BONT,21.93,21.93,21.26,21.52,119800,
BOOM,17.049999,17.190001,16.5,17.01,52800,
BORN,1.33,1.35,1.29,1.29,9500,
BOTA,3.52,3.59,3.52,3.57,8500,
BP,43.060001,43.450001,42.970001,43.279999,4554400,
BPAX,1.2,1.22,1.17,1.2,121000,
BPFH,10.08,10.22,9.92,10.18,485700,
BPI,12.94,13.2,12.88,13,476100,
BPL,68.129997,68.480003,67.720001,67.860001,352100,
BPO,17.12,17.15,16.915,17.1,812500,
BPOP,29.190001,29.5,28.959999,29.4,460700,
BPT,93.739998,94.690002,93.459999,93.629997,149300,
BPX,64.339996,64.529999,64.160004,64.209999,0,
BPY,21.040001,21.129999,20.879999,20.9,192200,
BPZ,1.92,1.94,1.9,1.92,427600,
BR,26.85,26.879999,26.610001,26.799999,668400,
BRC,31.5,31.5,31.129999,31.4,130800,
BRCD,5.53,5.68,5.53,5.66,5075000,
BRCM,35.400002,35.400002,34.810001,34.889999,9767500,
BRE,48.9,49.13,48.38,48.73,449000,
BREW,7.55,7.61,7.45,7.58,10200,
BRF,35.419998,35.48,35.09,35.16,459400,
BRFS,22.530001,22.73,22.32,22.49,1677900,
BRK.B,115.559998,115.980003,114.800003,115.150002,3126900,
BRKL,8.54,8.55,8.44,8.54,180500,
BRKR,16.459999,16.459999,16.059999,16.370001,617300,
BRKS,10.48,10.53,10.29,10.47,186800,
BRLI,29.66,29.71,28.86,29.03,326200,
BRO,32.400002,32.400002,32.049999,32.119999,310200,
BRS,64.059998,64.300003,62.830002,64.290001,166000,
BRY,45.16,45.2,44.83,44.92,296900,
BSAC,24.02,24.309999,23.610001,23.620001,314000,
BSBR,6.82,6.91,6.79,6.91,3681900,
BSDM,1.3,1.3,1.2,1.27,127000,
BSET,13.6,13.86,13.4,13.85,30500,
BSFT,29.67,30.84,29.360001,30.690001,279700,
BSMX,15.46,15.76,15.32,15.66,1985000,
BSRR,14.25,14.4,14.25,14.29,3500,
BSX,9.33,9.48,9.26,9.45,12655200,
BTE,37.439999,37.98,37.240002,37.84,107400,
BTH,13.54,13.73,13.3,13.65,165800,
BTI,110.019997,110.07,109.529999,109.910004,104500,
BTN,4.22,4.25,4.21,4.23,131900,
BTU,18.730008,18.770011,18.320008,18.44001,396100,
BTX,4.15,4.35,4.13,4.16,119400,
BUD,94.199997,94.220001,93.599998,93.720001,717900,
BUSE,4.459995,4.459995,4.349996,4.439996,23000,
BV,9.37,9.93,9.25,9.65,1164200,
BVN,17.83,18.120001,17.639999,17.709999,1007300,
BWA,83.019997,84.150002,82.43,83.839996,2360400,
BWC,30.559999,30.559999,30.219999,30.34,440400,
BWEN,4.32,4.32,4.2,4.23,73200,
BWLD,97.580002,99.129997,97.580002,98.010002,286800,
BWP,29.299999,29.5,29.1,29.41,338900,
BWS,21.97,22.3,21.63,22.23,283700,
BWX,57.720001,57.93,57.619999,57.77,348200,
BX,21.799999,22.120001,21.58,21.969999,3716800,
BXP,110,110.449997,108.93,109.32,844700,
BXS,17.040001,17.09,16.879999,17,509000,
BYD,12.38,12.47,12.19,12.37,1568600,
BYI,56.75,57.38,56.66,57.25,232700,
BZ,8.53,8.735,8.44,8.72,672000,
BZF,18.26,18.35,18.23,18.290001,24800,
BZH,19.49,19.6,18.950001,19.190001,893000,
BZQ,77.709999,79.900002,77.709999,78.639999,34800,
C,52,52.119999,51.209999,51.93,22354400,
CA,29.25,29.32,29.09,29.23,4798000,
CAAS,5.14,5.26,5.1,5.2,29300,
CAB,69.809998,70.290001,69.25,69.82,384600,
CACI,65.25,65.519997,64.43,64.720001,300300,
CADX,7.44,7.63,7.35,7.6,407300,
CAG,33.799998,33.919999,33.51,33.85,2667000,
CAH,46.990002,47.189999,46.540001,46.84,1945600,
CAJ,33.700001,33.73,33.119999,33.16,529900,
CAK,0.54001,0.59001,0.54001,0.55002,94200,
CAKE,41.689999,42,41.41,41.610001,358400,
CALD,6.32,6.34,6.22,6.33,243000,
CALL,14.6,15.51,14.46,15.47,439866,
CALM,45.43,46.389999,45.34,46.310001,163400,
CALX,10.31,10.4,10.27,10.35,276200,
CAM,62.740002,62.810001,61.889999,62.290001,1174100,
CAMP,13.19,13.61,13.05,13.48,195800,
CAP,26.309999,26.9,26.120001,26.5,47600,
CAR,33.860001,34.139999,33.450001,33.700001,875900,
CARB,11.41,12.08,11.32,12.05,132000,
CAS,17.25,17.299999,17.049999,17.09,287800,
CASY,62.299999,63.720001,62.060001,63.400002,336500,
CAT,84.709999,84.769997,83.629997,83.800003,4965200,
CATM,29.17,29.209999,28.629999,28.860001,92800,
CATO,25.48,25.59,25.360001,25.549999,46600,
CATY,20.309999,20.559999,20.190001,20.549999,111700,
CAVM,33.299999,33.52,32.860001,33.490002,312500,
CB,89.919998,90.309998,89.510002,90.230003,1411100,
CBAK,1.1,1.39,1.02,1.36,602400,
CBB,3.31,3.31,3.23,3.24,380000,
CBD,49.459999,49.599998,48.549999,48.990002,433200,
CBEY,8.44,9.08,8.41,9.06,112700,
CBF,17.709999,18.190001,17.379999,18.15,290600,
CBG,23.5,23.559999,23.08,23.200001,1646600,
CBI,60.57,61.299999,60.150002,60.740002,1022300,
CBK,7.08,7.14,6.96,7.08,583200,
CBL,23.059999,23.139999,22.75,22.9,1668800,
CBLI,1.61,1.65,1.55,1.63,4900,
CBM,13.59,13.9,13.43,13.89,119400,
CBOE,41.75,42.279999,41.400002,42.209999,856900,
CBR,4,4,3.86,3.94,199700,
CBRL,98.699997,100.010002,97.910004,97.919998,228600,
CBS,48.259998,48.529999,47.639999,47.790001,5045500,
CBS.A,48.049999,48.380001,47.759998,47.84,4000,
CBSH,44.110136,44.510148,43.790132,44.500133,299500,
CBST,51.7,52.07,50.96,51.49,571700,
CBT,39.189999,39.189999,38.549999,38.869999,189700,
CBU,29.75,29.91,29.52,29.879999,118700,
CBZ,6.69,6.75,6.61,6.69,128400,
CCC,17.879999,17.950001,17.51,17.65,500600,
CCE,37.139999,37.23,36.860001,37.16,2436800,
CCG,12.52,12.52,12.29,12.44,366900,
CCI,70.349998,70.57,68.959999,69.209999,2708300,
CCIX,19.9,20.1,19.57,20.01,171400,
CCJ,21.59,21.73,21.49,21.6,1140000,
CCK,43.200001,43.439999,43.009998,43.389999,860300,
CCL,32.68,32.759998,32.43,32.470001,3675500,
CCM,4.150003,4.150003,4.100004,4.150003,58700,
CCMP,35.459999,36,35.259998,35.73,59600,
CCO,7.71,7.79,7.3,7.35,321600,
CCOI,27.209999,28.09,27.09,27.780001,320300,
CCRN,5.13,5.17,5.09,5.14,46700,
CCUR,7.82,8.1,7.82,7.95,406500,
CDD,101.900002,102.129997,101.660004,101.940002,0,
CDE,13.69,14.18,13.63,14.01,1224800,
CDI,14.78,14.99,14.73,14.86,41000,
CDNS,15.3,15.32,15.02,15.05,2148400,
CDR,5.65,5.7,5.55,5.6,311900,
CDZI,6.11,6.11,5.6,5.68,94300,
CE,49.220001,49.220001,48.32,49.200001,770100,
CEB,61.09,61.380001,60.369999,61.130001,49200,
CEC,0.72156,0.72156,0.72156,0.72156,42700,
CECE,12.06,12.15,11.85,11.97,101300,
CECO,2.97,3.19,2.97,3.11,1139600,
CEL,9.12,9.23,9.09,9.15,68400,
CELG,120.910004,121,117.709999,117.830002,4792400,
CENTA,7.54,7.62,7.47,7.58,138600,
CENX,9.98,10.23,9.82,10.2,863600,
CEO,173.809998,174.339996,172.220001,173.869995,58000,
CERN,99.190002,99.480003,98.400002,98.449997,1424600,
CERS,4.78,4.91,4.78,4.91,272100,
CETV,3.37,3.59,3.34,3.55,733500,
CEVA,16.450001,16.5,16.26,16.360001,153300,
CF,195.279999,196.25,192.530003,193.780003,3093500,
CFI,17.879999,18.5,17.559999,18.5,53100,
CFN,38.23,38.48,37.69,37.9,3100200,
CFNL,15.4,15.68,15.23,15.62,79500,
CFR,64.660004,65.099998,64.400002,65.010002,354600,
CFX,50.599998,51.849998,50.310001,51.560001,621600,
CG,26.73,27.02,26.32,26.77,1322700,
CGA,2.83,2.84,2.8,2.8,28100,
CGEN,6.25,6.43,6.08,6.31,182600,
CGG,23.309999,23.309999,23.049999,23.139999,300,
CGI,19.68,19.83,19.5,19.6,43300,
CGNX,44.689999,45.16,44.23,45.110001,242800,
CGX,48.11,48.61,47.52,48.32,22700,
CHCO,39.450001,39.98,39.259998,39.740002,38200,
CHD,61.16,61.450001,60.59,61.119999,745600,
CHDN,81.900002,82.830002,81.599998,82.43,23100,
CHDX,16.36,16.75,16.36,16.74,6900,
CHE,71.870003,72.650002,71.529999,72.129997,143900,
CHEF,18.85,19.120001,18.75,18.940001,43700,
CHFC,25.790001,26.4,25.77,26.360001,15600,
CHH,39.990002,40.52,39.759998,39.869999,76400,
CHIQ,14.26,14.28,14.19,14.24,36700,
CHK,22.08,22.130001,21.740001,21.920001,10757700,
CHKP,50.77,50.970001,50.189999,50.509998,1489100,
CHKR,14.96,15.1,14.7,14.75,90700,
CHL,50.799999,51.07,50.630001,50.950001,497100,
CHLN,2.03,2.22,2.03,2.22,28800,
CHMT,21.219999,22.02,21.120001,21.959999,652300,
CHOP,2.01,2.12,2.01,2.04,2400,
CHRW,56.119999,56.810001,55.91,56.810001,1577100,
CHS,17.93,17.99,17.549999,17.549999,2690000,
CHSP,21.98,22.02,21.709999,21.9,474000,
CHT,31.75,31.860001,31.67,31.83,262900,
CHTP,2.46,2.58,2.43,2.53,764500,
CHTR,114.870003,115.150002,112.25,112.529999,1077400,
CHU,13.4,13.44,13.3,13.37,124000,
CHUY,35.110001,37.52,35.009998,37.299999,305500,
CI,68.540001,69.190002,68.529999,69,1134200,
CIB,59.130001,59.130001,58.23,58.52,147800,
CIE,26.370001,26.67,26.129999,26.42,1948500,
CIEN,19.700001,20.290001,19.6,20.17,5901000,
CIG,9.699999,9.769995,9.609997,9.699999,4038700,
CIM,3.08,3.1,3.06,3.07,988800,
CINF,46.580002,46.580002,46.169998,46.490002,677400,
CIS,1.75,1.8,1.74,1.78,235275,
CISG,6.26,6.3,6.17,6.2,19600,
CIT,46.68,47.42,46.59,46.73,1527749,
CJES,19.35,19.440001,19.030001,19.1,313000,
CKEC,17.9,18.139999,17.83,17.940001,62400,
CKH,78.18,78.919998,77.639999,78.889999,100900,
CKP,14.72,14.9,14.59,14.86,257300,
CKSW,7.79,8,7.79,7.95,63400,
CL,59.279999,59.349998,58.650002,58.82,2710200,
CLB,140.229996,140.229996,137.369995,139.070007,227500,
CLC,54.990002,54.990002,54.330002,54.790001,100700,
CLD,18.41,18.66,18.110001,18.41,319500,
CLDT,18.129999,18.139999,17.959999,18.09,15500,
CLDX,15.17,15.71,14.74,15.38,3604000,
CLF,17.83,18.17,17.540001,17.83,7492600,
CLGX,25.139999,25.200001,24.639999,24.780001,504800,
CLH,56,56.34,55.48,55.48,930400,
CLI,25.84,25.950001,25.379999,25.42,563900,
CLMS,10.77,10.84,10.64,10.82,111700,
CLMT,35.040001,35.93,35,35.68,508900,
CLNE,13.31,13.48,13.08,13.4,855800,
CLNY,21.190001,21.200001,20.82,20.84,792100,
CLP,4500,4500,4500,4500,0,
CLR,84.620003,85.779999,83.879997,85.650002,1406600,
CLS,9.58,9.58,9.47,9.57,114800,
CLSN,1.689999,1.729999,1.600001,1.669999,785700,
CLW,48.959999,49.580002,48.630001,49.540001,122600,
CLWR,4.37,4.39,4.27,4.27,8186400,
CLX,84.589996,84.720001,83.970001,84.57,561400,
CM,75.760002,76.330002,75.339996,76.099998,118700,
CMA,38.779999,39.119999,38.459999,38.860001,2009700,
CMC,14.59,14.79,14.41,14.61,468800,
CMCO,21.26,21.26,20.879999,21.200001,45800,
CMCSA,41.18,41.209999,40.5,40.669998,20579800,
CMCSK,39.889999,39.990002,39.16,39.389999,2735400,
CME,72.389999,73.970001,72.07,73.010002,3508800,
CMG,366.450012,369.109985,363.540009,364.570007,355500,
CMI,119.129997,119.129997,117.82,118.650002,897500,
CMLP,22.700001,22.76,22.440001,22.559999,63600,
CMN,34.600004,34.74,33.900001,34.720004,76200,
CMO,12.48,12.53,12.37,12.43,555000,
CMP,87,87.309998,86.260002,87.089996,102600,
CMRE,17.15,17.389999,17.030001,17.35,100900,
CMS,27.15,27.25,26.82,27.15,2309400,
CMTL,26.940001,26.940001,26.58,26.790001,82800,
CNA,34.18,34.18,33.560001,33.619999,221700,
CNC,49.77,50.220001,49.509998,50.189999,564400,
CNDO,8.83,8.91,8.36,8.65,286800,
CNH,44.12,44.66,43.78,44.57,369500,
CNI,99.830002,100.150002,98.889999,99.480003,846000,
CNIT,3.1,3.2,3.08,3.14,53900,
CNK,28.860001,29.09,28.559999,28.6,428700,
CNL,45.490002,45.619999,45.130001,45.529999,89500,
CNMD,32.400002,32.450001,32.080002,32.43,94100,
CNO,12.69,12.86,12.62,12.81,1011700,
CNP,23.41,23.549999,23.190001,23.33,2435500,
CNQ,29.25,29.379999,28.92,29.280001,2018200,
CNQR,81.45,81.45,80.35,80.99,188700,
CNS,36.93,37.07,36.540001,36.950001,60200,
CNSI,29.959999,30.66,29.84,30.65,32700,
CNSL,17.18,17.280001,17.040001,17.27,116000,
CNW,39.869999,40.07,39.27,39.630001,547400,
CNX,33.639999,33.759998,33.07,33.490002,1249900,
COCO,2.67,2.88,2.6299,2.79,1375000,
CODE,1.12,1.12,1.12,1.12,0,
CODI,17.17,17.190001,17,17.129999,104400,
COF,62.34,62.939999,62.18,62.540001,2270900,
COG,72.620003,72.949997,71.139999,71.639999,3292200,
COGO,1.94,1.94,1.77,1.79,36700,
COH,58.799999,59.040001,58.209999,58.689999,1993000,
COHR,57.759998,58.529999,57.189999,58.459999,32800,
COHU,11.46,11.6,11.37,11.54,47100,
COL,65.599998,65.790001,64.68,64.989998,442200,
COLB,22.110001,22.34,22.01,22.33,74300,
COLM,61.009998,62.740002,60.27,60.970001,532000,
CONE,21.719999,21.950001,21.459999,21.73,282100,
CONN,53.689999,55.200001,53.02,54.720001,670500,
COO,120.220001,122.769997,119.599998,121.629997,674500,
COP,62.360001,62.439999,61.950001,62.200001,4148100,
COR,31.690001,31.690001,30.43,31.110001,156900,
CORE,60.68,61.490002,60.540001,61.450001,43200,
CORN,41.689999,41.689999,40.610001,41.169998,52700,
CORR,7.59,7.77,7.51,7.53,13600,
CORT,1.84,1.86,1.81,1.83,63400,
COST,110.93,111.029999,109.639999,110.309998,1563900,
COT,8.06,8.15,7.93,8.13,338300,
COV,59.02,59.48,58.9,59.03,3562700,
COW,26.200001,26.639999,26.200001,26.370001,19000,
COWN,3.24,3.29,3.19,3.28,741600,
CP,126.599998,127.57,124.099998,124.489998,599700,
CPA,134.070007,134.649994,132.070007,134.070007,156700,
CPB,44.580002,44.669998,43.630001,43.939999,2247500,
CPE,3.57,3.69,3.56,3.59,232200,
CPF,18.379999,18.379999,17.92,18.120001,81700,
CPHD,34.66,34.689999,33.919998,34.669998,309500,
CPIX,5.13,5.2,5.04,5.18,44200,
CPL,20.769939,20.779937,20.459937,20.679936,397300,
CPLA,46.119999,47.419998,45.59,46.029999,62600,
CPLP,9.25,9.33,8.99,9.26,119600,
CPN,20.92,20.98,20.73,20.98,2069300,
CPRT,32.369999,32.41,31.860001,32.200001,2349400,
CPSI,50.400002,50.639999,50.099998,50.540001,47500,
CPSS,7.8,7.92,7.6,7.7,42400,
CPT,67.800003,68.040001,66.690002,67.050003,387200,
CPWR,10.6593,10.765,10.5441,10.5921,1075700,
CQB,10.34,10.72,10.25,10.71,268800,
CQP,28.93,29.17,27.870001,28.059999,330400,
CQQQ,27.25,27.299999,27.190001,27.26,4800,
CR,59.279999,59.57,58.66,58.869999,211700,
CRAY,18.370001,18.700001,18.280001,18.690001,130500,
CREE,63.200001,63.889999,62.279999,63.529999,1420400,
CRH,21.08,21.1,20.870001,21.07,104200,
CRI,71.910004,72.709999,71.730003,72.599998,536800,
CRIS,3.54,3.54,3.35,3.5,353900,
CRK,17.22,17.37,16.94,17.37,211500,
CRL,42.290001,42.490002,41.77,42.490002,227400,
CRM,39.950001,39.970001,38.52,38.68,10800800,
CRME,1.95,2.05,1.95,2.03,13400,
CRMT,44.25,44.279999,43.299999,43.48,27000,
CRNT,3.93,3.99,3.93,3.97,38400,
CROC,44.009998,44.25,43.68,43.779999,37200,
CROX,17.18,17.32,17.120001,17.15,789100,
CRR,67.800003,68.349998,67,67.309998,189600,
CRRC,13.41,13.41,13.24,13.26,20900,
CRS,47.93,48.200001,47.59,47.720001,301400,
CRTX,10.33,10.359,10.12,10.25,87700,
CRUS,18.09,18.67,18,18.549999,2464400,
CRY,6.31,6.4,6.18,6.37,39800,
CRZO,26.639999,27.1,26.129999,27.040001,405000,
CS,29.17,29.18,28.66,29.01,774300,
CSC,46.789998,46.809999,46.039999,46.069998,2335000,
CSCO,24.57,24.67,24.280001,24.360001,33779400,
CSE,9.63,9.74,9.53,9.66,848600,
CSGP,115.400002,116.900002,115.120003,116.610001,62700,
CSGS,21.040001,21.16,20.9,21.110001,64500,
CSH,48.899993,49.070011,48.439997,48.820012,198100,
CSII,21.5,21.809999,21.110001,21.75,154800,
CSIQ,9.22,10.22,8.95,10.16,5127800,
CSL,66.870003,66.919998,66.230003,66.779999,360500,
CSOD,41.040001,41.779999,40.700001,41.540001,379500,
CST,32.599998,32.790001,32.009998,32.060001,848300,
CSTE,27.540001,28.09,27.26,27.879999,105900,
CSTR,58.23,58.35,57.63,57.88,269300,
CSU,25.690001,25.99,25.450001,25.9,80600,
CSUN,1.78,1.95,1.75,1.92,94900,
CSV,19.040001,19.040001,18.51,18.860001,77300,
CSX,25.16,25.309999,25.030001,25.08,6823500,
CTAS,45.950001,46.049999,45.560001,45.810001,265300,
CTB,25.02,25.200001,24.700001,24.82,638500,
CTCM,12.18,12.25,11.89,11.89,335500,
CTCT,16.26,16.49,16.18,16.290001,283500,
CTGX,24.25,24.29,23.86,24.04,192400,
CTIC,1.22,1.24,1.19,1.22,893600,
CTL,35.529999,35.689999,35.380001,35.619999,3194600,
CTRN,13.98,14.04,13.77,14.01,27900,
CTRP,33.610001,34.049999,33.200001,33.880001,1180200,
CTRX,49.860001,50.5,48.099998,48.66,1585700,
CTS,12.3,12.5,12.16,12.49,53600,
CTSH,66.610001,66.639999,64,64.110001,7069200,
CTXS,63.459999,63.730001,62.689999,63.37,1805500,
CU,23.200001,23.200001,22.92,23.040001,12400,
CUB,48.560001,48.869999,47.810001,48.349998,66400,
CUBE,16.25,16.290001,15.95,16.049999,744500,
CUI,5.4,5.5,5.3,5.49,134928,
CUK,33.439999,33.57,33.27,33.32,60200,
CUTR,9.19,9.26,8.81,8.91,53500,
CUZ,9.680001,9.71,9.560001,9.600001,982400,
CVA,20.15,20.32,20.09,20.1,1849500,
CVBF,11.5,11.57,11.41,11.55,281700,
CVC,14.65,14.76,14.23,14.31,3733900,
CVD,74.74,75,74.09,74.75,184900,
CVE,29.92,30.16,29.66,29.940001,866800,
CVG,17.9,18.030001,17.790001,17.870001,354300,
CVGI,7.79,7.86,7.72,7.84,29500,
CVGW,28.870001,28.879999,28.639999,28.799999,54400,
CVI,59.099998,59.290001,57.5,57.599998,517100,
CVLT,71.690002,72.510002,70.669998,72.459999,227600,
CVO,2.23,2.26,2.15,2.17,19100,
CVRR,30.73,30.799999,30.65,30.76,831300,
CVS,58.540001,59.290001,58.5,58.599998,4952100,
CVU,10,10.01,9.79,9.93,17200,
CVX,122.940002,122.980003,121.800003,122.690002,5585600,
CVY,24.17,24.209999,24.040001,24.110001,836000,
CW,36.93,36.990002,36.450001,36.830002,104100,
CWCO,10.79,10.9,10.61,10.77,30200,
CWH,0.14,0.14,0.14,0.14,0,
CWST,4.09,4.14,4,4.14,49300,
CWT,19.77,19.9,19.66,19.9,114900,
CWTR,2.94,2.96,2.86,2.9,148600,
CX,10.979954,11.049965,10.739958,10.969971,11531000,
CXDC,4.25,4.26,4.24,4.24,28900,
CXO,89.309998,89.309998,87.580002,88.5,747800,
CXPO,2.95,2.959,2.91,2.95,19900,
CXW,35.919998,35.990002,35.25,35.419998,967200,
CY,10.91,10.98,10.83,10.88,1419000,
CYB,26.01,26.07,26,26,61700,
CYBX,52.130001,52.68,51.610001,52.540001,276300,
CYC,1209.12,1209.12,1209.12,1209.12,0,
CYCC,3.209999,3.219999,3.149999,3.179999,6000,
CYD,17.959999,17.99,17.790001,17.84,18000,
CYH,49.880002,50.62,49.690002,49.919998,1150700,
CYN,62.009998,62.580002,61.66,62.529999,151400,
CYNO,23.379999,23.73,23.280001,23.719999,150800,
CYOU,31.74,32.490002,31.15,31.82,194600,
CYS,10.39,10.44,10.21,10.23,1877800,
CYT,72.480003,73.230003,72.089996,73.080002,1131000,
CYTR,2.21,2.26,2.17,2.25,89000,
CYTX,2.350001,2.370001,2.290001,2.360001,11700,
CZR,14.04,14.32,13.85,13.99,260000,
CZZ,17.969999,18.01,17.57,17.610001,875700,
D,55.810001,55.98,55.330002,55.790001,2991600,
DAKT,10.5,10.65,10.4,10.62,60600,
DAL,18.469999,18.690001,18.209999,18.59,7801700,
DAN,19.09,19.219999,18.870001,18.93,1058100,
DANG,7.44,7.76,7.18,7.54,2592500,
DAR,19.440001,19.629999,19.27,19.540001,522100,
DATA,56.68,58.200001,55.779999,58.110001,375200,
DATE,5.03,5.14,4.98,5.04,12900,
DAVE,12.61,12.67,12.45,12.55,89900,
DB,48.46,48.469999,47.619998,47.9,1057900,
DBA,25.58,25.790001,25.58,25.74,402700,
DBB,17.18,17.190001,17.09,17.139999,55900,
DBC,26.219999,26.25,26.16,26.219999,1086400,
DBD,32.290001,32.290001,31.889999,32.169998,313000,
DBE,27.98,28.110001,27.959999,27.99,53200,
DBJP,34.509998,34.509998,33.439999,33.669998,103200,
DBLE,3.95,4.16,3.95,4.05,20100,
DBO,26.26,26.43,26.219999,26.360001,148300,
DBP,45.27,45.59,45.220001,45.52,7800,
DBS,36.779999,37.18,36.77,36.990002,9100,
DBV,26.07,26.09,25.98,26.01,186100,
DCI,37.259998,37.360001,36.799999,36.93,232500,
DCIX,5.25,5.3,5.15,5.3,34200,
DCM,15.23,15.29,15.19,15.22,287100,
DCO,20.200001,20.84,20.17,20.809999,75400,
DCT,7.6,7.64,7.4,7.44,727700,
DCTH,0.39,0.39,0.38,0.39,3400,
DD,55.659997,55.719997,54.949998,55.52,4647000,
DDC,15.38,15.63,14.85,14.85,357800,
DDD,45.880001,47.360001,45.57,47.110001,4385100,
DDM,97.300003,97.339996,96.220001,96.489998,422000,
DDR,17.51,17.620001,17.379999,17.540001,2676700,
DDS,85.720001,86.239998,84.870003,85.089996,396700,
DE,87.25,87.309998,85.910004,86.199997,2504100,
DECK,53.540001,54.330002,53.02,53.360001,577200,
DEI,24.68,24.799999,24.440001,24.6,738400,
DELL,13.46,13.48,13.4,13.42,7518700,
DEM,52.380001,52.380001,51.900002,52.02,1234200,
DENN,6.22,6.24,6.1,6.17,469000,
DEO,120.870003,121.510002,120.239998,121.459999,694300,
DEPO,5.73,5.82,5.7,5.75,328600,
DES,58.5,58.700001,58.200001,58.68,168600,
DEST,25.02,25.15,24.719999,25.049999,34700,
DF,10.33,10.41,10.19,10.3,1882500,
DFJ,47.330002,47.330002,46.900002,47.07,91800,
DFRG,20.530001,20.530001,19.91,19.950001,34900,
DFS,48.869999,49.380001,48.470001,49.139999,4600400,
DFT,24.74,24.799999,24.32,24.41,406300,
DG,51.110001,51.330002,50.310001,50.349998,5033200,
DGI,30.93,31.389999,30.549999,31.379999,468900,
DGII,9.85,9.94,9.82,9.9,31800,
DGIT,7.04,7.04,6.86,6.93,233700,
DGL,46.75,47.049999,46.66,46.970001,27000,
DGS,49.580002,49.650002,49.139999,49.169998,256000,
DGX,62.439999,63.400002,62.439999,63.200001,935300,
DHI,23.700001,23.700001,22.610001,23.059999,6016100,
DHR,62.22,62.620001,61.970001,62.29,3284700,
DHT,4.4,4.43,4.37,4.43,14600,
DHX,9.18,9.3,9.18,9.3,190400,
DIA,152.789993,152.880005,151.979996,152.210007,4917900,
DIG,58.259998,58.610001,57.459999,57.77,69100,
DIN,74.129997,74.959999,74.050003,74.5,314300,
DIOD,23.51,23.59,23.290001,23.51,112300,
DIS,64.910004,64.970001,63.700001,63.830002,6729500,
DISCA,76.330003,76.330003,74.120002,74.350002,2930000,
DISCK,68.110001,68.150002,65.889999,66.019997,528600,
DISH,39.389999,39.470001,38.549999,38.860001,1055500,
DJP,38.459999,38.529999,38.360001,38.389999,620900,
DJX,152.48,153.01,152.11,152.39,9424506880,
DK,34.799999,35.110001,34.5,34.75,286000,
DKL,34.470001,35.040001,34.040001,34.75,12200,
DKS,52.389999,52.68,51.860001,52.240002,874300,
DLB,35.040001,35.23,34.68,35,467800,
DLLR,15.36,15.64,15.27,15.56,384300,
DLN,61.529999,61.540001,61.189999,61.23,124800,
DLPH,50.84,50.860001,50.259998,50.66,1950200,
DLR,61.049999,61.91,60.52,61.529999,1439700,
DLTR,49.740002,50.119999,49.330002,49.799999,1290700,
DLX,36.68,37.240002,36.68,37.040001,165200,
DM,1.63,1.75,1.62,1.74,225200,
DMD,8.229997,8.240002,8.090001,8.160002,223200,
DMLP,25.25,25.389999,25.01,25.299999,17800,
DMND,16.33,17.549999,16.200001,17.540001,993400,
DNB,99.550003,99.720001,98.5,99.379997,207500,
DNDN,3.9,4.01,3.82,4,4063059,
DNKN,41.580002,41.959999,41.130001,41.5,919700,
DNN,1.3,1.3,1.25,1.26,745200,
DNO,36.540001,36.540001,36.369999,36.41,6800,
DNR,18.799999,18.809999,18.58,18.66,3308100,
DO,69.029999,69.110001,68.150002,68.629997,434200,
DOG,28.93,29.09,28.92,29.030001,290000,
DOLE,9.91,10.21,9.78,10.2,1835900,
DOM,5.05,5.05,4.95,5.03,20300,
DORM,45.799999,46.5,45.799999,46.439999,129500,
DOV,79.720003,79.760004,78.470001,78.790006,1108900,
DOW,34.540001,34.689999,34.119999,34.330002,4337700,
DOX,36.02,36.060001,35.810001,35.889999,447000,
DPK,13.2,13.44,13.01,13.3,8100,
DPM,48.369999,48.900002,47.82,48.880001,245000,
DPS,46.52,47.049999,46.130001,47.049999,1521000,
DPZ,60.950001,61.240002,60.43,60.720001,527900,
DRC,61.48,61.790001,60.310001,60.689999,245400,
DRD,6.09,6.11,5.99,6.08,26100,
DRE,16.17,16.25,15.98,16.030001,1680700,
DRH,9.39,9.41,9.2,9.23,1044900,
DRI,54.560001,55.25,54.209999,54.66,891300,
DRIV,17.72,18.13,17.53,18.12,227600,
DRN,47.98,48.66,46.419998,46.75,2063200,
DRQ,92.010002,92.059998,90.349998,90.889999,243600,
DRRX,0.81,0.81,0.77,0.79,335500,
DRV,15.25,15.91,15.17,15.81,48100,
DRWI,2.95,2.95,2.73,2.86,7500,
DRYS,1.839999,1.849999,1.799999,1.819999,100,
DSCI,13.5,13.53,13.41,13.5,24200,
DSCO,1.750001,1.810001,1.690001,1.750001,22000,
DSS,2.81,2.89,2.75,2.88,50300,
DST,68,68.099998,67.400002,67.849998,167800,
DSW,73.360001,73.959999,72.879997,73.900002,1077200,
DSX,9.68,9.71,9.52,9.56,411400,
DTE,67.540001,67.610001,66.989998,67.120003,3208700,
DTLK,11.09,11.46,11.03,11.21,42300,
DTN,63.709999,63.709999,63.389999,63.490002,47600,
DTSI,19.9,21.09,19.559999,21.059999,70100,
DTV,62.209999,62.240002,61.700001,62.09,2521400,
DUG,62.200001,63.139999,61.689999,62.740002,102200,
DUK,68.029999,68.419998,67.510002,67.889999,2312400,
DUST,81.619998,84.289998,78.099998,81.289998,24400,
DV,30.23,31.48,30.23,31,388300,
DVA,126.470001,127.730003,126,127.599998,995400,
DVAX,1.82,1.84,1.38,1.4,2785400,
DVN,56.790001,56.849998,55.889999,56.220001,1960300,
DVR,0.2,0.2,0.2,0.2,0,
DVY,65.059998,65.099998,64.690002,64.949997,1239700,
DW,38.970001,39.93,38.470001,39.91,153800,
DWA,22.85,22.99,22.459999,22.530001,467400,
DWRE,32.860001,33.34,32.619999,32.990002,186400,
DWSN,8.579914,8.579914,8.329917,8.439916,10600,
DWX,46.950001,46.959999,46.619999,46.779999,138400,
DX,10.47,10.47,10.34,10.38,301700,
DXCM,22.030001,22.32,21.9,22.139999,588100,
DXD,33.799999,34.16,33.75,34.07,804700,
DXJ,46.599998,46.66,45.939999,46.34,11076600,
DXLG,5.3,5.3,5.18,5.24,55200,
DXM,17.08,17.5,16.6,16.870001,218300,
DXPE,63.610001,63.610001,62.389999,63.200001,103500,
DY,23.49,23.49,22.9,23,128400,
DYAX,2.95,3.03,2.9,2.98,343100,
DYN,23.66,23.84,22.91,23.08,879600,
DZK,52.27,52.32,51.75,52.139999,3100,
E,45.369999,45.720001,45.07,45.57,143100,
EA,23.6,23.66,22.799999,22.870001,3780500,
EAT,41.299999,41.73,40.889999,41.119999,1087700,
EBAY,51.800001,53.389999,51.600001,53.249996,27733100,
EBF,17.26,17.26,16.65,17.02,38500,
EBIX,19.75,19.76,19.65,19.690001,353000,
EBR,2.34,2.4,2.3,2.39,1143800,
EBR.B,4.19,4.19,4.05,4.12,486000,
EBS,15.03,15.17,14.8,15.13,119500,
EC,43.32,43.529999,42.849998,43.07,295900,
ECA,18.469999,18.58,18.299999,18.559999,4609200,
ECH,55.900002,55.990002,54.470001,54.529999,181600,
ECHO,17.6,17.719999,17.41,17.709999,148600,
ECL,85,85.449997,84.470001,84.610001,1316200,
ECOL,28.110001,28.700001,28.059999,28.49,87800,
ECPG,36.41,37.200001,36.41,37.16,293700,
ECT,10.6,10.62,10.18,10.21,118800,
ECYT,12.23,12.35,11.8,12.14,292500,
ED,57.5,57.700001,57.130001,57.400002,1211300,
EDAP,3.82,3.82,3.67,3.7,36500,
EDC,26.49,26.49,25.85,26.110001,170400,
EDE,21.950001,22.120001,21.83,22.030001,98000,
EDIV,42.209999,42.23,41.880001,42.049999,83700,
EDMC,7.02,7.45,7.02,7.23,53500,
EDR,10.349896,10.349896,10.169899,10.189898,115500,
EDU,22.299999,23.110001,22.26,22.459999,1918700,
EDZ,56.310001,57.650002,56.279999,57.119999,481000,
EE,36.16,36.5,36.060001,36.32,148000,
EEB,32.73,32.77,32.48,32.740002,46800,
EEFT,31.309999,31.57,30.940001,31.040001,156800,
EEM,40.330002,40.330002,39.990002,40.139999,94653100,
EEMV,59,59.02,58.509998,58.59,802000,
EEP,29.690001,29.83,29.469999,29.690001,687600,
EEQ,29.800102,30.000099,29.550099,29.8601,189700,
EET,69.699997,70.610001,68.629997,68.949997,16500,
EEV,24.799999,25.18,24.799999,25.040001,208100,
EFA,60.470001,60.490002,60.130001,60.360001,14559800,
EFAV,58.290001,58.290001,57.950001,58.189999,50300,
EFC,23.209999,23.559999,23.059999,23.309999,116000,
EFG,64.650002,64.730003,64.349998,64.580002,103900,
EFII,29.23,29.23,28.83,29.040001,243100,
EFU,56.57,57.259998,56.57,56.950001,8800,
EFV,51.41,51.41,51.060001,51.299999,64200,
EFX,60.529999,60.919998,60.099998,60.349998,622700,
EFZ,38.560001,38.799999,38.27,38.68,35900,
EGAN,8.1,8.17,8,8.02,50300,
EGBN,22.889999,23.209999,22.700001,22.91,36600,
EGHT,8.16,8.21,7.97,8.04,643900,
EGLE,4.030007,4.100007,3.870007,3.900007,1700,
EGN,55.169998,55.369999,54.310001,54.470001,544900,
EGO,7.83,7.95,7.75,7.81,3346700,
EGOV,16.26,16.4,16.139999,16.379999,132900,
EGP,59.029999,59.380001,57.91,57.939999,222300,
EGY,6.34,6.36,6.17,6.28,231400,
EHTH,25.219999,25.35,24.790001,24.879999,61200,
EIG,24.870001,25.1,24.799999,24.99,127800,
EIX,47.470001,47.509998,46.950001,47.060001,4757400,
EJ,4.730001,4.859995,4.730001,4.819995,159700,
EKDKQ,0.133,0.134,0.13,0.1308,2002500,
EL,68.209999,68.330002,67.199997,67.599998,1653500,
ELD,49.240002,49.299999,48.669998,48.93,459400,
ELGX,12.9,13.3,12.9,13.23,594400,
ELLI,23.139999,24.040001,22.93,24.030001,358600,
ELN,13.51,13.76,13.49,13.62,20067500,
ELNK,5.97,6.28,5.9,6.23,1727100,
ELON,2.33,2.49,2.3,2.37,14500,
ELOS,8.78,8.99,8.68,8.88,95400,
ELP,15.71,15.9,15.63,15.81,471600,
ELRC,17.450001,17.59,17.280001,17.51,22400,
ELX,6.51,6.53,6.44,6.52,329600,
ELY,6.73,6.81,6.69,6.77,362200,
EMAN,3.85,3.9,3.7503,3.83,84752,
EMB,113.110001,113.110001,111.879997,112.25,1366700,
EMC,24.709999,24.950001,24.629999,24.879999,17380000,
EME,39.400002,39.689999,39,39.68,195700,
EMKR,3.95,3.95,3.66,3.74,302500,
EMLC,25.209999,25.219999,24.879999,24.91,740800,
EMN,70.690002,71.07,70.169998,70.550003,839900,
EMR,57.950001,57.959999,57.16,57.490002,2698300,
ENB,42.830002,43.720001,42.779999,43.68,1037700,
END,3.62,3.64,3.47,3.51,449700,
ENDP,38,38.759998,37.919998,38.540001,1700100,
ENG,0.92,0.93,0.82,0.87,381400,
ENH,50.84,51,50.310001,50.919998,823700,
ENI,16.6,16.6,15.97,15.97,1092300,
ENOC,13.48,13.48,13.14,13.41,235600,
ENPH,6.99,7.39,6.9,7,301800,
ENR,99.449997,99.449997,98.580002,99.029999,280000,
ENS,50.650002,50.919998,50.27,50.619999,481600,
ENSG,36.150002,36.240004,35.840007,36.139996,155000,
ENTG,10.12,10.18,10.02,10.1,299600,
ENTR,4.46,4.52,4.425,4.5,588300,
ENVI,1.69,1.77,1.66,1.75,1178100,
ENZ,2.31,2.31,2.25,2.27,92400,
ENZN,1.62,1.65,1.6,1.6,509400,
EOC,47.110001,47.200001,46.09,46.299999,88100,
EOG,132.330002,132.600006,131.149994,131.619995,1533600,
EOPN,14.54,14.9,14.43,14.55,30200,
EOX,6.44,6.47,6.22,6.35,11400,
EPAM,25.4,25.889999,25.299999,25.549999,412300,
EPAX,3.66,3.7,3.64,3.68,29900,
EPAY,27.690001,28.1,27.48,28.08,237300,
EPB,42.3,42.78,42.09,42.61,228400,
EPD,60.349998,60.48,59.709999,59.830002,4635600,
EPI,17.09,17.1,16.959999,17.030001,2830200,
EPIQ,12.33,12.47,12.26,12.39,39200,
EPL,29.98,30.14,29.53,30.13,175300,
EPM,10.71,10.85,10.5,10.7,49200,
EPP,45.130001,45.169998,44.900002,44.919998,2825600,
EPR,52.560001,52.869999,52.139999,52.380001,286000,
EPU,35.57,35.860001,35.5,35.810001,99200,
EPV,21.799999,22.030001,21.799999,21.84,5300,
EPX,429.72,430.1,425.43,428.6,0,
EQIX,193.869995,200.449997,193.210007,199.009995,1669600,
EQM,46.009998,47.509998,45.700001,46.970001,69800,
EQR,56.689999,56.889999,55.900002,56.040001,2159600,
EQT,82.510002,82.629997,81,81.82,1045600,
EQU,3.68,3.75,3.65,3.75,21900,
EQY,23.83,23.83,23.530001,23.67,376100,
ERF,15.13,15.4,14.99,15.35,561100,
ERIC,11.71,11.83,11.67,11.79,2631100,
ERII,4.05,4.06,3.98,4.06,84500,
ERJ,36.119999,36.59,35.91,36.380001,665100,
EROC,8.87,8.91,8.82,8.9,267100,
ERX,70.300003,70.580002,68.360001,68.940002,392700,
ERY,28.58,29.469999,28.549999,29.209999,239100,
ESC,25.08,25.39,24.89,25.38,169900,
ESE,33.110001,33.130001,32.82,33.009998,44500,
ESEA,1.04,1.04,1,1.03,8200,
ESI,27.08,28.17,26.82,27.780001,895300,
ESIO,11.36,11.46,11.26,11.39,64400,
ESL,72.669998,73.099998,72.150002,73.080002,79900,
ESRX,62.34,63.27,62.209999,62.73,3612100,
ESS,156.130005,157.679993,154.740005,156,298800,
ESV,60.709999,60.740002,59.5,60.060001,1918700,
ET,33.63,33.63,33.56,33.59,7443300,
ETE,58.07,58.169998,57.049999,57.299999,2455200,
ETFC,11.78,11.88,11.66,11.87,2394000,
ETH,31.450001,31.82,30.959999,31.57,150400,
ETM,10,10.13,9.64,10,131500,
ETN,65.690002,66.980003,65.07,65.639999,7466900,
ETP,50,50.049999,49.450001,49.779999,644800,
ETR,69.290001,69.879997,68.75,69.57,1607700,
ETRM,1.260001,1.280001,1.180001,1.190001,30000,
EUI,75.669998,75.849998,75.370003,75.419998,0,
EUO,18.809999,18.82,18.59,18.610001,338800,
EUU,132.160004,132.679993,131.839996,132.589996,0,
EV,41.009998,41.139999,40.25,41.02,710200,
EVC,5.14,5.28,5.02,5.2,1372400,
EVEP,36.959999,37.099998,35.610001,35.84,800400,
EVER,16.360001,16.540001,16.16,16.51,606600,
EVR,37.669998,37.669998,37,37.099998,363800,
EVTC,20.299999,20.4,20.120001,20.219999,379300,
EW,68.300003,69.790001,68,69.449997,3165200,
EWA,23.690001,23.780001,23.610001,23.65,3580100,
EWBC,26.280001,26.559999,26.07,26.559999,868200,
EWC,27.67,27.790001,27.540001,27.74,1261200,
EWD,32.669998,32.73,32.529999,32.619999,167400,
EWG,26.690001,26.709999,26.49,26.629999,8196500,
EWH,19.23,19.23,19.030001,19.049999,3801400,
EWI,13.26,13.26,13.13,13.21,1046800,
EWJ,11.19,11.2,11.08,11.14,15782900,
EWL,30.01,30.110001,29.84,30.07,1259500,
EWM,16.139999,16.139999,15.93,15.97,277600,
EWP,30.52,30.52,30.23,30.379999,947400,
EWQ,25.15,25.15,24.99,25.1,361800,
EWS,13.26,13.26,13.18,13.21,581600,
EWT,13.69,13.7,13.6,13.64,1408300,
EWU,18.799999,18.85,18.73,18.780001,828200,
EWV,20.6,21.040001,20.530001,20.82,130600,
EWW,66.029999,66.370003,65.550003,66.199997,2276200,
EWX,47.25,47.25,46.709999,46.810001,35000,
EWY,56.25,56.25,55.779999,55.869999,1740300,
EWZ,49.099998,49.41,48.650002,49.189999,13761400,
EXA,9.12,9.55,8.62,9.12,60900,
EXAM,19.049999,20.09,19.030001,19.82,406600,
EXAR,11.14,11.39,11.13,11.37,98900,
EXAS,12.94,13.56,12.81,13.49,1757700,
EXC,31.559999,31.559999,31.15,31.389999,7029400,
EXEL,4.8,4.81,4.69,4.8,615700,
EXH,29.15,29.15,28.389999,28.9,254500,
EXK,4.17,4.19,4.05,4.15,453100,
EXL,13.42,13.42,13.21,13.29,98900,
EXLP,28.629999,29.4,28.26,28.370001,112200,
EXLS,29.780001,30.25,29.67,30.24,89900,
EXM,2.21,2.21,2.21,2.21,0,
EXP,71.080002,71.370003,69.510002,70.970001,521500,
EXPD,38.630001,38.77,38.360001,38.48,1310900,
EXPE,55.860001,57.060001,55.860001,56.740002,1343500,
EXPO,58.18,58.41,56.959999,58.049999,49400,
EXPR,21.98,22.18,21.719999,21.870001,1341300,
EXR,43.049999,43.049999,42.400002,42.580002,973300,
EXTR,3.5,3.54,3.48,3.53,483000,
EXXI,25.700001,25.85,25.25,25.75,730700,
EZA,57.049999,57.119999,56.57,56.580002,303500,
EZCH,28.18,28.959999,28.01,28.879999,268800,
EZJ,77.980003,78.599998,76.449997,77.150002,80000,
EZPW,19.110001,19.370001,18.940001,19.25,303100,
EZU,35.299999,35.299999,35.049999,35.240002,276100,
F,15.86,15.9,15.6,15.71,29589300,
FAF,22.790001,22.959999,22.549999,22.66,712100,
FALC,1.66,1.68,1.57,1.61,139100,
FARO,34.959999,35.279999,34.310001,34.75,131000,
FAS,68.730003,68.940002,67.25,68.050003,27876000,
FAST,48.360001,48.91,47.93,48.52,1582500,
FAZ,31.93,32.630001,31.85,32.220001,1408300,
FB,24.059999,24.6,23.99,24.33,58393000,
FBC,13.55,13.65,13.28,13.44,475100,
FBHS,40.299999,40.299999,38.450001,39.029999,2258700,
FBN,4.91,4.952,4.68,4.78,81529,
FBP,6.49,6.96,6.43,6.96,519100,
FBR,11.19,11.24,10.88,11.01,2114600,
FBRC,24.860001,25.73,24.860001,25.309999,75800,
FBT,58.349998,58.349998,57.43,57.959999,29100,
FCE.A,18.71,18.83,18.51,18.75,1014600,
FCEL,1.429999,1.519999,1.379999,1.479999,267000,
FCFS,57.040001,57.34,56.119999,56.689999,92500,
FCG,17.380001,17.380001,17.05,17.230001,170300,
FCH,6.03,6.15,5.9,6.13,805100,
FCN,37.290001,37.490002,36.810001,37.240002,177000,
FCS,14,14.02,13.83,13.89,689000,
FCX,30.77,31,30.379999,30.879999,25711000,
FDEF,22.35,23.290001,22.35,22.959999,35100,
FDN,45.91,46.139999,45.689999,46.080002,175500,
FDO,62.25,62.950001,62,62.549999,1209200,
FDP,26.85,27.200001,26.690001,27.190001,155300,
FDS,101,101.480003,100.730003,101.040001,196800,
FDUS,18.32,18.549999,18.280001,18.35,72400,
FDX,99.860001,99.980003,98.540001,98.660004,1842300,
FE,39,39.09,38.66,38.919998,2503500,
FEIC,73.940002,74.139999,73.129997,73.400002,229700,
FET,30.58,31.52,30.280001,30.58,337700,
FEZ,36.040001,36.049999,35.77,35.959999,490300,
FF,14.48,14.55,14.35,14.51,140000,
FFBC,15.08,15.23,14.94,15.21,312600,
FFCH,21.06,21.21,20.92,21.13,20900,
FFG,42.830002,43.200001,42.75,43.09,18900,
FFIC,15.66,15.81,15.54,15.79,61100,
FFIN,56.369999,56.849998,55.299999,56.720001,122200,
FFIV,78.18,78.610001,76.669998,77.470001,1338300,
FFNW,10.32,10.49,10.22,10.27,14400,
FGP,21.860001,22.129999,21.610001,22,283400,
FHCO,9.9,9.92,9.8,9.88,58200,
FHN,11.35,11.6,11.3,11.51,3028300,
FICO,49.040001,49.040001,48.439999,48.779999,160100,
FIG,7.57,7.6,7.33,7.39,2384400,
FII,28.98,29.08,28.24,28.299999,940500,
FINL,21.35,21.549999,21.280001,21.33,350300,
FIO,14,14.55,13.82,14.25,3606800,
FIRE,53.7,54.29,53.21,54.22,258400,
FIS,44.580002,44.77,44.330002,44.709999,1323900,
FISV,86.550003,86.629997,85.959999,86.419998,962200,
FITB,18.42,18.700001,18.42,18.6,8096900,
FIVE,36.509998,37.91,36.419998,37.130001,312500,
FIW,28.57,28.59,28.34,28.469999,19700,
FIX,14.88,14.96,14.68,14.87,123900,
FIZZ,17.68,18.17,17.530001,17.99,51500,
FL,35.240002,35.459999,35.060001,35.220001,2433000,
FLDM,16.24,16.41,16.01,16.200001,155600,
FLEX,7.88,7.9,7.77,7.85,6035500,
FLIR,24.48,24.530001,24.24,24.360001,1629800,
FLML,6.13,6.2,6.01,6.11,69100,
FLO,32.750001,32.84,32.400001,32.779999,1027000,
FLOW,3.61,3.66,3.5,3.63,410500,
FLR,63,63.48,62.400002,63.080002,980700,
FLS,168.619995,169.369995,167.370003,168.43,548700,
FLT,87.489998,88.5,87.230003,88.099998,671000,
FLTX,31.5,31.610001,31.24,31.440001,178300,
FLWS,5.9,6.04,5.81,5.89,235900,
FLY,15.77,16.16,15.75,16.08,59600,
FMBI,13.12,13.28,13.01,13.19,237000,
FMC,63.169998,63.419998,62.189999,62.82,467500,
FMER,19,19.17,18.799999,19.17,723000,
FMS,34.889999,35.189999,34.84,35.119999,169200,
FMX,104.269997,104.699997,102.489998,102.900002,570700,
FN,14.5,14.55,14.4,14.46,201200,
FNB,11.45,11.56,11.36,11.55,500900,
FNF,25.789997,25.879994,25.409997,25.430001,2132000,
FNFG,9.75,9.89,9.65,9.85,2897800,
FNGN,44.860001,46.380001,43.900002,46.349998,1312600,
FNI,22.1,22.1,21.950001,22.059999,2800,
FNP,21.97,22.16,21.73,21.9,513300,
FNSR,14.14,14.3,13.99,14.15,1224900,
FNV,41.25,41.869999,40.73,41.759998,221000,
FOE,6.67,6.71,6.6,6.65,335900,
FOLD,3.23,3.35,3.15,3.25,409100,
FOR,22.01,22.08,21.629999,22.08,184500,
FORM,6.42,6.61,6.4,6.6,785900,
FORR,36.59,36.68,36.200001,36.509998,74300,
FOSL,106.029999,106.029999,104.32,104.989998,591300,
FPO,13.59,13.67,13.37,13.46,278800,
FR,16.780001,16.809999,16.469999,16.620001,506200,
FRAK,26.23,26.299999,25.85,26.1,17500,
FRAN,27.620001,27.85,26.799999,26.92,1244200,
FRC,38.400002,38.810001,38.110001,38.700001,834500,
FRED,16.18,16.299999,15.83,16.280001,135800,
FRGI,35.209999,36.439999,34.810001,36.040001,130400,
FRM,7.1,7.24,7.04,7.21,29400,
FRME,17.459999,17.48,17.24,17.459999,175600,
FRO,1.81,1.87,1.8,1.84,84000,
FRP,8.54,8.67,8.36,8.42,22000,
FRT,107.480003,107.660004,106.449997,106.690002,298900,
FRX,40.35,41.1,40.3,41.03,1232600,
FSA,11.36,11.36,11.36,11.36,100,
FSC,10.53,10.54,10.4,10.5,728300,
FSG,1.8,1.8,1.8,1.8,0,
FSL,15.91,16.02,15.83,15.98,983400,
FSLR,53.599998,56.700001,52.849998,56.400002,6509600,
FSM,3.53,3.64,3.46,3.59,169100,
FSP,13.75,13.9,13.59,13.87,646600,
FSS,8.85,9.02,8.73,9,105800,
FST,4.51,4.57,4.43,4.47,3870973,
FSTR,45.23,45.75,44.610001,45.48,29400,
FSYS,16.08,16.15,15.75,16.15,86200,
FTE,0.015,0.015,0.015,0.015,0,
FTEK,3.86,3.89,3.78,3.85,65300,
FTI,56.369999,56.549999,55.610001,55.860001,1491600,
FTK,18.040001,18.18,17.85,17.98,439300,
FTNT,18.790001,18.799999,18.5,18.629999,1385400,
FTR,4.05,4.15,4.05,4.14,5171200,
FU,3.51,3.77,3.4,3.76,119800,
FUBC,6.52,6.67,6.5,6.65,21300,
FUL,42.209999,42.5,41.970001,42.48,68600,
FULT,11.33,11.44,11.26,11.44,449200,
FUN,39.849998,40,39.759998,40,105700,
FUR,12.14,12.24,12.02,12.16,120600,
FURX,35.4,35.81,34.91,35.55,58000,
FVE,5.26,5.49,5.26,5.42,386600,
FWLT,23.82,23.96,22.97,23.63,582400,
FWM,20.1,21.6,20.1,21.389999,323700,
FWRD,38.779999,38.880001,38.509998,38.799999,70700,
FXA,94.309998,94.830002,94.160004,94.620003,626300,
FXB,153.139999,153.880005,153.139999,153.839996,484900,
FXC,97.489998,97.769997,97.330002,97.57,70200,
FXCM,14.39,14.510001,14.25,14.39,47400,
FXD,27.43,27.43,27.209999,27.290001,74200,
FXE,130.710007,131.429993,130.639999,131.330002,531600,
FXEN,4.02,4.27,3.99,4.18,551200,
FXF,104.349998,105.25,104.279999,105.160004,9600,
FXI,35.450001,35.470001,35.119999,35.349998,17128500,
FXO,19.190001,19.190001,18.9,19,300600,
FXP,21.370001,21.75,21.370001,21.530001,40500,
FXS,150.440002,151.309998,150.440002,151.309998,500,
FXY,98.800003,99.379997,98.620003,99.150002,1114400,
FXZ,27.360001,27.52,27.33,27.48,115200,
G,19.68,19.719999,19.309999,19.309999,655600,
GA,7.35,7.49,7.3201,7.45,1802271,
GAGA,3.7,3.7,3.68,3.68,24700,
GAIA,4.25,4.34,4.25,4.34,51400,
GAIN,7.45,7.45,7.3,7.37,108000,
GALE,2.24,2.26,2.18,2.19,923600,
GAME,3.98,4.2,3.85,4.05,752800,
GAS,42.580002,42.82,42.23,42.52,227700,
GASL,24.680001,24.900001,23.870001,24.520001,100,
GASS,10.4,10.68,10.14,10.55,338300,
GASX,10.85,11.2,10.78,10.91,18200,
GAZ,2.62,2.65,2.59,2.6,42400,
GB,32.970001,33.490002,32.610001,33.389999,99900,
GBCI,19.42,19.709999,19.25,19.68,150300,
GBDC,17.799999,17.860001,17.5,17.68,231500,
GBP,155.410004,155.850006,154.960007,155.740005,0,
GBX,24.209999,24.700001,24.209999,24.6,381800,
GCA,6.54,6.56,6.48,6.54,746600,
GCC,27.059999,27.09,26.98,27.07,149500,
GCI,20.809999,20.83,20.370001,20.43,1552600,
GCO,70.849998,71.830002,70.230003,71.059998,132600,
GCOM,12.94,13.14,12.78,13,21700,
GD,79.019997,79.25,78.360001,78.580002,1672300,
GDI,0.19,0.19,0.19,0.19,0,
GDOT,17.629999,19.360001,17.629999,19.34,572200,
GDP,12.69,12.8,12.34,12.5,618100,
GDRZF,3.008,3.06,2.92,3,25600,
GDX,29.02,29.41,28.68,29.09,14144800,
GDXJ,11.86,11.96,11.61,11.84,532500,
GE,23.879999,23.92,23.639999,23.780001,41626500,
GEF,54.029999,54.139999,53.57,53.709999,77900,
GEL,51,51.849998,50.73,51.639999,335900,
GENE,2.85,2.85,2.58,2.8,4300,
GEO,34.869999,35.029999,34.48,34.59,419200,
GEOS,78.730003,79.610001,72.870003,73.220001,425100,
GERN,1.11,1.14,1.11,1.12,992200,
GES,31.66,31.76,31.299999,31.459999,489800,
GEVA,41.080002,41.549999,40.57,41.080002,133300,
GEVO,1.849998,1.849998,1.669998,1.709998,900,
GEX,15.559845,15.619844,15.409846,15.619844,10700,
GFA,3.28,3.28,3.11,3.17,2748500,
GFF,11.37,11.46,11.17,11.41,103400,
GFI,6.14,6.22,6.08,6.11,2483400,
GFIG,4.25,4.25,4.16,4.25,178700,
GG,28.440001,28.870001,27.940001,28.639999,4249300,
GGB,5.98,5.99,5.86,5.92,5067600,
GGG,64.529999,64.639999,63.639999,64.160004,282500,
GGP,20.780001,20.83,20.5,20.690001,3894600,
GGS,0.01,0.01,0.01,0.01,0,
GHDX,36.099998,36.32,35.599998,35.990002,270300,
GHL,47.330002,47.490002,46.799999,47.07,292200,
GHM,27.32,27.709999,27.09,27.700001,31900,
GIFI,20.799999,21,20.540001,20.950001,11500,
GIGM,1,1,0.99,0.99,5500,
GIII,49.310001,49.889999,49.080002,49.27,645000,
GIL,40.939999,41.150002,40.790001,40.98,350000,
GILD,53.549999,53.560001,52.110001,52.439999,8744200,
GILT,5.49,5.59,5.48,5.56,62100,
GIS,48.110001,48.200001,47.720001,48.200001,2954600,
GIVN,14.1,14.2,14.03,14.03,43500,
GK,47.93,48.189999,46.939999,47.990002,87200,
GLAD,8.55,8.55,8.43,8.51,52300,
GLD,133.300003,134.279999,132.990005,133.940002,6142800,
GLDD,8.36,8.61,8.17,8.43,530200,
GLF,46.290001,47.02,45.869999,46.98,177700,
GLL,86.68,87.169998,85.620003,85.989998,104500,
GLNG,34.369999,34.68,33.709999,34.169998,393700,
GLOG,13.09,13.15,12.75,12.96,224100,
GLP,35.16,36.869999,35.16,36.189999,69900,
GLPW,16.24,16.469999,16.01,16.43,30400,
GLRE,25,25.120001,24.83,25.110001,196300,
GLT,25.58,26.040001,25.32,26,83000,
GLUU,2.51,2.57,2.44,2.52,974600,
GLW,15.42,15.45,15.17,15.22,10070500,
GM,35.18,35.240002,34.52,34.740002,15219500,
GMAN,13.49,13.75,13.46,13.74,19100,
GMCR,77.610001,78.989998,76.559998,77.989998,3018600,
GME,36.75,37,34.84,34.990002,4376800,
GMED,16,16,15.39,15.68,482800,
GMLP,33.25,34.09,33.16,33.349998,84600,
GMO,2.04,2.07,2.02,2.05,85700,
GMT,49.810001,49.880001,49.169998,49.48,137700,
GNC,45.41,46.080002,45.029999,45.310001,859800,
GNCMA,8.81,8.83,8.75,8.79,85100,
GNE,8.75,9.2,8.75,9.15,41200,
GNK,1.41,1.45,1.36,1.41,556700,
GNMK,15.05,15.16,14.78,15.13,54800,
GNRC,36.330002,36.900002,36.119999,36.450001,1541200,
GNTX,23.34,23.43,23.040001,23.120001,1016400,
GNW,10.99,11.21,10.86,11.14,7705900,
GOL,3.91,3.94,3.67,3.69,450000,
GOLD,77.970001,78.519997,77.150002,77.580002,490700,
GOOGL,882.1,891.000026,880.089988,890.219984,4670900,
GORO,9.48,9.83,9.4,9.64,224600,
GOV,24.68,24.700001,24.43,24.48,430300,
GPC,77.769997,78.120003,77.300003,77.93,606100,
GPI,64.940002,66,64.75,65.5,245100,
GPK,7.52,7.68,7.49,7.61,1268300,
GPL,0.9,0.92,0.86,0.91,178000,
GPN,47.32,48,47.130001,47.68,1384200,
GPOR,49.639999,50.419998,49,50.240002,825800,
GPRE,14.63,14.69,14.25,14.52,721400,
GPS,42.18,42.400002,41.439999,41.57,2862500,
GPT,9.44999,9.59999,9.30999,9.46999,297900,
GPX,24.469999,24.85,23.940001,24.65,40200,
GRA,83.739998,84.32,83.220001,83.93,273600,
GRC,29.430001,29.71,29.189999,29.71,8600,
GREK,17.709999,17.790001,17.15,17.25,47900,
GRFS,27.42,27.42,26.799999,26.84,387800,
GRMN,35.040001,35.32,34.849998,34.900002,1183500,
GROW,2.57,2.6,2.56,2.6,17500,
GRPN,7.09,7.26,6.97,7.15,14547100,
GRT,26.2,26.33,25.34,25.87,13042500,
GRU,6.9,6.91,6.82,6.9,2500,
GS,166.699997,168.199997,165.289993,167.490005,3914200,
GSG,31.610001,31.639999,31.379999,31.4,290900,
GSH,21.52,21.52,21.389999,21.48,8700,
GSI,0.96,0.99,0.96,0.98,6500,
GSK,52,52.07,51.689999,51.880001,1861500,
GSM,12.14,12.24,12.08,12.22,608000,
GSS,0.65,0.65,0.63,0.64,798100,
GST,2.58,2.63,2.52,2.6,306600,
GSVC,8.04,8.34,7.95,8.33,167000,
GT,14.96,14.98,14.58,14.75,2797100,
GTAT,4.18,4.33,4.18,4.29,2011300,
GTE,6.4,6.59,6.37,6.53,638200,
GTI,8.28,8.44,8.17,8.32,803800,
GTIV,10.15,10.54,10.07,10.49,110700,
GTLS,97.059998,98.5,95.470001,97.019997,303300,
GTN,5.97,6,5.75,5.79,314700,
GTXI,6.73,7.1,6.61,7,814900,
GTY,21.030001,21.200001,20.83,21.17,39900,
GUID,8.92,9.11,8.77,8.93,55300,
GUR,39.27,39.27,38.82,38.880001,19400,
GURE,1.18,1.24,1.18,1.18,50200,
GV,2.5,2.57,2.46,2.52,79100,
GVA,29.969999,30.23,29.530001,30.08,143400,
GVZ,24.08,24.21,22.63,22.68,0,
GWAY,11.94,12.22,11.73,12.1,110900,
GWL,26.49,26.6,26.4,26.549999,44000,
GWR,88.160004,89.32,87.279999,88.360001,391300,
GWRE,39.490002,40.77,39.259998,40.759998,710100,
GWW,261,261,255.210007,256.079987,267500,
GXC,68.839996,69,68.449997,68.739998,105000,
GXG,19.02,19.16,18.969999,18.99,233000,
GXP,22.92,22.92,22.790001,22.879999,962600,
GY,14.45,15.12,14.3,14.76,1380200,
GZT,14.2,14.2,13.85,14.09,15300,
H,41.779999,42.48,41.669998,41.919998,286200,
HA,5.98,6.05,5.91,6.02,358000,
HAE,40.459999,40.57,39.880001,40.220001,392400,
HAFC,15.5,15.77,15.43,15.75,103700,
HAIN,65.730003,67.050003,65.040001,66.389999,796000,
HAL,43.32,43.34,42.59,42.82,6137000,
HALO,6.56,6.68,6.4,6.6,701000,
HAO,23.780001,23.780001,23.59,23.67,113700,
HAR,53,53.240002,52.099998,52.759998,646000,
HAS,44.990002,45.119999,44.509998,44.59,1182500,
HASI,11.2,11.36,11.12,11.3,121200,
HAWK,25.15,27.23,24.790001,26.67,366800,
HAYN,48.009998,48.57,47.310001,48.52,21200,
HBAN,7.7,7.82,7.69,7.81,7180100,
HBC,54.66,54.71,54.369,54.56,1160266,
HBHC,28.139999,28.440001,27.91,28.27,473600,
HBI,50.32,50.810001,50.169998,50.689999,2513200,
HBIO,5.009997,5.060001,4.970005,5.050003,81900,
HBM,7.91,7.93,7.58,7.74,56900,
HCA,39.599998,40.48,39.52,40.240002,3366200,
HCBK,8.41,8.47,8.38,8.42,7286000,
HCC,43.349998,43.389999,42.919998,43.07,333700,
HCI,34.610001,34.950001,34.209999,34.849998,193100,
HCLP,23.15,24.24,23.120001,23.66,416600,
HCN,68.279999,68.440002,67.010002,67.32,1784200,
HCP,47.640002,47.720003,46.480003,46.640001,3025200,
HCSG,22.34,22.719999,22.34,22.68,165900,
HD,78.940002,79.68,77.529999,77.730003,7627800,
HDB,38.98,38.98,37.889999,38.32,662700,
HDGE,16.09,16.200001,16.049999,16.120001,245400,
HDV,68.199997,68.309998,67.959999,68.139999,317700,
HDY,0.49,0.49,0.47,0.47,47100,
HE,25,25.17,24.6,24.809999,797500,
HEDJ,51.18,51.189999,50.860001,51,124800,
HEES,21.969999,22.02,21.719999,21.879999,131500,
HEI,52.010002,52.319999,51.71,52.270002,88800,
HELE,40.889999,41.43,40.509998,41.310001,107100,
HEP,37.209999,37.939999,37.209999,37.849998,71500,
HERO,7.04,7.04,6.87,6.95,1100200,
HES,69.230003,69.379997,68.32,68.75,1392900,
HF,17.899999,17.990003,17.520003,17.810004,255900,
HFC,47.290001,47.490002,46.060001,46.34,2745200,
HGG,17.16,17.59,16.969999,17.27,365600,
HGT,8.95,8.95,8.73,8.8,52000,
HGX,190.28,190.8,185.52,188.35,0,
HHC,105.699997,106.839996,104.989998,106.550003,235300,
HHS,9.13,9.13,8.84,9.03,66100,
HI,24.059999,24.18,23.9,24.08,123100,
HIBB,58.470001,58.759998,58.110001,58.43,280000,
HIG,30.610001,30.76,30.26,30.74,4685600,
HII,56.209999,56.669998,55.68,56.66,171400,
HIMX,6.82,6.9,6.76,6.87,1463200,
HITK,32.11,32.93,31.77,32.75,50700,
HITT,54.67,54.67,53.84,54.19,209000,
HIW,36.16,36.349998,35.779999,35.91,545000,
HK,5.42,5.49,5.3,5.36,19400,
HKTV,6.5,6.56,6.32,6.41,15000,
HL,3.55,3.64,3.44,3.57,10159800,
HLF,43.75,44.540001,43.27,43.93,769700,
HLIT,6.31,6.35,6.18,6.26,868800,
HLS,30.66,30.66,30.280001,30.389999,280300,
HLSS,24.09,24.09,23.66,23.780001,256600,
HLX,24.059999,24.1,23.65,23.93,268400,
HMA,13.87,14.34,13.87,14.13,5056300,
HMC,37.490002,37.52,37.18,37.32,480100,
HME,60.790001,61.310001,60.360001,60.57,397000,
HMIN,29.780001,29.950001,29.08,29.66,149700,
HMN,24.9,25,24.719999,24.99,162800,
HMST,21.6,22.17,21.469999,21.530001,125000,
HMSY,24.379999,24.43,22.5,22.809999,1283900,
HMY,4.03,4.09,3.97,4.03,1464900,
HNI,35.810001,36.240002,35.490002,36.240002,61700,
HNP,39.080002,39.43,38.919998,39.060001,145500,
HNR,3.5,3.54,3.26,3.29,543200,
HNSN,1.72,1.73,1.68,1.71,17000,
HNT,31,31.35,30.92,31.15,520100,
HOFT,15.9,15.9,15.26,15.88,39800,
HOG,54.25,54.549999,53.73,54.009998,1174200,
HOGS,13.34,13.39,13.32,13.35,256100,
HOLI,12.48,12.48,12.23,12.32,152800,
HOLX,21.719999,22.18,21.450001,22.120001,3098300,
HOMB,43.119999,43.34,42.880001,42.990002,142800,
HON,79.239998,79.309998,78.290001,78.68,2351100,
HOS,52.860001,53.360001,51.98,53.110001,253600,
HOT,69.260002,69.440002,68.410004,68.830002,1955900,
HOTT,14,14,13.99,13.99,94900,
HOV,6.15,6.16,5.87,5.97,6293300,
HP,64.32,64.57,63.330002,64.330002,883300,
HPP,21.610001,21.77,21.27,21.379999,192900,
HPQ,24.659998,24.819999,24.34,24.49,31185600,
HPT,27.889999,27.940001,27.389999,27.4,983200,
HPY,32.619999,33.209999,32.540001,33.209999,542800,
HR,26.32,26.32,25.700001,25.940001,512300,
HRB,29.9,30.049999,29.59,29.9,1732300,
HRC,35.450001,36.119999,35.029999,36.02,343500,
HRG,8.55,8.55,8.35,8.45,372400,
HRL,39.630001,39.73,39.310001,39.610001,1091600,
HRS,50.450001,50.529999,50.16,50.349998,342100,
HRZN,14.01,14.1,13.81,14.07,55200,
HSC,23.280001,23.389999,23.110001,23.309999,339700,
HSH,34.88,34.9,33.81,33.9,1389400,
HSIC,95.800003,96.279999,95.169998,96.269997,264000,
HSII,17.57,17.57,17.02,17.16,118700,
HSNI,56.830002,56.950001,55.93,56.099998,113600,
HSOL,1.6,1.77,1.53,1.74,1139600,
HSP,35.91,36.41,35.560001,36.389999,789700,
HST,17.49,17.52,17.24,17.27,5527500,
HSTM,27.030001,28.129999,26.780001,27.75,60700,
HSY,89.330002,89.57,87.480003,88.050003,1805600,
HT,5.65,5.77,5.55,5.73,303900,
HTA,11.26,11.53,11.1,11.42,2357300,
HTCH,5.8,6.32,5.8,6.3,851600,
HTGC,13.52,13.54,13.34,13.52,522300,
HTH,16.059999,16.33,15.92,16.33,296400,
HTHT,15.7,15.78,15.5,15.54,14700,
HTLD,14.15,14.17,14.02,14.08,221000,
HTS,25.629999,25.85,25.450001,25.6,573000,
HTSI,47.01,47.5,46.66,47.38,160600,
HTWR,91.239998,92.550003,90.980003,92.480003,42600,
HTZ,25.83,26.18,25.52,26.16,5899400,
HUB.B,98,98.29,97.21,97.5,106600,
HUBG,36.150002,36.259998,35.669998,35.959999,125000,
HUM,81.059998,82.110001,81.040001,81.769997,740000,
HUN,18.57,18.719999,18.290001,18.559999,1241100,
HURN,44.66,44.66,44.110001,44.490002,79500,
HUSA,0.3,0.35,0.25,0.31,638500,
HVT,25.18,25.4,24.85,25.379999,85300,
HW,10.02,10.19,9.95,10.07,396100,
HWAY,14.53,14.95,14.52,14.9,129500,
HWCC,14.42,14.6,14.42,14.58,30700,
HXL,35.630001,35.630001,35.009998,35.16,795600,
HXM,4.11,4.11,3.89,3.95,501100,
HY,65.580002,68.57,64.910004,67.989998,54600,
HYD,32,32.060001,31.709999,31.73,681800,
HYG,92.339996,92.589996,92.080002,92.150002,7678000,
HYLD,51,51.369999,50.75,50.75,35600,
HYS,103.599998,104.18,103.410004,103.809998,183100,
HZNP,2.27,2.28,2.24,2.25,171300,
HZO,12.06,12.26,11.96,12.25,50200,
I,22.959999,23.200001,21.959999,22.34,136500,
IACI,49.950001,50.57,49.439999,50.18,919200,
IAG,5.28,5.4,5.21,5.39,3550500,
IAI,30.889999,30.969999,30.719999,30.93,222500,
IART,36.27,36.880001,35.98,36.84,139200,
IAT,28.700001,28.85,28.6,28.809999,24100,
IAU,13.4,13.5,13.37,13.47,3092000,
IBB,180.300003,180.300003,176.990005,178.279999,380100,
IBCP,5.99,6.31,5.99,6.21,29200,
IBKC,52.02,52.209999,51.200001,52.009998,146400,
IBKR,16.68,16.75,16.040001,16.200001,376800,
IBM,206.970001,206.979996,204.899994,205.020004,2652300,
IBN,43.080001,43.09,42.589998,42.919998,6237500,
IBOC,21.67,21.75,21.530001,21.690001,88500,
ICA,7.17,7.23,7.03,7.21,559800,
ICAD,6.19,6.26,6.05,6.26,50500,
ICE,175,175.860004,173.010006,175.079994,2535500,
ICF,82.68,82.699997,81.639999,81.839996,405100,
ICGE,11.37,11.4,11.24,11.34,30600,
ICLR,34.209999,34.540001,34.189999,34.349998,195400,
ICN,20.6,20.6,20.280001,20.35,13500,
ICON,29.85,30.110001,29.620001,29.91,398800,
ICUI,72.239998,72.75,71.43,72.690002,107200,
IDA,48.610001,48.740002,48.209999,48.720001,322700,
IDCC,46.5,47.040001,45.91,46.380001,256500,
IDIX,5.26,5.42,5.07,5.25,661300,
IDSY,4.95,5.07,4.87,5,38000,
IDT,19.240005,20.789993,19.240005,20.549999,342500,
IDTI,8.35,8.41,8.28,8.35,892100,
IDU,95.269997,95.269997,94.370003,94.860001,90600,
IDV,33.75,33.75,33.549999,33.650002,420900,
IDXX,84.129997,84.879997,83.5,83.980003,745000,
IEF,104.68,104.809998,104.470001,104.620003,694600,
IEI,121.949997,121.989998,121.800003,121.93,909300,
IEMG,48.32,48.32,47.880001,47.98,445400,
IEO,75.699997,75.720001,74.900002,75.239998,148900,
IEP,75.029999,77.5,73.75,76.68,181500,
IEV,41.860001,41.939999,41.66,41.830002,245800,
IEX,55.169998,55.389999,54.790001,55.009998,224300,
IEZ,58.77,58.799999,58.009998,58.130001,14300,
IFF,79.879997,79.910004,79.300003,79.739998,199600,
IFGL,32.779999,32.779999,32.459999,32.490002,144500,
IFN,20.33,20.34,20.1,20.17,145600,
IFT,7.12,7.22,6.9,6.98,60600,
IGE,40.450001,40.450001,40.09,40.209999,347000,
IGT,17.48,17.67,17.379999,17.65,3276700,
IGTE,14.5,14.84,14.41,14.84,205400,
IGV,69.589996,69.589996,69,69.150002,22000,
IHF,83.220001,83.970001,83.099998,83.900002,32600,
IHS,111,112.32,107.910004,109.989998,1042600,
IIIN,18.24,18.360001,17.969999,18.35,26000,
IIJI,18.51,18.690001,18.5,18.610001,44600,
IILG,21.23,21.389999,21.139999,21.27,51000,
IIVI,16.870001,17,16.790001,16.99,106800,
IJH,118.629997,118.639999,117.529999,118.199997,568000,
IJJ,103.330002,103.470001,102.540001,103.160004,80600,
IJK,132.679993,132.699997,131.339996,132.020004,87900,
IJR,91.480003,91.660004,90.790001,91.629997,1537800,
IJS,94.870003,95.190002,94.230003,95.190002,116700,
IJT,98.029999,98.230003,97.370003,98.150002,92900,
IL,6.26,6.35,6.22,6.3,285600,
ILF,39.119999,39.450001,38.970001,39.169998,402700,
ILMN,69.519997,70.43,68.099998,69.730003,1768400,
IM,19.049999,19.08,18.9,19.01,410200,
IMAX,27.049999,27.549999,26.93,27.49,925200,
IMGN,16.6,16.76,16.280001,16.66,682200,
IMH,11.27,11.27,11.2,11.21,17000,
IMKTA,22.41,23.35,22.41,23.280001,36900,
IMMR,14.25,14.45,13.65,14.36,308700,
IMMU,4.1,4.38,4.1,4.29,1127100,
IMN,4.34,4.4,4.3,4.4,239100,
IMO,38.880001,39.529999,38.650002,39.400002,187200,
IMOS,18.58,18.6,18.4,18.540001,274000,
IMPV,38.889999,40,38.889999,39.66,145500,
IMUC,2.75,2.75,2.42,2.49,29800,
IN,9.82,9.89,9.8,9.87,1487602,
INAP,8,8.12,7.91,7.95,146600,
INCY,21.440001,21.6,20.870001,20.92,1098900,
INDB,33.279999,33.5,32.849998,33.459999,35200,
INDL,15.46,15.61,15.05,15.11,31300,
INFA,36.549999,36.889999,36.209999,36.669998,741900,
INFI,18.27,18.440001,17.780001,17.84,1070600,
INFN,11.42,11.44,11.1,11.34,1111300,
INFY,43.130001,43.369999,42.900002,43.139999,6251200,
ING,9.25,9.26,9.11,9.21,1337100,
INGR,67.550003,68.239998,67.110001,68.220001,326400,
ININ,52,52.509998,51.77,52.139999,124200,
INN,9.42,9.49,9.31,9.47,247400,
INP,55.060001,55.459999,54.919998,54.98,24600,
INSM,13.07,13.23,12.82,13.08,222600,
INT,40.75,41.07,40.540001,40.700001,134900,
INTC,24.709999,25.09,24.639999,25.01,29780800,
INTL,18,18,17.85,18,56200,
INTU,59.439999,59.619999,58.610001,58.970001,2112100,
INTX,9.1,9.1,8.94,9.04,46700,
INVE,0.8,0.84,0.78,0.84,10300,
INVN,13.34,13.65,13.25,13.53,1525800,
INWK,10.26,10.48,10.26,10.48,180900,
INXN,27.450001,27.450001,26.65,26.83,356000,
IO,6.300003,6.300003,6.160003,6.190003,33000,
IOC,83.110001,83.110001,79.330002,80.160004,408300,
IOO,71.419998,71.419998,70.980003,71.139999,187200,
IOSP,42.02,42.419998,41.490002,42.310001,65500,
IP,45.620004,45.880006,45.220003,45.560005,3385700,
IPAR,31.549999,32.720001,31.549999,32.549999,237400,
IPCM,48.240002,49.150002,48.240002,48.84,37300,
IPG,14.71,14.77,14.42,14.44,3305700,
IPGP,64.080002,65.779999,64.050003,65.099998,831600,
IPHI,10.78,11.03,10.69,10.92,154500,
IPHS,50.049999,50.049999,49.240002,49.549999,68700,
IPI,19.120001,19.16,18.9,19.030001,524300,
IPXL,18.85,19,18.790001,18.99,398400,
IQNT,5.84,5.88,5.7,5.81,544500,
IR,58.300003,58.409994,57.610004,57.680001,2424800,
IRBT,35,35.75,34.709999,35,510000,
IRC,10.18,10.24,10.04,10.1,464300,
IRDM,7.33,7.38,7.25,7.37,195100,
IRE,9.58,9.59,9.31,9.34,721600,
IRET,8.84,8.84,8.7,8.77,340400,
IRF,22.05,22.19,21.81,22.11,487900,
IRM,29.650003,29.690005,28.379995,28.5,6331800,
IRWD,13.4,13.49,13.05,13.21,1086300,
ISBC,20.04,20.410001,19.92,20.410001,353500,
ISCA,35.02,35.080002,34.59,35,74300,
ISIL,8.23,8.23,8,8.07,893900,
ISIS,22.870001,23.01,22.309999,22.99,866100,
ISLE,7.79,7.84,7.62,7.74,66500,
ISRG,510.839996,514.25,509.399994,510.209991,134200,
ISS,5.43,5.47,5.3,5.39,371894,
ISSC,7.11,7.5,7.06,7.3,40700,
ISSI,10.99,11.19,10.86,11.18,147500,
IT,57.66,57.68,56.919998,57.119999,324800,
ITB,23.940001,23.98,23.15,23.450001,3808400,
ITC,89.219999,89.500002,88.66,88.960001,501600,
ITG,14.26,14.5,14.1,14.26,461400,
ITMN,9.98,10.03,9.8,9.94,1318600,
ITOT,75.459999,75.459999,75,75.139999,159000,
ITRI,42.93,43.009998,42.459999,42.700001,148000,
ITT,30.09,30.700001,29.84,30.049999,416900,
ITUB,14.449996,14.620001,14.270003,14.559996,12484500,
ITW,70.800003,70.800003,70.059998,70.519997,1032500,
IVAC,4.7,4.76,4.68,4.74,30700,
IVAN,1.17,1.19,1.11,1.14,71800,
IVC,16.059999,16.26,15.84,16.23,218800,
IVE,77.989998,78.050003,77.559998,77.82,383200,
IVR,18.76,18.93,18.549999,18.66,1584000,
IVV,166.139999,166.229996,165.190002,165.600006,3079100,
IVW,86.889999,86.889999,86.349998,86.489998,296400,
IVZ,34.59,34.599998,33.900002,34.259998,3747500,
IWB,91.739998,91.790001,91.269997,91.449997,624700,
IWC,62.169998,62.450001,61.830002,62.419998,65100,
IWD,85.559998,85.589996,85.019997,85.279999,975000,
IWF,74.970001,74.980003,74.5,74.639999,1819800,
IWM,98.639999,98.800003,97.809998,98.800003,32136500,
IWN,87.07,87.199997,86.230003,87.190002,974300,
IWO,113.470001,113.629997,112.580002,113.529999,589700,
IWP,73.190002,73.190002,72.580002,72.830002,181300,
IWR,132.580002,132.610001,131.509995,131.990005,104500,
IWS,59.16,59.16,58.709999,58.919998,292700,
IWV,98.169998,98.190002,97.650002,97.879997,257400,
IXC,40.330002,40.360001,40.099998,40.279999,51000,
IXYS,11.42,11.74,11.34,11.73,58100,
IYE,46.43,46.459999,46,46.16,384500,
IYF,73.370003,73.410004,72.830002,73.120003,321800,
IYG,73.470001,73.68,72.93,73.32,207700,
IYH,102.300003,102.389999,101.800003,102.239998,104300,
IYJ,85.209999,85.260002,84.580002,84.849998,130700,
IYM,71.449997,71.510002,71.080002,71.330002,57600,
IYR,68.629997,68.790001,67.779999,67.949997,17666100,
IYT,113.800003,114.019997,112.839996,113.199997,379500,
IYW,77.019997,77.190002,76.720001,76.809998,312600,
IYZ,26.4,26.4,26.17,26.34,150200,
JACK,37.93,38.18,37.900002,37.970001,634700,
JAGGF,0.41,0.41,0.41,0.41,0,
JAH,45.599999,46.060006,45.370005,45.799996,1509300,
JAKK,10.2,10.27,10.1,10.22,44900,
JASO,6.73,7.87,6.7,7.74,3325700,
JAZZ,69.230003,69.5,68.699997,69.050003,749600,
JBHT,73.419998,73.760002,72.879997,73.059998,395200,
JBL,19.43,19.540001,19.32,19.35,2368400,
JBLU,6.41,6.44,6.33,6.4,2631100,
JBT,21.620001,21.719999,21.450001,21.58,54900,
JCI,34.290001,34.52,34.16,34.43,3743700,
JCOM,41.52,41.810001,41.060001,41.709999,213500,
JCP,18.809999,18.9,18.42,18.690001,6129100,
JDSU,14.73,14.83,14.64,14.75,4042800,
JE,6.69,6.89,6.51,6.55,1455700,
JEC,57.060001,57.060001,56.459999,57.009998,711700,
JIVE,17.299999,17.459999,16.969999,17.24,863000,
JJC,40,40.099998,39.799999,40.09,35500,
JJG,51.849998,51.849998,51.060001,51.389999,24700,
JKHY,47.07,47.200001,46.669998,47.200001,292300,
JKS,9.17,9.73,8.56,9.52,1328100,
JLL,91.209999,91.720001,90.010002,90.809998,279400,
JMBA,17.02,17.33,16.83,17.32,234200,
JNJ,85.010002,85.709999,84.730003,85.139999,8477100,
JNK,40.27,40.41,40.209999,40.259998,8022200,
JNPR,19.059999,19.15,18.799999,19.030001,7009000,
JNS,8.82,8.83,8.6,8.72,1349000,
JNY,14.31,14.46,14.29,14.39,651800,
JO,27.33,27.540001,27.27,27.51,73900,
JOBS,65.099998,65.349998,64.660004,65.059998,404400,
JOE,20.219999,20.719999,19.950001,20.530001,351100,
JOSB,42.21,42.21,41.51,41.65,355800,
JOY,53.689999,53.849998,52.549999,52.77,1642200,
JPM,54.639999,54.84,54.02,54.360001,16007000,
JRCC,2.65,2.65,2.55,2.59,490800,
JRN,6.56,6.61,6.43,6.59,76400,
JST,4.95,5,4.85,4.91,26500,
JW.A,40.200001,40.84,40.040001,40.740002,208600,
JWN,59.560001,59.84,59.139999,59.419998,836500,
JXI,43.560001,43.720001,43.439999,43.560001,31400,
K,63.389999,63.450001,62.630001,63.07,1218100,
KAI,31.76,32.099998,31.030001,32.07,73000,
KALU,62.509998,63.73,62.5,63.349998,88600,
KAMN,33.939999,33.950001,33.599998,33.900002,49100,
KAR,22.6,23.299999,22.389999,23,1027800,
KB,32.459999,32.459999,32.130001,32.209999,123300,
KBALB,10.21,10.63,10.15,10.63,88500,
KBE,28.41,28.559999,28.219999,28.530001,1971300,
KBH,21.549999,21.73,20.49,20.98,3863800,
KBR,34.740002,35.029999,34.18,34.32,1488600,
KBWB,31.889999,31.940001,31.719999,31.92,180800,
KCAP,10.52,10.72,10.36,10.56,209500,
KCE,42.200001,42.200001,41.5,41.790001,34600,
KCG,3.63,3.69,3.63,3.68,1519200,
KDN,27.15,27.22,26.84,26.97,74600,
KEG,6.4,6.41,6.12,6.18,11100,
KELYA,17.73,17.940001,17.6,17.809999,86500,
KEM,4.36,4.45,4.33,4.36,255400,
KEP,11.71,11.71,11.64,11.67,263300,
KERX,7.66,7.78,7.52,7.74,1679000,
KEX,76.540001,78.129997,75.980003,78.129997,359200,
KEY,10.87,11.06,10.84,10.99,15392700,
KEYN,12.69,12.83,12.51,12.66,35500,
KEYW,14.67,14.84,14.49,14.78,130400,
KFN,10.77,10.83,10.66,10.78,489000,
KFRC,15,15,14.72,14.79,84000,
KFY,17.700001,17.790001,17.549999,17.73,126100,
KGC,6.22,6.44,6.15,6.32,7101800,
KIE,54.48,54.580002,54.139999,54.459999,333900,
KIM,22.18,22.35,22,22.190001,7319800,
KIOR,4.19,4.35,4.1,4.22,105500,
KIRK,16.440001,17.190001,16.4,17.139999,178900,
KKD,18.200001,18.299999,17.85,17.969999,1247000,
KKR,19.65,19.809999,19.190001,19.4,1794000,
KLAC,56.700001,56.810001,56.240002,56.740002,868100,
KLIC,12.05,12.05,11.89,11.98,296600,
KMB,97.089992,97.609996,96.180001,97.570002,2160300,
KMI,39.700001,39.73,38.810001,38.880001,2589600,
KMP,84.9,84.9,83.39,83.9,786700,
KMR,83,83,81.2,81.83,699200,
KMT,41.720001,41.810001,40.950001,41.290001,573500,
KMX,47.200001,47.450001,46.700001,47.09,1458400,
KND,13.56,13.61,13.33,13.44,631000,
KNDI,5.85,8.29,5.77,7.85,9413700,
KNL,14.83,14.95,14.64,14.92,41300,
KNOP,22.82,23,22.459999,22.860001,46800,
KNX,16.870001,17.1,16.809999,16.98,370000,
KO,41.5,41.52,41.040001,41.18,11247400,
KOF,145.449997,146.070007,143.529999,145.089996,58700,
KOG,8.86,8.91,8.74,8.83,4163300,
KOL,19.93,19.93,19.76,19.790001,116700,
KOLD,76.830002,79.169998,75.699995,78.339998,65700,
KONG,6.59,6.8,6.37,6.62,91600,
KOP,41.529999,42.349998,41.470001,42.290001,73800,
KOPN,3.62,3.69,3.57,3.68,106400,
KORS,63.080002,63.099998,61.98,62.169998,2562200,
KOS,10.61,10.74,10.47,10.61,360300,
KR,34.630001,34.939999,34.5,34.73,6975400,
KRA,20.41,20.450001,20,20.17,333800,
KRC,53.040001,53.119999,52.48,52.759998,451500,
KRE,32.990002,33.169998,32.759998,33.139999,1643700,
KRFT,54.48,54.52,53.68,54.509998,2545600,
KRG,6.12,6.15,6.04,6.09,60000,
KRO,15.85,15.98,15.62,15.88,82100,
KS,29.76,35.759998,29.540001,35.040001,2909400,
KSS,51.57,51.990002,51.330002,51.709999,2036400,
KSU,110.75,110.940002,109.199997,110.230003,476700,
KT,16.83,16.99,16.700001,16.940001,340400,
KTCC,11.08,11.36,10.94,11.3,48600,
KTOS,6.25,6.4,6.18,6.29,590700,
KUB,79.6,79.6,78.33,78.65,80800,
KVHI,12.94,12.94,12.74,12.81,36900,
KW,17.17,17.209999,16.940001,17.139999,60700,
KWK,2.24,2.31,2.16,2.29,2215700,
KWR,64.839996,65.199997,64.519997,64.650002,33400,
L,45.84,45.860001,45.16,45.349998,1103300,
LABL,29.91,30.07,28.93,29.92,27900,
LAD,55.330002,56.32,54.869999,55.919998,276400,
LAMR,43.490002,43.84,42.43,42.59,2965700,
LANC,81.400002,81.669998,80.660004,81.300003,63200,
LAYN,20.040001,20.040001,19.68,20.030001,157100,
LAZ,34.09,34.200001,33.509998,33.619999,613200,
LBAI,9.940003,10,9.869999,10,88600,
LBJ,25.950001,25.950001,25.16,25.52,1700,
LBTYA,76.039996,76.760001,73.939997,74.180009,7383700,
LBTYK,71.669998,72.029999,69.110001,69.440002,5118800,
LBY,21.85,22.799999,21.620001,22.68,193500,
LCAV,3.03,3.09,3.01,3.01,6200,
LCC,17.09,17.35,17.05,17.26,4246800,
LCI,11.83,12,11.64,11.94,61800,
LDK,1.47,1.65,1.45,1.64,4065100,
LEA,60.360001,60.360001,59.650002,59.75,819100,
LEAP,5.55,5.68,5.47,5.66,868900,
LECO,59.66,60.240002,59.5,59.91,216600,
LEE,1.65,1.67,1.61,1.67,55500,
LEG,31.969999,32.099998,31.58,31.870001,2760400,
LEI,1.26,1.28,1.26,1.27,700,
LEN,38.080002,38.23,36.900002,37.310001,5797800,
LF,9.96,9.96,9.65,9.73,831800,
LFC,37.550011,37.730009,37.290001,37.580011,653100,
LFL,17.809999,17.959999,16.969999,17.02,895500,
LFUS,75.410004,76.260002,74.129997,74.629997,89500,
LFVN,2.19,2.27,2.17,2.22,306902,
LG,46.240002,46.240002,45,46.049999,667700,
LGCY,27.700001,27.85,27.43,27.5,185600,
LGF,29.440001,29.540001,28.969999,29.049999,694400,
LGND,32.5,32.709999,31.68,32,146500,
LH,99.849998,100.93,99.720001,100.790001,463800,
LHCG,22.209999,22.33,21.889999,22.190001,25600,
LHO,25.709999,25.76,25.290001,25.43,444600,
LIFE,74.12,74.18,74.02,74.13,1195000,
LII,64.349998,64.669998,63.049999,64.480003,357100,
LINC,6.85,7.05,6.78,7.02,74000,
LINE,34.209999,34.220001,33.68,33.75,984500,
LINTA,22.86,23.12,22.74,22.93,1107700,
LIOX,2.88,2.92,2.81,2.88,394000,
LIT,12.25,12.25,12.15,12.24,17200,
LIWA,5.31,5.59,5.2,5.48,125600,
LKQ,24.66,24.950001,24.52,24.77,942300,
LL,83.5,84.389999,82.129997,83.370003,434700,
LLEN,3.8,3.9,3.72,3.75,141500,
LLL,86.809998,86.949997,86.220001,86.559998,344800,
LLNW,2.39,2.45,2.39,2.45,262600,
LLTC,37.16,37.310001,36.889999,37.16,1085500,
LLY,52.700001,52.830002,52.150002,52.639999,4212600,
LM,34.259998,34.419998,33.939999,34.18,1259800,
LMCA,128.320074,128.320074,125.180042,125.770075,2791700,
LMNX,19.360001,19.82,19.030001,19.790001,122500,
LMOS,15.73,16.83,15.69,16.120001,122500,
LMT,107.440002,107.639999,106.419998,106.669998,1108500,
LNC,36.060001,36.709999,36.060001,36.240002,2915500,
LNCE,26.85,26.85,26.450001,26.84,180600,
LNCO,38.540001,38.740002,37.900002,37.93,308900,
LNDC,14.37,15,14.28,14.94,123000,
LNG,28.51,28.51,27.85,28.360001,3268400,
LNKD,172.320007,175,170.889999,174.089996,1415300,
LNN,81.089996,81.400002,80.209999,81.360001,91100,
LNT,49.599998,49.650002,49.099998,49.310001,593000,
LO,43.830002,43.950001,43.200001,43.259998,2781100,
LOCK,10.45,10.9,10.42,10.79,1735200,
LOCM,1.65,1.74,1.58,1.64,138800,
LODE,1.94,1.96,1.9,1.96,126500,
LOGI,7.12,7.19,7.12,7.17,190000,
LOGM,25.77,25.889999,25.360001,25.82,120800,
LOPE,32.470001,32.93,32.43,32.619999,325200,
LORL,62.439999,62.59,61.310001,61.560001,96800,
LOW,41.580002,41.77,40.98,41.18,7370100,
LPHI,3.09,3.15,3.04,3.09,48800,
LPI,20,20.299999,19.780001,20.27,315100,
LPL,13.88,13.94,13.78,13.84,428000,
LPLA,36.959999,37.27,36.93,37.220001,493600,
LPNT,52.09,52.619999,51.34,52.150002,555500,
LPR,0.52,0.53,0.52,0.52,14300,
LPS,33.23,33.26,32.88,32.93,729200,
LPSN,9.21,9.42,9.21,9.38,450900,
LPX,16.790001,16.9,16.370001,16.76,2266700,
LQD,116.220001,116.480003,116.07,116.230003,2911100,
LQDT,35.099998,35.310001,33.360001,33.619999,897500,
LRCX,48.360001,48.689999,48.220001,48.529999,1053600,
LRE,15,15.11,14.83,14.98,124100,
LRN,28.26,28.82,28.059999,28.799999,199700,
LRY,17.23,17.23,17.23,17.23,0,
LSCC,5.24,5.24,5.13,5.2,410200,
LSE,8.58,8.68,8.58,8.62,495100,
LSI,66.629997,66.629997,65.269997,65.489998,94000,
LSTR,54.25,54.48,53.400002,53.48,373300,
LTBR,1.53,1.8,1.52,1.72,13700,
LTC,42.029999,42.029999,41.48,41.830002,105800,
LTD,36.87,36.87,36.87,36.87,0,
LTM,50.709999,51.490002,50.330002,51.459999,285000,
LTPZ,63.84,64.120003,62.950001,63.029999,67600,
LTXC,5.9,5.92,5.79,5.81,70400,
LUB,8.66,8.71,8.59,8.65,21300,
LUFK,88.38,88.38,88.3,88.37,475300,
LUK,29.620001,29.68,29.129999,29.25,1093700,
LULU,81.660004,82.5,80.839996,82.279999,7382300,
LUV,13.94,14.06,13.89,13.98,5084600,
LUX,51.299999,51.799999,50.959999,51.360001,54600,
LVLT,21.65,22.77,21.33,22.389999,1916800,
LVS,57.41,58.389999,57.110001,57.439999,5425200,
LXK,32.119999,32.419998,31.889999,32.189999,503900,
LXP,12.28,12.3,12.1,12.15,1223500,
LXU,33.860001,34.139999,33.630001,34.049999,40700,
LYB,65.059998,65.839996,64.769997,65,3366200,
LYG,3.85,3.86,3.81,3.86,3871300,
LYV,14.1,14.26,14.02,14.07,1309000,
LZB,18.389999,18.5,17.91,18.43,184600,
M,48.799999,49.18,48.66,48.93,3482300,
MA,567.599983,569.090004,562.659988,565.779991,4113000,
MAA,66.029999,66.110001,65.349998,65.550003,246200,
MAC,63.209999,63.209999,62.43,62.689999,1089700,
MACK,5.38,5.5,5.26,5.49,237900,
MAIN,28.32,28.639999,28.16,28.379999,261000,
MAKO,12.11,12.36,12,12.24,445800,
MAN,57.18,57.200001,56.009998,56.700001,237100,
MANH,75.919998,76.669998,75.800003,76.050003,301200,
MANT,27.790001,28.01,27.610001,27.889999,126600,
MANU,16.93,17.110001,16.6,17.02,10700,
MAR,41.700001,41.889999,41.380001,41.48,2003800,
MAS,20.350001,20.49,19.620001,20.08,5257400,
MASI,21.75,21.860001,21.43,21.860001,107800,
MAT,44.810001,45.439999,44.740002,44.93,1591600,
MATW,38.110001,38.41,37.990002,38.360001,29600,
MATX,25.370001,25.549999,25.049999,25.209999,250800,
MBB,105.830002,105.970001,105.760002,105.849998,302800,
MBFI,26.25,26.35,26.059999,26.139999,120100,
MBI,14.05,14.38,14,14.27,2819700,
MBLX,1.580031,1.700034,1.580031,1.650033,9000,
MBT,19.07,19.07,18,18.219999,3905000,
MCC,14.32,14.55,14.08,14.38,285000,
MCD,99.800003,100.18,99.120003,99.529999,5718400,
MCEP,23.25,23.43,22.6,22.629999,52900,
MCF,35.66,35.900002,35.360001,35.509998,40600,
MCGC,5.09,5.11,4.96,5.11,301700,
MCHI,43.919998,43.959999,43.549999,43.73,125400,
MCHP,36.700001,37.049999,36.619999,36.82,1975100,
MCHX,5.7,5.96,5.61,5.86,32900,
MCK,114.099998,115.32,114.07,114.660004,993300,
MCO,65.260002,65.610001,64.599998,65,1396100,
MCP,5.9,6.15,5.9,6.07,5753900,
MCRI,15.61,15.88,15.4,15.75,61200,
MCRL,10.02,10.06,9.95,10.03,187800,
MCRS,43.63,43.8,42.9,43.12,543400,
MCY,43.93,43.970001,43.560001,43.970001,174700,
MD,91.730003,92.150002,90.57,91.75,294800,
MDAS,17.48,17.68,17.18,17.620001,419700,
MDC,35.4,35.449999,34.169995,34.589997,790300,
MDCI,8.05,8.05,7.77,8,140700,
MDCO,34,34.189999,33.41,33.720001,248000,
MDIV,21.530001,21.530001,21.370001,21.450001,375900,
MDLZ,29.84,30.18,29.459999,29.58,10261800,
MDP,41.139999,42.029999,41.139999,41.689999,221800,
MDR,9.28,9.45,9.19,9.42,3797200,
MDRX,13.75,13.89,13.66,13.74,6024800,
MDSO,67.260002,67.639999,65.25,67.449997,279000,
MDT,52,52.23,51.66,52.029999,3972600,
MDU,25.559999,25.67,25.290001,25.610001,592700,
MDVN,52.150002,52.369999,51.16,51.84,1222800,
MDXG,7.14,7.26,6.87,7.25,408800,
MDY,216.119995,216.149994,214.089996,215.449997,1557300,
MEA,1.45,1.49,1.42,1.45,135100,
MEAS,47.5,47.87,47.28,47.72,68800,
MED,29,29.26,28.67,28.790001,118000,
MEET,1.51,1.58,1.51,1.57,122900,
MEG,9.71,9.86,9.18,9.22,190500,
MEI,15.29,15.45,15.06,15.41,262900,
MEIP,8.07,8.41,7.7,7.9,38500,
MELA,1.05,1.05,1,1.03,84300,
MELI,117.620003,118.5,116.75,117.540001,171900,
MEMP,19.389999,19.389999,19.110001,19.360001,106700,
MEMS,4.1,4.12,4.09,4.11,61500,
MENT,19.809999,19.950001,19.67,19.84,1294100,
MEOH,43.07,43.970001,42.599998,43.189999,389000,
MERC,6.68,6.89,6.57,6.86,142000,
MERU,4.28,4.4,4.26,4.4,138300,
MET,45.330002,45.959999,45.150002,45.599998,8157300,
MFA,8.82,8.85,8.74,8.76,2928100,
MFB,18.31,18.55,18.2,18.45,44800,
MFC,16.07,16.07,15.85,15.95,1483900,
MFG,3.99,4,3.94,3.96,554600,
MFLX,15.35,15.6,15.33,15.58,14700,
MFRM,40.25,40.25,39.869999,40.119999,97200,
MG,21.879999,21.879999,21.459999,21.49,39900,
MGA,68.290001,68.470001,67.610001,68.220001,1291600,
MGAM,27,27.34,26.6,27.23,192500,
MGC,56.5,56.529999,56.209999,56.330002,32200,
MGI,19.440001,19.68,19.23,19.5,45400,
MGIC,5.4,5.41,5.35,5.38,52600,
MGK,62.720001,62.720001,62.360001,62.380001,53600,
MGLN,54.790001,55.23,54.119999,55.169998,95000,
MGM,15.03,15.37,14.96,15.18,7431500,
MGPI,5.43,5.55,5.27,5.3,31000,
MGV,50.459999,50.470001,50.18,50.290001,55700,
MHFI,54.790001,55.080002,54.41,54.82,931900,
MHGC,7.78,7.85,7.7,7.8,1348800,
MHK,112.169998,112.620003,109.050003,110.360001,545000,
MHLD,10.78,10.79,10.61,10.76,295900,
MHO,24.469999,24.629999,23.5,24.25,340700,
MHR,4.1,4.13,4.03,4.06,3750400,
MIC,54.700001,54.889999,54.16,54.279999,148200,
MIDD,167.990009,169.98,166.730015,168.680008,217800,
MIDU,58.57,58.57,56.990002,57.84,169600,
MIDZ,29.23,29.799999,29.16,29.389999,3300,
MIG,8.24,8.24,8.11,8.24,160700,
MILL,3.97,4.07,3.89,4,100542,
MIND,16.66,16.799999,16.32,16.6,97100,
MINI,34,34.060001,33.68,34.060001,388500,
MITK,6.44,6.54,6.27,6.32,364793,
MITL,3.67,3.95,3.67,3.89,123100,
MITT,22.77,22.99,22.68,22.76,351300,
MJN,82.809998,82.889999,81.129997,82.080002,1034000,
MKC,71,71,70.160004,70.779999,691200,
MKSI,28.18,29.02,28.07,28.959999,348800,
MKTG,11.51,12.18,11.45,12,738600,
MKTX,44.860001,46.209999,44.790001,45.48,184500,
MLHR,28.219999,28.23,27.82,28.18,159500,
MLI,52.639999,53.259998,52.099998,53.200001,155000,
MLM,106.93,109.459999,105.550003,109.019997,376200,
MLNK,2.9,2.93,2.85,2.88,140000,
MLNX,50.639999,50.82,49.68,49.970001,376700,
MLPN,29.360001,29.450001,29.1,29.450001,98800,
MLR,15.82,16.02,15.59,15.89,7300,
MM,8.04,8.5,7.98,8.3,1598300,
MMC,40.52,40.66,40.209999,40.360001,2728600,
MMLP,41.849998,43,41.849998,42.560001,94900,
MMM,111.410004,111.449997,110.540001,110.809998,2224100,
MMP,52.299999,52.630001,51.82,52.34,287300,
MMS,73.949997,74.230003,73.169998,73.459999,277000,
MMSI,10.44,10.71,10.35,10.69,221700,
MMYT,12.81,13.23,12.71,13.23,242100,
MN,19.68,19.84,19.35,19.5,115700,
MNI,2.28,2.34,2.22,2.26,13900,
MNKD,7.45,7.6,7.17,7.5,8858500,
MNR,10.12,10.12,10,10.03,67800,
MNRO,48.029999,48.759998,47.900002,48.66,170100,
MNST,61.839998,62.319998,61.309999,62.200001,3477600,
MNTA,14.2,14.45,13.99,14.42,320100,
MNTG,4.11,4.21,4.05,4.11,39300,
MNTX,10.17,10.19,9.87,10.02,124500,
MNX,2990.899902,3004.600098,2985.699951,2990.5,1556520000,
MO,36.310001,36.490002,36.150002,36.23,25361900,
MOBI,3.2,3.2,3.07,3.11,42400,
MOD,10.17,10.29,10.03,10.28,87700,
MODN,20.299999,21.799999,20.16,21.719999,185200,
MOH,36.830002,37.279999,36.790001,37.240002,268300,
MOLX,29.78,29.84,29.57,29.66,338800,
MOLXA,24.88,25.01,24.77,24.94,59800,
MON,105,106.769997,104.610001,106.25,5636600,
MOO,53.5,53.650002,53.419998,53.540001,121800,
MORN,71.349998,72.379997,71.349998,71.860001,65100,
MOS,60.689999,60.84,59.720001,60.049999,1862100,
MOSY,4.49,4.67,4.42,4.6,98100,
MOV,34.830002,35.349998,34.580002,35.150002,198900,
MOVE,11.99,12.31,11.73,12.2,725000,
MPAA,7,7.8,7,7.53,607100,
MPC,83.620003,84.150002,82.25,82.410004,4506600,
MPEL,24.49,24.5,23.92,24.040001,3314400,
MPG,3.11,3.12,3.11,3.12,823700,
MPLX,36.099998,38.32,35.82,37.98,92500,
MPO,6.36,6.36,6.18,6.25,31500,
MPW,15.23,15.24,15.02,15.12,1198200,
MPWR,24.690001,25.040001,24.639999,25.02,374600,
MR,41.57,41.790001,41.310001,41.709999,394400,
MRC,27.35,27.379999,26.93,27.280001,895600,
MRCY,9.32,9.54,9.3,9.54,93000,
MRGE,3.7,3.7,3.56,3.66,278800,
MRH,25.219999,25.35,25.08,25.290001,117400,
MRIN,10.64,10.92,10.54,10.87,125200,
MRK,48.650002,48.889999,48.360001,48.459999,48557200,
MRO,35.080002,35.119999,34.599998,34.709999,4468100,
MRTN,24.550006,24.75,24.280005,24.679994,55500,
MRVL,11.07,11.25,11.04,11.15,8983300,
MS,26.969999,27.17,26.6,27.15,34956600,
MSA,46.419998,46.75,45.639999,46.23,92700,
MSB,19.9,19.9,19,19.219999,202700,
MSCC,21.73,21.9,21.6,21.790001,188700,
MSCI,34.759998,35.049999,34.52,34.900002,390400,
MSFT,35.509998,35.650002,35.139999,35.470001,35994500,
MSG,60,60.310001,59.669998,60.07,262900,
MSI,57,57.099998,56.34,56.610001,2161200,
MSM,81.900002,81.919998,79.849998,80.169998,368200,
MSO,2.4,2.42,2.38,2.41,79300,
MSPD,3.35,3.4,3.21,3.28,209600,
MSTR,89.889999,90.580002,89.360001,89.690002,41300,
MSTX,0.66,0.6699,0.65,0.66,150794,
MT,12.45,12.53,12.33,12.45,4427800,
MTB,104.040001,104.419998,103.610001,103.989998,635600,
MTD,218.330002,219.600006,215.940002,216.520004,94900,
MTDR,10.18,10.24,10.03,10.24,222400,
MTG,6.23,6.45,6.2,6.37,10575100,
MTGE,20.879999,20.950001,20.26,20.35,1371100,
MTH,46.330002,46.439999,44.799999,45.48,377700,
MTL,2.91,3.18,2.88,3.11,2765400,
MTN,63.900002,64.629997,63.630001,64.029999,188100,
MTOR,7.12,7.15,7.03,7.11,948400,
MTRN,30.799999,30.799999,30.09,30.27,53000,
MTRX,16.9,17.049999,16.75,16.969999,82100,
MTSC,59.700001,59.970001,59.099998,59.560001,31100,
MTSN,2.36,2.49,2.33,2.41,564000,
MTU,6.19,6.2,6.02,6.1,3421600,
MTW,19.790001,19.990001,19.31,19.660001,8351200,
MTX,42.43,43.02,42.169998,42.830002,169800,
MTZ,31.16,31.25,30.440001,30.629999,340400,
MU,12.64,13.08,12.64,12.95,40488200,
MUB,107.580002,107.629997,107,107.139999,449500,
MUR,65.739996,66.279994,65.519999,66.090001,1967200,
MUX,2.42,2.52,2.37,2.49,1544100,
MVC,12.78,12.84,12.71,12.84,51000,
MVG,7.46,7.62,7.44,7.53,16600,
MVIS,3.23,3.42,3.23,3.39,398500,
MVO,28.5,29.33,28.5,28.610001,78100,
MVV,99.339996,99.449997,97.709999,98.690002,44800,
MW,35.98,36.48,35.650002,36.23,581300,
MWA,7.01,7.02,6.94,6.98,778700,
MWE,68.150002,68.190002,67.239998,67.82,321700,
MWIV,123.25,125.83,122.13,125.16,42100,
MWV,35.75,35.84,35.419998,35.599998,691800,
MWW,5.43,5.61,5.4,5.55,1745200,
MX,18.940001,19.040001,18.629999,18.860001,419900,
MXIM,28.120001,28.15,27.57,27.77,6606300,
MXL,6.56,6.65,6.34,6.64,35800,
MXWL,7.64,7.88,7.64,7.8,261200,
MY,1.81,1.93,1.8,1.91,772800,
MYE,15.49,15.7,15.39,15.64,62900,
MYGN,33.240002,34.07,32.970001,34.029999,1048200,
MYL,30.65,30.9,30.43,30.709999,2560600,
MYRG,20.23,20.389999,19.91,20.08,217600,
MZZ,18.25,18.33,18.110001,18.17,3200,
N,87.910004,88.080002,86.400002,87.910004,399000,
NAFC,23.58,24.12,23.28,24.03,30800,
NAK,2.59,2.59,2.52,2.52,71700,
NANO,14.57,15.39,14.42,15.37,124200,
NAT,8.380001,8.499997,8.349996,8.449997,365200,
NATI,28.299999,28.43,28,28.209999,409500,
NATR,15.97,15.97,15.58,15.84,38300,
NAV,35.049999,35.049999,33.77,34.310001,1160200,
NAVB,2.47,2.47,2.39,2.42,603588,
NBG,5.5,5.55,5.03,5.03,3295100,
NBIX,12.89,13.01,12.7,13,321300,
NBL,58.650002,58.700001,57.900002,58.459999,1056900,
NBR,16.74,16.74,16.4,16.59,2411800,
NBTB,20.360001,20.59,20.32,20.57,51000,
NCI,13.79,13.82,13.61,13.73,131100,
NCLH,31.469999,32.080002,30.91,31.17,587100,
NCMI,17.25,17.26,16.99,17.139999,133400,
NCQ,1.76,1.81,1.74,1.8,114000,
NCR,33.919998,33.919998,33.360001,33.5,743800,
NCS,15.55,15.8,15.17,15.8,225700,
NCT,5.660212,5.690211,5.390199,5.400206,7836800,
NCTY,4.26,4.26,4.01,4.14,112800,
NDAQ,33,33.43,32.580002,32.919998,1117200,
NDO,78.959999,79.239998,78.620003,79,0,
NDRO,15.95,16.200001,15.91,16.18,44600,
NDSN,70.589996,70.839996,69.290001,70.029999,197100,
NDX,2995.030029,3004.669922,2985.5,2990.48999,1556520000,
NDZ,7.69,7.84,7.64,7.71,211500,
NE,39.450005,39.490001,38.760002,38.900008,2109800,
NEE,78.730003,79.400002,78.400002,78.68,3210200,
NEM,33.669998,34.150002,33.43,33.900002,5114900,
NEO,3.59,3.83,3.54,3.83,150400,
NEOG,55.119999,55.540003,54.440002,55.5,99000,
NEON,5.49,5.65,5.44,5.59,194200,
NEPT,2.95,2.97,2.9,2.97,125600,
NES,3.59,3.63,3.53,3.56,148600,
NEU,278.540009,280.730011,277.100006,280,33000,
NEWP,13.71,13.71,13.5,13.69,48200,
NFBK,11.68,11.75,11.61,11.75,132200,
NFG,61.200001,61.52,60.639999,61.099998,204700,
NFLX,223.030005,223.329998,216.060005,220.929996,13812400,
NFP,25.24,25.24,25.21,25.22,680800,
NFX,23.57,23.690001,23.309999,23.610001,984200,
NG,2.52,2.58,2.46,2.5,899800,
NGD,6.85,6.94,6.77,6.86,1938000,
NGG,57.619999,58.09,57.619999,57.93,663200,
NGL,28.75,28.879999,28.23,28.799999,54700,
NGLS,47.799999,48.529999,47.400002,48.369999,174400,
NGPC,6.6,6.63,6.52,6.62,52000,
NGS,23.190001,23.450001,23.040001,23.32,17900,
NGVC,28.139999,29.379999,28.139999,29.24,172300,
NHI,62.5,62.59,61.799999,62.049999,84200,
NI,28.570001,28.610002,28.120001,28.43,3577000,
NIB,31.700001,31.77,31.65,31.68,36200,
NICE,37.610001,37.700001,36.950001,37.619999,66000,
NIHD,96.3,96.3,95.1,95.1,11400,
NILE,36.73,37.220001,36.529999,37.009998,102000,
NKA,14.45,14.75,14.25,14.3,66900,
NKE,62.91,63.48,62.740002,63.040001,5479000,
NKTR,9.31,9.45,9.15,9.45,355500,
NKY,16.559999,16.59,16.389999,16.51,1288000,
NLNK,19.440001,20.690001,19.01,19.75,512200,
NLS,7.55,7.87,7.43,7.87,286200,
NLSN,34.299999,34.310001,33.970001,33.98,1035500,
NLST,1.08,1.13,1.03,1.1,527600,
NLY,13.54,13.7,13.43,13.55,12458800,
NM,5.27,5.3,5.14,5.25,347300,
NMFC,15.36,15.38,15.22,15.31,191400,
NMM,14.1,14.25,14,14.12,129400,
NMR,7.81,7.83,7.66,7.7,1177900,
NMRX,10.67,11.04,10.67,11.01,7900,
NNBR,9.49,9.49,9.36,9.45,20400,
NNI,38.5,38.639999,37.98,38.25,155900,
NNN,35.790001,36,35.41,35.82,1304000,
NOA,4.31,4.39,4.15,4.22,68600,
NOAH,12.58,12.75,12.4,12.56,57100,
NOC,84.169998,84.300003,83.480003,83.75,1498400,
NOG,13.96,14.22,13.89,14.05,476500,
NOK,3.59,3.6,3.55,3.58,9716600,
NOR,4.059996,4.129996,3.999996,4.089996,42700,
NOV,70.529993,70.749996,70.050005,70.199997,2216900,
NOW,39.34,39.759998,38.950001,39.650002,1532100,
NP,31.43,31.93,31.129999,31.92,59500,
NPD,1.69,1.7,1.65,1.67,11100,
NPO,51.389999,51.529999,50.830002,51.48,57400,
NPSP,15.97,16.08,15.7,15.88,1121900,
NPTN,7.84,8.33,7.78,8.04,364700,
NQ,8.1,8.25,8.04,8.18,296800,
NR,11.49,11.5,11.24,11.24,547000,
NRF,8.949997,8.949997,8.670001,8.740003,1685000,
NRG,27.17,27.440001,27.1,27.43,4009500,
NRGM,22.7,22.76,22.44,22.56,63600,
NRGY,23.1,23.3,22.8,23.29,309500,
NRP,22.55,22.830001,22.19,22.55,11900,
NRT,24.959999,25.33,24.639999,24.889999,22200,
NRZ,6.54,6.63,6.32,6.59,1798500,
NS,47.240002,47.330002,46.389999,46.439999,200700,
NSC,77.949997,78.050003,77.290001,77.980003,2254200,
NSH,27.1,27.299999,26.040001,26.16,328900,
NSIT,19.459999,19.92,19.360001,19.58,141500,
NSM,42.18,42.790001,41.84,42.209999,491000,
NSP,30.059999,31.139999,29.93,31.110001,94500,
NSPH,3.98,4.12,3.9,4.09,15600,
NSR,48.360001,48.450001,48.060001,48.310001,286500,
NSU,3.58,3.63,3.55,3.58,314600,
NTAP,37.939999,38.220001,37.700001,38.139999,6266100,
NTCT,24.48,24.82,24.32,24.719999,136000,
NTE,7.18,7.28,6.97,6.98,562400,
NTES,64.019997,64.349998,63.709999,63.939999,552200,
NTGR,33.16,33.330002,32.709999,33.139999,120900,
NTI,26.35,26.85,26.33,26.59,1049200,
NTLS,16.4,16.549999,16.280001,16.469999,107900,
NTRI,9.04,9.07,8.99,9.04,131600,
NTRS,58.400002,58.759998,58.119999,58.630001,957400,
NTSP,15.98,15.99,15.97,15.99,138700,
NTT,26.17,26.219999,26.040001,26.15,309400,
NTWK,10.61,10.94,10.26,10.46,193708,
NU,42.54,42.54,41.84,42.07,1266700,
NUAN,19.059999,19.1,18.73,18.76,6865700,
NUE,44.419998,44.709999,44.130001,44.369999,1741100,
NUS,59.200001,59.549999,58.240002,59.369999,731900,
NUVA,21.76,22.049999,21.690001,22.040001,241000,
NVAX,1.97,1.98,1.85,1.93,1182300,
NVDA,14.41,14.53,14.33,14.44,5603700,
NVDQ,13.7,14.56,13.68,14.51,139300,
NVE,23.56,23.595,23.5,23.5,4888100,
NVMI,9.55,9.64,9.47,9.58,120500,
NVO,162.749996,164.500008,162.509995,163.75,1121500,
NVS,72.050003,72.809998,71.779999,72.57,1280600,
NVTL,3.97,4.14,3.83,3.94,500100,
NWBI,12.55,12.66,12.5,12.57,333700,
NWBO,3.59,3.6,3.52,3.59,111500,
NWE,41.5,41.560001,41.189999,41.439999,112100,
NWL,27.379999,27.4,27.030001,27.15,1022800,
NWN,43.380001,43.490002,42.82,43.310001,74300,
NWPX,27.799999,27.83,27.1,27.65,12300,
NWS,32.28,32.51,32.03,32.08,4954300,
NWSA,32.4,32.42,31.88,31.95,9501600,
NWY,5.66,5.69,5.59,5.66,275300,
NX,17.91,17.959999,17.42,17.65,656600,
NXPI,30.77,31.059999,30.389999,30.58,1434300,
NXST,28.52,28.68,27.85,28.290001,692400,
NXTM,13.65,13.86,13.58,13.86,199000,
NYCB,13.3,13.42,13.22,13.4,2857300,
NYMT,6.93,7,6.89,6.96,1087600,
NYMX,5.17,5.23,5.08,5.15,24100,
NYT,10.31,10.32,10.17,10.32,974200,
NYX,40.99,41.16,40.69,41.04,877200,
O,44.849998,44.93,44.169998,44.369999,1912200,
OAK,52.299999,53.34,51.810001,53.279999,479800,
OAS,41,41.400002,40.16,40.400002,1375700,
OB,14.75,15.31,14.72,15.21,296800,
OC,42.740002,42.799999,41.5,42.369999,1188600,
OCLR,1.23,1.28,1.09,1.12,2740800,
OCN,43.98,44.200001,43.139999,43.860001,1425600,
OCR,47.330002,47.52,47.220001,47.27,712000,
OCZ,1.43,1.44,1.38,1.39,704200,
ODFL,43.509998,44,43.040001,43.619999,778200,
ODP,4.38,4.38,4.26,4.28,6540800,
OEF,74.709999,74.709999,74.309998,74.459999,437800,
OEH,11.98,12.07,11.7,11.74,416100,
OEX,0.402,0.402,0.402,0.402,0,
OFC,26.41,26.51,25.98,26.030001,300100,
OFG,17.76,17.84,17.49,17.66,161600,
OFIX,28.059999,28.52,27.99,28.450001,254800,
OGE,67.989998,68.029999,67.239998,67.860001,313400,
OGXI,10.12,10.36,9.95,10.32,35200,
OHI,32.57,32.77,32.099998,32.209999,930300,
OI,27.85,27.92,27.450001,27.57,706200,
OIBR,2.23,2.24,2.16,2.21,160700,
OIH,44.009998,44.049999,43.5,43.560001,2587200,
OII,73.580002,73.839996,72.220001,72.889999,387100,
OIL,22.26,22.299999,22.120001,22.26,202800,
OILT,49.01,49.01,48.22,48.65,39500,
OIS,94.120005,94.120005,91.70999,91.749997,1889000,
OKE,44.770001,44.770001,43.780001,43.900001,1173300,
OKS,51.049999,51.18,50.75,50.869999,228700,
OKSB,13.62,13.99,13.59,13.98,16000,
OLN,24.76,24.82,24.4,24.639999,339200,
OMC,64.059998,64.209999,62.810001,63.110001,1969700,
OMCL,18.799999,19.299999,18.75,19.280001,159900,
OME,9.41,10.03,9.41,9.99,169100,
OMER,5.07,5.4,4.94,5.31,232700,
OMEX,3.419999,3.489999,3.401999,3.469999,13800,
OMG,30.870001,31.02,30.58,31.01,139300,
OMI,34.25,34.59,34.099998,34.509998,408500,
OMN,7.5,7.63,7.44,7.62,91700,
OMX,11.45,11.5,11.1225,11.23,1616800,
ONB,13.46,13.58,13.37,13.53,430700,
ONCY,2.45,2.5,2.43,2.46,132300,
ONE,10.39,10.41,10.31,10.36,121100,
ONNN,8.17,8.33,8.17,8.28,4124600,
ONP,1.66,1.69,1.66,1.66,11700,
ONTY,1.89,1.97,1.88,1.9,969500,
ONXX,92.3,92.9708,89.74,90.33,541800,
OPEN,67.82,68.08,67.044,67.53,264900,
OPK,6.62,6.62,6.44,6.54,1089800,
OPLK,18.5,18.54,18.21,18.51,31800,
OPTR,14.89,15.24,14.87,14.98,700400,
ORA,23.209999,23.809999,23.209999,23.709999,60100,
ORB,17.92,18.26,17.8,18.2,237700,
ORBC,4.21,4.23,4.16,4.2,97000,
ORBK,12.1,12.12,11.84,12.02,143500,
ORCL,33.98,34.09,33.82,34.049999,16901500,
OREX,6.17,6.4,6.05,6.38,98300,
ORI,13.25,13.29,13.14,13.2,961500,
ORIG,17.370001,17.5,17.07,17.190001,410300,
ORIT,15.31,15.51,15.28,15.49,83200,
ORLY,110.970001,111.349998,110.050003,111.099998,363900,
ORN,12.29,12.29,12,12.19,191600,
OSGIQ,3.31,3.41,3.2,3.21,225400,
OSIR,10.69,10.76,10.52,10.71,20900,
OSIS,54.23,54.990002,54.23,54.93,203800,
OSK,39.080002,39.220001,38.619999,38.93,321700,
OSTK,27.379999,27.379999,25.709999,27,302900,
OSUR,4.28,4.37,4.2,4.36,264900,
OSX,258.31,258.77,255.77,256.93,0,
OTEX,73.760002,73.769997,72.57,73.370003,1190800,
OTTR,28.280001,28.33,27.809999,28.190001,83400,
OVTI,18.969999,19.33,18.950001,19.26,846400,
OVX,23.52,23.54,21.71,21.74,0,
OWW,7.71,7.78,7.61,7.72,956200,
OXF,2.76,2.77,2.65,2.7,19400,
OXM,64.099998,64.470001,63.490002,63.849998,82600,
OXY,93.070006,93.390002,92.090006,92.290008,4478000,
OZM,10.67,11.01,10.62,10.95,1160000,
OZRK,44.110001,44.259998,43.779999,44.110001,324600,
P,14.8,15.76,14.43,15.49,15188700,
PAA,56.080002,56.27,55.689999,56.110001,530700,
PAAS,12.25,12.43,12.11,12.29,1364600,
PAC,50.709999,51.459999,49.310001,51.169998,35300,
PACB,2.72,2.79,2.7,2.78,300400,
PACD,9.9,10,9.74,9.76,12600,
PACR,6.62,6.67,6.47,6.57,112400,
PACT,6.9,6.95,6.89,6.94,119658,
PACW,28.41,28.68,28.030001,28.629999,237200,
PAG,32.220001,33.52,32.09,33.32,349100,
PAL,1.16,1.16,1.09,1.13,2404270,
PANL,28,28.8,27.73,28.49,603200,
PANW,46.099998,46.490002,45.130001,46.459999,1174300,
PATH,2.72,2.79,2.6,2.74,182700,
PAY,17.190001,17.450001,17.030001,17.16,4164900,
PAYX,37.09,37.259998,36.900002,37.080002,1133600,
PB,50.299999,50.650002,49.790001,50.529999,202200,
PBA,31.84,32.189999,31.780001,32,105100,
PBCT,13.96,14.04,13.91,13.98,2431400,
PBF,27.120001,27.4,26.99,27,2025000,
PBH,30.049999,30.34,29.799999,30.309999,297800,
PBI,14.64,14.84,14.53,14.79,2111500,
PBJ,24.74,24.74,24.620001,24.65,17600,
PBNY,9.43,9.51,9.34,9.4,90300,
PBR,16.629999,16.74,16.469999,16.65,10566100,
PBR.A,17.75,17.82,17.56,17.71,3404900,
PBT,13.4,13.44,13.26,13.32,63200,
PBTH,6.02,6.09,5.98,6.03,95500,
PBW,5.45,5.51,5.37,5.49,290600,
PBY,12.61,12.7,12.48,12.57,597500,
PCAR,54.549999,54.639999,53.77,54.09,1035600,
PCCC,16.42,16.549999,16.02,16.48,24800,
PCEF,25.26,25.309999,25,25,217200,
PCG,45.360001,45.360001,44.830002,45,1958500,
PCH,44.540001,44.540001,43.529999,43.68,163200,
PCL,48.349998,48.360001,47.400002,47.709999,952800,
PCLN,819.210022,825,815.059998,823.450012,524700,
PCOM,19.74,19.85,19.41,19.74,32300,
PCP,218.440002,220.139999,217.75,219.509995,625800,
PCRFY,7.78,7.78,7.56,7.69,130800,
PCRX,29.790001,30,29.280001,29.91,232800,
PCTI,7.69,7.86,7.65,7.82,34400,
PCXCQ,0.1861,0.2,0.1805,0.185,220400,
PCY,28.5,28.540001,28.059999,28.219999,2135500,
PCYC,87.98,88.14,86.38,87.67,220100,
PDCE,52.41,53.259998,51.369999,52.639999,227000,
PDCO,39.07,39.48,38.860001,39.240002,718800,
PDFS,18.440001,18.75,18.309999,18.700001,54500,
PDH,12.2,12.54,12.19,12.25,211700,
PDLI,8,8.08,7.91,7.93,2061300,
PDM,18.440001,18.49,18.139999,18.299999,730500,
PDP,31.99,32,31.73,31.799999,267400,
PDS,9.4,9.54,9.36,9.43,1682500,
PEB,26.17,26.26,25.940001,26.030001,226300,
PEG,32.759998,32.77,32.389999,32.5,2171600,
PEGA,32.139999,32.25,31.889999,32.02,249400,
PEI,19.219999,19.48,19.049999,19.370001,672300,
PEIX,4.1,4.2,4,4.11,181000,
PENN,55.059999,55.349998,54.719999,54.929997,2015100,
PEP,82.599998,83.059998,82.110001,82.849998,5036600,
PER,15,15.07,14.83,14.85,145400,
PERI,13.67,13.68,13,13.18,309000,
PERY,21.68,22.07,21.65,22.040001,36100,
PES,7.33,7.33,7.03,7.06,474600,
PETM,69.16,69.16,67.95,68.49,804600,
PETS,13.32,13.36,13.11,13.31,143300,
PF,24.18,25.049999,24.1,24.99,592300,
PFE,28.379999,28.59,28.27,28.370001,66492700,
PFF,39.830002,39.860001,39.669998,39.689999,2936700,
PFG,38.720001,38.950001,38.59,38.720001,946300,
PFMT,11.17,11.34,11.1,11.28,224900,
PFPT,21.93,22.889999,21.66,22.530001,453900,
PFS,15.28,15.45,15.24,15.42,81200,
PFSI,20.4,20.48,20.16,20.450001,127000,
PFSW,4.24,4.31,4.18,4.18,28600,
PG,77.690002,78.220001,77.260002,78.07,8966400,
PGF,18.17,18.17,18.1,18.1,450300,
PGH,5.16,5.23,5.1,5.22,1101100,
PGI,11.98,12.15,11.93,11.99,59400,
PGJ,21.67,21.799999,21.549999,21.780001,34200,
PGNX,3.96,3.97,3.57,3.68,284900,
PGR,24.83,24.879999,24.65,24.780001,2938100,
PGTI,8.3,8.4,8.13,8.33,244400,
PGX,14.56,14.56,14.48,14.5,1713000,
PH,98.599998,98.879997,97.980003,98.610001,763500,
PHB,19.190001,19.190001,19.120001,19.139999,374600,
PHG,28.49,28.639999,28.35,28.58,637700,
PHH,20.969999,21.51,20.809999,21.43,1307400,
PHM,21.09,21.16,20.15,20.639999,8391100,
PHMD,16.960001,17.030001,16.730001,16.760001,30100,
PHO,22.73,22.82,22.549999,22.700001,203300,
PICO,22.27,22.27,22,22.15,121400,
PID,17.07,17.08,16.99,17.07,155300,
PIE,19.27,19.27,19.040001,19.08,398000,
PII,96.209999,96.510002,95,96.029999,890200,
PIKE,12.66,12.84,12.45,12.52,412200,
PIN,17.129999,17.41,17.030001,17.07,715300,
PIP,1.68,1.68,1.64,1.66,144200,
PIR,24.190001,24.26,23.85,23.98,1389400,
PJC,34.959999,35.009998,34.369999,34.959999,79100,
PKD,4.35,4.38,4.28,4.36,281400,
PKE,23.700001,24.23,23.690001,24.219999,59900,
PKG,49.32,49.450001,48.66,49.200001,810900,
PKI,32.709999,32.959999,32.529999,32.82,693400,
PKT,14.68,14.81,14.43,14.52,116900,
PKX,70.599998,71,70.110001,70.410004,140900,
PKY,17.309999,17.33,17.02,17.24,465600,
PL,39.07,39.61,38.82,39.33,353300,
PLAB,7.61,7.73,7.52,7.64,264800,
PLCE,55,55.119999,54.310001,54.740002,160100,
PLCM,11.35,11.43,11.24,11.32,743200,
PLD,39.150002,39.200001,38.139999,38.150002,4682500,
PLL,68.169998,68.239998,67.629997,67.82,294400,
PLOW,13.77,13.89,13.58,13.69,18400,
PLT,46.82,47.279999,46.439999,47,100800,
PLTM,12.1,12.1,11.9,11.98,3300,
PLUG,0.4,0.48,0.38,0.47,12087300,
PLX,5.26,5.29,5.08,5.19,279200,
PLXS,29.559999,29.92,29.34,29.84,101600,
PLXT,4.66,4.71,4.55,4.69,338900,
PM,92.260002,92.730003,91.410004,91.629997,3888200,
PMC,15.5,15.58,15.33,15.48,127200,
PMCS,6.19,6.23,6.05,6.12,833800,
PMFG,6.27,6.32,6.21,6.3,47300,
PMT,22.07,22.139999,21.219999,21.26,1634300,
PMTC,25.31,25.4,24.94,24.99,442900,
PMTI,13.45,13.45,13.35,13.42,169200,
PNC,71.470001,73.110001,71.279999,72.93,3553900,
PNFP,25.58,25.700001,25.450001,25.6,64600,
PNG,20.87,21.09,20.46,21.09,200700,
PNK,19.190001,19.190001,18.84,18.98,476200,
PNM,22.459999,22.6,22.190001,22.43,473000,
PNNT,11.3,11.38,11.2,11.34,331300,
PNR,59.18,59.52,58.860001,59.459999,1150000,
PNRA,191.429993,193.580002,190.380005,191.929993,242200,
PNW,56.720001,56.880001,56.360001,56.73,453800,
PNY,33.950001,34.43,33.509998,34.290001,255100,
PODD,30.700001,30.9,30.24,30.440001,437900,
POL,25.360001,25.99,25.23,25.959999,623600,
POM,20.639999,20.68,20.379999,20.49,1687800,
POOL,53.349998,53.650002,53.049999,53.639999,244300,
POR,31.25,31.4,31.059999,31.27,368300,
POST,44.459999,44.84,43.610001,44.779999,84200,
POT,41.709999,41.900002,41.43,41.509998,2883300,
POWI,42.049999,42.049999,41.66,41.959999,100100,
POWR,15.48,16.15,15.3,15.7,444900,
POZN,5.49,5.53,5.39,5.47,286900,
PPC,14.08,14.2,13.68,13.75,1852400,
PPG,155.990005,155.990005,153.100006,154.270004,636600,
PPH,47.099998,47.099998,46.84,47.009998,88400,
PPHM,1.66,1.68,1.63,1.66,1777200,
PPL,29.379999,29.469999,29.120001,29.129999,6111400,
PPO,41.740002,42.560001,41.09,41.57,783100,
PPP,5.21,5.36,5.18,5.33,230100,
PPS,47.389999,47.650002,46.939999,47.400002,303800,
PQ,4.8,4.86,4.74,4.8,36200,
PRA,51.139999,51.240002,50.759998,51.189999,272600,
PRAA,150.080006,153.879993,149.499985,152.319992,243600,
PRCP,7.47,7.5,6.91,7.44,77900,
PRE,88.919998,90.540001,88.169998,90.519997,515800,
PRFT,13.22,13.51,13.19,13.44,128700,
PRGO,117.379997,117.900002,116.669998,117.389999,470600,
PRGS,23.469999,23.469999,23.190001,23.280001,177000,
PRI,36.209999,36.41,36.009998,36.240002,149000,
PRIM,20.459999,20.889999,20.17,20.879999,155800,
PRKR,4.34,4.34,4.1,4.13,72000,
PRLB,57,57.34,55.959999,56.150002,337800,
PRMW,1.67,1.77,1.67,1.76,82000,
PRSC,27.799999,28.33,27.66,27.959999,199100,
PRSS,6.67,6.84,6.55,6.74,29400,
PRU,71.839996,73.559998,71.809998,72.360001,3395300,
PRXL,46.66,47.32,46.509998,47.310001,409000,
PSA,152.520004,152.520004,149.880005,150.460007,460800,
PSB,74.529999,74.809998,73.769997,74.059998,55200,
PSDV,3.44,3.63,3.4,3.54,254800,
PSE,24.745,24.745,24.745,24.745,0,
PSEC,10.32,10.36,10.25,10.36,1872800,
PSEM,7.03,7.17,7.01,7.09,79000,
PSMI,10.98,11.24,10.69,11.22,179500,
PSMT,89.32,89.790001,88.559998,88.900002,78300,
PSO,18.6,18.76,18.57,18.700001,360600,
PSQ,22.309999,22.389999,22.25,22.360001,182400,
PST,28.389999,28.450001,28.290001,28.4,129100,
PSTB,5.96,5.99,5.87,5.96,85800,
PSTI,3.01,3.01,2.92,2.93,209900,
PSUN,3.51,3.62,3.49,3.51,1229000,
PSX,65.93,66.389999,65.010002,65.110001,2372500,
PT,4.25,4.27,4.19,4.23,535900,
PTEN,21.110001,21.389999,20.74,20.83,1513900,
PTIE,2.48,2.63,2.44,2.52,192700,
PTM,16.91,17.049999,16.91,17.049999,500,
PTP,57.81,58.2,57.36,58.2,90400,
PTR,113.599998,113.879997,112.699997,113,104900,
PTRY,12.88,13.55,12.87,13.55,176000,
PUK,34.299999,34.419998,34.040001,34.18,129900,
PVA,4.83,4.86,4.73,4.83,517800,
PVG,8.19,8.41,8.02,8.18,191400,
PVH,113.860001,114.07,112.860001,113.379997,795500,
PVR,26.79,27.1985,26.71,27,390700,
PVTB,19.73,19.870001,19.5,19.799999,238800,
PWE,10.22,10.33,10.08,10.31,1724900,
PWER,6.31,6.32,6.3,6.31,891900,
PWR,27.6,27.690001,26.940001,27.25,2384200,
PWRD,16.65,17.15,16.51,16.809999,869400,
PX,114.529999,115.629997,114.099998,114.830002,1158400,
PXD,142.279999,145.729996,142.279999,145.559998,889800,
PZA,25,25.02,24.889999,24.92,620400,
PZE,4.16,4.26,4.1,4.22,145000,
PZG,1.41,1.55,1.4,1.5,589200,
PZO,128.160004,129.160004,127.989998,129.160004,0,
PZZA,66.559998,67.220001,66.010002,67.089996,284000,
Q,43.029999,43.639999,42.959999,43.639999,808400,
QCOM,62.110001,62.200001,61.669998,62.029999,11084000,
QCOR,36.45,37.26,36.29,36.71,1243600,
QDEL,25.700001,25.959999,25.370001,25.959999,208100,
QEP,30.059999,30.24,29.73,30.01,1325200,
QGEN,18.64,18.66,18.529999,18.64,483100,
QID,22.49,22.67,22.370001,22.59,892200,
QIHU,44.900002,45.169998,44.419998,44.939999,2280600,
QLD,69.339996,69.760002,68.830002,69.139999,3552800,
QLGC,10.09,10.13,9.92,9.95,1283400,
QLIK,29.799999,30.1,29.33,29.639999,567500,
QLTI,7.96,8.16,7.96,8.12,154900,
QLTY,9.99,10.44,9.99,10.19,321300,
QLYS,14.54,15.15,14.35,15.06,157300,
QNST,7.4,7.52,7.39,7.51,113600,
QQEW,30.709999,30.709999,30.559999,30.610001,25500,
QQQ,73.529999,73.760002,73.260002,73.419998,25390000,
QRE,16.94,16.97,16.76,16.86,276400,
QSII,18.17,18.370001,18.02,18.120001,334800,
QTM,1.51,1.54,1.45,1.48,3636300,
QTWW,0.62,0.63,0.59,0.6,90600,
QUAD,23.5,24.629999,23.450001,24.469999,90700,
QUIK,2.33,2.34,2.25,2.34,174200,
R,63.150002,63.639999,62.439999,62.669998,371000,
RAD,3.12,3.2,3.08,3.09,42193600,
RAI,48.040001,48.349998,47.830002,48,3012800,
RAIL,17.66,17.870001,17.48,17.85,47900,
RAS,7.79,7.88,7.68,7.73,431200,
RATE,14.02,14.18,13.95,14.15,388800,
RAVN,30.68,30.68,30.040001,30.219999,60800,
RAX,35.439999,35.650002,35.060001,35.549999,1276200,
RBA,20.719999,21.27,20.4,20.860001,1001800,
RBC,68.5,68.669998,67.75,68.639999,231400,
RBCAA,23.33,23.83,23.25,23.620001,23000,
RBCN,8.43,9.05,8.35,8.97,568000,
RBS,10.42,10.5,10.3,10.48,1061500,
RBY,1.84,1.86,1.78,1.83,258900,
RCI,44.950001,45.009998,44.720001,44.900002,249300,
RCII,37.75,38.27,37.700001,38.25,323300,
RCL,34.23,34.34,33.759998,34.169998,1692400,
RDA,10.57,10.75,10.52,10.71,108300,
RDC,33.84,33.869999,33.369999,33.66,612600,
RDEN,46.52,47.119999,46.139999,47.110001,97600,
RDI,6.19,6.21,6.14,6.2,11000,
RDN,12.79,13.34,12.77,13.21,8452300,
RDNT,2.65,2.69,2.6,2.67,103872,
RDS.A,65.53,66.24,65.4,66.05,1547300,
RDS.B,68.07,68.59,67.9,68.45,720100,
RDWR,15.02,15.14,14.85,15.05,194000,
RDY,37.93,37.98,37.610001,37.849998,154600,
RE,127.949997,128.850006,126.790001,128.850006,198700,
RECN,11.63,11.65,11.43,11.46,68500,
REDF,2.8,2.88,2.8,2.82,56500,
REE,1.8,1.96,1.8,1.94,173100,
REED,4.75,4.75,4.62,4.68,58300,
REFR,3.84,4.01,3.81,4.01,40100,
REG,51.66,52.049999,51.029999,51.709999,761900,
REGI,12.95,13.5,12.81,13.31,265300,
REGN,258.140015,258.600006,249.699997,252.830002,594000,
RELL,11.95,12.06,11.95,11.99,9000,
REM,13.77,13.78,13.58,13.59,1173100,
REMX,10.66,10.66,10.52,10.57,12800,
REN,8.42,8.54,8.28,8.39,64800,
RENN,3.35,3.46,3.33,3.39,3546000,
RENT,23.26,23.83,23,23.4,24600,
RES,13.62,13.67,13.34,13.38,509100,
REV,19.91,20.129999,19.74,19.940001,14000,
REW,29.4,29.93,29.4,29.93,200,
REXI,9.16,9.27,8.88,8.98,23100,
REXX,17.360001,17.42,17.09,17.120001,337600,
RF,9.3,9.4,9.16,9.36,22035500,
RFMD,5.25,5.36,5.16,5.28,10159000,
RFP,14.46,14.61,14.36,14.51,198200,
RGA,66.489998,67.129997,66.220001,66.779999,404800,
RGC,18.110001,18.18,17.99,18.139999,544100,
RGEN,8.17,8.35,8.06,8.14,379700,
RGLD,53.459999,54.52,53.07,53.84,375000,
RGP,26.42,26.42,25.950001,26.209999,427700,
RGR,48.049999,48.099998,47.41,47.509998,295700,
RGS,18.33,18.379999,18.200001,18.360001,185500,
RHI,34.32,34.32,33.700001,33.799999,707800,
RHP,34.220001,34.5,33.849998,34.419998,1100400,
RHT,46.259998,46.52,46.189999,46.400002,1540100,
RIC,1.89,1.95,1.82,1.88,43300,
RICK,8.63,8.65,8.56,8.59,20900,
RIG,50.900002,50.959999,50.259998,50.439999,1537100,
RIGL,3.55,3.79,3.44,3.78,1237800,
RIMG,7.97,8.17,7.9,8.17,6700,
RIO,42.68,42.73,42.419998,42.549999,2594200,
RIOM,2.55,2.57,2.43,2.48,223900,
RJA,8.66,8.67,8.62,8.66,157600,
RJET,10.08,10.34,9.97,10.28,236100,
RJF,43.290001,43.349998,42.630001,42.77,1209200,
RJI,8.25,8.27,8.25,8.27,362200,
RJN,6.56,6.56,6.54,6.55,4000,
RKT,101.949997,103.419998,99.919998,102.589996,1079200,
RKUS,11.65,12.02,11.62,12.01,911900,
RL,176.100006,176.429993,175.190002,175.800003,649800,
RLD,15.63,15.67,15.2,15.42,331900,
RLGY,49.400002,49.610001,48.48,48.599998,896600,
RLH,6.08,6.1,6.05,6.08,38600,
RLI,75.709999,76.290001,75.589996,76.25,60200,
RLJ,23.42,23.42,22.99,23.17,466800,
RLOC,15.08,15.26,14.81,14.91,53400,
RMBS,8.04,8.21,8.01,8.21,603500,
RMD,45.869999,46,45.380001,45.91,596200,
RMTI,4.17,4.23,4.06,4.11,387600,
RNDY,7.46,7.6,7.46,7.51,279900,
RNF,31.200001,31.379999,30.549999,30.690001,193300,
RNO,13.97,14.05,13.93,13.99,38600,
RNR,85.68,86.449997,85.330002,86.279999,796100,
RNST,24.18,24.51,24.1,24.51,24800,
ROC,65.07,65.8284,64.6425,65.48,386390,
ROCK,15.83,16.059999,15.51,16.049999,49900,
ROCM,14.63,14.7,14.37,14.7,25900,
ROG,48.369999,48.459999,48.080002,48.41,37900,
ROIC,14.45,14.5,14.31,14.45,270800,
ROK,86.839996,86.980003,86.160004,86.400002,690400,
ROL,24.910006,24.970004,24.75,24.900001,123600,
ROLL,50,50.220001,49.700001,50.119999,74100,
ROM,83.120003,83.510002,82.419998,82.669998,29400,
ROP,124.279999,124.279999,123.279999,123.809998,301300,
ROSE,46.919998,46.98,45.990002,46.369999,343100,
ROSG,4.13,4.13,3.86,3.87,632500,
ROST,64.949997,65.199997,64.379997,64.779999,1930800,
ROVI,25.440001,25.73,24.200001,25.440001,2351800,
ROYL,2.73,2.74,2.57,2.58,385900,
ROYT,18.440001,18.719999,18.41,18.65,49800,
RP,17.25,17.51,17.120001,17.209999,326700,
RPAI,15.27,15.58,15.27,15.53,1091000,
RPM,32.779999,32.869999,32.41,32.619999,331200,
RPRX,18,18.67,17.77,18.030001,225800,
RPTP,7.7,7.8,7.52,7.67,313900,
RPXC,15.63,15.72,15.39,15.69,368300,
RRC,76.269997,76.949997,75.889999,76.290001,1574500,
RRD,12.47,12.73,12.44,12.72,853900,
RRGB,56.619999,57.130001,56.16,56.939999,131200,
RRMS,36,36.279999,35.540001,36.259998,3900,
RRTS,28.129999,28.620001,27.9,28.58,293400,
RS,65.139999,65.809998,64.599998,65.489998,329300,
RSE,20.41,20.719999,20.209999,20.370001,79600,
RSG,33.959999,34.119999,33.669998,33.720001,1207400,
RSH,31.685,31.685,31.685,31.685,0,
RSO,6.37,6.4,6.28,6.3,141700,
RSOL,2.64,3.35,2.55,3.3,6931400,
RSP,62.84,62.919998,62.439999,62.650002,672200,
RST,15.82,16,15.75,15.88,241800,
RSTI,26.9,27.24,26.639999,27.1,38600,
RSX,25.42,25.440001,25.120001,25.129999,3788600,
RSYS,5,5.18,4.98,5.16,60000,
RT,9.64,9.78,9.55,9.61,402200,
RTEC,12.49,12.63,12.36,12.59,85700,
RTH,52.560001,52.759998,52.470001,52.5,59300,
RTI,28.549999,28.99,28.27,28.780001,118500,
RTIX,4.37,4.48,4.34,4.48,206100,
RTK,2.29,2.3,2.24,2.25,203900,
RTN,67.440002,67.480003,66.769997,66.949997,1467300,
RUE,41.97,42,41.86,41.9,363000,
RUSHA,26.07,26.530001,26.02,26.389999,84900,
RUSL,21.190423,21.190423,20.420407,20.420407,1200,
RUSS,21.129999,21.85,20,21.85,8600,
RUT,989.630005,992.690002,984.710022,992.669983,29787300,
RUTH,11.46,11.56,11.3,11.42,399600,
RVBD,16.06,16.35,16.01,16.26,2354700,
RVLT,3.64,4.07,3.61,3.83,184400,
RVM,0.95,0.96,0.9,0.92,70400,
RWM,20.34,20.51,20.309999,20.309999,369400,
RWO,43.610001,43.610001,43.16,43.279999,91200,
RWR,78.019997,78.160004,77.120003,77.25,274400,
RWT,18.67,18.879999,18.48,18.780001,935900,
RWX,41.240002,41.240002,40.93,41.029999,523400,
RXN,19.68,19.780001,19.09,19.360001,101800,
RY,59.009998,59.400002,58.610001,59,264300,
RYAAY,50.180002,50.4,49.220002,50.02,226600,
RYL,42.43,42.619999,40.889999,41.16,1970900,
RYN,54.989996,55.110001,54.02,54.399995,1007900,
S,7.22,7.26,7.17,7.18,38020200,
SA,12,12.43,11.83,12.2,85900,
SAA,74.239998,74.650002,73.599998,74.559998,19200,
SAAS,7.71,7.86,7.61,7.85,444400,
SABA,8.7,8.75,8.7,8.75,13300,
SAFM,71.199997,71.349998,70.669998,71.18,160700,
SAFT,51.880001,52.369999,51.450001,52.220001,28500,
SAH,23.08,23.26,22.84,23.08,124500,
SAI,0.035,0.035,0.035,0.035,31000,
SAIA,48.409996,48.600002,47.149996,47.290006,204700,
SAM,157,157.949997,153.949997,155.259995,43000,
SAN,7.2,7.24,7.12,7.21,3509000,
SAND,7.64,7.78,7.55,7.69,198100,
SANM,14.02,14.13,13.85,14.04,631200,
SAP,77.260002,77.68,76.699997,77.550003,823200,
SAPE,13,13.06,12.87,12.93,431500,
SATS,40.360001,40.939999,40.349998,40.779999,135800,
SAVE,31.389999,32.400002,31.34,32.290001,744600,
SB,5.27,5.27,5.05,5.1,111200,
SBAC,76.209999,76.919998,74.790001,74.959999,1923600,
SBGI,25.389999,26.389999,24.709999,24.93,1385000,
SBGL,3.78,3.96,3.73,3.88,324400,
SBH,30.15,30.17,29.719999,29.940001,1518700,
SBNY,78,79.169998,77.629997,78.900002,209900,
SBS,11.73,11.98,11.48,11.96,2222300,
SBSI,22.869997,22.949996,22.629998,22.739997,30600,
SBUX,65.660004,66.309998,65.480003,66.110001,12412400,
SBY,17.09,17.24,16.65,17.030001,1249600,
SCCO,31.200001,31.5,30.82,31.07,1636300,
SCG,49.990002,50.209999,49.470001,49.59,745200,
SCHA,44.759998,44.790001,44.400002,44.720001,229200,
SCHB,39.98,40.02,39.75,39.830002,457100,
SCHD,33.630001,33.689999,33.5,33.57,308000,
SCHE,24.18,24.190001,23.969999,24.01,304800,
SCHF,28.379999,28.450001,28.129999,28.23,393600,
SCHG,39.34,39.349998,39.099998,39.16,129800,
SCHH,32.880001,32.919998,32.43,32.490002,108000,
SCHL,29.68,29.860001,29.27,29.360001,90400,
SCHM,32.73,32.759998,32.419998,32.560001,90100,
SCHN,23.84,24.370001,23.540001,24.26,198500,
SCHV,37.349998,37.349998,37.080002,37.189999,98300,
SCHW,20.200001,20.35,20.049999,20.219999,7555400,
SCHX,39.41,39.41,39.150002,39.23,308800,
SCI,18.110001,18.110001,17.92,17.959999,1356900,
SCIF,8.31,8.33,8.13,8.14,190600,
SCLN,4.98,4.99,4.87,4.97,71200,
SCMP,7.49,7.55,7.15,7.4,278700,
SCO,37.150002,37.34,36.779999,36.919998,788500,
SCOK,1.56,1.56,1.47,1.54,17631,
SCOR,21.9,22.370001,21.74,22.35,130400,
SCR,16.955,16.955,16.955,16.955,0,
SCS,13.75,13.95,13.61,13.95,536500,
SCSC,34.02,34.84,33.830002,34.52,71200,
SCSS,22.370001,22.809999,22.059999,22.76,814800,
SCTY,36.220001,39.07,35.919998,36.349998,3286200,
SCVL,24.43,24.690001,24.290001,24.690001,20900,
SCZ,43.959999,44.029999,43.68,43.889999,124500,
SD,5.03,5.04,4.95,4.99,3728500,
SDIV,21.959999,21.99,21.83,21.870001,356500,
SDLP,28.879999,29.360001,28.66,28.98,80300,
SDOW,40.490002,41.18,40.459999,41,354900,
SDR,13.66,13.91,13.61,13.69,235300,
SDRL,40.049999,40.09,39.709999,39.93,1500300,
SDS,39.07,39.509998,39.029999,39.330002,9488600,
SDT,14.35,14.63,14.27,14.53,105300,
SDY,68.029999,68.120003,67.599998,67.900002,913500,
SE,30.860001,30.870001,30.35,30.76,2924300,
SEA,17.540001,17.629999,17.450001,17.559999,22600,
SEAC,10.93,11.14,10.93,11.09,101600,
SEAS,37.529999,37.849998,37,37.73,254300,
SEE,24.5,24.530001,24.139999,24.139999,1216200,
SEED,1.51,1.54,1.48,1.48,21000,
SEF,23.190001,23.379999,23.190001,23.290001,19000,
SEIC,30.1,30.34,29.84,29.969999,742600,
SEM,7.92,8,7.88,7.92,267700,
SEMG,52.290001,52.650002,51.900002,52.599998,564200,
SEP,37.220001,37.52,36.860001,37.200001,152100,
SF,35.799999,36.209999,35.349998,36.049999,413900,
SFC,93.809998,94.18,93.209999,93.360001,0,
SFD,32.8,32.81,32.72,32.75,9602958,
SFE,15.63,15.77,15.45,15.77,81200,
SFG,46.400002,46.790001,46.25,46.619999,101200,
SFI,21700,21700,21100,21400,25000,
SFL,17.209999,17.309999,16.110001,16.440001,1096400,
SFLY,52.290001,52.369999,51.119999,51.759998,427200,
SFUN,27,27.3,26.559999,26.889999,2648000,
SFY,14.95,15.06,14.75,14.86,605500,
SGEN,34.59,34.759998,33.209999,33.75,742800,
SGG,58.75,58.75,58.43,58.43,4900,
SGI,14.43,14.69,14.31,14.58,212000,
SGMO,8.01,8.02,7.74,7.81,238400,
SGMS,11.68,11.79,11.54,11.75,212400,
SGOL,135.949997,136.770004,135.570007,136.509995,27400,
SGU,4.87,4.94,4.81,4.91,36800,
SGY,23.08,23.469999,22.699999,23.32,7400,
SGYP,4.850003,4.929997,4.76,4.910001,461800,
SH,28.92,29.07,28.889999,29,1326800,
SHEN,17.52,17.57,17.049999,17.559999,56400,
SHFL,17.8,18.37,17.69,18.28,489200,
SHLD,47.559871,48.169874,46.559873,46.709876,1089900,
SHLM,27.91,28.25,27.91,28.030001,94800,
SHO,11.81,11.84,11.62,11.64,481700,
SHOO,48.250008,48.859995,47.950004,48.700006,326800,
SHOR,3.99,4.06,3.87,3.89,144400,
SHOS,49.700001,49.700001,48.439999,48.689999,181800,
SHPG,98.239998,98.779999,97.910004,98.290001,337600,
SHW,183.860001,183.979996,182.470001,183.869995,409600,
SHY,84.339996,84.349998,84.32,84.349998,789800,
SI,0.15,0.15,0.15,0.15,0,
SIAL,82.82,83.019997,82.389999,82.75,454600,
SID,2.92,2.93,2.83,2.9,5829600,
SIFY,1.9,1.92,1.88,1.9,30000,
SIG,68.989998,69.099998,68.32,68.559998,293200,
SIGA,3.3,3.33,3.2,3.32,206500,
SIGM,5.1,5.17,5.03,5.13,304700,
SIL,14.099985,14.179986,13.899986,14.129985,47700,
SIM,13.49,13.54,13.02,13.11,12700,
SIMG,5.89,5.998,5.79,5.83,718900,
SIMO,11.45,11.5,11.2,11.32,152300,
SINA,59.790001,60.599998,59,59.75,1699700,
SIR,28.299999,28.379999,27.969999,28.219999,68100,
SIRI,3.48,3.49,3.36,3.4,55161800,
SIRO,70.190002,70.190002,68.980003,69.589996,506300,
SIVB,77,78.040001,76.57,77.82,115500,
SIVR,21.57,21.84,21.49,21.67,179100,
SIX,76.349998,76.589996,75.25,75.400002,415400,
SJB,31.639999,31.639999,31.299999,31.32,82600,
SJI,58.68,58.75,57.93,58.610001,110400,
SJM,101.489998,101.489998,99.709999,100.239998,922200,
SJR,22.23,22.540001,22.049999,22.459999,189400,
SJT,15.66,15.87,15.56,15.76,70100,
SKF,22.27,22.559999,22.209999,22.360001,162400,
SKH,6.94,7.06,6.87,7.05,118300,
SKM,20.67,20.73,20.559999,20.68,860800,
SKS,14.76,14.8999,14.73,14.76,962300,
SKT,34.93,34.98,34.48,34.5,385200,
SKUL,5.61,5.85,5.6,5.75,483000,
SKX,22.26,22.940001,22.15,22.83,1557600,
SKYW,13.83,13.85,13.64,13.81,330400,
SKYY,21.68,21.700001,21.620001,21.66,4100,
SLAB,42.810001,43.23,42.41,43.009998,236000,
SLB,74.110001,74.389999,73.110001,73.300003,6263700,
SLCA,21.5,21.790001,20.540001,21.32,1775000,
SLF,29.690001,29.889999,29.450001,29.719999,199000,
SLG,87.279999,87.879997,86.18,87.879997,646900,
SLGN,46.75,46.900002,46.41,46.82,168500,
SLH,55.41,55.419998,54.970001,55.349998,277000,
SLM,23.600011,23.730007,23.439994,23.489994,15788800,
SLRC,23,23.26,23,23.26,164400,
SLT,36.17,36.17,36.17,36.17,0,
SLV,21.040001,21.35,20.969999,21.16,10495300,
SLW,23.5,23.879999,23.129999,23.540001,3113600,
SLX,39.860001,40.029999,39.540001,39.830002,23100,
SLXP,61.95,62.48,60.91,62.29,478300,
SM,63.610001,63.630001,62.34,63.049999,399400,
SMA,1.48,1.48,1.34,1.36,4300,
SMFG,8.71,8.75,8.55,8.59,2672100,
SMG,46.34,47.25,46.299999,47.200001,292600,
SMH,38.380001,38.639999,38.259998,38.52,1573100,
SMLP,32.849998,32.93,32.389999,32.529999,30700,
SMN,48.040001,48.48,47.700001,48.09,21200,
SMP,35.630001,35.919998,34.560001,34.790001,161000,
SMRT,13.25,13.44,13.25,13.35,90600,
SMS,0.5,0.5,0.5,0.5,0,
SMSI,1.26,1.28,1.22,1.23,27000,
SMT,1.45,1.45,1.31,1.33,170200,
SMTC,36.110001,36.189999,35.790001,36.139999,515500,
SN,22.08,22.23,21.9,22.15,135100,
SNA,92.029999,92.239998,91.550003,91.769997,212100,
SNAK,7.55,7.84,7.5,7.76,105600,
SNCR,31.209999,31.84,31.09,31.48,84200,
SNDK,58.540001,59.939999,58.150002,59.830002,3794800,
SNE,20.280001,20.360001,20.030001,20.110001,3096000,
SNH,26.57,26.59,26.110001,26.18,886800,
SNHY,31.41,31.780001,31,31.57,47400,
SNI,67,67.190002,65.940002,66.129997,1335500,
SNP,95.16999,96.369995,95.009999,95.259988,90400,
SNPS,37,37.02,36.630001,36.91,399100,
SNSS,5.04001,5.04001,4.91001,4.95001,27400,
SNTA,4.65,4.67,4.34,4.42,2131900,
SNTS,19010,19010,19010,19010,4100,
SNV,2.740055,2.770055,2.730055,2.750055,769000,
SNX,42.599998,42.759998,41.75,42.049999,222300,
SNY,53.5,53.59,53.169998,53.290001,470200,
SO,44.470001,44.619999,44.18,44.400002,3525300,
SODA,72.949997,77.800003,71.760002,76.110001,2513900,
SOHU,66.050003,66.68,64.699997,66.370003,513300,
SOL,2,2.26,1.95,2.16,1754200,
SON,35.16,35.279999,34.779999,35.02,171900,
SONC,13.8,14.09,13.71,14.01,428800,
SONS,3.5,3.57,3.34,3.44,535100,
SORL,2.62,2.78,2.61,2.71,19200,
SOX,471.86,474.87,470.35,473.97,0,
SOXL,48.990002,49.259998,47.84,48.98,732000,
SOXS,15.51,15.89,15.42,15.5,14900,
SOXX,64.199997,64.550003,63.939999,64.459999,43100,
SOYB,25.08,25.23,24.860001,25.120001,10100,
SPAR,6.06,6.14,5.98,6.09,102000,
SPB,62.169998,62.48,61.470001,62.040001,69600,
SPF,8.78,8.78,8.39,8.65,4604500,
SPG,167.3,167.859999,164.879995,165.269991,986900,
SPH,46.360001,46.799999,45.990002,46.349998,120000,
SPIL,5.85,5.87,5.8,5.8,403900,
SPLK,43.790001,44.150002,43.040001,44.130001,1092400,
SPLS,15.41,15.62,15.27,15.51,6973700,
SPLV,31.33,31.360001,31.120001,31.23,1708200,
SPN,27.41,27.49,26.889999,26.99,923200,
SPNC,19.459999,19.49,19.110001,19.25,301600,
SPP,2.15,2.15,2.02,2.13,5100,
SPPI,8.14,8.14,7.95,8.04,696700,
SPR,22,22.01,21.68,21.879999,1121900,
SPRD,19.24,19.96,19.195,19.74,623900,
SPRT,4.45,4.51,4.37,4.41,324000,
SPSC,54,54.32,53.57,54.32,48800,
SPTN,18.809999,19.73,18.799999,19.690001,57800,
SPU,2.2,2.22,2.16,2.21,2700,
SPW,79.379997,79.5,78.900002,79.279999,523700,
SPWR,19.620001,21.65,19.49,21.440001,5706100,
SPX,1644.670044,1648.689941,1639.26001,1642.810059,2978730000,
SPXL,45.110001,45.18,44.34,44.700001,987900,
SPXS,10.21,10.38,10.19,10.31,658900,
SPXU,23.01,23.389999,22.959999,23.23,1321500,
SPY,165.309998,165.399994,164.369995,164.800003,105667100,
SQI,22.6,22.6,22.280001,22.42,86800,
SQM,44.129997,44.249996,43.33,43.749997,725200,
SQNM,4.14,4.19,4.05,4.19,1453900,
SQQQ,26.620001,26.940001,26.4,26.780001,742900,
SRC,20.030001,20.270005,19.819996,20.180004,1547400,
SRCL,109.199997,109.610001,108.440002,108.470001,339100,
SRDX,23.82,23.83,22.700001,23.26,75400,
SRE,80.169998,80.169998,79.199997,79.779999,772400,
SREV,8.27,8.62,8.21,8.53,589500,
SRI,11.3,11.38,10.95,11.03,377500,
SRPT,37.990002,39.23,37.25,37.830002,914700,
SRS,20.48,21.110001,20.48,21.02,47900,
SRT,4.72,4.75,4.7,4.73,28900,
SRTY,19.35,19.82,19.25,19.25,198400,
SSD,28.82,28.91,28.450001,28.74,104300,
SSG,27.070002,27.520002,26.75,27.070002,1200,
SSH,5.75,5.88,5.61,5.7,21100,
SSI,23.65,23.76,23.360001,23.43,250400,
SSL,43.84,44,43.610001,43.75,191900,
SSN,0.46,0.47,0.45,0.46,25000,
SSNC,31.790001,32.220001,31.639999,31.790001,858000,
SSO,81,81.080002,80.07,80.419998,14231800,
SSP,13.819995,13.879996,13.71,13.719996,228900,
SSRI,7.46,7.66,7.35,7.42,949600,
SSS,66.629997,66.629997,65.269997,65.489998,94000,
SSW,23.35,23.35,23,23.25,85200,
SSYS,80.110001,84.379997,79.309998,82.650002,1092800,
ST,35.75,36.02,35.470001,35.93,1113600,
STAA,8.92,8.99,8.65,8.83,229000,
STAG,21.690001,21.73,21.33,21.49,144300,
STB,6.46,6.46,6.37,6.38,31100,
STBA,19.799999,19.879999,19.65,19.84,72900,
STBZ,15.3,15.44,15.04,15.42,38200,
STC,27.889999,28.26,27.639999,27.969999,560200,
STE,45.240002,45.450001,44.810001,45.439999,98400,
STEC,3.41,3.5,3.39,3.44,325700,
STEI,13.05,13.06,13.04,13.05,1396300,
STEL,17.61,19.43,17.57,18.9,693600,
STFC,19.01,19.190001,18.67,19.129999,24400,
STI,32.380001,32.580002,32.119999,32.439999,3790700,
STJ,43.990002,44.07,43.549999,44.060001,1340500,
STKL,7.9,7.92,7.81,7.85,367500,
STLD,14.8,14.97,14.65,14.88,1733800,
STM,9.58,9.64,9.49,9.63,847800,
STMP,39.25,39.57,38.27,38.400002,233700,
STNG,8.88,8.96,8.72,8.95,340200,
STO,22.35,22.51,22.290001,22.450001,1114000,
STON,26.27,26.32,25.860001,26.209999,87600,
STP,0.51,0.53,0.5,0.5,246300,
STR,24.43,24.450001,24.1,24.23,1076600,
STRA,55.849998,57.549999,55.709999,56.790001,181100,
STRI,2.699973,2.809972,2.699973,2.709973,29600,
STRL,10.27,10.39,10,10.22,37200,
STRM,6.7,6.78,6.55,6.58,73500,
STRZA,22.969999,23.110001,22.34,22.4,674300,
STSA,21.93,22.17,21.655,22.13,149700,
STSI,1.51,1.54,1.45,1.47,628100,
STT,67.639999,67.879997,67.120003,67.360001,2966800,
STV,1.59,1.59,1.5,1.54,379200,
STWD,25.569997,25.729997,25.319998,25.5,1679400,
STX,43.689999,44.130001,43.150002,43.970001,3943400,
STZ,53.48,53.619999,52.669998,52.799999,1377900,
SU,31,31.389999,30.940001,31.209999,3412300,
SUI,49.849998,50.220001,49.360001,49.59,71000,
SUNE,8.13,8.56,7.97,8.4,4986700,
SUP,18.440001,18.459999,18.049999,18.200001,93400,
SUPN,7.2,7.2,6.62,6.85,516700,
SUPX,21.85,22.28,21.85,22.07,115800,
SURG,3.29,3.55,3.24,3.53,241500,
SUSP,28.88,29.09,28.41,28.41,20600,
SUSQ,12.08,12.17,11.97,12.14,639300,
SUSS,48.73,49.08,48.55,48.88,100600,
SUTR,1.89,1.94,1.87,1.89,70700,
SVA,4.04,4.06,3.92,4.01,81900,
SVM,2.95,3,2.85,2.99,443500,
SVN,17.5,17.5,17.5,17.5,0,
SVNT,0.7,0.81,0.68,0.74,1568000,
SVO,373.9841,374.1603,371.0876,372.4532,0,
SVU,6.36,6.6,6.28,6.6,3159200,
SVXY,89.550003,89.830002,87.949997,89.489998,1802200,
SWC,12.18,12.55,12.03,12.26,1221300,
SWFT,17.440001,17.879999,17.389999,17.5,1387700,
SWHC,9.2,9.27,9.15,9.24,739800,
SWI,40.93,40.93,39.790001,40.110001,618400,
SWIR,11.68,11.72,11.52,11.56,27700,
SWK,79.839996,80.010002,79.089996,79.809998,682600,
SWKS,22.459999,22.58,22.139999,22.17,2170900,
SWM,49.560001,49.669998,48.950001,49.48,169200,
SWN,38.34,38.490002,37.950001,38.360001,2520700,
SWSH,0.91,0.97,0.88,0.9,30300,
SWX,48.439999,48.650002,47.779999,48.310001,68700,
SWY,20.33,20.84,20.28,20.62,7454900,
SXC,15.37,15.44,15.04,15.43,264100,
SXCP,22.639999,23.530001,22.58,22.639999,133300,
SXE,22.66,22.9,22.530001,22.76,16900,
SXI,53.810001,54.220001,52.849998,53.990002,9900,
SXL,62.900002,63.080002,61.790001,62.77,172200,
SXT,40.990002,41.18,40.57,41.130001,76900,
SYA,14.82,15.07,14.76,14.96,401600,
SYK,67.199997,67.459999,66.82,67.25,766400,
SYKE,15.79,16.08,15.79,16.059999,116800,
SYMC,22.17,22.35,21.91,22.25,9544000,
SYNA,40.540001,41.16,40.310001,40.580002,535100,
SYNC,3.53,3.53,3.41,3.45,187000,
SYNT,64.68,64.93,63.939999,64.760002,185800,
SYRG,6.51,6.82,6.32,6.71,431200,
SYT,79.190002,79.370003,78.860001,79.139999,173400,
SYX,9.46,9.55,9.32,9.45,12600,
SYY,33.849998,34.23,33.700001,34.080002,3933900,
SZYM,11.5,12.05,11.34,11.94,928800,
T,35.869999,36.110001,35.689999,35.990002,21852200,
TA,11.1,11.1,10.82,10.88,161300,
TAHO,14.19,14.72,14.01,14.57,64100,
TAL,10.72,10.79,10.67,10.76,146200,
TAM,21.05,21.49,18.16,20.93,1515100,
TAN,24.99,25.959999,24.629999,25.950001,385200,
TAO,21,21,20.77,20.790001,53500,
TAOM,3.95,4.13,3.95,4.13,68300,
TAP,50.709999,51.189999,50.389999,51.18,1202400,
TASR,9.41,9.5,9.31,9.4,256500,
TAST,5.81,5.97,5.75,5.95,116600,
TAT,0.79,0.81,0.78,0.79,6700,
TAXI,14.55,14.55,14.06,14.33,103700,
TAYC,16.59,16.7,16.47,16.66,28400,
TBBK,14.67,14.73,14.39,14.5,189400,
TBF,30.879999,30.92,30.73,30.84,1462700,
TBI,22.98,23.23,22.77,23.16,163000,
TBT,69.870003,70.190002,69.290001,69.910004,5826200,
TC,3.52,3.53,3.43,3.46,1048100,
TCAP,28.799999,28.799999,28.34,28.6,29800,
TCB,14.35,14.48,14.19,14.4,552500,
TCBI,44.43,44.849998,44.25,44.77,307000,
TCK,25.08,25.15,24.299999,24.57,3882800,
TCO,80.889999,81.089996,79.18,79.589996,461400,
TCP,43.91,43.91,43.299999,43.459999,241400,
TCRD,15.19,15.43,15.05,15.34,220900,
TD,80.82,81.300003,80.43,80.900002,1130800,
TDC,57.259998,57.68,56.900002,57.330002,1331000,
TDG,149.850006,150.880005,149.380005,149.990005,298400,
TDIV,22.58,22.629999,22.51,22.549999,137300,
TDS,22.780001,23.09,22.77,22.940001,473100,
TDW,56.950001,57.119999,56.220001,57.049999,343900,
TDY,75.82,75.82,75.260002,75.589996,79000,
TE,17.51,17.549999,17.34,17.450001,1857900,
TEAR,11.899999,12.260001,11.48,11.87,72000,
TECD,49.43,49.880001,49.279999,49.669998,109400,
TECH,66.389999,66.629997,65.790001,66.5,98000,
TECL,63.799999,64.279999,63.240002,63.450001,464400,
TECS,32.700001,33.029999,32.5,32.939999,5800,
TECUA,10.04,10.57,10.04,10.35,65600,
TEF,13.64,13.72,13.55,13.58,1064900,
TEG,57.150002,57.450001,56.689999,57.25,303300,
TEL,45.650002,45.740002,45.119999,45.200001,1198000,
TEN,45.279999,45.380001,44.599998,45.060001,282600,
TEO,15.95,16.08,15.55,16.08,125000,
TEP,21.700001,21.709999,21.389999,21.4,348900,
TER,17.870001,17.93,17.690001,17.870001,1649900,
TESO,13.02,13.19,12.88,13.09,135600,
TEU,4.05,4.17,4.05,4.13,59100,
TEVA,39.490002,40.110001,39.459999,40,4700000,
TEX,33.259998,33.630001,32.610001,33.610001,1666100,
TFM,52.48,52.869999,51.91,52.080002,390800,
TFSL,11.09,11.09,10.91,11.05,148400,
TFX,78.5,78.5,77.760002,78.169998,198200,
TG,24.860001,25.889999,24.709999,25.879999,81900,
TGA,7.18,7.23,7.12,7.17,35900,
TGB,2.09,2.09,1.99,2.04,534900,
TGH,37.650002,37.889999,37.380001,37.470001,140000,
TGI,79.480003,79.68,78.650002,79.629997,317300,
TGP,42.709999,42.990002,42.32,42.5,97500,
TGT,70.330002,70.75,69.709999,69.879997,4239200,
THC,46.669998,47,46.27,46.450001,997200,
THG,48.240002,48.580002,48.060001,48.549999,392900,
THI,53.22,53.4,52.98,53.21,142900,
THLD,5.49,5.58,5.4,5.45,460000,
THM,0.86,0.86,0.83,0.86,67400,
THO,46.619999,47.709999,46.02,47.299999,1005400,
THOR,31.059999,31.309999,30.780001,31.290001,338500,
THRM,18.110001,18.34,18,18.34,336300,
THRX,35.540009,36.799995,35.089996,36.209998,1562900,
THS,66.980003,67.529999,66.400002,67.410004,54200,
TI,7.41,7.41,7.25,7.36,204200,
TIBX,21.14,21.39,20.96,21.05,1510200,
TICC,9.79,9.84,9.69,9.81,460400,
TIF,79.400002,79.559998,78.339996,78.669998,570900,
TILE,16.76,16.959999,16.549999,16.709999,167800,
TINY,3.45,3.48,3.34,3.38,100800,
TIP,115.18,115.43,114.599998,114.639999,2052200,
TISI,36.709999,37.310001,36.66,37.27,58100,
TITN,20.4,20.559999,20.299999,20.4,329500,
TIVO,25.440001,25.73,24.200001,25.440001,2351800,
TJX,50.59,50.799999,50.18,50.299999,2537700,
TK,39.740002,39.91,39.259998,39.57,163000,
TKC,13.96,14.14,13.87,13.92,406900,
TKR,57.689995,57.790007,57.01999,57.44,415300,
TLAB,2.13,2.17,2.1,2.16,2380900,
TLH,129.679993,129.740005,129.169998,129.410004,21200,
TLK,43,43.439999,42.080002,42.740002,324200,
TLLP,60,60.360001,59,59.48,50700,
TLM,11.61,11.83,11.52,11.69,3286400,
TLP,42.299999,42.299999,41.869999,42.150002,60200,
TLT,112.699997,113.120003,112.379997,112.620003,7892600,
TLYS,16.280001,16.34,16.16,16.25,89500,
TM,121.68,121.830002,120.410004,121.150002,857200,
TMF,58.32,58.68,57.580002,57.900002,332000,
TMH,39.490002,39.509998,39.07,39.41,228400,
TMHC,25.15,25.23,24.530001,24.889999,459500,
TMK,65.040001,65.340002,64.919998,65.110004,584700,
TMO,84.949997,86.010002,84.75,85.800003,3948100,
TMUS,21.42,21.700001,21.09,21.200001,3079700,
TMV,61.43,62,60.799999,61.639999,391800,
TNA,49.740002,50,48.529999,49.970001,9968500,
TNAV,5.11,5.17,5.08,5.15,188400,
TNC,50.75,50.950001,50.490002,50.91,22100,
TNGO,14.99,15.94,14.83,15.92,809500,
TNK,2.77,2.79,2.67,2.72,178000,
TNP,4.88,5,4.73,4.91,298200,
TOL,33.560001,33.610001,32.16,32.580002,4039400,
TOO,32.869999,33.099998,32.529999,32.720001,193500,
TOT,50.029999,50.25,49.700001,50.080002,919000,
TPC,17.84,17.99,17.5,17.889999,69100,
TPH,16.68,16.889999,16.219999,16.6,124700,
TPLM,6.19,6.81,6.16,6.67,1564600,
TPX,44.169998,44.52,43.23,44.02,548900,
TQNT,7.03,7.09,6.95,7.05,1781600,
TQQQ,72.970001,73.580002,72.150002,72.540001,5638800,
TR,32.050089,32.140088,31.960095,32.110096,38000,
TRAK,32.939999,32.939999,32.459999,32.790001,142900,
TRC,30.78,30.78,30.340001,30.619999,43400,
TREX,51.139999,52.189999,50.779999,51.77,306800,
TRGP,65.739998,67.080002,64.800003,66.519997,243700,
TRGT,5.25,5.28,4.99,5.03,2107700,
TRI,33.830002,33.889999,33.639999,33.740002,976300,
TRIB,17.25,17.299999,16.92,17.280001,44700,
TRIP,64.169998,64.489998,63.57,64.309998,932000,
TRLA,31.08,31.52,30.72,31.12,369400,
TRLG,31.67,31.75,31.67,31.74,100700,
TRMB,27.01,27.389999,26.719999,26.790001,1706300,
TRMK,25,25,24.68,24.879999,631200,
TRN,39.959999,40.290001,39.57,39.919998,1377800,
TRNX,15.78,16,15.47,15.94,82300,
TROW,76.080002,76.290001,75.059998,75.459999,905300,
TROX,21.65,21.969999,21.52,21.6,215600,
TRP,44.810001,46.16,44.790001,45.990002,998400,
TRQ,6.800005,6.800005,6.400004,6.489999,1245600,
TRS,33.759997,34.270001,33.369998,33.990001,241600,
TRV,83.440002,83.620003,82.519997,83.300003,2206000,
TRW,64.4,64.55,63.51,64.04,674800,
TRX,3.03,3.15,3.02,3.06,161300,
TS,42.200001,42.43,41.900002,42.099998,387700,
TSCO,113.860001,114.589996,112.68,113.760002,536000,
TSL,5.64,6.15,5.56,6.12,4740300,
TSLA,98.93,102.519997,98.57,100.050003,9228600,
TSM,18.719999,18.940001,18.65,18.809999,7479600,
TSN,25.059999,25.629999,25.059999,25.450001,5572100,
TSO,59.099998,59.459999,57.889999,58.09,1756400,
TSPT,3.07,3.1,3,3.07,84800,
TSRA,20.950001,21.209999,20.84,21.190001,164600,
TSRX,8.4,8.95,8.2,8.91,1809600,
TSS,23.459999,23.530001,23.33,23.41,835100,
TSU,18.77,19.200001,18.68,19.110001,1159200,
TSYS,2.31,2.35,2.24,2.32,118900,
TTC,47.029999,47.110001,46.740002,47.099998,350200,
TTCMY,6.18,6.8,6.16,6.37,38500,
TTEC,24.01,24.049999,23.68,23.940001,90500,
TTEK,27.07,27.200001,26.799999,27.16,135500,
TTI,11,11,10.71,10.86,407300,
TTM,25.870001,26.110001,25.58,25.83,1999100,
TTMI,8.17,8.27,8.12,8.26,161300,
TTS,29.139999,29.48,28.68,29.200001,328100,
TTT,79.540001,80.040001,78.650002,79.610001,23100,
TTWO,17.059999,17.129999,16.51,16.540001,1437100,
TU,34.099998,34.400002,33.889999,34.080002,155600,
TUES,9.07,9.85,8.88,9.8,507800,
TUMI,24.389999,24.620001,24.27,24.52,195800,
TUP,83.18,83.529999,82.040001,83.290001,294000,
TV,24.120001,24.209999,23.65,23.67,2974200,
TVL,2.92,2.99,2.85,2.99,4200,
TW,76.5,76.82,75.610001,76.309998,265900,
TWC,95.959999,96.529999,95.360001,95.739998,2252400,
TWER,2.36,2.43,2.28,2.29,7300,
TWGP,19.8,20.08,19.685,20.04,227900,
TWI,19.540001,19.66,17.67,17.889999,5785800,
TWIN,24.549999,24.610001,24.360001,24.610001,2000,
TWM,17.610001,17.91,17.559999,17.559999,569100,
TWO,10.97,11.01,10.84,10.91,4562700,
TWTC,28.72,29.04,28.65,28.93,919300,
TWX,58.779994,58.779994,57.490003,57.7,5092000,
TX,23.639999,23.639999,23.01,23.309999,112800,
TXCC,0.51,0.51,0.48,0.48,127600,
TXI,67.16,68.29,66.16,67.54,307100,
TXN,36.25,36.759998,36.119999,36.619999,7941300,
TXRH,24.33,24.719999,24.299999,24.469999,422400,
TXT,26.959999,27.280001,26.82,26.91,2406200,
TYC,34.290002,34.520001,34.16,34.43,3575200,
TYD,40.43,40.459999,40.139999,40.209999,6000,
TYL,70.099998,70.099998,69.099998,69.290001,129300,
TYO,23.6,23.950001,23.6,23.799999,26100,
TYPE,23.74,24.49,23.610001,24.389999,165900,
TZA,30.85,31.65,30.709999,30.709999,3246300,
TZOO,27.73,28.299999,27.4,28.200001,42900,
UA,59.919998,60.599998,59.650002,60.040001,5805600,
UAL,32.950001,33.59,32.830002,33.279999,3229300,
UAM,9.34,9.49,9.26,9.47,74100,
UAN,24.66,25.08,24.6,25.040001,777700,
UBA,21.209999,21.469999,21.1,21.389999,36600,
UBNT,16.049999,16.32,15.99,16.030001,461600,
UBS,18.12,18.15,17.88,18.03,1634300,
UBSI,26,26.200001,25.82,26.02,173600,
UBT,61.689999,61.689999,60.650002,60.740002,32100,
UCO,29.820002,30.14,29.65,29.970002,178000,
UCTT,5.93,6.02,5.85,5.95,114400,
UDN,26.440001,26.57,26.42,26.549999,46200,
UDOW,88.190002,88.32,86.779999,87.230003,691400,
UDR,24.51,24.629999,24.200001,24.32,1537400,
UEC,2.1,2.16,2.07,2.11,499300,
UEPS,7.09,7.17,7.05,7.14,47400,
UFCS,28.360001,28.43,28.02,28.309999,30800,
UFI,20.09,20.190001,19.68,19.809999,68700,
UFPI,39.759998,40.060001,39.389999,39.869999,27700,
UFS,71.669998,72.550003,71.07,72.550003,649800,
UGA,57,57,56.650002,56.700001,8100,
UGI,38.849999,38.849999,38.219999,38.689994,818700,
UGL,56.189999,57,55.93,56.790001,124500,
UGP,24.389999,24.98,24.200001,24.74,507200,
UHAL,171.860001,171.860001,169.360001,171.130005,28900,
UHS,69.980003,71.110001,69.889999,70.849998,885200,
UIL,39.349998,39.639999,39.16,39.490002,237300,
UIS,20.84,21.120001,20.6,21.120001,415800,
UL,41.509998,41.709999,41.400002,41.639999,876200,
ULE,23.98,24.290001,23.98,24.290001,7300,
ULTA,86.790001,87.300003,86.169998,86.589996,1609700,
ULTI,114.050003,114.050003,112.75,113.300003,61700,
UMBF,52.720001,53.549999,52.48,53.509998,72200,
UMC,2.21,2.24,2.18,2.19,2470000,
UMDD,65.339996,65.419998,63.790001,64.730003,81200,
UMPQ,14.25,14.34,14.17,14.34,658300,
UN,40.48,40.639999,40.330002,40.57,835800,
UNFI,52.009998,52.689999,51.34,52.490002,481400,
UNG,20.469999,20.629999,20.16,20.280001,3359800,
UNH,62.580002,63.900002,62.57,63.68,5256600,
UNIS,3.43,3.45,3.31,3.44,65500,
UNL,18.549999,18.559999,18.139999,18.24,5500,
UNM,28.860001,29.030001,28.559999,28.620001,1848300,
UNP,158.600006,159.029999,156.470001,157.080002,2278800,
UNS,46.8,46.82,46.15,46.82,191600,
UNT,45.32,45.700001,44.939999,45.580002,164000,
UNTD,6.780026,7.000028,6.750026,7.000028,731900,
UNXL,18.110001,18.200001,15.62,16.299999,2111300,
UPI,2.46,2.48,2.37,2.48,24300,
UPL,22.26,22.299999,21.700001,21.799999,2455800,
UPRO,68.139999,68.209999,66.919998,67.449997,4348600,
UPS,86.540001,86.57,85.940002,86.349998,2101600,
UQM,0.88,1.08,0.85,1.05,448000,
URA,18.4,18.440001,18.219999,18.23,23900,
URBN,42.779999,42.810001,42.119999,42.27,1122000,
URE,78.730003,78.730003,76.459999,76.82,171000,
URI,52.18,52.459999,50.68,50.939999,1850900,
URRE,2.599999,2.709999,2.549999,2.659999,6300,
URS,48,48,47.28,47.57,213400,
URTY,55.849998,56.080002,54.450001,56.07,286700,
URZ,1.33,1.34,1.28,1.29,234400,
USAC,21.200001,22.120001,21.200001,21.93,136500,
USB,35.990002,36,35.560001,35.59,10289900,
USD,43.740002,43.740002,42.779999,43.48,27500,
USEG,1.950004,2.000004,1.930004,1.960004,100800,
USG,25.07,25.1,24.42,24.84,1141000,
USL,39.91,40.349998,39.91,40.279999,3800,
USM,33.349998,34.389999,33.259998,33.709999,151600,
USMO,13.7,13.87,13.43,13.85,53900,
USNA,68.349998,70.07,68.269997,69.730003,89700,
USO,33.91,34.09,33.810001,34,2473600,
UST,54.310001,54.52,54.169998,54.32,117700,
USTR,33.77,34.31,33.55,34.01,124000,
USU,0.33,0.35,0.33,0.33,11000,
UTEK,36.169998,36.75,36.169998,36.59,152400,
UTHR,67.309998,67.459999,65.410004,66.370003,329700,
UTI,11.58,11.85,11.52,11.82,25000,
UTIW,15.45,15.49,15.15,15.31,416700,
UTSI,2.77,2.82,2.71,2.79,22500,
UTX,94.589996,94.82,93.949997,94.139999,3479500,
UUP,22.25,22.280001,22.139999,22.17,1415900,
UVE,6.93,7.04,6.83,7.01,314400,
UVV,59.630001,60.509998,58.959999,60.009998,209600,
UVXY,60.830003,63.050003,60.350003,61.060003,9100,
UWM,62.029999,62.209999,61.049999,62.189999,543100,
UXI,72.690004,73.050001,72.680002,72.849998,15000,
UYG,97.989998,98.080002,96.519997,97.400002,731400,
UYM,38.709999,38.799999,38.310001,38.66,37700,
V,180.539993,183.139999,179.630005,182.330002,13779200,
VAC,43.650002,44.970001,43.57,44.810001,106800,
VAL,70.610001,70.660004,69.75,70.160004,163600,
VALE,14.26,14.41,14.2,14.29,17883000,
VALE.P,13.39,13.46,13.28,13.35,4343300,
VAR,69.610001,69.769997,68.550003,69.199997,845200,
VASC,15.19,15.39,15.12,15.27,29100,
VAW,90.379997,90.660004,90.029999,90.529999,43200,
VB,94.989998,95.160004,94.370003,95.019997,371600,
VBK,104.480003,104.480003,103.559998,104.209999,262500,
VBR,85.029999,85.169998,84.349998,84.849998,137700,
VC,63.450001,64.029999,63.279999,64.010002,221000,
VCBI,13.59,13.71,13.51,13.69,30700,
VCI,26.41,26.59,26.19,26.39,356200,
VCIT,85.330002,85.389999,85.089996,85.129997,460300,
VCLK,25.21,25.82,25.06,25.75,834000,
VCLT,86.510002,86.699997,86.209999,86.269997,56400,
VCR,91.82,91.900002,91.120003,91.120003,82000,
VCRA,15,15.33,14.82,15.18,302500,
VDC,103.879997,104,103.230003,103.720001,93600,
VDE,116.589996,116.589996,115.269997,115.589996,89400,
VDSI,8.43,8.43,8.25,8.35,46100,
VE,12.44,12.44,12.27,12.28,144900,
VEA,37.439999,37.439999,37.200001,37.34,2707500,
VECO,40.099998,40.400002,39.849998,40.240002,328400,
VELT,1.73,1.76,1.67,1.7,441400,
VEU,46.669998,46.669998,46.34,46.529999,905300,
VFC,187.300003,187.960007,185.979996,187,1002400,
VFH,41.040001,41.09,40.73,40.900002,374300,
VG,2.84,2.97,2.84,2.93,1084700,
VGK,51.639999,51.740002,51.41,51.66,1763500,
VGR,16.30005,16.440046,16.280051,16.320049,514200,
VGT,76.730003,76.830002,76.389999,76.529999,184500,
VGZ,1.42,1.46,1.38,1.4,264600,
VHC,24.92,26.25,24.700001,24.790001,1101100,
VHS,13.27,13.7,13.15,13.51,243000,
VHT,88.040001,88.040001,87.400002,87.809998,136300,
VIAB,67.800003,67.82,67.25,67.540001,2251300,
VICL,3.25,3.25,3.04,3.08,79500,
VICR,5.48,5.57,5.36,5.44,65500,
VIG,68.400002,68.43,67.949997,68.150002,1273500,
VIIX,10.14,10.33,10.11,10.17,54500,
VIP,9.89,10.06,9.87,9.97,1668200,
VIPS,30.650001,31.140001,29.790001,30.96,3419000,
VIS,83.5,83.5,82.790001,83.040001,95400,
VIV,24.75,25.43,24.719999,25.33,1502800,
VIVO,21.48,21.700001,21.27,21.6,141100,
VIX,15.16,15.6,15.1,15.44,0,
VIXM,26,26.07,25.790001,26,20700,
VIXY,50.63,51.559998,50.470002,50.760001,137000,
VLCCF,6.58,6.65,6.27,6.46,333200,
VLO,39.73,39.810001,38.880001,38.970001,4507400,
VLTR,14.07,14.39,13.89,14.09,79600,
VLY,9.18,9.3,9.18,9.26,544800,
VMC,52.400002,53.790001,51.810001,53.459999,501200,
VMED,0,0,0,51,0,
VMI,146.630005,146.630005,143.869995,145.130005,164600,
VMW,71.400002,71.529999,69.809998,70.290001,1547500,
VNDA,9.93,10.15,9.63,10.05,783100,
VNET,11.2,11.22,10.53,10.89,621800,
VNO,81.599994,81.899991,80.719992,81.099989,1366800,
VNQ,70.900002,70.959999,69.980003,70.129997,3347500,
VNQI,55.029999,55.029999,54.509998,54.509998,95700,
VNR,28.24,28.24,27.83,28,285500,
VNTV,26.639999,26.65,26.280001,26.360001,479700,
VO,96.959999,96.959999,96.160004,96.529999,227900,
VOC,13.31,13.43,13.3,13.43,16800,
VOCS,9.29,9.42,9.23,9.37,222400,
VOD,29.800005,29.970002,29.659995,29.860002,6711100,
VOE,69.989998,69.989998,69.5,69.82,113800,
VOLC,18.59,18.66,18.37,18.65,408600,
VOO,75.730003,75.730003,75.269997,75.440002,1841200,
VOT,79.620003,79.709999,78.970001,79.169998,88900,
VOX,78.199997,79.07,78.199997,78.889999,37900,
VOXX,11.37,11.99,11.31,11.88,159900,
VOYA,28.35,28.9,28,28.41,1076200,
VPFG,19.07,19.33,18.94,19.3,84700,
VPG,15.33,15.4,15.14,15.31,18100,
VPHM,27.3,27.88,27.035,27.79,392100,
VPL,56.669998,56.810001,56.41,56.59,214000,
VPRT,47.8,48.25,47.46,47.91,131700,
VPU,83.209999,83.209999,82.379997,82.769997,208000,
VR,36.68,36.959999,36.509998,36.849998,622500,
VRA,20.17,20.85,20.16,20.66,534100,
VRML,2.85,3.15,2.82,3.02,479700,
VRNG,3,3,2.9,2.93,99000,
VRNM,2.28,2.31,2.2401,2.2898,12000,
VRNT,35.389999,35.450001,34.860001,35.07,251400,
VRS,1.12,1.16,1.08,1.1,26600,
VRSK,59.200001,59.470001,58.939999,59.259998,442000,
VRSN,46.25,46.27,45.700001,45.740002,1157000,
VRTU,24.120001,24.25,23.74,23.92,152600,
VRTX,82.660004,83.169998,80.709999,83.139999,1511400,
VRX,85.889999,86.050003,84.339996,85.110001,1020000,
VSAT,70.75,71.190002,69.959999,70.800003,269600,
VSH,14.62,14.74,14.46,14.49,588200,
VSI,46.369999,47.189999,46.060001,46.209999,405300,
VSS,94.18,94.239998,93.559998,93.760002,45700,
VT,53.810001,53.810001,53.400002,53.560001,265000,
VTI,85.150002,85.160004,84.610001,84.860001,3643600,
VTR,71.279999,71.470001,70.230003,70.489998,1272800,
VTSS,2.28,2.32,2.22,2.25,26700,
VTUS,2.61,2.61,2.5,2.56,84200,
VTV,69.669998,69.669998,69.220001,69.449997,515700,
VUG,80.720001,80.769997,80.25,80.370003,465900,
VV,75.620003,75.620003,75.190002,75.330002,138900,
VVC,34.040001,34.040001,33.700001,33.830002,139100,
VVI,25.870001,26.059999,25.42,25.99,46400,
VVTV,4.93,5,4.86,4.9,191200,
VVUS,14.27,14.27,13.99,14.14,696500,
VWO,40.720001,40.759998,40.400002,40.529999,16252000,
VXEEM,25.42,25.54,23.54,23.76,0,
VXEWZ,30.02,30.21,27.67,28.04,0,
VXF,71.029999,71.489998,70.440002,70.860001,212200,
VXUS,48.18,48.220001,47.82,47.98,255100,
VXX,18.780001,19.129999,18.719999,18.780001,2606400,
VXZ,21.15,21.26,21.049999,21.110001,59400,
VYM,57.889999,57.889999,57.549999,57.709999,504600,
VZ,50.869999,50.869999,50.119999,50.529999,9617400,
WAB,111.139999,111.43,109.709999,110.400002,616800,
WABC,45.540001,46.040001,45.400002,45.990002,88100,
WAC,36.880001,36.98,35.970001,36.169998,494300,
WAFD,17.23,17.360001,17.16,17.309999,328100,
WAG,49.46,49.98,49.35,49.65,3581683,
WAGE,30,30.51,29.48,30.35,241200,
WAIR,18.309999,18.379999,18.15,18.35,155600,
WAL,14.56,14.81,14.48,14.81,192100,
WAT,98.589996,98.660004,97.480003,98.330002,497400,
WBC,76.93,77.470001,75.720001,75.940002,917300,
WBMD,30.040001,30.34,29.639999,30.32,161300,
WBS,23.83,24.120001,23.66,24.1,499900,
WBSN,24.72,24.74,24.66,24.68,1093800,
WCC,71.879997,72.449997,71.449997,71.870003,179000,
WCG,52.68,52.790001,51.830002,52.25,284600,
WCN,39.669998,40.009998,39.389999,39.990002,453400,
WCRX,19.49,19.62,19.38,19.57,2509800,
WD,18.34,18.4,18.120001,18.4,503800,
WDAY,65.5,66.599998,65.25,65.989998,833500,
WDC,63.799999,64.629997,63.139999,64.610001,1723600,
WDFC,56.209999,57,56.110001,56.970001,30000,
WDR,47.150002,47.23,46.549999,47.060001,468200,
WEAT,18.389999,18.530001,18.129999,18.35,44200,
WEC,41.259998,41.380001,40.91,41.119999,642800,
WEN,5.9,6.07,5.88,5.98,4251500,
WERN,24.959999,25.09,24.639999,24.940001,245900,
WES,59.720001,59.959999,58.869999,59.869999,92400,
WETF,12.72,12.75,12.07,12.33,2281300,
WEX,75.620003,76.029999,75.169998,75.989998,81700,
WFC,41.5,41.689999,41.169998,41.27,16340600,
WFM,51.5,52.259998,51.439999,52.049999,2342400,
WFT,14.15,14.15,13.95,13.99,4682300,
WG,6.91,7.2,6.76,7.08,420300,
WGL,43.32,43.419998,42.799999,43.400002,69100,
WGO,21.15,21.49,20.83,21.09,219900,
WHR,125.730003,127.620003,124.720001,126.279999,678000,
WHX,2.33,2.33,2.33,2.33,0,
WHZ,13.62,13.62,13.25,13.32,112400,
WIBC,6.7,6.84,6.62,6.79,251600,
WIFI,6.81,6.85,6.33,6.45,241300,
WILN,4.26,4.32,4.24,4.29,27400,
WIN,7.95,8,7.88,8,7046865,
WIRE,34.169998,34.360001,33.630001,34.32,22200,
WIT,7.65,7.72,7.46,7.47,356400,
WLB,12.08,12.3,11.97,12.25,6200,
WLH,24.6,25.25,24.309999,24.639999,243400,
WLK,94.349998,94.970001,93.239998,94.529999,521000,
WLL,47.23,48.099998,46.93,47.799999,1332200,
WLP,77.43,79.78,77.43,79.56,2806300,
WLT,15.15,15.69,14.8,14.9,7163200,
WM,40.610001,40.75,40.369999,40.450001,2574000,
WMAR,11.67,11.82,11.53,11.8,18100,
WMB,35.360001,35.369999,34.669998,34.720001,4571600,
WMC,18.59,18.59,18.120001,18.34,425200,
WMGI,15.78,16,15.47,15.94,82300,
WMS,25.36,25.54,25.32,25.54,399400,
WMT,76.279999,76.650002,75.660004,75.75,6731500,
WNC,10.21,10.28,10.07,10.27,506000,
WNR,31.290001,31.82,31.24,31.25,1098500,
WOOF,26.49,26.65,26.299999,26.34,363600,
WOR,33.759998,34.169998,33.450001,34.09,218400,
WPC,65.330002,66.120003,65.110001,66.120003,373600,
WPP,11.63,11.94,11.58,11.93,95800,
WPPGY,86.93,86.93,86.080002,86.209999,17400,
WPRT,30.549999,30.610001,29.75,30.139999,369700,
WPX,19.4,19.450001,19.129999,19.299999,1499500,
WPZ,44.199997,45.369993,43.930003,45.239999,366000,
WR,31.530001,31.530001,31.23,31.530001,770400,
WRB,41.57,41.939999,41.509998,41.939999,728400,
WRE,27.370001,27.379999,27.049999,27.18,260500,
WRES,2.9,2.9,2.83,2.85,106800,
WRI,32.419998,32.610001,32.099998,32.52,771000,
WRLD,94.239998,94.589996,92.43,93.559998,63500,
WRLS,12.57,12.58,12.57,12.58,99300,
WSH,39.720001,39.759998,39.299999,39.349998,1021900,
WSM,54.119999,54.509998,53.709999,54.169998,698800,
WSO,85.849998,85.980003,84.949997,85.470001,80000,
WSR,16.620001,16.639999,16.23,16.34,54200,
WST,67.230003,67.230003,66.279999,66.550003,173800,
WSTC,22.620001,23.58,22.42,23.530001,182500,
WTFC,37.400002,37.740002,37.23,37.650002,217200,
WTI,15.13,15.13,14.83,14.94,274600,
WTR,31.05,31.05,30.599999,30.96,440100,
WTS,47.639999,47.919998,47.349998,47.57,148100,
WTSL,4.99,5.12,4.97,5.06,1467000,
WTW,45.330002,45.939999,44.52,44.610001,308600,
WU,16.82,16.91,16.75,16.790001,4464500,
WWAV,17.58,17.59,17.209999,17.26,942400,
WWD,41.139999,41.369999,40.32,41.060001,317800,
WWE,9.87,9.99,9.79,9.93,163500,
WWW,52.68,53.43,52.470001,53.369999,824600,
WWWW,22.690001,22.690001,22.030001,22.280001,310100,
WX,20.799999,20.92,20.719999,20.84,449400,
WY,29.5,29.52,28.780001,29.1,5194900,
WYN,58.400002,58.84,57.84,57.950001,771600,
WYNN,137.960007,140.410004,137.509995,138.960007,1325100,
X,17.280001,17.48,17,17.24,4677500,
XAU,105.37,106.84,104.22,105.8,0,
XBI,111,111.049999,108.559994,109.460003,1006800,
XCO,8.320004,8.350001,8.039998,8.139996,1460900,
XDA,94.49,94.81,94.11,94.65,0,
XDB,155.41,155.86,154.95,155.73,0,
XDC,0.459,0.459,0.459,0.459,0,
XDE,132.17,132.69,131.83,132.57,0,
XDN,101.21,101.57,100.73,101.22,0,
XDS,106.66,107.31,106.17,107.11,0,
XEC,75.370003,75.440002,74.279999,74.75,806100,
XEL,29.26,29.290001,28.959999,29.139999,9735700,
XEO,741.119995,743.530029,739.380005,740.849976,0,
XES,40.360001,40.360001,39.869999,40.02,45600,
XHB,30.629999,30.629999,29.92,30.26,6943900,
XIDE,0.15,0.21,0.13,0.2,23973800,
XIN,4.54,4.74,4.54,4.63,478900,
XL,31.379999,31.57,31.23,31.540001,1541400,
XLB,40.32,40.48,40.209999,40.369999,4633500,
XLE,81.660004,81.68,80.809998,81.080002,7944000,
XLF,20.069999,20.089999,19.909998,19.98,81226300,
XLI,43.939999,43.939999,43.52,43.66,9390300,
XLK,31.85,31.93,31.75,31.799999,6391000,
XLNX,40.66,40.849998,40.209999,40.369999,3002400,
XLP,40.849998,40.849998,40.490002,40.68,11190300,
XLS,12.43,12.44,12.3,12.38,865200,
XLU,38.099998,38.130001,37.799999,37.959999,9931500,
XLV,48.720001,48.77,48.41,48.57,5663700,
XLY,57.07,57.07,56.580002,56.669998,5974400,
XME,36.66,37.130001,36.32,36.779999,1753000,
XNPT,5.4,5.7,5.28,5.51,547100,
XOM,91.93,91.940002,90.870003,91.120003,10372300,
XOMA,4.14,4.16,4.01,4.09,355800,
XOOM,18.75,19.629999,18.75,19.620001,80500,
XOP,61.689999,61.73,61,61.349998,1901000,
XOXO,10.72,10.8,10.66,10.77,39500,
XPO,17,17.43,16.85,17.32,163900,
XPP,47.259998,47.48,46.599998,47.130001,38800,
XRA,0.86,0.91,0.84,0.85,108600,
XRAY,41.43,41.48,41.130001,41.41,964900,
XRM,9.55,9.87,9.53,9.79,90000,
XRS,10.72,10.79,10.67,10.76,146200,
XRT,78.589996,78.82,78.230003,78.550003,4943200,
XRTX,10.42,10.52,10.37,10.52,49400,
XRX,9.14,9.24,9.1,9.21,7676100,
XSD,53.970001,54.349998,53.869999,54.290001,42400,
XSP,164.47,164.87,163.93,164.28,0,
XTEX,20.9,21.39,20.8,21.09,311300,
XTXI,19.51,20.12,19.38,19.86,166300,
XUE,2.93,3.15,2.93,2.97,37500,
XXIA,16.15,16.43,16.1,16.34,466400,
XYL,27.629999,27.629999,27.299999,27.5,625100,
YANG,47.950001,48.009998,47.200001,47.459998,800,
YAO,23.59,23.639999,23.559999,23.610001,2500,
YCL,21.200001,21.379999,21.16,21.379999,4300,
YCS,64.330002,64.519997,63.59,63.91,1014000,
YELP,30.040001,30.110001,29.41,29.92,760900,
YGE,2.81,3.12,2.79,3.07,510800,
YHOO,27.040001,27.120001,26.700001,26.74,15850700,
YINN,17.4,17.620001,17.120001,17.5,42000,
YNDX,26.959999,27.08,26.549999,26.67,1095900,
YOKU,20.879999,21.790001,20.75,21.48,1634600,
YONG,5.32,5.32,5.32,5.32,0,
YPF,15.14,15.27,14.99,15.21,477400,
YRCW,19.709999,20.27,19.5,19.870001,224300,
YUK,98.910004,99.290001,98.489998,98.739998,0,
YUM,73.4,73.89,72.200004,72.470001,5529400,
YZC,10.03,10.06,9.8,10.02,337000,
Z,53.380001,54.349998,52.82,53.5,224600,
ZAGG,5.17,5.35,5.16,5.28,706600,
ZAZA,1.41,1.41,1.38,1.41,11200,
ZBRA,45.59,46.099998,45.380001,45.950001,88000,
ZEP,16.32,16.41,16.15,16.32,33800,
ZEUS,25.889999,25.889999,25.32,25.440001,40900,
ZINC,11.98,12.09,11.82,12.05,352200,
ZION,27.42,27.99,27.34,27.889999,2192700,
ZIOP,1.99,2.17,1.95,2.17,1213000,
ZIXI,4.06,4.09,4.02,4.07,188100,
ZLC,8.38,9.25,8.38,8.96,2132500,
ZLTQ,5.32,5.6,5.32,5.57,92900,
ZMH,78.720001,78.980003,77.849998,78.5,972200,
ZN,1.59,1.59,1.5,1.58,64400,
ZNGA,2.81,2.93,2.8,2.86,14297900,
ZNH,22.43,22.43,22.07,22.4,45400,
ZOLT,13.05,13.42,12.92,13.29,140200,
ZQK,6.82,7,6.66,6.72,4307900,
ZROZ,97.540001,98.169998,97.010002,97.610001,24700,
ZSL,85.040001,85.449997,82.470001,83.900002,433000,
ZTS,31.83,32.110001,31.469999,32.009998,4992100,
ZUMZ,31.389999,31.540001,30.889999,30.99,233800,
ZX,2.7,2.7,2.65,2.68,5900,
ABCB,16.469999,16.469999,16.139999,16.450001,19800,
ACCL,8.16,8.27,8.094,8.27,156700,
ACPW,4.41,4.6,4.41,4.6,62500,
ACWX,43.009998,43.009998,42.740002,42.889999,437100,
AKR,26.469999,26.639999,26.190001,26.379999,323200,
AONEQ,0.0385,0.039,0.03,0.035,7993100,
ARSD,7.71,7.82,7.63,7.78,20300,
ASTM,10.65,11.65,11.64,11.65,2500,
ASX,4.11,4.16,4.08,4.16,854200,
ATEC,1.879999,1.959999,1.879999,1.949999,8400,
ATRC,9.1,9.34,9.07,9.29,18200,
AVNW,2.929999,2.929999,2.769999,2.839999,14700,
BFIN,8.56,8.71,8.5,8.71,20000,
BFR,4.08,4.2,4.03,4.2,56700,
BIL,45.810001,45.810001,45.799999,45.799999,425600,
BIN,22.42,22.43,21.98,22.16,60700,
BKEP,8.4,8.59,8.35,8.4,9800,
BRB,213.779999,215.919998,213.399994,214.649994,0,
BSQR,2.75,2.75,2.69,2.75,50200,
CBRX,0.67,0.67,0.65,0.65,11800,
CERP,0.03,0.03,0.02,0.02,8433100,
CHGS,0.1899,0.19,0.146,0.16,8900,
CIR,51.5,51.939999,51.110001,51.82,30000,
CIU,109.220001,109.419998,109.129997,109.160004,345600,
CLUB,10.8,10.84,10.6,10.84,30800,
CMLS,3.62,3.66,3.57,3.66,444300,
CNDA,21.16,21.16,21.1,21.1,600,
COBZ,8.56,8.71,8.5,8.59,158900,
COOL,0.660013,0.660013,0.590012,0.610012,7000,
CRAI,18.700001,18.700001,18.32,18.4,20000,
CRDC,1.29,1.29,1.2,1.23,3700,
CREG,0.97,0.98,0.97,0.97,3500,
CROP,26.139999,26.139999,26,26.1,1500,
CSFL,9.1,9.12,9.09,9.1,25300,
CSHZ,0.08,0.09,0.07,0.08,58900,
CSJ,105.279999,105.339996,105.220001,105.220001,1062800,
CWB,43.43,43.490002,43.23,43.25,959500,
DCOM,14.8,14.91,14.69,14.87,66500,
DGT,61.27,61.27,60.91,61.009998,4800,
DQ,7.02,7.35,6.94,7.35,66700,
DRCO,5.01,5.09,4.99,5.03,11200,
EGI,0.39,0.39,0.37,0.38,40100,
ELS,79.300003,79.529999,78.32,78.57,324200,
EUFX,37.360001,37.360001,37.360001,37.360001,0,
FCBC,15.2,15.35,15.14,15.3,7800,
FCF,7.3,7.32,7.25,7.31,288000,
FDML,9.66,10.38,9.66,10.27,372200,
FELE,34.540001,34.790001,34.150002,34.77,69900,
FMD,1.23,1.24,1.19,1.2,37000,
FOL,3.36,3.36,3.36,3.36,0,
FORX,48.080002,48.200001,47.66,47.66,80400,
FSCI,41.28,41.28,41.11,41.2,13700,
FTC,35.27,35.27,34.970001,35.049999,34900,
GBLI,22.99,23.49,22.950001,23.48,5700,
GGAL,5.75,5.77,5.7,5.76,15600,
GIB,30.780001,30.799999,29.870001,30.26,125300,
GLCH,14.08,14.08,13.95,14.08,85500,
GLDI,16.58,16.68,16.58,16.674999,34000,
GLDX,16.42,16.719999,16.41,16.59,3800,
GMXRQ,0.21,0.22,0.2,0.21,32600,
GSE,1.35,1.35,1.35,1.35,0,
GSIG,8.31,8.55,8.26,8.4,96600,
GSIT,6.55,6.75,6.5,6.74,213800,
GTS,21.83,21.969999,21.690001,21.799999,102900,
GUNR,33.57,33.599998,33.439999,33.540001,249900,
GWX,29.98,29.98,29.780001,29.9,45200,
HCKT,5.18,5.18,4.97,5.15,170800,
HDNG,13.96,14.18,13.88,14,31600,
HDSN,3.49,3.56,3.4,3.4,83897,
HGR,31.889999,32.209999,31.540001,32.18,51600,
HSON,2.51,2.6,2.46,2.56,135000,
IBCA,6.22,6.52,6.22,6.34,25800,
ICFI,30.43,30.65,30.120001,30.58,41300,
IEFA,54.150002,54.150002,53.860001,54.049999,40000,
INOD,3.17,3.26,3.12,3.2,67100,
IPCC,57.380001,57.810001,56.759998,57.700001,23300,
ISIG,1.97,1.97,1.97,1.97,0,
KIPO,6.62,6.68,6.35,6.39,32300,
KITDQ,0.43,0.47,0.43,0.47,1254500,
KMPR,34.540001,34.790001,34.419998,34.529999,75400,
LDL,14.53,14.66,14.42,14.49,34600,
LEDR,10.72,10.78,10.69,10.76,210400,
LEDS,1.73,1.96,1.71,1.91,188300,
LOJN,3.4,3.43,3.38,3.4,12000,
LPTN,4.880002,4.980002,4.750002,4.780002,600,
LYTS,8.15,8.2,8.01,8.09,18800,
MCS,12.82,12.82,12.68,12.76,22500,
MGRC,33,33.389999,32.84,33.299999,64700,
MPX,7.43,7.53,7.43,7.47,4000,
NEWN,0.19,0.19,0.1,0.1,3000,
NJR,45.419998,45.740002,45.119999,45.459999,135200,
NPBC,9.95,10.02,9.85,10.01,373800,
NZD,126.650002,127.190002,126.209999,126.580002,0,
OTEL,10.35,10.35,9.76,9.78,5500,
PPBI,11.63,11.94,11.55,11.56,38700,
PRGX,5.49,5.49,5.38,5.43,15600,
PRO,28.780001,29.76,28.469999,29.75,73800,
PWAVQ,0.014,0.015,0.0126,0.014,179500,
QRM,0.5,0.5179,0.4962,0.5,22600,
QTEC,29.459999,29.49,29.33,29.389999,36900,
RNWK,7.36,7.45,7.33,7.41,18600,
RPT,15.52,15.67,15.38,15.58,306100,
RWL,32.060001,32.119999,31.889999,32.029999,11300,
SBLK,5.75,5.75,5.68,5.71,1600,
SCMR,0.44,0.45,0.44,0.44,31500,
SIGI,23.33,23.59,23.139999,23.58,101600,
SIJ,20.719999,20.719999,20.719999,20.719999,0,
SKA,65.860001,66.129997,65.720001,65.75,0,
SMCI,10.96,11,10.72,10.98,81700,
SMTX,1.98,2.05,1.98,2.04,23000,
SNBC,3.2,3.2,3.11,3.12,10800,
SOCL,14.64,14.79,14.64,14.74,2000,
STAN,21.47,21.8,21.34,21.66,42100,
STL,9.43,9.51,9.34,9.4,90300,
STNR,52.290001,53.48,51.740002,52.299999,31000,
SWS,5.82,5.9,5.7925,5.85,44100,
SYMX,0.88,0.95,0.88,0.94,60200,
SYPR,3.09,3.14,3.03,3.11,57800,
TACT,8.06,8.06,7.79,7.97,5200,
TFI,23.6,23.6,23.51,23.51,162400,
TGE,7.27,7.27,7.27,7.27,0,
THR,20.82,21.17,20.799999,21.15,231600,
TMS,15.43,15.56,15.36,15.56,135100,
TPI,0.56,0.58,0.54,0.56,14300,
TRNO,18.959999,18.959999,18.709999,18.870001,51900,
TRST,5.58,5.61,5.51,5.6,188600,
TSTC,0.28,0.35,0.27,0.28,43000,
UAMY,1.15,1.17,1.06,1.08,167400,
UBNK,13.36,13.42,13.28,13.42,32400,
UCBI,12.29,12.59,12.03,12.16,174000,
ULBI,3.77,3.99,3.73,3.89,8800,
USMV,33.220001,33.23,33.029999,33.099998,585200,
USPH,29.139999,29.440001,29.1,29.27,22300,
UTY,0.02,0.02,0.02,0.02,800,
WAVX,0.45,0.46,0.43,0.46,4100,
WFR,6.04,6.04,6.04,6.04,0,
WWAV.B,16.6,16.68,16.31,16.34,861400,
XDZ,78.98,79.24,78.62,79.01,0,
ZOOM,0.39,0.39,0.37,0.38,1800,