symbol,open,high,low,close,volume,adjust_close
A,44.74,44.88,43.499999,43.52,8116600,
AA,8.169992,8.219991,8.109992,8.109992,5582300,
AAMRQ,4.7,4.75,4.6,4.64,1758100,
AAN,29.129999,29.309999,28.379999,28.450001,251000,
AAON,33.050004,33.230003,32.629995,32.640007,92400,
AAP,83.300003,84.480003,82.440002,84.07,1079300,
AAPL,431.399994,431.66,422.999989,422.999989,77735000,
AAT,32.240002,32.310001,31.07,31.1,54900,
AAU,1.58,1.6,1.52,1.52,42000,
AAV,4.26,4.35,4.26,4.26,98800,
AAWW,46.810001,46.950001,46.060001,46.169998,152800,
AAXJ,56.080002,56.119999,54.939999,54.990002,517300,
AB,24.959999,24.959999,23.9,23.93,212700,
ABAX,46.740002,46.959999,45.59,45.889999,96200,
ABB,22.690001,22.75,22.190001,22.24,1870400,
ABBV,43.560001,43.830002,43.009998,43.040001,3663300,
ABC,55.779999,56.389999,55.389999,55.560001,2227200,
ABCO,54.41,54.900002,53.82,53.830002,132500,
ABFS,19.63,19.85,19.36,19.64,266900,
ABG,41.220001,41.66,39.970001,39.990002,191700,
ABM,24.74,24.809999,24.219999,24.290001,151200,
ABMD,22,22.469999,21.85,22.07,350900,
ABR,6.52,6.67,6.42,6.47,178000,
ABT,37.27,37.27,36.209999,36.209999,6741400,
ABV,35.94,36.25,34.67,34.9,15453700,
ABX,18.940001,19.139999,17.92,18.01,19959200,
ACAD,18.450001,18.620001,17.75,18.09,2577900,
ACAS,13.19,13.23,12.89,12.89,2807000,
ACAT,47.400002,48.68,47.290001,48.279999,111400,
ACC,39.41,39.82,38.57,38.650002,739200,
ACCO,6.74,6.77,6.59,6.65,509000,
ACE,90.199997,90.32,88.489998,88.510002,1438600,
ACET,13.07,13.1,12.8,12.87,107800,
ACFN,8.64,8.75,8.5,8.57,61000,
ACGL,52.77,52.77,51.25,51.259998,652400,
ACH,8.27,8.32,8.1,8.1,170500,
ACHC,35.450001,35.779999,34.380001,34.740002,329500,
ACHN,8.03,8.25,7.86,8.13,744400,
ACI,4.23,4.34,4.1,4.13,827400,
ACIW,44.899999,45.52,44.8,44.92,809100,
ACLS,1.78,1.8,1.75,1.76,55800,
ACM,31.190001,31.93,31.129999,31.41,1327700,
ACMP,46.99,47.95,46.65,47.04,306500,
ACN,82.870003,83.029999,81.82,81.830002,1876400,
ACO,32.22,32.46,31.76,31.81,35500,
ACOR,35.060001,35.360001,34.68,34.84,291800,
ACRE,15.43,15.43,14.7,14.8,563900,
ACRX,9.65,9.68,9.22,9.34,299300,
ACT,125.419998,125.690002,123.209999,123.709999,869000,
ACTG,24.639999,24.92,24.190001,24.309999,243000,
ACTV,7.04,7.12,6.96,7.05,311500,
ACUR,2.12,2.159,2.0201,2.04,424209,
ACW,4.99,5.02,4.87,5,92200,
ACWI,52.220001,52.389999,51.43,51.470001,1477100,
ACXM,22.629999,22.799999,22.41,22.48,283300,
ADBE,46.43,46.439999,45.349998,45.779999,12566000,
ADC,31.82,31.950001,30.66,30.85,90400,
ADES,38.52,39.22,38.46,38.63,93800,
ADI,46.439999,46.700001,45.990002,46.040001,1683200,
ADM,33.860001,34.110001,33.240002,33.259998,4253300,
ADNC,14.25,14.25,13.64,13.8,109400,
ADP,69.080003,69.980006,68.920005,69.040004,2168900,
ADS,179.449997,181.649994,178.570007,178.729996,784800,
ADSK,35.48,36.400002,35.299999,35.509998,3367200,
ADT,40.849998,41.400002,40.48,40.549999,3077600,
ADTN,24.35,24.549999,24.030001,24.290001,479600,
ADVS,34.150002,34.5,34.09,34.09,233600,
ADY,7.35,7.39,7.33,7.37,15100,
AEC,16,16.120001,15.65,15.69,550600,
AEE,34.540001,34.630001,33.73,33.73,1204900,
AEG,6.85,6.88,6.67,6.67,1398400,
AEGN,23.59,23.67,22.799999,22.799999,123700,
AEGR,64.360001,64.360001,62.040001,62.130001,355600,
AEIS,17.85,18.01,17.57,17.58,112000,
AEL,16.48,16.540001,16.309999,16.34,852600,
AEM,29.59,30.25,28.74,28.82,2319600,
AEO,19.02,19.26,18.700001,18.719999,4857200,
AEP,45.810001,45.93,44.779999,44.790001,4245600,
AER,16.870001,17.09,16.540001,16.549999,368300,
AERL,3.52,3.56,3.45,3.5,339700,
AES,12.13,12.17,11.68,11.68,7135400,
AET,62.709999,62.900002,61.82,61.82,2935300,
AF,10.21,10.42,10.2,10.36,571500,
AFAM,19.83,20.309999,19.5,19.65,31800,
AFCE,35.1,35.49,34.95,35.13,136100,
AFFX,3.72,3.8,3.6,3.76,636600,
AFFY,1.08,1.08,1.02,1.07,640700,
AFG,49.189999,49.27,48.580002,48.580002,253400,
AFL,57.900002,58.75,57.220001,57.34,3577600,
AFSI,36.590002,36.639999,35.939999,36.050002,1353800,
AG,10.68,10.91,10.3,10.35,916000,
AGCO,54.580002,54.84,53.939999,53.950001,440000,
AGEN,3.84,4.05,3.71,3.98,373300,
AGG,108.82,108.82,107.800003,107.93,975800,
AGII,42.750005,42.750005,41.830001,41.880004,115200,
AGM,28.969999,28.969999,28.280001,28.469999,37900,
AGN,125.419998,125.690002,123.209999,123.709999,869000,
AGNC,26.08,26.1,24.360001,24.440001,21692300,
AGO,23.209999,23.379999,22.9,22.91,1828900,
AGQ,21.01,21.299999,20.209999,20.370001,388600,
AGRO,6.99,7.05,6.8,6.8,235700,
AGU,89.459999,90.349998,88.720001,89.239998,531400,
AGX,17.23,17.91,16.940001,16.950001,58100,
AGYS,13.59,13.65,13.3,13.32,27300,
AH,19.8,20.1,19.5,19.7,177200,
AHGP,60.459999,61.290001,59.380001,61.290001,45700,
AHH,11.48,11.48,11.22,11.3,80300,
AHL,37.630001,37.630001,36.959999,36.98,469400,
AHS,14.51,14.59,14,14.05,133300,
AHT,13.819998,13.929994,13.489994,13.600007,625400,
AI,28.68,28.790001,28.1,28.120001,205200,
AIG,45.099998,45.849998,44.779999,44.810001,17730100,
AIMC,27.15,27.190001,26.639999,26.73,68000,
AIN,33.810001,34.139999,33.650002,33.73,59600,
AINV,7.96,7.97,7.77,7.8,2220500,
AIR,21.93,21.99,21.540001,21.780001,155600,
AIRM,38.290001,38.599998,37.419998,37.599998,360300,
AIT,48.880001,49.189999,48.529999,48.630001,125100,
AIV,28.940001,29.059999,28.059999,28.139999,1478400,
AIXG,17.67,17.67,17.08,17.120001,52000,
AIZ,51.869999,51.919998,51.02,51.029999,375700,
AJG,44.669998,44.91,43.84,43.849998,859400,
AKAM,42.919998,43.139999,42.490002,42.560001,1422100,
AKG,2.32,2.37,2.26,2.26,62400,
AKRX,13.45,13.57,13.21,13.24,455900,
AKS,3.52,3.62,3.43,3.47,4657500,
AL,28.459999,28.459999,27.940001,27.99,176700,
ALB,63.98,64.089996,63.360001,63.400002,368700,
ALC,11.94,11.95,11.88,11.89,97900,
ALDW,25.709999,26,25.48,25.530001,67600,
ALE,49.779999,49.82,48.610001,48.740002,165800,
ALEX,40.740002,40.939999,39.200001,39.200001,257700,
ALGN,36.099998,36.580002,35.939999,36.099998,373300,
ALGT,105.410004,106.129997,104.900002,104.919998,56400,
ALIM,5.43,5.48,5.26,5.4,98500,
ALJ,16.67,16.940001,16.530001,16.65,295700,
ALK,56.099998,56.310001,54.810001,54.830002,1351000,
ALKS,29.82,30.040001,28.799999,28.91,814200,
ALL,47.610001,47.919998,47.040001,47.049999,3277300,
ALLT,12.36,12.62,12.32,12.54,304300,
ALNY,29.9,30.84,29.700001,30.25,663700,
ALOG,75.919998,75.919998,74.720001,74.919998,28900,
ALR,25.57,25.57,24.82,25.190001,581700,
ALSK,1.77,1.8,1.76,1.76,136100,
ALSN,23.49,23.6,23.15,23.17,88600,
ALTR,32.849998,33.049999,32.439999,32.5,2259500,
ALU,1.96,2.01,1.93,1.93,35734200,
ALV,78.029999,78.529999,77.580002,77.709999,656500,
ALXA,4.51,4.65,4.44,4.55,119300,
ALXN,93.790001,95.849998,90.860001,91.089996,2793700,
AM,18.44,18.44,18.35,18.35,101100,
AMAG,20.799999,20.84,20.4,20.65,129700,
AMAT,15.97,16.049999,15.66,15.7,19500400,
AMBA,18.049999,18.48,17.700001,18.16,896600,
AMBC,24.639999,25,24.639999,24.950001,580700,
AMCC,9.54,9.98,9.19,9.61,2847400,
AMCN,1.84,1.85,1.8,1.85,49300,
AMCX,64.110001,65.080002,64.110001,64.660004,482600,
AMD,4.15,4.18,4.04,4.07,24193500,
AME,42.25,42.650002,41.82,41.830002,956300,
AMED,13.61,13.61,13.1,13.2,341400,
AMG,169.729996,171.259995,167.919998,168.009995,362000,
AMGN,101.690002,102,99.150002,99.18,3825500,
AMJ,46.400002,46.490002,45.549999,45.880001,841300,
AMKR,4.4,4.47,4.3,4.3,1005500,
AMLP,17.75,17.780001,17.610001,17.639999,2482600,
AMP,83.239998,83.75,81.519997,81.529999,1659600,
AMPE,6.18,6.2,5.98,6.1,210100,
AMRC,9.67,9.67,9.35,9.4,172800,
AMRI,12.01,12.01,11.64,11.76,226000,
AMRN,6.64,6.7,6.45,6.47,3652100,
AMRS,2.71,2.77,2.65,2.66,82500,
AMSC,2.13,2.31,2.12,2.26,61400,
AMSG,36.720001,36.720001,35.790001,35.799999,49000,
AMSWA,8.45,8.5,8.35,8.42,22300,
AMT,77.32,77.470001,74.410004,74.440002,3936500,
AMTD,23.940001,24.43,23.809999,23.99,8681700,
AMTG,18.18,18.360001,17.700001,17.74,1020400,
AMWD,36.099998,36.490002,35.66,35.700001,98600,
AMX,20.200001,20.24,19.43,19.469999,7308500,
AMZN,281.26001,283.339996,277.869995,278.160004,2827500,
AN,44.639999,44.77,44,44.119999,335900,
ANAC,5.35,5.42,5.11,5.18,349800,
ANAD,2.21,2.23,2.15,2.17,336800,
ANDE,54.030001,54.130005,53.089994,53.470007,146800,
ANEN,24.03,24.1,23.63,23.68,22200,
ANF,48.57,49,47.810001,47.849998,1603700,
ANGI,26.6,26.950001,26.35,26.540001,821300,
ANGO,11.21,11.21,11.03,11.05,17100,
ANH,5.85,5.85,5.61,5.64,1272500,
ANIK,17.719999,18.07,17,17.540001,168100,
ANN,32.18,32.330002,31.92,32.009998,1128100,
ANR,5.79,5.89,5.57,5.6,10097800,
ANSS,76.739998,76.800003,75.120003,75.169998,236700,
ANV,7.46,7.53,7.09,7.14,2105500,
ANW,9.51,9.7,9.33,9.37,192000,
AOI,3.87,3.87,3.68,3.75,29400,
AOL,36.849998,37.130001,36.389999,36.509998,606600,
AON,65.449997,65.68,63.849998,63.889999,1433400,
AOS,39.27,39.419998,38.77,38.779999,1264000,
AOSL,7.7,7.72,7.43,7.47,52100,
APA,87.230003,87.57,86.57,86.57,3405800,
APAM,55.75,56.07,55.09,55.740002,172100,
APC,86.919998,87.779999,86.25,86.260002,2658800,
APD,96.719996,97.119994,96.12,96.16,1428600,
APEI,38.84,38.84,37.759998,37.950001,112800,
APH,79.089996,79.470001,78.269997,78.269997,743800,
APL,37.96,38.59,37.75,38.33,458800,
APO,24.209999,24.59,23.99,24.139999,726700,
APOG,25.01,25.360001,24.690001,24.73,183000,
APOL,20.120001,20.59,19.870001,19.879999,1341800,
APP,2.01,2.02,1.98,1.99,234500,
APRI,2.53,2.59,2.5,2.51,327900,
APU,47.799999,48,47.299999,47.990002,60400,
ARAY,5.88,5.93,5.8,5.81,416000,
ARB,46.86,46.9,46.77,46.78,150800,
ARCC,16.98,16.99,16.68,16.700001,2166400,
ARCO,12.94,13.01,12.78,12.79,593800,
ARCP,15.08,15.32,14.62,14.79,2857400,
ARE,68.18,68.18,65.010002,65.400002,401900,
AREX,25.049999,25.700001,24.91,25.389999,329700,
ARG,96.43,97.68,96.150002,96.150002,689200,
ARI,17,17.1,16.66,16.700001,233000,
ARIA,17.790001,18.02,17.200001,17.219999,1459800,
ARII,33.779999,33.779999,33.060001,33.080002,193600,
ARLP,71.860001,72.459999,70.800003,71.580002,72000,
ARMH,39.59,39.650002,36.959999,37.169998,4108000,
ARNA,7.81,7.83,7.5,7.61,7068200,
ARO,13.83,14.06,13.71,13.75,1804800,
ARP,22.25,22.299999,21.9,22,815600,
ARPI,18.85,18.85,18.25,18.35,259800,
ARQL,2.44,2.44,2.36,2.36,132700,
ARR,4.89,4.93,4.69,4.69,1308300,
ARRS,14.84,14.98,14.71,14.74,1202100,
ARRY,4.95,5.04,4.86,4.9,1020000,
ARTC,36.27,36.454,35.55,35.56,82600,
ARUN,14.69,15.02,14.69,14.79,1920300,
ARW,40.419998,40.43,39.490002,39.75,666100,
ARX,7.74,7.79,7.5,7.55,29300,
ASA,13.78,13.8,13.51,13.61,69900,
ASBC,15.22,15.28,15.01,15.11,933900,
ASCA,26.36,26.41,26.33,26.33,297000,
ASEI,59.419998,59.419998,58.200001,58.75,43700,
ASFI,8.77,8.78,8.75,8.75,8100,
ASGN,27.1,27.35,26.549999,26.639999,239400,
ASH,86.839996,87.129997,85.860001,85.919998,606300,
ASIA,11.59,11.63,11.59,11.59,170100,
ASMI,35.759998,35.790001,35.360001,35.439999,3400,
ASML,81.43,81.830002,80.040001,80.080002,784300,
ASNA,17.65,17.790001,17.549999,17.620001,1720000,
ASPS,100.330002,101.900002,99.230003,99.650002,127800,
ASR,109.190002,110.18,104.360001,104.5,92800,
ASTE,34.880001,35.439999,34.619999,34.630001,33500,
ASTI,0.79,0.79,0.71,0.74,34300,
ASTX,4.89,4.95,4.71,4.77,928000,
ASYS,5.2,5.82,5.2,5.67,120300,
AT,4.52,4.57,4.29,4.34,1760800,
ATAX,6.87,6.92,6.8,6.83,71200,
ATHN,90.690002,91.639999,90.43,90.5,216900,
ATHX,1.73,1.73,1.63,1.66,256500,
ATI,28.18,28.379999,27.959999,28.059999,1231000,
ATK,80.7,80.7,79.32,79.66,206800,
ATLC,3.62,3.86,3.62,3.83,11400,
ATLS,14.43,14.43,14.35,14.38,218265,
ATMI,24.51,24.53,24.1,24.13,93700,
ATML,7.94,7.95,7.68,7.71,6270600,
ATNI,50.189999,51.189999,49.830002,50.720001,19800,
ATO,40.990002,41.049999,40.07,40.07,215900,
ATPAQ,0.081,0.081,0.0775,0.081,207700,
ATR,57.189999,57.470001,56.57,56.599998,132100,
ATRS,4.09,4.12,4.08,4.1,641300,
ATSG,6.68,6.68,6.46,6.49,81000,
ATU,33.25,33.259998,32.259998,32.740002,943200,
ATVI,14.56,14.65,14.21,14.23,9703100,
ATW,56.450001,56.68,55.349998,55.52,733300,
AU,15.64,15.71,15.11,15.17,5759600,
AUDC,4.54,4.6,4.46,4.46,67500,
AUM,94.919998,95.559998,92.860001,92.959999,0,
AUMN,2.03,2.03,1.82,1.82,363200,
AUO,4,4.01,3.93,3.94,1563400,
AUQ,4.7,4.8,4.51,4.54,1546500,
AUX,105.35,107.69,104.65,107.59,0,
AUXL,17.35,17.37,16.95,16.96,412800,
AUY,10.73,10.88,10.32,10.35,7956000,
AVA,27.08,27.08,26.379999,26.49,312300,
AVAV,19.75,19.85,19.58,19.67,163100,
AVB,134.809998,135.220001,130.149994,130.770004,554000,
AVD,28.99,29.18,28.74,28.84,128100,
AVEO,2.61,2.66,2.51,2.55,490700,
AVG,18.700001,18.82,18.309999,18.459999,481200,
AVGO,38.689999,38.869999,38.07,38.07,2403500,
AVHI,15,17.99,15,17.530001,272700,
AVID,6.4,6.43,6.28,6.32,25500,
AVIV,26.26,26.97,25.86,25.88,226900,
AVL,0.7,0.7,0.65,0.65,230600,
AVNR,4.61,4.73,4.42,4.43,2021700,
AVP,23.48,23.49,22.67,22.67,4901200,
AVSPY,131.56,131.75,130.15,130.75,0,
AVT,34.16,34.419998,33.91,33.919998,776000,
AVX,12.04,12.11,12.01,12.01,80000,
AVY,44.09,44.09,43.400002,43.400002,690700,
AWAY,30.17,30.639999,29.57,29.98,878800,
AWC,30.262,30.262,30.262,30.262,0,
AWH,93.819998,93.920002,92.01,92.17,753000,
AWI,50.77,50.77,49.43,49.439999,179500,
AWK,41.220001,41.32,40.599998,40.639999,856100,
AWR,54.709999,54.869999,53.529999,53.549999,186400,
AWRE,5.06,5.17,5.06,5.12,34700,
AXAS,2.25,2.32,2.24,2.28,1037400,
AXE,77.82,78.040001,76.660004,77.07,213300,
AXL,18.58,18.719999,18.360001,18.370001,935000,
AXLL,44.849998,45.09,44.130001,44.299999,854600,
AXP,74.919998,75.099998,74.190002,74.230003,5989300,
AXS,46.360001,46.709999,45.77,45.779999,1023900,
AXTI,2.76,2.77,2.71,2.74,52800,
AXU,1.18,1.22,1.13,1.19,342500,
AYI,78.160004,78.669998,77.43,77.610001,188300,
AYR,15.72,15.82,15.58,15.6,303600,
AZC,2.26,2.36,2.2,2.24,101500,
AZN,50.889999,50.990002,50.18,50.189999,2342200,
AZO,424.880005,426.640015,420.339996,420.75,137900,
AZPN,29.940001,30.1,29.6,29.790001,473800,
AZZ,43.75,43.919998,42.919998,42.93,59200,
B,29.530001,29.73,29.219999,29.290001,130100,
BA,103.830002,104.150002,102.239998,102.25,4186900,
BAA,1.03,1.05,0.96,0.96,818800,
BABY,14.44,14.57,13.91,13.93,57600,
BAC,13.29,13.4,13.17,13.19,103850000,
BAH,17.34,17.43,17.049999,17.32,323500,
BAK,14.85,14.99,14.15,14.33,405200,
BAL,55.389999,56.080002,55.189999,55.189999,25900,
BALT,3.69,3.7,3.61,3.61,48600,
BAM,36.370005,36.569999,35.380007,35.590006,1312500,
BANR,33.150002,33.43,32.889999,33.02,86400,
BAP,131.7,132.759999,129.800008,129.960013,359000,
BAS,13.63,13.74,13.35,13.38,363100,
BAX,70.689998,71.039996,69.659998,69.659998,3881000,
BAXS,2.3,2.31,2.28,2.29,49500,
BBBY,71.93,72.360001,70.650002,70.690002,1674300,
BBCN,12.7,12.83,12.6,12.79,400500,
BBD,13.7,13.840001,13.11,13.19,18672000,
BBEP,18.299999,18.540001,18.18,18.370001,447200,
BBG,22.98,23.139999,22.43,22.530001,620800,
BBH,69.540001,69.540001,67.830002,67.839996,70800,
BBL,56.360001,56.939999,55.290001,55.290001,1013700,
BBOX,26.67,27,25.629999,25.780001,52700,
BBRG,19.030001,19.030001,18.57,18.700001,56700,
BBRY,14.44,14.61,13.95,14.18,34716900,
BBT,33.349998,33.419998,32.990002,32.990002,2952400,
BBVA,9.03,9.06,8.82,8.83,1050700,
BBW,6.16,6.45,6.16,6.29,46200,
BBX,12.85,12.91,12.7,12.8,11700,
BBY,27.91,28.1,27.629999,27.66,3872600,
BC,31.719999,31.82,31.280001,31.4,658500,
BCC,27.799999,28.379999,27.66,28.110001,247100,
BCE,43.639999,43.639999,42.860001,42.959999,838000,
BCEI,38.099998,39.279999,37.939999,38.23,434300,
BCO,27.16,27.34,26.35,26.49,139400,
BCOR,19.08,19.08,18.76,18.860001,237000,
BCOV,8.52,8.61,8.22,8.33,403800,
BCPC,46.549999,46.959999,45.75,46.119999,105800,
BCR,111.769997,112.360001,110.410004,110.580002,516000,
BCRX,1.77,1.8,1.7,1.71,477700,
BCS,18.85,19.02,18.44,18.44,2245298,
BDBD,12.22,12.3,12.12,12.12,274600,
BDC,52.41,52.419998,51.66,51.709999,185700,
BDE,9.19,9.22,9.12,9.15,125900,
BDN,13.92,13.94,13.36,13.4,755600,
BDSI,4.65,4.69,4.46,4.53,115400,
BDX,100.309998,100.419998,98.739998,98.790001,851900,
BEAM,65.04,65.32,63.86,63.86,545800,
BEAT,5.58,6.11,5.55,5.78,1268300,
BEAV,66.089995,66.429998,65.040006,65.080001,888000,
BEBE,5.7,5.74,5.65,5.71,21100,
BECN,41.080002,41.080002,40,40.150002,240300,
BEE,9.01,9.08,8.85,8.94,2454900,
BEN,150.600002,150.720005,145.419994,145.470005,4308900,
BERY,24.049999,24.049999,23.35,23.65,312000,
BF.B,70.730003,71.080002,68.910004,69,243600,
BFAM,34.049999,34.080002,33.5,33.59,113900,
BG,71.800003,71.980003,70.959999,70.980003,705900,
BGC,33.580002,33.790001,32.91,33.009998,334600,
BGCP,5.85,5.88,5.79,5.81,970900,
BGFV,22,22,21.5,21.709999,226900,
BGG,20.58,20.6,19.98,20.040001,378900,
BGS,33.360001,33.790001,33.130001,33.18,219300,
BHE,19.91,20.01,19.76,19.77,204600,
BHI,46.639999,46.939999,45.889999,45.889999,2346000,
BHP,62.299999,62.82,60.830002,60.860001,2399800,
BIB,95,95,90.269997,90.269997,91200,
BID,38.959999,39.599998,38.740002,38.799999,2359800,
BIDU,95.599998,95.970001,94.18,94.550003,4052100,
BIG,33.689999,33.689999,33.080002,33.09,555300,
BIIB,210.470001,211.259995,203.589996,203.800003,1213600,
BIO,114.349998,114.349998,112.849998,113.050003,75600,
BIOD,4.59,4.62,4.21,4.35,3169300,
BIOL,4.010015,4.020014,3.830015,3.88002,378900,
BIOS,16.01,16.48,15.95,16.18,653600,
BIP,36.799999,36.939998,36.209999,36.23,230600,
BIRT,6.68,6.69,6.56,6.62,90300,
BITA,12.15,12.26,11.88,11.94,73100,
BIV,85.550003,85.550003,84.400002,84.43,257400,
BJRI,37.950001,38.459999,37.48,37.48,215200,
BK,29.76,30.209999,29.459999,29.65,8815200,
BKCC,9.52,9.56,9.39,9.42,517100,
BKD,27.73,28.01,27.24,27.26,737000,
BKE,53.499995,53.629996,52.890002,52.939999,234400,
BKF,35.619999,35.619999,34.700001,34.720001,106200,
BKH,49.040001,49.040001,47.810001,47.860001,111400,
BKI,37.25,37.33,37.25,37.3,155100,
BKLN,24.91,24.91,24.75,24.77,2218600,
BKMU,5.83,5.87,5.72,5.73,64100,
BKS,19.380001,19.500001,18.77,18.830001,2582600,
BKU,25.52,25.780001,25.379999,25.540001,545700,
BKW,20.85,21.07,20.73,20.78,649000,
BKX,61.1,61.35,60.53,60.56,0,
BLC,14.11,14.12,14,14.01,3802800,
BLDP,1.71,1.77,1.66,1.68,803800,
BLDR,6.98,7,6.73,6.74,193700,
BLK,276.890015,278.209991,268.230011,268.459991,832100,
BLKB,33.599998,33.799999,33.16,33.18,100600,
BLL,43.32,43.889999,43.130001,43.220001,1019000,
BLMN,25.42,26.08,25.299999,25.32,1040200,
BLOX,28.059999,29.58,27.91,29.200001,1497100,
BLT,12.73,12.82,12.66,12.69,211400,
BLV,87.790001,88,86.360001,86.43,58500,
BLX,22.629999,22.860001,22.34,22.379999,64500,
BMC,45.2,45.2,45.075,45.12,2668700,
BMI,44.740002,45.060001,44.560001,44.57,45200,
BMO,59.41,59.41,58.27,58.52,467700,
BMR,20.440001,20.5,19.66,19.799999,1637700,
BMRN,58.299999,58.599998,57.16,57.209999,652700,
BMS,40.040001,40.18,39.419998,39.439999,716800,
BMY,46.599998,47.029999,46.029999,46.049999,7826000,
BNCL,8.539998,8.580001,8.500005,8.520001,39300,
BND,82.010002,82.059998,81.330002,81.510002,1557800,
BNNY,40.69,40.84,40.011,40.07,161500,
BNO,80.940002,81.099998,80.410004,80.559998,20600,
BNS,56.23,56.23,55.07,55.389999,1768000,
BOBE,47.689999,47.759998,46.889999,47.099998,93300,
BODY,12.9,12.9,12.5,12.7,16600,
BOFI,48.709999,49.98,48.07,48.970001,988000,
BOH,49.470001,49.709999,49.09,49.139999,174900,
BOIL,45.16,45.57,44.740002,45.029999,15500,
BOKF,63.610001,63.630001,62.900002,63.080002,44200,
BOLT,16.65,16.66,16.5,16.5,6500,
BONA,4.1,4.32,3.83,3.84,182200,
BOND,107.389999,107.5,106.370003,106.370003,780700,
BONT,20.74,21.1,20.5,20.57,161000,
BOOM,16.950001,16.99,16.700001,16.809999,22500,
BORN,1.2,1.21,1.19,1.21,51600,
BOTA,3.45,3.45,3.34,3.36,25100,
BP,42.950001,43.049999,42.470001,42.599998,6510000,
BPAX,1.28,1.28,1.22,1.22,98200,
BPFH,10.05,10.07,9.95,9.98,286900,
BPI,12.53,12.62,12.22,12.35,311700,
BPL,68.709999,69.050003,68.550003,68.75,443700,
BPO,17.14,17.18,16.87,16.9,1066600,
BPOP,28.620001,29.25,28.4,28.809999,516100,
BPT,95,97.209999,95,96.260002,296100,
BPX,63.939999,64.720001,63.790001,64.589996,0,
BPY,21.08,21.08,20.59,20.6,120100,
BPZ,1.81,1.82,1.8,1.82,726000,
BR,26.969999,27.01,26.49,26.540001,590200,
BRC,31.08,31.370001,30.51,30.73,183100,
BRCD,5.65,5.72,5.63,5.65,4980600,
BRCM,34.709999,34.860001,34.099998,34.16,6341100,
BRE,49.13,49.26,47.7,48.08,588300,
BREW,7.95,8.05,7.9,7.98,36100,
BRF,33.709999,33.91,32.290001,32.360001,150700,
BRFS,21.34,21.450001,20.65,20.709999,1723200,
BRK.B,115.139999,115.660004,113.809998,113.839996,3471600,
BRKL,8.44,8.47,8.36,8.4,629100,
BRKR,16.74,16.9,16.48,16.48,731000,
BRKS,10.4,10.42,10.03,10.04,218800,
BRLI,28.62,28.93,28.19,28.51,1058400,
BRO,32.52,32.599998,31.700001,32.299999,1821100,
BRS,65,65.080002,64.010002,64.120003,157300,
BRY,42.68,44.02,42.6,43.34,1071800,
BSAC,23.610001,23.870001,23.299999,23.32,191200,
BSBR,6.68,6.72,6.49,6.57,8133900,
BSDM,1.27,1.32,1.26,1.29,138500,
BSET,15.49,15.61,14.93,15.08,25300,
BSFT,29.610001,29.969999,29.43,29.530001,190700,
BSMX,14.61,14.84,13.99,14.05,922000,
BSRR,14.69,14.69,14.25,14.61,69200,
BSX,9.57,9.63,9.35,9.4,14413300,
BTE,37.650002,38.220001,37.5,37.5,128600,
BTH,14.22,14.32,13.94,14.03,94900,
BTI,109.5,109.959999,107.510002,107.559998,178500,
BTN,4.05,4.15,4.05,4.13,23000,
BTU,16.510009,16.800007,16.370009,16.480008,481500,
BTX,4.05,4.15,4,4.02,135300,
BUD,94.089996,94.220001,91.720001,91.760002,1308600,
BUSE,4.439996,4.449995,4.359996,4.369995,21600,
BV,9.48,9.62,9.34,9.47,617400,
BVN,17.809999,17.85,17.209999,17.26,1560200,
BWA,86.610001,87.269997,85.739998,85.779999,1934400,
BWC,30.77,30.77,30.049999,30.049999,453000,
BWEN,4.03,4.31,4.03,4.29,27600,
BWLD,99.459999,100.389999,99.019997,99.169998,250700,
BWP,29.9,30.15,29.84,30,643600,
BWS,21.53,21.85,21.24,21.25,192900,
BWX,58.959999,58.98,57.75,57.919998,328600,
BX,21.51,21.75,21.25,21.25,2791700,
BXP,111.230003,111.68,107.239998,107.510002,924300,
BXS,16.690001,16.93,16.639999,16.719999,550900,
BYD,11.72,12.07,11.71,11.88,1348300,
BYI,57.14,57.54,56.8,56.91,335000,
BZ,8.51,8.61,8.46,8.51,932300,
BZF,18.120001,18.219999,17.58,17.719999,97000,
BZH,19.9,20.049999,19.32,19.719999,1157900,
BZQ,84.610001,92.040001,84.610001,91.739998,57600,
C,49.990002,50.299999,49.41,49.529999,32511000,
CA,28.690001,28.690001,28.17,28.209999,3358300,
CAAS,5.18,5.23,5.11,5.16,43500,
CAB,69.230003,69.519997,68.32,69.239998,1036200,
CACI,62.470001,62.84,62.07,62.209999,229600,
CADX,6.87,6.97,6.72,6.84,212800,
CAG,34.33,34.409999,33.589999,33.609999,5189700,
CAH,48.810001,48.990002,48.18,48.369999,3433500,
CAJ,34.040001,34.080002,33.360001,33.400002,628700,
CAK,0.57,0.57,0.55002,0.55999,114600,
CAKE,42.119999,42.529999,41.950001,42.080002,502600,
CALD,6.5,6.57,6.33,6.39,334000,
CALL,15.25,15.58,14.98,15.05,223120,
CALM,47.200001,47.27,46.110001,46.18,55800,
CALX,10.83,10.98,10.77,10.82,139100,
CAM,64.199997,65.089996,63.889999,64.089996,2065300,
CAMP,13.25,13.4,13.14,13.25,156000,
CAP,26.700001,26.809999,26.26,26.309999,85900,
CAR,30.98,31.709999,30.860001,31.15,1509600,
CARB,13.14,13.25,12.56,12.6,50700,
CAS,17.360001,17.42,17.01,17.120001,216900,
CASY,61.34,61.34,60.450001,60.470001,127600,
CAT,84.5,85.290001,84.25,84.25,4711700,
CATM,29.450001,29.58,29.02,29.02,126700,
CATO,25.629999,25.629999,24.98,25,76700,
CATY,19.959999,20,19.549999,19.74,179200,
CAVM,35.310001,35.75,35.02,35.310001,536300,
CB,90.199997,90.32,88.489998,88.510002,1438600,
CBAK,1.19,1.25,1.14,1.16,118900,
CBB,3.17,3.17,3.05,3.1,266600,
CBD,45.759998,46.52,44.369999,44.48,457600,
CBEY,7.96,8.08,7.65,7.84,106800,
CBF,18.58,18.75,18.120001,18.690001,387200,
CBG,23.049999,23.110001,22.07,22.280001,4801900,
CBI,61.299999,62.200001,61.02,61.080002,1889600,
CBK,6.34,6.34,6.05,6.16,277300,
CBL,22.74,22.83,21.76,22.049999,1663500,
CBLI,1.54,1.61,1.49,1.49,14200,
CBM,14.72,14.72,14.37,14.4,115300,
CBOE,43.490002,43.700001,42.939999,42.939999,416500,
CBR,3.72,3.72,3.64,3.7,109300,
CBRL,95.489998,96.169998,94.300003,94.550003,112400,
CBS,48.700001,49.09,48.380001,48.380001,6412900,
CBS.A,48.880001,48.950001,48.400002,48.400002,2100,
CBSH,43.540143,43.600139,43.130129,43.150142,454100,
CBST,51.1,51.1,49.87,49.97,664200,
CBT,39.32,39.790001,38.380001,38.459999,316700,
CBU,29.370001,29.43,28.940001,29.15,63700,
CBZ,6.66,6.7,6.63,6.67,236900,
CCC,16.91,16.959999,16.48,16.700001,738200,
CCE,36.450001,36.900002,35.790001,35.790001,2972200,
CCG,12.11,12.19,11.71,11.72,514100,
CCI,71.260002,71.379997,69.459999,69.540001,2571600,
CCIX,20.01,20.5,19.84,20.35,257600,
CCJ,21.370001,21.42,20.73,20.889999,1167400,
CCK,42.43,42.490002,41.470001,41.509998,1589200,
CCL,34.220001,34.290001,33.650002,33.82,5786400,
CCM,4.159998,4.189995,4.150003,4.189995,6600,
CCMP,35.299999,35.509998,34.59,34.66,152100,
CCO,7.56,7.59,7.44,7.45,134500,
CCOI,28.379999,28.68,27.780001,27.780001,125000,
CCRN,5.11,5.11,4.87,5.04,202300,
CCUR,7.77,7.99,7.76,7.91,31600,
CDD,102.139999,102.860001,101.720001,102.739998,0,
CDE,13.56,13.78,13.23,13.26,1219800,
CDI,14.8,14.92,14.51,14.73,35000,
CDNS,15.01,15.02,14.81,14.83,1745100,
CDR,5.81,5.81,5.53,5.54,239300,
CDZI,5.4,5.43,5.16,5.24,72900,
CE,47.75,48.549999,47.509998,47.950001,1029700,
CEB,62.07,62.099998,60.509998,60.549999,103200,
CEC,0.73081,0.73081,0.72156,0.72156,20400,
CECE,12.46,12.6,12.45,12.5,54300,
CECO,2.83,2.86,2.75,2.78,810200,
CEL,9.24,9.25,9.08,9.13,54600,
CELG,120,120.239998,116.830002,116.889999,3592000,
CENTA,7.51,7.52,7.36,7.37,59500,
CENX,9.68,9.92,9.61,9.65,1226800,
CEO,174.960007,175.699997,172.009995,172.710007,150700,
CERN,99.080002,99.209999,96.870003,97.120003,918800,
CERS,4.54,4.55,4.39,4.4,532500,
CETV,3.49,3.54,3.32,3.39,565700,
CEVA,18.540001,18.559999,18.190001,18.23,117600,
CF,189.449997,191.520004,187.959995,189.769993,6050000,
CFI,18.360001,18.42,18.110001,18.110001,21300,
CFN,38.02,38.23,37.53,37.53,1384400,
CFNL,15.24,15.27,14.96,14.97,60600,
CFR,64.580002,64.599998,63.869999,63.900002,321100,
CFX,53.299999,53.650002,52.450001,52.459999,461900,
CG,26.66,26.85,26.35,26.49,482600,
CGA,2.8,2.85,2.8,2.82,19400,
CGEN,6.21,6.34,6.16,6.19,116400,
CGG,25,25.18,24.530001,24.530001,400,
CGI,19.4,19.48,19.059999,19.07,144000,
CGNX,46,46.169998,45.549999,45.549999,205400,
CGX,47.5,47.78,46.7,47.18,17600,
CHCO,39.09,39.310001,38.91,39.110001,20800,
CHD,61.77,61.970001,60.560001,60.59,803000,
CHDN,81.949997,81.949997,80.209999,80.230003,14600,
CHDX,15.94,15.99,15.71,15.85,11000,
CHE,74.18,74.260002,73.470001,73.709999,265800,
CHEF,17.889999,17.969999,17.66,17.67,61400,
CHFC,26.299999,26.299999,25.879999,25.9,12800,
CHH,41.279999,41.540001,40.669998,40.740002,53900,
CHIQ,13.89,14,13.76,13.78,113600,
CHK,21.240002,21.440002,20.790001,20.800001,8646800,
CHKP,49.650002,49.880001,49.220001,49.23,1133300,
CHKR,14.75,14.98,14.75,14.97,104000,
CHL,49.41,49.599998,48.84,48.84,1257400,
CHLN,2.05,2.1,2.05,2.09,6600,
CHMT,22.530001,22.66,22.25,22.299999,286500,
CHOP,2,2,1.91,1.92,600,
CHRW,57.400002,57.580002,56.52,56.529999,1165500,
CHS,16.969999,17.219999,16.83,16.9,2568300,
CHSP,21.93,21.959999,21.26,21.309999,116500,
CHT,32.16,32.349998,31.889999,31.889999,227900,
CHTP,2.44,2.44,2.22,2.29,864700,
CHTR,118.120003,119,117.260002,117.800003,711400,
CHU,13.38,13.48,13.19,13.19,577500,
CHUY,39.599998,40.91,39.139999,39.970001,196700,
CI,69.75,69.93,68.93,68.93,1561500,
CIB,57.639999,58.110001,56.970001,57.130001,124600,
CIE,26.639999,26.9,26.5,26.530001,1575500,
CIEN,20.280001,20.450001,20.09,20.190001,2561200,
CIG,9.489998,9.550005,9.109997,9.109997,2315100,
CIM,3.1,3.15,3.05,3.09,2824000,
CINF,46.939999,47.080002,46.259998,46.27,655300,
CIS,1.73,1.75,1.725,1.75,13789,
CISG,6.41,6.41,6.09,6.11,34000,
CIT,47.56,48.05,47.44,47.55,1786542,
CJES,19.299999,19.299999,18.91,18.98,788200,
CKEC,17.77,17.77,17.389999,17.389999,114300,
CKH,80.239998,80.959999,80.199997,80.339996,62200,
CKP,14.71,14.87,14.6,14.79,277700,
CKSW,8.21,8.3,8.14,8.2,125900,
CL,59.669998,59.799999,57.98,58,4256400,
CLB,154.110001,155.320007,151.910004,152.339996,313900,
CLC,54.830002,55.41,54.110001,54.169998,117400,
CLD,17.73,17.790001,17.26,17.49,832200,
CLDT,16.709999,16.809999,16.26,16.51,147800,
CLDX,15.48,15.6,15.1,15.2,1140400,
CLF,18.09,19,18.059999,18.450001,13311500,
CLGX,23.58,24.26,23.49,23.68,956700,
CLH,56.029999,56.110001,54.970001,54.98,335200,
CLI,24.74,24.74,23.879999,24.049999,684500,
CLMS,10.69,10.74,10.55,10.57,84900,
CLMT,35.84,36.5,35.75,36.240002,282900,
CLNE,13.1,13.18,12.9,12.92,615500,
CLNY,20.709999,20.75,19.74,20.110001,670800,
CLP,4200,4200,4200,4200,0,
CLR,88.660004,89.089996,87.120003,87.620003,1064400,
CLS,9.57,9.65,9.4,9.48,306600,
CLSN,1.280001,1.320001,1.200001,1.220001,521000,
CLW,48.529999,48.900002,48.169998,48.560001,198200,
CLWR,4.58,4.7,4.52,4.7,13646000,
CLX,85.790001,85.900002,84.050003,84.110001,890100,
CM,75.949997,76.040001,74.790001,75.169998,831800,
CMA,37.689999,37.889999,37.330002,37.419998,2131900,
CMC,14.64,14.78,14.48,14.62,736500,
CMCO,21.629999,21.77,21.280001,21.280001,41100,
CMCSA,40.509998,40.82,40.130001,40.209999,23001000,
CMCSK,38.57,39.209999,38.5,38.540001,1613000,
CME,77.25,77.279999,75.540001,75.959999,3626400,
CMG,371.790009,372.5,366,366.869995,282500,
CMI,117.370003,117.610001,115.589996,115.599998,1255200,
CMLP,22.16,22.879999,22.01,22.860001,578000,
CMN,34.680001,34.789996,33.75,33.820006,79900,
CMO,12.68,12.8,12.4,12.43,1070800,
CMP,85.760002,85.830002,84.879997,85.050003,120100,
CMRE,17.549999,17.780001,17.32,17.49,143600,
CMS,27.530001,27.6,26.85,26.85,1584700,
CMTL,27.040001,27.040001,26.25,26.4,42500,
CNA,32.220001,32.299999,31.700001,31.73,212300,
CNC,51.990002,52.23,51.48,51.66,451000,
CNDO,8.74,8.76,7.98,8.12,495100,
CNH,43.3,43.31,42.66,42.67,157600,
CNI,99.269997,99.330002,97.470001,97.82,961800,
CNIT,2.77,2.91,2.7,2.75,22900,
CNK,28.83,28.959999,28.74,28.85,711700,
CNL,46.220001,46.25,45.310001,45.470001,425900,
CNMD,32.110001,32.110001,31.469999,31.49,53100,
CNO,12.87,12.96,12.72,12.74,1287700,
CNP,23.67,23.73,23.09,23.09,2206200,
CNQ,29.610001,29.889999,29.23,29.360001,1954200,
CNQR,80.24,80.63,78.99,79.07,248800,
CNS,37.18,37.32,36.110001,36.139999,92500,
CNSI,29.440001,29.559999,29,29.030001,100500,
CNSL,17.469999,17.530001,17.209999,17.209999,139800,
CNW,39.900002,40.259998,39.220001,39.32,488700,
CNX,31.83,32.080002,31.08,31.139999,1773300,
COCO,2.23,2.24,2.12,2.15,684100,
CODE,1.12,1.12,1.12,1.12,0,
CODI,17.15,17.25,17.059999,17.1,102500,
COF,62.25,62.389999,61.619999,61.810001,3641500,
COG,72.230003,72.730003,71.43,71.470001,2242000,
COGO,2.01,2.08,1.94,1.94,18500,
COH,58.5,59,58.080002,58.189999,2263900,
COHR,57.57,57.639999,56.02,56.299999,45500,
COHU,11.63,11.78,11.54,11.57,28000,
COL,64.660004,64.889999,63.759998,63.77,519900,
COLB,22.209999,22.27,21.92,22.1,183700,
COLM,61.779999,62.529999,61.75,61.93,273000,
CONE,21.16,21.34,20.77,20.860001,95200,
CONN,53.41,54.259998,52.799999,53.59,316500,
COO,121.849998,122.199997,120.610001,120.75,195900,
COP,62.150002,62.57,61.709999,61.709999,5932600,
COR,31.860001,32.110001,30.809999,31.209999,180200,
CORE,62.650002,62.700001,61.849998,62.360001,209200,
CORN,41.5,43,41.400002,42.799999,85200,
CORR,7.45,7.47,7.31,7.36,20700,
CORT,1.81,1.83,1.78,1.79,92100,
COST,112.230003,112.589996,110.139999,110.190002,1458600,
COT,7.92,8.01,7.79,7.84,491900,
COV,59.98,60,57.85,57.88,3399000,
COW,26.73,27.040001,26.73,26.950001,12300,
COWN,3.18,3.21,3.12,3.14,267100,
CP,124.349998,125.720001,123.769997,124.07,799500,
CPA,141.679993,143.179993,137.300003,137.479996,269300,
CPB,45.720001,45.950001,44.740002,44.740002,1621300,
CPE,3.59,3.61,3.51,3.51,105200,
CPF,17.950001,17.969999,17.68,17.68,45400,
CPHD,33.169998,33.32,32.610001,32.689999,654500,
CPIX,5.02,5.08,4.99,5.03,22900,
CPL,18.929938,19.24994,18.209944,18.239944,818800,
CPLA,42.09,42.09,40.369999,41.310001,118100,
CPLP,9.35,9.45,9.16,9.21,131100,
CPN,21.67,21.77,21.41,21.43,2891900,
CPRT,31.799999,31.959999,31.57,31.59,474200,
CPSI,50.919998,50.919998,50.18,50.299999,48300,
CPSS,7.53,7.8,7.5,7.62,60900,
CPT,66.510002,66.559998,64.029999,64.209999,424700,
CPWR,10.5249,10.5633,10.4913,10.5345,620300,
CQB,11.05,11.07,10.81,10.83,166800,
CQP,27.700001,27.83,27.290001,27.4,154700,
CQQQ,26.34,26.4,25.940001,25.950001,5900,
CR,59.959999,60.119999,59.169998,59.299999,279400,
CRAY,20.690001,20.690001,20.049999,20.110001,422100,
CREE,65.769997,66.779999,64.75,65.050003,2829600,
CRH,20.790001,20.92,20.379999,20.4,112300,
CRI,73.379997,74,73.239998,73.379997,206700,
CRIS,3.42,3.43,3.36,3.39,223300,
CRK,17.210001,17.65,17.210001,17.280001,131700,
CRL,42.419998,42.68,42.07,42.139999,260000,
CRM,38.25,38.5,37.580002,37.650002,4960400,
CRME,2.04,2.09,2.02,2.02,5900,
CRMT,44.939999,44.939999,43.310001,43.32,19100,
CRNT,3.56,3.57,3.5,3.5,38200,
CROC,43.189999,45.130001,42.779999,44.990002,54500,
CROX,16.33,16.450001,16.17,16.17,650400,
CRR,72.660004,73.790001,70.559998,71,357300,
CRRC,14,14,13.9,13.94,12900,
CRS,47.330002,47.630001,46.849998,46.990002,302500,
CRTX,8.47,8.55,8.24,8.35,50500,
CRUS,18.01,18.209999,17.68,17.77,1449700,
CRY,6.23,6.3,6.1,6.11,35900,
CRZO,29.65,29.889999,28.559999,29.5,966200,
CS,28.690001,28.84,28.209999,28.23,821800,
CSC,45.569996,45.900001,45.449999,45.589997,3297300,
CSCO,24.780001,24.959999,24.68,24.68,29472900,
CSE,9.47,9.58,9.37,9.49,1928200,
CSGP,123.82,124.410004,121.330002,121.82,100100,
CSGS,21.91,22,21.75,21.82,94800,
CSH,47.950002,48.130005,46.859991,47.590002,228100,
CSII,22.09,22.200001,21.280001,21.67,109800,
CSIQ,9.89,10.3,9.79,9.97,2147000,
CSL,66.5,66.559998,65.57,65.580002,193400,
CSOD,44.889999,46.18,44.830002,45.669998,508700,
CST,33.299999,33.369999,32.830002,33.080002,2169700,
CSTE,28.940001,29.26,28.52,28.629999,116600,
CSTM,15.21,15.62,15.13,15.43,308600,
CSTR,58.67,59.72,58.05,58.31,357600,
CSU,25.5,25.59,24.49,24.57,136800,
CSUN,2.03,2.05,1.91,1.99,46000,
CSV,19.1,19.1,18.58,18.610001,46900,
CSX,25.27,25.34,24.6,24.6,7453100,
CTAS,46.259998,46.5,45.5,45.639999,409100,
CTB,33.060001,33.139999,32.099998,32.599998,4829500,
CTCM,11.98,12.12,11.82,11.92,301600,
CTCT,17,17.1,16.6,16.84,356200,
CTGX,23.98,24.14,23.55,23.55,78200,
CTIC,1.3,1.3,1.2,1.24,1339000,
CTL,36.200001,36.299999,35.330002,35.330002,4798300,
CTRN,14.24,14.33,14.08,14.16,59100,
CTRP,34.700001,35.259998,34.400002,34.580002,1791400,
CTRX,52.799999,53.48,52.279999,52.330002,1994200,
CTS,12.21,12.21,12.05,12.11,147600,
CTSH,64.169998,64.669998,63.389999,63.540001,6154200,
CTXS,62.330003,62.709999,61.240002,61.249999,2125200,
CU,22.549999,22.6,22.120001,22.120001,5300,
CUB,49.389999,49.57,49.099998,49.189999,92000,
CUBE,16.639999,16.799999,16.23,16.280001,730000,
CUI,5.36,5.45,5.25,5.36,43760,
CUK,35.299999,35.299999,34.610001,34.689999,108300,
CUTR,9.04,9.07,8.82,8.85,91600,
CUZ,10.050001,10.08,9.800001,9.9,1623700,
CVA,20.610001,20.639999,20.299999,20.4,1648200,
CVBF,11.35,11.45,11.22,11.27,270400,
CVC,15.33,15.48,15.15,15.19,2325800,
CVD,78.6,78.84,76.89,76.9,386100,
CVE,29.85,29.889999,29.26,29.440001,777300,
CVG,18.450001,18.450001,17.92,18.01,356900,
CVGI,8.08,8.18,7.91,7.94,62500,
CVGW,26.58,27,26.42,26.6,114200,
CVI,54.709999,55.299999,53.59,53.889999,531800,
CVLT,78.800003,79.010002,76.699997,77.029999,621700,
CVO,2.1,2.2,2.09,2.16,187100,
CVRR,30.700001,30.85,30.559999,30.690001,263600,
CVS,59.900002,60.34,59.09,59.09,4745100,
CVU,10.37,10.47,10.27,10.35,36500,
CVX,121.800003,122.379997,120.410004,120.5,4634300,
CVY,24.200001,24.25,23.84,23.870001,454800,
CW,37.189999,37.389999,36.779999,37,106600,
CWCO,11.04,11.05,10.91,10.95,58800,
CWH,0.14,0.14,0.14,0.14,0,
CWST,4.19,4.23,4.13,4.14,68500,
CWT,20.280001,20.309999,19.700001,19.719999,345800,
CWTR,2.46,2.48,2.36,2.36,197500,
CX,10.689967,10.87996,10.429961,10.459966,24826600,
CXDC,4.1,4.11,4.08,4.08,12500,
CXO,87.639999,88.629997,86.620003,87.419998,1093200,
CXPO,2.88,2.9,2.87,2.87,49200,
CXW,34.450001,34.66,33.5,33.740002,1221400,
CY,11.28,11.42,10.97,10.97,2138800,
CYB,26.030001,26.1,26,26,75200,
CYBX,51.41,51.59,51,51.02,154400,
CYC,1212.74,1212.74,1212.74,1212.74,0,
CYCC,3.109999,3.119999,3.049999,3.089999,20500,
CYD,18.030001,18.35,17.75,17.879999,50300,
CYH,48.53,48.650002,46.690001,46.930004,1749900,
CYN,60.950001,60.959999,60.200001,60.52,381100,
CYNO,24.280001,24.35,23.940001,24.01,211000,
CYOU,31.98,31.98,31.58,31.700001,104200,
CYS,10.58,10.7,10.12,10.24,5258600,
CYT,77.059998,77.5,76.400002,76.830002,1064000,
CYTR,2.14,2.17,2.09,2.1,25300,
CYTX,2.320001,2.350001,2.250001,2.250001,19900,
CZR,13.56,13.69,13.09,13.15,394000,
CZZ,16.879999,16.959999,16.440001,16.459999,846700,
D,57,57.23,55.740002,55.740002,3284600,
DAKT,10.3,10.39,10.21,10.27,91800,
DAL,18.99,19.040001,18.690001,18.690001,4749700,
DAN,19.110001,19.190001,18.799999,18.799999,1493400,
DANG,8.16,8.19,7.66,7.67,2337800,
DAR,19.610001,19.91,19.58,19.65,664800,
DATA,54,54.880001,52.75,53.91,173700,
DATE,5.23,5.25,5.22,5.22,8700,
DAVE,12.87,14,12.87,13.63,158600,
DB,46.080001,46.309998,44.96,45.109998,1562400,
DBA,25.41,25.77,25.41,25.67,433700,
DBB,16.549999,16.610001,16.530001,16.58,45900,
DBC,26.459999,26.6,26.43,26.450001,1080200,
DBD,32.75,32.830002,32.34,32.360001,274200,
DBE,28.68,28.709999,28.49,28.540001,122000,
DBEF,24.879999,24.879999,24.469999,24.530001,48700,
DBJP,32.959999,33.779999,32.959999,33.18,91600,
DBLE,4.12,4.23,4,4.07,13900,
DBO,26.950001,26.99,26.709999,26.790001,202500,
DBP,44.889999,45.470001,44.330002,44.330002,123600,
DBS,36.720001,36.75,35.93,35.959999,5600,
DBV,25.66,25.75,25.559999,25.559999,40900,
DCI,36.419998,36.43,35.740002,35.740002,553200,
DCIX,5.05,5.09,4.99,5.02,24400,
DCM,15.25,15.32,15.01,15.02,190600,
DCO,21.700001,21.700001,20.92,21.41,78600,
DCT,7.47,7.58,7.23,7.24,1205500,
DCTH,0.47,0.5,0.45,0.47,4900,
DD,53.97,54.299999,53.459998,53.47,6717000,
DDC,14.7,14.85,14.44,14.56,298200,
DDD,47.669998,47.849998,46.23,46.509998,3044400,
DDM,97.489998,97.68,94.970001,94.980003,919400,
DDR,17.370001,17.4,16.790001,16.790001,2930800,
DDS,85.739998,86.300003,84.610001,84.650002,203400,
DE,85.239998,86.199997,85,85.080002,2881600,
DECK,53.18,53.540001,52.310001,52.709999,527000,
DEI,25.389999,25.440001,24.549999,24.610001,851600,
DELL,13.47,13.48,13.4,13.41,13706400,
DEM,51.099998,51.299999,49.84,49.889999,1293600,
DENN,5.92,5.96,5.81,5.81,426700,
DEO,119.860001,121,118.550003,118.650002,846700,
DEPO,6.02,6.08,5.81,5.84,290000,
DES,59.41,59.41,58.5,58.5,117400,
DEST,25.620001,25.85,25.25,25.530001,24900,
DF,10.52,10.52,10.25,10.25,1352300,
DFJ,48.790001,48.790001,47.66,47.669998,38700,
DFRG,20.799999,20.98,20.16,20.66,134000,
DFS,47.759998,48.389999,47.709999,47.73,3950700,
DFT,23.68,23.709999,22.360001,22.75,634900,
DG,52.360001,52.470001,51.299999,51.330002,2913500,
DGI,32.080002,32.130001,31.370001,31.610001,446800,
DGII,9.6,9.77,9.58,9.67,26800,
DGIT,7.1,7.19,6.76,6.77,378300,
DGL,46.459999,46.580002,45.700001,45.77,22600,
DGRW,24.91,24.98,24.57,24.57,76500,
DGS,48.369999,48.450001,47.119999,47.18,485800,
DGX,62.459999,62.669998,61.860001,61.889999,792900,
DHI,24.440001,24.440001,23.389999,23.440001,5123100,
DHR,64.359999,64.800001,63.66,63.68,4613400,
DHT,4.45,4.46,4.41,4.44,9700,
DHX,9.26,9.32,9.17,9.17,168500,
DIA,152.940002,153.220001,151.050003,151.089996,9143700,
DIG,57.98,58.66,57.060001,57.07,133800,
DIN,71.589996,71.870003,71.160004,71.239998,89500,
DIOD,24.719999,24.92,24.370001,24.58,481300,
DIS,65.190002,65.550003,64.330002,64.330002,6871400,
DISCA,77.640003,78.3,76.499997,76.53,1954600,
DISCK,69.730003,70.120003,68.559998,68.650002,1342800,
DISH,39.009998,40.709999,38.919998,39.27,2965200,
DJP,38.619999,38.970001,38.619999,38.759998,559900,
DJX,153.15,153.22,151.12,151.12,11138214912,
DK,32.09,32.439999,31.299999,31.309999,761600,
DKL,34.009998,34.009998,33.049999,33.919998,8400,
DKS,52.009998,52.650002,51.709999,51.73,705200,
DLB,34.41,34.630001,33.970001,34.09,141300,
DLLR,15.27,15.27,14.95,15.02,257700,
DLN,61.580002,61.66,60.68,60.68,168700,
DLPH,52.060001,52.459999,51.91,52.09,2443900,
DLR,61.810001,62.040001,58.91,58.990002,2259300,
DLTR,50.540001,50.73,49.970001,50.16,1298600,
DLX,35.240002,35.240002,34.759998,34.860001,220800,
DM,1.63,1.65,1.61,1.64,144800,
DMD,8.570001,8.619998,8.410001,8.43,74300,
DMLP,24.889999,24.889999,24.440001,24.5,30400,
DMND,20.200001,20.610001,19.959999,20.48,574100,
DNB,99.089996,99.379997,97.830002,97.849998,211900,
DNDN,4.1,4.11,3.98,3.99,2335977,
DNKN,43.119999,43.389999,42.759998,42.860001,775400,
DNN,1.22,1.25,1.21,1.22,425100,
DNO,35.360001,35.689999,35.32,35.549999,19400,
DNR,18.309999,18.51,18.129999,18.15,2860400,
DO,68.610001,68.940002,67.800003,67.809998,815100,
DOG,28.9,29.24,28.85,29.24,340800,
DOLE,12.85,12.88,12.68,12.74,1635200,
DOM,4.98,5.05,4.96,4.98,32500,
DORM,46.740002,46.740002,45.700001,45.759998,95200,
DOV,80.679999,80.730002,79.390005,79.390005,841200,
DOW,34.560001,34.73,34.099998,34.099998,5030100,
DOX,36.27,36.43,36.119999,36.16,778700,
DPK,12.7,13.44,12.7,13.44,8800,
DPM,53.700001,54.220001,53.150002,54.02,285100,
DPS,47.290001,47.650002,46.599998,46.599998,837900,
DPZ,60.419998,60.830002,59.75,59.77,416300,
DRC,60.130001,60.66,59.830002,60.299999,437300,
DRD,5.98,6.01,5.67,5.72,155900,
DRE,16.139999,16.190001,15.5,15.54,2916900,
DRH,9.61,9.67,9.27,9.29,1789000,
DRI,53.27,53.650002,52.560001,52.619999,1592500,
DRIV,18.55,18.56,18.21,18.32,182800,
DRN,47.689999,48.080002,42.959999,43.34,2474400,
DRQ,92.5,92.82,91.699997,91.849998,394200,
DRRX,0.84,0.84,0.82,0.83,222800,
DRV,15.28,16.75,15.16,16.690001,92400,
DRWI,2.44,2.5,2.4,2.48,2500,
DRYS,1.829999,1.839999,1.779999,1.799999,200,
DSCI,13.5,13.53,13.34,13.43,18200,
DSCO,1.720001,1.750001,1.650001,1.660001,19100,
DSL,23.25,23.48,23,23.049999,367300,
DSS,2.9,2.9,2.8,2.82,22600,
DST,67.809998,67.949997,66.779999,66.779999,121900,
DSW,74.279999,74.779999,73.660004,73.709999,488800,
DSX,10.22,10.39,10.09,10.16,672900,
DTE,67.419998,67.720001,66.040001,66.080002,1192200,
DTLK,11.52,11.52,11.25,11.3,23400,
DTN,64.230003,64.230003,63.150002,63.150002,77500,
DTSI,22.25,22.450001,21.809999,21.959999,100400,
DTV,63.5,63.68,62.07,62.080002,3182700,
DUG,62.16,63.290001,61.57,63.259998,201600,
DUK,68.199997,68.559998,66.699997,66.720001,3312900,
DUST,94.819998,105.429998,92.199998,104.339998,29200,
DV,29.360001,29.59,29.27,29.35,371600,
DVA,129.210007,129.399994,126.790001,126.82,1223800,
DVAX,1.04,1.14,1.02,1.13,675400,
DVN,55.259998,55.470001,54.119999,54.130001,2951100,
DVR,0.2,0.2,0.2,0.2,0,
DVY,65.690002,65.769997,64.550003,64.550003,1336200,
DW,41.310001,41.439999,40.650002,40.669998,70500,
DWA,24.84,25.5,24.459999,24.950001,1626300,
DWRE,36.48,37.529999,36.389999,37.23,454500,
DWSN,8.509915,8.519915,8.119919,8.289918,21500,
DWX,47.220001,47.349998,46.220001,46.23,182800,
DX,10.52,10.55,10.25,10.28,373000,
DXCM,22.75,22.83,21.299999,21.440001,958600,
DXD,33.700001,34.5,33.549999,34.459999,1581600,
DXJ,45.290001,46.169998,45.02,45.130001,10332100,
DXLG,6.17,6.23,6.05,6.08,161800,
DXM,19.1,19.43,18.790001,18.82,138400,
DXPE,66.199997,66.559998,65.650002,65.970001,54800,
DY,24.15,24.17,23.530001,23.549999,150900,
DYAX,3.22,3.33,3.14,3.29,435400,
DYN,22.969999,23,22.43,22.51,313900,
DZK,53.299999,53.950001,50.880001,51.009998,15100,
E,43.369999,43.389999,42.330002,42.5,1034300,
EA,22.959999,23.209999,22.83,22.84,3879100,
EAT,41.060001,41.240002,40.529999,40.540001,458900,
EBAY,52.639999,52.989999,52.17,52.229997,30040200,
EBF,17.27,17.280001,16.73,16.950001,35800,
EBIX,19.700001,19.76,19.700001,19.719999,265400,
EBR,2.31,2.36,2.16,2.17,915400,
EBR.B,4.29,4.3,4.03,4.05,157700,
EBS,15.02,15.18,14.44,14.47,91000,
EC,43.630001,44,42.790001,42.799999,484100,
ECA,18.190001,18.469999,18.07,18.120001,3209700,
ECH,54.709999,54.84,53.380001,53.419998,183700,
ECHO,18.360001,18.610001,18.15,18.4,99600,
ECL,86.720001,86.82,85.599998,85.68,851500,
ECOL,28.690001,28.9,28.219999,28.219999,30400,
ECPG,35.169998,35.259998,34.490002,34.57,2278600,
ECT,9.92,10.11,9.91,10,111400,
ECYT,12.84,13.19,12.84,12.94,133200,
ED,58.810001,58.950001,57.27,57.279999,1736900,
EDAP,2.9,2.91,2.8,2.83,98100,
EDC,24.780001,25.15,22.950001,23,231600,
EDE,22.309999,22.440001,21.9,21.91,99700,
EDIV,41.450001,41.560001,40.09,40.259998,268100,
EDMC,7.23,7.28,6.97,6.99,44200,
EDR,10.0199,10.0199,9.759903,9.789903,235800,
EDU,21.93,21.969999,21.57,21.620001,489500,
EDZ,59.220001,63.580002,58.540001,63.41,713100,
EE,36.099998,36.16,35.040001,35.049999,75400,
EEB,31.6,31.73,30.959999,30.98,59500,
EEFT,31.719999,31.809999,28.83,31.48,157400,
EEM,39.540001,39.720001,38.540001,38.610001,106460000,
EEMV,57.720001,57.779999,56.599998,56.599998,336800,
EEP,30.469999,30.629999,30.139999,30.24,745400,
EEQ,30.100099,30.370091,29.810096,29.970105,157600,
EET,67.370003,67.489998,63.599998,63.689999,18100,
EEV,25.639999,26.950001,25.5,26.889999,375200,
EFA,61.040001,61.18,59.939999,59.950001,33232800,
EFAV,59.27,59.41,58.139999,58.290001,117600,
EFC,23.66,23.76,23.25,23.299999,105600,
EFG,65.360001,65.379997,64.099998,64.120003,45900,
EFII,29.27,29.27,28.440001,28.549999,123700,
EFU,55.5,57.279999,55.400002,57.279999,23300,
EFV,51.900002,51.959999,50.860001,50.919998,126100,
EFX,61.369999,61.5,60.540001,60.549999,344800,
EFZ,38.169998,38.849998,38.110001,38.849998,53900,
EGAN,8.01,8.15,7.95,8.14,60600,
EGBN,23.059999,23.200001,22.9,23.049999,49800,
EGHT,8.21,8.27,8.08,8.21,751000,
EGLE,4.000007,4.000007,3.660007,3.680007,1900,
EGN,55.459999,56.34,55.240002,55.259998,427300,
EGO,7.1,7.1,6.74,6.76,6390400,
EGOV,16.24,16.33,16.1,16.15,138800,
EGP,57.700001,57.84,55.490002,55.810001,126500,
EGY,6.05,6.15,5.93,6.02,294700,
EHTH,23.98,24.23,23.389999,23.459999,176600,
EIG,24.530001,24.82,24.32,24.469999,74200,
EIX,47.540001,47.860001,46.490002,46.490002,2860800,
EJ,4.719996,4.87,4.719996,4.819995,554500,
EKDKQ,0.1008,0.1015,0.0861,0.0981,7775600,
EL,69.580002,70,68.32,68.379997,1148300,
ELD,49.25,49.27,48.02,48.16,567000,
ELGX,13.53,13.7,13.27,13.28,375300,
ELLI,24.9,24.959999,23.84,24.299999,428500,
ELN,13.7,14.576,13.69,14.15,39380200,
ELNK,6.22,6.28,6.17,6.18,772900,
ELON,2.33,2.41,2.28,2.29,11200,
ELOS,8.55,8.56,8.4,8.48,29800,
ELP,15.58,15.6,15.01,15.02,251000,
ELRC,17.65,17.65,17.110001,17.139999,17000,
ELX,6.48,6.52,6.4,6.42,567800,
ELY,6.66,6.74,6.63,6.68,334800,
EMAN,3.72,3.76,3.61,3.61,18675,
EMB,112.5,112.510002,110.089996,110.470001,2628500,
EMC,24.98,25.389999,24.860001,24.860001,17732700,
EME,40.830002,41.52,40.59,40.619999,340100,
EMKR,3.69,3.77,3.62,3.73,116800,
EMLC,25.09,25.290001,24.469999,24.67,1026600,
EMN,73.150002,73.480003,72.309998,72.330002,904200,
EMR,57.23,57.470001,56.389999,56.41,2428800,
ENB,44.73,44.830002,43.32,43.59,1102000,
END,3.81,3.81,3.52,3.66,544000,
ENDP,38.740002,39.200001,38.52,38.52,1094800,
ENG,0.85,0.87,0.83,0.85,13700,
ENH,51.240002,51.439999,50.849998,51.060001,226300,
ENI,15.98,16.09,15.57,15.6,754000,
ENOC,12.92,13.15,12.84,12.92,194200,
ENPH,6.91,7.02,6.56,6.64,160400,
ENR,102.089996,102.650002,100.669998,100.68,431700,
ENS,50.98,51.09,50.029999,50.040001,222400,
ENSG,36.539993,36.839999,35.979994,35.99,199400,
ENTG,9.99,10.02,9.81,9.86,440800,
ENTR,4.47,4.5,4.4,4.41,520600,
ENVI,2.02,2.09,1.96,2.03,207700,
ENZ,2.26,2.31,2.24,2.31,27100,
ENZN,1.73,1.75,1.67,1.7,253200,
EOC,44.27,44.73,43.09,43.189999,76600,
EOG,134.970001,137.990005,134.779999,135.589996,3409000,
EOPN,16.95,17.43,16.64,17.18,96800,
EOX,6.9,7.2,6.59,6.68,32700,
EPAM,26.35,26.879999,26.309999,26.65,596600,
EPAX,3.59,3.6,3.51,3.53,33500,
EPAY,26.26,26.559999,26.110001,26.200001,199100,
EPB,42.16,42.16,41.58,41.77,313300,
EPD,60.560001,60.970001,60.130001,60.18,5026400,
EPI,16.709999,16.76,16.26,16.280001,4209000,
EPIQ,13.37,13.74,13.37,13.54,112300,
EPL,30.05,30.3,29.57,29.6,146100,
EPM,11.47,11.5,11.05,11.26,35400,
EPP,45.919998,46.009998,44.759998,44.759998,1136400,
EPR,52.709999,52.860001,50.599998,50.740002,260600,
EPU,36.619999,36.950001,36.290001,36.310001,729200,
EPV,21.58,22.32,21.459999,22.27,15200,
EPX,427.03,430.93,423.34,423.43,0,
EQIX,191.080002,192.009995,184.990005,185.25,1678400,
EQM,50.669998,51.5,50.5,50.82,147000,
EQR,56.560001,56.82,54.720001,55,1871700,
EQT,83.519997,84,82.339996,82.400002,852800,
EQU,3.74,3.9,3.74,3.88,161900,
EQY,23.219999,23.24,22.389999,22.4,361700,
ERF,15.34,15.5,15.19,15.3,733600,
ERIC,12.1,12.15,11.88,11.9,2218100,
ERII,4.36,4.39,4.25,4.28,173900,
ERJ,38.439999,38.509998,37.740002,37.759998,1672700,
EROC,8.66,8.82,8.6,8.7,388100,
ERX,69.910004,70.879997,67.889999,67.93,583100,
ERY,28.52,29.43,28.15,29.42,674700,
ESC,24.81,24.99,24.38,24.39,277300,
ESE,32.950001,32.950001,32.639999,32.669998,64600,
ESEA,1.02,1.04,1.02,1.02,5200,
ESI,25.42,25.98,24.48,24.75,409900,
ESIO,11.06,11.06,10.95,10.97,48200,
ESL,73.25,73.389999,71.879997,71.900002,85700,
ESRX,63.060001,63.200001,62.32,62.349998,2767100,
ESS,155.860001,156.520004,151.550003,152.410004,317300,
ESV,59.369999,59.779999,58.5,58.509998,1058300,
ET,33.65,33.65,33.6,33.65,2467900,
ETE,56.5,57.02,56.25,56.259998,4327600,
ETFC,12.09,12.29,11.98,12.05,3661100,
ETH,31.18,31.370001,30.5,30.540001,297300,
ETM,10.07,10.13,9.89,9.92,53300,
ETN,65.82,65.940002,64.699997,64.699997,1890100,
ETP,49.650002,49.75,49.07,49.139999,1002100,
ETR,69.220001,70.099998,68.25,68.25,1089200,
ETRM,1.180001,1.260001,1.180001,1.220001,52900,
EUI,74.660004,75.400002,74.559998,75.199997,0,
EUO,18.24,18.59,18.190001,18.530001,1383200,
EUU,133.929993,134.130005,132.630005,132.949997,0,
EV,40.099998,40.220001,39.310001,39.32,447700,
EVC,5.98,6.15,5.94,6.1,1519800,
EVEP,33.560001,34.869999,33.560001,34.139999,504700,
EVER,16.790001,17,16.360001,16.370001,698400,
EVR,41.16,41.27,40.32,40.330002,310900,
EVTC,22.1,22.440001,22.09,22.4,813400,
EW,70.269997,70.559998,68.809998,68.82,1815000,
EWA,24.25,24.35,23.549999,23.57,3927400,
EWBC,26.450001,26.559999,26.25,26.42,915200,
EWC,27.75,27.77,27.26,27.32,3875600,
EWD,33.27,33.349998,32.580002,32.66,353800,
EWG,26.74,26.84,26.219999,26.24,5096600,
EWH,19.35,19.4,19.07,19.09,3946900,
EWI,13.03,13.04,12.69,12.71,987300,
EWJ,11.39,11.45,11.19,11.2,10999000,
EWL,30.290001,30.450001,29.92,29.93,773300,
EWM,15.94,15.94,15.48,15.55,388400,
EWP,30.459999,30.48,29.76,29.809999,507500,
EWQ,25.370001,25.450001,24.879999,24.91,1980500,
EWS,13.35,13.39,13.09,13.12,1356200,
EWT,13.41,13.44,13.21,13.25,3256100,
EWU,18.84,18.870001,18.5,18.52,652600,
EWV,19.809999,20.530001,19.57,20.530001,69100,
EWW,64.169998,64.489998,61.610001,61.630001,5167400,
EWX,46.259998,46.299999,45.27,45.330002,45600,
EWY,54.610001,54.619999,53.349998,53.389999,2590100,
EWZ,46.959999,47.279999,45.220001,45.389999,23545100,
EXA,10.29,10.73,10.13,10.18,22000,
EXAM,20.549999,20.65,20.34,20.360001,96800,
EXAR,11.57,11.57,11.19,11.22,73900,
EXAS,12.87,13.16,12.6,12.9,1317100,
EXC,31.07,31.26,30.67,30.68,7551900,
EXEL,4.8,4.84,4.71,4.72,1047200,
EXH,29.84,29.940001,29.219999,29.34,399900,
EXK,3.87,3.93,3.73,3.74,742100,
EXL,13.6,13.6,13.22,13.28,78300,
EXLP,29.799999,30.459999,29,29.049999,147200,
EXLS,30.629999,31.07,30.52,30.719999,133900,
EXMCF,0.06,0.06,0.05,0.06,730900,
EXP,73,73.449997,71.550003,71.580002,648100,
EXPD,39.07,39.369999,38.459999,38.48,790500,
EXPE,61,61.080002,59.810001,60.490002,2607600,
EXPO,58.310001,58.619999,57.41,57.779999,55000,
EXPR,21.389999,21.389999,20.9,20.91,826000,
EXR,43.77,43.849998,42,42.09,1120300,
EXTR,3.56,3.58,3.52,3.53,233100,
EXXI,26.24,26.59,25.809999,25.82,1059500,
EZA,58.549999,58.990002,56.459999,56.529999,518600,
EZCH,28.120001,28.120001,27.65,27.82,155000,
EZJ,80.25,81,77.410004,77.519997,58600,
EZPW,19.25,19.309999,19,19.110001,104100,
EZU,35.419998,35.48,34.689999,34.75,729600,
F,15.6,15.62,15.31,15.32,35997500,
FAF,22.629999,22.719999,21.99,22.01,1363100,
FALC,1.55,1.57,1.48,1.5,95000,
FARO,34.369999,35.439999,34.09,34.18,171500,
FAS,67.190002,67.519997,64.360001,64.400002,61966400,
FAST,46.880001,47.459999,46.32,46.32,1616200,
FAZ,32.369999,33.709999,32.200001,33.639999,2352600,
FB,24.200001,25.190001,24.1,24.309999,31790600,
FBC,13.9,13.9,13.63,13.63,156100,
FBHS,41.740002,42.200001,41.310001,41.400002,1100800,
FBN,4.73,4.83,4.6,4.65,100928,
FBP,6.82,6.86,6.69,6.7,143500,
FBR,10.82,10.92,10.54,10.73,2068900,
FBRC,24.35,24.889999,24.01,24.540001,32800,
FBT,57.310001,57.669998,56.66,56.66,68000,
FCE.A,18.52,18.66,18.23,18.25,808100,
FCEL,1.299999,1.369999,1.289999,1.359999,144600,
FCFS,57.98,58.380001,57.900002,57.990002,139300,
FCG,16.99,17.060001,16.74,16.780001,123700,
FCH,6.01,6.16,5.96,6,769500,
FCN,36.290001,36.290001,35.23,35.279999,322900,
FCS,13.69,13.82,13.6,13.68,2106500,
FCSC,6.25,7,6.25,6.95,245400,
FCX,29.389999,29.969999,29.190001,29.190001,14907300,
FDEF,23.040001,23.370001,22.51,23.059999,22400,
FDN,46.330002,46.619999,46.110001,46.139999,192000,
FDO,64.18,64.389999,63.18,63.200001,774000,
FDP,28.15,28.15,27.52,27.52,152500,
FDS,99.150002,100.529999,97.830002,99.540001,1027600,
FDUS,18.82,18.889999,18.389999,18.389999,32000,
FDX,100.959999,103.470001,99.260002,100.540001,4496600,
FE,38.25,38.400002,37.220001,37.220001,2861600,
FEIC,75.139999,75.730003,74.440002,75.230003,245600,
FET,31.59,32.52,31.59,31.73,649800,
FEZ,36.080002,36.150002,35.27,35.330002,942200,
FF,14.73,14.9,14.6,14.65,217000,
FFBC,14.65,14.69,14.51,14.62,295000,
FFCH,20.3,20.8,20.21,20.52,17600,
FFG,43.099998,43.330002,43.009998,43.040001,29000,
FFIC,16,16.02,15.77,15.81,59900,
FFIN,55.110001,55.380001,54.32,54.59,94400,
FFIV,76.330002,76.620003,74.400002,74.449997,970000,
FFNW,10.27,10.32,10.2,10.25,10100,
FGP,21.99,22.040001,21.709999,21.75,151100,
FHCO,10.15,10.21,9.9,9.94,138400,
FHN,11,11,10.75,10.78,4596400,
FICO,47.400002,47.400002,46.529999,46.57,203600,
FIG,7.26,7.26,7.12,7.17,662400,
FII,28.1,28.530001,27.860001,27.860001,563600,
FINL,21.469999,21.540001,20.93,21.030001,760000,
FIO,13.35,13.51,13.14,13.15,2896200,
FIRE,55.32,55.59,54.79,54.9,203600,
FIS,44.380001,44.52,43.759998,43.77,919900,
FISV,88.660004,89.339996,88.050003,88.160004,1243800,
FITB,18.360001,18.469999,18.09,18.1,10728200,
FIVE,39.900002,40.360001,39.389999,39.48,317500,
FIW,28.51,28.51,28.059999,28.059999,24300,
FIX,14.9,15.03,14.59,14.67,94200,
FIZZ,17.41,17.629999,17.129999,17.219999,15400,
FL,35.450001,36.029999,35.369999,35.5,2819300,
FLDM,16.48,16.870001,16.34,16.43,34100,
FLEX,7.58,7.68,7.52,7.57,4515000,
FLIR,26.59,26.6,26.200001,26.25,1479000,
FLML,6.25,6.25,6.1,6.14,5400,
FLO,34.439999,34.93,34.239999,34.250001,1530600,
FLOW,3.6,3.61,3.54,3.54,158500,
FLR,63.139999,63.5,62.209999,62.23,1296500,
FLS,166.099995,166.689995,164.009995,164.019997,584700,
FLT,89.18,89.529999,87.839996,88.150002,604500,
FLTX,32.07,32.759998,31.91,32.580002,129200,
FLWS,5.99,6.11,5.99,6.06,101000,
FLY,16.58,16.66,16.450001,16.49,108400,
FMBI,12.73,12.9,12.61,12.72,562800,
FMC,64.779999,64.959999,64.019997,64.120003,615300,
FMER,19.51,19.610001,19.35,19.41,1236900,
FMS,35.540001,35.599998,34.970001,34.98,125200,
FMX,100.25,101.730003,96.5,97.559998,906500,
FN,14.77,15.01,14.56,14.61,151900,
FNB,11.25,11.27,11.08,11.23,732900,
FNF,24.129999,24.219996,23.239996,23.26,5085200,
FNFG,10.02,10.06,9.8,9.86,5586200,
FNGN,46.77,47.619999,46.740002,46.880001,349000,
FNI,21.59,21.700001,21.43,21.43,21800,
FNP,22.61,22.64,22.13,22.19,948700,
FNSR,14.34,14.87,14.2,14.52,4670800,
FNV,37.299999,37.689999,35.799999,35.939999,459300,
FOE,7.19,7.25,7.13,7.17,323900,
FOLD,2.49,2.54,2.43,2.46,493800,
FOR,22.08,22.120001,21.18,21.18,170500,
FORM,6.98,6.99,6.77,6.79,358000,
FORR,36.169998,36.43,36.16,36.18,61700,
FOSL,107.290001,108.489998,106.889999,106.900002,552500,
FPO,13.64,13.7,13.21,13.28,248600,
FR,16.33,16.42,15.79,15.8,319100,
FRAK,26.26,26.469999,25.860001,25.860001,13800,
FRAN,25.360001,25.74,24.940001,24.950001,1468500,
FRC,38.490002,38.68,38.09,38.09,778600,
FRED,16.27,16.27,15.93,15.97,89600,
FRGI,37.810001,38.84,37.23,37.419998,145700,
FRM,7.39,7.39,7.25,7.25,27500,
FRME,17.280001,17.35,17.049999,17.26,85800,
FRO,2.3,2.31,2.03,2.07,215600,
FRP,8.5,8.58,8.14,8.14,43200,
FRT,103.779999,104.589996,100.110001,100.769997,354600,
FRX,41.36,43.85,41.34,41.84,5978700,
FSA,11.1,11.1,11.1,11.1,100,
FSC,10.39,10.4,10.15,10.19,1085500,
FSG,1.6,1.6,1.6,1.6,1400,
FSL,15.18,15.3,14.84,14.88,894100,
FSLR,46.150002,46.150002,44,44.540001,5753000,
FSM,3.43,3.48,3.3,3.3,138800,
FSP,13.55,13.57,12.98,13.07,399000,
FSS,9.01,9.07,8.73,8.74,156300,
FST,4.29,4.37,4.2101,4.28,2372236,
FSTR,44,44.349998,42.900002,43.029999,20300,
FSYS,16.85,16.93,16.440001,16.48,113700,
FTE,0.015,0.015,0.015,0.015,0,
FTEK,3.81,3.81,3.74,3.74,14100,
FTI,58,58.119999,56.790001,56.880001,1069700,
FTK,18.01,18.120001,17.690001,17.77,251000,
FTNT,18,18.09,17.74,17.75,2377200,
FTR,4.04,4.09,4.01,4.01,5338000,
FU,3.52,3.55,3.45,3.5,35700,
FUBC,6.66,6.68,6.55,6.58,20200,
FUL,41.57,41.93,40.75,40.810001,283400,
FULT,11.4,11.44,11.27,11.33,700800,
FUN,41.220001,41.27,40.529999,40.889999,115600,
FUR,12.45,12.51,12.16,12.19,88800,
FURX,36.36,36.88,35.53,35.63,49200,
FVE,5.38,5.38,5.24,5.3,290900,
FWLT,24.75,24.89,24.38,24.5,843600,
FWM,23.889999,25.73,23.75,25.24,300500,
FWRD,38.91,39.43,38.599998,39,49500,
FXA,95.150002,95.610001,93.139999,93.18,599100,
FXB,154.720001,154.720001,152.699997,152.949997,57500,
FXC,97.529999,97.75,96.699997,96.790001,101200,
FXCM,15.580001,15.72,15.230001,15.360001,34400,
FXD,27.66,27.719999,27.370001,27.4,95900,
FXE,132.699997,132.889999,131.389999,131.570007,844700,
FXEN,4.21,4.22,4.02,4.06,291800,
FXF,106.639999,106.900002,105.419998,105.599998,27500,
FXI,34.169998,34.41,33.529999,33.610001,30935300,
FXO,19.01,19.01,18.73,18.73,165400,
FXP,22.84,23.709999,22.51,23.58,42400,
FXS,155.619995,155.880005,154.289993,154.440002,3000,
FXY,103.010002,103.080002,100.900002,101.400002,907200,
FXZ,27.700001,27.76,27.43,27.43,59600,
G,19.690001,19.76,19.4,19.42,725400,
GA,7.77,7.79,7.63,7.68,1048828,
GAGA,3.71,3.71,3.69,3.7,1100,
GAIA,4.49,4.51,4.45,4.5,20700,
GAIN,7.41,7.42,7.36,7.37,52200,
GALE,2.1,2.1,2,2.08,1384500,
GAME,4.08,4.15,3.96,4.03,437100,
GAS,43.720001,43.900002,42.73,42.77,383700,
GASL,23.370001,23.790001,22.480001,22.490001,100,
GASS,10.73,10.99,10.5,10.67,163200,
GASX,11.18,11.68,11.05,11.64,27200,
GAZ,2.71,2.77,2.7,2.72,20300,
GB,34.310001,34.34,33.43,33.470001,62400,
GBCI,20.85,20.91,20.65,20.76,188900,
GBDC,17.91,18.02,17.700001,17.700001,241500,
GBP,156.380005,156.770004,154.520004,154.860001,0,
GBX,24.68,24.889999,24.459999,24.51,185800,
GCA,6.55,6.55,6.35,6.38,318600,
GCC,26.93,27.16,26.91,27.040001,65900,
GCI,25.07,25.18,23.780001,24.18,7447300,
GCO,69.849998,69.989998,69.07,69.459999,126000,
GCOM,13.08,13.27,13.07,13.14,48000,
GD,78.940002,78.959999,77.480003,77.5,1735200,
GDI,0.19,0.19,0.19,0.19,0,
GDOT,18.99,19.23,18.290001,18.85,196700,
GDP,12.64,12.69,12.2,12.27,322000,
GDRZF,2.9,2.91,2.85,2.9,68000,
GDX,27.49,27.700001,26.42,26.51,21733700,
GDXJ,10.72,10.88,10.27,10.33,731600,
GE,24.200001,24.35,23.98,23.98,46082200,
GEF,53.900002,53.91,52.02,52.07,108400,
GEL,52.459999,53.740002,52.41,52.73,380400,
GENE,2.61,2.61,2.55,2.55,3700,
GEO,35.07,35.5,34.880001,34.959999,690700,
GEOS,74.919998,75.559998,72.529999,72.699997,189700,
GERN,1.13,1.23,1.12,1.19,1705000,
GES,32,32.290001,31.82,31.870001,600300,
GEVA,41.43,42.419998,41.240002,41.380001,66400,
GEVO,2.169998,2.309998,2.119998,2.269998,20400,
GEX,15.559845,15.589845,15.259847,15.289847,16200,
GFA,2.81,2.87,2.56,2.59,2165900,
GFF,11.46,11.48,11.11,11.12,156700,
GFI,5.87,5.9,5.65,5.67,5184100,
GFIG,4.16,4.22,4.14,4.15,88100,
GG,27.139999,27.26,26.120001,26.200001,6637700,
GGB,5.96,6.05,5.7,5.73,8787900,
GGG,64.370003,64.580002,63.740002,63.869999,112200,
GGP,21.08,21.16,20.42,20.559999,4377000,
GGS,0.01,0.01,0.01,0.01,0,
GHDX,33.950001,33.950001,33.200001,33.549999,167200,
GHL,50.52,50.799999,49.439999,49.439999,308200,
GHM,27.5,27.6,27.049999,27.049999,35400,
GIFI,21,21.389999,20.280001,21.17,31800,
GIGM,1,1,0.99,0.99,300,
GIII,48.91,49.59,48.310001,48.57,358000,
GIL,41.16,41.869999,41.16,41.18,371000,
GILD,51.82,52.049999,50.57,50.599998,6406800,
GILT,5.57,5.58,5.42,5.43,25900,
GIS,49.700001,50.02,49.110001,49.18,3676400,
GIVN,13.77,13.8,13.59,13.65,36000,
GK,49.639999,49.73,48.77,48.880001,31100,
GLAD,8.35,8.35,8.26,8.28,60700,
GLD,132.580002,133.149994,130.380005,130.589996,13017800,
GLDD,8.62,8.66,8.29,8.32,310100,
GLF,46.639999,46.639999,45.310001,45.400002,182800,
GLL,87.68,90.459999,86.800003,90.150002,251500,
GLNG,32.810001,33.099998,32.43,33.009998,905700,
GLOG,13.07,13.23,12.96,12.97,108600,
GLP,38.580002,39,38.259998,38.490002,24600,
GLPW,15.94,15.95,15.65,15.75,18700,
GLRE,25.389999,25.42,25.139999,25.15,163800,
GLT,26.17,26.219999,25.450001,25.700001,95100,
GLUU,2.37,2.41,2.35,2.36,562900,
GLW,15.2,15.25,14.88,14.93,13436800,
GM,34.02,34.25,33.650002,33.66,8428700,
GMAN,13.51,13.55,13.32,13.4,22200,
GMCR,79.480003,82.949997,79.150002,81.779999,4308900,
GME,38.279999,39.049999,38.110001,38.529999,1740000,
GMED,15.67,16,15.51,15.62,427200,
GMLP,34.23,34.470001,33.439999,33.869999,127800,
GMO,2.02,2.05,1.9,1.92,174900,
GMT,47.939999,48.09,47.34,47.34,157300,
GNC,47.900002,48.119999,47.419998,47.48,1178700,
GNCMA,8.2,8.24,8.09,8.12,169000,
GNE,9.76,9.84,9.63,9.63,38000,
GNK,1.53,1.68,1.52,1.59,475400,
GNMK,9.39,10.06,9.25,9.79,661800,
GNRC,35.349998,35.349998,34.349998,34.470001,786400,
GNTX,23.450001,23.5,23.09,23.110001,661600,
GNW,11.36,11.48,11.23,11.27,9195000,
GOL,3.87,3.91,3.62,3.66,295500,
GOLD,72.07,73.059998,70,70.230003,831400,
GOOGL,901.370017,910.84003,897.49999,900.680034,5825900,
GORO,10.05,10.2,9.85,9.92,452800,
GOV,24.77,24.889999,23.9,24,467100,
GPC,79.639999,79.779999,78.510002,78.510002,351900,
GPI,65.050003,65.879997,64.790001,65.449997,310200,
GPK,7.92,8.01,7.9,7.93,2145000,
GPL,0.78,0.8,0.77,0.78,292500,
GPN,48.68,48.75,47.93,47.970001,1234200,
GPOR,51.57,53.279999,50.849998,52.75,1491700,
GPRE,14.47,14.59,13.96,13.98,422100,
GPS,42.130001,42.450001,41.709999,41.740002,2679200,
GPT,9.79999,9.82999,9.40999,9.56999,456700,
GPX,24.24,24.299999,23.879999,23.9,21400,
GRA,83.110001,83.669998,82.75,82.949997,567000,
GRC,29.330001,29.330001,28.78,28.81,20000,
GREK,16.299999,17.17,16.299999,16.5,38700,
GRFS,26.530001,26.85,26.299999,26.530001,1247400,
GRMN,35.82,36,34.869999,34.959999,1006800,
GROW,2.5,2.55,2.48,2.49,33800,
GRPN,7.65,7.84,7.61,7.73,12571800,
GRT,26.25,26.25,25.18,25.5,5005000,
GRU,6.87,7.05,6.87,7.05,4000,
GS,164.160004,164.929993,161.509995,161.559998,3557100,
GSG,32,32.209999,31.969999,32.02,105300,
GSH,21.879999,21.940001,21.48,21.48,20700,
GSI,0.98,1.01,0.98,0.99,11800,
GSK,52.330002,52.490002,51.459999,51.48,1913100,
GSM,11.3,11.43,11.04,11.09,332900,
GSS,0.52,0.52,0.5,0.5,1479100,
GST,2.75,2.89,2.75,2.84,572000,
GSVC,8.23,8.3,8.11,8.18,94000,
GT,15.02,15.49,14.98,15.29,5686000,
GTAT,3.95,4.09,3.91,3.99,2556900,
GTE,6.28,6.28,6.07,6.11,707400,
GTI,8.31,8.35,8.04,8.07,1115100,
GTIV,11.68,11.68,11.23,11.29,105000,
GTLS,97.669998,97.860001,95.139999,95.18,239600,
GTN,7.22,7.42,6.95,7.21,1000700,
GTXI,7.15,7.22,6.83,6.84,457700,
GTY,21.120001,21.209999,20.57,20.75,57600,
GUID,8.96,9.02,8.88,8.89,73400,
GUR,39.310001,39.380001,38.23,38.23,12600,
GURE,1.19,1.2,1.18,1.18,32500,
GV,2.35,2.36,2.26,2.28,140600,
GVA,30.65,30.73,29.85,29.860001,77000,
GVZ,22.7,22.7,21.62,22.53,0,
GWAY,11.71,11.87,11.32,11.44,103000,
GWL,26.75,26.780001,26.280001,26.309999,36200,
GWR,90.900002,91.300003,88.230003,88.279999,533100,
GWRE,42.93,43.080002,41.889999,41.970001,452000,
GWW,255.660004,256.190002,251.660004,251.699997,180300,
GXC,66.769997,67.190002,65.690002,65.800003,188600,
GXG,18.950001,18.969999,18.76,18.85,76600,
GXP,23.110001,23.17,22.58,22.610001,620600,
GY,16.6,16.85,16.51,16.6,2189200,
GZT,13.43,13.43,13.13,13.22,10100,
H,40.709999,40.82,40.240002,40.349998,195000,
HA,6.19,6.25,6.05,6.11,550500,
HAE,42.709999,42.84,42.209999,42.349998,207600,
HAFC,16.27,16.459999,16.18,16.450001,231900,
HAIN,68.199997,68.639999,67.110001,67.120003,824800,
HAL,43.990002,44.349998,43.049999,43.049999,9389500,
HALO,6.41,6.55,6.31,6.32,969700,
HAO,23.299999,23.35,22.9,22.92,170500,
HAR,52.830002,52.970001,51.950001,51.98,404200,
HAS,44.580002,45.330002,44.580002,44.880001,1212600,
HASI,11.47,11.66,11.46,11.64,160900,
HAWK,25.35,25.83,25.209999,25.370001,120600,
HAYN,48.43,48.43,47.400002,47.75,23100,
HBAN,7.62,7.62,7.47,7.47,10601200,
HBC,54.09,54.36,53.24,53.28,1552480,
HBHC,28.74,28.959999,28.459999,28.57,447400,
HBI,52.400002,52.880001,52.110001,52.450001,1660400,
HBIO,5.050003,5.060001,4.920002,4.920002,36000,
HBM,7.52,7.56,7.3,7.39,26300,
HCA,38.830002,39.099998,37.900002,38.75,6374200,
HCBK,8.59,8.59,8.47,8.48,2496500,
HCC,43.240002,43.299999,42.77,42.799999,293400,
HCI,33.200001,33.25,32.360001,32.650002,136100,
HCLP,23.049999,23.17,22.540001,23.059999,86500,
HCN,68.139999,68.290001,65.309998,65.400002,2490500,
HCP,45.850001,46.100002,44.110002,44.160001,3081600,
HCSG,23.5,23.75,23.32,23.33,243600,
HD,77.07,77.269997,75.919998,75.93,8027600,
HDB,36.73,37.099998,36.43,36.48,797700,
HDGE,15.89,16.1,15.89,16.1,170600,
HDV,68.790001,68.800003,67.589996,67.589996,324200,
HDY,0.45,0.47,0.43,0.45,117400,
HE,25.01,25.01,24.370001,24.389999,752900,
HEDJ,50.439999,50.470001,49.830002,49.830002,29500,
HEES,22.6,22.940001,22.51,22.52,180400,
HEI,52.490001,52.63,51.690001,51.880002,164300,
HELE,41.34,41.34,39.599998,39.650002,98600,
HEP,38.400002,38.75,37.610001,37.779999,88500,
HERO,6.95,7.02,6.82,6.89,1561900,
HES,67.330002,68.080002,66.25,66.379997,2678600,
HF,18.170003,18.170003,17.639998,17.750001,94000,
HFC,44.43,45.169998,44.200001,44.220001,3136800,
HGG,17.07,17.24,16.940001,17,75800,
HGT,9.23,9.78,9.14,9.45,501600,
HGX,193.13,193.43,190.25,190.41,0,
HHC,109.220001,109.629997,107.82,108.150002,209100,
HHS,8.76,8.81,8.49,8.5,372800,
HI,23.57,23.99,23.52,23.629999,300700,
HIBB,57.459999,57.639999,56.959999,57.009998,181900,
HIG,30.129999,30.280001,29.57,29.690001,6482200,
HII,57.639999,57.639999,56.57,56.650002,109800,
HIMX,5.61,5.62,5.52,5.55,3187100,
HITK,33.81,34.16,33.38,33.86,69400,
HITT,53.6,53.84,53.3,53.58,244500,
HIW,35.720001,35.790001,34.130001,34.27,1042200,
HK,5.8,5.98,5.74,5.92,28100,
HKTV,6.19,6.31,6.14,6.27,12500,
HL,3.28,3.31,3.12,3.17,7709200,
HLF,49.5,50,46.669998,47.950001,2276100,
HLIT,6.34,6.34,6.22,6.25,583800,
HLS,29.74,29.879999,29.07,29.18,509200,
HLSS,24.43,24.84,24.1,24.290001,596000,
HLX,24.379999,24.549999,23.82,23.879999,729600,
HMA,16.23,16.29,15.01,15.53,12981000,
HMC,37.490002,37.490002,36.82,36.830002,412800,
HME,62.68,62.68,61.189999,61.240002,633400,
HMIN,29.67,29.959999,29.07,29.120001,105600,
HMN,25.35,25.450001,24.92,24.93,66800,
HMST,20.549999,20.76,20.469999,20.530001,180200,
HMSY,22.98,23,22.5,22.549999,797100,
HMY,3.78,3.78,3.58,3.6,2611900,
HNI,37.360001,37.48,36.560001,36.560001,58600,
HNP,37.07,37.209999,36.419998,36.450001,99600,
HNR,3.11,3.34,3.1,3.3,271000,
HNSN,1.65,1.67,1.6,1.6,25700,
HNT,31.77,31.889999,31.24,31.290001,281800,
HOFT,16,16.549999,15.99,16.1,21000,
HOG,54.209999,54.639999,53.57,53.57,903000,
HOGS,13.38,13.39,13.33,13.34,313900,
HOLI,12.28,12.47,12.14,12.42,296100,
HOLX,20.950001,21.1,20.41,20.43,3066300,
HOMB,21.059999,21.360001,20.91,21.280001,183800,
HON,80.830002,80.93,79.68,79.68,3056900,
HOS,55.18,56.130001,54.91,55.009998,354900,
HOT,66.699997,67.160004,65.720001,65.800003,1173500,
HOV,6.41,6.46,6.19,6.22,5743800,
HP,64.089996,64.620003,63.27,63.27,780200,
HPP,21.629999,21.629999,20.85,20.879999,58200,
HPQ,25.409999,25.869998,25.3,25.43,38156600,
HPT,26.879999,26.959999,25.77,25.809999,1314500,
HPY,36.779999,36.779999,35.029999,35.169998,213600,
HR,25.690001,25.799999,24.610001,24.719999,394900,
HRB,29.219999,29.559999,29.09,29.09,1776600,
HRC,35.27,35.470001,34.669998,34.75,164700,
HRG,8.27,8.3,7.97,8.05,362600,
HRL,39.23,39.759998,38.849998,38.869999,2923800,
HRS,50.23,50.700001,49.799999,49.849998,869000,
HRZN,13.98,14.17,13.98,14.05,41900,
HSC,23.49,23.68,23.290001,23.360001,446700,
HSH,33.6,34.33,33.38,33.39,1477600,
HSIC,97.900002,98.18,96.510002,96.589996,247500,
HSII,17.43,17.5,16.870001,17.02,65900,
HSNI,56.200001,56.369999,54.98,55.130001,188500,
HSOL,1.81,1.82,1.76,1.79,419200,
HSP,36.619999,36.619999,35.82,35.84,542900,
HST,17.26,17.33,16.620001,16.629999,7605500,
HSTM,26.49,26.75,26.370001,26.440001,45800,
HSY,89.379997,90.050003,88.080002,88.080002,856000,
HT,5.91,5.94,5.7,5.72,345200,
HTA,11.56,11.65,11.27,11.3,754500,
HTCH,6.07,6.12,5.6,5.76,598800,
HTGC,13.55,13.55,13.36,13.39,292600,
HTH,16.450001,16.450001,16.23,16.24,380400,
HTHT,15.96,16.1,15.82,15.93,63100,
HTLD,13.99,14.17,13.97,14,449300,
HTS,26.17,26.280001,25.440001,25.49,1165600,
HTSI,48.18,48.28,47.23,47.23,173100,
HTWR,94.43,94.529999,92.32,92.43,157700,
HTZ,25.32,25.709999,25.129999,25.190001,4886100,
HUB.B,100.1,100.96,99.36,99.52,141900,
HUBG,35.189999,36.049999,35.110001,35.650002,210200,
HUM,83.599998,85.360001,83.379997,84.160004,2217900,
HUN,18.08,18.190001,17.65,17.700001,3316900,
HURN,44.380001,44.900002,44.139999,44.139999,167900,
HUSA,0.3,0.32,0.3,0.31,145200,
HVT,24.48,24.85,24.1,24.280001,96700,
HW,10.23,10.23,9.74,9.9,590600,
HWAY,14.12,15.49,14.05,15.18,392000,
HWCC,14.47,14.5,13.88,14.15,56600,
HXL,35.419998,35.5,34.540001,34.549999,412800,
HXM,3.7,3.78,3.48,3.49,1148300,
HY,71.300003,71.5,69.010002,69.339996,49700,
HYD,31.629999,31.790001,31.01,31.049999,276900,
HYG,92.949997,93.269997,91.620003,91.639999,7971700,
HYLD,51.110001,51.32,50.84,50.84,65700,
HYS,104.199997,104.300003,103.660004,103.760002,115400,
HZNP,2.3,2.38,2.29,2.37,302500,
HZO,12.13,12.23,11.95,11.96,93800,
I,20.950001,21.129999,20.82,21.08,179800,
IACI,49.810001,50.189999,48.959999,49,923900,
IAG,5.09,5.17,4.9,4.92,5002300,
IAI,31.35,31.41,31.040001,31.049999,65400,
IART,37.459999,37.970001,36.59,36.639999,261600,
IAT,28.5,28.620001,28.290001,28.290001,42200,
IAU,13.32,13.37,13.1,13.13,7951700,
IBB,176.669998,177.050003,172.960007,173.020004,479100,
IBCP,6.14,6.37,6.14,6.23,41700,
IBKC,52.360001,53.419998,52.029999,52.619999,430800,
IBKR,16.51,16.709999,16.370001,16.450001,315900,
IBM,204.440002,205.029999,201.929993,201.940002,2846100,
IBN,40.749998,40.879998,39.93,39.97,6028000,
IBOC,21.51,21.59,21.110001,21.34,106100,
ICA,6.75,6.81,6.6,6.6,625000,
ICAD,5.91,5.94,5.67,5.84,12800,
ICE,182.999992,182.999992,178.460007,178.850002,3183000,
ICF,82.510002,82.690002,79.650002,79.790001,641400,
ICGE,11.67,11.68,11.45,11.56,51800,
ICLR,36.419998,36.709999,35.970001,36,275000,
ICN,20.120001,20.32,20.049999,20.1,27700,
ICON,30.48,30.6,30.15,30.219999,371400,
ICUI,74.370003,74.529999,73.75,73.839996,69500,
IDA,48.709999,48.709999,47.439999,47.5,234100,
IDCC,47.060001,47.23,46.099998,46.110001,298600,
IDIX,5.41,5.41,5.25,5.29,610700,
IDSY,5,5,4.81,4.81,4500,
IDT,20.380002,20.969999,20.080006,20.120002,198600,
IDTI,8.49,8.57,8.3,8.35,1115700,
IDU,96.199997,96.389999,94.260002,94.269997,179000,
IDV,34.200001,34.330002,33.490002,33.529999,385600,
IDXX,90.620003,90.949997,89.019997,89.050003,1424400,
IEF,105.089996,107.589996,103.480003,103.589996,1281500,
IEI,122.300003,122.349998,121.230003,121.279999,171700,
IEMG,47.150002,47.290001,46.09,46.099998,722300,
IEO,75.540001,75.879997,74.849998,74.849998,127800,
IEP,72.519997,73.150002,71.849998,72.25,89300,
IEV,41.950001,42.119999,41.279999,41.310001,243600,
IEX,54.110001,55,53.869999,54.02,565900,
IEZ,59.02,59.16,58.220001,58.290001,39100,
IFF,80.050003,80.07,78.940002,78.940002,370300,
IFGL,32.490002,32.630001,31.879999,31.92,209600,
IFN,19.42,19.469999,19.049999,19.049999,149100,
IFT,6.94,7.01,6.9,6.98,32100,
IGE,40.169998,40.389999,39.740002,39.740002,387500,
IGT,17.129999,17.27,16.93,16.959999,2195600,
IGTE,15.6,15.76,15.4,15.7,199700,
IGV,69.43,69.519997,68.860001,68.900002,17200,
IHF,85.169998,85.169998,83.980003,83.980003,46200,
IHS,110.410004,110.779999,107.099998,107.800003,557300,
IIIN,19.299999,19.299999,18.76,19.01,59000,
IIJI,19.98,20.059999,19.620001,19.639999,7100,
IILG,20.93,21.08,20.83,20.940001,70500,
IIVI,16.620001,16.700001,16.43,16.440001,133900,
IJH,118.709999,119,117.230003,117.239998,579500,
IJJ,103.82,103.889999,102.309998,102.309998,78200,
IJK,132.779999,132.960007,131.050003,131.050003,106000,
IJR,92.410004,92.459999,91.230003,91.290001,1244000,
IJS,95.620003,95.669998,94.260002,94.339996,116200,
IJT,99.339996,99.419998,98.260002,98.269997,90000,
IL,6.27,6.38,6.27,6.29,152600,
ILF,38.169998,38.200001,36.880001,36.880001,1258700,
ILMN,71.690002,72.349998,70.269997,70.400002,660300,
IM,19.32,19.370001,18.93,18.98,566500,
IMAX,25.190001,25.73,25.02,25.690001,1106600,
IMGN,16.41,16.57,15.95,15.96,538800,
IMH,11,11.18,10.98,11.15,15400,
IMKTA,23.65,24.440001,23.629999,23.99,29800,
IMMR,14.65,14.77,14.12,14.31,289000,
IMMU,4.32,4.52,4.21,4.43,971100,
IMN,4.34,4.39,4.23,4.26,40500,
IMO,39.5,39.939999,39.419998,39.599998,253300,
IMOS,19.219999,19.25,18.389999,18.52,319100,
IMPV,41.419998,41.970001,41.419998,41.869999,191900,
IMUC,2.21,2.28,2.18,2.19,8600,
IN,9.94,9.94,9.93,9.93,215168,
INAP,8.26,8.26,7.99,8.02,108100,
INCY,21.370001,21.6,20.309999,20.360001,1419200,
INDB,33.040001,33.34,32.689999,33.25,44400,
INDL,14.52,14.52,13.1,13.11,21600,
INFA,36.07,36.650002,35.990002,36.009998,979100,
INFI,19.459999,19.700001,18.35,18.58,1725700,
INFN,11.16,11.34,10.91,11.01,890600,
INFY,41.549999,41.82,40.939999,40.939999,4230800,
ING,9.62,9.63,9.34,9.36,3820300,
INGR,69.779999,69.779999,68.07,68.120003,430600,
ININ,52,52,51.400002,51.580002,49000,
INN,9.65,9.71,9.47,9.49,213100,
INP,53.849998,54.169998,52.490002,52.529999,14600,
INSM,12.8,12.85,11.96,12.23,349200,
INT,39.970001,40.119999,39.48,39.490002,139300,
INTC,25.49,25.68,25,25,28843900,
INTL,17.34,17.4,17.139999,17.280001,68800,
INTU,58.52,59.080002,58.349998,58.439999,2079600,
INTX,8.73,9.02,8.72,8.94,66600,
INVE,0.78,0.79,0.75,0.79,3400,
INVN,14.56,14.8,14.3,14.56,1794800,
INWK,11.48,11.62,11.31,11.46,351300,
INXN,26.9,26.969999,26.34,26.370001,148700,
IO,6.050003,6.130003,6.020003,6.050003,75000,
IOC,74.75,76.830002,74.75,75.110001,438300,
IOO,71.5,71.529999,70.349998,70.349998,76600,
IOSP,42.209999,42.630001,41.849998,41.959999,69300,
IP,45.919998,46.550004,45.770005,45.770005,2839200,
IPAR,32,32.240002,31.4,31.459999,76500,
IPCM,51.799999,52.349998,51.650002,52.200001,84900,
IPG,14.79,14.87,14.58,14.58,3091600,
IPGP,63.18,63.669998,61.66,61.990002,337800,
IPHI,11.42,11.53,11.22,11.24,91700,
IPHS,49,49.490002,48.77,48.790001,73400,
IPI,18.85,18.940001,18.65,18.77,629000,
IPXL,18.799999,18.91,18.379999,18.52,628000,
IQNT,5.2,5.28,5.01,5.12,546600,
IR,57.689993,57.839993,56.570001,56.570001,2265600,
IRBT,37.740002,38.200001,37.18,37.900002,550500,
IRC,10.24,10.24,9.87,9.97,658300,
IRDM,7.25,7.34,7.14,7.16,232500,
IRE,8.79,8.82,8.47,8.51,734400,
IRET,8.61,8.61,8.31,8.34,490500,
IRF,21.83,21.92,21.38,21.39,244900,
IRM,28.839997,29.010001,28.570005,28.590001,1532000,
IRWD,12.39,12.55,12.08,12.14,655200,
ISBC,20.440001,20.58,20.32,20.470001,326000,
ISCA,34.040001,34.150002,32.869999,32.889999,151000,
ISIL,7.66,7.69,7.47,7.48,969900,
ISIS,23.030001,23.030001,22.450001,22.58,578100,
ISLE,7.69,7.7,7.34,7.44,43700,
ISRG,510.5,516.070007,508.51001,510,281000,
ISS,5.29,5.35,5.26,5.29,351831,
ISSC,7.03,7.03,6.61,6.61,21800,
ISSI,11.22,11.27,11.11,11.15,103900,
IT,58.689999,58.740002,57.799999,57.82,180200,
ITB,24.299999,24.469999,23.690001,23.700001,9213000,
ITC,88.439999,88.960001,87.129999,87.499998,1024500,
ITG,14.46,14.49,14.31,14.35,162700,
ITMN,9.81,10.06,9.73,9.99,840700,
ITOT,75.68,75.68,74.599998,74.599998,128000,
ITRI,43.400002,43.740002,43.240002,43.490002,301900,
ITT,30.040001,30.07,29.57,29.57,281900,
ITUB,13.510002,13.539999,12.919996,13.060004,15998500,
ITW,71.220001,71.370003,70.419998,70.419998,1335400,
IVAC,5.39,5.44,5.14,5.14,93000,
IVAN,1.06,1.09,1.04,1.05,45200,
IVC,15.17,15.28,14.83,14.87,140600,
IVE,78.169998,78.349998,77.160004,77.18,1020400,
IVR,18.68,18.75,18,18.110001,3187300,
IVV,166.429993,166.910004,164.210007,164.389999,4702700,
IVW,86.940002,87.089996,85.800003,85.800003,594000,
IVZ,34.580002,34.630001,34.009998,34.009998,3523500,
IWB,92,92.089996,90.739998,90.739998,582600,
IWC,62.650002,62.73,62.060001,62.16,781500,
IWD,85.779999,85.93,84.620003,84.629997,1384200,
IWF,75.07,75.120003,74.019997,74.019997,2314200,
IWM,99.510002,99.699997,98.160004,98.290001,43193500,
IWN,87.68,87.830002,86.43,86.449997,853200,
IWO,114.639999,114.779999,113.120003,113.160004,442600,
IWP,73.480003,73.669998,72.599998,72.599998,157000,
IWR,133.139999,133.139999,131.130005,131.190002,168100,
IWS,59.23,59.310001,58.369999,58.380001,427200,
IWV,98.489998,98.519997,97.169998,97.18,224500,
IXC,40.450001,40.509998,39.82,39.830002,118200,
IXYS,11.31,11.4,11.21,11.25,26100,
IYE,46.349998,46.509998,45.869999,45.869999,331400,
IYF,72.870003,72.959999,71.870003,71.889999,187500,
IYG,72.75,72.980003,72.099998,72.120003,144500,
IYH,103.040001,103.089996,101.379997,101.389999,63100,
IYJ,86,86,84.739998,84.739998,90200,
IYM,71.32,71.580002,70.779999,70.790001,56100,
IYR,68.470001,68.669998,66.129997,66.260002,34471300,
IYT,113.839996,113.839996,112.18,112.18,244100,
IYW,76.980003,77.080002,76.160004,76.290001,188000,
IYZ,26.200001,26.26,25.719999,25.73,1075600,
JACK,38.950001,39.439999,38.66,38.799999,411800,
JAGGF,0.41,0.41,0.41,0.41,0,
JAH,44.599995,45.27,44.290006,44.569994,1668200,
JAKK,9.91,9.92,9.76,9.89,38800,
JASO,6.84,6.95,6.58,6.66,1241700,
JAZZ,69.75,70.449997,67.699997,68.279999,825600,
JBHT,72.870003,73.370003,72.459999,72.519997,336200,
JBL,19.99,20.17,19.74,19.82,2746500,
JBLU,6.38,6.39,6.2,6.21,2227500,
JBT,22.110001,22.219999,21.76,21.799999,82600,
JCI,33.779999,33.82,33.369999,33.389999,4468700,
JCOM,42.290001,42.549999,41.610001,41.639999,235800,
JCP,17.549999,17.67,17.08,17.110001,5292600,
JDSU,14.4,14.52,14.26,14.27,2792100,
JE,6.5,6.64,6.38,6.38,552500,
JEC,57.68,57.82,56.709999,56.709999,699100,
JIVE,17.309999,17.5,17.190001,17.280001,453400,
JJC,38.549999,38.869999,38.48,38.700001,49600,
JJG,51.400002,52.900002,51.400002,52.669998,35300,
JKHY,48.119999,48.119999,47.540001,47.57,270600,
JKS,8.99,8.99,8.44,8.55,505800,
JLL,91.089996,91.519997,89.580002,90.559998,510000,
JMBA,16.309999,16.35,15.98,16.09,200600,
JNJ,86.43,86.5,84.800003,84.860001,8288400,
JNK,40.389999,40.549999,39.82,39.91,16345700,
JNPR,19.110001,19.290001,18.91,19.129999,6259100,
JNS,8.7,8.73,8.44,8.45,2843000,
JNY,14.68,14.87,14.68,14.77,727700,
JO,25.92,26.209999,25.9,25.940001,40600,
JOBS,63.34,63.98,62.799999,63.080002,55000,
JOE,21.08,21.280001,20.66,20.940001,383300,
JOSB,39.4,40.05,39.32,39.32,314100,
JOY,53.25,54.119999,52.950001,52.959999,2040800,
JPM,53.990002,54.509998,53.52,53.549999,20840000,
JRCC,2.28,2.31,2.11,2.25,828000,
JRN,7.14,7.43,7.06,7.33,548700,
JST,4.99,5.19,4.99,5.17,48500,
JW.A,39.610001,41.049999,39.610001,39.950001,437900,
JWN,59.630001,59.799999,58.869999,58.900002,853700,
JXI,44.279999,44.279999,43.25,43.25,28400,
K,64.839996,65.010002,63.810001,63.869999,1623600,
KAI,31.709999,31.709999,31.450001,31.459999,19500,
KALU,63.669998,64.139999,63.040001,63.34,104100,
KAMN,34.189999,34.619999,34.169998,34.200001,66500,
KAR,23.290001,23.49,22.98,23.129999,439500,
KB,31.35,31.41,30.629999,30.65,98700,
KBALB,10.7,10.7,10.44,10.46,28900,
KBE,28.290001,28.360001,28.01,28.059999,1564800,
KBH,21.940001,22.110001,21.15,21.17,4541400,
KBR,34.549999,34.759998,33.529999,33.740002,2178200,
KBWB,31.440001,31.6,31.23,31.25,33800,
KCAP,10.76,10.89,10.6,10.63,239200,
KCE,42.009998,42.009998,41.330002,41.349998,29700,
KCG,3.66,3.68,3.65,3.68,396700,
KDN,27.34,27.53,27.21,27.26,117200,
KEG,6.15,6.2,6,6.01,9200,
KELYA,17.969999,17.969999,17.450001,17.76,135300,
KEM,4.35,4.35,4.2,4.22,107800,
KEP,11.83,11.86,11.56,11.57,484600,
KERX,8.04,8.5,8.02,8.24,9269800,
KEX,81.900002,81.900002,80.599998,80.68,156500,
KEY,10.48,10.52,10.38,10.41,10232800,
KEYN,13.83,14.22,13.7,13.92,131100,
KEYW,14.07,14.14,13.85,14.01,127000,
KFN,10.88,10.95,10.61,10.69,692000,
KFRC,15.27,15.29,15.1,15.15,132800,
KFY,17.940001,18.129999,17.67,17.77,271700,
KGC,5.77,5.82,5.5,5.51,10930300,
KIE,54.779999,54.830002,53.919998,53.950001,260500,
KIM,22.309999,22.360001,21.52,21.58,4437500,
KIOR,4.17,4.25,4.12,4.25,139600,
KIRK,18.299999,18.6,17.379999,17.709999,134700,
KKD,17.91,18,17.42,17.629999,785000,
KKR,19.51,19.68,19.389999,19.450001,1239200,
KLAC,56.02,56.880001,55.720001,56.209999,1692000,
KLIC,11.54,11.65,11.42,11.5,343500,
KMB,98.989994,99.399994,96.46,96.499994,2431000,
KMI,38.549999,38.900002,38.049999,38.060001,3273000,
KMP,84.2,84.45,83.51,83.62,1024100,
KMR,79.96,80.52,79.32,79.4,751700,
KMT,40.880001,41.09,40.419998,40.419998,364100,
KMX,48.220001,48.41,47.439999,47.470001,1211200,
KND,13.3,13.47,12.97,13.02,523800,
KNDI,6.9,7.68,6.72,7.11,3391500,
KNL,14.51,14.52,14.06,14.07,132500,
KNOP,22.75,23.25,22.33,22.540001,44700,
KNX,17.059999,17.15,16.950001,16.950001,550700,
KO,41.009998,41.439999,40.41,40.41,16936100,
KOF,141.389999,143.539993,137.75,137.839996,76400,
KOG,9.12,9.2,9.01,9.04,3915000,
KOL,18.91,19,18.51,18.51,134300,
KOLD,71.68,72.209999,71.239998,71.989998,32400,
KONG,6.45,6.5,6.42,6.44,26900,
KOP,41.509998,41.650002,40.849998,40.889999,111600,
KOPN,3.71,3.74,3.61,3.61,144000,
KORS,61.880001,62.450001,61.23,61.700001,2453700,
KOS,10.77,10.85,10.55,10.62,513100,
KR,35.450001,35.639999,35.099998,35.130001,6896400,
KRA,19.610001,20.02,19.6,20,197000,
KRC,53.400002,53.48,51.549999,51.919998,466500,
KRE,32.849998,32.959999,32.59,32.669998,2148900,
KRFT,56.650002,56.740002,55.299999,55.330002,3301200,
KRG,6.01,6.05,5.8,5.86,81800,
KRO,16.07,16.35,16.02,16.049999,97000,
KS,39.450001,39.48,38.959999,39.07,952600,
KSS,52.400002,52.700001,51.73,51.790001,2299400,
KSU,112.089996,112.339996,110.410004,110.43,469400,
KT,16.370001,16.48,16.17,16.18,236200,
KTCC,11.26,11.44,11.08,11.08,20700,
KTOS,6.61,6.68,6.5,6.56,358100,
KUB,79.16,79.46,77.6,77.64,70000,
KVHI,13.03,13.25,13,13.03,28100,
KW,17.76,17.799999,17.389999,17.41,129300,
KWK,1.95,2.04,1.82,1.82,6671600,
KWR,64.660004,64.75,63.740002,63.919998,75600,
L,45.18,45.330002,44.650002,44.650002,659100,
LABL,30.27,30.35,29.790001,30.01,67300,
LAD,56.189999,56.360001,55.299999,55.330002,194800,
LAMR,43.799999,44.029999,43.439999,43.48,875900,
LANC,81.57,81.809998,79.099998,79.220001,59800,
LAYN,21.030001,21.08,20.27,20.299999,143200,
LAZ,35.099998,35.099998,33.91,34.400002,705500,
LBAI,9.890002,9.990004,9.840001,9.920001,46200,
LBJ,23.08,23.41,21.26,21.26,1200,
LBTYA,71.980004,73.279999,70.550006,70.729996,6075700,
LBTYK,67.129997,68.860001,65.93,66.050003,4954800,
LBY,24.52,24.77,23.75,23.799999,127000,
LCAV,3.1,3.1,3.01,3.06,89000,
LCC,17.16,17.27,17.001,17.06,2382700,
LCI,12.06,12.06,11.58,11.64,60900,
LDK,1.44,1.44,1.36,1.44,1885400,
LEA,61.18,61.200001,60.349998,60.369999,753000,
LEAP,6.09,6.11,5.94,6.03,1404400,
LECO,59.299999,59.52,58.400002,58.490002,210400,
LEE,1.74,2.1,1.72,2.1,1221500,
LEG,32.700001,32.939999,32.099998,32.110001,876500,
LEI,1.28,1.29,1.26,1.27,1600,
LEN,39.34,39.52,37.77,37.849998,5669700,
LF,9.77,9.86,9.73,9.79,884500,
LFC,36.639991,36.84999,35.97999,35.97999,866400,
LFL,16.66,16.84,16.309999,16.35,426500,
LFUS,74.32,74.610001,73.650002,73.870003,47300,
LFVN,2.28,2.3,2.22,2.25,389120,
LG,46.900002,46.950001,46.049999,46.110001,126100,
LGCY,27.01,27.129999,26.52,26.76,81000,
LGF,28.139999,28.709999,28.049999,28.549999,1234400,
LGND,32.59,32.630001,31.42,32.330002,116100,
LH,100.730003,101.07,99.690002,100.010002,443300,
LHCG,22.5,22.68,21.68,21.790001,20700,
LHO,25.52,25.52,24.309999,24.5,534200,
LIFE,74.27,74.27,74.06,74.21,1767500,
LII,65.120003,65.419998,63.799999,63.970001,262200,
LINC,6.76,6.78,6.66,6.75,50000,
LINE,32.130001,34.139999,32.099998,32.98,7815300,
LINTA,23.06,23.17,22.82,22.82,1300400,
LIOX,3.19,3.2,3.1,3.12,147200,
LIT,12.04,12.12,11.89,11.91,12100,
LIWA,5.41,5.48,5.31,5.35,55700,
LKQ,26.5,26.52,26.030001,26.15,1379500,
LL,88.400002,88.400002,86.019997,86.029999,672600,
LLEN,4.08,4.1499,3.8801,4.02,392500,
LLL,86.870003,86.970001,85.279999,85.279999,363300,
LLNW,2.42,2.42,2.26,2.32,290800,
LLTC,37.34,37.5,36.77,36.810001,1970300,
LLY,52.279999,52.380001,51.32,51.369999,4578700,
LM,33.599998,33.740002,32.23,32.259998,3235700,
LMCA,130.210049,130.91006,127.830069,128.120059,2450000,
LMNX,20.75,20.75,20.26,20.389999,103100,
LMOS,16.200001,17.18,16.030001,16.59,98900,
LMT,108.760002,109.089996,106.900002,106.93,1566000,
LNC,35.509998,36.5,35.200001,35.540001,4154100,
LNCE,28.389999,28.4,27.84,27.98,248700,
LNCO,35.470001,37.25,35.009998,36.75,940300,
LNDC,15.58,15.58,14.33,14.34,42100,
LNG,27.799999,28,27.4,27.690001,2526600,
LNKD,179.020004,183.869995,178.039993,180.970001,1994900,
LNN,79.5,79.5,78.220001,78.510002,125600,
LNT,49.950001,50.040001,48.880001,48.91,553200,
LO,44.990002,45.07,43.740002,43.740002,3711400,
LOCK,11.25,11.54,11.11,11.48,1055000,
LOCM,1.71,1.75,1.7,1.73,47400,
LODE,1.95,1.99,1.94,1.98,101000,
LOGI,6.89,6.94,6.81,6.85,144500,
LOGM,26.07,26.360001,25.58,25.709999,135500,
LOPE,31.09,31.879999,31.09,31.469999,171600,
LORL,63,63.080002,62.02,62.049999,23900,
LOW,41.59,41.650002,40.990002,41.029999,7614100,
LPHI,2.81,3.16,2.8,3.09,78000,
LPI,20.440001,21.23,20.41,20.85,985900,
LPL,13.12,13.13,12.88,12.9,521500,
LPLA,36.75,37.400002,36.599998,37.23,1011500,
LPNT,50.830002,51.279999,49.630001,50.060001,476300,
LPR,0.4,0.405,0.36,0.405,28200,
LPS,32.27,32.28,31.86,31.9,1665000,
LPSN,9.05,9.13,8.95,8.98,319500,
LPX,17.129999,17.18,16.290001,16.450001,3199100,
LQD,116.5,116.559998,114.669998,114.720001,2823000,
LQDT,31.370001,31.98,31.18,31.42,525900,
LRCX,47.73,48.279999,47.099998,47.110001,1796200,
LRE,15,15.34,14.81,15.19,124500,
LRN,27.25,27.450001,27.049999,27.1,313300,
LRY,17.18,17.18,17.18,17.18,0,
LSCC,5.06,5.11,5.01,5.03,548800,
LSE,8.57,8.57,8.51,8.52,1481700,
LSI,67.800003,68.339996,65.370003,65.510002,88300,
LSTR,53.07,53.09,52.400002,52.470001,134600,
LTBR,1.64,1.66,1.63,1.66,0,
LTC,41.459999,41.509998,39.610001,39.639999,102100,
LTD,36.87,36.87,36.87,36.87,0,
LTM,51.209999,51.380001,50.040001,50.290001,384800,
LTPZ,63.099998,63.169998,61.259998,61.32,41500,
LTXC,5.78,5.82,5.7,5.71,127600,
LUB,8.65,8.65,8.34,8.52,26100,
LUFK,88.49,88.49,88.47,88.48,468000,
LUK,27.299999,27.34,26.42,26.43,2485100,
LULU,65.639999,65.669998,64.800003,64.889999,2717300,
LUV,13.86,13.87,13.69,13.69,6045300,
LUX,53.66,53.709999,52.5,52.599998,61300,
LVLT,21.9,22,21.32,21.51,1513800,
LVS,57.02,57.48,56.369999,56.48,3266700,
LXK,31,31.139999,30.540001,30.690001,753000,
LXP,12.17,12.17,11.85,11.92,2289800,
LXU,33.130001,33.330002,32.720001,32.919998,58800,
LYB,68.970001,69.419998,68.489998,68.610001,2692200,
LYG,3.87,3.89,3.77,3.8,2148000,
LYV,15.47,15.67,15.19,15.23,1339600,
LZB,19.5,19.91,19.1,19.77,1661000,
M,49.369999,49.459999,48.27,48.330002,3360100,
MA,585.540009,591.889992,585.279999,586.37001,7661000,
MAA,64.209999,65.589996,63.32,63.470001,419800,
MAC,62.700001,62.849998,60.580002,60.790001,553200,
MACK,6.43,6.5,6.11,6.42,600000,
MAIN,28.35,28.5,27.73,27.77,186700,
MAKO,12.59,12.9,12.2,12.21,563300,
MAN,56.700001,56.700001,55.610001,56.18,348800,
MANH,79.739998,80.660004,78.209999,78.480003,214800,
MANT,26.540001,26.67,26.24,26.24,111500,
MANU,16.200001,16.43,16.15,16.209999,50200,
MAR,40.779999,41.07,40.41,40.419998,2794200,
MAS,21.48,21.600002,20.89,20.899999,4491600,
MASI,22.540001,22.700001,21.940001,22,206800,
MAT,45.150002,45.790001,45.049999,45.209999,2111800,
MATW,38.360001,38.540001,37.509998,37.540001,40900,
MATX,24.969999,25.07,24.860001,24.98,285400,
MBB,106.43,106.43,105.589996,105.620003,367100,
MBFI,26,26,25.49,25.709999,112700,
MBI,13.72,13.72,13.28,13.29,2197800,
MBLX,1.560031,1.570031,1.450029,1.51003,5300,
MBND,3.22,3.23,3.22,3.23,46300,
MBT,19.209999,19.24,18.77,18.77,1345800,
MCC,13.58,13.6,13.44,13.48,363300,
MCD,99.709999,100.07,98.529999,98.809998,3518200,
MCEP,23.08,23.559999,23,23.18,49200,
MCF,34.900002,35.48,34.669998,34.900002,49600,
MCGC,5.14,5.14,5.02,5.04,217700,
MCHI,42.509998,42.709999,41.66,41.73,2573900,
MCHP,38.009998,38.16,37.380001,37.41,1339200,
MCHX,6.03,6.03,5.88,5.92,25700,
MCK,114.790001,115.949997,113.919998,113.93,1159300,
MCO,62.52,62.799999,60.970001,61.009998,1349400,
MCP,5.69,5.73,5.59,5.61,2563700,
MCRI,17,17.17,16.82,16.950001,133200,
MCRL,9.85,9.88,9.75,9.77,204300,
MCRS,43.5,43.58,42.98,42.98,667100,
MCY,43.23,43.25,42.540001,42.639999,143800,
MD,92.029999,92.029999,90.199997,90.419998,528600,
MDAS,18.190001,18.299999,17.959999,18.030001,331300,
MDC,36.490002,36.639997,35.279997,35.289998,524500,
MDCI,7.37,7.4,7.01,7.09,73200,
MDCO,32.630001,33.849998,32.630001,33.52,524800,
MDIV,21.66,21.799999,21.25,21.280001,223600,
MDLZ,30.41,30.57,29.530001,29.530001,8724600,
MDP,45.990002,46.16,45.48,45.490002,274200,
MDR,9.11,9.13,8.8,8.84,2485700,
MDRX,13.4,13.81,13.34,13.6,5707400,
MDSO,74.300003,74.910004,72.599998,72.830002,219600,
MDT,52.990002,53.18,52.049999,52.049999,5714900,
MDU,25.52,25.67,25.09,25.110001,455500,
MDVN,48.549999,48.889999,46.48,46.580002,1595600,
MDXG,7.25,7.26,7.16,7.25,497200,
MDY,216.350006,216.979996,213.429993,213.429993,1598700,
MEA,1.42,1.43,1.37,1.38,143800,
MEAS,47,47,45.35,45.5,47700,
MED,27.959999,28.190001,27.1,27.290001,264900,
MEET,1.35,1.37,1.28,1.29,174500,
MEG,9.6,9.84,9.27,9.79,242100,
MEI,14.48,14.72,14.31,14.54,249700,
MEIP,7.52,7.87,7.35,7.76,28500,
MELA,0.84,0.84,0.8,0.8,39100,
MELI,116.169998,117.610001,114.769997,115.779999,784000,
MEMP,19.690001,19.74,19.48,19.610001,250000,
MEMS,4.1,4.1,4.05,4.1,80400,
MENT,19.73,19.84,19.629999,19.639999,395800,
MEOH,44.049999,44.41,43.610001,43.689999,392700,
MERC,6.83,7.05,6.78,7,103700,
MERU,4.53,4.53,4.25,4.43,105600,
MET,45.360001,46.16,44.740002,45.220001,10186000,
MFA,8.86,8.86,8.47,8.51,4009500,
MFB,18.3,18.32,18.08,18.09,81900,
MFC,16.08,16.25,15.97,16.08,2857600,
MFG,4.08,4.14,4.01,4.04,1028500,
MFLX,15.54,15.57,15.34,15.38,18200,
MFRM,40.389999,40.560001,39.310001,39.549999,176900,
MG,21.940001,22.370001,21.940001,22.049999,224000,
MGA,70.489998,71.160004,69.25,69.650002,1128200,
MGAM,25.93,26.44,25.93,26.03,168700,
MGC,56.639999,56.639999,55.900002,55.900002,26700,
MGI,20.700001,21.129999,20.389999,20.629999,358200,
MGIC,5.55,5.62,5.46,5.5,154600,
MGK,62.759998,62.82,61.869999,61.869999,72300,
MGLN,56.830002,57.279999,56.09,56.25,110600,
MGM,15.06,15.24,14.92,14.99,7131000,
MGPI,5.32,5.65,5.19,5.58,29000,
MGV,50.630001,50.650002,49.93,49.939999,55000,
MHFI,56.16,56.549999,55.509998,55.509998,1350900,
MHGC,7.59,7.75,7.57,7.59,178600,
MHK,114.57,117.480003,114.57,114.629997,1275600,
MHLD,11.14,11.19,10.87,10.89,164800,
MHO,26.059999,26.27,24.950001,25,261500,
MHR,3.72,3.82,3.65,3.68,3038900,
MIC,54.16,54.299999,53.290001,53.470001,192400,
MIDD,171.290005,171.410007,168.020016,168.029995,230100,
MIDU,58.41,58.799999,56.299999,56.360001,184000,
MIDZ,28.74,29.67,28.74,29.65,3100,
MIG,7.87,7.91,7.68,7.82,314300,
MILL,4.22,4.2972,4.15,4.16,145153,
MIND,16.93,16.93,16.73,16.790001,13900,
MINI,35.450001,35.450001,33.220001,33.349998,336300,
MITK,7,7.3,6.9,7.2,330815,
MITL,3.81,3.87,3.73,3.82,20100,
MITT,20.68,20.870001,20.25,20.27,770500,
MJN,83.089996,83.389999,80.790001,80.830002,949100,
MKC,73.480003,73.489998,72.019997,72.019997,980700,
MKSI,28.17,28.41,27.879999,27.879999,190600,
MKTG,12.74,13,12.69,12.96,218600,
MKTX,47.93,48.060001,46.93,46.939999,101300,
MLHR,28.58,28.780001,28.27,28.32,107700,
MLI,52.25,52.459999,51.59,51.75,170000,
MLM,109.699997,110.349998,108.089996,108.089996,323600,
MLNK,2.64,2.72,2.63,2.63,130000,
MLNX,49.580002,49.669998,48.080002,48.150002,422200,
MLPN,29.57,29.620001,29.290001,29.34,143000,
MLR,16.280001,16.280001,15.72,15.79,15000,
MM,8.72,8.95,8.55,8.8,1847700,
MMC,40.310001,40.470001,39.419998,39.48,4383800,
MMLP,43.959999,44.139999,43.630001,43.950001,71200,
MMM,112.959999,113.25,111.529999,111.57,1971700,
MMP,53.720001,54.330002,53.049999,53.360001,669500,
MMS,76.779999,77.5,76.519997,76.949997,481200,
MMSI,11.51,11.57,11.1,11.1,140900,
MMYT,13.69,14.47,13.69,14.12,70400,
MN,19.280001,19.280001,18.84,19.1,60000,
MNI,2.42,2.43,2.35,2.36,18100,
MNKD,6.78,7.25,6.65,7.02,11106100,
MNR,10.17,10.22,9.91,9.91,106600,
MNRO,49.990002,50.389999,49.380001,49.41,235800,
MNST,59.580002,60.769999,58.279999,58.359999,4533300,
MNTA,14.42,14.61,14.02,14.12,262600,
MNTG,3.54,3.66,3.5,3.5,44400,
MNTX,10.34,10.7,10.29,10.45,75400,
MNX,2996.100098,3000.100098,2959.5,2959.5,1649200000,
MO,36.119999,36.25,35.189999,35.189999,8859200,
MOBI,2.92,3.05,2.8,2.83,147900,
MOD,10.68,10.73,10.54,10.55,59700,
MODN,21.040001,21.75,20.969999,21.629999,69000,
MOH,38.380001,38.43,37.68,37.709999,272200,
MOLX,30.19,30.29,29.83,29.84,267600,
MOLXA,25.25,25.31,24.96,25,52300,
MON,105.620003,106.330002,105.129997,105.889999,3002500,
MOO,53.509998,53.509998,52.77,52.77,338400,
MORN,75.209999,75.349998,74.699997,74.949997,43800,
MOS,59,59.09,58.25,58.25,1655900,
MOSY,4.42,4.44,4.31,4.32,82100,
MOV,34.439999,34.59,34.110001,34.25,40000,
MOVE,12.19,12.25,12.11,12.18,226100,
MPAA,8,8.89,8,8.89,560200,
MPC,79.269997,80.43,78.300003,78.309998,4919600,
MPEL,25.040001,25.200001,24.879999,24.92,1885700,
MPG,3.11,3.12,3.11,3.11,371300,
MPLX,38.400002,39.169998,38.099998,38.98,191600,
MPO,6.48,6.6,6.2,6.23,49900,
MPW,15.28,15.33,14.64,14.72,1373200,
MPWR,24.780001,25.15,24.690001,24.690001,188400,
MR,39.48,39.560001,38.740002,38.759998,556900,
MRC,27.629999,28.139999,27.469999,27.6,1288500,
MRCY,9.51,9.55,9.26,9.3,52600,
MRGE,3.63,3.64,3.52,3.55,167900,
MRH,26.049999,26.120001,25.51,25.51,258200,
MRIN,10.33,10.85,10.31,10.48,259700,
MRK,47.709999,48.169998,47.450001,47.580002,17994200,
MRO,36,36.470001,35.669998,35.669998,5436900,
MRTN,16.219999,16.219999,15.83,15.92,108300,
MRVL,11.52,11.6,11.22,11.24,5914100,
MS,26.379999,26.690001,26.030001,26.110001,18210200,
MSA,46.5,46.689999,45.75,45.77,47900,
MSB,18.940001,19.120001,18.85,18.870001,38500,
MSCC,21.940001,22.290001,21.719999,22.15,1801000,
MSCI,34.509998,34.700001,33.950001,33.98,371700,
MSFT,34.959999,35.09,34.59,34.59,30816200,
MSG,61.200001,61.290001,60.540001,60.720001,187800,
MSI,57.330002,57.419998,56.75,56.779999,2196700,
MSM,81.25,81.709999,80.300003,80.300003,176900,
MSO,2.46,2.46,2.39,2.45,77300,
MSPD,3.3,3.3,3.15,3.18,170400,
MSTR,88.260002,89.699997,87.360001,87.940002,91600,
MSTX,0.46,0.4623,0.45,0.45,1243793,
MT,12.09,12.15,11.91,11.92,8243800,
MTB,104.120003,104.419998,103.32,103.510002,634300,
MTD,216.110001,216.839996,213.029999,213.279999,73100,
MTDR,11.55,11.72,11.49,11.5,430800,
MTG,6.42,6.55,6.32,6.35,8976500,
MTGE,20.870001,20.92,19.799999,20.01,2511800,
MTH,48.48,48.57,46.470001,46.490002,375300,
MTL,3.18,3.19,2.97,3.01,1150500,
MTN,64.239998,64.730003,63.57,63.59,79000,
MTOR,7.18,7.25,7.12,7.12,720200,
MTRN,29.440001,29.59,28.98,29.16,54400,
MTRX,16.540001,16.719999,16.35,16.48,82400,
MTSC,58.869999,59.18,58.41,58.41,33700,
MTSN,2.17,2.3,2.17,2.28,467000,
MTU,6.25,6.25,6.1,6.11,2371800,
MTW,19.120002,19.5,18.940002,18.959999,7451300,
MTX,43.209999,43.209999,42.389999,42.450001,114200,
MTZ,32.849998,33.209999,32.41,32.470001,404000,
MU,13.82,14.11,13.64,13.97,83958500,
MUB,106.510002,107.220001,105.93,105.949997,288500,
MUR,63.409997,63.909996,62.67,62.709995,1669200,
MUX,2.11,2.121,2.02,2.02,2128100,
MVC,12.81,12.9,12.67,12.77,653700,
MVG,6.65,6.93,6.21,6.24,102400,
MVIS,3.17,3.23,3.01,3.05,120000,
MVO,30.02,32.32,30.02,31.790001,276100,
MVV,99.849998,100.059998,97.029999,97.040001,198200,
MW,35,37.41,34.900002,37.040001,3053800,
MWA,6.71,6.73,6.43,6.51,1239600,
MWE,67.839996,67.849998,66.010002,66.540001,558200,
MWIV,129.1,129.73,124.78,125.36,52300,
MWV,35.32,35.439999,34.950001,35,1106000,
MWW,5.2,5.24,5.05,5.17,1663400,
MX,18.27,18.379999,17.92,17.92,303400,
MXIM,28.290001,28.559999,28.120001,28.27,3284500,
MXL,6.76,7,6.69,6.76,82800,
MXWL,7.06,7.21,6.96,7.07,247700,
MY,2.04,2.04,1.9,1.91,632100,
MYE,15.55,15.56,15.17,15.24,152900,
MYGN,26.32,27.110001,25.790001,25.879999,2812500,
MYL,31.889999,31.92,31.139999,31.27,3461800,
MYRG,20.290001,20.290001,19.540001,19.75,226800,
MZZ,17.91,18.389999,17.84,18.35,12100,
N,88.970001,89.169998,87.599998,87.75,186500,
NAFC,24.15,24.15,23.05,23.42,15000,
NAK,2.33,2.47,2.33,2.37,49400,
NANO,15.69,15.73,15.38,15.4,57200,
NAT,8.23,8.28,8.149995,8.149995,524700,
NATI,27.77,27.870001,27.24,27.25,261300,
NATR,17,17,16.370001,16.389999,18300,
NAV,30.469999,30.879999,29.799999,29.92,1468800,
NAVB,2.64,2.67,2.56,2.56,491097,
NBG,5.36,5.38,5.08,5.16,2710800,
NBIX,12.82,13.35,12.82,12.88,707300,
NBL,60.580002,61.610001,60.52,60.529999,1725500,
NBR,16.799999,16.9,16.389999,16.440001,3965300,
NBTB,20.75,20.85,20.540001,20.59,77000,
NCI,13.92,13.93,13.55,13.67,192200,
NCLH,31.440001,32,31.200001,31.299999,197400,
NCMI,17.16,17.379999,16.73,16.77,128500,
NCQ,1.85,1.87,1.82,1.86,57200,
NCR,33.970001,34.009998,33.560001,33.57,624000,
NCS,16.68,16.700001,16.360001,16.469999,145000,
NCT,5.500211,5.520213,5.230197,5.260196,5956900,
NCTY,4.04,4.1,4,4.02,12900,
NDAQ,33.099998,33.119999,32.639999,32.709999,975000,
NDO,79.940002,80.540001,78.580002,78.980003,0,
NDRO,16.030001,16.299999,15.97,16.18,22800,
NDSN,71.040001,71.209999,70.050003,70.059998,172500,
NDX,2998.090088,3000.219971,2959.5,2959.5,1649200000,
NDZ,7.56,7.59,7.45,7.49,54600,
NE,38.450004,38.920004,38.159998,38.169996,2365300,
NEE,81.400002,81.779999,80.190002,80.190002,1963500,
NEM,32.619999,33.23,31.82,31.9,6878300,
NEO,4.02,4.02,3.91,3.99,75300,
NEOG,55.000002,55.729998,54.490002,54.51,120600,
NEON,5.3,5.47,5.3,5.4,179700,
NEPT,3,3.06,2.92,3.04,131700,
NES,3.2,3.22,3.13,3.15,199200,
NEU,275.5,277.390015,272.309998,272.329987,35600,
NEWP,13.93,13.97,13.71,13.74,45300,
NFBK,11.78,11.92,11.7,11.83,280300,
NFG,61.790001,61.959999,60.57,60.610001,209100,
NFLX,228.000011,235.880005,227.609989,232.30999,22353100,
NFP,25.3,25.32,25.29,25.31,1102100,
NFX,23.98,24.639999,23.98,24.43,3527300,
NG,2.29,2.35,2.26,2.26,1174500,
NGD,6.61,6.69,6.42,6.46,4006700,
NGG,59.029999,59.25,58.029999,58.029999,461700,
NGL,29.559999,29.780001,29.469999,29.59,45300,
NGLS,48.68,48.889999,48.009998,48.099998,244000,
NGPC,6.62,6.74,6.57,6.71,69100,
NGS,23.75,23.799999,23.32,23.35,16800,
NGVC,31.68,33.400002,31.610001,32.580002,149200,
NHI,61.599998,61.700001,58.880001,59.200001,95900,
NI,29.3,29.520002,28.680002,28.680002,3448000,
NIB,29.549999,29.65,29.43,29.43,6700,
NICE,37.66,37.740002,37.080002,37.169998,169000,
NIHD,90.05,90.91,87,87,89100,
NILE,39.220001,39.720001,38.349998,38.459999,282600,
NKA,14.88,14.95,14.25,14.37,78700,
NKE,62.139999,62.34,61.73,61.75,9223600,
NKTR,9.84,11.07,9.54,10.95,2795500,
NKY,16.68,16.719999,16.360001,16.4,1416600,
NLNK,21.700001,22.26,21.5,21.74,263000,
NLS,8.16,8.31,8.08,8.2,279900,
NLSN,34.990002,35.77,34.889999,35.049999,3461800,
NLST,0.94,1.1,0.94,0.96,663000,
NLY,13.55,13.69,12.99,12.99,16930300,
NM,5.38,5.47,5.17,5.26,556300,
NMFC,14.35,14.4,14.25,14.3,872800,
NMM,14.41,14.54,14.28,14.35,120700,
NMR,7.91,7.95,7.7,7.7,1749200,
NMRX,11.26,11.42,10.97,11.09,28800,
NNBR,10.54,10.73,10.35,10.35,51100,
NNI,37.419998,37.599998,36.220001,36.299999,130100,
NNN,37.150002,37.150002,35.669998,35.709999,1268700,
NOA,4.64,4.7,4.62,4.65,54600,
NOAH,12.1,12.1,11.4,11.63,225100,
NOC,83.860001,84.32,82.970001,82.980003,1171200,
NOG,14.25,14.34,14.01,14.09,365200,
NOK,3.82,3.89,3.79,3.85,41372500,
NOR,3.909996,3.999996,3.819996,3.829996,54600,
NOV,71.329998,71.99999,70.889996,70.969999,4311300,
NOW,37.779999,39.610001,37.779999,38.689999,1614900,
NP,31.91,32.049999,31.75,31.75,54300,
NPD,1.65,1.67,1.63,1.65,26700,
NPO,51.150002,51.509998,50.669998,50.779999,122600,
NPSP,15.37,15.37,14.56,14.76,1366300,
NPTN,8.2,8.49,8.2,8.37,106200,
NQ,8.39,8.39,8.05,8.05,340700,
NR,11.35,11.42,11.02,11.1,503700,
NRF,9.129997,9.170003,8.829998,8.870004,1419300,
NRG,26.790001,27.030001,26.35,26.35,2867800,
NRGM,22.16,22.88,22.01,22.86,578000,
NRGY,13.97,15.1,13.9,14.85,851000,
NRP,22.410001,22.660001,22.280001,22.45,21500,
NRT,25.17,25.299999,25.120001,25.15,5500,
NRZ,6.68,6.72,6.54,6.57,638900,
NS,45.200001,45.869999,45.049999,45.200001,605700,
NSC,77.089996,77.379997,75.419998,75.449997,2070500,
NSH,25.700001,25.950001,25.219999,25.379999,304400,
NSIT,18.969999,18.969999,18.280001,18.35,150200,
NSM,43.419998,44.349998,41.970001,42.540001,1432800,
NSP,31.549999,31.549999,30.91,31.059999,73700,
NSPH,3.71,3.81,3.67,3.72,14800,
NSR,49.869999,50.049999,48.849998,49.009998,281200,
NSU,3.06,3.12,2.96,2.98,2596800,
NTAP,39.349998,39.470001,38.77,38.98,5457700,
NTCT,24.84,24.92,24.280001,24.309999,125100,
NTE,6.79,6.8,6.54,6.62,362400,
NTES,62.439999,63,61.02,61.110001,324500,
NTGR,32.389999,32.939999,32.259998,32.310001,182100,
NTI,25.870001,26,25.66,25.98,430600,
NTLS,15.75,15.9,15.56,15.63,102100,
NTRI,10.59,10.61,10.3,10.32,288400,
NTRS,58.209999,59.09,57.82,57.900002,1996000,
NTSP,15.98,16,15.98,15.98,105100,
NTT,26.610001,26.66,26.120001,26.16,323000,
NTWK,9.97,10.31,9.9,10.12,139365,
NU,42.49,42.5,41.28,41.29,1129500,
NUAN,19.110001,19.16,18.780001,18.780001,3540300,
NUE,44.75,45.310001,44.619999,44.849998,1684700,
NUS,62.389999,62.459999,61.32,61.369999,344400,
NUVA,22.440001,23.32,22.41,22.85,336600,
NVAX,1.92,1.92,1.89,1.89,462900,
NVDA,14.53,15.48,14.48,14.84,28989700,
NVDQ,13.94,13.95,13.6,13.6,120300,
NVE,23.58,23.59,23.5,23.53,8874800,
NVMI,10.02,10.02,9.2,9.36,679900,
NVO,160.809994,161.110001,158.509998,158.760004,1917500,
NVS,72.599998,73.309998,71.889999,71.900002,1003800,
NVTL,3.9,3.91,3.82,3.86,174900,
NWBI,12.65,12.65,12.51,12.56,472800,
NWBO,3.56,3.61,3.42,3.58,84000,
NWE,40.939999,41.049999,39.959999,39.970001,163100,
NWL,27,27.309999,26.719999,26.73,1553700,
NWN,43.25,43.25,42.5,42.549999,66000,
NWPX,27.5,27.879999,26.73,26.799999,20100,
NWS,15.21,16.030001,14.96,15.53,7717000,
NWSA,15.28,16.25,15.2,15.8,31981500,
NWY,6.14,6.27,6.1,6.22,226600,
NX,17.969999,18.139999,17.719999,17.76,329900,
NXPI,31.9,32,31.5,31.639999,1837000,
NXST,32.959999,34.43,32.279999,33.77,638800,
NXTM,14.52,14.54,14.24,14.28,257800,
NYCB,13.64,13.67,13.53,13.59,3295200,
NYMT,7.09,7.12,6.95,6.98,1716300,
NYMX,5.38,5.49,5.34,5.37,64300,
NYT,10.56,10.58,10.38,10.46,1005100,
NYX,42.18,42.27,41.48,41.52,1289000,
O,44.799999,44.959999,43.139999,43.450001,2378000,
OAK,53.75,53.990002,52.59,52.700001,215800,
OAS,41.869999,42.119999,41.349998,41.5,1460100,
OB,15.18,15.18,14.98,15.03,293200,
OC,43.66,43.66,42.650002,42.650002,2199000,
OCLR,1.16,1.26,1.16,1.23,1427400,
OCN,44.849998,45.34,44.560001,44.639999,1147200,
OCR,47.650002,47.650002,47.060001,47.220001,506700,
OCZ,1.43,1.45,1.4,1.4,305100,
ODFL,43.279999,43.419998,42.790001,42.919998,256200,
ODP,4.31,4.37,4.24,4.24,3326800,
OEF,74.629997,74.800003,73.730003,73.779999,742600,
OEH,12.38,12.52,12,12.31,698800,
OEX,0.286,0.286,0.286,0.286,0,
OFC,26.620001,26.65,25.370001,25.65,332600,
OFG,17.059999,17.120001,16.809999,16.969999,407300,
OFIX,28.870001,28.969999,28.200001,28.49,112500,
OGE,68.889999,69.769997,67.769997,67.769997,826200,
OGXI,10,10,9.43,9.52,85600,
OHI,32.779999,32.869999,31.5,31.65,1330000,
OI,28,28.18,27.57,27.57,842200,
OIBR,1.88,1.89,1.71,1.72,270000,
OIH,44.18,44.52,43.73,43.73,3442000,
OII,74.089996,74.489998,73.230003,73.360001,280300,
OIL,22.92,22.99,22.700001,22.799999,342500,
OILT,49.87,50.86,49.64,49.76,155400,
OIS,93.700002,94.730005,93.05,93.109995,935700,
OKE,44.469998,44.479998,42.91,42.91,1774800,
OKS,49.84,50.02,48.990002,49.029999,640700,
OKSB,14.1,14.1,13.66,13.84,12200,
OLN,24.25,24.27,23.84,23.870001,617300,
OMC,63.939999,64.25,62.91,62.919998,900600,
OMCL,19.15,19.309999,19.07,19.07,96700,
OME,10.33,10.45,9.95,10.01,82600,
OMER,5.14,5.16,4.98,5.07,131700,
OMEX,3.239999,3.254999,3.129999,3.159999,34400,
OMG,31.82,31.889999,31.290001,31.43,121200,
OMI,34.93,34.93,34.240002,34.240002,171800,
OMN,8.38,8.38,8.15,8.24,77600,
OMX,11.28,11.4,11.09,11.09,768600,
ONB,13.4,13.56,13.32,13.44,291600,
ONCY,2.27,2.46,2.25,2.46,210200,
ONE,11.45,11.57,11.25,11.27,207900,
ONNN,8.25,8.34,8.22,8.23,3615600,
ONP,1.65,1.65,1.6,1.61,9900,
ONTY,1.79,1.82,1.77,1.8,240600,
ONXX,88.25,88.8,85.45,85.54,960200,
OPEN,67.01,68.09,66.8,66.96,407500,
OPK,7.18,7.2,7.05,7.06,1340300,
OPLK,18.18,18.62,18.16,18.36,40500,
OPTR,14.45,14.61,14.25,14.33,459000,
ORA,23.48,23.59,22.93,22.98,55700,
ORB,18.03,18.11,17.85,17.85,136700,
ORBC,4.43,4.43,4.33,4.37,78900,
ORBK,12.52,12.57,12.34,12.45,135100,
ORCL,34.43,34.59,34.080002,34.09,19408400,
OREX,6.39,6.5,6.27,6.33,119400,
ORI,13.2,13.23,12.94,12.94,852900,
ORIG,17.209999,17.26,17.01,17.1,266300,
ORIT,15.42,15.47,15.2,15.21,92300,
ORLY,113.089996,114.059998,112.879997,113.010002,672900,
ORN,12.52,12.55,12.23,12.23,101400,
OSGIQ,3.33,3.39,3.33,3.39,59800,
OSIR,10.62,10.81,10.47,10.49,24400,
OSIS,58.880001,59.439999,57.630001,57.73,106700,
OSK,37.360001,38.209999,37.150002,37.560001,996300,
OSTK,27.65,27.889999,26.709999,26.91,325800,
OSUR,4.16,4.22,4.01,4.01,426100,
OSX,259.45,260.62,257.01,257.04,0,
OTEX,72.07,72.379997,71.419998,71.699997,347200,
OTTR,28.76,28.780001,27.950001,27.950001,49300,
OVTI,20.309999,20.440001,19.66,19.790001,1183200,
OVX,20.64,22.28,19.98,19.98,0,
OWW,8.19,8.21,7.95,8.08,444500,
OXF,2.45,2.45,2.29,2.3,68800,
OXM,64.230003,64.32,63.259998,63.470001,53200,
OXY,92.630006,93.200001,91.760001,91.760001,3193300,
OZM,11.02,11.08,10.74,10.75,439300,
OZRK,43.43,43.450001,42.880001,43.25,209200,
P,15.4,15.8,15.39,15.66,3248100,
PAA,56.93,57.41,56.450001,56.459999,1095900,
PAAS,11.85,11.98,11.45,11.48,2348600,
PAC,45.580002,45.959999,43.810001,44.07,94200,
PACB,2.78,2.85,2.77,2.79,259600,
PACD,9.49,9.62,9.45,9.52,17600,
PACR,6.55,6.58,6.45,6.55,85900,
PACT,6.86,6.92,6.86,6.88,142627,
PACW,28.530001,28.93,28.32,28.65,220000,
PAG,31.51,31.51,30.9,30.93,233700,
PAL,1.06,1.07,1.01,1.01,1103332,
PANL,28.97,29.18,27.98,28.02,482800,
PANW,41.529999,42.740002,41.009998,42.060001,1324800,
PATH,2.77,2.83,2.72,2.74,34900,
PAY,16.040001,16.85,16.040001,16.48,4532000,
PAYX,37.759998,37.900002,37.34,37.360001,1520800,
PB,50.080002,50.5,49.75,50.080002,471600,
PBA,31.98,32.529999,31.559999,31.809999,171100,
PBCT,14.32,14.35,14.11,14.14,4150400,
PBF,26.690001,26.82,26.360001,26.58,462600,
PBH,29.959999,30.01,29.440001,29.459999,231600,
PBI,14.7,14.77,14.24,14.25,2366800,
PBJ,25.209999,25.209999,24.780001,24.780001,63900,
PBNY,9.24,9.28,9.17,9.23,168600,
PBR,15.27,15.46,14.68,14.75,23123200,
PBR.A,16.4,16.6,15.66,15.7,14143400,
PBT,13.26,13.47,13.1,13.12,105100,
PBTH,6.35,6.41,6.3,6.3,175500,
PBW,5.43,5.45,5.37,5.38,243200,
PBY,12.11,12.14,11.89,11.93,333600,
PCAR,54.41,54.59,53.82,53.82,846800,
PCCC,16.75,16.75,16.110001,16.209999,17900,
PCEF,24.870001,24.870001,24.549999,24.549999,145900,
PCG,45.740002,45.919998,44.650002,44.650002,2087900,
PCH,42.470001,42.599998,40.43,40.5,292300,
PCL,47.41,47.52,45.220001,45.23,1798700,
PCLN,834,839.669983,827.52002,828.549988,591300,
PCOM,20.700001,21.23,20.700001,21.09,159300,
PCP,221.479996,221.619995,216.589996,216.660004,351400,
PCRFY,7.78,7.87,7.67,7.67,43600,
PCRX,29.530001,30,29.24,29.629999,323100,
PCTI,8.19,8.29,8.1,8.11,141600,
PCXCQ,0.1657,0.175,0.152,0.175,377200,
PCY,28.18,28.290001,27.690001,27.809999,2123900,
PCYC,88.52,88.72,84.62,84.7,381100,
PDCE,54.849998,55.560001,54.27,54.610001,350300,
PDCO,39.240002,39.279999,38.25,38.310001,913500,
PDFS,18.57,18.75,18.41,18.440001,54200,
PDH,12.74,13.1,12.74,12.97,115300,
PDLI,7.92,7.94,7.68,7.69,1264200,
PDM,18.209999,18.209999,17.530001,17.549999,949500,
PDP,32.119999,32.23,31.68,31.68,121600,
PDS,9.09,9.23,9.01,9.06,1851800,
PEB,26.129999,26.129999,25.440001,25.459999,136700,
PEG,33.099998,33.209999,32.349998,32.349998,2273000,
PEGA,32.580002,32.860001,32.380001,32.540001,195000,
PEI,19.610001,19.73,19.16,19.190001,360000,
PEIX,3.7,3.77,3.66,3.67,99000,
PENN,53.82,53.889999,52.959996,52.999997,6719400,
PEP,82.260002,82.669998,80.889999,80.889999,5487200,
PER,15.01,15.19,15.01,15.17,153500,
PERI,12.6,12.61,12.05,12.11,228900,
PERY,22.01,22.01,21.700001,21.77,39300,
PES,7.14,7.27,7.12,7.17,355000,
PETM,69.5,69.605,68.05,68.12,894100,
PETS,13.43,13.55,13.29,13.33,146600,
PF,25.200001,25.48,24.940001,25,532800,
PFE,29.370001,29.809999,28.9,29.1,121041600,
PFF,39.650002,39.740002,39.279999,39.34,3597200,
PFG,38.77,39.040001,38.189999,38.200001,1832600,
PFMT,11.19,11.27,11.05,11.07,201900,
PFPT,23,23.360001,22.58,22.99,257500,
PFS,15.22,15.27,15.03,15.15,154500,
PFSI,21.83,22.139999,21.75,21.799999,115900,
PFSW,3.99,4.06,3.99,4.02,76700,
PG,79.050003,79.470001,77.589996,77.610001,7424500,
PGEM,23.82,24.1,22.75,23.530001,191200,
PGF,18.01,18.059999,17.870001,17.879999,651200,
PGH,5.08,5.14,5.02,5.05,1493200,
PGI,12.62,12.63,12.33,12.33,94700,
PGJ,21.450001,21.610001,21.33,21.34,18900,
PGNX,4.82,5.03,4.66,4.8,422200,
PGR,25.24,25.5,25.01,25.01,2659000,
PGTI,8.76,8.82,8.67,8.68,544400,
PGX,14.42,14.45,14.24,14.24,731100,
PH,98.790001,99.269997,97.75,97.830002,1150900,
PHB,19.120001,19.129999,18.879999,18.889999,280400,
PHG,29.15,29.17,28.52,28.540001,1032300,
PHH,20.190001,20.209999,19.82,19.91,1030200,
PHM,21.549999,21.6,20.73,20.76,7609400,
PHMD,16.830001,16.9,16.3,16.330001,8900,
PHO,22.73,22.75,22.33,22.33,89400,
PICO,22.07,22.09,21.58,21.620001,44800,
PID,17.139999,17.139999,16.84,16.84,185600,
PIE,18.690001,18.799999,18.209999,18.209999,276800,
PII,96.559998,97.959999,96.129997,96.599998,834400,
PIKE,12.75,12.75,12.51,12.52,215000,
PIN,16.870001,16.870001,16.290001,16.32,1072300,
PIP,1.59,1.6,1.58,1.58,106700,
PIR,24.66,24.77,23.99,23.99,2608300,
PJC,34.75,34.75,34.049999,34.080002,54400,
PKD,5.11,5.2,5.04,5.11,999800,
PKE,24.639999,24.76,24.25,24.280001,19300,
PKG,49.650002,49.849998,49.259998,49.400002,1059800,
PKI,34.360001,34.389999,33.619999,33.66,783700,
PKT,14.08,14.12,13.95,14.01,165600,
PKX,69.300003,69.489998,68.019997,68.099998,426800,
PKY,17.32,17.4,17,17.08,901500,
PL,39.2,39.39,38.8,38.8,243900,
PLAB,7.71,7.78,7.47,7.57,202500,
PLCE,54.360001,54.889999,54.07,54.07,325400,
PLCM,11.11,11.2,10.74,10.78,2480500,
PLD,38.34,38.52,36.549999,36.959999,4536000,
PLL,69.5,69.68,67.43,67.43,721800,
PLOW,13.52,13.55,13.36,13.38,40000,
PLT,46.290001,46.66,45.919998,45.950001,124900,
PLTM,11.86,11.86,11.55,11.55,11800,
PLUG,0.45,0.49,0.43,0.45,5431100,
PLX,5.35,5.45,5.1,5.23,1310100,
PLXS,29.9,30.049999,29.450001,29.450001,109200,
PLXT,4.73,4.795,4.69,4.74,190900,
PM,92.730003,93.129997,90.260002,90.260002,4843400,
PMC,16.15,16.450001,16.1,16.280001,154400,
PMCS,6.23,6.33,6.12,6.17,1634600,
PMFG,6.52,6.59,6.4,6.41,26500,
PMT,21.82,21.83,21.16,21.190001,745800,
PMTC,25.26,25.26,24.83,24.83,429700,
PMTI,13.54,13.69,13.4,13.54,67700,
PNC,71.769997,71.949997,70.790001,70.879997,2728500,
PNFP,25.139999,25.190001,24.93,24.99,66400,
PNG,20.8,20.98,20.6372,20.92,36300,
PNK,19.74,19.91,19.559999,19.6,497900,
PNM,22.5,22.610001,22,22,335500,
PNNT,11.53,11.61,11.27,11.27,443700,
PNR,59.52,59.91,58.650002,58.669998,1661900,
PNRA,187.809998,189.380005,186.350006,186.940002,306100,
PNW,56.200001,56.200001,54.32,54.330002,1819600,
PNY,34.900002,34.900002,34.380001,34.560001,538000,
PODD,31.059999,31.23,30.139999,30.16,398400,
POL,26.469999,26.540001,26.209999,26.24,324100,
POM,20.34,20.42,19.889999,19.889999,2245400,
POOL,51,52.790001,50.950001,51.57,918400,
POR,31.27,31.33,30.32,30.360001,657500,
POST,46.91,47.130001,46.189999,46.27,106300,
POT,41.130001,41.290001,40.709999,40.93,4197900,
POWI,41.130001,41.400002,40.330002,40.349998,137300,
POWR,15.8,15.9,15.25,15.44,201500,
POZN,5.1,5.1,4.95,4.96,81200,
PPC,13.39,13.6,13.33,13.49,595000,
PPG,156.320007,157.220001,154.089996,154.169998,1002000,
PPH,47.439999,47.5,46.669998,46.709999,76000,
PPHM,1.51,1.52,1.46,1.48,1033500,
PPL,29.440001,29.77,29.049999,29.049999,6960300,
PPO,41.380001,41.59,40.610001,40.830002,549400,
PPP,5,5.04,4.9,4.91,150800,
PPS,47.439999,47.950001,46.299999,46.73,706400,
PQ,4.65,4.65,4.46,4.5,67200,
PRA,52.610001,52.66,51.900002,51.970001,271500,
PRAA,160.599987,161.570011,159.27,160.059986,192900,
PRCP,7.56,7.62,7.45,7.49,10300,
PRE,91.800003,91.800003,89.93,89.989998,331900,
PRFT,13.69,13.78,13.42,13.48,123200,
PRGO,120.300003,122.040001,119.959999,120.089996,667500,
PRGS,23.049999,23.049999,22.52,22.549999,255100,
PRI,37.549999,37.93,37.23,37.360001,205900,
PRIM,20.719999,20.879999,20.5,20.52,154500,
PRKR,4.24,4.35,4.2,4.25,44200,
PRLB,63.220001,65.120003,62.75,63.869999,744800,
PRMW,1.71,1.82,1.71,1.73,220200,
PRSC,27.52,27.52,26.110001,26.93,208600,
PRSS,6.24,6.26,6.1,6.1,17500,
PRU,72.779999,73.480003,72.050003,72.230003,2343500,
PRXL,48.07,48.740002,48.02,48.27,536800,
PSA,152.529999,153.289993,149.059998,149.199997,1137500,
PSB,73.400002,73.650002,71.239998,71.860001,233000,
PSDV,3.9,4.03,3.81,3.94,292000,
PSE,24.78,24.78,24.78,24.78,0,
PSEC,10.77,10.8,10.49,10.49,3667400,
PSEM,7.43,7.45,7.27,7.27,46100,
PSMI,10.99,11.14,10.66,10.97,238400,
PSMT,90.940002,92.669998,89.879997,89.980003,161500,
PSO,18.610001,18.76,18.41,18.450001,403800,
PSQ,22.27,22.549999,22.26,22.540001,159900,
PST,28.15,29,28.129999,28.93,305600,
PSTB,5.8,5.8,5.65,5.7,66200,
PSTI,2.79,2.8,2.68,2.68,267800,
PSUN,3.17,3.33,3.13,3.28,366000,
PSX,64.269997,64.870003,63.509998,63.630001,3341500,
PT,4.12,4.12,4,4.01,793000,
PTEN,20.780001,21.17,20.52,20.59,2273000,
PTIE,2.36,2.42,2.36,2.37,333600,
PTM,16.18,16.18,16.01,16.01,7000,
PTP,59.04,59.04,57.92,57.94,150900,
PTR,109.129997,109.139999,106.470001,106.5,206100,
PTRY,13.35,13.37,13.2,13.2,73100,
PUK,33.740002,33.779999,32.93,32.939999,166800,
PVA,4.72,4.75,4.67,4.71,877400,
PVG,7.45,7.63,7.25,7.27,163000,
PVH,126.129997,126.989998,125.230003,125.230003,702600,
PVR,27.08,27.24,26.83,27.18,368600,
PVTB,19.92,19.92,19.59,19.76,519500,
PWE,11.73,11.73,11.31,11.36,3621800,
PWER,6.31,6.32,6.31,6.31,477300,
PWR,27.139999,27.280001,26.93,26.940001,2210900,
PWRD,16.709999,16.85,16.32,16.35,351000,
PX,118.970001,120.160004,118.970001,119.519997,1743800,
PXD,154.649994,155.139999,152.679993,153.059998,1251200,
PZA,24.299999,24.48,24.219999,24.23,302700,
PZE,3.99,4.01,3.84,3.87,141000,
PZG,1.45,1.47,1.37,1.4,655000,
PZO,128.690002,132.460007,128.179993,132.449997,0,
PZZA,66.550003,66.879997,65.75,65.769997,206400,
Q,43.66,44.189999,43.009998,43.790001,343100,
QCOM,62.630001,62.799999,61.830002,61.91,11231900,
QCOR,46.17,47.57,46.031,47.46,1389200,
QDEL,25.379999,25.43,24.940001,24.950001,45700,
QEP,29.59,29.76,28.9,28.969999,1238600,
QGEN,19.71,19.850001,19.499999,19.499999,540000,
QID,22.42,22.98,22.370001,22.950001,1313100,
QIHU,47.610001,49.09,47.25,48.380001,1834000,
QLD,69.400002,69.529999,67.669998,67.769997,6370400,
QLGC,9.82,9.86,9.67,9.77,1407800,
QLIK,30.27,30.27,29.290001,29.459999,1242400,
QLTI,8.32,8.43,8.18,8.2,69300,
QLTY,9.44,9.72,9.4,9.45,77200,
QLYS,14.89,15.04,14.53,14.97,74700,
QNST,8.07,8.13,7.85,7.89,45800,
QQEW,30.790001,30.870001,30.469999,30.49,82300,
QQQ,73.599998,73.68,72.68,72.760002,43145100,
QRE,16.52,16.69,16.41,16.57,202400,
QSII,18.440001,18.450001,18.18,18.23,228100,
QTM,1.45,1.47,1.39,1.41,890400,
QTWW,0.57,0.6,0.56,0.59,57300,
QUAD,24.440001,24.48,24.040001,24.08,52700,
QUIK,2.31,2.35,2.28,2.29,80900,
R,62.150002,62.459999,61.490002,61.52,496400,
RAD,3.17,3.17,3.09,3.11,22866700,
RAI,49.18,49.240002,47.580002,47.619999,4914200,
RAIL,17.25,17.77,17.25,17.379999,92000,
RAS,7.84,7.9,7.57,7.64,730200,
RATE,14.34,14.44,14.07,14.24,246300,
RAVN,30.809999,30.860001,30.389999,30.469999,62200,
RAX,37.689999,37.759998,36.16,36.34,1939800,
RBA,21.01,21.059999,20.76,20.82,538900,
RBC,67.160004,67.160004,66.25,66.300003,177900,
RBCAA,23.15,23.190001,22.530001,22.530001,15300,
RBCN,7.14,7.46,7.14,7.4,199300,
RBS,10.07,10.1,9.85,9.89,1376500,
RBY,1.6,1.63,1.53,1.55,369200,
RCI,45.93,45.93,44.919998,45.029999,580900,
RCII,38.57,38.66,37.860001,38.009998,453800,
RCL,34.23,34.41,33.59,33.639999,2715200,
RDA,10.32,10.52,10.26,10.41,43100,
RDC,34.34,34.560001,33.900002,33.919998,785300,
RDEN,48.16,48.380001,47.27,47.290001,56300,
RDI,6.26,6.3,6.16,6.2,38800,
RDN,12.88,13.04,12.63,12.73,6060000,
RDNT,2.58,2.589,2.55,2.56,26686,
RDS.A,66.05,66.13,65.23,65.28,2074300,
RDS.B,68.25,68.34,67.35,67.44,929000,
RDWR,15,15.08,14.86,14.87,134300,
RDY,35.990002,36.52,35.639999,35.639999,286500,
RE,130.589996,130.610001,127.769997,127.809998,222500,
RECN,11.02,11.51,11.02,11.2,58300,
REDF,2.66,2.7,2.66,2.66,9500,
REE,1.96,2.01,1.89,1.92,142300,
REED,4.87,5.05,4.83,5.02,50700,
REFR,4.08,4.3,4.08,4.14,286000,
REG,51.310001,51.310001,48.889999,49.209999,528300,
REGI,13,13.45,13,13.25,418100,
REGN,243.380005,244.699997,231.289993,231.380005,675600,
RELL,11.85,11.95,11.72,11.73,28500,
REM,13.93,13.93,13.34,13.34,2119900,
REMX,10.42,10.49,10.16,10.16,9300,
REN,8.34,8.42,8.21,8.22,54100,
RENN,3.22,3.22,3.12,3.17,1494000,
RENT,20.92,21,20.34,20.41,32900,
RES,14.28,14.3,13.94,14.1,575700,
REV,20,20.17,19.809999,19.969999,35400,
REW,29.540001,30.450001,29.540001,30.450001,100,
REXI,8.1,8.24,8.07,8.21,8000,
REXX,18.24,18.549999,17.99,18.139999,496400,
RF,9.07,9.15,9.02,9.07,18897200,
RFMD,5.47,5.53,5.42,5.46,3492800,
RFP,14.03,14.05,13.88,13.88,456000,
RGA,67.519997,68.360001,67.230003,67.260002,659000,
RGC,17.9,17.969999,17.639999,17.76,778100,
RGEN,7.91,7.94,7.6,7.69,195900,
RGLD,51.169998,52.02,49.830002,50.130001,672100,
RGP,26.15,26.450001,25.959999,25.969999,606900,
RGR,48.900002,49.279999,48.599998,48.950001,198900,
RGS,17.299999,17.35,16.969999,17.24,639600,
RHI,34.369999,34.52,33.849998,33.880001,701100,
RHP,37.25,37.610001,36.93,36.990002,2113400,
RHT,46.630001,46.880001,45.900002,46.220001,2731100,
RIC,1.67,1.75,1.65,1.74,95200,
RICK,8.64,8.85,8.58,8.7,29500,
RIG,49.77,50.02,49.040001,49.5,2594900,
RIGL,3.76,3.87,3.71,3.85,826400,
RIMG,8.07,8.4,8.02,8.4,24400,
RIO,43.77,44.110001,43.040001,43.400002,4746600,
RIOM,2.41,2.44,2.34,2.39,73900,
RJA,8.59,8.75,8.59,8.7,491300,
RJET,11.43,11.6,11.22,11.46,336100,
RJF,43.279999,43.91,43.119999,43.330002,969800,
RJI,8.28,8.35,8.27,8.3,370100,
RJN,6.71,6.73,6.71,6.73,11500,
RKT,106.519997,107.25,105.730003,105.769997,692000,
RKUS,11.36,12.24,11.36,12.04,2385600,
RL,178.660004,179.960007,177.520004,177.809998,589200,
RLD,14.86,15.05,14.77,14.8,83500,
RLGY,51.049999,51.540001,49.82,49.869999,788400,
RLH,6.14,6.14,6.1,6.11,40700,
RLI,75.760002,75.849998,74.459999,74.529999,107400,
RLJ,23.690001,23.719999,22.73,22.780001,389000,
RLOC,13.72,14,13.67,13.68,50500,
RMBS,8.86,8.97,8.84,8.91,1181900,
RMD,47.669998,48.310001,47.310001,47.34,623100,
RMTI,4.13,4.13,3.96,3.96,484800,
RNDY,7.75,7.76,7.63,7.64,218500,
RNF,27.5,28,26.9,27.950001,452800,
RNO,13.65,13.89,13.6,13.6,31500,
RNR,86.57,86.790001,85.129997,85.5,574100,
RNST,23.790001,24.040001,23.74,23.809999,71000,
ROC,67.52,67.53,66,66.21,605684,
ROCK,16.299999,16.6,15.68,15.7,52000,
ROCM,14.584,14.68,14.53,14.53,10700,
ROG,47.470001,48.799999,47.470001,48.040001,35800,
ROIC,14.26,14.26,13.79,13.86,252300,
ROK,88.010002,88.449997,86.860001,86.879997,510600,
ROL,24.940006,25.039996,24.679994,24.760005,134900,
ROLL,52.82,53.389999,52.650002,52.98,89400,
ROM,82.720001,83.139999,81.110001,81.480003,36000,
ROP,124.790001,125.510002,123.709999,123.760002,370600,
ROSE,47.540001,47.900002,46.599998,46.630001,799400,
ROSG,3.86,3.89,3.7,3.8,220300,
ROST,65.150002,65.720001,64.139999,64.239998,1645600,
ROVI,24.870001,24.98,24.6,24.66,765600,
ROYL,2.72,2.76,2.65,2.67,165300,
ROYT,18.290001,18.299999,18.139999,18.290001,55500,
RP,17.59,18.1,17.540001,17.9,351300,
RPAI,15.35,15.45,15.12,15.21,1019200,
RPM,32.950001,32.959999,32.490002,32.5,277400,
RPRX,19.23,21.02,19,19.200001,748100,
RPTP,7.79,8.09,7.71,7.79,475000,
RPXC,16.5,16.59,16.209999,16.299999,278700,
RRC,79.169998,80.239998,78.889999,79.239998,1344700,
RRD,13.51,13.56,12.93,13.22,1611000,
RRGB,56.419998,57.209999,56.279999,56.700001,133100,
RRMS,36.740002,36.860001,35.529999,36.720001,14400,
RRTS,27.91,27.940001,27.440001,27.450001,110400,
RS,66.599998,66.870003,65.809998,66.18,361500,
RSE,20.02,20.02,19.65,19.77,185600,
RSG,34.709999,34.75,34.049999,34.099998,1525900,
RSH,32.335,32.335,32.335,32.335,0,
RSO,6.37,6.41,6.23,6.26,151600,
RSOL,2.79,2.81,2.55,2.57,1856900,
RSP,63.060001,63.130001,62.200001,62.209999,721800,
RST,15.63,15.74,15.51,15.55,65700,
RSTI,27.459999,27.459999,27.059999,27.07,31700,
RSX,25.459999,25.549999,24.93,24.93,6180500,
RSYS,5.04,5.09,4.93,5.06,182100,
RT,9.71,9.74,9.47,9.49,229800,
RTEC,12.45,12.61,12.41,12.45,119700,
RTH,53.240002,53.439999,52.400002,52.400002,60300,
RTI,28.73,29.24,28.73,28.91,190200,
RTIX,4.39,4.39,4.24,4.27,307200,
RTK,2.16,2.17,2.02,2.07,277200,
RTN,68.07,68.07,66.82,66.900002,2434700,
RUE,41.71,41.78,41.6,41.6,298200,
RUSHA,25.799999,26.1,24.93,24.959999,65100,
RUSL,21.860437,21.860437,19.800396,19.860397,4800,
RUSS,20.67,21.889999,20.559999,21.799999,11500,
RUT,999.559998,999.77002,986.469971,986.5,35450600,
RUTH,12.63,12.7,12.39,12.4,121000,
RVBD,16.4,16.75,16.39,16.54,2495700,
RVLT,4.06,4.17,3.88,4.01,60500,
RVM,0.77,0.8,0.77,0.78,107200,
RWM,20.139999,20.4,20.110001,20.389999,243200,
RWO,43.639999,43.650002,42.470001,42.490002,282600,
RWR,78.040001,78.050003,75.199997,75.410004,267200,
RWT,19.129999,19.190001,18.469999,18.5,946400,
RWX,41.439999,41.529999,40.509998,40.540001,369000,
RXN,16.690001,16.690001,16.299999,16.4,492000,
RY,59.73,59.93,58.66,59.049999,824700,
RYAAY,50.880002,50.970002,49.79,49.899999,264000,
RYL,45.02,45.18,42.98,43,870000,
RYN,54.500003,54.579997,52.289997,52.629998,1067600,
S,7.08,7.16,7,7,171576200,
SA,10.96,11,10.43,10.51,225500,
SAA,75.360001,75.360001,73.980003,74.110001,8800,
SAAS,8.19,8.3,7.92,7.92,293300,
SABA,8.75,8.9,8.75,8.85,574500,
SAFM,67.639999,68.449997,67.410004,67.660004,191700,
SAFT,50.73,50.830002,50,50,19200,
SAH,21.74,22.209999,21.66,21.85,260100,
SAI,0.025,0.025,0.025,0.025,0,
SAIA,32.279999,32.279999,31.860001,31.959999,191800,
SAM,171.559998,174.330002,170.080002,170.350006,44900,
SAN,7.08,7.11,6.94,6.96,10236300,
SAND,7.13,7.24,6.92,6.95,399200,
SANM,14.49,14.49,13.94,13.94,505400,
SAP,77.089996,77.589996,76.190002,76.360001,1372200,
SAPE,13.18,13.19,12.95,12.96,310200,
SATS,39.919998,40.049999,39.639999,39.700001,65000,
SAVE,33.110001,33.75,33.099998,33.43,464700,
SB,5.4,5.43,5.31,5.35,188400,
SBAC,75.980003,75.980003,73.82,73.860001,2576600,
SBGI,28.360001,29.559999,28.360001,29.200001,1596200,
SBGL,3.52,3.64,3.48,3.51,252400,
SBH,30.809999,30.84,30.24,30.26,521600,
SBNY,79.150002,79.440002,78.300003,78.720001,257200,
SBS,11.67,11.71,10.97,11.11,2293700,
SBSI,24.040002,24.369995,23.899994,23.909999,36100,
SBUX,67.019997,67.480003,66.410004,66.410004,10647200,
SBY,16.66,16.780001,16.51,16.52,349100,
SCCO,29.66,29.77,28.92,28.93,1762100,
SCG,49.93,50.02,48.619999,48.619999,907700,
SCHA,45.040001,45.16,44.5,44.540001,177000,
SCHB,40.07,40.09,39.549999,39.549999,540900,
SCHD,33.779999,33.810001,33.279999,33.279999,326800,
SCHE,23.65,23.700001,23.110001,23.129999,286300,
SCHF,28.540001,28.57,28,28.02,173100,
SCHG,39.380001,39.450001,38.950001,38.950001,74100,
SCHH,32.75,32.810001,31.629999,31.700001,98800,
SCHL,29.719999,30.190001,29.629999,29.65,76200,
SCHM,32.82,32.869999,32.400002,32.400002,143400,
SCHN,24.75,24.93,24.52,24.68,199900,
SCHV,37.419998,37.419998,36.869999,36.869999,97800,
SCHW,20.549999,20.84,20.370001,20.469999,11879600,
SCHX,39.41,39.5,38.950001,38.950001,415700,
SCI,17.870001,18.07,17.76,17.76,1809100,
SCIF,7.86,7.88,7.64,7.65,44200,
SCLN,4.85,4.91,4.79,4.87,120000,
SCMP,7.05,7.08,6.78,6.87,117700,
SCO,34.860001,35.5,34.68,35.18,863200,
SCOK,1.54,1.54,1.45,1.49,14946,
SCOR,23.25,23.549999,23.24,23.540001,116300,
SCR,17.115,17.115,17.115,17.115,0,
SCS,14.99,15.16,14.78,15.15,983600,
SCSC,34.439999,34.639999,34.049999,34.119999,61800,
SCSS,25.77,26.42,25.540001,25.709999,1307500,
SCTY,37.130001,37.150002,35.299999,36.029999,1774300,
SCVL,24.450001,24.59,23.67,23.91,57600,
SCZ,44.43,44.540001,43.669998,43.720001,243800,
SD,4.95,5.18,4.91,5.08,14924100,
SDIV,22.1,22.1,21.59,21.610001,377000,
SDLP,29.870001,29.969999,29.68,29.889999,11700,
SDOW,40.27,41.75,40.080002,41.700001,787500,
SDR,13.34,13.46,13.26,13.33,70200,
SDRL,40.779999,41.029999,40.610001,40.610001,2247100,
SDS,38.869999,39.900002,38.720001,39.84,18474500,
SDT,14.08,14.09,13.8,13.85,80100,
SDY,68.610001,68.660004,67.470001,67.470001,816700,
SE,34.59,34.75,34.220001,34.240002,5177500,
SEA,18.01,18.02,17.809999,17.82,28700,
SEAC,11.77,11.81,11.65,11.75,78600,
SEAS,37.970001,38.490002,37.720001,38.279999,408100,
SEE,24.610001,24.75,24.25,24.290001,1448100,
SEED,1.5,1.53,1.5,1.52,21600,
SEF,23.299999,23.610001,23.290001,23.610001,17000,
SEIC,29.51,29.530001,28.92,28.940001,873100,
SEM,8.27,8.31,8.01,8.01,367700,
SEMG,55.580002,55.689999,54.490002,54.66,315100,
SEP,43.380001,43.450001,42.16,42.349998,343100,
SF,35.970001,36.73,35.619999,36.189999,406400,
SFC,92.080002,93.18,91.809998,92.82,0,
SFD,33.15,33.25,33.01,33.01,6423165,
SFE,16.02,16.23,15.96,16.040001,130000,
SFG,46.209999,47,46.029999,46.509998,371300,
SFI,20800,21000,20800,20800,10400,
SFL,15.9,16,15.61,15.63,1341500,
SFLY,53.59,54.759998,53.09,53.18,731900,
SFUN,26.559999,26.760001,26.31,26.329999,657000,
SFY,13.38,13.64,13,13.03,1331200,
SGEN,32.259998,32.400002,31.370001,31.49,399900,
SGG,60.189999,60.84,60.099998,60.220001,23800,
SGI,14.47,14.69,14.26,14.29,325900,
SGMO,8.18,8.25,7.86,7.93,398500,
SGMS,11.45,11.53,11.33,11.36,170400,
SGOL,135.080002,135.460007,132.910004,133.169998,74300,
SGU,4.88,4.9,4.83,4.85,32000,
SGY,23.359999,23.660001,23.01,23.179999,10000,
SGYP,4.979998,4.979998,4.779997,4.81,603700,
SH,28.84,29.23,28.790001,29.209999,3141500,
SHEN,17.219999,17.280001,16.65,16.85,86800,
SHFL,18.17,18.3,18.065,18.27,213600,
SHLD,47.059872,47.629871,46.139877,46.449875,661500,
SHLM,27.639999,27.75,27.370001,27.42,95000,
SHO,12.4,12.44,11.86,11.89,1570900,
SHOO,48.149998,48.449999,47.770005,47.899996,304600,
SHOR,3.72,3.86,3.72,3.85,328000,
SHOS,44.959999,45.610001,44.23,44.59,175300,
SHPG,97.830002,98.260002,96.68,96.709999,179200,
SHW,183.770004,184.610001,181.520004,181.729996,435700,
SHY,84.419998,84.43,84.32,84.330002,884400,
SI,0.135,0.135,0.13,0.13,40000,
SIAL,81.239998,82.150002,81.139999,81.190002,518100,
SID,3.07,3.15,2.95,3,7018300,
SIFY,1.85,1.86,1.83,1.86,17000,
SIG,70,70.669998,69.349998,69.370003,416100,
SIGA,3.14,3.17,3.06,3.07,171700,
SIGM,4.99,5.01,4.86,4.89,128400,
SIL,13.169986,13.259986,12.769987,12.769987,54700,
SIM,12.62,12.77,12.26,12.26,15200,
SIMG,5.68,5.72,5.42,5.47,1313100,
SIMO,11.21,11.23,11.06,11.15,139800,
SINA,58.450001,58.700001,56.790001,56.889999,1182700,
SIR,29.83,29.91,28.33,28.469999,169500,
SIRI,3.41,3.48,3.35,3.37,70849500,
SIRO,65.160004,66.110001,64.699997,64.730003,623600,
SIVB,75.57,75.949997,74.769997,75.449997,315300,
SIVR,21.450001,21.559999,21.02,21.110001,101200,
SIX,76,76,73.550003,73.589996,630800,
SJB,31.299999,31.48,31,31.48,72700,
SJI,58.77,58.959999,57.779999,57.82,119200,
SJM,103.5,103.760002,102.309998,102.379997,744300,
SJR,22.85,22.85,22.32,22.4,651900,
SJT,15.67,15.97,15.6,15.69,88100,
SKF,22.48,23.059999,22.370001,23.040001,175700,
SKH,7.09,7.17,6.97,6.98,99800,
SKM,21.049999,21.33,20.950001,21.139999,2278500,
SKS,14.38,14.4963,14.25,14.26,1001500,
SKT,34.790001,34.959999,33.25,33.389999,395600,
SKUL,5.7,5.78,5.56,5.67,394100,
SKX,22.729999,23.07,22.66,22.780001,1109100,
SKYW,14.59,14.61,14.26,14.28,146100,
SKYY,21.74,21.83,21.610001,21.65,49800,
SLAB,42.830002,43,42.279999,42.290001,178700,
SLB,74.260002,74.790001,73.400002,73.400002,6332400,
SLCA,21.530001,21.530001,20.719999,20.860001,882900,
SLF,30.110001,30.309999,29.690001,29.84,365100,
SLG,91.610001,91.809998,88.690002,89.059998,1316000,
SLGN,47.939999,48.09,46.91,47.099998,161300,
SLH,53.990002,53.990002,53.27,53.330002,159200,
SLM,23.089993,23.280003,22.88999,22.909997,8683000,
SLRC,23.059999,23.33,22.959999,23.02,345500,
SLT,36.26,36.26,36.26,36.26,0,
SLV,20.93,21.120001,20.530001,20.6,15248400,
SLW,22.83,23.08,22.15,22.209999,3940900,
SLX,40.119999,40.240002,39.419998,39.560001,23100,
SLXP,67.26,67.38,66.33,66.42,423900,
SM,62.529999,63.380001,62.029999,62.169998,334300,
SMA,1.35,1.35,1.35,1.35,400,
SMFG,8.97,8.98,8.7,8.71,1393100,
SMG,49.98,50,49.16,49.25,330100,
SMH,38.75,38.950001,38.209999,38.209999,1535500,
SMLP,33.529999,33.880001,33.02,33.619999,18500,
SMN,47.630001,48.650002,47.57,48.639999,32300,
SMP,35.18,35.25,35,35.080002,104400,
SMRT,13.54,13.71,13.27,13.63,168900,
SMS,0.5,0.5,0.5,0.5,0,
SMSI,1.19,1.2,1.16,1.17,11900,
SMT,1.32,1.33,1.31,1.32,76400,
SMTC,36.959999,37.189999,36.68,36.68,338600,
SN,23.34,23.41,22.85,22.99,843900,
SNA,92.139999,92.629997,91.18,91.18,222700,
SNAK,7.91,7.96,7.75,7.75,23100,
SNCR,32.470001,32.470001,31,31.540001,395600,
SNDK,63.16,63.73,61.48,61.560001,3555500,
SNE,21.129999,21.17,20.49,20.49,5014200,
SNH,26.33,26.360001,25.16,25.27,1383000,
SNHY,31.34,31.549999,30.98,31,20300,
SNI,68.010002,69.230003,67.75,67.760002,876700,
SNP,94.299994,94.309992,91.809997,91.809997,114200,
SNPS,36.560001,36.790001,36.34,36.43,551400,
SNSS,5.08001,5.26001,5.06001,5.21001,31600,
SNTA,3.98,4.02,3.86,3.88,1184600,
SNTS,19200,19200,19200,19200,800,
SNV,2.760055,2.820056,2.750055,2.810056,1299000,
SNX,43.84,44.099998,43.349998,43.439999,231400,
SNY,54.450001,54.669998,53.299999,53.400002,541800,
SO,44.740002,44.75,43.560001,43.57,4637700,
SODA,69.010002,69.889999,67.599998,68.57,1932000,
SOHU,65.940002,67.709999,65.599998,66.489998,681200,
SOL,2.02,2.17,2.02,2.14,1050000,
SON,35.34,35.380001,34.98,35.049999,263300,
SONC,14.86,15.2,14.76,14.8,533800,
SONS,3.32,3.33,3.25,3.28,298100,
SORL,2.65,2.73,2.65,2.65,13100,
SOX,479.76,482.06,474.35,474.51,0,
SOXL,50.75,51.360001,48.869999,49.02,1094400,
SOXS,14.71,15.3,14.6,15.24,27200,
SOXX,65.330002,65.550003,64.480003,64.5,853900,
SOYB,24.530001,24.93,24.43,24.719999,8400,
SPAR,6.09,6.1,5.85,6,50100,
SPB,60.34,60.919998,59.790001,59.799999,270700,
SPF,9.27,9.29,8.92,8.95,4797300,
SPG,167.409989,167.879998,160.400005,162.519988,2212400,
SPH,47.259998,47.68,46.889999,47.380001,127400,
SPIL,6.13,6.25,6.1,6.18,892000,
SPLK,43.91,44.169998,43.689999,43.720001,1452400,
SPLS,16.51,16.51,16.030001,16.049999,10179800,
SPLV,31.58,31.6,30.93,30.93,1289800,
SPN,28.219999,28.59,28.07,28.23,3067800,
SPNC,18.15,18.26,17.77,17.780001,187500,
SPP,2.07,2.1,1.98,2.08,3400,
SPPI,8.25,8.3,8.17,8.17,555200,
SPR,21.709999,21.860001,21.549999,21.57,833700,
SPRD,22.9,24,22.6,23.73,2421900,
SPRT,4.52,4.77,4.51,4.7,228600,
SPSC,55.099998,55.889999,54.98,55.369999,59500,
SPTN,19.17,19.219999,18.379999,18.51,53400,
SPU,2.15,2.16,2.12,2.14,3000,
SPW,77.160004,77.339996,75.629997,75.629997,331200,
SPWR,19.48,19.6,18.860001,19.040001,2549300,
SPX,1651.829956,1652.449951,1628.910034,1628.930054,3545060000,
SPXL,45.27,45.48,43.43,43.57,3427400,
SPXS,10.12,10.52,10.06,10.48,1372400,
SPXU,22.790001,23.709999,22.68,23.65,2490500,
SPY,165.600006,165.889999,163.380005,163.449997,206149500,
SQI,23.610001,23.83,23.469999,23.48,54900,
SQM,42.509995,42.68,41.899999,42.089999,564900,
SQNM,4.19,4.37,4.18,4.22,1688900,
SQQQ,26.48,27.469999,26.41,27.4,1325500,
SRC,19.599993,19.799996,19.200003,19.220003,2018500,
SRCL,110.900002,110.949997,108.5,108.589996,262700,
SRDX,23.379999,23.440001,22.129999,22.17,40400,
SRE,82.080002,82.5,81.029999,81.029999,1478400,
SREV,9.09,9.2,9,9.06,375300,
SRI,12.12,12.13,11.75,11.85,241400,
SRPT,40.509998,41.25,39.02,39.779999,3238200,
SRS,20.52,21.969999,20.51,21.889999,101200,
SRT,4.7,4.76,4.7,4.72,10000,
SRTY,18.700001,19.469999,18.65,19.43,356800,
SSD,29.530001,29.620001,28.549999,28.59,100900,
SSG,26.2,26.65,25.99,26.65,1100,
SSH,6.01,6.09,5.88,5.89,28000,
SSI,22.389999,22.969999,22.360001,22.41,662300,
SSL,44.380001,44.5,42.689999,42.73,279200,
SSN,0.43,0.44,0.43,0.43,23900,
SSNC,32.98,33.27,32.700001,32.869999,540400,
SSO,81.190002,81.480003,79.019997,79.089996,20835600,
SSP,15.489994,15.600001,15.300005,15.389996,473000,
SSRI,6.98,7.04,6.71,6.74,1032000,
SSS,67.800003,68.339996,65.370003,65.510002,88300,
SSW,22.4,22.5,22.200001,22.290001,52100,
SSYS,86.129997,86.129997,83.790001,84.599998,453600,
ST,35.869999,36,35.540001,35.779999,1118400,
STAA,10.46,10.49,10.16,10.32,165600,
STAG,21.459999,21.6,20.68,20.690001,231500,
STB,6.35,6.35,6.2,6.22,179200,
STBA,19.440001,19.440001,18.9,19.049999,38900,
STBZ,15.1,15.18,15,15.01,25300,
STC,27.5,27.530001,26.9,26.99,213600,
STE,44.759998,44.880001,43.990002,44.02,148200,
STEC,3.47,3.5,3.45,3.46,249500,
STEI,13.07,13.08,13.06,13.07,466100,
STEL,19.25,19.28,18.921,19.08,33200,
STFC,18.280001,18.379999,17.700001,17.709999,10600,
STI,31.67,31.74,31.219999,31.25,3957400,
STJ,45.810001,46.18,45.240002,45.32,1759800,
STKL,8.03,8.19,7.98,8.1,288500,
STLD,14.92,15.09,14.83,14.88,1417800,
STM,10.03,10.05,9.71,9.74,1543100,
STMP,38.360001,38.860001,38.189999,38.580002,138700,
STNG,9.14,9.16,8.85,8.86,515900,
STO,22.23,22.25,21.809999,21.85,2189700,
STON,25.950001,26.1,25.9,26.059999,52200,
STP,0.44,0.455,0.435,0.435,429900,
STR,24.08,24.290001,23.76,23.76,526900,
STRA,52.34,53.080002,50.740002,50.919998,91200,
STRI,2.519975,2.529975,2.399976,2.429976,29800,
STRL,9.29,9.41,9.16,9.36,40400,
STRM,6.05,6.11,6,6.03,174800,
STRZA,22.809999,23.030001,22.58,22.620001,379300,
STSA,22.64,22.88,22.5,22.65,107100,
STSI,1.46,1.46,1.36,1.37,878600,
STT,67.419998,67.860001,66.68,66.68,3443100,
STV,1.52,1.55,1.51,1.53,63400,
STWD,25.780001,25.919996,24.579996,24.810004,2646300,
STX,44.740002,45.049999,44.130001,44.380001,3490300,
STZ,52.610001,52.790001,51.689999,51.700001,1007900,
SU,31.040001,31.200001,30.549999,30.67,4258100,
SUI,51.400002,51.57,49.720001,49.810001,82500,
SUNE,8.74,8.76,8.44,8.49,2874400,
SUP,18.139999,18.139999,17.700001,17.73,27200,
SUPN,6.64,6.78,6.59,6.71,154300,
SUPX,23.16,24.2,22.5,23.73,52400,
SURG,3.73,3.75,3.66,3.7,74100,
SUSP,28.29,28.43,28.21,28.41,8900,
SUSQ,12.16,12.28,12.05,12.1,966600,
SUSS,50.06,50.31,49.4701,50.14,234400,
SUTR,1.75,1.77,1.7,1.7,40600,
SVA,4.07,4.08,4,4.01,33200,
SVM,2.74,2.76,2.63,2.63,617700,
SVN,16.05,16.05,16.05,16.05,0,
SVNT,0.74,0.76,0.72,0.74,242800,
SVO,375.9867,378.4514,374.7219,375.0909,0,
SVU,6.45,6.49,6.24,6.33,4252700,
SVXY,81.910004,86.379997,81.370003,82.529999,3895600,
SWC,11.77,11.91,11.54,11.59,1132900,
SWFT,16.43,16.57,16.309999,16.370001,909700,
SWHC,9.8,10.03,9.8,10,2264300,
SWI,41.889999,42.139999,41.040001,41.150002,921700,
SWIR,12.53,12.74,12.32,12.35,74300,
SWK,80.989998,81.040001,79.379997,79.379997,1102900,
SWKS,22.370001,22.6,22.200001,22.209999,3406800,
SWM,50.759998,50.970001,50.080002,50.389999,133600,
SWN,38.189999,38.279999,37.509998,37.57,2414200,
SWSH,0.89,0.89,0.81,0.83,59400,
SWX,48.759998,48.759998,47.279999,47.360001,131300,
SWY,21.39,21.57,21.07,21.09,10837100,
SXC,15.09,15.15,14.47,14.72,1379500,
SXCP,22.879999,23.209999,22.66,22.76,249700,
SXE,22.92,23,22.85,22.950001,2500,
SXI,54.450001,54.849998,53.220001,53.779999,142600,
SXL,64.830002,65.540001,64.199997,64.230003,422200,
SXT,41.529999,41.529999,40.5,40.549999,82400,
SYA,15.75,15.76,15.5,15.51,563300,
SYK,67.760002,67.900002,66.370003,66.449997,1262700,
SYKE,15.83,15.9,15.72,15.81,200900,
SYMC,22.719999,22.99,22.65,22.700001,8798000,
SYNA,37.900002,38.139999,37.119999,37.139999,536400,
SYNC,3.18,3.19,3.1,3.1,81700,
SYNT,65,65.360001,64.629997,64.790001,185800,
SYRG,7.2,7.22,7.01,7.06,641300,
SYT,79.599998,79.940002,78.540001,78.629997,164600,
SYX,9.75,9.78,9.58,9.64,15600,
SYY,34.77,34.790001,34.130001,34.150002,2393700,
SZYM,12.11,12.89,12,12.64,1058500,
T,36.060001,36.139999,35.25,35.25,24464500,
TA,10.6,10.73,10.47,10.51,157700,
TAHO,13.5,14.2,13.45,13.93,70800,
TAL,10.28,10.32,10.16,10.22,146500,
TAM,20.6,20.95,20.33,20.67,242400,
TAN,24.41,24.5,23.91,23.969999,149000,
TAO,20.77,20.91,20.5,20.57,75000,
TAOM,4.5,4.8,4.43,4.8,66700,
TAP,49.900002,50.59,49.139999,49.139999,2057900,
TASR,9.4,9.4,9.11,9.21,469800,
TAST,6.44,6.69,6.4,6.64,163500,
TAT,0.74,0.77,0.72,0.75,7600,
TAXI,14.27,14.37,14.09,14.11,61200,
TAYC,18.25,18.34,17.84,17.94,79600,
TBBK,14.09,14.1,13.89,13.95,20800,
TBF,30.540001,31.09,30.52,30.9,2077200,
TBI,23.82,23.82,22.65,22.92,228700,
TBT,68.43,71,68.400002,70.25,5686300,
TC,3.1,3.26,3.08,3.19,1686400,
TCAP,27.889999,27.889999,27.18,27.219999,155700,
TCB,14.14,14.24,14.02,14.08,731200,
TCBI,43.389999,43.950001,43.02,43.490002,215700,
TCK,23.360001,23.59,22.35,22.4,3793400,
TCO,79.849998,79.879997,76.779999,77.519997,593900,
TCP,44.5,44.84,44.349998,44.5,373500,
TCPC,16.07,16.43,16.059999,16.219999,368500,
TCRD,14.43,14.86,14.3,14.61,9954200,
TD,80.730003,80.769997,79.5,79.830002,3119800,
TDC,55.310001,56.060001,55.209999,55.299999,1534800,
TDG,157.100006,158.300003,155.899994,156.839996,914800,
TDIV,22.74,22.74,22.360001,22.379999,199100,
TDS,23.59,23.74,23.190001,23.219999,494400,
TDW,58.419998,58.560001,57.68,57.740002,270000,
TDY,77.120003,77.419998,76.190002,76.220001,95500,
TE,17.459999,17.49,17.01,17.02,1580900,
TEAR,11.170001,11.36,11,11.08,38700,
TECD,49.27,49.59,48.450001,48.639999,178900,
TECH,68.07,68.800003,68,68.099998,151000,
TECL,64.080002,64.190002,61.799999,61.869999,292400,
TECS,32.439999,33.529999,32.400002,33.509998,8000,
TECUA,10.95,11.09,10.92,11.08,63700,
TEF,13.6,13.61,13.29,13.32,1081700,
TEG,57.700001,57.880001,56.310001,56.310001,377300,
TEL,46.860001,46.860001,45.810001,45.970001,1638700,
TEN,47.5,47.830002,47.009998,47.200001,579700,
TEO,14.45,14.57,14.16,14.26,284300,
TEP,21.940001,22.299999,21.65,22.15,76000,
TER,17.809999,17.9,17.48,17.530001,1573900,
TESO,12.45,12.6,12.37,12.51,201700,
TEU,4.12,4.12,4.03,4.05,69700,
TEVA,39.720001,39.720001,39.16,39.299999,2834800,
TEX,29.559999,29.9,29.26,29.280001,2700400,
TFM,52.860001,52.950001,51.560001,51.869999,295200,
TFSL,11.06,11.09,10.95,11,169900,
TFX,78.480003,78.519997,77.199997,77.239998,92600,
TG,27.08,27.309999,26.370001,26.379999,56800,
TGA,7.07,7.12,7,7.02,35700,
TGB,2.04,2.06,2,2,224100,
TGH,38.16,38.389999,37.720001,37.869999,189800,
TGI,80.400002,80.690002,78.139999,78.290001,540400,
TGP,42.610001,42.68,42.16,42.549999,156300,
TGT,70.150002,70.330002,68.75,68.879997,4931700,
THC,45.73,45.740002,43.939999,44.110001,2267600,
THG,48.860001,49.060001,48.400002,48.419998,286500,
THI,55.1,55.12,54.08,54.17,311600,
THLD,5.52,5.58,5.35,5.46,307700,
THM,0.7,0.7,0.6,0.61,1548900,
THO,48.220001,48.419998,47.529999,47.709999,323000,
THOR,31.790001,31.92,31.51,31.58,564000,
THRM,19.07,19.08,18.68,18.799999,227500,
THRX,35.780006,35.959999,35.099999,35.249999,638200,
THS,66.870003,66.889999,65.82,65.879997,65400,
TI,7.2,7.2,7,7,387400,
TIBX,21.63,21.69,21.36,21.38,1873700,
TICC,9.69,9.7,9.54,9.59,462900,
TIF,76.720001,76.760002,75,75.07,1055300,
TILE,17.719999,18.09,17.639999,17.709999,353600,
TINY,3.39,3.4,3.28,3.28,56400,
TIP,114.709999,114.839996,112.849998,112.889999,2040800,
TISI,37.919998,38.099998,37.529999,37.650002,75800,
TITN,19.85,19.950001,19.43,19.57,310500,
TIVO,24.870001,24.98,24.6,24.66,765600,
TJX,50.689999,50.860001,49.84,49.84,2881900,
TK,41.169998,41.259998,39.970001,40.41,394700,
TKC,14.9,15.02,14.68,14.72,468800,
TKR,58.830003,59.440002,58.189996,58.489999,1099400,
TLAB,2.19,2.21,2.17,2.17,1144700,
TLH,129.960007,130.009995,127.910004,128.399994,14100,
TLK,43.150002,43.889999,42.650002,42.68,345500,
TLLP,59.18,59.529999,58.32,59,248300,
TLM,11.76,11.92,11.69,11.8,5044800,
TLP,41.84,42.220001,41.689999,41.740002,127000,
TLT,113.739998,113.790001,111.620003,112.110001,17138200,
TLYS,15.75,15.87,15.57,15.59,45700,
TM,122.699997,123.18,120.709999,120.779999,616500,
TMF,59.369999,59.459999,56.119999,57.029999,864800,
TMH,42.009998,42.419998,41.610001,41.830002,891500,
TMHC,26.67,27.67,26.35,26.389999,1110000,
TMK,65.329994,65.879997,64.800001,64.800001,557600,
TMO,86.07,86.269997,84.690002,84.690002,2029400,
TMUS,22.43,22.540001,22.23,22.23,4698900,
TMV,59.560001,62.950001,59.52,62.009998,972900,
TNA,50.919998,51.220001,48.93,49.119999,15404100,
TNAV,5.15,5.29,5.14,5.21,458500,
TNC,51.540001,51.59,50.700001,50.77,48900,
TNGO,15.65,15.69,15.2,15.48,376800,
TNK,2.82,2.85,2.73,2.75,197000,
TNP,4.84,4.88,4.78,4.79,81600,
TOL,34.380001,34.490002,33.110001,33.139999,5303900,
TOO,32.84,33.16,32.650002,32.959999,444400,
TOT,50.23,50.540001,49.52,49.77,1415000,
TPC,18.549999,18.790001,18.34,18.370001,243700,
TPH,16.66,16.67,16.4,16.459999,280500,
TPLM,7.4,7.52,7.31,7.42,762900,
TPX,45.650002,45.869999,44.68,44.720001,819600,
TQNT,7.02,7.06,6.93,6.95,1056800,
TQQQ,72.910004,73.169998,70.220001,70.510002,7321200,
TR,32.750096,32.820095,32.000091,32.010082,80000,
TRAK,34.779999,35.169998,34.560001,34.84,257500,
TRC,30.569996,30.77,30.18,30.260004,20500,
TREX,56.02,58.029999,55.860001,56.360001,850200,
TRGP,66.769997,67.209999,65.839996,65.860001,205700,
TRGT,4.87,4.88,4.76,4.77,682500,
TRI,33.799999,33.830002,33.330002,33.34,1096700,
TRIB,17.200001,17.200001,16.950001,17.030001,23400,
TRIP,63.41,64.849998,63.369999,63.77,973200,
TRLA,30.58,31.08,30.35,30.77,418800,
TRLG,31.7,31.74,31.66,31.66,196500,
TRMB,27,27,26.360001,26.4,1403600,
TRMK,24.68,24.709999,24.440001,24.469999,167800,
TRN,38.349998,38.599998,37.5,37.860001,3025400,
TRNX,17,17.09,16.77,16.809999,151900,
TROW,75.800003,76.25,74.660004,74.709999,1829500,
TROX,21.65,21.92,20.969999,21.469999,1686500,
TRP,46.75,46.790001,45.34,45.669998,1893400,
TRQ,6.21,6.290005,6.010005,6.019995,2701600,
TRS,35.169998,35.779997,35.150001,35.330002,197800,
TRV,83.889999,84.080002,82.279999,82.279999,1913800,
TRW,65.81,66.4,65.27,65.27,727600,
TRX,2.83,2.87,2.58,2.62,385800,
TS,41.349998,41.939999,41.029999,41.16,1046000,
TSCO,117.480003,117.949997,115.949997,116.010002,805400,
TSL,6.12,6.19,5.93,6,1898100,
TSLA,102.059998,106.669998,102.010002,104.68,8578900,
TSM,18.299999,18.459999,17.99,17.99,8924900,
TSN,25.9,26,25.530001,25.530001,3133700,
TSO,57.169998,58.880001,56.900002,57.41,2611800,
TSPT,3.03,3.09,3.02,3.05,100400,
TSRA,21.17,21.309999,21,21.01,173500,
TSRX,8.65,8.7,8.43,8.55,820900,
TSS,23.23,23.25,22.98,23,2108400,
TSU,19.200001,19.34,18.610001,18.610001,1359200,
TSYS,2.25,2.25,2.15,2.17,134600,
TTC,47.779999,47.990002,46.84,46.990002,385600,
TTCMY,6.35,6.35,6.25,6.25,164200,
TTEC,24.4,24.4,23.85,23.950001,79700,
TTEK,23.15,23.450001,22.559999,23.09,4850500,
TTI,10.99,11.23,10.96,11.21,650300,
TTM,24.940001,25.030001,24.559999,24.559999,971300,
TTMI,8.3,8.31,8.21,8.25,111800,
TTS,30.309999,30.33,28.4,29.01,516100,
TTT,77.199997,81.449997,77.120003,80.260002,139500,
TTWO,15.6,15.67,15.19,15.36,1506500,
TU,34.639999,34.639999,33.360001,33.380001,133400,
TUES,10.48,10.53,10.34,10.36,82000,
TUMI,24.25,24.639999,24.25,24.43,290600,
TUP,80.489998,81.209999,79.209999,79.239998,397800,
TV,23.719999,23.98,23.4,23.469999,1808800,
TVL,2.34,2.34,2.28,2.28,2000,
TW,78.669998,79.190002,78.370003,78.75,268000,
TWC,102.989998,103.82,102.25,102.489998,1482500,
TWER,2.18,2.23,2.13,2.18,13100,
TWGP,20.48,20.85,20.47,20.63,478600,
TWI,17.67,17.73,17.280001,17.299999,1311500,
TWIN,24.18,24.42,23.120001,23.139999,32900,
TWM,17.26,17.719999,17.200001,17.68,961300,
TWO,11.16,11.21,10.68,10.77,8305400,
TWTC,28.76,28.925,28.58,28.64,906100,
TWX,58.969999,59.179996,57.849994,57.859997,3721200,
TX,22.07,22.33,21.85,21.940001,180400,
TXCC,0.41,0.41,0.36,0.38,305900,
TXI,68.2,68.56,67.08,67.15,141000,
TXN,36.23,36.290001,35.610001,35.709999,5850300,
TXRH,25.27,25.370001,25.02,25.1,391000,
TXT,27.18,27.309999,26.889999,26.9,2477900,
TYC,33.779999,33.819999,33.369997,33.389997,4267600,
TYD,40.59,40.59,39.060001,39.060001,7100,
TYL,70.080002,70.32,69.220001,69.279999,93200,
TYO,23.49,24.459999,23.49,24.43,52900,
TYPE,26.76,26.870001,24.93,25,123400,
TZA,29.879999,31.049999,29.73,30.92,4256200,
TZOO,27.540001,27.59,27.08,27.190001,27800,
UA,60.009998,60.5,59.529999,59.68,3560800,
UAL,32.360001,32.490002,31.76,31.82,1281300,
UAM,9.74,9.84,9.67,9.68,61500,
UAN,22.68,23.129999,22.51,22.75,261200,
UBA,21.299999,21.379999,20.639999,20.67,50000,
UBNT,17.57,17.57,16.860001,17.040001,428300,
UBS,18,18.09,17.7,17.72,1710600,
UBSI,25.780001,25.790001,25.35,25.52,85800,
UBT,61.939999,61.939999,59.900002,60.209999,28900,
UCO,31.69,31.870002,31.120002,31.420002,209200,
UCTT,6.39,6.44,6.36,6.4,50800,
UDN,26.91,26.940001,26.59,26.66,109100,
UDOW,88.239998,88.639999,85.169998,85.169998,528200,
UDR,24.52,24.66,23.74,23.9,1854900,
UEC,2.08,2.09,2.02,2.02,276100,
UEPS,7.01,7.07,7.01,7.04,48700,
UFCS,28.4,28.540001,27.24,27.370001,43000,
UFI,22.309999,22.51,21.59,21.84,60500,
UFPI,44.950001,44.950001,42.759998,43.16,173300,
UFS,72.690002,72.690002,71.720001,72.160004,472200,
UGA,57.700001,57.759998,57.439999,57.529999,13600,
UGI,39.250005,39.329999,38.430001,38.449994,528600,
UGL,55.57,55.869999,53.740002,53.93,136300,
UGP,23.57,23.6,22.9,22.93,362100,
UHAL,172.619995,173.149994,168.309998,169.350006,48100,
UHS,70.209999,70.57,68.139999,68.370003,723500,
UIL,39.41,39.560001,38.459999,38.490002,204600,
UIS,21.16,21.85,21.049999,21.82,489300,
UL,41.860001,42.049999,41.220001,41.220001,924400,
ULE,24.799999,25.01,24.27,24.280001,16100,
ULTA,96.32,96.639999,94.949997,95.040001,473700,
ULTI,116.169998,116.68,114.93,115.339996,110000,
UMBF,52.509998,52.740002,51.990002,52.080002,68000,
UMC,2.2,2.23,2.17,2.17,1809300,
UMDD,65.849998,65.910004,63,63,93000,
UMPQ,14.5,14.66,14.45,14.5,376600,
UN,40.799999,40.990002,40.220001,40.23,1157500,
UNFI,55.259998,55.419998,53.98,54.189999,305100,
UNG,21.1,21.209999,21,21.049999,2399900,
UNH,65.699997,66.160004,65.230003,65.260002,6370200,
UNIS,3.14,3.15,2.97,3,88000,
UNL,18.82,18.82,18.719999,18.799999,9700,
UNM,28.639999,28.83,28.34,28.34,1535100,
UNP,157.630005,158.199997,155.639999,155.660004,2357400,
UNS,47.05,47.11,45.64,45.68,170000,
UNT,44.68,44.959999,44.130001,44.369999,110000,
UNTD,7.430025,7.810031,7.410025,7.710026,1149700,
UNXL,17,17.309999,15.35,15.59,1866100,
UPI,2.08,2.16,2.07,2.11,22900,
UPL,22.209999,22.4,21.700001,21.73,1520900,
UPRO,68.290001,68.620003,65.57,65.709999,8913200,
UPS,87.519997,87.660004,86.309998,86.370003,3027000,
UQM,1.29,1.3,1.21,1.26,184600,
URA,18,18.01,17.629999,17.66,19600,
URBN,40.700001,40.830002,39.779999,39.900002,2024900,
URE,78.330002,78.330002,72.779999,72.900002,205900,
URI,51.799999,52.310001,51.080002,51.16,2170800,
URRE,2.509999,2.569999,2.509999,2.539999,1200,
URS,48.3,48.3,47.42,47.49,450900,
URTY,57.07,57.41,54.880001,55.16,330100,
URZ,1.24,1.25,1.21,1.21,127400,
USAC,23.129999,23.35,23.059999,23.34,28600,
USB,35.400002,35.630001,35.130001,35.189999,9300200,
USD,45,45,43.400002,43.419998,9800,
USEG,1.940004,2.160004,1.930004,2.150004,52700,
USG,26.16,26.190001,25.07,25.26,1500700,
USL,41.299999,41.419998,41.009998,41.139999,43800,
USM,33.509998,33.799999,33.049999,33.200001,92700,
USMO,13.35,13.35,12.96,13.11,63900,
USNA,74.5,75.830002,72.099998,72.919998,119500,
USO,34.959999,35.060001,34.630001,34.779999,3543400,
UST,54.82,54.82,53.099998,53.27,141600,
USTR,33.75,33.97,33.32,33.33,66600,
USU,0.3,0.33,0.3,0.32,10600,
UTEK,37.07,37.400002,36.130001,36.25,108200,
UTHR,65.75,65.970001,64.68,64.989998,442500,
UTI,11.36,11.43,11.17,11.24,15600,
UTIW,15.77,15.83,15.42,15.42,430900,
UTSI,2.73,2.75,2.73,2.74,17300,
UTX,96.050003,96.400002,94.18,94.18,3406400,
UUP,21.85,22.1,21.82,22.059999,1676000,
UVE,7.25,7.39,7.21,7.29,258400,
UVV,61.459999,61.509998,59.509998,59.540001,144900,
UVXY,69.740003,70.780003,62.340003,68.480003,13000,
UWM,63.040001,63.25,61.41,61.450001,918300,
UXI,75.300001,75.300001,73.320002,73.320002,6900,
UYG,96.739998,97,93.940002,94.050003,1195600,
UYM,38.880001,38.880001,37.959999,37.959999,83300,
V,184.25,185.130005,182.529999,182.630005,12220800,
VAC,45.040001,45.240002,44.57,44.720001,141100,
VAL,69.330002,69.440002,68.010002,68.199997,386800,
VALE,14.29,14.42,13.98,13.98,19237200,
VALE.P,13.34,13.43,12.9,12.9,7349500,
VAR,70.769997,70.849998,68.75,68.779999,454600,
VASC,15.39,15.45,15.16,15.19,68900,
VAW,91.029999,91.18,90.169998,90.169998,17600,
VB,95.790001,95.809998,94.440002,94.459999,242200,
VBK,105.400002,105.510002,103.959999,103.989998,114800,
VBR,85.470001,85.470001,84.190002,84.25,149300,
VC,65.18,65.309998,64.32,64.589996,247300,
VCBI,13.6,13.63,13.46,13.5,14900,
VCI,26.23,26.26,25.6375,25.73,281000,
VCIT,85.199997,85.300003,83.900002,83.970001,425800,
VCLK,25.08,25.46,24.97,24.97,426200,
VCLT,86.239998,86.5,84.610001,84.779999,61200,
VCR,92.18,92.370003,91.129997,91.139999,71600,
VCRA,16.209999,16.23,15.55,15.58,363000,
VDC,105.190002,105.260002,103.099998,103.099998,60000,
VDE,116.230003,116.650002,115.089996,115.089996,123200,
VDSI,8.31,8.38,8.25,8.32,33400,
VE,12.3,12.34,12.03,12.05,285900,
VEA,37.720001,37.799999,37.009998,37.049999,4551500,
VECO,38.360001,39.75,37.77,38.25,556900,
VELT,1.49,1.54,1.44,1.46,569700,
VEU,46.700001,46.759998,45.810001,45.849998,948500,
VFC,190.580002,193.089996,190.580002,192.5,3392800,
VFH,40.77,40.790001,40.130001,40.139999,345600,
VG,2.77,2.77,2.75,2.75,592600,
VGK,51.889999,52.080002,50.98,50.98,2040800,
VGR,16.100045,16.100045,15.750045,15.750045,482200,
VGT,76.870003,76.959999,76.059998,76.07,234700,
VGZ,1.23,1.27,1.18,1.18,384700,
VHC,22.809999,22.969999,22.35,22.76,426900,
VHS,12.95,13.1,12.65,12.78,296100,
VHT,88.660004,88.660004,87.120003,87.18,124700,
VIAB,67.790001,68.089996,66.870003,66.870003,2029100,
VICL,3.14,3.17,3.1,3.11,92700,
VICR,5.28,5.29,5.22,5.22,33800,
VIG,68.68,68.68,67.629997,67.639999,1375300,
VIIX,10.93,11.01,10.36,10.84,157900,
VIP,10.3,10.58,10.28,10.29,1955500,
VIPS,32.490001,32.490001,28.989999,29.000001,11447000,
VIS,83.980003,83.980003,82.870003,82.870003,68800,
VIV,24.290001,24.51,23.549999,23.610001,1926000,
VIVO,21.74,21.74,21.42,21.450001,95000,
VIX,16.889999,17.18,15.36,16.639999,0,
VIXM,27.290001,27.35,26.219999,27.110001,14000,
VIXY,54.58,54.950001,51.650001,54.109998,218900,
VLCCF,6.75,6.86,6.55,6.56,102000,
VLO,38.029999,38.610001,37.52,37.580002,7481600,
VLTR,13.97,14.11,13.95,14,96400,
VLY,8.98,9.03,8.87,8.89,955500,
VMC,53.959999,54.639999,53.43,53.470001,376000,
VMI,142.399994,142.660004,139.779999,139.800003,235600,
VMW,70.449997,71.790001,69.690002,71,2684700,
VNDA,9.16,9.98,8.2,8.51,8617900,
VNET,12.02,12.14,11.75,11.8,259300,
VNO,83.979997,84.190004,80.699987,80.910003,1180700,
VNQ,70.510002,70.93,68.349998,68.57,4929600,
VNQI,54.560001,54.810001,53.41,53.41,142900,
VNR,27.67,28.190001,27.66,27.76,458600,
VNTV,26.440001,27.4,26.440001,26.799999,1444300,
VO,97.290001,97.419998,95.980003,95.980003,254400,
VOC,13.77,14.11,13.61,14.05,105700,
VOCS,10.33,10.469,10.25,10.45,518800,
VOD,28.580002,28.619999,27.88,27.900004,6299400,
VOE,70.370003,70.400002,69.32,69.32,122600,
VOLC,18.56,18.63,17.65,17.7,592200,
VOO,75.839996,75.970001,74.830002,74.870003,990900,
VOT,79.940002,80.080002,78.900002,78.93,43500,
VOX,79.639999,79.639999,77.980003,78.040001,47000,
VOXX,11.86,11.9,11.64,11.8,70600,
VOYA,26.709999,27.559999,26.52,27.379999,976000,
VPFG,19.8,20.15,19.74,19.78,267400,
VPG,15.74,15.88,15.5,15.59,14900,
VPHM,28.7,29.25,28.56,28.8,895900,
VPL,57.439999,57.619999,56.349998,56.400002,309800,
VPRT,47.71,47.85,46.99,47.58,201700,
VPU,83.730003,83.82,81.860001,81.860001,209100,
VR,36.720001,36.73,36.139999,36.169998,1641600,
VRA,21.809999,22.280001,21.780001,21.83,723600,
VRML,2.79,2.81,2.76,2.78,71300,
VRNG,2.98,3.04,2.96,2.99,96900,
VRNM,2.25,2.3,2.2,2.3,4300,
VRNT,34.43,34.529999,34.150002,34.200001,221600,
VRS,1.14,1.17,1.05,1.13,10100,
VRSK,59.82,60.360001,59.290001,59.290001,492100,
VRSN,45.119999,45.490002,44.919998,44.950001,2025100,
VRTU,23.32,23.4,22.49,22.49,187900,
VRTX,79.07,80.419998,77.849998,77.870003,1685200,
VRX,86.199997,87.550003,85.620003,86.410004,8347300,
VSAT,73.120003,73.120003,70.809998,70.849998,183400,
VSH,14.88,14.88,14.6,14.63,736200,
VSI,47.150002,47.34,46.560001,46.849998,388000,
VSS,94.120003,94.209999,92.489998,92.529999,79400,
VT,53.77,53.77,52.830002,52.880001,256200,
VTI,85.190002,85.470001,84.209999,84.239998,4448100,
VTR,71.660004,71.889999,68.370003,68.57,2075600,
VTSS,2.45,2.55,2.26,2.27,915200,
VTUS,2.2,2.27,2.17,2.21,147800,
VTV,69.790001,69.889999,68.879997,68.889999,848800,
VUG,80.849998,81.040001,79.790001,79.809998,598200,
VV,75.830002,75.879997,74.730003,74.730003,216500,
VVC,34.32,34.389999,33.5,33.509998,259700,
VVI,26.200001,26.459999,25.780001,25.889999,52200,
VVTV,5.3,5.39,5.23,5.28,174400,
VVUS,14.25,14.9,13.74,14.19,5863900,
VWO,39.900002,39.990002,38.849998,38.880001,36388300,
VXEEM,27.32,34.2,25.2,26.5,0,
VXEWZ,33.38,34.49,31.09,33.85,0,
VXF,71.339996,71.410004,70.440002,70.449997,150300,
VXUS,48.32,48.32,47.27,47.299999,1314800,
VXX,20.24,20.389999,19.15,20.059999,5423300,
VXZ,22.209999,22.309999,21.389999,22.07,208100,
VYM,58.150002,58.23,57.34,57.34,794600,
VZ,51.310001,51.450001,50.040001,50.049999,11188400,
WAB,54.049999,54.099998,53.32,53.34,250100,
WABC,45.310001,45.509998,44.950001,45.07,54800,
WAC,38.049999,38.16,36.720001,36.779999,721800,
WAFD,17.379999,17.5,17.290001,17.299999,371500,
WAG,50.84,51.22,50.21,50.23,3753895,
WAGE,32,32.509998,31.85,32.259998,315100,
WAIR,18.469999,18.719999,18.41,18.559999,336300,
WAL,14.25,14.44,14.16,14.34,355500,
WAT,102.010002,102.379997,100.199997,100.220001,373700,
WBC,76.339996,77.209999,75.910004,76.5,503000,
WBMD,28.01,28.299999,27.34,27.41,403600,
WBS,24.559999,24.68,24.290001,24.49,1380700,
WBSN,24.71,24.74,24.71,24.71,414200,
WCC,70.349998,70.349998,68.620003,68.690002,415600,
WCG,53.860001,54.330002,53.189999,53.450001,515600,
WCN,41.700001,41.700001,40.75,40.799999,436600,
WCRX,19.66,19.82,19.45,19.52,3709200,
WD,18.02,18.15,17.83,17.85,86500,
WDAY,61.349998,63.220001,61.09,62.75,916700,
WDC,64.639999,64.790001,63.509998,63.57,4052600,
WDFC,57.459999,57.52,55.41,55.459999,46200,
WDR,47.060001,47.189999,46.279999,46.290001,375300,
WEAT,18.41,18.75,18.26,18.65,18500,
WEC,41.599998,41.619999,40.490002,40.490002,1435200,
WEN,6,6.03,5.95,5.98,2561800,
WERN,24.469999,24.57,24.33,24.34,303400,
WES,63.34,63.43,62.75,62.990002,239200,
WETF,12.26,12.34,11.8,11.97,1837500,
WEX,80.349998,80.419998,77.139999,77.18,357600,
WFC,40.779999,41.18,40.619999,40.66,20898800,
WFM,52.799999,52.889999,51.919998,51.93,1902700,
WFT,14.05,14.22,13.9,13.94,7759700,
WG,6.88,6.94,6.7,6.75,272300,
WGL,43.75,43.75,42.830002,42.860001,93600,
WGO,21.01,21.049999,20.709999,20.73,148500,
WHR,129.429993,130.110001,126.779999,126.800003,542100,
WHX,2.28,2.28,2.28,2.28,0,
WHZ,13.59,13.7,13.51,13.65,69800,
WIBC,6.64,6.64,6.55,6.55,139200,
WIFI,6.49,6.6,6.46,6.46,144700,
WILN,4.33,4.35,4.25,4.25,17800,
WIN,8.13,8.15,7.97,7.98,7180764,
WIRE,35.189999,35.299999,35.029999,35.110001,59300,
WIT,7.4,7.48,7.26,7.26,556500,
WLB,11.48,11.55,11.15,11.35,35000,
WLH,25.030001,25.41,24.08,24.91,101100,
WLK,97.68,97.800003,96.730003,97,878000,
WLL,48.700001,49.66,48.48,48.549999,1309700,
WLP,79.52,80,78.5,78.52,1904000,
WLT,13.84,13.85,12.81,12.96,15243600,
WM,40.84,40.849998,40.16,40.169998,1646500,
WMAR,11.95,12.02,11.73,11.74,12800,
WMB,33.299999,33.349998,32.59,32.610001,6435100,
WMC,19.190001,19.35,18.059999,18.15,1104300,
WMGI,17,17.09,16.77,16.809999,151900,
WMS,25.57,25.65,25.5,25.51,129200,
WMT,75.739998,75.959999,74.339996,74.459999,8329100,
WNC,9.96,9.97,9.73,9.82,273100,
WNR,30.51,30.77,30.040001,30.049999,1113400,
WOOF,26.129999,26.129999,25.65,25.66,559700,
WOR,34.27,34.439999,33.790001,33.950001,314000,
WPC,69.879997,70.440002,66.550003,66.559998,290800,
WPP,11.8,11.85,11.7,11.77,111100,
WPPGY,88.790001,88.980003,87.169998,87.25,20900,
WPRT,29.959999,30.32,29.51,29.68,301400,
WPX,20.299999,20.469999,19.889999,19.92,2736000,
WPZ,46.990003,47.949996,46.650005,47.039996,306500,
WR,32.040001,32.23,31.4,31.52,1209200,
WRB,41.709999,41.82,41.119999,41.189999,493600,
WRE,27.08,27.15,26.309999,26.51,407000,
WRES,2.74,2.79,2.69,2.69,126200,
WRI,31.690001,31.709999,30.389999,30.530001,527500,
WRLD,92.879997,92.879997,88.25,89.57,189200,
WRLS,12.56,12.58,12.56,12.56,204400,
WSH,41.84,41.959999,41.450001,41.77,1843600,
WSM,56.75,57.360001,56.119999,56.130001,950600,
WSO,87.099998,87.43,85.82,85.910004,157400,
WSR,17,17,16.35,16.43,83700,
WST,68.07,68.239998,67.489998,67.489998,157400,
WSTC,23.4,23.6,23.139999,23.51,304800,
WTFC,37.119999,37.290001,36.810001,36.91,121300,
WTI,14.8,14.94,14.66,14.66,510400,
WTR,31.659999,31.849999,31.199999,31.22,503700,
WTS,47.66,47.73,45.950001,46.130001,219200,
WTSL,4.89,4.92,4.84,4.86,965900,
WTW,44.07,44.59,43.970001,44.099998,487700,
WU,17.15,17.23,16.809999,16.83,5419900,
WWAV,16.799999,17.4,16.790001,16.92,1932000,
WWD,40.779999,41.049999,40.5,40.650002,174300,
WWE,10.03,10.1,9.95,9.98,65900,
WWW,52.650002,52.66,51.549999,51.799999,542000,
WWWW,22.52,23.17,22.370001,22.780001,285400,
WX,21.450001,21.65,21.309999,21.450001,303500,
WY,28.15,28.25,27.26,27.309999,38634400,
WYN,59.459999,59.919998,58.490002,58.490002,1085600,
WYNN,140.25,140.25,137.679993,137.860001,830900,
X,17.85,18.049999,17.5,17.700001,5300500,
XAU,100.54,101.35,97.2,97.46,0,
XBI,106.649998,106.959995,104.660007,104.73,1096200,
XCO,7.840002,7.930001,7.740004,7.740004,1506500,
XDA,94.95,95.57,93.34,93.43,0,
XDB,156.52,156.77,154.5,154.79,0,
XDC,0.459,0.459,0.459,0.459,0,
XDE,134.02,134.16,132.62,132.92,0,
XDN,105.15,105.34,103.07,103.74,0,
XDS,108.73,108.94,107.28,107.74,0,
XEC,72.410004,73.059998,70.860001,71.160004,802900,
XEL,29.32,29.360001,28.549999,28.549999,4023800,
XEO,743.130005,743.840027,733.48999,733.48999,0,
XES,40.779999,40.799999,40.23,40.240002,70400,
XHB,31.48,31.629999,30.83,30.85,8060500,
XIDE,0.22,0.23,0.19,0.19,7925600,
XIN,4.6,4.66,4.52,4.55,224300,
XL,31.620001,31.65,30.82,30.82,1931000,
XLB,40.490002,40.740002,40.259998,40.259998,8422800,
XLE,81.449997,81.900002,80.690002,80.769997,15053600,
XLF,19.879998,19.899998,19.579999,19.6,75429300,
XLI,44.060001,44.169998,43.48,43.48,13613100,
XLK,31.950001,31.959999,31.530001,31.549999,11223700,
XLNX,40.259998,40.459999,39.759998,39.759998,3728300,
XLP,41.209999,41.299999,40.389999,40.389999,25795200,
XLS,13.26,13.26,12.99,13.06,1024000,
XLU,38.299999,38.450001,37.490002,37.5,22777500,
XLV,49.060001,49.130001,48.27,48.279999,22305700,
XLY,57.279999,57.380001,56.580002,56.59,8763900,
XME,35.790001,36.02,35.27,35.360001,2274000,
XNPT,5.41,5.43,5.22,5.29,431600,
XOM,91.790001,92.269997,91,91,14189500,
XOMA,3.84,3.88,3.6,3.64,732000,
XOOM,21.860001,23.74,21.75,22.719999,320000,
XOP,61.34,61.82,60.900002,60.98,4338500,
XOXO,11.1,11.27,11.05,11.21,40600,
XPO,17.299999,17.299999,17,17,112100,
XPP,43.860001,44.400002,42.529999,42.720001,21500,
XRA,0.72,0.8,0.72,0.78,81400,
XRAY,41.73,41.73,40.990002,41.119999,638600,
XRM,10.89,10.99,10.7,10.75,124900,
XRS,10.28,10.32,10.16,10.22,146500,
XRT,78.889999,78.889999,77.849998,77.870003,6490000,
XRTX,10.19,10.28,10.05,10.21,129600,
XRX,9.51,9.62,9.43,9.45,9574500,
XSD,54.59,54.630001,53.82,53.880001,280400,
XSP,165.18,165.25,162.89,162.89,0,
XTEX,20.25,20.49,20.13,20.28,443400,
XTXI,20.87,21.06,20.59,20.6,184200,
XUE,3.1,3.28,3.1,3.22,202300,
XXIA,16.85,17.110001,16.620001,16.860001,451400,
XYL,27.65,27.690001,27.24,27.25,605400,
YANG,49.750001,50.669999,49.750001,50.500001,1600,
YAO,22.92,23.059999,22.57,22.65,10100,
YCL,22.98,23.049999,22.110001,22.18,2800,
YCS,58.950001,61.34,58.82,60.77,1717400,
YELP,31.280001,33,30.969999,32.93,1611200,
YGE,3.17,3.22,3.1,3.15,206300,
YHOO,26.6,26.780001,26.23,26.24,11398300,
YINN,16.85,16.870001,16.040001,16.08,59000,
YNDX,27.57,27.67,27.09,27.15,1193200,
YOKU,20.540001,20.57,19.950001,20.030001,866700,
YONG,5.26,5.86,5.12,5.64,2296800,
YPF,14.76,14.93,14.56,14.6,206400,
YRCW,23.370001,24.83,23.360001,24,480200,
YUK,95.139999,97,94.949997,96.470001,0,
YUM,72.200004,72.640003,71.330002,71.510001,2546800,
YZC,8.32,8.32,8.01,8.02,586500,
Z,56.669998,56.950001,55,55.880001,534800,
ZAGG,5.51,5.67,5.5,5.54,444900,
ZAZA,1.41,1.42,1.39,1.39,18600,
ZBRA,45.68,45.68,44.939999,44.98,52400,
ZEP,16.51,16.68,16.35,16.43,22100,
ZEUS,25.16,25.379999,24.889999,25.26,105000,
ZINC,12.45,12.51,12.28,12.36,442200,
ZION,27.24,27.299999,26.82,26.93,1915500,
ZIOP,1.94,2.04,1.91,2,400500,
ZIXI,4.15,4.23,4.11,4.13,247100,
ZLC,9.42,9.49,9.17,9.26,820500,
ZLTQ,6.37,6.7,6.26,6.34,129700,
ZMH,79.910004,79.910004,77.839996,77.940002,892000,
ZN,2.56,2.64,2.02,2.06,920600,
ZNGA,2.88,2.9,2.86,2.89,7029600,
ZNH,21.24,21.33,20.809999,20.85,37200,
ZOLT,13.39,13.46,13.19,13.22,140100,
ZQK,6.45,6.55,6.44,6.49,1751100,
ZROZ,98.769997,99.400002,95.5,97.580002,43800,
ZSL,85.459999,88.82,84.330002,88.25,528600,
ZTS,31.059999,31.24,30.82,31,23483400,
ZUMZ,28.91,29,28.74,28.799999,190000,
ZX,2.7,2.7,2.63,2.63,3700,
ABCB,16.389999,16.42,16.139999,16.17,11300,
ACCL,8.1,8.28,8.09,8.25,197800,
ACPW,4.26,4.3,4.25,4.28,8700,
ACWX,43.049999,43.119999,42.220001,42.240002,334900,
AKR,25.790001,25.870001,25.07,25.23,226900,
AONEQ,0.026,0.0275,0.0251,0.0272,3718000,
ARSD,8.42,8.42,8.27,8.32,30200,
ASTM,16.63,15.65,15.65,15.65,2000,
ASX,4.15,4.17,4.11,4.12,506500,
ATEC,2.089999,2.099999,2.039999,2.069999,7300,
ATRC,9.09,9.14,8.86,9,85100,
AVNW,2.809999,2.909999,2.779999,2.819999,11700,
BFIN,8.14,8.14,7.97,7.98,8900,
BFR,4,4.04,3.9,4,25800,
BIL,45.810001,45.810001,45.799999,45.799999,232400,
BIN,22.23,22.25,21.57,21.639999,129300,
BIS,39.19,39.19,37.44,38.69,1400,
BKEP,8.34,8.75,8.34,8.74,13000,
BRB,218.070007,223.520004,216.679993,222.490005,0,
BSQR,2.67,2.67,2.67,2.67,3900,
CBRX,0.66,0.66,0.64,0.66,5600,
CERP,0.02,0.02,0.02,0.02,5649900,
CHGS,0.19,0.19,0.1833,0.19,5900,
CIR,53.27,53.57,51.619999,53.009998,70700,
CIU,109.300003,109.389999,108.360001,108.410004,122800,
CLUB,10.95,10.95,10.69,10.81,26600,
CMLS,3.55,3.59,3.41,3.42,299100,
CNDA,20.780001,20.799999,20.5,20.559999,3500,
COBZ,8.4,8.44,8.36,8.38,246300,
COOL,0.620012,0.640013,0.620012,0.640013,2700,
CRAI,18.43,18.6,18.35,18.52,18400,
CRDC,1.16,1.19,1.15,1.15,2300,
CREG,1.14,1.14,1.03,1.13,1700,
CROP,26.34,26.34,26.059999,26.059999,1100,
CSFL,8.88,8.88,8.72,8.73,15900,
CSHZ,0.08,0.08,0.07,0.07,19300,
CSJ,105.230003,105.349998,105.099998,105.110001,785300,
CWB,43.220001,43.290001,42.830002,42.84,662500,
DCOM,14.71,14.71,14.54,14.58,29600,
DGT,61.5,61.5,61.400002,61.5,2600,
DMB,12.66,12.66,11.89,12.15,223600,
DQ,8.75,10.24,8.69,9.43,160600,
DRCO,5.11,5.24,5.11,5.19,4500,
EGI,0.36,0.37,0.34,0.35,19000,
ELS,79.589996,79.589996,76.610001,76.949997,262000,
EUFX,37.32,37.32,37.32,37.32,400,
FCBC,15.53,15.86,15.51,15.6,39000,
FCF,7.01,7.01,6.94,6.97,479700,
FDML,10.32,10.66,10.24,10.39,217100,
FELE,35.380001,35.560001,34.919998,34.970001,102800,
FMD,1.22,1.23,1.18,1.18,25700,
FOL,3.15,3.15,3.15,3.15,0,
FORX,48.459999,48.459999,47.279999,47.52,5900,
FSCI,41.16,41.47,41.16,41.38,80600,
FTC,35.490002,35.529999,35.049999,35.049999,17500,
GBLI,23.92,23.92,23.360001,23.370001,14900,
GGAL,5.35,5.36,5.2,5.22,38900,
GIB,30.83,31.040001,30.469999,30.530001,168800,
GLDI,16.4,16.465,16.35,16.35,7800,
GLDX,14.67,14.82,14.25,14.29,18100,
GMXRQ,0.24,0.24,0.2,0.2,15800,
GSE,1.1,1.1,1.1,1.1,0,
GSIG,8.64,8.76,8.62,8.68,82400,
GSIT,6.48,6.48,6.36,6.36,45700,
GTS,22.93,23.209999,22.049999,22.1,337700,
GUNR,33.25,33.299999,32.759998,32.790001,186300,
GWX,30.17,30.24,29.65,29.68,34600,
HCKT,4.98,5.08,4.98,5.03,46500,
HDNG,14.36,14.39,14.13,14.25,14500,
HDSN,3.53,3.53,3.47,3.5,79714,
HGR,33.34,33.34,32.119999,32.18,99100,
HSON,2.47,2.52,2.43,2.5,58600,
IBCA,6.74,6.75,6.6,6.72,17600,
ICFI,31.120001,31.120001,30.559999,30.879999,70100,
IEFA,54.650002,54.740002,53.540001,53.540001,89100,
INOD,3.24,3.3,3.1,3.12,25300,
IPCC,58.279999,58.799999,56.849998,56.970001,38900,
ISIG,1.9,1.9,1.9,1.9,800,
KIPO,6.6,6.74,6.41,6.58,46400,
KITDQ,0.41,0.41,0.35,0.4,1800,
KMPR,33.459999,33.560001,32.889999,32.900002,161400,
LDL,14.56,14.65,14.25,14.32,22400,
LEDR,10.55,10.73,10.55,10.67,216900,
LEDS,1.74,1.76,1.7,1.74,22600,
LOJN,3.29,3.3,3.2,3.27,23500,
LPTN,4.610002,4.750002,4.570002,4.580002,600,
LYTS,7.75,7.94,7.75,7.81,19000,
MCS,12.5,12.51,12.22,12.29,67900,
MGEE,55.249992,55.439999,54.010008,54.010008,30000,
MGRC,33.810001,33.93,33.650002,33.799999,62600,
MPX,7.2,7.22,6.93,7.02,14700,
NEWN,0.11,0.13,0.11,0.13,13800,
NJR,44.369999,44.369999,43.32,43.369999,295200,
NPBC,9.85,9.85,9.65,9.73,370400,
NZD,125.089996,127.260002,124.160004,126.610001,0,
OTEL,9.5,9.63,9.25,9.28,21000,
PPBI,11.73,11.8,11.56,11.66,11200,
PRGX,5.56,5.67,5.51,5.57,26500,
PRO,31.52,31.639999,30.969999,30.99,45800,
PWAVQ,0.013,0.0148,0.0105,0.0113,224100,
QRM,0.49,0.5,0.463,0.482,28100,
QTEC,29.6,29.66,29.33,29.370001,22000,
RNWK,7.44,7.47,7.25,7.25,79800,
RPT,15.59,15.74,15.26,15.33,434400,
RWL,32.27,32.27,31.9,31.9,7800,
SBLK,5.56,5.78,5.56,5.73,1500,
SCMR,0.49,0.51,0.48,0.5,179300,
SIGI,23.299999,23.35,23.059999,23.07,39700,
SIJ,19.450001,20.34,19.450001,19.809999,2500,
SKA,64.099998,64.629997,63.779999,64.559998,0,
SMCI,11.25,11.44,11.19,11.22,99100,
SMTX,2.09,2.09,2.02,2.04,32000,
SNBC,3.16,3.16,3.06,3.12,5200,
SOCL,15.04,15.04,14.94,14.94,900,
STAN,21.68,21.78,21.3,21.46,42400,
STL,9.24,9.28,9.17,9.23,168600,
STNR,51.099998,51.91,50.369999,50.470001,17500,
SWS,5.82,5.875,5.74,5.79,49300,
SYMX,0.96,1.11,0.95,1.02,1767000,
SYPR,3.22,3.27,3.2,3.2,29200,
TACT,7.89,7.9,7.85,7.9,1800,
TFI,23.379999,23.389999,23.26,23.27,153300,
TGE,7.27,7.27,7.27,7.27,0,
THR,20.74,21.33,20.639999,21.139999,125200,
TMS,15.56,15.6,15.25,15.35,30000,
TPI,0.52,0.54,0.48,0.5,8500,
TRNO,18.4,18.68,18.17,18.290001,94100,
TRST,5.43,5.44,5.35,5.4,150600,
TSTC,0.34,0.43,0.33,0.41,51600,
UAMY,1.12,1.23,1.12,1.2,226900,
UBNK,13.36,13.36,13.11,13.13,34400,
UCBI,11.94,12.08,11.83,12.02,95900,
ULBI,3.73,3.8,3.6,3.75,3800,
USMV,33.52,33.52,32.91,32.919998,461300,
USPH,31.49,31.49,29.940001,30.049999,68200,
UTY,0.02,0.02,0.02,0.02,0,
WAVX,0.44,0.46,0.41,0.44,5100,
WWAV.B,16.8,17.4,16.6,16.65,1623400,
XDZ,79.97,80.53,78.92,78.92,0,
ZOOM,0.4,0.4,0.38,0.38,1000,