symbol,open,high,low,close,volume,adjust_close
A,44.379999,44.81,44.269999,44.800001,3524600,
AA,8.119992,8.219991,8.099991,8.209991,4148000,
AAMRQ,4.58,4.77,4.53,4.7,3925800,
AAN,28.84,29.23,28.610001,29.120001,279200,
AAON,32.379998,33.259995,32.179996,32.950013,106400,
AAP,82.5,83.709999,82.139999,83.690002,345100,
AAPL,431.559998,434.899994,430.210007,431.769989,48756400,
AAT,31.719999,32.360001,31.459999,32.189999,131400,
AAU,1.57,1.59,1.52,1.59,101200,
AAV,4.3,4.32,4.27,4.29,122900,
AAWW,46.07,47.23,45.52,46.689999,155300,
AAXJ,56.400002,56.419998,56.169998,56.400002,3659000,
AB,24.110001,24.950001,24.1,24.780001,275000,
ABAX,46.77,46.970001,46.43,46.889999,65900,
ABB,22.43,22.59,22.4,22.440001,2125100,
ABBV,42.970001,43.560001,42.630001,43.540001,3644900,
ABC,55.68,55.98,55.389999,55.860001,1805600,
ABCO,54.119999,54.93,53.759998,54.580002,102800,
ABFS,19.48,19.95,19.36,19.64,392500,
ABG,40.549999,41.549999,40.509998,41.299999,219800,
ABM,24.790001,24.9,24.709999,24.790001,167600,
ABMD,21.709999,22.059999,21.709999,22,309600,
ABR,6.56,6.64,6.51,6.55,151000,
ABT,36.98,37.639999,36.869999,37.509998,5541500,
ABV,36.11,36.46,35.6,35.85,16532300,
ABX,19.299999,19.34,18.74,18.9,13483100,
ACAD,19,19.25,18.32,18.43,3491600,
ACAS,13.15,13.26,12.84,13.21,4756000,
ACAT,46.66,47.77,46.66,47.459999,181800,
ACC,39.189999,39.830002,39.080002,39.439999,809200,
ACCO,6.76,6.76,6.6,6.75,577600,
ACE,89.629997,90.199997,89.510002,90.160004,913800,
ACET,12.73,13.07,12.73,13.06,118700,
ACFN,8.38,8.75,8.38,8.61,85400,
ACGL,52.110001,52.889999,52,52.68,298600,
ACH,8.4,8.44,8.34,8.44,97600,
ACHC,34.16,35.75,34.16,35.43,596600,
ACHN,7.96,8.11,7.93,8.01,952800,
ACI,4.08,4.29,4.07,4.25,1319300,
ACIW,44.229999,44.969999,44.099999,44.8,404700,
ACLS,1.75,1.79,1.71,1.79,149300,
ACM,30.92,31.35,30.870001,31.280001,539500,
ACMP,45.78,47.04,45.49,46.81,215100,
ACN,82.639999,83.300003,82.139999,82.93,1862600,
ACO,32.23,32.82,32.13,32.4,49700,
ACOR,34.220001,35.130001,33.919998,34.950001,250900,
ACRE,15.58,16.629999,14.7,15.67,784600,
ACRX,10,10.13,9.4,9.6,353400,
ACT,125.220001,126.269997,124.440002,125.669998,621500,
ACTG,24.610001,24.799999,24.4,24.6,201600,
ACTV,7.15,7.15,7.01,7.09,328400,
ACUR,2.18,2.18,2.12,2.13,231020,
ACW,4.99,5.03,4.93,4.98,128100,
ACWI,52.110001,52.43,52.09,52.360001,794400,
ACXM,22.83,22.93,22.719999,22.75,347900,
ADBE,43.549999,44.200001,43.220001,43.360001,5433900,
ADC,31.26,32.040001,31.209999,31.75,63600,
ADES,38.23,39.33,38.22,38.68,139600,
ADI,46.02,46.740002,45.919998,46.66,2244100,
ADM,33.23,33.869999,33.23,33.830002,2767200,
ADNC,13.73,14.39,13.73,14.29,129900,
ADP,68.670002,69.680005,68.610002,69.600001,1458100,
ADS,178.490005,180.419998,177.710007,179.839996,838500,
ADSK,35.330002,35.52,35.119999,35.130001,1887300,
ADT,39.84,40.790001,39.689999,40.77,2668600,
ADTN,23.809999,24.450001,23.540001,24.32,420300,
ADVS,33.84,34.279999,33.759998,34.220001,284200,
ADY,7.38,7.39,7.36,7.38,69200,
AEC,15.87,16.18,15.76,16.049999,548100,
AEE,34.259998,34.630001,34.119999,34.560001,1700500,
AEG,6.94,7.09,6.93,7.04,1138500,
AEGN,23.139999,23.83,22.879999,23.620001,177400,
AEGR,62.68,64.690002,60.709999,63.700001,934300,
AEIS,17.4,17.9,17.4,17.83,137300,
AEL,16.48,16.52,16.35,16.450001,534500,
AEM,30.34,30.530001,29.440001,29.52,1072800,
AEO,19.09,19.24,18.99,19.16,1745000,
AEP,45.610001,46.110001,45.490002,45.900002,2853400,
AER,16.719999,16.959999,16.629999,16.9,321800,
AERL,3.51,3.6,3.51,3.52,107200,
AES,12.28,12.3,12.14,12.17,7075900,
AET,61.48,62.740002,61.32,62.650002,2941800,
AF,10.06,10.25,10,10.24,599900,
AFAM,19.65,20.09,19.65,19.940001,11300,
AFCE,34.47,35.23,34.47,35.21,133300,
AFFX,3.69,3.75,3.59,3.73,1710200,
AFFY,1.1,1.12,1.06,1.07,680700,
AFG,48.779999,49.290001,48.740002,49.130001,199300,
AFL,57.73,57.959999,57.490002,57.77,2489000,
AFSI,35.720002,36.86,35.660001,36.48,1392000,
AG,10.71,10.87,10.6,10.67,641200,
AGCO,54.299999,54.779999,54.259998,54.5,682200,
AGEN,3.77,4.2,3.67,3.78,739000,
AGG,108.629997,108.730003,108.519997,108.660004,1067500,
AGII,41.529993,43.870002,41.310005,42.860004,64800,
AGM,28.74,29.1,28.309999,28.969999,31200,
AGN,125.220001,126.269997,124.440002,125.669998,621500,
AGNC,25.27,25.450001,25.02,25.34,6908800,
AGO,22.15,23.209999,22.129999,23.18,2264500,
AGQ,21.16,21.35,20.73,20.91,394600,
AGRO,7.01,7.12,6.99,7,250000,
AGU,89.099998,90.220001,88.639999,89.529999,470000,
AGX,16.66,17.25,16.66,17.18,108200,
AGYS,13.74,13.85,13.61,13.65,31500,
AH,21,21.1,19.8,19.8,432400,
AHGP,60.630001,61.139999,60.209999,60.369999,77000,
AHH,11.55,11.6,11.39,11.51,149700,
AHL,37.549999,37.84,37.509998,37.740002,300100,
AHS,13.95,14.55,13.9,14.51,201300,
AHT,13.99999,14.059998,13.779999,13.789986,684600,
AI,28.57,28.709999,28.15,28.610001,184800,
AIG,44.57,45.23,44.380001,45.139999,14905300,
AIMC,27.35,27.43,27,27.219999,102500,
AIN,33.509998,34,33.240002,33.900002,135200,
AINV,7.83,7.96,7.81,7.94,2132400,
AIR,21.629999,21.99,21.549999,21.950001,138900,
AIRM,39.290001,39.290001,37.759998,38.209999,373900,
AIT,48.560001,49.09,48.209999,48.959999,139800,
AIV,28.799999,29.219999,28.73,28.879999,1037100,
AIXG,17.280001,17.43,17.26,17.43,72600,
AIZ,51.419998,51.91,51.189999,51.82,421200,
AJG,45,45.490002,44.759998,45.360001,444000,
AKAM,42.580002,43.02,42.439999,42.84,1647000,
AKG,2.31,2.34,2.25,2.31,143200,
AKRX,13.57,13.71,13.35,13.49,1036000,
AKS,3.4,3.59,3.37,3.54,6005600,
AL,27.92,28.459999,27.92,28.4,284000,
ALB,63.220001,64.410004,63.220001,63.990002,267100,
ALC,11.95,11.95,11.93,11.94,65000,
ALDW,26.09,26.120001,25.5,25.58,170900,
ALE,49.34,50,49.099998,49.77,130000,
ALEX,39.029999,40.950001,39.029999,40.869999,151800,
ALGN,35.880001,36.380001,35.669998,36.25,316100,
ALGT,102.620003,105.669998,101.559998,105.410004,70800,
ALIM,5.48,5.55,5.29,5.39,143300,
ALJ,16.719999,16.780001,16.559999,16.690001,319600,
ALK,55.470001,56.5,54.830002,56.279999,935200,
ALKS,28.959999,30.200001,28.77,29.91,1198200,
ALL,47.639999,47.73,47.27,47.669998,2060900,
ALLT,12.25,12.4,12.25,12.39,184800,
ALNY,29.73,30.190001,29.59,29.99,242500,
ALOG,74.529999,75.910004,74.529999,75.82,34700,
ALR,25.49,25.74,25.440001,25.58,146200,
ALSK,1.76,1.78,1.74,1.75,136800,
ALSN,23.32,23.51,23.209999,23.440001,112500,
ALTR,32.830002,33.150002,32.830002,32.93,2375000,
ALU,1.89,1.9,1.85,1.87,12592200,
ALV,77.739998,79.059998,77.540001,78.839996,779600,
ALXA,4.57,4.63,4.5,4.53,109200,
ALXN,91.470001,93.580002,91.349998,92.389999,949300,
AM,18.4,18.48,18.39,18.48,116800,
AMAG,20.219999,20.790001,20.110001,20.73,89000,
AMAT,15.77,16.09,15.77,15.97,13865400,
AMBA,18.290001,18.58,17.620001,17.91,1338000,
AMBC,24.719999,25,24.620001,24.84,579300,
AMCC,8.17,9.74,8.15,9.72,2904300,
AMCN,1.74,1.87,1.74,1.86,28900,
AMCX,63.650002,64.68,63.650002,64.190002,397400,
AMD,4.1,4.11,4.05,4.09,22841700,
AME,41.990002,42.450001,41.84,42.360001,1347600,
AMED,13.45,13.86,13.28,13.6,218100,
AMG,169.309998,171.589996,169.009995,170.039993,389800,
AMGN,99.120003,102.290001,99.07,101.5,3329000,
AMJ,46.57,46.880001,46.009998,46.330002,547100,
AMKR,4.35,4.42,4.33,4.41,973400,
AMLP,17.700001,17.75,17.620001,17.709999,2931200,
AMP,82.959999,83.800003,82.849998,83.389999,821400,
AMPE,5.98,6.22,5.93,6.08,357500,
AMRC,9.25,9.82,9.23,9.65,187700,
AMRI,12.1,12.22,11.76,11.97,211500,
AMRN,6.57,6.72,6.5,6.6,3107100,
AMRS,2.63,2.73,2.63,2.7,324000,
AMSC,2.24,2.26,2.12,2.16,130700,
AMSG,36.259998,36.759998,36.119999,36.740002,68800,
AMSWA,8.48,8.49,8.3,8.44,26700,
AMT,77.110001,78.139999,77.029999,77.290001,2258300,
AMTD,24.030001,24.030001,23.879999,23.959999,4440800,
AMTG,18.25,18.370001,17.76,18.040001,872500,
AMWD,36.400002,36.400002,35.549999,36.200001,197000,
AMX,20.049999,20.17,19.870001,20.09,3722800,
AMZN,279.079987,282.910004,278.109985,281.76001,2146100,
AN,44,44.790001,43.689999,44.68,632300,
ANAC,5.03,5.28,4.92,5.2,269000,
ANAD,2.12,2.23,2.11,2.22,467100,
ANDE,53.429998,54.070004,53.100002,54,109900,
ANEN,23.83,24.25,23.83,23.98,26700,
ANF,49.130001,49.610001,48.450001,48.950001,1146700,
ANGI,26.52,26.98,26.25,26.5,960300,
ANGO,11.11,11.24,11.11,11.18,56300,
ANH,5.75,5.85,5.7,5.78,657400,
ANIK,16.65,17.780001,16.469999,17.549999,217000,
ANN,31.530001,32.380001,31.370001,32.290001,1359900,
ANR,5.69,5.96,5.64,5.82,12721500,
ANSS,76.07,77.129997,75.860001,76.510002,372900,
ANV,7.59,7.65,7.32,7.38,1696700,
ANW,9.51,9.61,9.27,9.56,174800,
AOI,3.9,3.9,3.7,3.88,25900,
AOL,36.650002,37,36.470001,36.759998,629200,
AON,65.540001,65.699997,65.050003,65.629997,1238400,
AOS,39.080002,39.41,38.73,39.27,781800,
AOSL,7.51,7.83,7.51,7.75,42700,
APA,86.449997,87.57,86.260002,87.120003,2980400,
APAM,53.84,56.009998,53.580002,55.75,268700,
APC,87.379997,87.849998,86.660004,87,2848900,
APD,96.549993,96.739996,96.14,96.579997,1403500,
APEI,37.860001,39.009998,37.84,38.759998,113400,
APH,79.160004,79.660004,78.919998,79.279999,1077400,
APL,37.95,38.19,37.68,37.89,401300,
APO,24,24.23,23.620001,24.209999,715700,
APOG,25.48,25.559999,24.889999,25.09,293400,
APOL,20.940001,21.07,20,20.200001,1866100,
APP,1.95,2,1.92,2,278100,
APRI,2.75,2.75,2.53,2.57,529300,
APU,47.66,47.959999,47.52,47.860001,50600,
ARAY,5.86,5.91,5.82,5.9,489500,
ARB,46.82,46.89,46.79,46.85,103000,
ARCC,16.860001,17.030001,16.85,16.99,1594900,
ARCO,12.78,12.96,12.55,12.94,962000,
ARCP,14.88,15.34,14.8,15.18,4623800,
ARE,67.330002,68.25,67.139999,68.089996,460100,
AREX,24.43,24.99,24.309999,24.969999,247100,
ARG,96.029999,96.279999,95.389999,96.089996,737700,
ARI,16.68,17,16.5,16.98,249500,
ARIA,17.85,17.99,17.43,17.790001,814800,
ARII,33.110001,33.98,33,33.779999,325100,
ARLP,71.449997,72.5,71.019997,71.699997,89000,
ARMH,39.709999,39.939999,39.450001,39.52,3471400,
ARNA,7.51,7.57,7.4,7.51,5434600,
ARO,13.5,13.91,13.49,13.89,1662600,
ARP,22.43,22.459999,22.049999,22.129999,531900,
ARPI,18.98,19.059999,18.610001,18.889999,176500,
ARQL,2.36,2.43,2.35,2.43,214300,
ARR,4.79,4.87,4.7,4.85,949200,
ARRS,14.6,14.95,14.6,14.89,1290800,
ARRY,5.1,5.12,4.95,4.96,1168200,
ARTC,35.77,36.58,35.74,36.19,212200,
ARUN,14.83,14.99,14.69,14.72,1789700,
ARW,40.09,40.630001,40.09,40.490002,408900,
ARX,7.71,7.81,7.54,7.77,28400,
ASA,13.75,13.76,13.6,13.73,90300,
ASBC,15.26,15.37,15.13,15.29,581400,
ASCA,26.34,26.4,26.325,26.36,278500,
ASEI,58.98,59.709999,58.779999,59.41,33700,
ASFI,8.7,8.85,8.69,8.76,19700,
ASGN,26.6,27.190001,26.559999,27.049999,307300,
ASH,86.25,87.32,86.190002,86.739998,609300,
ASIA,11.6,11.65,11.59,11.61,144200,
ASMI,35.669998,35.799999,35.540001,35.630001,4000,
ASML,79.82,80.449997,79.550003,80.349998,567500,
ASNA,17.66,17.780001,17.57,17.690001,1374300,
ASPS,100.419998,102.150002,99.610001,100.150002,129500,
ASR,110.720001,111.129997,109.150002,109.18,64300,
ASTE,34.360001,34.98,34.360001,34.889999,31300,
ASTI,0.75,0.8,0.75,0.78,33300,
ASTX,4.88,4.97,4.7,4.87,1006600,
ASYS,4.91,5.19,4.73,4.98,25300,
AT,4.65,4.68,4.51,4.51,1009400,
ATAX,6.85,6.95,6.85,6.86,88000,
ATHN,90.32,92.480003,90.050003,90.970001,270600,
ATHX,1.61,1.77,1.61,1.71,777300,
ATI,28.02,28.41,27.9,28.290001,927300,
ATK,80.05,80.75,79.83,80.7,199300,
ATLC,3.52,3.62,3.52,3.62,1600,
ATLS,14.59,14.59,14.3,14.45,464378,
ATMI,24.2,24.67,24.2,24.58,81900,
ATML,7.81,8.03,7.81,7.91,7890900,
ATNI,49.439999,50.830002,49.130001,50.709999,32800,
ATO,40.849998,41.330002,40.549999,41.099998,250800,
ATPAQ,0.0765,0.081,0.0765,0.081,151500,
ATR,57.200001,57.580002,57.200001,57.34,155000,
ATRS,4.07,4.14,4.05,4.1,680100,
ATSG,6.5,6.72,6.33,6.66,136800,
ATU,32.73,33.27,32.689999,33.080002,524600,
ATVI,14.69,14.82,14.54,14.59,9396800,
ATW,55.630001,56.709999,55.619999,56.509998,571400,
AU,16.24,16.35,15.55,15.6,7145200,
AUDC,4.5,4.6,4.46,4.56,91900,
AUM,94.57,95.150002,94.510002,94.849998,0,
AUMN,1.87,2.07,1.87,1.89,921700,
AUO,4.02,4.05,4,4.02,1124000,
AUQ,4.77,4.83,4.66,4.69,1524600,
AUX,105.74,105.8,105.1,105.44,0,
AUXL,17.29,17.39,16.95,17.34,588100,
AUY,11.08,11.19,10.63,10.69,7808700,
AVA,26.84,27.209999,26.73,27.129999,261900,
AVAV,19.67,19.799999,19.57,19.75,263900,
AVB,134.360001,135.800003,133.889999,134.899994,456000,
AVD,28.870001,29.01,28.540001,28.870001,166000,
AVEO,2.66,2.71,2.59,2.62,458500,
AVG,18.99,18.99,18.530001,18.700001,368300,
AVGO,38.040001,38.799999,37.98,38.75,2738300,
AVHI,14.15,14.54,14,14.54,11100,
AVID,6.25,6.45,6.19,6.41,81000,
AVIV,26.44,26.74,25.95,26.22,362300,
AVL,0.7,0.7,0.68,0.69,155500,
AVNR,4.51,4.62,4.33,4.615,3017000,
AVP,23.440001,23.459999,23.15,23.450001,2139900,
AVSPY,132.69,133.08,131.51,131.73,0,
AVT,34.259998,34.389999,34.139999,34.18,541900,
AVX,11.91,12.08,11.89,12.08,185400,
AVY,43.52,44.25,43.439999,44.110001,397700,
AWAY,29.940001,30.16,29.559999,30.139999,479700,
AWC,30.33,31.243,30.33,31.243,100,
AWH,93.049999,94.290001,92.799997,93.860001,388200,
AWI,50.48,50.919998,49.889999,50.860001,280300,
AWK,41.119999,41.369999,41,41.16,940100,
AWR,54.060001,54.810001,53.939999,54.689999,185200,
AWRE,5.26,5.28,5.06,5.08,113200,
AXAS,2.23,2.24,2.19,2.24,798900,
AXE,77.099998,78.190002,76.940002,77.900002,177700,
AXL,18.299999,18.700001,18.17,18.629999,1113500,
AXLL,44.91,45,44.029999,44.790001,797100,
AXP,74.080002,75.470001,74.029999,74.980003,5714700,
AXS,46.650002,46.880001,46.349998,46.439999,829400,
AXTI,2.75,2.79,2.74,2.77,95900,
AXU,1.17,1.21,1.16,1.18,380200,
AYI,77.07,78.489998,76.559998,78.370003,162600,
AYR,15.58,15.77,15.5,15.7,394600,
AZC,2.23,2.28,2.2,2.28,177700,
AZN,50.73,51.060001,50.73,50.98,4225800,
AZO,424.929993,425.329987,420.779999,425.329987,144900,
AZPN,29.75,30.01,29.75,29.85,434400,
AZZ,43.099998,44.139999,42.91,43.700001,133700,
B,29.48,29.860001,29.299999,29.790001,196200,
BA,103.220001,104.150002,102.650002,104.080002,4035700,
BAA,1.08,1.11,0.99,1,1464700,
BABY,14.14,14.67,13.97,14.42,225200,
BAC,13.22,13.34,13.2,13.27,67257600,
BAH,17.190001,17.43,17.18,17.299999,226600,
BAK,14.42,14.76,14.13,14.62,227500,
BAL,56.470001,56.470001,55.779999,55.880001,17300,
BALT,3.61,3.71,3.59,3.68,56800,
BAM,36.250007,36.610005,36.090002,36.409997,1199700,
BANR,32.549999,33.290001,32.470001,33.139999,75600,
BAP,132.310002,132.93,130.539995,131.300007,201500,
BAS,13.36,13.77,13.32,13.63,686400,
BAX,70.73,71.079998,70.529996,70.880001,3412600,
BAXS,2.3,2.33,2.26,2.28,47600,
BBBY,71.449997,72,71.029999,71.989998,1123200,
BBCN,12.5,12.72,12.44,12.71,665600,
BBD,13.69,13.82,13.59,13.680001,12148500,
BBEP,18.370001,18.41,18.18,18.24,305500,
BBG,22.91,23.809999,22.700001,23.01,693400,
BBH,68.589996,69.629997,68.459999,69.459999,50900,
BBL,56.43,57.150002,56.349998,56.799999,768100,
BBOX,26.360001,26.98,26.120001,26.75,54200,
BBRG,18.91,19.09,18.780001,19.01,102900,
BBRY,14.32,15,14.26,14.84,31795000,
BBT,33.130001,33.450001,33.060001,33.380001,2375600,
BBVA,9.16,9.19,9.12,9.14,570500,
BBW,6.1,6.25,6.1,6.14,23200,
BBX,12.8,12.91,12.46,12.88,17300,
BBY,27.389999,28.200001,26.9,28.059999,5072800,
BC,30.959999,31.73,30.719999,31.65,875100,
BCC,27.389999,27.799999,27.219999,27.790001,242600,
BCE,43.5,43.75,43.349998,43.560001,922000,
BCEI,37.759998,38.490002,37.599998,37.98,393600,
BCO,26.799999,27.34,26.75,27.24,114200,
BCOR,18.549999,19.139999,18.4,19.110001,407600,
BCOV,8.57,8.64,8.44,8.55,294100,
BCPC,45.880001,47.049999,45.57,46.799999,70000,
BCR,111.050003,112.089996,110.779999,111.800003,484000,
BCRX,1.7,1.83,1.7,1.79,1243200,
BCS,18.93,18.98,18.72,18.76,1525855,
BDBD,12.16,12.3,12.02,12.26,257500,
BDC,51.360001,52.599998,51.360001,52.380001,133300,
BDE,9.22,9.26,9.07,9.16,145100,
BDN,13.8,14.06,13.7,13.93,1012000,
BDSI,4.47,4.68,4.39,4.66,140100,
BDX,100.269997,100.559998,99.43,100.400002,478200,
BEAM,65.14,65.525,64.68,65.01,641400,
BEAT,6.19,6.33,5.55,5.64,1699700,
BEAV,65.340003,66.490002,65.340003,66.110004,1031900,
BEBE,5.39,5.7,5.39,5.68,25100,
BECN,40.66,41.110001,40.209999,41,382200,
BEE,9.03,9.15,9,9,2901300,
BEN,147.560005,151.150005,146.889999,150.920002,2328300,
BERY,24.25,24.27,23.690001,23.84,555500,
BF.B,70.57,70.889999,70.190002,70.639999,193800,
BFAM,33.310001,34.07,33.290001,34.009998,301000,
BG,71,72.239998,71,71.82,659100,
BGC,33.18,33.650002,33,33.619999,285800,
BGCP,5.85,5.89,5.8,5.85,1058600,
BGFV,21.52,21.83,21.459999,21.799999,278400,
BGG,20.6,20.67,20.469999,20.549999,885000,
BGS,33.169998,33.779999,32.91,33.73,322200,
BHE,19.530001,20,19.49,19.950001,319200,
BHI,46.439999,47.060001,46.380001,46.75,2073000,
BHP,62.220001,63.09,62.200001,62.599998,2678500,
BIB,91.290001,94.470001,90.830002,94.190002,88800,
BID,38.560001,38.860001,38.279999,38.360001,692700,
BIDU,96.25,97.330002,96.010002,96.300003,3289900,
BIG,33.84,34.02,33.549999,33.639999,473400,
BIIB,210.470001,211.619995,206.429993,210.800003,1440700,
BIO,113.839996,114.949997,113.57,114.080002,54100,
BIOD,4.4,5.11,4.4,4.76,1495500,
BIOL,4.330021,4.580014,3.930014,3.980019,923700,
BIOS,15.84,16.01,15.63,15.98,953500,
BIP,36.669997,36.970001,36.639999,36.799999,363800,
BIRT,6.67,6.72,6.62,6.7,81500,
BITA,12,12.38,12,12.31,122300,
BIV,85.449997,85.540001,85.360001,85.440002,220800,
BJRI,38.110001,38.599998,37.709999,37.93,183100,
BK,29.469999,29.879999,29.309999,29.77,5058500,
BKCC,9.59,9.64,9.47,9.56,583300,
BKD,27.559999,28.08,27.530001,27.809999,767000,
BKE,53.47,53.810002,52.809998,53.499995,317800,
BKF,35.779999,35.869999,35.57,35.82,133800,
BKH,48.330002,49.349998,48.07,49.189999,131300,
BKI,37.32,37.36,37.21,37.28,248300,
BKLN,24.860001,24.91,24.860001,24.9,3922500,
BKMU,5.75,5.86,5.71,5.83,121700,
BKS,19.500001,19.82,19.27,19.430001,1348300,
BKU,25.610001,25.610001,25.450001,25.52,299100,
BKW,20.97,21.09,20.81,20.95,664500,
BKX,60.65,61.26,60.61,61.11,0,
BLC,14.24,14.24,14.05,14.07,1985200,
BLDP,1.76,1.82,1.72,1.74,745100,
BLDR,6.88,7.01,6.73,7,321700,
BLK,277.380005,279.329987,274.769989,276.48999,506500,
BLKB,34.27,34.439999,33.380001,33.689999,227300,
BLL,43.259998,43.400002,43.029999,43.189999,598100,
BLMN,24.879999,25.32,24.549999,25.299999,1022700,
BLOX,27.469999,28.4,27.379999,27.969999,1229000,
BLT,12.84,12.88,12.71,12.77,186100,
BLV,87.449997,87.93,87.379997,87.620003,30700,
BLX,22.459999,22.719999,22.4,22.58,125700,
BMC,45.2,45.2,45.14,45.2,1181600,
BMI,43.599998,44.959999,43.599998,44.810001,100400,
BMO,59.450001,59.73,59.139999,59.450001,406200,
BMR,20.32,20.57,20.200001,20.41,1414500,
BMRN,58.049999,58.779999,57.209999,58.310001,835900,
BMS,40.07,40.27,39.93,40.130001,338300,
BMY,46.599998,47,46.459999,46.849998,7155500,
BNCL,8.549996,8.649998,8.479998,8.560005,84700,
BND,81.879997,82.029999,81.870003,81.989998,1328400,
BNNY,41.1,41.1,40.09,40.68,153800,
BNO,80.75,80.790001,80.269997,80.730003,30200,
BNS,56.040001,56.439999,55.939999,56.279999,383800,
BOBE,47.119999,47.91,47.119999,47.790001,147900,
BODY,12.67,13.03,12.65,12.860001,30500,
BOFI,47.82,49.400002,47.09,48.57,1055600,
BOH,49.18,49.580002,48.959999,49.41,275100,
BOIL,43.869999,44.959999,43.02,44.029999,23300,
BOKF,63.119999,63.549999,62.849998,63.470001,61900,
BOLT,16.72,16.9,16.5,16.62,11800,
BONA,4.05,4.15,3.95,3.95,124700,
BOND,107.339996,107.489998,107.18,107.32,578200,
BONT,20.65,21.059999,20.370001,20.77,195000,
BOOM,16.75,17.040001,16.690001,17,24800,
BORN,1.22,1.22,1.15,1.2,19800,
BOTA,3.45,3.48,3.45,3.46,17300,
BP,43.16,43.369999,43.16,43.290001,2612600,
BPAX,1.28,1.29,1.23,1.26,369700,
BPFH,9.97,10.08,9.9,10.04,619500,
BPI,12.58,12.66,12.47,12.53,269300,
BPL,68.099998,68.959999,67.720001,68.800003,324200,
BPO,17.04,17.21,17.03,17.1,498600,
BPOP,28.82,29.040001,28.52,28.690001,499100,
BPT,94.300003,95,93.879997,94.739998,118300,
BPX,64.059998,64.239998,63.869999,63.919998,0,
BPY,21,21.209999,20.790001,20.92,124100,
BPZ,1.83,1.85,1.8,1.82,1169400,
BR,26.860001,27.120001,26.82,26.98,342900,
BRC,30.76,31.309999,30.66,31.08,284600,
BRCD,5.75,5.79,5.62,5.67,7226000,
BRCM,34.25,34.630001,34.18,34.619999,6853000,
BRE,48.74,49.45,48.7,49.14,498700,
BREW,7.83,8,7.83,7.9,27000,
BRF,33.73,33.970001,33.400002,33.580002,518600,
BRFS,21.41,21.610001,21.280001,21.389999,715100,
BRK.B,115.010002,115.589996,114.839996,115.169998,2992200,
BRKL,8.4,8.55,8.37,8.46,369800,
BRKR,16.559999,16.889999,16.43,16.790001,462100,
BRKS,10.28,10.44,10.24,10.38,166300,
BRLI,28.9,29.39,28.57,28.61,215600,
BRO,32.990002,33.240002,32.91,33.139999,445100,
BRS,64.940002,65.360001,64.440002,64.970001,151500,
BRY,42.07,42.39,40.5,42.35,1260300,
BSAC,23.940001,23.959999,23.540001,23.540001,235500,
BSBR,6.8,6.88,6.66,6.67,5368100,
BSDM,1.24,1.33,1.24,1.29,66400,
BSET,14.52,15.66,14.52,15.45,49100,
BSFT,29,30.219999,28.99,29.540001,253600,
BSMX,14.69,14.91,14.6,14.63,909600,
BSRR,14.48,14.81,14.43,14.74,34000,
BSX,9.64,9.68,9.51,9.54,12205400,
BTE,37.5,37.740002,37.029999,37.599998,120700,
BTH,14.03,14.43,14.02,14.22,67500,
BTI,108.709999,109.559998,108.709999,109.309998,154800,
BTN,4.18,4.24,4.06,4.07,55400,
BTU,16.760009,17.12001,16.630007,16.820008,636600,
BTX,3.91,4.06,3.87,4.04,146900,
BUD,93.580002,94.309998,93.470001,93.639999,1882200,
BUSE,4.399996,4.489995,4.339996,4.429995,35700,
BV,9.5,9.62,9.27,9.5,618400,
BVN,17.719999,18.15,17.49,17.75,1004000,
BWA,86.269997,87.290001,85.910004,86.720001,1976000,
BWC,30.32,30.84,30.32,30.67,539400,
BWEN,4.1,4.2,4.01,4.12,76300,
BWLD,97.389999,99.550003,97.389999,99.300003,200000,
BWP,29.99,30.15,29.870001,29.99,556500,
BWS,21.32,21.62,21.07,21.53,210700,
BWX,58.619999,58.849998,58.540001,58.790001,329000,
BX,21.469999,21.68,21.35,21.59,2198300,
BXP,111.160004,111.919998,110.440002,111.199997,961400,
BXS,16.41,16.719999,16.299999,16.719999,771500,
BYD,11.78,11.95,11.71,11.74,1259800,
BYI,57.31,57.86,57.1,57.28,196200,
BZ,8.65,8.665,8.5,8.54,811300,
BZF,18.379999,18.379999,18.110001,18.129999,14400,
BZH,19.93,20.07,19.379999,19.959999,1114900,
BZQ,85.949997,87.199997,84.519997,85.339996,25200,
C,49.52,50.25,49.490002,50.009998,19535800,
CA,28.57,28.709999,28.370001,28.639999,2405600,
CAAS,5.05,5.08,5.01,5.06,15000,
CAB,67.25,69.379997,66.43,69.169998,695600,
CACI,63.169998,63.439999,62.580002,62.599998,238700,
CADX,6.98,7.06,6.8601,6.89,277600,
CAG,34.539999,34.64,34.269998,34.5,4651600,
CAH,48.369999,48.790001,48.209999,48.759998,2490200,
CAJ,33.68,33.700001,33.41,33.560001,418400,
CAK,0.55002,0.58,0.55002,0.58,72600,
CAKE,41.279999,42.299999,41.279999,42.07,458200,
CALD,6.39,6.49,6.17,6.48,278300,
CALL,15.4,15.61,14.87,15.24,316235,
CALM,46.450001,47.459999,46.139999,47.099998,95600,
CALX,10.57,10.85,10.55,10.85,176600,
CAM,63.689999,64.889999,63.689999,63.959999,1919600,
CAMP,13.25,13.52,13.1,13.27,169100,
CAP,26.700001,26.959999,26.52,26.790001,114600,
CAR,30.57,31.219999,30.469999,30.950001,1614600,
CARB,13.15,13.5,12.86,13.18,103300,
CAS,17.209999,17.58,17.190001,17.4,963700,
CASY,61.240002,61.939999,61.029999,61.27,301100,
CAT,84.089996,84.870003,83.959999,84.550003,3723900,
CATM,29.67,29.75,29.459999,29.540001,230200,
CATO,25.190001,25.67,25.09,25.58,51100,
CATY,19.67,20.049999,19.299999,19.98,284100,
CAVM,34.07,35.860001,33.619999,35.419998,965400,
CB,89.629997,90.199997,89.510002,90.160004,913800,
CBAK,1.21,1.24,1.13,1.19,149600,
CBB,3.13,3.18,3.09,3.16,216600,
CBD,46.419998,46.509998,45.41,45.669998,427900,
CBEY,7.95,8.24,7.86,7.94,187500,
CBF,18.18,18.5,17.83,18.5,284000,
CBG,22.889999,23.27,22.639999,23.049999,2783800,
CBI,59.860001,61.330002,59.75,61.060001,1242000,
CBK,6.35,6.49,6.23,6.42,493500,
CBL,22.42,22.85,22.25,22.719999,1481000,
CBLI,1.59,1.59,1.51,1.51,7500,
CBM,14,14.77,13.98,14.76,119300,
CBOE,43.150002,43.77,43.080002,43.369999,510700,
CBR,3.7,3.72,3.61,3.72,232600,
CBRL,92.860001,95.470001,92.540001,95.440002,210200,
CBS,47.849998,49.209999,47.810001,48.75,4363600,
CBS.A,47.700001,48.790001,47.700001,48.759998,13200,
CBSH,43.460131,43.580131,43.130129,43.470132,453200,
CBST,50.02,51.13,49.82,51.13,762300,
CBT,38.549999,39.209999,38.549999,38.880001,346700,
CBU,28.93,29.469999,28.879999,29.33,94800,
CBZ,6.68,6.69,6.61,6.68,187200,
CCC,16.9,17.120001,16.66,16.889999,425900,
CCE,36.16,36.599998,36.07,36.490002,1696900,
CCG,12.04,12.27,11.91,12.1,267100,
CCI,70.339996,71.68,70.339996,71.330002,1573900,
CCIX,19.82,20.09,19.69,20.01,277900,
CCJ,21.209999,21.799999,21.200001,21.57,1300000,
CCK,42.57,42.669998,42.369999,42.470001,457400,
CCL,33.68,34.310001,33.669998,34.310001,4024700,
CCM,4.150003,4.159998,4.150003,4.159998,36400,
CCMP,34.259998,35.419998,34.240002,35.220001,97200,
CCO,7.46,7.69,7.44,7.59,142500,
CCOI,27.68,28.540001,27.68,28.370001,249400,
CCRN,5.07,5.13,5,5.08,85500,
CCUR,7.98,8.1,7.75,7.82,179300,
CDD,102,102.169998,101.93,102.080002,0,
CDE,13.87,14.03,13.53,13.56,1308400,
CDI,14.72,14.86,14.62,14.76,37300,
CDNS,15.09,15.16,14.97,15.02,1827500,
CDR,5.73,5.84,5.65,5.8,615500,
CDZI,5.57,5.57,5.32,5.42,103600,
CE,47.380001,48.060001,46.93,47.630001,486100,
CEB,60.369999,62.040001,60.259998,61.860001,73400,
CEC,0.74006,0.73081,0.74006,0.73081,109700,
CECE,12.46,12.5,12.25,12.5,73800,
CECO,2.9,2.92,2.82,2.84,949900,
CEL,9.32,9.35,9.14,9.25,134100,
CELG,118.279999,120.449997,117.720001,120.239998,3656000,
CENTA,7.5,7.52,7.36,7.49,166400,
CENX,10.03,10.31,10,10.06,693000,
CEO,174.559998,175.300003,173.869995,174.880005,76100,
CERN,98.080002,99.190002,98.080002,99.010002,833400,
CERS,4.55,4.61,4.51,4.55,488000,
CETV,3.41,3.58,3.36,3.51,419900,
CEVA,18.34,18.549999,18.139999,18.51,136700,
CF,184.720001,189.300003,184.720001,188.630009,3956000,
CFI,18.09,18.610001,18.049999,18.34,56000,
CFN,37.98,38.31,37.67,38.07,1327500,
CFNL,14.9,15.33,14.85,15.2,103800,
CFR,64.139999,64.709999,63.830002,64.529999,208800,
CFX,52.639999,53.509998,52.52,53.25,276500,
CG,26.6,26.809999,26.41,26.66,501100,
CGA,2.81,2.83,2.8,2.81,52300,
CGEN,6.22,6.34,6.19,6.21,45700,
CGG,24.620001,24.85,24.58,24.709999,700,
CGI,19.5,19.540001,19.360001,19.4,175100,
CGNX,45.330002,46.34,45.310001,45.990002,192800,
CGX,47.33,48.01,47.33,47.42,26900,
CHCO,39.02,39.450001,38.919998,39.360001,27900,
CHD,61.900002,61.950001,61.52,61.810001,844200,
CHDN,79.540001,81.769997,79.260002,81.540001,41600,
CHDX,15.75,16.05,15.72,15.99,16800,
CHE,73.019997,74.129997,72.739998,74.019997,295000,
CHEF,17.790001,17.91,17.790001,17.879999,46600,
CHFC,25.639999,26.33,25.219999,26.219999,43200,
CHH,40.68,41.32,40.68,41.169998,74700,
CHIQ,13.85,13.96,13.85,13.96,72200,
CHK,21.080001,21.380002,21.04,21.250001,7627700,
CHKP,49.810001,49.990002,49.150002,49.779999,1121300,
CHKR,14.81,14.94,14.66,14.83,125000,
CHL,50.169998,50.369999,50.040001,50.299999,748100,
CHLN,2.04,2.12,2.04,2.09,4900,
CHMT,22.18,22.610001,22.139999,22.559999,457100,
CHOP,2.13,2.17,1.89,2.01,9400,
CHRW,57.18,57.419998,56.709999,57.330002,1313200,
CHS,17.049999,17.139999,16.98,17.040001,2834700,
CHSP,21.799999,22.049999,21.799999,21.889999,209900,
CHT,32.060001,32.220001,32.029999,32.200001,102700,
CHTP,2.56,2.62,2.35,2.45,1248800,
CHTR,117.279999,119.849998,116.75,117.949997,751900,
CHU,13.61,13.69,13.54,13.63,377500,
CHUY,39.790001,40.400002,39.41,39.540001,184100,
CI,68.209999,69.779999,68.050003,69.660004,1636000,
CIB,57.880001,58.209999,57.279999,57.580002,140500,
CIE,26.4,26.77,26.34,26.639999,1940800,
CIEN,20.049999,20.41,19.99,20.379999,3207900,
CIG,9.41,9.489998,9.309994,9.479995,2429100,
CIM,3.07,3.12,3.02,3.11,1328800,
CINF,46.790001,47.139999,46.639999,47.099998,575200,
CIS,1.74,1.76,1.72,1.72,54245,
CISG,6.25,6.33,6.21,6.22,36600,
CIT,46.7,47.765,46.7,47.56,1819175,
CJES,19.35,19.559999,19.309999,19.35,342800,
CKEC,17.440001,17.719999,17.35,17.719999,106400,
CKH,79.989998,80.550003,79.93,80.43,93800,
CKP,14.85,14.9,14.69,14.74,330400,
CKSW,8.2,8.21,8.14,8.15,46400,
CL,59.700001,59.919998,59.48,59.700001,3156100,
CLB,150.350006,154.630005,149,153.630005,471100,
CLC,54.990002,55.599998,54.869999,54.98,425900,
CLD,17.74,18,17.68,17.799999,433600,
CLDT,16.77,16.83,16.6,16.700001,149900,
CLDX,15.79,15.97,15.36,15.4,1258400,
CLF,17.67,18.74,17.530001,18.59,12974900,
CLGX,23.610001,23.93,23.48,23.77,538400,
CLH,55.099998,56.25,54.959999,56.080002,782300,
CLI,24.74,24.82,24.59,24.700001,772400,
CLMS,10.75,10.84,10.65,10.73,213200,
CLMT,36.360001,36.490002,35.709999,35.77,234300,
CLNE,13.14,13.2,13,13.13,484900,
CLNY,20.440001,20.799999,20.26,20.65,404400,
CLP,4000,4000,4000,4000,0,
CLR,87.650002,89.629997,87.5,88.639999,1841200,
CLS,9.71,9.78,9.54,9.61,215600,
CLSN,1.200001,1.340001,1.17,1.31,610300,
CLW,48.25,48.57,48.029999,48.32,69500,
CLWR,4.52,4.65,4.49,4.56,8244700,
CLX,86.110001,86.150002,85.639999,85.849998,692200,
CM,75.93,76.089996,75.699997,75.93,108100,
CMA,37.310001,37.84,37.310001,37.759998,1776200,
CMC,14.77,14.95,14.62,14.73,1047600,
CMCO,21.110001,21.84,21.02,21.700001,46200,
CMCSA,40.220001,40.709999,40.16,40.389999,19207400,
CMCSK,38.52,39.09,38.400002,38.779999,1733200,
CME,76.5,77.709999,76.050003,77.279999,2798400,
CMG,369.019989,372.660004,368.790009,372.660004,266600,
CMI,116.360001,117.650002,115.709999,117.370003,865200,
CMLP,22.870001,22.959999,22.549999,22.879999,135700,
CMN,33.329999,34.780005,33.329999,34.650001,98700,
CMO,12.45,12.73,12.34,12.63,746100,
CMP,85.5,85.989998,84.720001,85.93,117200,
CMRE,17.35,17.610001,17.200001,17.49,110600,
CMS,27.469999,27.6,27.280001,27.57,1734800,
CMTL,26.42,27.059999,26.4,26.969999,60400,
CNA,32.310001,32.389999,32.18,32.34,333700,
CNC,51.009998,52.029999,50.630001,51.98,500800,
CNDO,9.1,9.21,8.69,8.74,404800,
CNH,42.96,43.58,42.96,43.39,241800,
CNI,97.93,99.440002,97.779999,99.239998,945800,
CNIT,2.81,2.9,2.71,2.81,63900,
CNK,28.68,28.889999,28.51,28.780001,844500,
CNL,45.869999,46.490002,45.639999,46.369999,234400,
CNMD,31.99,32.099998,31.67,32.029999,110100,
CNO,12.85,12.93,12.71,12.87,1509800,
CNP,23.6,23.809999,23.52,23.67,2153000,
CNQ,29.309999,29.76,29.309999,29.65,1876900,
CNQR,79.54,80.62,79.54,80.37,286100,
CNS,37.540001,37.610001,37.009998,37.130001,89600,
CNSI,29.450001,30,29.450001,29.6,85200,
CNSL,17.15,17.690001,17.1,17.52,164800,
CNW,39.279999,39.91,39.279999,39.810001,356400,
CNX,31.98,32.549999,31.67,31.940001,2432000,
COCO,2.13,2.26,2.13,2.24,797700,
CODE,1.12,1.12,1.12,1.12,0,
CODI,17.4,17.469999,17.120001,17.209999,132100,
COF,61.93,62.279999,61.790001,62.099998,3661900,
COG,71.400002,72.849998,71.019997,72.169998,2653000,
COGO,2.01,2.14,1.95,2.03,100300,
COH,58.080002,58.490002,57.639999,58.48,2105500,
COHR,57.119999,58.610001,57.099998,57.59,69300,
COHU,11.59,11.8,11.48,11.66,57600,
COL,64.5,64.830002,64.18,64.699997,863500,
COLB,21.950001,22.360001,21.92,22.27,155800,
COLM,61.759998,62.68,61.490002,62,136600,
CONE,21.200001,21.4,21.07,21.1,111900,
CONN,52.5,53.5,52.32,53.41,318000,
COO,123.089996,123.290001,121.57,121.690002,236200,
COP,61.939999,62.23,61.75,62.099998,3437300,
COR,31.51,31.799999,31.42,31.77,120300,
CORE,61.759998,63.049999,61.59,62.950001,159600,
CORN,40.759998,41.689999,40.669998,41.650002,53200,
CORR,7.3,7.41,7.2,7.25,18700,
CORT,1.81,1.84,1.79,1.83,137400,
COST,111.540001,112.199997,111.199997,112.089996,1250200,
COT,7.98,7.99,7.86,7.97,390000,
COV,60.31,60.36,59.76,60.04,2164900,
COW,26.620001,26.74,26.559999,26.629999,10400,
COWN,3.17,3.22,3.14,3.19,372800,
CP,123.080002,124.690002,122.169998,124.550003,541900,
CPA,139.600006,142.75,139.330002,141.979996,365700,
CPB,45.040001,45.759998,44.900002,45.73,1700000,
CPE,3.53,3.63,3.48,3.61,162300,
CPF,17.52,17.99,17.43,17.950001,105300,
CPHD,33.650002,33.75,33.049999,33.130001,336700,
CPIX,5.09,5.15,5,5.04,45900,
CPL,19.41994,19.549942,18.859939,18.96994,644500,
CPLA,41.84,42.349998,41.84,42,88100,
CPLP,9.48,9.48,9.11,9.39,88000,
CPN,21.559999,21.75,21.49,21.690001,3043200,
CPRT,31.59,31.92,31.43,31.9,453700,
CPSI,51,51.27,50.66,50.93,104800,
CPSS,7.75,7.85,7.48,7.56,103400,
CPT,66.040001,66.879997,65.529999,66.339996,546600,
CPWR,10.5729,10.6555,10.4769,10.4961,944600,
CQB,10.91,11.11,10.87,11.05,279700,
CQP,27.860001,27.860001,27.610001,27.83,177100,
CQQQ,26.450001,26.559999,26.450001,26.530001,6100,
CR,59.59,60.18,59.5,60.110001,158200,
CRAY,20.32,20.809999,20.23,20.68,359400,
CREE,63.439999,65.970001,63.259998,65.699997,2654400,
CRH,20.82,20.85,20.709999,20.83,65700,
CRI,73.309998,73.650002,72.980003,73.550003,349700,
CRIS,3.46,3.5,3.36,3.43,206200,
CRK,17.1,17.310001,17.05,17.2,103400,
CRL,42,42.700001,41.849998,42.560001,564700,
CRM,38.25,38.52,38.040001,38.25,3207200,
CRME,2,2.06,2,2.06,24500,
CRMT,43.240002,45.220001,42.91,44.889999,32800,
CRNT,3.63,3.66,3.56,3.59,49500,
CROC,43.889999,43.889999,43.27,43.5,24500,
CROX,16.379999,16.59,16.299999,16.34,654500,
CRR,70.870003,72.870003,70.480003,72.760002,389300,
CRRC,13.91,14,13.61,13.99,19200,
CRS,46.990002,47.639999,46.919998,47.529999,210500,
CRTX,8.55,8.55,8.41,8.45,99000,
CRUS,17.950001,18.26,17.950001,18.059999,1210600,
CRY,6.11,6.24,6.09,6.21,47300,
CRZO,28.450001,29.219999,28.139999,28.85,740700,
CS,28.629999,28.780001,28.549999,28.690001,737600,
CSC,45.299998,45.939999,45.149998,45.689998,2838300,
CSCO,24.719999,24.98,24.700001,24.82,34939200,
CSE,9.46,9.5,9.38,9.48,1201300,
CSGP,118.5,124.620003,117.809998,124.199997,211400,
CSGS,21.610001,22.01,21.41,21.969999,143600,
CSH,47.810007,47.99999,47.189998,47.880005,243100,
CSII,22.370001,22.66,21.719999,22.049999,120600,
CSIQ,10.03,10.22,9.77,9.92,2343900,
CSL,66.080002,66.739998,65.860001,66.5,343900,
CSOD,44.869999,45.290001,44.27,44.75,361300,
CST,32.59,33.259998,32.59,33.150002,972500,
CSTE,28.5,29.110001,27.93,28.889999,95700,
CSTM,15,15.25,15,15.21,229300,
CSTR,59.75,61.29,58.47,58.84,863200,
CSU,25.120001,25.67,25.120001,25.440001,75800,
CSUN,2.07,2.07,1.91,2,59200,
CSV,18.98,19.190001,18.620001,19.059999,52400,
CSX,24.870001,25.290001,24.790001,25.290001,4558900,
CTAS,46,46.459999,45.779999,46.220001,482100,
CTB,33.099998,33.220001,33,33.099998,3058900,
CTCM,11.87,12.09,11.85,12,473600,
CTCT,16.459999,17.26,16.34,16.98,609200,
CTGX,23.8,23.96,23.68,23.92,31700,
CTIC,1.25,1.33,1.23,1.33,1951100,
CTL,35.959999,36.380001,35.950001,36.240002,2884400,
CTRN,14.18,14.34,14.01,14.28,58700,
CTRP,34.75,35.330002,34.380001,34.98,2003300,
CTRX,53.529999,53.66,52.470001,52.84,1628700,
CTS,12.24,12.4,12.1,12.18,170500,
CTSH,63.639999,64.449997,63.25,64.040001,6617600,
CTXS,61.529999,62.389999,61.410002,62.199998,2919700,
CU,22.780001,22.780001,22.6,22.68,14400,
CUB,49.02,49.759998,49.02,49.52,80100,
CUBE,16.65,16.85,16.540001,16.67,1086000,
CUI,5.28,5.45,5.14,5.4,76071,
CUK,34.900002,35.330002,34.849998,35.259998,47700,
CUTR,9.1,9.17,8.92,9.09,156800,
CUZ,9.840001,10.050001,9.78,10.03,1677000,
CVA,20.360001,20.709999,20.34,20.59,1193000,
CVBF,11.15,11.34,11.03,11.33,538700,
CVC,15.13,15.47,15.13,15.3,3764600,
CVD,77.22,78.95,77.06,78.88,644800,
CVE,29.48,29.92,29.450001,29.870001,1098800,
CVG,18.32,18.610001,18.209999,18.5,475200,
CVGI,8.19,8.4,8.05,8.11,111700,
CVGW,27.26,27.280001,26.370001,26.66,109600,
CVI,55,55.459999,54.48,54.82,372000,
CVLT,78.580002,80.540001,78.349998,78.800003,707000,
CVO,2.11,2.17,2.07,2.1,341500,
CVRR,30.799999,30.969999,30.6,30.68,797600,
CVS,59.41,59.990002,59.200001,59.91,2704200,
CVU,10.18,10.5,10,10.47,54000,
CVX,121.029999,121.720001,120.860001,121.519997,4544800,
CVY,24.049999,24.190001,24.01,24.190001,236500,
CW,36.52,37.48,36.52,37.299999,107800,
CWCO,11.3,11.35,10.95,11.01,99200,
CWH,0.14,0.14,0.14,0.14,0,
CWST,4.14,4.24,4.14,4.2,94400,
CWT,19.959999,20.4,19.959999,20.35,254700,
CWTR,2.48,2.58,2.43,2.43,221400,
CX,10.319964,10.579968,10.249962,10.539972,10132300,
CXDC,4.09,4.15,4.04,4.14,16700,
CXO,87.510002,88.959999,87.459999,87.809998,790000,
CXPO,2.85,2.89,2.79,2.88,55800,
CXW,34.32,34.799999,34.099998,34.419998,937000,
CY,11.26,11.36,11.25,11.27,1729800,
CYB,26.049999,26.049999,25.969999,26.030001,24200,
CYBX,51.41,51.880001,51.110001,51.57,210700,
CYC,1227.64,1227.64,1227.64,1227.64,0,
CYCC,3.159999,3.179999,3.109999,3.119999,25100,
CYD,18.030001,18.18,17.959999,18.030001,38900,
CYH,49.590001,49.770003,48.490005,48.590001,1215600,
CYN,60.919998,61.43,60.57,61.029999,415500,
CYNO,23.68,24.549999,23.57,24.290001,213400,
CYOU,31.67,32.27,31.459999,31.780001,215600,
CYS,10.35,10.55,10.15,10.49,3440800,
CYT,76.129997,77.360001,75.169998,77.269997,1065000,
CYTR,2.15,2.17,2.11,2.14,42300,
CYTX,2.320001,2.340001,2.300001,2.330001,13700,
CZR,13.83,13.99,13.53,13.63,329500,
CZZ,16.860001,16.879999,16.65,16.860001,1123700,
D,56.82,57.049999,56.529999,57,2406400,
DAKT,10.26,10.39,10.17,10.27,108200,
DAL,18.799999,19.049999,18.639999,18.969999,5265200,
DAN,18.860001,19.200001,18.77,19.09,1354200,
DANG,8.13,8.28,8.04,8.17,1662700,
DAR,19.32,19.67,19.17,19.620001,411200,
DATA,54.810001,54.959999,52.59,54.41,283500,
DATE,5.18,5.2,5.14,5.2,10300,
DAVE,12.37,12.97,12.37,12.84,53000,
DB,46.339998,46.78,46.160001,46.359999,1456400,
DBA,25.309999,25.41,25.309999,25.389999,396700,
DBB,16.57,16.65,16.530001,16.639999,153400,
DBC,26.360001,26.43,26.280001,26.41,2653200,
DBD,32.669998,32.900002,32.66,32.75,293500,
DBE,28.51,28.57,28.459999,28.530001,47700,
DBEF,24.52,24.74,24.52,24.6,169800,
DBJP,33.290001,33.310001,32.889999,32.98,89900,
DBLE,4.02,4.25,3.99,4,12900,
DBO,26.870001,26.98,26.790001,26.9,167500,
DBP,45.150002,45.18,44.73,44.900002,98200,
DBS,36.43,36.610001,36.34,36.610001,27200,
DBV,25.74,25.950001,25.610001,25.620001,420300,
DCI,36.43,36.68,36.310001,36.369999,859500,
DCIX,5.01,5.08,5,5.04,32700,
DCM,15.09,15.17,15.07,15.1,204700,
DCO,21.299999,21.639999,21.219999,21.59,45400,
DCT,7.32,7.53,7.28,7.47,788100,
DCTH,0.5,0.52,0.45,0.45,11900,
DD,53.97,54.070001,53.699998,54.019998,5614100,
DDC,14.84,14.88,14.69,14.7,200500,
DDD,48.790001,48.869999,47.189999,47.779999,3253900,
DDM,96.160004,97.879997,96.120003,97.639999,433200,
DDR,17.299999,17.57,17.120001,17.34,5071900,
DDS,85.330002,86.110001,84.980003,86.099998,456300,
DE,84.589996,85.279999,84.519997,85,2295200,
DECK,54.619999,54.93,53.139999,53.529999,594200,
DEI,25.09,25.440001,24.950001,25.35,853200,
DELL,13.41,13.74,13.4,13.48,98986100,
DEM,51.080002,51.450001,51.029999,51.43,660400,
DENN,5.85,5.95,5.83,5.91,399200,
DEO,117.410004,118.43,117.25,117.900002,607800,
DEPO,5.92,6.04,5.77,6.04,448700,
DES,58.77,59.549999,58.759998,59.400002,95300,
DEST,25.59,25.860001,25.43,25.700001,41000,
DF,10.3,10.53,10.3,10.52,2662100,
DFJ,48.419998,48.75,48.380001,48.439999,81200,
DFRG,20.43,21.280001,20.370001,20.74,110700,
DFS,47.34,48.060001,47.34,47.889999,2577500,
DFT,23.4,23.799999,23.34,23.620001,895300,
DG,51.099998,52.299999,50.810001,52.290001,2988500,
DGI,31.4,32.09,31.299999,32.049999,935700,
DGII,9.52,9.65,9.5,9.6,27300,
DGIT,7.13,7.21,7.005,7.1,624800,
DGL,46.52,46.599998,46.130001,46.330002,23900,
DGRW,24.73,24.940001,24.73,24.879999,66200,
DGS,48.169998,48.560001,48.049999,48.48,167100,
DGX,62.52,62.689999,62.169998,62.389999,1036000,
DHI,24.24,24.549999,23.879999,24.379999,3677500,
DHR,63.32,64.600001,63.079999,64.359999,3908900,
DHT,4.48,4.5,4.39,4.45,13200,
DHX,9.19,9.29,9.19,9.25,198100,
DIA,151.960007,153.360001,151.919998,153.100006,4807900,
DIG,57.509998,58.41,57.41,58.139999,114700,
DIN,71.470001,71.720001,70.860001,71.559998,248000,
DIOD,24.26,24.91,24.26,24.65,435600,
DIS,64.610001,65.489998,64.559998,65.290001,5234400,
DISCA,77.399999,78.220002,77.240001,77.850003,1772000,
DISCK,69.43,70.410004,69.349998,70.010002,1315800,
DISH,38.799999,39.439999,38.740002,39.09,831000,
DJP,38.490002,38.610001,38.470001,38.59,390500,
DJX,151.86,153.4,151.86,153.18,9921441792,
DK,31.92,32.310001,31.82,32.09,532600,
DKL,34.209999,34.290001,33.790001,34,8600,
DKS,51.59,52.040001,51.43,51.98,541700,
DLB,34,34.610001,34,34.509998,121500,
DLLR,15.23,15.43,15.11,15.26,247100,
DLN,61.220001,61.75,61.220001,61.68,95600,
DLPH,51.900002,52,51.34,51.93,2240900,
DLR,61.529999,62.07,61,61.529999,1039200,
DLTR,50.040001,50.66,50.040001,50.599998,1444800,
DLX,34.689999,35.490002,34.59,35.279999,384600,
DM,1.61,1.66,1.6,1.62,176100,
DMD,8.390002,8.58,8.330002,8.550003,100800,
DMLP,24.379999,24.85,24.379999,24.85,30100,
DMND,19.98,20.27,19.4,20.200001,588000,
DNB,99.010002,99.769997,98.620003,99.330002,347000,
DNDN,4.13,4.13,4.02,4.08,1924981,
DNKN,42.599998,43,42.48,42.970001,1127100,
DNN,1.24,1.26,1.22,1.22,429000,
DNO,35.490002,35.639999,35.470001,35.509998,14300,
DNR,18.200001,18.4,18.139999,18.309999,2636000,
DO,68.339996,68.82,68.260002,68.529999,591400,
DOG,29.08,29.08,28.82,28.860001,384600,
DOLE,12.85,12.94,12.78,12.89,1357000,
DOM,5.12,5.18,5.04,5.04,33300,
DORM,45.959999,47.209999,45.869999,46.689999,181500,
DOV,79.410001,80.750007,79.200005,80.620002,1096300,
DOW,34.240002,35.150002,34.200001,34.619999,4405700,
DOX,36.189999,36.540001,36.040001,36.400002,807600,
DPK,12.9,12.9,12.68,12.73,2500,
DPM,52.32,54.189999,52.32,53.68,364100,
DPS,47.110001,47.450001,46.93,47.43,625100,
DPZ,59.720001,60.669998,59.720001,60.439999,478100,
DRC,59.68,60.73,59.68,60.110001,446000,
DRD,6.05,6.15,5.96,5.96,72200,
DRE,15.73,16.219999,15.68,16.1,3127600,
DRH,9.56,9.72,9.5,9.59,1090900,
DRI,52.75,53.32,52.619999,53.130001,1574500,
DRIV,18.11,18.7,18.06,18.52,228300,
DRN,47.349998,48.669998,46.48,47.73,1770400,
DRQ,91.830002,93.209999,91.25,92.5,272500,
DRRX,0.8,0.84,0.8,0.83,126100,
DRV,15.48,15.69,14.98,15.28,39400,
DRWI,2.6,2.6,2.45,2.46,7500,
DRYS,1.829999,1.869999,1.819999,1.819999,100,
DSCI,13.56,13.56,13.36,13.49,26100,
DSCO,1.670001,1.780001,1.650001,1.710001,22200,
DSL,23.17,23.549999,23.15,23.4,342000,
DSS,2.92,3.025,2.77,2.89,34300,
DST,68,68.099998,67.629997,67.830002,304000,
DSW,74.330002,74.690002,73.959999,74.400002,565600,
DSX,10.04,10.25,10.01,10.22,1107300,
DTE,67.059998,67.589996,66.730003,67.589996,544100,
DTLK,11.32,11.64,11.26,11.56,22700,
DTN,63.73,64.239998,63.73,64.160004,58500,
DTSI,20.85,23.25,20.85,22.190001,223900,
DTV,61.73,63.77,61.66,63.580002,3671600,
DUG,62.849998,62.919998,61.810001,62.150002,134700,
DUK,67.730003,68.32,67.089996,68.230003,3188700,
DUST,89.999998,96.369998,88.499998,95.309998,26000,
DV,29.08,29.77,29.08,29.299999,468300,
DVA,130.139999,130.449997,128.759995,129.5,617800,
DVAX,1.11,1.13,0.99,1.04,656800,
DVN,54.939999,55.580002,54.869999,55.299999,2458600,
DVR,0.2,0.2,0.2,0.2,0,
DVY,65.25,65.860001,65.209999,65.760002,607500,
DW,41,41.389999,41,41.25,100900,
DWA,23.889999,24.35,23.870001,24.309999,1174200,
DWRE,35.759998,36.549999,35.610001,36.419998,377400,
DWSN,8.349916,8.599914,8.299917,8.549915,43600,
DWX,46.77,47.299999,46.77,47.23,209000,
DX,10.46,10.54,10.32,10.5,447800,
DXCM,22.66,22.969999,22.469999,22.799999,373100,
DXD,34.150002,34.150002,33.509998,33.610001,916100,
DXJ,45.189999,45.439999,45.060001,45.099998,7093100,
DXLG,6.1,6.29,6.1,6.15,574100,
DXM,19.1,19.41,18.82,19.1,186800,
DXPE,65.25,66.989998,65.080002,66.400002,57000,
DY,23.68,24.15,23.65,24.1,262700,
DYAX,3.15,3.24,3.08,3.23,688600,
DYN,22.940001,23.27,22.799999,23.040001,379300,
DZK,53.200001,54,53.200001,53.790001,8100,
E,43.540001,43.799999,43.490002,43.700001,207000,
EA,22.42,23.09,22.42,23.030001,4485600,
EAT,40.610001,41.150002,40.560001,41.049999,590300,
EBAY,52.209998,52.859998,52.099996,52.559998,13479500,
EBF,16.870001,17.290001,16.629999,17.27,28800,
EBIX,19.57,19.799999,19.57,19.719999,291400,
EBR,2.25,2.34,2.19,2.33,813400,
EBR.B,4.18,4.28,4.07,4.24,109900,
EBS,14.6,15.07,14.54,14.99,83500,
EC,43.360001,43.869999,43.220001,43.700001,313000,
ECA,17.74,18.219999,17.700001,18.1,4167600,
ECH,54.939999,55.41,54.619999,54.779999,167800,
ECHO,18.620001,18.620001,18.360001,18.4,93900,
ECL,86.370003,86.849998,86.089996,86.730003,1000800,
ECOL,28.65,29.02,28.65,28.860001,68100,
ECPG,36.91,36.91,35.110001,35.169998,654000,
ECT,9.96,10.03,9.9,9.9,102400,
ECYT,12.72,12.96,12.71,12.88,124000,
ED,58.490002,58.950001,58.130001,58.950001,1984100,
EDAP,2.84,2.95,2.7,2.89,360300,
EDC,24.940001,25.469999,24.700001,25.389999,105200,
EDE,22.1,22.41,21.959999,22.379999,156800,
EDIV,41.259998,41.580002,41.200001,41.57,84400,
EDMC,7.04,7.25,6.97,7.25,57500,
EDR,9.829902,10.0099,9.779902,9.9699,203500,
EDU,21.73,22.120001,21.620001,21.98,693000,
EDZ,59.040001,59.650002,57.880001,57.990002,607500,
EE,35.470001,36.23,35.290001,36.060001,106300,
EEB,31.68,31.950001,31.68,31.799999,102400,
EEFT,31.290001,31.889999,31.030001,31.719999,193400,
EEM,39.57,39.869999,39.470001,39.84,57237000,
EEMV,57.75,58.02,57.509998,57.939999,513100,
EEP,30.459999,30.6,30.1,30.559999,438700,
EEQ,30.000099,30.150105,29.790108,30.100099,228200,
EET,67.669998,68.230003,66.919998,68.019997,10500,
EEV,25.65,25.799999,25.280001,25.290001,98700,
EFA,60.869999,61.200001,60.849998,61.09,13168500,
EFAV,59.110001,59.220001,58.970001,59.02,118700,
EFC,23.57,23.799999,23.469999,23.73,182400,
EFG,64.940002,65.389999,64.940002,65.230003,51200,
EFII,29.4,29.620001,29.110001,29.25,211900,
EFU,55.810001,55.810001,55.220001,55.400002,1300,
EFV,51.869999,52.07,51.77,51.950001,137400,
EFX,60.310001,61.459999,59.970001,61.299999,543200,
EFZ,38.310001,38.310001,38.09,38.150002,182400,
EGAN,8.15,8.15,7.94,8.06,77100,
EGBN,22.4,23.16,22.360001,23.07,48700,
EGHT,8.13,8.26,8.1,8.24,775200,
EGLE,3.920007,4.150007,3.920007,3.950007,1700,
EGN,54.919998,55.450001,54.919998,55.41,499300,
EGO,7.26,7.31,7,7.05,4520100,
EGOV,16.41,16.540001,16.17,16.290001,298800,
EGP,57.330002,58.43,57.080002,57.880001,197600,
EGY,5.96,6.05,5.91,6.05,228900,
EHTH,24.450001,24.76,23.98,24.040001,163400,
EIG,24.200001,24.65,24.18,24.610001,104400,
EIX,47.560001,48,47.220001,47.709999,1742900,
EJ,4.679996,4.810001,4.610001,4.710001,692300,
EKDKQ,0.1182,0.12,0.1,0.106,5726500,
EL,70.349998,70.349998,69.199997,69.720001,1346600,
ELD,48.869999,48.959999,48.75,48.830002,686600,
ELGX,13.06,13.57,12.95,13.57,1199500,
ELLI,24.549999,25.34,24.49,24.950001,734500,
ELN,13.69,13.84,13.5,13.78,24824300,
ELNK,6.18,6.26,6.16,6.25,1250400,
ELON,2.35,2.49,2.31,2.32,15600,
ELOS,8.5,8.72,8.41,8.6,52000,
ELP,15.7,15.8,15.45,15.54,181500,
ELRC,17.360001,17.870001,17.290001,17.610001,32400,
ELX,6.52,6.54,6.46,6.5,341200,
ELY,6.63,6.68,6.57,6.68,270400,
EMAN,3.73,3.78,3.68,3.68,10392,
EMB,112.660004,112.790001,111.730003,111.779999,2328200,
EMC,24.85,25.190001,24.85,24.99,20686500,
EME,39.150002,41.130001,39.150002,40.720001,735400,
EMKR,3.64,3.75,3.6,3.69,123200,
EMLC,25.190001,25.209999,24.93,24.99,1088600,
EMN,72.470001,73.849998,72.279999,73.25,1529700,
EMR,56.619999,57.580002,56.610001,57.34,2781900,
ENB,44.41,44.98,44.41,44.779999,782000,
END,3.35,3.85,3.33,3.8,701300,
ENDP,39.200001,39.470001,38.610001,38.82,1090300,
ENG,0.89,0.89,0.71,0.85,58200,
ENH,50.75,51.419998,50.75,51.349998,94000,
ENI,16.16,16.16,16,16.01,494200,
ENOC,13.08,13.37,12.94,12.96,177100,
ENPH,6.7,7,6.5,6.91,171700,
ENR,102.480003,102.800003,101.940002,102.529999,478300,
ENS,49.860001,51.110001,49.41,50.849998,286500,
ENSG,36.200008,36.890005,36.049994,36.65001,397800,
ENTG,9.85,10.01,9.82,9.97,582700,
ENTR,4.42,4.51,4.396,4.475,650500,
ENVI,2,2.08,1.88,2.01,259100,
ENZ,2.21,2.29,2.19,2.29,80500,
ENZN,1.75,1.75,1.66,1.7,188000,
EOC,44.93,45.049999,44.41,44.490002,47600,
EOG,133.5,135.960007,133.139999,135.020004,2800400,
EOPN,16.55,17.38,16.55,17.07,68300,
EOX,6.45,6.9,6.45,6.87,47000,
EPAM,26.139999,26.83,26.01,26.51,310700,
EPAX,3.57,3.63,3.52,3.6,8400,
EPAY,26.200001,26.540001,26.049999,26.200001,398600,
EPB,41.94,42.17,41.34,42.07,559300,
EPD,60.459999,60.720001,60.130001,60.700001,3670000,
EPI,16.620001,16.82,16.6,16.780001,2408800,
EPIQ,13.19,13.45,13.03,13.41,90700,
EPL,29.81,30.44,29.76,30.13,213400,
EPM,11.12,11.46,11.01,11.41,66300,
EPP,45.66,46.040001,45.599998,45.91,725300,
EPR,52.169998,53.09,51.48,52.560001,282800,
EPU,36.5,36.959999,36.5,36.84,348600,
EPV,21.6,21.610001,21.41,21.450001,5000,
EPX,423.78,429.26,423.65,426.84,0,
EQIX,193.199997,194.429993,190.940002,191.330002,780000,
EQM,50.990002,51.52,50.439999,50.57,176100,
EQR,56.459999,57.040001,56.099998,56.610001,1612200,
EQT,81.709999,83.730003,81.220001,83.660004,1450800,
EQU,3.79,3.82,3.73,3.82,174100,
EQY,22.99,23.35,22.870001,23.209999,436200,
ERF,14.87,15.41,14.86,15.37,933300,
ERIC,12.03,12.19,12.03,12.18,1894800,
ERII,4.25,4.4,4.19,4.37,335500,
ERJ,37.349998,38.77,37.189999,38.580002,1382000,
EROC,8.72,8.8,8.62,8.71,405700,
ERX,68.620003,70.550003,68.519997,69.910004,415700,
ERY,29.139999,29.219999,28.299999,28.559999,364200,
ESC,24.62,24.83,24.52,24.74,502200,
ESE,32.169998,33.23,32.040001,33.099998,55300,
ESEA,1.02,1.06,1.02,1.05,7300,
ESI,26.120001,26.120001,25.15,25.5,609100,
ESIO,10.92,11.12,10.92,11.04,73500,
ESL,72.349998,73.790001,72.199997,73.419998,94000,
ESRX,63.139999,63.34,62.669998,62.939999,3508800,
ESS,155.929993,157.039993,154.960007,155.619995,162600,
ESV,59.200001,59.68,59.029999,59.48,1171400,
ET,33.63,33.66,33.62,33.65,1691700,
ETE,56.549999,56.93,56.23,56.669998,4225200,
ETFC,11.94,12.18,11.87,12.09,5723500,
ETH,31.280001,31.440001,30.77,31.299999,357100,
ETM,10,10.12,9.95,10.1,95800,
ETN,64.879997,65.970001,64.550003,65.839996,1951200,
ETP,50.099998,50.200001,49.150002,49.77,1266700,
ETR,68.57,69.559998,68.169998,69.169998,853500,
ETRM,1.160001,1.180001,1.140001,1.180001,17100,
EUI,74.760002,74.970001,74.540001,74.650002,0,
EUO,18.32,18.34,18.17,18.219999,644600,
EUU,133.759995,134.149994,133.380005,133.970001,0,
EV,40,40.369999,39.919998,40.18,636100,
EVC,5.68,6,5.65,5.94,1505600,
EVEP,33.450001,34.189999,33.220001,33.75,613600,
EVER,16.870001,16.9,16.65,16.77,485300,
EVR,39.900002,41.080002,39.810001,41.040001,338600,
EVTC,21.9,22.26,21.9,22.23,673000,
EW,70.470001,70.610001,69.690002,70.160004,1580400,
EWA,24.049999,24.299999,24.040001,24.18,1254100,
EWBC,26.52,26.65,26.4,26.48,1062100,
EWC,27.48,27.799999,27.48,27.719999,1269600,
EWD,33.16,33.459999,33.16,33.41,269200,
EWG,26.66,26.860001,26.66,26.84,2420100,
EWH,19.389999,19.540001,19.379999,19.49,4261400,
EWI,13.05,13.13,13.03,13.08,453200,
EWJ,11.34,11.42,11.32,11.34,12464700,
EWL,30.18,30.34,30.17,30.309999,439500,
EWM,15.82,15.91,15.77,15.89,263200,
EWP,30.610001,30.73,30.58,30.66,273100,
EWQ,25.370001,25.51,25.360001,25.469999,2754000,
EWS,13.37,13.44,13.37,13.41,900000,
EWT,13.36,13.5,13.36,13.49,1717700,
EWU,18.83,18.91,18.83,18.879999,435400,
EWV,19.969999,20.01,19.68,19.969999,28000,
EWW,64.139999,64.839996,63.970001,64.059998,3901800,
EWX,46,46.439999,46,46.419998,96200,
EWY,54.650002,54.959999,54.450001,54.799999,1390200,
EWZ,46.900002,47.34,46.549999,47.09,17644700,
EXA,9.93,10.7,9.67,10.26,32900,
EXAM,20.440001,20.75,20.35,20.49,195800,
EXAR,11.37,11.6,11.37,11.6,95600,
EXAS,12.54,12.99,12.41,12.83,3129500,
EXC,30.74,31.15,30.68,31.15,5715700,
EXEL,4.68,4.82,4.61,4.82,1902100,
EXH,29.24,29.889999,29.17,29.790001,361900,
EXK,3.9,3.98,3.8,3.84,971400,
EXL,13.64,13.67,13.4,13.58,157400,
EXLP,29.450001,30.25,29.049999,29.9,78100,
EXLS,30.75,30.790001,30.52,30.719999,110100,
EXMCF,0.06,0.06,0.05,0.06,2462400,
EXP,72.779999,73.5,72,73.019997,370700,
EXPD,38.75,39.209999,38.59,38.990002,1000800,
EXPE,59.32,60.950001,59.259998,60.639999,3047200,
EXPO,57.279999,58.580002,57.080002,58.490002,44800,
EXPR,21.309999,21.42,21.129999,21.370001,506800,
EXR,42.889999,43.889999,42.630001,43.700001,1156300,
EXTR,3.5,3.57,3.48,3.55,448300,
EXXI,25.870001,26.549999,25.870001,26.280001,873100,
EZA,57.950001,59.060001,57.950001,58.950001,461200,
EZCH,28.43,28.6,28.129999,28.24,116400,
EZJ,79.589996,80.610001,79.559998,79.599998,49400,
EZPW,19.24,19.530001,19.129999,19.299999,216000,
EZU,35.380001,35.560001,35.360001,35.490002,602400,
F,15.54,15.71,15.44,15.65,25950200,
FAF,22.690001,22.75,22.370001,22.610001,915200,
FALC,1.58,1.6,1.53,1.54,179900,
FARO,34.349998,34.849998,34.27,34.470001,250500,
FAS,66.029999,67.75,65.989998,67.169998,20819600,
FAST,47.27,47.389999,46.75,46.900002,2534800,
FAZ,32.93,32.970001,32.080002,32.360001,1530600,
FB,24.09,24.690001,24.08,24.209999,36709100,
FBC,13.9,13.91,13.55,13.88,303800,
FBHS,41.220001,41.98,40.939999,41.91,935700,
FBN,4.69,4.75,4.65,4.7,55044,
FBP,6.69,6.89,6.69,6.84,225400,
FBR,10.63,10.85,10.6,10.81,1579500,
FBRC,23.799999,24.469999,23.450001,24.280001,64700,
FBT,56.68,57.43,56.400002,57.209999,24500,
FCE.A,18.57,18.64,18.36,18.55,1027000,
FCEL,1.279999,1.319999,1.259999,1.299999,172900,
FCFS,58.200001,58.389999,57.66,57.939999,127100,
FCG,16.880001,17.05,16.8,16.930001,75400,
FCH,5.99,6.04,5.95,6,781700,
FCN,36.150002,36.549999,35.860001,36.240002,232400,
FCS,13.51,13.83,13.5,13.69,1393800,
FCSC,5.62,6.46,5.5,6.39,158800,
FCX,29.639999,29.66,29.33,29.52,9177800,
FDEF,23.1,23.16,22.59,23.030001,23600,
FDN,46.09,46.459999,46,46.330002,164600,
FDO,63.689999,64.220001,63.400002,64.080002,1438000,
FDP,27.809999,28.09,27.73,28.08,214100,
FDS,97,101.93,96.870003,99.120003,1890000,
FDUS,18.469999,18.9,18.219999,18.74,62700,
FDX,98.620003,100.379997,98.239998,99.480003,2195300,
FE,38.150002,38.459999,38.049999,38.25,2808900,
FEIC,74.309998,75.489998,74.040001,75.370003,123100,
FET,31.450001,32,31.27,31.799999,257500,
FEZ,36.049999,36.259998,36.049999,36.209999,339900,
FF,14.61,14.74,14.57,14.7,142100,
FFBC,14.65,14.73,14.55,14.7,499200,
FFCH,20.04,20.39,19.82,20.36,19300,
FFG,43.049999,43.41,42.889999,43.240002,23300,
FFIC,15.97,16.15,15.93,16.01,84000,
FFIN,54.84,55.52,54.279999,55.27,150800,
FFIV,74.510002,76.739998,74.510002,76.059998,1095800,
FFNW,10.17,10.36,10.13,10.3,35500,
FGP,21.959999,22.129999,21.719999,21.98,218900,
FHCO,9.93,10.01,9.91,10.01,143400,
FHN,10.76,11.05,10.72,10.98,6632200,
FICO,47.049999,47.66,46.880001,47.34,152000,
FIG,7.23,7.39,7.21,7.25,491200,
FII,28.07,28.370001,28.049999,28.18,359200,
FINL,21.32,21.629999,21.120001,21.610001,345200,
FIO,13.11,13.46,12.75,13.26,5438600,
FIRE,54.73,55.78,54.66,55.46,404300,
FIS,44.110001,44.330002,43.950001,44.330002,1198700,
FISV,87.669998,88.730003,87.669998,88.639999,870000,
FITB,18.33,18.49,18.26,18.4,6251100,
FIVE,38.299999,39.990002,37.91,39.889999,705600,
FIW,28.33,28.629999,28.32,28.610001,10800,
FIX,14.57,14.96,14.49,14.95,135500,
FIZZ,17.24,17.77,17.24,17.459999,26100,
FL,34.75,35.459999,34.720001,35.41,2673700,
FLDM,16.43,17.01,16.43,16.559999,66200,
FLEX,7.61,7.68,7.59,7.65,4852300,
FLIR,25.690001,26.74,25.690001,26.49,2784600,
FLML,6.25,6.25,5.95,6.16,28500,
FLO,34.11,34.749999,34.02,34.570001,1720300,
FLOW,3.54,3.61,3.53,3.58,321400,
FLR,62.529999,63.509998,62.419998,63.279999,1347900,
FLS,165.080006,166.489998,164.41,165.970001,552600,
FLT,88.370003,89.739998,88.260002,89.120003,724300,
FLTX,32.09,32.09,31.799999,32,147400,
FLWS,5.88,6.05,5.85,5.97,157600,
FLY,16.620001,16.68,16.32,16.48,102400,
FMBI,12.81,12.9,12.63,12.77,316900,
FMC,63.860001,64.949997,63.490002,64.699997,791300,
FMER,19.18,19.559999,19.07,19.559999,1226700,
FMS,35.52,35.759998,35.439999,35.459999,320300,
FMX,101.599998,101.860001,99.910004,100.239998,386600,
FN,14.48,14.84,14.48,14.73,93900,
FNB,11.11,11.26,11.03,11.26,886100,
FNF,24.469993,24.759996,24.120003,24.169994,3093000,
FNFG,9.88,10.07,9.8,10.01,2477500,
FNGN,46.41,47.560001,46.369999,47.130001,195700,
FNI,21.76,21.809999,21.73,21.73,4100,
FNP,21.84,22.72,21.78,22.64,974400,
FNSR,14.01,14.44,14,14.44,2486600,
FNV,39.290001,39.299999,37.02,37.080002,385300,
FOE,7.13,7.23,7.05,7.22,566200,
FOLD,2.58,2.65,2.5,2.52,610600,
FOR,22.01,22.209999,21.9,22.15,378000,
FORM,6.85,7,6.84,6.96,361800,
FORR,36,36.5,35.860001,36.290001,125400,
FOSL,105.970001,108.07,105.059998,107.510002,776700,
FPO,13.47,13.72,13.34,13.66,253900,
FR,16.209999,16.530001,16.09,16.35,410400,
FRAK,26.15,26.309999,26.08,26.08,4900,
FRAN,25.77,26.040001,24.91,25.440001,2162500,
FRC,38.68,38.720001,38.389999,38.509998,1493000,
FRED,16.1,16.309999,15.99,16.25,120500,
FRGI,36.98,37.849998,36.799999,37.689999,233500,
FRM,7.31,7.47,7.26,7.4,66100,
FRME,17.139999,17.27,16.93,17.23,77800,
FRO,2.34,2.34,2.13,2.14,238800,
FRP,8.29,8.6,8.29,8.53,24200,
FRT,105.239998,105.739998,104.349998,104.849998,430600,
FRX,41.21,41.69,41.08,41.57,1392600,
FSA,11.75,11.75,11.75,11.75,0,
FSC,10.35,10.38,10.2,10.36,907700,
FSG,1.6,1.6,1.6,1.6,0,
FSL,15.26,15.39,15,15.23,1051400,
FSLR,45.610001,46.5,45.549999,45.959999,4655300,
FSM,3.48,3.54,3.37,3.47,211700,
FSP,13.44,13.71,13.35,13.54,411700,
FSS,8.64,9.05,8.64,9.05,214600,
FST,4.4,4.405,4.27,4.3,2899093,
FSTR,44,44.470001,43.689999,43.990002,26000,
FSYS,16.870001,17.17,16.85,16.860001,122100,
FTE,0.015,0.015,0.015,0.015,0,
FTEK,3.74,3.79,3.73,3.78,37900,
FTI,57.830002,58.34,57.759998,57.98,1650600,
FTK,17.700001,18.200001,17.67,18,494900,
FTNT,18.040001,18.09,17.98,18.02,1466400,
FTR,4.08,4.11,4.02,4.04,9644600,
FU,3.5,3.59,3.47,3.53,59300,
FUBC,6.43,6.75,6.43,6.67,208800,
FUL,41.290001,41.93,41.150002,41.689999,161700,
FULT,11.24,11.4,11.18,11.37,499700,
FUN,41.470001,41.599998,41.25,41.330002,148100,
FUR,12.12,12.56,12.1,12.45,94900,
FURX,35.98,36.99,35.71,36.93,97500,
FVE,5.21,5.39,5.18,5.37,482600,
FWLT,24.24,24.82,24.24,24.79,678900,
FWM,23.99,24.23,23.51,23.950001,656700,
FWRD,38.41,39.09,38.279999,39.02,40400,
FXA,94.790001,95.220001,94.599998,94.860001,115100,
FXB,153.839996,154.550003,153.820007,154.5,15600,
FXC,97.419998,97.519997,97.349998,97.43,92300,
FXCM,15.1,15.8,15.07,15.55,93600,
FXD,27.450001,27.68,27.299999,27.65,63400,
FXE,132.320007,132.889999,132.289993,132.729996,360200,
FXEN,4.06,4.18,3.98,4.18,360300,
FXF,106.459999,106.879997,106.410004,106.709999,21000,
FXI,34.470001,34.619999,34.380001,34.560001,18671400,
FXO,18.889999,19.02,18.799999,18.99,83800,
FXP,22.440001,22.620001,22.33,22.389999,44500,
FXS,153.610001,154.600006,153.610001,154.600006,13300,
FXY,102.449997,102.980003,102.300003,102.709999,313200,
FXZ,27.57,27.77,27.57,27.719999,31500,
G,20.059999,20.219999,19.629999,19.639999,1489000,
GA,7.79,7.83,7.65,7.75,974636,
GAGA,3.74,3.74,3.73,3.74,700,
GAIA,4.45,4.52,4.45,4.45,15200,
GAIN,7.4,7.43,7.31,7.41,109500,
GALE,2.12,2.16,2.06,2.08,873700,
GAME,3.99,4.17,3.97,4.08,506800,
GAS,43.41,43.900002,43.299999,43.700001,398500,
GASL,23.000001,23.700001,22.900001,23.290001,300,
GASS,11.32,11.49,10.63,10.71,647100,
GASX,11.56,11.59,11.07,11.32,25800,
GAZ,2.65,2.72,2.64,2.68,27400,
GB,34.130001,34.41,33.66,34.299999,77200,
GBCI,20.74,21.059999,20.559999,20.91,343600,
GBDC,17.85,17.969999,17.6,17.85,326000,
GBP,156.100006,156.570007,155.649994,156.460007,0,
GBX,24.459999,25.08,24.33,24.690001,350500,
GCA,6.52,6.56,6.47,6.54,450100,
GCC,26.879999,26.959999,26.85,26.950001,75100,
GCI,25.02,25.18,24.629999,24.959999,4460700,
GCO,70.220001,70.470001,69.769997,70.059998,192600,
GCOM,12.98,13.25,12.98,13.2,38000,
GD,78.580002,79.480003,78.529999,78.849998,1890300,
GDI,0.19,0.19,0.19,0.19,0,
GDOT,19.190001,19.610001,19.07,19.389999,144400,
GDP,12.25,12.85,12.21,12.6,632000,
GDRZF,2.9,2.95,2.85,2.9,111400,
GDX,27.98,28.129999,27.280001,27.379999,19369600,
GDXJ,10.97,11.03,10.65,10.69,972500,
GE,23.83,24.450001,23.77,24.33,72766900,
GEF,53.509998,54.27,53.509998,53.889999,134400,
GEL,53,53.450001,52.66,53.34,804300,
GENE,2.67,2.74,2.4,2.58,40600,
GEO,34.82,35.290001,34.509998,35.009998,268600,
GEOS,72.769997,74.769997,72.769997,74.760002,226500,
GERN,1.13,1.17,1.11,1.15,1094100,
GES,31.76,32.130001,31.66,32.09,455600,
GEVA,42.220001,42.59,40.630001,41.560001,106800,
GEVO,2.059998,2.319998,2.019998,2.069998,31800,
GEX,15.359847,15.609845,15.329848,15.559845,17800,
GFA,2.77,2.84,2.73,2.77,2033000,
GFF,11.17,11.56,11.14,11.5,119200,
GFI,5.98,6.03,5.89,5.92,2343000,
GFIG,4.07,4.18,4.05,4.17,184900,
GG,27.58,27.74,26.950001,27.139999,5724400,
GGB,5.91,6.07,5.83,5.97,6956000,
GGG,63.450001,64.580002,63.169998,64.360001,142000,
GGP,20.870001,21.219999,20.790001,21.07,2083800,
GGS,0.01,0.01,0.01,0.01,0,
GHDX,32,34.209999,31.52,34.049999,471200,
GHL,49.139999,50.91,49.130001,50.68,376800,
GHM,26.940001,27.59,26.549999,27.469999,32000,
GIFI,20.99,21.08,20.48,20.99,48400,
GIGM,1,1,0.98,0.99,700,
GIII,48.860001,49.5,48.66,48.77,329200,
GIL,40.360001,41.439999,40.330002,41.130001,392200,
GILD,50.869999,52.049999,50.869999,51.939999,6873600,
GILT,5.6,5.6,5.58,5.6,35800,
GIS,49.84,49.990002,49.43,49.91,2256100,
GIVN,13.95,14.03,13.77,13.77,62200,
GK,49.299999,50.02,48.700001,49.5,55400,
GLAD,8.37,8.37,8.27,8.33,78400,
GLD,132.720001,132.960007,131.529999,132.130005,7379300,
GLDD,8.31,8.65,8.13,8.61,331900,
GLF,46.639999,46.990002,46.470001,46.82,160600,
GLL,87.529999,89,87.18,88.169998,167200,
GLNG,32.990002,33.119999,32.419998,32.900002,441600,
GLOG,13.14,13.27,13.09,13.14,176200,
GLP,38.439999,39,38.009998,38.84,37100,
GLPW,15.93,16.139999,15.82,15.99,33300,
GLRE,25.110001,25.41,25.110001,25.379999,177700,
GLT,25.91,26.209999,25.690001,26.15,129000,
GLUU,2.37,2.42,2.36,2.39,502300,
GLW,15.1,15.22,15.09,15.19,10244600,
GM,33.799999,34.060001,33.439999,34.009998,9926100,
GMAN,13.5,13.63,13.22,13.57,106100,
GMCR,79.550003,79.849998,78.300003,79.300003,1604700,
GME,38.290001,38.48,37.93,38.459999,1691400,
GMED,15.88,15.88,15.62,15.72,302500,
GMLP,34.220001,34.59,33.939999,34.52,75900,
GMO,1.96,2.04,1.93,2.04,190000,
GMT,48.16,48.400002,46.919998,48.049999,432000,
GNC,47.139999,48.049999,47.080002,47.93,1321600,
GNCMA,8.15,8.25,8.14,8.23,174200,
GNE,9.87,9.87,9.7,9.8,37800,
GNK,1.48,1.56,1.48,1.54,656700,
GNMK,10.45,10.68,9.51,9.57,1863200,
GNRC,35.02,35.400002,34.970001,35.279999,1517900,
GNTX,23.17,23.559999,23.120001,23.49,968000,
GNW,11.21,11.39,11.18,11.39,7162500,
GOL,3.91,3.93,3.8,3.89,103600,
GOLD,73.559998,73.800003,72.5,72.610001,648700,
GOOGL,888.650023,901.000026,888.35003,900.620035,4329400,
GORO,9.96,10,9.76,9.99,456000,
GOV,24.700001,25.110001,24.549999,24.809999,420400,
GPC,79.120003,79.690002,78.510002,79.639999,430900,
GPI,63.790001,65.220001,63.119999,65.029999,180300,
GPK,7.78,8,7.75,7.97,2672200,
GPL,0.8,0.82,0.77,0.77,372900,
GPN,48.509998,48.939999,48.349998,48.900002,885400,
GPOR,50.259998,51.73,49.900002,51.52,1085100,
GPRE,14.05,14.55,13.81,14.47,414600,
GPS,41.889999,42.389999,41.790001,42.34,2252900,
GPT,9.67999,9.91999,9.67999,9.86999,928200,
GPX,23.469999,24.360001,23.469999,24.32,25600,
GRA,83.110001,83.68,82.93,83.029999,714000,
GRC,28.72,29.34,28.45,29.25,23000,
GREK,16.73,17.09,16.530001,16.58,77000,
GRFS,26.6,26.92,26.219999,26.459999,1098200,
GRMN,35.060001,36.25,35.060001,35.759998,1494100,
GROW,2.5,2.55,2.5,2.53,19200,
GRPN,7.7,7.79,7.55,7.68,10304300,
GRT,25.85,26.28,25.67,26.25,6615800,
GRU,6.83,6.89,6.83,6.88,16700,
GS,164.149994,164.869995,163.050003,164.149994,2060700,
GSG,31.889999,31.99,31.799999,31.99,97800,
GSH,22.139999,22.219999,21.879999,22.219999,13500,
GSI,1.01,1.01,0.98,1,13200,
GSK,52.369999,52.57,52.189999,52.470001,1352300,
GSM,11.43,11.46,11.2,11.35,786600,
GSS,0.49,0.53,0.48,0.49,1806700,
GST,2.8,2.8,2.68,2.72,320700,
GSVC,8.2,8.38,8.16,8.28,99900,
GT,15.13,15.31,14.94,14.97,3550800,
GTAT,3.77,4.02,3.75,3.98,2464700,
GTE,6.27,6.35,6.25,6.27,415600,
GTI,8.1,8.29,8.05,8.29,904800,
GTIV,11.78,11.9,11.63,11.66,152100,
GTLS,96.540001,98.68,96.029999,97.459999,420500,
GTN,6.83,7.27,6.83,7.15,992500,
GTXI,7.01,7.24,6.86,7.14,747300,
GTY,20.74,21.27,20.66,21.139999,44800,
GUID,8.89,9,8.83,9,43500,
GUR,39.619999,39.73,39.450001,39.540001,18600,
GURE,1.19,1.21,1.18,1.2,30300,
GV,2.42,2.42,2.35,2.35,103000,
GVA,30.469999,30.809999,30.34,30.690001,138200,
GVZ,21.27,23.32,21.27,22.7,0,
GWAY,11.75,11.88,11.65,11.75,55100,
GWL,26.77,26.809999,26.67,26.77,34800,
GWR,90.470001,91.580002,89.610001,91.199997,379800,
GWRE,41.849998,43.09,41.610001,42.900002,723100,
GWW,253.539993,256.019989,252.380005,255.869995,171100,
GXC,67.25,67.510002,67.129997,67.470001,332400,
GXG,18.889999,18.959999,18.790001,18.85,421600,
GXP,22.93,23.129999,22.77,23.110001,449200,
GY,16.09,16.91,16.02,16.56,1969800,
GZT,13.41,13.45,13.26,13.39,3100,
H,40.099998,40.889999,40.009998,40.669998,491000,
HA,6.15,6.2,6.08,6.2,421600,
HAE,42.400002,42.869999,42.360001,42.709999,525900,
HAFC,15.79,16.33,15.75,16.309999,182600,
HAIN,67.839996,68.190002,67.089996,68.089996,1575800,
HAL,43.630001,44.470001,43.630001,44.07,9805800,
HALO,6.32,6.63,6.32,6.41,1551400,
HAO,23.309999,23.379999,23.290001,23.379999,52700,
HAR,52.959999,53.16,52.549999,52.889999,494400,
HAS,44.380001,44.869999,44.369999,44.740002,679100,
HASI,11.64,11.65,11.48,11.56,229700,
HAWK,26.059999,26.1,25.120001,25.559999,547000,
HAYN,47.900002,48.700001,47.639999,48.349998,31800,
HBAN,7.55,7.64,7.53,7.62,6196600,
HBC,54.64,54.844,54.39,54.53,915315,
HBHC,28.379999,28.76,28.139999,28.700001,375300,
HBI,51.720001,52.439999,51.720001,52.34,2353600,
HBIO,4.999999,5.079996,4.910004,5.060001,99400,
HBM,7.64,7.64,7.47,7.55,19500,
HCA,39.209999,39.279999,38.740002,38.830002,3634400,
HCBK,8.39,8.62,8.31,8.57,13247000,
HCC,42.849998,43.32,42.59,43.18,365000,
HCI,32.73,33.400002,32.540001,33.110001,255000,
HCLP,22.65,23.02,22.65,22.9,98100,
HCN,67.639999,68.589996,67.639999,68.150002,1850100,
HCP,45.800002,46.26,45.51,45.98,2645100,
HCSG,22.23,23.49,22.01,23.440001,1267300,
HD,76.120003,77.370003,76.120003,77.190002,6421500,
HDB,37.380001,37.380001,36.509998,36.580002,541900,
HDGE,16.059999,16.07,15.86,15.93,345800,
HDV,68.32,68.860001,68.32,68.760002,248700,
HDY,0.49,0.5,0.47,0.47,63300,
HE,24.889999,25.049999,24.709999,25.01,371700,
HEDJ,50.580002,50.580002,50.360001,50.5,21700,
HEES,21.9,22.709999,21.9,22.629999,143100,
HEI,52.540002,52.96,52.150002,52.420001,192700,
HELE,40.43,41.259998,40.299999,41.259998,106800,
HEP,38.09,38.599998,38,38.5,116800,
HERO,7.18,7.26,6.97,6.97,3540200,
HES,67.540001,67.75,67.139999,67.519997,3253500,
HF,17.869998,18.150005,17.839996,17.999997,110400,
HFC,44.900002,45.220001,44.099998,44.259998,4701000,
HGG,16.9,17.219999,16.719999,17.049999,182800,
HGT,9,9.3,8.92,9.17,244000,
HGX,192.71,193.79,190.62,192.96,0,
HHC,109.709999,110.470001,108.860001,109.07,188800,
HHS,8.78,8.78,8.51,8.74,194200,
HI,23.16,23.67,23.120001,23.639999,160600,
HIBB,57.080002,57.540001,56.639999,57.290001,208100,
HIG,29.799999,30.35,29.75,30.35,2875400,
HII,56.240002,57.700001,56.09,57.639999,134000,
HIMX,5.74,5.76,5.56,5.61,4496600,
HITK,32.95,33.94,32.5,33.91,109000,
HITT,53.52,53.97,53.45,53.65,264100,
HIW,35.669998,35.82,35.349998,35.630001,1309300,
HK,5.81,5.87,5.7,5.77,26400,
HKTV,6.18,6.33,6.06,6.22,13100,
HL,3.32,3.39,3.25,3.26,6522600,
HLF,48.84,49.939999,48.689999,49.549999,1870300,
HLIT,6.27,6.4,6.1,6.34,860500,
HLS,29.68,29.889999,29.629999,29.719999,400700,
HLSS,24.48,24.969999,24.190001,24.370001,635700,
HLX,23.540001,24.530001,23.5,24.41,905400,
HMA,16.03,16.4,15.82,16.32,9090700,
HMC,37.279999,37.349998,36.060001,37.060001,1800700,
HME,61.869999,62.830002,61.77,62.599998,345600,
HMIN,29.34,29.940001,29.139999,29.83,290900,
HMN,25.4,25.4,25.07,25.33,93200,
HMST,20.76,20.9,20.549999,20.559999,77500,
HMSY,22.84,23.09,22.75,22.969999,701100,
HMY,3.77,3.81,3.64,3.65,2222300,
HNI,36.470001,37.66,36.470001,37.48,133400,
HNP,36.91,37.220001,36.91,37.040001,34400,
HNR,3.2,3.23,3.08,3.1,250300,
HNSN,1.62,1.68,1.62,1.64,21600,
HNT,31.5,31.870001,31.219999,31.82,347200,
HOFT,15.4,16.16,15.35,16.01,50600,
HOG,53.630001,54.549999,53.380001,54.189999,1079900,
HOGS,13.4,13.4,13.35,13.36,517000,
HOLI,12.35,12.46,12.17,12.3,197700,
HOLX,21.4,21.43,20.959999,21.040001,3875600,
HOMB,21.040001,21.25,20.889999,21.120001,267600,
HON,79.870003,81.089996,79.709999,80.849998,3223200,
HOS,55.25,55.630001,54.599998,55.009998,578800,
HOT,66.769997,67.309998,66.580002,66.900002,1249500,
HOV,6.38,6.47,6.2,6.43,6724200,
HP,63.450001,64.25,63.380001,64.040001,922500,
HPP,21.35,21.799999,21.290001,21.629999,47000,
HPQ,25.17,25.549999,25.129999,25.44,25308000,
HPT,26.75,27.129999,26.75,26.84,1240500,
HPY,35.599998,35.900002,35.27,35.619999,432400,
HR,25.629999,25.940001,25.32,25.75,640400,
HRB,28.9,29.360001,28.85,29.219999,1607800,
HRC,35.040001,35.389999,34.970001,35.34,158900,
HRG,8.28,8.36,8.2,8.25,219500,
HRL,38.810001,39.41,38.509998,39.189999,5689000,
HRS,49.950001,50.220001,49.709999,50.09,559600,
HRZN,13.99,14,13.86,13.96,62000,
HSC,23.07,23.51,23.07,23.5,260000,
HSH,33.07,33.58,32.71,33.54,1648800,
HSIC,97.900002,98.279999,97.449997,98.150002,330800,
HSII,17.389999,17.65,17.290001,17.43,48100,
HSNI,56.099998,56.470001,55.93,56.369999,137600,
HSOL,1.75,1.8,1.73,1.79,394500,
HSP,36.459999,36.599998,36.150002,36.59,371000,
HST,17.209999,17.42,17.16,17.219999,5498200,
HSTM,26.690001,26.85,26.35,26.6,67500,
HSY,89.730003,89.93,89.379997,89.610001,661100,
HT,5.8,5.91,5.78,5.9,554800,
HTA,11.76,11.8,11.62,11.69,636100,
HTCH,6.13,6.27,5.98,6.09,464100,
HTGC,13.45,13.54,13.36,13.49,434000,
HTH,16.35,16.469999,16.24,16.450001,391100,
HTHT,15.45,16.17,15.45,15.91,52500,
HTLD,13.85,14.12,13.75,13.97,469400,
HTS,25.620001,25.9,25.4,25.780001,838600,
HTSI,48.43,48.52,47.74,48.18,332500,
HTWR,92.459999,94.440002,92.080002,94.290001,204900,
HTZ,24.68,25.41,24.610001,25.33,8009600,
HUB.B,99.09,100.25,99.09,100.04,64500,
HUBG,34.82,35.23,34.68,35.130001,209600,
HUM,82.089996,83.709999,82.029999,83.599998,949900,
HUN,17.99,18.08,17.709999,18.07,3806200,
HURN,44.25,44.5,43.919998,44.299999,132200,
HUSA,0.31,0.32,0.29,0.32,153400,
HVT,24.709999,24.76,24.32,24.549999,84100,
HW,10.29,10.34,10.18,10.25,405600,
HWAY,13.99,14.05,13.92,14.01,101100,
HWCC,14.23,14.4,14.15,14.35,47900,
HXL,34.610001,35.720001,34.560001,35.32,809900,
HXM,3.84,3.91,3.69,3.69,1079500,
HY,68.410004,71.93,68.410004,71.290001,25300,
HYD,31.65,31.82,31.610001,31.74,185100,
HYG,92.760002,93.110001,92.760002,93.029999,3609700,
HYLD,51.07,51.299999,51.049999,51.299999,99600,
HYS,103.68,104.190002,103.68,104.18,230400,
HZNP,2.25,2.32,2.24,2.32,175600,
HZO,11.79,12.15,11.79,12.14,66700,
I,21.1,21.450001,20.65,21.059999,179700,
IACI,49.349998,50.450001,49.310001,49.700001,1253800,
IAG,5.18,5.2,5.05,5.09,4379400,
IAI,31.200001,31.450001,31.110001,31.34,156200,
IART,37.060001,38.139999,36.630001,37.630001,119600,
IAT,28.35,28.6,28.26,28.540001,23600,
IAU,13.34,13.37,13.22,13.29,3562000,
IBB,173.979996,177.020004,173.529999,176.550003,672400,
IBCP,6.13,6.2,6.1,6.12,7000,
IBKC,52.150002,52.799999,51.84,52.5,206500,
IBKR,16.33,16.66,16.24,16.469999,283800,
IBM,203.020004,206.089996,202.869995,204.869995,3277800,
IBN,41.05,41.05,40.760002,40.819998,5960000,
IBOC,20.799999,21.6,20.639999,21.57,168400,
ICA,6.59,6.77,6.59,6.71,482100,
ICAD,5.8,6.04,5.8,5.96,19100,
ICE,180,184.120007,179.759998,183.069992,5312500,
ICF,82.300003,82.989998,81.910004,82.43,374400,
ICGE,11.53,11.84,11.43,11.69,66800,
ICLR,35.860001,36.5,35.77,36.220001,816300,
ICN,20.459999,20.459999,20.040001,20.18,9400,
ICON,30.200001,30.559999,30.120001,30.43,762000,
ICUI,73.910004,74.459999,73.610001,74.169998,82400,
IDA,48.43,49.119999,48.209999,48.830002,192500,
IDCC,46.18,47.360001,45.959999,47.209999,224900,
IDIX,5.19,5.39,5.16,5.39,722700,
IDSY,4.96,5,4.96,4.98,5100,
IDT,19.679997,20.329996,19.579998,20.289999,324200,
IDTI,8.42,8.52,8.36,8.48,1960900,
IDU,95.75,96.449997,95.419998,96.330002,75600,
IDV,34.099998,34.259998,33.990002,34.23,435300,
IDXX,90.93,91.879997,90.129997,90.489998,1050000,
IEF,104.849998,105.120003,104.790001,105.029999,429000,
IEI,122.150002,122.339996,122.129997,122.279999,179000,
IEMG,47.240002,47.509998,47.139999,47.41,471600,
IEO,75.019997,75.739998,74.889999,75.379997,44800,
IEP,73.800003,73.800003,72,72.470001,161000,
IEV,42.009998,42.169998,42,42.110001,320300,
IEX,53.990002,54.290001,53.880001,54.049999,627700,
IEZ,58.5,59.16,58.5,58.93,95700,
IFF,79.879997,80.18,79.709999,79.949997,225400,
IFGL,32.450001,32.73,32.439999,32.619999,331700,
IFN,19.450001,19.59,19.34,19.58,117700,
IFT,6.95,6.95,6.77,6.95,30300,
IGE,40,40.32,40,40.23,250800,
IGT,17.33,17.360001,17.09,17.139999,2969000,
IGTE,15.26,15.64,15.14,15.57,213900,
IGV,68.970001,69.290001,68.82,69.110001,89200,
IHF,84.330002,85.110001,84.25,85.059998,77500,
IHS,111.540001,112,110.169998,110.260002,275500,
IIIN,18.48,19.370001,18,19.360001,75900,
IIJI,19.75,19.790001,19.67,19.73,11600,
IILG,21.030001,21.059999,20.780001,20.99,181000,
IIVI,16.49,16.780001,16.41,16.629999,157700,
IJH,118.120003,119.190002,118.080002,118.989998,879600,
IJJ,103.18,104.050003,103.099998,103.830002,95200,
IJK,131.940002,133.139999,131.940002,132.919998,125900,
IJR,91.5,92.610001,91.349998,92.379997,996400,
IJS,94.660004,95.82,94.620003,95.580002,59300,
IJT,98.360001,99.519997,98.309998,99.309998,102200,
IL,6.3,6.33,6.24,6.29,113300,
ILF,38,38.220001,37.810001,38.07,578400,
ILMN,70.82,72.040001,70.559998,71.690002,815600,
IM,19.139999,19.379999,19.110001,19.370001,523100,
IMAX,25.51,25.549999,24.92,25.120001,690700,
IMGN,16.059999,16.6,15.82,16.379999,480800,
IMH,11.17,11.27,11.02,11.02,2300,
IMKTA,22.59,23.809999,22.52,23.58,37700,
IMMR,14.66,14.89,14.61,14.72,233700,
IMMU,4.22,4.3,4.17,4.3,523700,
IMN,4.24,4.35,4.22,4.35,78100,
IMO,39.419998,39.919998,39.349998,39.73,185800,
IMOS,19.040001,19.4,18.75,18.940001,367600,
IMPV,40.73,41.400002,40.450001,41.360001,188400,
IMUC,2.21,2.25,2.16,2.2,10500,
IN,9.93,9.95,9.92,9.94,460765,
INAP,7.98,8.27,7.96,8.25,119400,
INCY,21.1,21.52,20.719999,21.41,1232800,
INDB,32.950001,33.25,32.580002,33.130001,30400,
INDL,14.2,14.58,14.11,14.58,13600,
INFA,35.810001,37.139999,35.720001,36.25,1855400,
INFI,17.219999,19.799999,17.200001,19.459999,5040900,
INFN,10.97,11.23,10.9,11.18,1252500,
INFY,41.82,41.990002,41.490002,41.580002,6097600,
ING,9.39,9.55,9.37,9.53,3946300,
INGR,68.989998,69.690002,68.809998,69.610001,254300,
ININ,51.900002,52.080002,51.27,51.82,43000,
INN,9.59,9.76,9.51,9.62,329700,
INP,53.889999,54.439999,53.799999,54.16,18200,
INSM,13.1,13.45,12.5,12.76,518600,
INT,39.98,40.220001,39.799999,39.950001,153400,
INTC,25.07,25.65,25.07,25.469999,36674300,
INTL,17.620001,17.73,17,17.280001,773500,
INTU,57.93,58.790001,57.93,58.700001,2710400,
INTX,8.7,8.83,8.63,8.75,46200,
INVE,0.77,0.78,0.75,0.78,16600,
INVN,14.8,14.85,14.43,14.71,2346600,
INWK,11.33,11.54,11.25,11.47,178800,
INXN,26.6,26.799999,26.459999,26.75,294000,
IO,6.070003,6.100003,6.020003,6.050003,49500,
IOC,75.970001,76.120003,74.82,75.220001,374500,
IOO,71.25,71.639999,71.25,71.529999,217600,
IOSP,41.669998,42.23,41.040001,42.16,64500,
IP,46.300005,46.490006,45.640002,45.970009,2747700,
IPAR,32.099998,32.240002,31.870001,32.150002,118000,
IPCM,50.82,52.139999,50.740002,52.060001,181100,
IPG,14.64,14.9,14.64,14.79,2847300,
IPGP,62.279999,63.299999,62.029999,63.139999,239000,
IPHI,11.11,11.49,11.1,11.41,115300,
IPHS,49.139999,49.330002,48.709999,49.110001,63300,
IPI,18.440001,18.91,18.360001,18.860001,667500,
IPXL,18.799999,18.959999,18.799999,18.85,492800,
IQNT,5.06,5.28,5,5.22,634000,
IR,56.680002,57.930001,56.500004,57.610004,2974800,
IRBT,37.970001,38.18,37.080002,37.740002,695800,
IRC,10.17,10.3,10.1,10.23,352900,
IRDM,7.14,7.33,7.08,7.29,521500,
IRE,8.44,8.66,8.41,8.54,266600,
IRET,8.52,8.64,8.4,8.59,425100,
IRF,21.46,21.98,21.42,21.81,314600,
IRM,29.180004,29.180004,28.749995,28.829998,2175700,
IRWD,11.95,12.55,11.92,12.43,1321400,
ISBC,20,20.419999,19.850001,20.38,250800,
ISCA,33.98,34.169998,33.349998,34.130001,202200,
ISIL,7.62,7.69,7.5,7.67,959500,
ISIS,22.83,23.219999,22.34,23.08,495000,
ISLE,7.69,7.78,7.59,7.72,69900,
ISRG,503,510.880005,500.429993,509.609985,541800,
ISS,5.28,5.36,5.21,5.29,626710,
ISSC,6.98,7.02,6.72,6.93,17600,
ISSI,11.04,11.31,10.94,11.25,91900,
IT,58.009998,59.09,57.959999,58.740002,389600,
ITB,24.15,24.51,23.959999,24.42,9812400,
ITC,88.110003,89.040001,87.48,88.439999,428100,
ITG,14.36,14.64,14.23,14.49,304800,
ITMN,9.84,9.92,9.7,9.85,542100,
ITOT,75.120003,75.699997,75.07,75.589996,157800,
ITRI,43.169998,43.740002,43.080002,43.450001,283800,
ITT,29.76,30.139999,29.59,30.120001,346600,
ITUB,13.53,13.64,13.370004,13.480006,13641800,
ITW,70.849998,71.739998,70.690002,71.330002,1764700,
IVAC,4.96,5.51,4.93,5.36,169200,
IVAN,1.11,1.13,1.07,1.07,16300,
IVC,15.3,15.3,15.14,15.27,134000,
IVE,77.769997,78.389999,77.730003,78.260002,347800,
IVR,18.469999,18.68,18.129999,18.6,1860400,
IVV,165.360001,166.839996,165.360001,166.570007,2920000,
IVW,86.309998,87.089996,86.309998,86.959999,529700,
IVZ,34.450001,34.66,34.310001,34.540001,2181100,
IWB,91.419998,92.160004,91.419998,92.029999,406400,
IWC,62.07,62.810001,62.049999,62.639999,107200,
IWD,85.290001,85.940002,85.199997,85.769997,1330900,
IWF,74.540001,75.18,74.489998,75.089996,1030000,
IWM,98.519997,99.800003,98.330002,99.510002,40520200,
IWN,86.779999,87.940002,86.720001,87.660004,626500,
IWO,113.489998,114.870003,113.440002,114.589996,1162300,
IWP,72.989998,73.68,72.989998,73.589996,446200,
IWR,132.210007,133.270004,132.169998,133.080002,242700,
IWS,58.900002,59.43,58.900002,59.290001,423900,
IWV,97.779999,98.610001,97.699997,98.489998,169300,
IXC,40.119999,40.509998,40.119999,40.400002,123400,
IXYS,11.36,11.59,11.2,11.35,72600,
IYE,46,46.439999,46,46.32,269600,
IYF,72.599998,73.089996,72.400002,72.879997,157900,
IYG,72.82,72.970001,72.32,72.739998,74100,
IYH,102.389999,103.080002,102.279999,103.029999,45500,
IYJ,85.760002,86.059998,85.059998,85.940002,115100,
IYM,71.150002,71.580002,71,71.419998,38900,
IYR,68.25,68.879997,67.870003,68.309998,14319100,
IYT,112.309998,113.779999,112.309998,113.57,219500,
IYW,76.43,77.160004,76.43,76.940002,98700,
IYZ,26.07,26.4,25.92,26.309999,854300,
JACK,37.32,38.880001,36.860001,38.810001,727600,
JAGGF,0.41,0.41,0.41,0.41,0,
JAH,44.430001,44.88,44.339999,44.560006,1340300,
JAKK,9.79,9.94,9.75,9.94,85300,
JASO,6.99,7.13,6.81,6.88,930300,
JAZZ,69.790001,70.68,69.400002,69.660004,680100,
JBHT,72.309998,73.029999,72.029999,72.699997,274500,
JBL,19.690001,19.98,19.5,19.92,1687100,
JBLU,6.33,6.41,6.26,6.4,3518400,
JBT,22.08,22.18,21.719999,22.07,91700,
JCI,33.349998,33.900002,33.32,33.75,2730500,
JCOM,42.810001,43.139999,41.98,42.169998,334900,
JCP,17.639999,17.67,17.370001,17.530001,5797300,
JDSU,14.2,14.57,14.2,14.42,2231700,
JE,6.33,6.6,6.32,6.49,659200,
JEC,56.869999,57.970001,56.84,57.779999,542200,
JIVE,17.15,17.35,16.959999,17.34,316000,
JJC,38.93,38.990002,38.759998,38.880001,17000,
JJG,51,51.52,50.959999,51.52,40100,
JKHY,47.43,48.240002,47.43,48.060001,319800,
JKS,9.01,9.34,8.96,9,232300,
JLL,89.080002,91.559998,88.860001,90.889999,334900,
JMBA,16.17,16.41,16,16.309999,213900,
JNJ,85.75,86.440002,85.629997,86.360001,7233600,
JNK,40.299999,40.43,40.27,40.419998,5376900,
JNPR,19.09,19.33,19.09,19.129999,4079800,
JNS,8.67,8.74,8.6,8.67,1514400,
JNY,14.62,14.75,14.57,14.73,819400,
JO,25.879999,26.1,25.83,25.92,43500,
JOBS,62.139999,64.129997,61.91,63.790001,128800,
JOE,20.99,21.309999,20.959999,21.110001,280200,
JOSB,39.3,39.56,38.97,39.53,357600,
JOY,52.34,53.220001,52.119999,53.040001,1872800,
JPM,54.029999,54.27,53.720001,54.110001,13259100,
JRCC,2.12,2.32,2.11,2.29,1087600,
JRN,7.11,7.2,7.06,7.16,119700,
JST,5.1,5.1,4.98,4.99,34100,
JW.A,40.970001,40.970001,37.419998,39.610001,997700,
JWN,59.23,59.709999,59.040001,59.639999,659200,
JXI,44.049999,44.450001,44.049999,44.389999,40700,
K,64.57,65,64.18,64.919998,1276500,
KAI,31.700001,31.870001,31.370001,31.82,40600,
KALU,63.02,64.010002,62.580002,63.860001,127400,
KAMN,32.880001,34.419998,32.880001,34.34,81000,
KAR,23.07,23.5,22.93,23.379999,666200,
KB,31.4,31.48,31.209999,31.33,62900,
KBALB,10.41,10.72,10.38,10.67,53800,
KBE,28.059999,28.33,28,28.25,931800,
KBH,22,22.15,21.360001,22.01,3525200,
KBR,34.349998,34.869999,34.290001,34.68,915100,
KBWB,31.25,31.559999,31.25,31.49,42800,
KCAP,10.6,10.85,10.53,10.74,398300,
KCE,41.790001,42.029999,41.75,41.990002,12700,
KCG,3.61,3.66,3.61,3.66,941700,
KDN,27.2,27.55,27.15,27.43,82000,
KEG,6.15,6.33,6.13,6.18,17200,
KELYA,17.57,17.99,17.48,17.92,82400,
KEM,4.4,4.46,4.32,4.34,132900,
KEP,11.85,11.9,11.8,11.86,393800,
KERX,7.56,7.75,7.47,7.66,1840400,
KEX,81.290001,82.080002,81.160004,81.699997,323100,
KEY,10.39,10.59,10.36,10.5,10058500,
KEYN,13.53,13.98,13.52,13.87,67300,
KEYW,13.87,14.19,13.87,14.12,225200,
KFN,10.8,10.89,10.65,10.87,342400,
KFRC,15,15.52,14.95,15.32,199400,
KFY,18.48,18.690001,17.309999,18.040001,643500,
KGC,5.82,5.9,5.69,5.77,7374700,
KIE,54.360001,54.849998,54.349998,54.799999,246600,
KIM,22.1,22.32,21.91,22.27,5222300,
KIOR,4.1,4.25,4.045,4.23,162700,
KIRK,17.440001,18.280001,17.360001,18.25,193900,
KKD,17.290001,18,17.27,17.860001,1777300,
KKR,19.629999,19.719999,19.41,19.719999,864600,
KLAC,56.189999,56.669998,56.009998,56.389999,1453400,
KLIC,11.42,11.54,11.33,11.5,375800,
KMB,99.680001,99.680001,98.870004,99.440004,1730600,
KMI,38.509998,38.740002,38.32,38.57,2764000,
KMP,84.11,84.46,83.45,84.3,933100,
KMR,80.36,80.82,80,80.33,484300,
KMT,40.310001,41.009998,40.27,40.869999,357000,
KMX,47.18,48.299999,46.810001,48.209999,1120800,
KND,13.65,13.73,13.26,13.3,808600,
KNDI,7.5,7.7,7.01,7.02,3514400,
KNL,14.49,14.55,14.44,14.47,146600,
KNOP,22.35,22.92,22.35,22.75,13100,
KNX,16.799999,17.08,16.709999,17.030001,685300,
KO,40.700001,40.990002,40.57,40.93,9893100,
KOF,142.940002,143.75,141.339996,141.820007,45600,
KOG,9.05,9.25,9,9.07,6762800,
KOL,18.99,19.15,18.91,19.049999,129200,
KOLD,73.629999,75.209999,72.230003,73.629999,78600,
KONG,6.39,6.45,6.32,6.45,76600,
KOP,41.099998,41.830002,40.93,41.5,133200,
KOPN,3.7,3.74,3.65,3.71,145800,
KORS,61.23,61.939999,61.23,61.630001,2081400,
KOS,10.75,10.91,10.68,10.74,527700,
KR,35.290001,35.560001,35.099998,35.52,9336400,
KRA,19.18,19.6,19.02,19.6,365300,
KRC,53.16,53.82,52.689999,53.330002,439800,
KRE,32.540001,32.919998,32.450001,32.830002,1344900,
KRFT,55.900002,56.73,55.880001,56.650002,1909500,
KRG,5.98,6.06,5.97,6.02,133100,
KRO,16.02,16.200001,15.97,16.120001,247800,
KS,40.310001,40.759998,39.369999,39.41,1293600,
KSS,52.759998,52.790001,51.93,52.439999,2304900,
KSU,110.260002,112.410004,109.43,112.18,339900,
KT,16.639999,16.780001,16.559999,16.639999,295500,
KTCC,11.36,11.64,11.18,11.24,36700,
KTOS,6.58,6.66,6.52,6.65,566600,
KUB,79.71,79.88,78.88,79.07,86500,
KVHI,12.89,13.19,12.88,13.02,26500,
KW,17.5,17.870001,17.5,17.709999,168400,
KWK,1.94,1.97,1.91,1.93,2182500,
KWR,64.849998,65,64.480003,64.669998,100600,
L,44.950001,45.169998,44.880001,45.169998,734600,
LABL,30.139999,30.5,30.139999,30.41,34700,
LAD,55,56.16,54.799999,56.040001,171800,
LAMR,43.610001,44.299999,43.27,43.830002,761500,
LANC,81.529999,82.150002,80.959999,81.769997,50200,
LAYN,20.42,21.34,20.42,21.09,128900,
LAZ,35.349998,35.490002,34.68,35.23,595000,
LBAI,9.979997,10.089995,9.849997,9.920001,102900,
LBJ,23.25,23.629999,22.950001,23.219999,800,
LBTYA,72.349994,73.26,71.649997,71.880005,6364900,
LBTYK,67.199997,68.470001,66.910004,67.209999,4155400,
LBY,24.190001,24.74,23.98,24.530001,151500,
LCAV,3.17,3.19,3.04,3.13,35700,
LCC,16.94,17.32,16.82,17.22,4299400,
LCI,11.78,12.17,11.67,12.11,64700,
LDK,1.45,1.47,1.4,1.4,954000,
LEA,60.400002,61.34,60.32,60.93,688600,
LEAP,5.94,6.1,5.84,6.07,1814000,
LECO,58.900002,59.509998,58.610001,59.400002,220300,
LEE,1.74,1.78,1.68,1.74,427500,
LEG,32.599998,32.869999,32.330002,32.779999,613400,
LEI,1.26,1.3,1.26,1.3,6100,
LEN,39.25,39.41,38.360001,39.32,5006200,
LF,9.72,9.83,9.6,9.8,1092800,
LFC,36.99,37.14,36.839999,36.950011,424500,
LFL,17.02,17.1,16.629999,16.639999,384200,
LFUS,73.379997,75.110001,73.379997,74.550003,62400,
LFVN,2.3,2.39,2.23,2.27,455788,
LG,46.48,47.189999,46.41,46.889999,205200,
LGCY,26.959999,27.1,26.66,26.91,127700,
LGF,27.74,28.24,27.59,28.139999,993900,
LGND,31.440001,32.830002,30.870001,32.540001,144400,
LH,100.480003,100.900002,100.190002,100.779999,384100,
LHCG,22.35,22.790001,21.99,22.530001,27900,
LHO,25.15,25.719999,25.1,25.5,354600,
LIFE,74.25,74.3,74.16,74.27,992300,
LII,64.82,65.440002,64.360001,65.160004,409600,
LINC,6.74,6.79,6.68,6.76,33900,
LINE,30.08,31.73,29.1,31.59,9142600,
LINTA,22.58,23.09,22.55,23.01,1367900,
LIOX,3.1,3.22,3.03,3.2,213900,
LIT,12.06,12.13,12.01,12.11,6200,
LIWA,5.43,5.49,5.35,5.45,57900,
LKQ,26.26,26.58,26.1,26.389999,1716100,
LL,87.610001,88.68,86.809998,88.400002,441000,
LLEN,3.94,4.13,3.9,4.06,441100,
LLL,86.610001,87,86.379997,86.800003,421600,
LLNW,2.33,2.44,2.32,2.43,297000,
LLTC,36.939999,37.529999,36.939999,37.279999,1318400,
LLY,52.470001,52.720001,51.689999,52.349998,5163600,
LM,33.290001,33.759998,33.130001,33.580002,1470100,
LMCA,127.380041,130.640043,127.030061,130.010075,3685900,
LMNX,20,20.84,20,20.780001,135600,
LMOS,15.19,16.15,15.19,16.139999,75300,
LMT,108.580002,109.260002,108.32,108.849998,1656600,
LNC,35.330002,36.040001,35.25,35.869999,1860400,
LNCE,27.75,28.42,27.74,28.4,151700,
LNCO,35.169998,35.169998,32.619999,34.84,1943400,
LNDC,14.42,14.63,14.2,14.61,155700,
LNG,27.35,28.1,27.32,27.93,3279900,
LNKD,179.160004,181.899994,177.110001,179.419998,1591800,
LNN,79.360001,79.779999,78.779999,79.379997,147900,
LNT,49.799999,50.220001,49.490002,50.080002,491800,
LO,44.669998,45,44.439999,44.919998,1950500,
LOCK,11.01,11.32,10.96,11.31,1003100,
LOCM,1.71,1.74,1.63,1.73,77900,
LODE,1.95,1.98,1.94,1.94,78800,
LOGI,6.89,6.93,6.86,6.9,411700,
LOGM,26.030001,26.32,26.01,26.139999,72700,
LOPE,31.76,31.98,30.76,31.18,418100,
LORL,63.209999,63.529999,61.869999,62.939999,118400,
LOW,41.41,41.599998,41.150002,41.459999,4486900,
LPHI,2.98,2.98,2.81,2.82,59000,
LPI,20.139999,20.379999,20.08,20.379999,427600,
LPL,13.17,13.27,13.15,13.2,365400,
LPLA,36.580002,37,36.580002,36.91,1744600,
LPNT,51.59,51.599998,50.939999,50.959999,466000,
LPR,0.4,0.44,0.4,0.44,7400,
LPS,32.21,32.39,32.1,32.28,1127900,
LPSN,8.97,9.11,8.9,9.02,403700,
LPX,17.120001,17.26,16.799999,17.09,2076200,
LQD,116.279999,116.559998,116.160004,116.370003,1748400,
LQDT,31.450001,32.16,31.030001,31.440001,410100,
LRCX,47.220001,47.689999,47.220001,47.68,1428000,
LRE,14.8,15.24,14.76,15.07,121300,
LRN,28,28.190001,27.200001,27.33,164100,
LRY,17.18,17.18,17.18,17.18,0,
LSCC,5.01,5.09,4.95,5.08,748800,
LSE,8.54,8.58,8.53,8.56,639600,
LSI,66.510002,68.730003,66.339996,67.980003,110200,
LSTR,52.849998,53.18,52.52,52.959999,217700,
LTBR,1.69,1.8,1.5,1.73,2100,
LTC,40.34,41.470001,40.130001,41.400002,178000,
LTD,36.87,36.87,36.87,36.87,0,
LTM,51.740002,51.970001,51.189999,51.290001,236600,
LTPZ,62.119999,62.900002,62.119999,62.619999,17000,
LTXC,5.66,5.88,5.65,5.8,277100,
LUB,8.56,8.65,8.37,8.63,42800,
LUFK,88.5,88.5,88.48,88.49,240600,
LUK,27.799999,27.91,27.299999,27.360001,1667100,
LULU,65,65.730003,64.589996,65.419998,2978200,
LUV,13.8,13.9,13.7,13.86,4758900,
LUX,53.509998,53.990002,53.369999,53.639999,130600,
LVLT,21.639999,22.25,21.639999,21.959999,1355500,
LVS,57.220001,57.540001,56.939999,57.07,3070800,
LXK,30.719999,31.18,30.66,30.950001,595000,
LXP,12.02,12.27,11.97,12.16,1261600,
LXU,32.779999,33.240002,32.650002,33.110001,76100,
LYB,68.480003,69.449997,68.389999,68.809998,3209500,
LYG,3.92,3.93,3.89,3.91,1544200,
LYV,15.32,15.67,15.29,15.5,1236400,
LZB,19.23,20.360001,19.23,20.280001,1610500,
M,48.700001,49.48,48.639999,49.32,2530100,
MA,581.549988,584.87999,580.229988,584.410019,5495000,
MAA,64.93,65.699997,64.559998,65.400002,307700,
MAC,62.490002,63.09,61.869999,62.700001,613000,
MACK,6.35,6.39,6.09,6.39,456100,
MAIN,28.370001,28.51,28.040001,28.34,61800,
MAKO,12.5,12.8,12.18,12.55,1044700,
MAN,56.23,56.919998,55.849998,56.82,242500,
MANH,78.650002,80.209999,78.529999,79.580002,352800,
MANT,26.5,26.709999,26.129999,26.51,191500,
MANU,16.219999,16.280001,16.059999,16.209999,63000,
MAR,40.66,41.099998,40.57,40.82,2055200,
MAS,21.08,21.600002,20.99,21.55,4096000,
MASI,22.16,22.65,22.030001,22.5,210000,
MAT,44.470001,45.09,44.419998,45.049999,1307200,
MATW,38.02,38.779999,37.810001,38.439999,102800,
MATX,24.940001,25.17,24.85,25.01,385800,
MBB,106.269997,106.349998,106.150002,106.260002,858400,
MBFI,25.66,26.1,25.5,25.950001,125000,
MBI,13.46,13.82,13.46,13.77,2004600,
MBLX,1.48003,1.600032,1.48003,1.560031,9100,
MBND,3.22,3.23,3.22,3.22,16800,
MBT,19.030001,19.32,18.92,19.23,1100800,
MCC,13.26,13.62,13.22,13.57,669800,
MCD,98.980003,100.040001,98.949997,99.75,3340100,
MCEP,23.07,23.4,22.5,22.93,84300,
MCF,34.459999,35.09,34.380001,35.029999,29200,
MCGC,5.12,5.15,4.97,5.13,315000,
MCHI,42.919998,43.02,42.799999,42.939999,1294100,
MCHP,37.490002,38.09,37.490002,38.040001,1371900,
MCHX,5.97,6.09,5.52,6.05,60600,
MCK,114.830002,115.769997,114.389999,114.620003,1112800,
MCO,62.32,62.82,62.009998,62.610001,978600,
MCP,5.63,5.77,5.45,5.72,4111600,
MCRI,16.459999,17.219999,16.360001,17.02,156000,
MCRL,9.67,9.88,9.65,9.83,213900,
MCRS,42.6,43.52,42.55,43.46,953000,
MCY,42.669998,43.43,42.509998,43.34,146500,
MD,92.639999,92.639999,92.129997,92.269997,376000,
MDAS,17.799999,18.15,17.629999,18.139999,344800,
MDC,36.519998,36.849998,35.689997,36.539998,554900,
MDCI,7.24,7.5,7.14,7.39,184600,
MDCO,32.540001,32.959999,32.259998,32.529999,685900,
MDIV,21.530001,21.620001,21.450001,21.6,219000,
MDLZ,30.33,30.610001,30.24,30.5,6105900,
MDP,45.07,46.77,45.009998,46.139999,501700,
MDR,8.9,9.19,8.86,9.09,2017100,
MDRX,13.36,13.46,13.18,13.38,2293800,
MDSO,72.099998,74.370003,72.029999,74.099998,241800,
MDT,52.990002,53.25,52.450001,52.919998,5610000,
MDU,25.25,25.629999,25.120001,25.559999,489200,
MDVN,47.580002,49.740002,47.32,48.75,3111600,
MDXG,7.25,7.27,7.16,7.25,514200,
MDY,215.119995,217.190002,215.119995,217.039993,1786000,
MEA,1.42,1.43,1.4,1.41,222600,
MEAS,46.89,47.3,46.83,47.09,34900,
MED,28.049999,28.1,27.73,27.879999,141300,
MEET,1.4,1.45,1.32,1.36,243700,
MEG,9.51,9.65,9.24,9.65,195500,
MEI,14.53,14.63,14.33,14.51,242100,
MEIP,7.61,7.8,7.2,7.44,65100,
MELA,0.82,0.85,0.81,0.83,58600,
MELI,113.860001,114.75,113.190002,113.620003,189900,
MEMP,19.809999,19.84,19.219999,19.74,319700,
MEMS,4.1,4.1,4.08,4.1,57000,
MENT,19.610001,19.93,19.559999,19.77,511000,
MEOH,44,44.32,43.610001,43.849998,229100,
MERC,6.72,6.99,6.72,6.84,115600,
MERU,4.52,4.58,4.27,4.56,217700,
MET,45.080002,45.5,44.869999,45.41,4355500,
MFA,8.66,8.84,8.58,8.77,1983000,
MFB,18.28,18.42,18.22,18.32,58100,
MFC,15.8,16.200001,15.72,16.059999,1898800,
MFG,3.98,4.01,3.98,3.99,452600,
MFLX,15.44,15.81,15.14,15.78,212300,
MFRM,39.610001,40.299999,39.610001,40.259998,163800,
MG,21.889999,22.1,21.85,22,73200,
MGA,69.650002,70.82,69.580002,70.559998,1180800,
MGAM,26.77,26.82,26.08,26.11,196500,
MGC,56.259998,56.700001,56.259998,56.59,21000,
MGI,19.459999,24.879999,19.299999,20.700001,1108400,
MGIC,5.53,5.62,5.51,5.58,79600,
MGK,62.23,62.810001,62.23,62.689999,57200,
MGLN,56.43,57.23,55.759998,56.75,106200,
MGM,14.98,15.19,14.96,15.1,6463500,
MGPI,5.48,5.5,5.34,5.42,14500,
MGV,50.32,50.650002,50.310001,50.630001,26100,
MHFI,54.959999,56.110001,54.880001,56.080002,1173000,
MHGC,7.8,7.93,7.5,7.57,436700,
MHK,113.599998,114.940002,112.809998,114.709999,375300,
MHLD,11.06,11.16,10.95,11.11,161900,
MHO,25.91,26.190001,25.280001,26.040001,202300,
MHR,3.82,3.83,3.67,3.73,2895700,
MIC,54,54.650002,53.790001,54.360001,224900,
MIDD,169.179989,171.629997,167.52,170.790001,267900,
MIDU,57.580002,59.189999,57.580002,58.889999,198000,
MIDZ,29.27,29.27,28.530001,28.75,3000,
MIG,7.96,7.97,7.89,7.9,199400,
MILL,4.21,4.25,4.16,4.22,134524,
MIND,16.780001,16.940001,16.780001,16.9,52400,
MINI,33.75,34.619999,33.700001,34.25,219100,
MITK,7.12,7.3,6.77,7.04,543636,
MITL,3.96,3.99,3.72,3.84,16700,
MITT,20.4,20.65,20.040001,20.540001,535600,
MJN,82.779999,83.68,82.779999,83.239998,611900,
MKC,72.709999,73.43,72.610001,73.360001,317300,
MKSI,27.85,28.34,27.85,28.26,124700,
MKTG,12.51,13.02,12.35,12.78,326200,
MKTX,46.959999,48.349998,46.880001,47.799999,154600,
MLHR,28.49,28.92,28.32,28.549999,207900,
MLI,51.830002,52.240002,51.48,52.18,179200,
MLM,110.029999,110.040001,108.809998,109.730003,139300,
MLNK,2.74,2.78,2.68,2.71,160000,
MLNX,49.66,50.400002,49.509998,49.73,772800,
MLPN,29.65,29.65,29.34,29.559999,269500,
MLR,15.76,16.290001,15.71,16.139999,53600,
MM,8.23,8.8,8.23,8.71,1575700,
MMC,40.360001,40.470001,40.009998,40.459999,3298700,
MMLP,44.110001,44.330002,43.509998,44.07,83400,
MMM,112.07,113.230003,111.900002,112.970001,1695300,
MMP,53.610001,54.240002,53.41,53.93,435900,
MMS,76.199997,77.269997,75.599998,76.839996,371400,
MMSI,11.25,11.5,11.1,11.49,251200,
MMYT,13.63,13.93,13.62,13.93,21700,
MN,19.190001,19.389999,18.790001,18.950001,68600,
MNI,2.35,2.47,2.28,2.41,23300,
MNKD,7.58,7.62,5.7,6.61,38059200,
MNR,9.98,10.21,9.93,10.16,164900,
MNRO,49.139999,50.66,48.939999,49.73,597600,
MNST,59.989998,60.35,59.17,59.630001,3223200,
MNTA,13.89,14.55,13.86,14.41,276600,
MNTG,3.55,4.07,3.46,3.55,67400,
MNTX,10.1,10.47,9.86,10.39,96900,
MNX,2971.300049,3001.899902,2971.300049,2996.100098,1675090000,
MO,35.84,36.200001,35.84,36.150002,7505700,
MOBI,3.1,3.1,2.9,2.96,112800,
MOD,10.48,10.67,10.46,10.65,85600,
MODN,20.85,21.219999,20.459999,21.120001,91700,
MOH,37.459999,38.360001,37.240002,38.349998,280600,
MOLX,30.02,30.22,29.91,30.19,332900,
MOLXA,25.15,25.23,25.04,25.16,51400,
MON,105,105.809998,104.150002,105.629997,1574600,
MOO,53.09,53.57,52.889999,53.48,285200,
MORN,74.739998,75.309998,74.470001,75.120003,53300,
MOS,58.16,59.25,57.880001,58.98,3069600,
MOSY,4.43,4.49,4.37,4.41,153500,
MOV,33.830002,34.439999,33.830002,34.43,89000,
MOVE,12.16,12.33,12.16,12.22,241400,
MPAA,8,8.25,7.9,7.95,1745600,
MPC,78.730003,79.809998,78.459999,78.919998,7257000,
MPEL,24.66,25.200001,24.66,25.129999,2654300,
MPG,3.11,3.12,3.11,3.11,1309700,
MPLX,38.93,39.5,38.299999,38.93,260000,
MPO,6.489999,6.7,6.38,6.46,44300,
MPW,15,15.39,14.95,15.27,1411600,
MPWR,24.879999,25.08,24.67,24.84,572600,
MR,39.580002,39.799999,39.279999,39.490002,840700,
MRC,27.09,27.940001,26.969999,27.68,1552900,
MRCY,9.43,9.57,9.37,9.55,60300,
MRGE,3.65,3.68,3.59,3.62,283400,
MRH,25.73,26.17,25.690001,26.120001,257100,
MRIN,10.37,10.5,9.88,10.39,202800,
MRK,47.880001,48.049999,47.66,47.75,11816800,
MRO,35.119999,36.169998,35,36.049999,7573200,
MRTN,15.34,16.190001,15.25,16.17,153400,
MRVL,11.32,11.57,11.32,11.57,6058300,
MS,26.23,26.4,26.040001,26.32,14805700,
MSA,45.990002,46.959999,45.799999,46.650002,68200,
MSB,18.92,19.17,18.92,18.99,38200,
MSCC,21.6,22.059999,21.360001,21.879999,528900,
MSCI,34.529999,34.880001,34.43,34.59,649800,
MSFT,34.970001,35.169998,34.900002,34.98,28616500,
MSG,60.970001,61.48,60.52,60.68,169200,
MSI,57.439999,57.630001,57.169998,57.349998,1119000,
MSM,80.75,81.580002,80.419998,81.440002,289900,
MSO,2.37,2.46,2.35,2.45,179000,
MSPD,3.28,3.33,3.25,3.28,203600,
MSTR,89.660004,90.290001,88.559998,89.57,95200,
MSTX,0.455,0.47,0.44,0.44,1553752,
MT,12.13,12.28,12.11,12.23,3415400,
MTB,103.029999,104.699997,102.360001,104.129997,1459200,
MTD,216.050003,217.619995,214.789993,216.720001,82700,
MTDR,11.46,11.59,11.35,11.52,345600,
MTG,6.28,6.44,6.25,6.44,5968200,
MTGE,20.17,20.33,19.76,20.309999,878000,
MTH,47.990002,48.919998,47.220001,48.560001,382800,
MTL,2.86,3.25,2.82,3.12,2891300,
MTN,63.299999,64.309998,63.299999,64.25,93600,
MTOR,7.14,7.27,7.11,7.17,995300,
MTRN,29.75,29.83,29.280001,29.5,67200,
MTRX,16.43,16.73,16.33,16.620001,103700,
MTSC,58.060001,59.209999,57.82,58.860001,68300,
MTSN,2.31,2.33,2.07,2.18,1593100,
MTU,6.16,6.19,6.13,6.15,2879700,
MTW,18.780001,19.280001,18.720001,19.200002,6810100,
MTX,42.709999,43.27,42.68,43.119999,106500,
MTZ,32.279999,33.599998,32.279999,32.91,661700,
MU,13.34,13.76,13.31,13.75,57594500,
MUB,107,107.089996,106.43,106.510002,342900,
MUR,63.479995,64.330004,63.420002,63.599999,1678600,
MUX,2.14,2.17,2.03,2.11,2568100,
MVC,12.72,12.82,12.69,12.8,100400,
MVG,6.89,6.96,6.6,6.62,154500,
MVIS,3.14,3.2,3.05,3.2,56400,
MVO,29.6,30.139999,29.209999,30.049999,72600,
MVV,98.449997,100.269997,98.449997,99.849998,110600,
MW,36.860001,37.490002,36.700001,37.470001,408400,
MWA,6.6,6.77,6.48,6.73,1294500,
MWE,67.699997,68.269997,67.239998,67.849998,424400,
MWIV,127,130.05,127,129.25,40000,
MWV,35.73,35.880001,35.369999,35.41,897500,
MWW,5.23,5.32,5.17,5.2,1291900,
MX,18.190001,18.4,18.059999,18.290001,309200,
MXIM,28.35,28.51,28.110001,28.32,2998800,
MXL,6.58,6.75,6.52,6.75,55500,
MXWL,6.78,7.09,6.69,7.08,408300,
MY,2.1,2.12,2.01,2.03,461600,
MYE,15.38,15.6,15.38,15.53,103200,
MYGN,26.5,26.889999,25.969999,26.440001,3548200,
MYL,31.620001,31.959999,31.41,31.870001,3417300,
MYRG,20.15,20.309999,19.98,20.23,271200,
MZZ,18.08,18.129999,17.799999,17.889999,2500,
N,88.099998,89.75,87.879997,88.5,282100,
NAFC,23.16,24.25,22.96,24.07,27100,
NAK,2.35,2.37,2.3,2.34,62300,
NANO,15.51,15.78,15.46,15.73,65700,
NAT,8.299996,8.349996,8.170002,8.260004,499600,
NATI,27.309999,27.99,27.309999,27.790001,609200,
NATR,16.82,17.1,16.82,16.99,27700,
NAV,31.26,31.360001,30.549999,30.66,810800,
NAVB,2.69,2.69,2.58,2.66,467146,
NBG,5.6,5.63,5.25,5.29,2327100,
NBIX,12.69,12.83,12.6,12.7,463700,
NBL,59.669998,60.869999,59.560001,60.689999,1781300,
NBR,16.59,16.9,16.559999,16.799999,2338800,
NBTB,20.32,20.82,20.23,20.719999,147100,
NCI,13.6,14,13.57,13.92,303100,
NCLH,30.870001,31.620001,30.84,31.549999,359300,
NCMI,17.01,17.34,16.83,17.110001,207800,
NCQ,1.96,1.96,1.8,1.86,145100,
NCR,33.84,34.310001,33.799999,34.049999,1023800,
NCS,16.790001,16.860001,16.370001,16.719999,181300,
NCT,5.420199,5.500211,5.410202,5.480207,5354800,
NCTY,3.91,4.05,3.87,4.02,19100,
NDAQ,32.98,33.349998,32.950001,33.189999,993600,
NDO,79.790001,80.209999,79.68,79.919998,0,
NDRO,15.94,16.09,15.91,16.049999,8800,
NDSN,69.959999,71.160004,69.900002,70.949997,160800,
NDX,2974.919922,3001.889893,2974.610107,2996.090088,1675090000,
NDZ,7.6,7.6,7.49,7.54,93000,
NE,37.970002,38.490009,37.839998,38.479998,2819400,
NEE,80.860001,81.699997,80.720001,81.589996,1937000,
NEM,33.23,33.27,31.969999,32.59,6809100,
NEO,4.13,4.15,3.82,4.08,72500,
NEOG,55.139997,55.750002,54.790003,55.320002,102700,
NEON,5.22,5.33,5.21,5.32,114800,
NEPT,2.98,3,2.92,2.98,173200,
NES,3.2,3.24,3.18,3.23,169900,
NEU,277.100006,277.700012,274.48999,275.200012,69300,
NEWP,13.75,14.02,13.75,13.97,90800,
NFBK,11.73,11.79,11.66,11.75,334300,
NFG,61.779999,62.220001,61.470001,61.919998,168200,
NFLX,230.240009,231,226.400002,228.82999,17476900,
NFP,25.31,25.32,25.27,25.32,721600,
NFX,23.219999,24.059999,23.129999,23.940001,2778300,
NG,2.34,2.39,2.26,2.27,1471700,
NGD,6.67,6.72,6.55,6.59,2504300,
NGG,58.619999,59.07,58.549999,58.889999,341400,
NGL,29.700001,29.860001,29.27,29.709999,69800,
NGLS,49,49,48.549999,48.810001,144400,
NGPC,6.62,6.74,6.54,6.65,51200,
NGS,23.379999,23.93,23.18,23.860001,23100,
NGVC,32.400002,32.77,31.27,31.59,97600,
NHI,60.939999,62.130001,60.369999,61.509998,93200,
NI,29.190001,29.459999,29.060001,29.379999,2661300,
NIB,29.610001,29.74,29.5,29.639999,50400,
NICE,37.549999,37.959999,37.48,37.889999,166500,
NIHD,93.5,93.5,91.62,91.69,100500,
NILE,39.040001,39.66,38.619999,39.459999,279800,
NKA,14.52,15.22,14.52,14.76,189100,
NKE,61.84,62.25,61.619999,62.150002,9068800,
NKTR,9.38,9.81,9.21,9.81,519500,
NKY,16.610001,16.709999,16.59,16.610001,829200,
NLNK,21.5,21.799999,21.02,21.629999,332700,
NLS,8.14,8.2,8.01,8.13,374800,
NLSN,34.669998,35.240002,34.599998,35.080002,1319600,
NLST,0.86,0.96,0.86,0.94,389500,
NLY,13.25,13.43,13.11,13.36,9309200,
NM,5.25,5.44,5.24,5.44,571600,
NMFC,14.31,14.43,14.25,14.3,3645900,
NMM,14.44,14.55,14.29,14.38,196700,
NMR,7.97,8.06,7.94,7.97,1457200,
NMRX,11.03,11.43,10.99,11.29,23300,
NNBR,10.55,10.71,10.41,10.57,77600,
NNI,37.560001,37.799999,37.02,37.369999,96700,
NNN,36.009998,37.189999,36.009998,37.080002,1325000,
NOA,4.72,4.72,4.62,4.68,78700,
NOAH,12.4,12.49,12.1,12.19,76500,
NOC,83.790001,84.339996,83.269997,83.93,1229000,
NOG,13.92,14.33,13.92,14.18,340400,
NOK,3.69,4.12,3.67,3.86,126890100,
NOR,3.939996,3.989996,3.919996,3.949996,26700,
NOV,70.549999,71.969996,70.549999,71.489995,3733600,
NOW,38.369999,38.439999,37.23,37.669998,1359900,
NP,31.799999,32.07,31.799999,31.959999,92200,
NPD,1.65,1.67,1.65,1.67,57200,
NPO,50.459999,50.959999,50.07,50.900002,96900,
NPSP,14.96,15.4,14.91,15.33,1120200,
NPTN,7.92,8.26,7.92,8.23,84400,
NQ,8.01,8.48,7.91,8.25,717500,
NR,11.14,11.48,11.1,11.38,704300,
NRF,9.069996,9.170003,8.97,9.129997,808300,
NRG,26.799999,26.959999,26.65,26.790001,1785900,
NRGM,22.87,22.96,22.55,22.88,135700,
NRGY,24.05,24.19,23.7,24.03,235000,
NRP,22.4,22.64,22.260001,22.5,13300,
NRT,25.200001,25.25,25.01,25.18,7300,
NRZ,6.7,6.75,6.61,6.68,737800,
NS,45.110001,45.150002,44.740002,45.080002,157700,
NSC,76.580002,77.330002,76.379997,77.029999,1473600,
NSH,25.33,25.67,25.01,25.610001,230100,
NSIT,18.639999,19.120001,18.540001,18.93,117500,
NSM,42.52,43.200001,42.400002,43.119999,580000,
NSP,31.18,31.799999,30.879999,31.549999,62600,
NSPH,3.71,3.78,3.6,3.7,23600,
NSR,49.869999,50.599998,49.869999,50.029999,237300,
NSU,3.14,3.19,3.02,3.05,2428800,
NTAP,38.73,39.509998,38.700001,39.389999,7066600,
NTCT,24.43,24.9,24.41,24.780001,74100,
NTE,6.89,6.92,6.62,6.75,673400,
NTES,62.439999,62.669998,62.16,62.43,458100,
NTGR,32.18,32.610001,32.18,32.470001,151500,
NTI,25.629999,26.1,25.530001,25.67,1007800,
NTLS,15.81,15.96,15.76,15.8,59200,
NTRI,10.27,10.66,10.24,10.55,378100,
NTRS,58.110001,58.400002,57.84,58.360001,1262600,
NTSP,16.01,16.02,15.98,15.99,153200,
NTT,25.780001,25.879999,25.74,25.780001,160300,
NTWK,9.87,10.11,9.86,9.93,115479,
NU,42.18,42.68,42.02,42.56,1093300,
NUAN,18.780001,19.049999,18.77,19.040001,3297800,
NUE,44.91,45.189999,44.610001,44.869999,2371200,
NUS,61.740002,62.509998,61.549999,62.32,388600,
NUVA,22.16,22.57,21.879999,22.34,277900,
NVAX,1.91,1.93,1.88,1.93,609900,
NVDA,14.56,14.72,14.28,14.4,12169300,
NVDQ,13.85,14.05,13.64,13.81,202700,
NVE,23.63,23.64,23.54,23.58,6273600,
NVMI,10.24,10.31,10.16,10.25,168500,
NVO,162.369995,163.02,161.779995,161.870003,1220000,
NVS,72.830002,73.290001,72.800003,73.120003,879100,
NVTL,3.87,3.92,3.85,3.88,96300,
NWBI,12.51,12.69,12.47,12.64,581500,
NWBO,3.66,3.66,3.57,3.59,89800,
NWE,40.459999,41.299999,40.240002,41.040001,201200,
NWL,26.879999,27.08,26.709999,27,2039100,
NWN,42.970001,43.5,42.849998,43.290001,95400,
NWPX,26.74,27.83,26.67,27.450001,40400,
NWS,31.27,32.18,31.06,31.71,5612300,
NWSA,31.25,32.07,30.96,31.56,35906400,
NWY,5.89,6.32,5.86,6.16,809500,
NX,18.059999,18.280001,17.82,17.99,605200,
NXPI,31.52,32.049999,31.280001,32.009998,1708900,
NXST,32.48,34.360001,32.349998,33.360001,1215300,
NXTM,14.29,14.64,14.18,14.5,536600,
NYCB,13.5,13.69,13.45,13.61,3339900,
NYMT,7,7.08,6.88,7.05,1154700,
NYMX,5.27,5.35,5.22,5.35,20500,
NYT,10.55,10.63,10.41,10.55,1010800,
NYX,41.64,42.42,41.64,42.28,1233200,
O,44.439999,45,43.709999,44.68,1818200,
OAK,54,54.049999,53.400002,53.700001,381800,
OAS,42.099998,42.889999,41.740002,41.810001,1871200,
OB,15,15.3,15,15.2,209300,
OC,43.470001,43.5,42.950001,43.18,1869900,
OCLR,1.13,1.17,1.11,1.15,450800,
OCN,45.349998,45.540001,44.919998,45.119999,1282900,
OCR,47.560001,47.810001,47.380001,47.5,623500,
OCZ,1.46,1.46,1.42,1.43,783400,
ODFL,42.57,43.299999,42.240002,43.150002,381400,
ODP,4.3,4.33,4.26,4.31,2623500,
OEF,74.230003,74.830002,74.230003,74.739998,732400,
OEH,12.45,12.7,12.3,12.42,907200,
OEX,0.277,0.277,0.277,0.277,0,
OFC,26.42,26.879999,26.360001,26.59,397600,
OFG,16.959999,17.139999,16.870001,17.1,191800,
OFIX,28.469999,29,28.219999,28.790001,175000,
OGE,68.349998,69.230003,68.07,69.029999,853200,
OGXI,10.03,10.11,9.87,10.03,29500,
OHI,32.389999,33.09,32.060001,32.73,1168200,
OI,27.98,28.16,27.83,28.030001,1000600,
OIBR,1.81,1.89,1.81,1.87,389600,
OIH,43.889999,44.439999,43.880001,44.23,2729100,
OII,73.370003,74.769997,73.239998,74.150002,416700,
OIL,22.860001,22.959999,22.75,22.92,218300,
OILT,49.73,50.25,49.49,49.73,30400,
OIS,93.140002,94.709998,93.140002,93.860005,733600,
OKE,44.400001,44.709999,44.099998,44.569999,942600,
OKS,49.990002,50.200001,49.700001,49.93,573800,
OKSB,14.22,14.22,13.97,14.13,25400,
OLN,23.98,24.299999,23.950001,24.219999,663500,
OMC,63.419998,63.990002,63.25,63.82,848200,
OMCL,19.110001,19.32,19.02,19.129999,201600,
OME,9.97,10.44,9.87,10.3,167200,
OMER,4.99,5.25,4.91,5.18,244500,
OMEX,3.259999,3.279999,3.179999,3.229999,41500,
OMG,31.209999,32.130001,31.129999,31.83,130200,
OMI,34.599998,34.880001,34.380001,34.880001,261800,
OMN,8,8.38,7.97,8.35,123100,
OMX,11.23,11.33,11.16,11.3,640200,
ONB,13.16,13.42,13.09,13.4,367300,
ONCY,2.31,2.33,2.21,2.26,315500,
ONE,11.05,11.51,11.01,11.48,162100,
ONNN,8.34,8.4,8.25,8.27,6779600,
ONP,1.67,1.67,1.62,1.64,4100,
ONTY,1.81,1.83,1.71,1.78,597500,
ONXX,90.23,90.36,87.16,88.8,744200,
OPEN,66.95,67.76,66.59,67.2,406900,
OPK,7.19,7.29,7.1,7.14,2699000,
OPLK,18.17,18.37,17.9,18.2,56200,
OPTR,14.41,14.59,14.1504,14.44,392500,
ORA,23.1,23.49,23.07,23.43,51100,
ORB,18.04,18.2,18.01,18.09,235000,
ORBC,4.27,4.46,4.25,4.44,124900,
ORBK,12.31,12.58,12.25,12.5,241800,
ORCL,34.259998,34.59,34.209999,34.400002,16949300,
OREX,6.28,6.45,6.21,6.38,58000,
ORI,12.91,13.22,12.87,13.19,1028400,
ORIG,17.030001,17.370001,17,17.26,428300,
ORIT,15.25,15.49,15.16,15.47,91700,
ORLY,112.050003,113.139999,111.709999,113.089996,683000,
ORN,12.01,12.77,11.99,12.55,215900,
OSGIQ,3.266,3.45,3.266,3.39,46600,
OSIR,10.27,10.89,10.13,10.65,246000,
OSIS,58.599998,59.169998,58,59.009998,193500,
OSK,37.290001,37.77,37.09,37.419998,641200,
OSTK,27,27.65,26.379999,27.559999,371000,
OSUR,4.24,4.31,4.12,4.15,282300,
OSX,257.68,260.59,257.67,259.46,0,
OTEX,71.059998,72.099998,70.910004,71.879997,577200,
OTTR,28.190001,28.74,27.77,28.68,108900,
OVTI,19.42,20.48,19.35,20.219999,2443200,
OVX,21.04,21.45,20.64,20.64,0,
OWW,8.1,8.42,8.07,8.2,1050600,
OXF,2.48,2.54,2.4,2.4,44600,
OXM,64.059998,64.660004,64.059998,64.239998,45900,
OXY,92.400002,93.250006,92.200008,92.430005,2959300,
OZM,11.02,11.1,10.95,10.99,755100,
OZRK,43.439999,44.240002,43.18,43.450001,232200,
P,15.1,15.75,15.06,15.55,5372900,
PAA,56.110001,56.950001,55.779999,56.759998,895300,
PAAS,12.05,12.18,11.82,11.85,2000700,
PAC,46.110001,46.200001,45.459999,45.869999,65600,
PACB,2.94,2.94,2.71,2.8,487100,
PACD,9.6,9.66,9.5,9.5,18900,
PACR,6.51,6.56,6.413,6.53,90400,
PACT,6.92,6.93,6.82,6.9,73077,
PACW,28.49,28.65,28.24,28.49,147600,
PAG,31.219999,31.67,30.780001,31.459999,466800,
PAL,1.09,1.09,1.03,1.06,1782057,
PANL,27.41,28.93,27.3,28.87,626100,
PANW,42.110001,42.959999,41.509998,41.599998,1458500,
PATH,2.8,2.83,2.7,2.79,77100,
PAY,16.030001,16.530001,15.98,16.17,4546000,
PAYX,37.84,37.93,37.470001,37.799999,1640900,
PB,49.669998,50.43,49.580002,50.240002,255400,
PBA,31.959999,32.130001,31.860001,31.879999,165100,
PBCT,14.14,14.33,13.95,14.29,6976800,
PBF,26.360001,26.92,26.32,26.690001,699700,
PBH,29.67,30.129999,29.440001,29.98,194600,
PBI,14.49,14.79,14.43,14.69,1919400,
PBJ,24.870001,25.139999,24.870001,25.120001,353100,
PBNY,9.23,9.3,9.13,9.26,74500,
PBR,15.32,15.56,15.23,15.38,16537100,
PBR.A,16.42,16.74,16.28,16.49,8260600,
PBT,13.24,13.31,13.1,13.3,78600,
PBTH,6.46,6.49,6.375,6.39,342500,
PBW,5.36,5.44,5.34,5.43,138600,
PBY,12.02,12.17,11.94,12.11,307600,
PCAR,53.93,54.650002,53.790001,54.509998,688500,
PCCC,16.809999,16.84,16.65,16.790001,24600,
PCEF,24.709999,24.82,24.690001,24.809999,138400,
PCG,45.240002,45.830002,45.209999,45.73,2101900,
PCH,42.060001,42.709999,41.889999,42.41,190800,
PCL,47.5,47.91,47.259998,47.439999,635800,
PCLN,829.080017,839.450012,826.52002,834.820007,634300,
PCOM,20.35,21.1,20.129999,20.889999,63200,
PCP,219.509995,221.899994,218.639999,221.660004,299000,
PCRFY,7.87,7.91,7.85,7.86,54900,
PCRX,29.74,29.83,29.17,29.49,240100,
PCTI,8.01,8.26,7.99,8.17,51700,
PCXCQ,0.155,0.174,0.1501,0.1735,252000,
PCY,28.4,28.41,28.110001,28.139999,1698100,
PCYC,87.46,88.72,86.5,88.26,340500,
PDCE,53.77,55.09,53.540001,55.02,383000,
PDCO,39.23,39.299999,38.82,39.080002,604400,
PDFS,18.25,18.6,18.1,18.52,59500,
PDH,12.77,12.8,12.59,12.78,113500,
PDLI,7.73,7.94,7.7,7.92,1984900,
PDM,18.01,18.309999,17.879999,18.16,785500,
PDP,31.85,32.209999,31.85,32.169998,161000,
PDS,9.15,9.34,9.09,9.11,755800,
PEB,25.610001,26.32,25.540001,26.09,193100,
PEG,32.970001,33.220001,32.869999,33.189999,1993200,
PEGA,32.619999,32.830002,32.169998,32.5,299400,
PEI,19.43,19.790001,19.23,19.58,395200,
PEIX,3.72,3.9,3.7,3.74,223000,
PENN,54.419999,54.529999,53.75,53.759997,5246100,
PEP,82.370003,82.690002,82,82.57,3355200,
PER,15.06,15.22,15.02,15.1,103900,
PERI,12.21,12.67,12.18,12.53,204300,
PERY,21.950001,22.030001,21.82,21.940001,46000,
PES,7.08,7.25,7.02,7.16,217300,
PETM,68.97,69.44,68.5,69.4,819700,
PETS,13.31,13.5,13.2,13.39,117800,
PF,24.67,25.18,24.67,25.15,95000,
PFE,29.129999,29.450001,29.030001,29.4,160345900,
PFF,39.59,39.77,39.470001,39.700001,2715000,
PFG,38.830002,39.049999,38.700001,38.880001,1005700,
PFMT,11.27,11.6,11.16,11.22,305100,
PFPT,22.42,23.469999,21.92,22.98,498400,
PFS,15.05,15.32,14.96,15.27,117200,
PFSI,21.59,21.9,21.59,21.85,136400,
PFSW,4.01,4.09,3.97,3.99,12800,
PG,78.949997,79.230003,78.699997,79.040001,6051400,
PGEM,22.719999,23.969999,22.719999,23.83,206400,
PGF,17.99,18.049999,17.940001,18.02,697200,
PGH,5.04,5.09,5.03,5.08,813000,
PGI,12.37,12.74,12.32,12.59,272200,
PGJ,21.559999,21.68,21.5,21.639999,27400,
PGNX,4.76,4.83,4.63,4.81,256300,
PGR,25.02,25.34,24.98,25.299999,1811900,
PGTI,8.58,8.76,8.5,8.68,347700,
PGX,14.37,14.44,14.34,14.42,1320200,
PH,97.800003,98.989998,97.620003,98.699997,1042500,
PHB,19.1,19.139999,19.07,19.129999,332200,
PHG,29.02,29.219999,28.950001,29.190001,306800,
PHH,20.17,20.280001,19.940001,20.17,560300,
PHM,21.389999,21.620001,20.870001,21.49,7105400,
PHMD,16.960001,16.960001,16.810001,16.87,11000,
PHO,22.59,22.91,22.51,22.860001,64400,
PICO,21.889999,22.32,21.85,22.1,47100,
PID,17.09,17.16,17.09,17.15,205400,
PIE,18.780001,18.879999,18.76,18.870001,367100,
PII,95.660004,97.029999,95.5,96.760002,637500,
PIKE,12.6,12.77,12.44,12.72,410400,
PIN,16.629999,16.879999,16.629999,16.860001,414100,
PIP,1.55,1.59,1.54,1.58,227000,
PIR,24.48,24.860001,24.219999,24.700001,1759100,
PJC,33.669998,34.889999,33.669998,34.689999,224400,
PKD,4.91,5.16,4.87,5.12,1226200,
PKE,24,24.85,24,24.709999,33000,
PKG,49.639999,49.98,49.299999,49.52,1192900,
PKI,33.860001,34.5,33.849998,34.41,1135700,
PKT,13.85,14.16,13.59,14.12,187600,
PKX,69,69.480003,68.75,69.360001,54700,
PKY,17.209999,17.4,17.110001,17.309999,599800,
PL,38.74,39.23,38.56,39.17,279100,
PLAB,7.6,7.76,7.59,7.73,227300,
PLCE,54.380001,54.509998,54.09,54.43,249900,
PLCM,11.16,11.4,11.14,11.14,937600,
PLD,38.599998,38.75,38.25,38.34,3873500,
PLL,69.18,69.919998,69.080002,69.580002,517700,
PLOW,13.55,13.67,13.37,13.48,59700,
PLT,45.91,46.450001,45.799999,46.290001,210800,
PLTM,11.89,11.9,11.85,11.85,2900,
PLUG,0.41,0.44,0.41,0.43,2812200,
PLX,4.84,5.12,4.84,5.08,336200,
PLXS,29.18,30.67,29.049999,29.969999,249500,
PLXT,4.76,4.79,4.71,4.74,364300,
PM,92.510002,92.879997,91.940002,92.650002,2888100,
PMC,15.84,16.200001,15.78,16.200001,159600,
PMCS,6.11,6.27,6.11,6.25,2139800,
PMFG,6.58,6.75,6.51,6.54,55000,
PMT,21.549999,21.83,21.190001,21.709999,1178600,
PMTC,24.89,25.33,24.82,25.19,346600,
PMTI,13.47,13.69,13.43,13.58,50800,
PNC,71.449997,71.809998,71.160004,71.739998,1644200,
PNFP,25.049999,25.299999,24.9,25.200001,136900,
PNG,20.95,21.04,20.64,20.66,36800,
PNK,19.709999,19.870001,19.6,19.790001,446300,
PNM,22.27,22.549999,22.120001,22.540001,364700,
PNNT,11.89,11.89,11.67,11.81,606700,
PNR,58.950001,59.73,58.470001,59.57,1108000,
PNRA,186.529999,188.289993,186.270004,187.660004,223800,
PNW,56.939999,57.200001,56.009998,56.200001,3102600,
PNY,34.450001,34.860001,34.27,34.799999,212300,
PODD,30.879999,31.24,30.459999,31.129999,230000,
POL,25.879999,26.59,25.67,26.450001,431400,
POM,20.27,20.41,20.209999,20.360001,1407400,
POOL,53.490002,54.880001,53.349998,54.720001,134400,
POR,30.77,31.309999,30.629999,31.299999,823600,
POST,46.099998,46.959999,46.029999,46.93,138700,
POT,40.52,41.419998,40.380001,41.09,2862000,
POWI,40.080002,41.32,39.93,41.07,126800,
POWR,15.8,15.97,15.61,15.78,174400,
POZN,5.03,5.14,5,5.12,94000,
PPC,13.29,13.51,13.03,13.36,630600,
PPG,156.039993,156.75,155.110001,156.570007,1032400,
PPH,47.240002,47.389999,47.189999,47.389999,28400,
PPHM,1.57,1.58,1.5,1.5,1414700,
PPL,29.18,29.610001,29.1,29.459999,8428800,
PPO,41.560001,41.68,41.209999,41.52,343100,
PPP,5.09,5.12,4.98,4.98,291000,
PPS,47.41,47.939999,47.02,47.290001,427200,
PQ,4.62,4.7,4.61,4.64,50600,
PRA,52.380001,52.889999,52.049999,52.73,221100,
PRAA,162.299995,163.430008,159.789986,160.23,344100,
PRCP,7.51,7.51,7.5,7.5,4600,
PRE,91.360001,91.900002,91.099998,91.82,288400,
PRFT,13.64,13.87,13.56,13.65,121300,
PRGO,119.470001,121.300003,119.440002,121.160004,502300,
PRGS,23.16,23.25,22.9,23.01,277800,
PRI,36.950001,37.57,36.860001,37.540001,213200,
PRIM,20.280001,20.809999,20.129999,20.76,139500,
PRKR,4.17,4.34,4.17,4.28,64000,
PRLB,59.880001,63.5,59.82,62.529999,1200500,
PRMW,1.76,1.77,1.66,1.72,236700,
PRSC,27.98,28.16,27.459999,27.6,203700,
PRSS,6.31,6.34,6.2,6.22,21500,
PRU,72.18,73.300003,71.660004,72.970001,2866200,
PRXL,46.740002,48.389999,46.66,47.93,735500,
PSA,153.419998,153.75,152.259995,152.399994,483400,
PSB,73.110001,73.650002,72.540001,73.410004,109400,
PSDV,3.79,3.96,3.76,3.84,630400,
PSE,24.685,24.685,24.685,24.685,0,
PSEC,10.74,10.76,10.58,10.76,3104400,
PSEM,7.17,7.45,7.11,7.45,182600,
PSMI,10.77,10.98,10.49,10.96,202000,
PSMT,88.300003,90.580002,88.300003,90.580002,101000,
PSO,18.799999,18.91,18.73,18.889999,130400,
PSQ,22.42,22.43,22.24,22.290001,105200,
PST,28.26,28.299999,28.120001,28.17,228200,
PSTB,5.8,5.83,5.76,5.81,87900,
PSTI,2.83,2.84,2.78,2.79,84200,
PSUN,3.13,3.18,3.07,3.15,1191400,
PSX,64.480003,65,64.25,64.389999,2336900,
PT,4.22,4.24,4.2,4.23,328300,
PTEN,21.25,21.4,21.040001,21.040001,2618800,
PTIE,2.39,2.54,2.36,2.38,356000,
PTM,16.110001,16.33,16.110001,16.33,3400,
PTP,58.37,59.15,58.16,59.08,116300,
PTR,110.209999,110.809998,110.050003,110.699997,106300,
PTRY,13.48,13.64,13.35,13.39,108000,
PUK,34.169998,34.27,34.02,34.139999,49900,
PVA,4.71,4.75,4.64,4.66,854200,
PVG,7.73,7.75,7.36,7.42,247800,
PVH,125.309998,126.269997,124.459999,126.260002,852500,
PVR,27.05,27.33,26.8,27.22,298800,
PVTB,19.700001,20.18,19.5,19.98,541300,
PWE,11.66,11.8,11.58,11.71,3046900,
PWER,6.31,6.32,6.31,6.32,323000,
PWR,26.66,27.139999,26.52,27.110001,2023700,
PWRD,16.950001,17.07,16.559999,16.76,354900,
PX,118.68,119.169998,118.089996,119.010002,961600,
PXD,153.460007,157.809998,152.570007,154.649994,2023500,
PZA,24.18,24.459999,24.18,24.370001,728600,
PZE,4.01,4.06,3.96,3.96,61400,
PZG,1.36,1.45,1.31,1.44,751900,
PZO,129.429993,129.440002,128.5,128.770004,0,
PZZA,65.800003,66.779999,65.199997,66.449997,141800,
Q,44,44.25,43.650002,43.889999,534600,
QCOM,62.290001,62.73,62.009998,62.380001,11624400,
QCOR,45.19,46.31,45.01,45.93,893000,
QDEL,25.1,25.629999,25,25.41,157400,
QEP,29.700001,29.889999,29.52,29.709999,632000,
QGEN,19.66,19.72,19.499999,19.62,463300,
QID,22.73,22.76,22.35,22.459999,979000,
QIHU,47.459999,47.810001,46.259998,47.080002,2083700,
QLD,68.410004,69.610001,68.400002,69.32,4202200,
QLGC,9.71,9.89,9.68,9.79,1114000,
QLIK,29.700001,30.309999,29.610001,30.26,1321200,
QLTI,8.47,8.55,8.28,8.29,117800,
QLTY,9.49,9.49,9.4,9.44,79800,
QLYS,14.64,14.98,14.6,14.85,110500,
QNST,7.86,8.22,7.86,8.05,117000,
QQEW,30.639999,30.860001,30.639999,30.790001,64800,
QQQ,73.080002,73.720001,73.059998,73.580002,24853100,
QRE,16.46,16.59,16.2,16.44,414200,
QSII,18.370001,18.52,18.139999,18.41,300000,
QTM,1.39,1.47,1.39,1.46,978500,
QTWW,0.57,0.58,0.56,0.56,31300,
QUAD,24.379999,24.6,24.120001,24.440001,150900,
QUIK,2.33,2.35,2.3,2.32,134900,
R,61.919998,62.139999,61.639999,62.139999,510600,
RAD,3.16,3.19,3.1,3.13,19405700,
RAI,49.07,49.400002,48.82,49.310001,2266400,
RAIL,17.01,17.370001,16.959999,17.299999,100000,
RAS,7.7,7.92,7.66,7.86,598100,
RATE,13.84,14.48,13.82,14.32,342100,
RAVN,30.389999,30.799999,30.25,30.74,55300,
RAX,35.779999,38.119999,35.779999,37.650002,3819900,
RBA,20.9,21.200001,20.809999,21,1316700,
RBC,66.839996,67.379997,66.669998,67.160004,233400,
RBCAA,22.85,23.32,22.549999,23.26,23200,
RBCN,7.02,7.35,7.02,7.18,253100,
RBS,10.12,10.18,10.08,10.14,1183800,
RBY,1.63,1.75,1.56,1.6,778800,
RCI,45.18,46,45.09,45.970001,407900,
RCII,38.599998,38.720001,38.279999,38.700001,598800,
RCL,33.98,34.540001,33.98,34.259998,2268500,
RDA,10.29,10.6,10.22,10.35,74800,
RDC,34.02,34.57,33.990002,34.310001,600800,
RDEN,47.990002,48.380001,47.709999,48.150002,72000,
RDI,6.27,6.35,6.16,6.31,34700,
RDN,13,13.1,12.8,12.9,6546900,
RDNT,2.605,2.605,2.52,2.56,70966,
RDS.A,65.91,66.21,65.85,65.99,1624200,
RDS.B,68.07,68.33,68.05,68.17,1062200,
RDWR,14.86,14.98,14.79,14.98,191300,
RDY,36.470001,36.799999,36.290001,36.709999,148000,
RE,130.050003,131.130005,129.960007,130.759995,209500,
RECN,11.29,11.5,11.24,11.47,64000,
REDF,2.68,2.71,2.65,2.66,25100,
REE,1.89,1.96,1.87,1.96,157000,
REED,4.79,4.87,4.68,4.84,24300,
REFR,3.99,4.07,3.96,4.04,33700,
REG,51.099998,51.580002,50.549999,51.200001,360000,
REGI,13.09,13.29,12.75,12.97,443100,
REGN,233.639999,244.259995,230.509995,242.759995,888800,
RELL,11.85,12.02,11.77,11.98,35700,
REM,13.63,13.77,13.46,13.72,1191400,
REMX,10.3,10.39,10.27,10.39,6500,
REN,8.33,8.47,8.28,8.36,56500,
RENN,3.25,3.29,3.19,3.21,943000,
RENT,19.92,20.85,19.92,20.75,57300,
RES,14.27,14.42,14.07,14.25,561400,
REV,20.1,20.26,19.85,20.129999,29700,
REW,30.18,30.18,29.82,29.91,300,
REXI,8.16,8.34,8.01,8.12,26800,
REXX,17.6,18.389999,17.6,18.27,519400,
RF,9,9.13,8.92,9.11,14771100,
RFMD,5.41,5.54,5.39,5.5,4475800,
RFP,13.85,14.21,13.84,14,412400,
RGA,67.120003,67.43,66.839996,67.239998,398800,
RGC,17.75,18.110001,17.620001,17.950001,936800,
RGEN,7.67,8.03,7.58,7.92,243100,
RGLD,52.419998,52.91,50.75,50.970001,745900,
RGP,26.459999,26.49,25.959999,26.219999,4313300,
RGR,47.810001,49.110001,47.349998,49,267000,
RGS,17.040001,17.35,16.99,17.35,618900,
RHI,34.349998,34.610001,34.310001,34.419998,773700,
RHP,36.900002,37.459999,36.900002,37.32,1225400,
RHT,45.75,47.040001,45.689999,46.630001,2227400,
RIC,1.69,1.72,1.67,1.72,86800,
RICK,8.73,8.73,8.55,8.7,38200,
RIG,49.52,50.200001,49.5,49.75,3577200,
RIGL,3.73,3.77,3.68,3.77,440100,
RIMG,8.02,8.12,7.95,8.08,11000,
RIO,43.68,44.099998,43.560001,44.099998,3234300,
RIOM,2.46,2.5,2.39,2.39,72500,
RJA,8.58,8.63,8.58,8.6,143000,
RJET,11.08,11.48,10.87,11.46,550100,
RJF,43.369999,43.790001,43.240002,43.509998,660200,
RJI,8.25,8.29,8.25,8.29,532000,
RJN,6.66,6.72,6.66,6.69,13800,
RKT,107.029999,107.029999,105.260002,106.419998,1163400,
RKUS,11.58,11.67,11.16,11.41,993800,
RL,175.979996,178.960007,175.330002,178.899994,438500,
RLD,14.97,15.21,14.85,14.9,285600,
RLGY,51.799999,51.860001,50.759998,51.150002,934700,
RLH,6.13,6.18,6.1,6.12,90200,
RLI,75.660004,76.239998,75.660004,75.980003,99200,
RLJ,23.51,23.860001,23.299999,23.700001,793200,
RLOC,13.53,13.89,13.51,13.76,55300,
RMBS,8.9,8.91,8.61,8.89,1468200,
RMD,47.66,47.93,47.389999,47.66,591900,
RMTI,4.14,4.18,4.01,4.12,669200,
RNDY,7.6,7.76,7.55,7.75,429000,
RNF,28.35,28.709999,27.5,27.85,473300,
RNO,13.66,13.81,13.64,13.74,16500,
RNR,85.660004,87,85.550003,86.800003,355700,
RNST,23.92,23.969999,23.780001,23.91,65200,
ROC,67.25,67.914,67,67.52,398190,
ROCK,15.86,16.440001,15.76,16.35,76200,
ROCM,14.64,14.936,14.52,14.72,26900,
ROG,47.799999,48.799999,47.580002,48.470001,84500,
ROIC,14.25,14.33,14.06,14.19,368300,
ROK,86.900002,88.199997,86.419998,88.110001,601700,
ROL,24.970004,25.120005,24.850004,25.000005,220700,
ROLL,51.990002,52.950001,51.880001,52.759998,79000,
ROM,81.809998,83.300003,81.809998,82.629997,24000,
ROP,123.580002,125.150002,123.389999,124.82,534800,
ROSE,47.349998,48.189999,46.959999,47.759998,862700,
ROSG,3.91,3.95,3.77,3.84,338200,
ROST,64.360001,65.449997,64.339996,65.309998,1625800,
ROVI,25.02,25.1,24.83,24.91,599800,
ROYL,2.71,2.85,2.65,2.71,377000,
ROYT,18.5,18.51,18.059999,18.18,140900,
RP,17.379999,17.65,17.08,17.57,398600,
RPAI,15.06,15.48,14.93,15.38,849600,
RPM,32.720001,33.049999,32.68,33.009998,385300,
RPRX,17.209999,19.99,17,19.190001,717500,
RPTP,7.62,7.86,7.57,7.83,202300,
RPXC,16.389999,16.610001,16.209999,16.440001,445900,
RRC,77.459999,80.050003,77.220001,79.459999,2258800,
RRD,13.35,13.6,13.29,13.56,1355000,
RRGB,56,56.799999,55.709999,56.450001,124900,
RRMS,37,37,36.509998,36.889999,5100,
RRTS,28.120001,28.5,27.76,28,135800,
RS,65.339996,66.620003,65.339996,66.370003,403500,
RSE,19.65,20.139999,19.540001,19.950001,139000,
RSG,34.27,34.77,34.259998,34.75,1132300,
RSH,31.97,31.97,31.97,31.97,0,
RSO,6.32,6.43,6.25,6.37,178800,
RSOL,2.95,3.03,2.7,2.77,2736600,
RSP,62.599998,63.209999,62.599998,63.130001,504100,
RST,15.67,15.82,15.62,15.68,160000,
RSTI,26.65,27.620001,26.65,27.379999,45100,
RSX,25.799999,25.940001,25.719999,25.879999,3611700,
RSYS,4.79,5.11,4.79,5.08,133800,
RT,9.53,9.73,9.48,9.68,206300,
RTEC,12.39,12.65,12.28,12.65,108400,
RTH,52.73,53.200001,52.669998,53.200001,22600,
RTI,28.51,29.040001,28.35,28.82,154700,
RTIX,4.35,4.42,4.28,4.4,155100,
RTK,2.15,2.2,2.11,2.15,266200,
RTN,68,68.349998,67.699997,68.07,1855300,
RUE,41.82,41.85,41.7,41.72,207800,
RUSHA,25.870001,26.43,25.58,25.790001,131700,
RUSL,22.050441,22.310446,21.850437,22.210443,2100,
RUSS,19.969999,20.059999,19.65,19.75,6900,
RUT,988.919983,1001.48999,988.919983,999.98999,31209800,
RUTH,12.37,12.66,12.37,12.59,150600,
RVBD,16.28,16.58,16.26,16.46,2340500,
RVLT,4.11,4.17,3.96,4.12,59000,
RVM,0.77,0.79,0.75,0.76,128200,
RWM,20.33,20.35,20.09,20.129999,212600,
RWO,43.41,43.830002,43.400002,43.650002,181700,
RWR,77.68,78.379997,77.25,77.879997,506900,
RWT,18.690001,19.1,18.35,19.049999,1278800,
RWX,41.349998,41.66,41.32,41.52,354600,
RXN,16.700001,16.83,16.52,16.75,464300,
RY,59.360001,60.150002,59.299999,59.919998,633800,
RYAAY,49.770001,50.000001,49.750003,49.96,237200,
RYL,44.5,45.34,43.950001,44.91,841400,
RYN,53.609995,54.730005,53.290002,54.529996,1575300,
S,7.21,7.34,7.17,7.32,74095000,
SA,11.35,11.56,10.84,10.94,335000,
SAA,74.400002,76.07,74.400002,75.760002,13200,
SAAS,7.97,8.25,7.9,8.21,540800,
SABA,8.8,8.85,8.75,8.78,33900,
SAFM,67.650002,68.510002,66.940002,67.529999,455800,
SAFT,50.91,51.02,50.490002,50.84,38600,
SAH,21.620001,21.9,21.49,21.799999,341600,
SAI,0.025,0.025,0.025,0.025,25000,
SAIA,31.799999,32.389999,31.389999,32.189999,268900,
SAM,170.080002,172,168.800003,171.529999,61500,
SAN,7.13,7.16,7.11,7.11,2936800,
SAND,7.24,7.26,7.03,7.17,335500,
SANM,13.94,14.6,13.92,14.44,545100,
SAP,77.040001,77.449997,76.839996,77.18,1046400,
SAPE,13.03,13.27,12.98,13.16,903900,
SATS,39.84,40.470001,39.720001,39.970001,117900,
SAVE,32.700001,33,32.5,32.990002,429100,
SB,5.34,5.43,5.29,5.39,287500,
SBAC,75.790001,76.519997,75.43,75.870003,988100,
SBGI,28.42,29.280001,28.25,28.57,2264800,
SBGL,3.53,3.62,3.51,3.59,191600,
SBH,30.700001,30.82,30.58,30.74,663100,
SBNY,79.239998,79.949997,78.949997,79.260002,220500,
SBS,11.63,11.81,11.45,11.73,2082900,
SBSI,24.010003,24.200001,23.800002,24.110005,59000,
SBUX,66,67.129997,65.949997,67.099998,7453600,
SBY,16.65,16.75,16.450001,16.68,637200,
SCCO,29.75,29.950001,29.639999,29.76,983800,
SCG,49.669998,50.049999,49.400002,49.970001,565600,
SCHA,44.68,45.18,44.650002,45.07,210100,
SCHB,39.810001,40.139999,39.810001,40.07,363400,
SCHD,33.599998,33.830002,33.59,33.790001,315300,
SCHE,23.709999,23.780001,23.629999,23.780001,248500,
SCHF,28.469999,28.6,28.43,28.549999,219000,
SCHG,39.200001,39.48,39.200001,39.419998,73500,
SCHH,32.66,32.950001,32.470001,32.75,80700,
SCHL,29.200001,29.76,29.200001,29.68,105000,
SCHM,32.650002,32.919998,32.630001,32.849998,86700,
SCHN,24.809999,25.08,24.629999,24.93,190100,
SCHV,37.119999,37.459999,37.119999,37.400002,67100,
SCHW,20.35,20.76,20.35,20.540001,10478000,
SCHX,39.209999,39.529999,39.209999,39.450001,436100,
SCI,17.83,17.969999,17.799999,17.92,2119600,
SCIF,7.82,7.9,7.82,7.86,65300,
SCLN,4.89,4.92,4.84,4.87,205300,
SCMP,7.3,7.44,7.03,7.07,100500,
SCO,35.080002,35.380001,34.779999,34.900002,911200,
SCOK,1.45,1.53,1.45,1.52,36662,
SCOR,23.27,23.549999,23.07,23.309999,207100,
SCR,17.13,17.13,17.13,17.13,0,
SCS,14.8,15.15,14.65,15.02,1011300,
SCSC,34,34.799999,34,34.549999,57200,
SCSS,25.48,25.92,25.110001,25.799999,1053200,
SCTY,35.68,37.98,35.68,36.450001,3527700,
SCVL,24.5,24.6,23.83,24.41,47400,
SCZ,44.220001,44.48,44.220001,44.400002,238900,
SD,5.02,5.08,4.97,4.97,5020700,
SDIV,21.9,22.09,21.9,22.02,316400,
SDLP,29.280001,30.17,29.15,29.969999,53800,
SDOW,41.07,41.07,39.970001,40.139999,497900,
SDR,13.15,13.38,13.1,13.26,131200,
SDRL,40.360001,40.84,40.349998,40.709999,2269400,
SDS,39.34,39.360001,38.669998,38.799999,9476100,
SDT,13.98,14.08,13.65,14,191500,
SDY,68.160004,68.709999,68.07,68.620003,1132800,
SE,34.52,34.75,34.419998,34.66,4196800,
SEA,17.940001,18.049999,17.940001,18.030001,26100,
SEAC,11.59,11.84,11.55,11.83,127400,
SEAS,37.700001,38.470001,37.639999,37.990002,115000,
SEE,24.360001,24.74,24.360001,24.639999,1232200,
SEED,1.51,1.53,1.49,1.49,13700,
SEF,23.43,23.43,23.26,23.299999,7900,
SEIC,29.57,29.809999,29.51,29.549999,934800,
SEM,8.3,8.37,8.2,8.26,404900,
SEMG,55.060001,56.209999,54.610001,55.700001,373300,
SEP,43.060001,43.380001,42.59,43.310001,385800,
SF,36,36.459999,35.830002,35.98,407800,
SFC,92.110001,92.389999,91.809998,91.970001,0,
SFD,33.11,33.22,33.01,33.02,6260740,
SFE,16.129999,16.129999,15.99,16.059999,207600,
SFG,46.32,46.59,45.759998,46.299999,304300,
SFI,20700,21000,20700,20800,3300,
SFL,16.34,16.440001,16.24,16.299999,5026500,
SFLY,53.290001,53.869999,52.5,53.389999,711600,
SFUN,26.719999,26.74,26.329999,26.500001,760500,
SFY,13.51,13.88,13.37,13.4,1110300,
SGEN,31.940001,32.549999,31.549999,32.200001,473000,
SGG,59.740002,59.889999,59.200001,59.529999,21500,
SGI,14.39,14.72,14.27,14.51,270100,
SGMO,7.91,8.2,7.84,8.18,489600,
SGMS,11.48,11.7,11.4,11.47,288700,
SGOL,135.259995,135.520004,134.139999,134.740005,111600,
SGU,4.86,4.92,4.86,4.89,20200,
SGY,23.619999,23.749999,23.21,23.419999,8400,
SGYP,4.769998,5.100005,4.669997,4.960002,895300,
SH,29.030001,29.030001,28.77,28.83,2123300,
SHEN,16.68,17.290001,16.59,17.190001,64200,
SHFL,17.97,18.34,17.95,18.22,281500,
SHLD,46.839874,47.259876,46.279878,47.059872,487100,
SHLM,27.219999,27.75,26.49,27.719999,149300,
SHO,12.1,12.43,12.05,12.42,1962300,
SHOO,47.929994,48.229998,47.809994,48.070004,462300,
SHOR,3.58,3.74,3.56,3.73,330800,
SHOS,43.599998,45.400002,43.040001,44.939999,209400,
SHPG,98.040001,98.349998,97.739998,98.309998,110700,
SHW,183.600006,184.559998,182.199997,184.300003,274000,
SHY,84.410004,84.440002,84.389999,84.43,1762700,
SI,0.135,0.135,0.135,0.135,17000,
SIAL,81.959999,82.639999,81.68,82.18,600600,
SID,3.02,3.12,2.97,3.07,4908500,
SIFY,1.89,1.89,1.83,1.85,62900,
SIG,68.440002,69.940002,68.410004,69.910004,418000,
SIGA,3.14,3.17,3.05,3.13,354200,
SIGM,4.92,5.05,4.8,5.03,299000,
SIL,13.379986,13.489986,13.099986,13.159986,76400,
SIM,12.85,12.85,12.68,12.81,12400,
SIMG,5.71,5.83,5.7,5.72,600900,
SIMO,11,11.18,11,11.17,155300,
SINA,59.099998,59.889999,58.860001,58.880001,1202700,
SIR,29.540001,30.049999,29.43,29.9,104600,
SIRI,3.34,3.46,3.34,3.4,54847700,
SIRO,64.139999,65.209999,63.619999,65.120003,877600,
SIVB,76.010002,76.559998,75.629997,75.739998,268000,
SIVR,21.51,21.58,21.290001,21.379999,275300,
SIX,74.309998,75.989998,73.889999,75.849998,510400,
SJB,31.030001,31.129999,31.030001,31.129999,58200,
SJI,57.84,59.169998,57.630001,58.619999,194600,
SJM,103.07,104.18,102.870003,103.660004,326300,
SJR,22.450001,22.879999,22.450001,22.85,206900,
SJT,15.63,15.92,15.6,15.64,114400,
SKF,22.68,22.709999,22.309999,22.42,138400,
SKH,7.05,7.22,7.05,7.11,136000,
SKM,21.24,21.4,21.17,21.370001,1012700,
SKS,14.68,14.8,14.3601,14.43,1698800,
SKT,34.389999,34.759998,34.169998,34.439999,190100,
SKUL,5.76,5.84,5.6,5.7,334500,
SKX,22.66,23.040001,22.629999,22.8,1460400,
SKYW,14.45,14.57,14.28,14.55,178400,
SKYY,21.67,21.82,21.67,21.77,34000,
SLAB,42.200001,42.970001,42.200001,42.709999,160700,
SLB,73.18,74.599998,73.059998,74.160004,5682300,
SLCA,21.59,21.74,21.299999,21.450001,1084200,
SLF,29.77,30.280001,29.559999,30.02,247600,
SLG,91.519997,92.190002,91.209999,91.720001,828600,
SLGN,47.459999,48.110001,47.119999,47.869999,178400,
SLH,54.709999,54.84,53.790001,53.919998,287200,
SLM,22.920014,23.25001,22.920014,23.130003,10771500,
SLRC,22.99,23.18,22.98,23.09,510000,
SLT,36.52,36.52,36.52,36.52,0,
SLV,21,21.09,20.780001,20.879999,11002100,
SLW,23.17,23.4,22.66,22.75,3765500,
SLX,39.68,40.279999,39.68,40.169998,22700,
SLXP,66.11,67.08,65.85,66.83,372300,
SM,62.869999,63.650002,62.330002,62.48,515300,
SMA,1.37,1.37,1.35,1.35,1000,
SMFG,8.61,8.65,8.58,8.58,744000,
SMG,49.299999,50.459999,49.060001,49.919998,600100,
SMH,38.32,38.84,38.32,38.75,1895700,
SMLP,34.080002,34.080002,33.349998,33.759998,53000,
SMN,48.07,48.150002,47.650002,47.880001,14400,
SMP,34.450001,35.259998,34.34,35.09,137800,
SMRT,13.38,13.56,13.05,13.51,195300,
SMS,0.5,0.5,0.5,0.5,0,
SMSI,1.2,1.22,1.16,1.19,65500,
SMT,1.34,1.34,1.31,1.31,22900,
SMTC,36.259998,37.119999,36.169998,36.889999,432400,
SN,22.950001,23.290001,22.809999,23.200001,357700,
SNA,92.080002,92.480003,91.739998,92.209999,234800,
SNAK,7.89,7.99,7.88,7.93,30900,
SNCR,32.099998,32.43,31.85,32.400002,171800,
SNDK,61.360001,63.27,61.029999,63.040001,5470600,
SNE,21.559999,21.6,21.280001,21.4,4598500,
SNH,26.18,26.51,26.030001,26.280001,1205600,
SNHY,31.24,31.49,30.99,31.23,62500,
SNI,67.559998,68.220001,67.330002,67.93,712300,
SNP,95.019997,95.320003,94.739996,94.969999,41600,
SNPS,36.43,36.849998,36.43,36.610001,533000,
SNSS,5.01001,5.18001,4.98001,5.11001,53300,
SNTA,4.03,4.08,3.96,4,1744900,
SNTS,19000,19000,19000,19000,3900,
SNV,2.730055,2.790056,2.720054,2.770055,935700,
SNX,43.049999,43.939999,42.98,43.720001,244600,
SNY,54.509998,54.689999,54.299999,54.560001,581200,
SO,44.630001,44.889999,44.450001,44.75,3507100,
SODA,72.489998,73.169998,70.199997,70.550003,1090500,
SOHU,65.839996,67.760002,65.839996,66.260002,632000,
SOL,2.02,2.1,2,2.06,471600,
SON,35.48,35.790001,35.450001,35.619999,201800,
SONC,14.39,14.84,14.27,14.68,557900,
SONS,3.32,3.34,3.29,3.33,217200,
SORL,2.65,2.65,2.61,2.63,16100,
SOX,473.19,480.52,473.13,480.06,0,
SOXL,49.369999,50.860001,48.509998,50.669998,1025200,
SOXS,15.43,15.44,14.74,14.78,35300,
SOXX,64.5,65.32,64.5,65.269997,223500,
SOYB,24.540001,24.59,24.440001,24.530001,6400,
SPAR,5.93,6.15,5.93,6.12,59000,
SPB,60.900002,60.939999,60.169998,60.27,187500,
SPF,9.27,9.33,9.02,9.22,4270500,
SPG,168.359999,168.639991,166.819999,167.3,1528100,
SPH,47.860001,47.990002,47.360001,47.43,143700,
SPIL,6,6.19,6,6.18,1453400,
SPLK,43.689999,44.669998,43.419998,43.970001,1312900,
SPLS,16.370001,16.620001,16.290001,16.48,8237200,
SPLV,31.440001,31.629999,31.35,31.57,1061000,
SPN,27.860001,28.4,27.77,28.129999,2125500,
SPNC,18.129999,18.389999,17.870001,18.139999,372900,
SPP,2.02,2.13,1.96,2.09,2600,
SPPI,8.25,8.35,8.14,8.28,547000,
SPR,21.43,21.809999,21.41,21.709999,929100,
SPRD,22,23.2,21.8401,22.98,2170000,
SPRT,4.41,4.58,4.41,4.53,472500,
SPSC,56.5,57.34,53.720001,54.939999,109800,
SPTN,18.889999,19.219999,18.620001,19.110001,31000,
SPU,2.14,2.2,2.14,2.15,2400,
SPW,76.360001,77.300003,76.360001,77.07,317700,
SPWR,19.209999,19.719999,19.209999,19.52,2597800,
SPX,1639.77002,1654.189941,1639.77002,1651.810059,3120980000,
SPXL,44.439999,45.57,44.41,45.330002,2289700,
SPXS,10.31,10.32,10.05,10.1,875600,
SPXU,23.25,23.26,22.629999,22.780001,2029500,
SPY,164.529999,165.990005,164.520004,165.740005,114695600,
SQI,23.309999,23.870001,23.280001,23.58,85700,
SQM,42.649998,42.709998,42.119997,42.459998,574900,
SQNM,4.32,4.37,4.17,4.19,2169600,
SQQQ,27.059999,27.08,26.35,26.530001,768200,
SRC,19.470009,19.779996,19.350007,19.659994,5454000,
SRCL,109.68,111.089996,109.540001,110.879997,560100,
SRDX,23.059999,23.5,23.01,23.309999,57900,
SRE,80.720001,82.269997,80.379997,82.059998,1161100,
SREV,9.04,9.28,8.94,9.08,393000,
SRI,11.99,12.27,11.92,12.12,492100,
SRPT,37.700001,38.459999,36.950001,38.150002,856700,
SRS,20.700001,20.940001,20.360001,20.6,37400,
SRT,4.65,4.76,4.65,4.75,32700,
SRTY,19.299999,19.360001,18.58,18.75,239800,
SSD,29,29.59,28.77,29.52,105600,
SSG,27.2,27.2,25.979999,26.070002,44000,
SSH,5.93,6.34,5.93,6.05,183100,
SSI,22.190001,22.530001,21.530001,22.379999,868300,
SSL,42.849998,43.619999,42.849998,43.48,566700,
SSN,0.45,0.45,0.42,0.44,36200,
SSNC,32.5,33.049999,32.220001,32.93,550400,
SSO,80.199997,81.580002,80.169998,81.269997,8044200,
SSP,15.319998,15.479999,15.110004,15.449997,311300,
SSRI,7,7.1,6.92,6.97,947000,
SSS,66.510002,68.730003,66.339996,67.980003,110200,
SSW,22.209999,22.5,22.08,22.389999,61800,
SSYS,87.470001,87.879997,85.400002,86.120003,510700,
ST,35.740002,35.959999,35.66,35.919998,1314800,
STAA,9.52,10.81,9.42,10.51,907600,
STAG,21.34,21.559999,21.219999,21.379999,247000,
STB,6.28,6.36,6.26,6.33,65000,
STBA,19.1,19.459999,18.99,19.379999,30400,
STBZ,15.02,15.28,15,15.13,48300,
STC,26.93,27.65,26.93,27.43,192200,
STE,44.529999,44.93,44.290001,44.779999,196100,
STEC,3.46,3.5,3.45,3.465,252700,
STEI,13.06,13.08,13.05,13.08,584000,
STEL,19.36,19.41,19.03,19.31,50100,
STFC,17.799999,18.450001,17.799999,18.41,13800,
STI,31.389999,31.889999,31.299999,31.75,2635900,
STJ,45.740002,45.919998,45.450001,45.869999,1189700,
STKL,7.9,8.02,7.73,8.01,234300,
STLD,14.89,15.15,14.86,14.98,1646300,
STM,9.88,9.92,9.83,9.89,1534600,
STMP,38.32,38.580002,38.200001,38.450001,133600,
STNG,9.1,9.26,9.04,9.12,1110000,
STO,22.200001,22.35,22.18,22.27,1058700,
STON,25.98,26.42,25.940001,26.1,91800,
STP,0.47,0.485,0.425,0.44,720800,
STR,24.07,24.34,23.99,24.09,875400,
STRA,53.240002,55.5,51.599998,51.900002,91800,
STRI,2.459975,2.579974,2.429976,2.509975,32300,
STRL,9.1,9.39,9.02,9.32,82400,
STRM,6.1,6.16,6,6.05,24500,
STRZA,22.950001,23.190001,22.82,22.879999,789300,
STSA,22.2,22.77,22.052,22.7,231800,
STSI,1.38,1.45,1.35,1.45,1012200,
STT,67.110001,67.43,66.580002,67.32,2206400,
STV,1.51,1.57,1.51,1.52,124000,
STWD,25.460004,25.81,25.150004,25.729997,1538200,
STX,44.18,45.049999,44.040001,44.990002,4571800,
STZ,52.200001,52.669998,51.75,52.59,974100,
SU,30.6,31.379999,30.540001,31.059999,4700300,
SUI,49.900002,51.73,49.419998,51.419998,134800,
SUNE,8.47,8.91,8.45,8.72,4053400,
SUP,17.950001,18.4,17.950001,18.09,138000,
SUPN,6.61,6.78,6.5,6.67,354900,
SUPX,22.53,23.36,22.44,23.13,47500,
SURG,3.68,3.75,3.65,3.7,52000,
SUSP,28.25,28.68,28.06,28.32,56700,
SUSQ,11.96,12.16,11.88,12.14,725800,
SUSS,49.07,50.37,49.07,50.03,245000,
SUTR,1.74,1.8,1.7,1.73,62600,
SVA,4,4.07,3.9,4.05,60400,
SVM,2.75,2.82,2.69,2.72,686800,
SVN,16.05,16.05,16.05,16.05,0,
SVNT,0.74,0.78,0.71,0.74,533500,
SVO,374.7225,376.7329,373.7231,376.0881,0,
SVU,6.22,6.57,6.13,6.49,6930300,
SVXY,81.82,82.760002,81.480003,82.760002,1654600,
SWC,11.83,12.05,11.76,11.8,852800,
SWFT,16.370001,16.639999,16.26,16.389999,1561800,
SWHC,9.72,9.88,9.66,9.85,1711000,
SWI,41.259998,42.080002,41.259998,41.959999,485100,
SWIR,12.52,12.52,12.27,12.42,53700,
SWK,80.209999,81.379997,79.800003,80.980003,941400,
SWKS,21.92,22.459999,21.92,22.309999,2406600,
SWM,50.459999,51.259998,50.34,50.689999,171400,
SWN,37.529999,38.110001,37.360001,38.029999,2878200,
SWSH,0.93,0.94,0.88,0.89,39800,
SWX,48.099998,48.98,47.98,48.720001,82600,
SWY,21.73,21.83,21.39,21.43,5262900,
SXC,15.31,15.43,15.17,15.21,265900,
SXCP,22.959999,23.049999,22.68,23,22400,
SXE,23.01,23.16,22.92,23.049999,13400,
SXI,53.099998,54.630001,52.200001,54.630001,36200,
SXL,65.349998,65.599998,64.629997,64.879997,341600,
SXT,41.060001,41.52,40.779999,41.48,165000,
SYA,15.64,15.89,15.58,15.65,581300,
SYK,67.800003,68.110001,67.580002,67.669998,1479200,
SYKE,15.54,15.81,15.45,15.79,330200,
SYMC,22.32,22.809999,22.32,22.73,11890700,
SYNA,37.540001,38.669998,37.540001,37.950001,621300,
SYNC,3.26,3.27,3.16,3.2,97200,
SYNT,65.099998,65.540001,64.959999,65.18,240000,
SYRG,7.02,7.13,6.96,7.02,394400,
SYT,79.019997,79.779999,78.989998,79.690002,120400,
SYX,9.65,9.8,9.5,9.75,39600,
SYY,34.68,34.740002,34.43,34.740002,2170200,
SZYM,11.65,12.16,11.55,12.04,550700,
T,35.830002,36.349998,35.790001,36.169998,15357900,
TA,10.67,10.75,10.58,10.61,148700,
TAHO,13.85,13.88,13.35,13.41,49800,
TAL,10.19,10.47,10.19,10.29,134400,
TAM,20.35,20.85,20.0525,20.33,321700,
TAN,24.52,24.700001,24.290001,24.540001,115400,
TAO,20.969999,21.129999,20.969999,21.120001,43200,
TAOM,4.42,4.58,4.42,4.53,19200,
TAP,49.970001,50.099998,49.75,49.84,1134600,
TASR,9.39,9.43,9.27,9.4,650500,
TAST,6.29,6.43,6.22,6.42,135200,
TAT,0.75,0.77,0.7,0.73,69500,
TAXI,14.09,14.44,14.03,14.22,91100,
TAYC,18.11,18.4,17.73,18.2,116100,
TBBK,14.02,14.28,14.02,14.13,53100,
TBF,30.75,30.809999,30.540001,30.639999,837000,
TBI,23.219999,23.82,23.18,23.799999,145800,
TBT,69.580002,69.669998,68.5,68.989998,2457600,
TC,3.25,3.25,3.08,3.1,1923500,
TCAP,27.870001,27.98,27.530001,27.83,151700,
TCB,14.07,14.24,13.99,14.2,582100,
TCBI,43.02,43.330002,42.32,43.32,230100,
TCK,23.360001,23.690001,23.120001,23.57,1699600,
TCO,79.760002,80.349998,79.199997,79.739998,515600,
TCP,44.669998,44.669998,44.360001,44.439999,253100,
TCPC,16.200001,16.35,15.97,16.23,361000,
TCRD,15.25,15.25,14.91,15.11,313400,
TD,80.089996,81.019997,80.080002,80.720001,1042400,
TDC,55.740002,55.799999,55.009998,55.34,1461900,
TDG,158.559998,161.5,155.440002,156.850006,1492800,
TDIV,22.549999,22.74,22.549999,22.67,136400,
TDS,23.52,23.73,23.49,23.66,379100,
TDW,58.82,58.970001,58.490002,58.509998,700800,
TDY,76.099998,77.790001,76.07,77.360001,89400,
TE,17.360001,17.51,17.26,17.469999,2138700,
TEAR,11.41,11.59,10.920001,11.19,45500,
TECD,49.200001,49.240002,48.889999,49.23,286800,
TECH,67.330002,68.480003,67.330002,68.209999,75500,
TECL,62.810001,64.57,62.77,64.080002,247200,
TECS,33,33,32.16,32.439999,4300,
TECUA,10.97,11.14,10.88,11.04,119900,
TEF,13.73,13.84,13.72,13.74,1065000,
TEG,57.68,57.939999,57.299999,57.900002,461500,
TEL,46.110001,46.889999,46.080002,46.869999,1114400,
TEN,45.549999,47.560001,45.549999,47.549999,596100,
TEO,14.57,14.72,14.32,14.45,230600,
TEP,21.639999,22.41,21.51,21.84,341800,
TER,17.77,17.860001,17.73,17.82,926300,
TESO,12.5,12.57,12.4,12.49,215500,
TEU,4.06,4.1,4.02,4.1,82400,
TEVA,39.34,39.68,39.18,39.639999,2688900,
TEX,29.219999,29.959999,28.860001,29.52,4103600,
TFM,52.849998,53.439999,52.240002,52.740002,291100,
TFSL,11.15,11.17,11.03,11.1,147100,
TFX,78.050003,78.839996,77.910004,78.639999,98300,
TG,26.459999,27.65,26.32,27.16,90200,
TGA,7.1,7.11,7.05,7.06,38500,
TGB,2.07,2.07,2.01,2.03,133100,
TGH,37.959999,38.080002,37.639999,38.080002,236100,
TGI,79.199997,80.980003,79.010002,80.239998,579100,
TGP,42.93,43.43,42.52,42.75,249600,
TGT,69.849998,70.220001,69.599998,70.160004,2357200,
THC,45.459999,45.93,45.34,45.830002,849900,
THG,48.529999,48.869999,48.299999,48.849998,278200,
THI,53.83,54.98,53.83,54.93,718300,
THLD,5.47,5.58,5.46,5.5,304600,
THM,0.72,0.72,0.69,0.69,279700,
THO,47.650002,48.200001,47.52,48.09,431900,
THOR,32.040001,32.400002,31.620001,31.67,540000,
THRM,18.690001,19.09,18.549999,19.02,305000,
THRX,35.499999,35.730005,35.080007,35.710001,610300,
THS,66.5,67.080002,66.330002,66.989998,87800,
TI,7.28,7.37,7.24,7.37,135200,
TIBX,21.53,21.735,21.34,21.61,1960200,
TICC,9.58,9.66,9.51,9.66,433800,
TIF,75.629997,77.220001,75.419998,76.589996,1345400,
TILE,17.5,17.82,17.450001,17.67,381900,
TINY,3.42,3.42,3.32,3.37,108900,
TIP,114.099998,114.610001,114.099998,114.410004,1267100,
TISI,36.98,38.119999,36.650002,37.82,115600,
TITN,19.85,20.139999,19.73,19.879999,615800,
TIVO,25.02,25.1,24.83,24.91,599800,
TJX,49.759998,50.610001,49.630001,50.529999,3798800,
TK,40.25,41.27,40.25,41.23,421000,
TKC,14.76,14.81,14.66,14.74,241500,
TKR,58.159998,58.99,58.129995,58.869998,482500,
TLAB,2.19,2.235,2.15,2.2,2160000,
TLH,129.360001,130.050003,129.360001,129.889999,24700,
TLK,42.959999,43.73,42.959999,43.380001,372000,
TLLP,59.98,60.349998,58.93,59.32,94400,
TLM,11.66,11.94,11.66,11.8,3643000,
TLP,41.990002,42.68,41.830002,41.830002,49200,
TLT,112.849998,113.68,112.720001,113.279999,5192700,
TLYS,15.83,16,15.52,15.83,69800,
TM,122.440002,122.940002,121.900002,122.290001,721300,
TMF,58.040001,59.200001,57.860001,58.669998,304800,
TMH,41,42.299999,41,42.009998,1219000,
TMHC,25.700001,26.809999,25.5,26.709999,1118700,
TMK,65.389996,65.399998,64.709999,65.269993,770100,
TMO,85.790001,86.379997,85.489998,86.18,2176100,
TMUS,22.459999,22.6,22.25,22.48,2651500,
TMV,61.02,61.169998,59.66,60.259998,298300,
TNA,49.48,51.34,49.369999,50.889999,9110200,
TNAV,5.11,5.13,5.1,5.13,188500,
TNC,51.07,51.880001,51.040001,51.619999,58200,
TNGO,15.42,15.67,15.26,15.64,247700,
TNK,2.71,2.79,2.66,2.79,282400,
TNP,4.79,4.89,4.77,4.85,132700,
TOL,33.599998,34.349998,32.900002,34.040001,4736600,
TOO,33.450001,33.459999,32.970001,33.009998,438400,
TOT,51.049999,51.57,51.040001,51.400002,1222000,
TPC,17.610001,18.639999,17.610001,18.610001,224100,
TPH,16.66,16.780001,16.450001,16.610001,72900,
TPLM,7.39,7.54,7.3,7.43,868000,
TPX,44.77,45.689999,44.639999,45.68,810000,
TQNT,6.93,7.06,6.93,7.02,1634400,
TQQQ,71.440002,73.309998,71.410004,72.800003,4225200,
TR,32.230084,33.040092,32.100091,32.81009,75500,
TRAK,34.130001,34.990002,33.970001,34.880001,197500,
TRC,30.530003,30.650002,30.299999,30.439998,28400,
TREX,54.400002,56.240002,54.119999,55.860001,600400,
TRGP,67.269997,67.470001,66.830002,66.959999,203600,
TRGT,4.83,4.92,4.74,4.89,645400,
TRI,33.5,33.939999,33.41,33.790001,649400,
TRIB,17.049999,17.389999,17.02,17.15,11900,
TRIP,64.190002,65.199997,63.720001,63.849998,1659700,
TRLA,30.65,31.49,30.16,30.53,393900,
TRLG,31.7,31.725,31.69,31.7,179100,
TRMB,26.610001,27.139999,26.4,27,1735700,
TRMK,24.549999,24.799999,24.43,24.74,208300,
TRN,38.5,38.790001,38.330002,38.400002,1481800,
TRNX,16.700001,17.030001,16.5,17.02,160300,
TROW,74.669998,75.839996,74.190002,75.620003,916300,
TROX,22.559999,22.75,22.049999,22.389999,569600,
TRP,46.189999,46.970001,46.18,46.849998,474500,
TRQ,6.330001,6.410006,6.139996,6.220002,2204600,
TRS,35.169998,35.499999,34.959999,35.169998,217500,
TRV,83.419998,84.269997,83.410004,84.089996,2021700,
TRW,64.87,65.87,64.7,65.75,770700,
TRX,2.95,3,2.74,2.83,365700,
TS,40.889999,41.18,40.84,41.060001,606600,
TSCO,115.82,117.75,115.540001,117.610001,756400,
TSL,6.12,6.35,6.12,6.14,1707800,
TSLA,101.75,103.980003,99.199997,103.389999,8795300,
TSM,18.24,18.440001,18.120001,18.43,5406300,
TSN,25.5,25.92,25.469999,25.879999,3941200,
TSO,57.599998,58.02,56.639999,57.110001,2940000,
TSPT,2.99,3.02,2.98,3.02,242600,
TSRA,20.9,21.219999,20.68,21.209999,224800,
TSRX,8.67,8.69,8.51,8.63,720700,
TSS,23.32,23.360001,23.219999,23.25,2406200,
TSU,18.870001,19.27,18.75,19.200001,1265700,
TSYS,2.31,2.31,2.21,2.23,140300,
TTC,47.099998,47.98,47.099998,47.869999,235400,
TTCMY,6.39,6.4,6.3,6.33,47800,
TTEC,24.27,24.52,24.16,24.4,114500,
TTEK,26.25,26.73,26.25,26.73,295200,
TTI,10.93,11.16,10.9,11.01,556400,
TTM,25.389999,25.51,25.25,25.280001,820400,
TTMI,8.24,8.35,8.15,8.34,123100,
TTS,29.58,30.280001,29.57,30.25,213700,
TTT,79.029999,79.25,77.449997,78.150002,35400,
TTWO,15.66,15.85,15.52,15.66,1302400,
TU,34.330002,35.169998,34.330002,34.689999,104200,
TUES,10.49,10.55,10.37,10.44,182600,
TUMI,23.959999,24.57,23.870001,24.24,502200,
TUP,80.230003,80.650002,79.589996,80.400002,332600,
TV,23.59,24.08,23.59,23.709999,878200,
TVL,2.5,2.59,2.34,2.34,100,
TW,77.93,78.919998,77.639999,78.669998,198000,
TWC,101.489998,104,101.300003,103.010002,2349600,
TWER,2.22,2.24,2.19,2.21,10400,
TWGP,20.25,20.62,19.7,20.54,386400,
TWI,17.49,17.790001,17.43,17.719999,942000,
TWIN,23.709999,24.379999,23.709999,24.129999,27900,
TWM,17.620001,17.65,17.16,17.26,704500,
TWO,10.75,11.15,10.58,11.13,8017100,
TWTC,28.33,28.94,28.33,28.83,1030600,
TWX,57.849994,59.129995,57.769998,58.890002,3666600,
TX,21.99,22.09,21.73,22.08,252800,
TXCC,0.39,0.41,0.39,0.4,301900,
TXI,68.08,68.515,67.32,68.19,304300,
TXN,35.889999,36.34,35.68,36.119999,5691600,
TXRH,24.9,25.559999,24.809999,25.23,1196600,
TXT,27.16,27.32,26.9,27.18,2206300,
TYC,33.349997,33.9,33.32,33.749998,2607600,
TYD,40.439999,40.610001,40.439999,40.610001,2600,
TYL,70,70.489998,69.800003,70.040001,118300,
TYO,23.59,23.620001,23.43,23.450001,3600,
TYPE,24.459999,25.25,24.440001,25.17,203200,
TZA,30.809999,30.889999,29.65,29.870001,3439500,
TZOO,27.639999,27.85,27.440001,27.620001,64200,
UA,59.639999,60.25,59.43,60.060001,3271200,
UAL,32.18,32.48,31.84,32.419998,1163500,
UAM,9.27,9.77,9.27,9.77,198800,
UAN,23.190001,23.200001,22.65,22.790001,392400,
UBA,21,21.459999,21,21.370001,53000,
UBNT,16.959999,17.209999,16.709999,17.16,690500,
UBS,18.05,18.14,18.04,18.07,884400,
UBSI,25.41,25.879999,25.309999,25.719999,141400,
UBT,60.740002,61.700001,60.73,61.299999,6000,
UCO,31.510001,31.770002,31.24,31.660001,210000,
UCTT,6.32,6.42,6.32,6.42,62700,
UDN,26.82,26.92,26.82,26.9,28800,
UDOW,86.589996,88.980003,86.589996,88.529999,392200,
UDR,24.23,24.68,24.18,24.5,1076400,
UEC,2.05,2.06,2.02,2.04,381200,
UEPS,7.03,7.06,7.02,7.04,31000,
UFCS,27.76,28.52,27.549999,28.33,61900,
UFI,21.77,22.530001,21.74,22.379999,114800,
UFPI,43.200001,45.220001,42.860001,45.040001,141900,
UFS,71.830002,72.599998,71.550003,72.589996,350200,
UGA,57.400002,57.529999,57.080002,57.529999,31800,
UGI,38.860004,39.449999,38.650005,39.259995,511700,
UGL,55.720001,55.880001,54.700001,55.18,115100,
UGP,23.690001,23.860001,23.5,23.629999,223400,
UHAL,170.699997,173.899994,170.649994,173.149994,35800,
UHS,70,70.589996,69.699997,70.07,301700,
UIL,38.860001,39.52,38.610001,39.439999,290000,
UIS,21,21.25,20.709999,21.120001,218800,
UL,41.439999,41.73,41.360001,41.669998,762200,
ULE,24.83,24.92,24.799999,24.799999,1900,
ULTA,96,96.849998,95.769997,96.599998,542600,
ULTI,112.769997,116.190002,112.470001,115.970001,119500,
UMBF,52,52.73,51.669998,52.599998,104200,
UMC,2.18,2.22,2.18,2.22,1629700,
UMDD,64.989998,66.300003,64.690002,65.940002,46400,
UMPQ,14.41,14.6,14.36,14.55,485700,
UN,40.560001,40.810001,40.459999,40.77,1093700,
UNFI,53.889999,54.450001,53.630001,54.389999,199300,
UNG,20.780001,21.049999,20.59,20.82,4801900,
UNH,64.900002,65.709999,64.459999,65.68,5183300,
UNIS,3.15,3.18,3.09,3.16,91100,
UNL,18.65,18.719999,18.5,18.610001,19400,
UNM,28.450001,28.77,28.42,28.700001,1035500,
UNP,156.169998,158.100006,155.589996,157.949997,2066200,
UNS,46.83,47.31,46.15,47.05,120500,
UNT,44.700001,44.84,44.48,44.669998,180800,
UNTD,7.340027,7.500031,7.310028,7.460024,736800,
UNXL,15.72,16.200001,15.66,16.07,505700,
UPI,2.1,2.22,2.07,2.15,54700,
UPL,21.75,22.469999,21.73,22.120001,2104100,
UPRO,67.019997,68.769997,67.010002,68.470001,5559600,
UPS,86.800003,87.82,86.769997,87.43,2916200,
UQM,1.3,1.33,1.25,1.33,255300,
URA,17.92,18.15,17.889999,18.059999,36800,
URBN,40.73,41.07,40.549999,40.650002,1034300,
URE,77.470001,78.82,76.660004,77.800003,118600,
URI,49.450001,52.41,49.25,51.650002,3598900,
URRE,2.499999,2.649999,2.499999,2.529999,3600,
URS,47.97,48.87,47.97,48.56,347100,
URTY,55.529999,57.59,55.360001,57.040001,227400,
URZ,1.2,1.24,1.19,1.23,246900,
USAC,22.98,23.379999,22.870001,23.32,73400,
USB,35.220001,35.43,35.130001,35.349998,5994300,
USD,43.509998,44.720001,43.509998,44.43,17700,
USEG,1.910004,1.950004,1.910004,1.920004,16900,
USG,26.200001,26.49,25.76,26.190001,1187300,
USL,41.240002,41.32,41.07,41.310001,38400,
USM,33.450001,33.84,33.279999,33.619999,58200,
USMO,13.14,13.4,13.14,13.32,118800,
USNA,73.550003,74.730003,73.190002,74.580002,95200,
USO,34.849998,35.02,34.709999,34.959999,2554600,
UST,54.549999,54.779999,54.509998,54.720001,8800,
USTR,33.67,34.15,33.57,33.8,117900,
USU,0.33,0.33,0.3,0.31,40100,
UTEK,35.849998,37.029999,35.849998,37.02,128000,
UTHR,64.800003,65.879997,64.410004,65.669998,265600,
UTI,11.17,11.46,11.17,11.44,59700,
UTIW,15.38,15.75,15.16,15.75,375200,
UTSI,2.73,2.75,2.73,2.75,29500,
UTX,94.949997,96.419998,94.949997,96.169998,3084100,
UUP,21.93,21.93,21.83,21.860001,608200,
UVE,7.1,7.22,6.99,7.22,383000,
UVV,60.889999,61.689999,60.630001,61.459999,110200,
UVXY,70.040003,70.690003,68.550003,68.580003,6900,
UWM,61.849998,63.380001,61.75,63,550600,
UXI,74.379999,74.940004,74.33,74.589998,6300,
UYG,95.410004,97.209999,95.410004,96.709999,725800,
UYM,38,38.849998,38,38.619999,69900,
V,181.720001,185.229996,181.720001,184.009995,7579200,
VAC,44.709999,45.290001,44.619999,45.150002,312700,
VAL,69.220001,69.550003,68.790001,69.519997,306800,
VALE,14.07,14.47,14.05,14.31,22112900,
VALE.P,13.09,13.44,13.07,13.36,7503000,
VAR,69.93,70.870003,69.870003,70.860001,612600,
VASC,15.18,15.53,15.03,15.36,59200,
VAW,90.629997,91.18,90.559998,90.970001,29700,
VB,95.010002,95.970001,94.910004,95.779999,260800,
VBK,104.400002,105.529999,104.400002,105.209999,48000,
VBR,84.629997,85.580002,84.589996,85.410004,152800,
VC,64.800003,65.75,64.57,65.260002,272800,
VCBI,13.4,13.69,13.3825,13.56,52800,
VCI,26.18,26.42,26,26.2,298600,
VCIT,85.07,85.290001,85.029999,85.220001,234800,
VCLK,24.63,25.23,24.58,25.07,486600,
VCLT,86,86.68,85.970001,86.489998,89800,
VCR,91.169998,92.260002,91.169998,92.139999,47800,
VCRA,16.5,16.709999,16.139999,16.26,220900,
VDC,104.699997,105.18,104.400002,105.089996,60100,
VDE,115.610001,116.480003,115.419998,116.089996,138600,
VDSI,8.35,8.45,8.31,8.34,43200,
VE,12.46,12.58,12.45,12.51,193000,
VEA,37.650002,37.830002,37.630001,37.740002,2252400,
VECO,37.759998,38.27,37.310001,38.25,523200,
VELT,1.43,1.54,1.43,1.49,1488800,
VEU,46.610001,46.860001,46.59,46.75,730500,
VFC,188.289993,190.800003,187.800003,190.479996,1771200,
VFH,40.57,40.849998,40.470001,40.75,233300,
VG,2.82,2.83,2.76,2.78,544000,
VGK,51.880001,52.099998,51.849998,52.07,869500,
VGR,16.010047,16.080056,15.850052,16.040046,413600,
VGT,76.339996,76.949997,76.339996,76.82,132600,
VGZ,1.24,1.26,1.21,1.22,356900,
VHC,23.27,23.34,22.16,22.870001,592900,
VHS,13.13,13.32,12.93,12.98,219200,
VHT,87.949997,88.589996,87.82,88.529999,127000,
VIAB,67.089996,68,67.010002,67.599998,1780900,
VICL,2.98,3.1,2.98,3.08,92300,
VICR,5.25,5.51,5.22,5.26,97000,
VIG,68.150002,68.690002,68.080002,68.580002,906300,
VIIX,10.95,10.99,10.84,10.85,64900,
VIP,10.24,10.45,10.17,10.39,627200,
VIPS,32.8,33.49,32.66,32.99,3272000,
VIS,83.07,84.150002,83.07,84,41200,
VIV,24.1,24.360001,23.82,24.17,1048100,
VIVO,21.48,21.809999,21.139999,21.719999,146500,
VIX,16.809999,16.950001,16.459999,16.610001,0,
VIXM,27.1,27.25,26.98,27.110001,13700,
VIXY,54.650001,54.940003,54.100001,54.109998,87700,
VLCCF,6.6,6.89,6.53,6.71,170700,
VLO,37.93,38.240002,37.700001,38.07,5446900,
VLTR,13.96,14.18,13.86,13.93,116400,
VLY,8.97,9.03,8.89,8.97,583100,
VMC,54.57,54.66,53.880001,54.150002,512100,
VMI,140.259995,143.100006,139.559998,142.070007,244100,
VMW,69.910004,70.599998,69.860001,70.260002,1247500,
VNDA,11.21,11.52,10.76,10.92,1122400,
VNET,11.9,12.2,11.87,12.01,362000,
VNO,83.139995,84.480003,82.730004,83.990004,1085100,
VNQ,70.489998,71.199997,70.099998,70.739998,4303700,
VNQI,54.299999,54.799999,54.299999,54.709999,85200,
VNR,28.17,28.17,27.65,27.75,448600,
VNTV,26.110001,26.33,25.709999,26.209999,917100,
VO,96.699997,97.489998,96.660004,97.330002,145500,
VOC,13.43,13.88,13.36,13.81,74900,
VOCS,10.18,10.38,10.11,10.38,811700,
VOD,28.969999,28.979997,28.610002,28.710005,9161200,
VOE,69.949997,70.480003,69.839996,70.360001,126600,
VOLC,18.66,18.73,18.445,18.57,396800,
VOO,75.349998,76,75.349998,75.879997,1033300,
VOT,79.379997,80.080002,79.379997,79.949997,73300,
VOX,78.099998,79.779999,78.099998,79.629997,33600,
VOXX,11.55,11.85,11.54,11.82,77000,
VOYA,26.370001,26.790001,26.209999,26.67,675600,
VPFG,19.68,19.86,19.53,19.85,102100,
VPG,15.41,15.91,15.33,15.77,32300,
VPHM,29,29.06,28.1,28.69,1648200,
VPL,57.259998,57.700001,57.259998,57.419998,197200,
VPRT,47.54,47.79,47.05,47.56,160700,
VPU,83.230003,83.849998,82.949997,83.730003,145800,
VR,36.75,36.93,36.540001,36.68,1220500,
VRA,21.549999,21.85,21.549999,21.77,295400,
VRML,2.8,3,2.76,2.77,202200,
VRNG,3.02,3.03,2.96,3,68800,
VRNM,2.32,2.32,2.26,2.29,4500,
VRNT,33.990002,34.5,33.830002,34.43,267700,
VRS,1.04,1.15,1.03,1.14,10700,
VRSK,59.93,60.419998,59.560001,60.110001,537600,
VRSN,45.279999,45.630001,44.959999,45,2053500,
VRTU,23.129999,23.43,22.9,23.27,109600,
VRTX,79.080002,79.589996,77.449997,78.800003,1967900,
VRX,84.110001,88.669998,83.860001,85.860001,2442000,
VSAT,71.5,73.43,71.209999,73.339996,225500,
VSH,14.71,14.95,14.66,14.83,650900,
VSI,46.700001,47.18,46.529999,47.080002,309100,
VSS,93.68,94.199997,93.68,94.089996,31100,
VT,53.5,53.889999,53.459999,53.830002,330400,
VTI,84.790001,85.519997,84.790001,85.330002,2095100,
VTR,71.519997,71.989998,70.910004,71.669998,1496400,
VTSS,2.32,2.98,2.32,2.75,647600,
VTUS,2.3,2.3,2.18,2.19,195700,
VTV,69.43,69.93,69.389999,69.839996,652300,
VUG,80.220001,81.010002,80.220001,80.870003,306000,
VV,75.300003,75.910004,75.190002,75.790001,159000,
VVC,33.900002,34.400002,33.700001,34.32,177700,
VVI,25.66,26.719999,25.52,26.49,72800,
VVTV,5.3,5.4,5.22,5.32,599700,
VVUS,14,14.07,13.65,13.76,1224700,
VWO,39.919998,40.189999,39.810001,40.16,19146900,
VXEEM,27.42,27.65,26.07,26.19,0,
VXEWZ,33.85,34.85,32.62,32.67,0,
VXF,70.849998,71.580002,70.849998,71.389999,92200,
VXUS,48.18,48.349998,48.110001,48.240002,251600,
VXX,20.27,20.379999,20.049999,20.08,2462700,
VXZ,22.110001,22.209999,22,22.15,121700,
VYM,57.830002,58.27,57.82,58.18,679200,
VZ,50.830002,51.689999,50.759998,51.549999,11104200,
WAB,53.860001,54.130001,53.759998,53.98,536100,
WABC,45.380001,45.669998,45.09,45.470001,102700,
WAC,37.799999,38.189999,37.259998,37.98,531600,
WAFD,17.33,17.559999,17.27,17.43,247300,
WAG,50.41,51.1,50.16,50.9,3544036,
WAGE,31.15,32.139999,30.940001,32.040001,217900,
WAIR,18.290001,18.74,18.25,18.530001,368500,
WAL,14.35,14.46,14.08,14.3,928200,
WAT,100.25,102.690002,100.209999,101.900002,732500,
WBC,75.599998,76.589996,75.279999,76.449997,270900,
WBMD,28.639999,28.73,28.030001,28.09,431700,
WBS,24.120001,24.68,24.09,24.58,1145300,
WBSN,24.79,24.81,24.71,24.72,687300,
WCC,70.099998,70.599998,69.919998,70.349998,417500,
WCG,52.220001,54,52,53.98,534500,
WCN,41,41.709999,40.900002,41.639999,230400,
WCRX,19.76,19.88,19.64,19.76,3437600,
WD,18.1,18.25,17.879999,18.049999,98300,
WDAY,61.959999,62.799999,60.959999,61.200001,926300,
WDC,64.870003,65.25,64.599998,64.669998,2286600,
WDFC,56.5,57.869999,56.27,57.639999,24400,
WDR,46.990002,47.540001,46.849998,47.150002,435900,
WEAT,18.129999,18.280001,18.030001,18.25,34300,
WEC,41.450001,41.650002,41.240002,41.599998,1128600,
WEN,5.97,6,5.95,5.99,2247800,
WERN,24.469999,24.540001,24.18,24.52,731700,
WES,62,63.25,61.740002,63.25,321300,
WETF,12.4,12.4,11.97,12.3,1416800,
WEX,78.919998,80.720001,78.779999,80.540001,266100,
WFC,40.720001,40.970001,40.630001,40.84,15784400,
WFM,52.25,52.860001,52.25,52.73,2073300,
WFT,14.09,14.3,14.05,14.08,6994800,
WG,6.85,6.96,6.8,6.9,361800,
WGL,43.380001,44.049999,43.299999,43.860001,169400,
WGO,20.969999,21.290001,20.65,21.08,241500,
WHR,130.020004,130.339996,127.949997,129.610001,456900,
WHX,2.28,2.28,2.28,2.28,0,
WHZ,13.48,13.73,13.39,13.65,158600,
WIBC,6.59,6.65,6.55,6.64,149700,
WIFI,6.39,6.51,6.39,6.51,158100,
WILN,4.28,4.33,4.23,4.32,6000,
WIN,8.17,8.28,8.08,8.09,5305727,
WIRE,34.240002,35.400002,34.23,35.110001,41000,
WIT,7.5,7.55,7.37,7.38,333400,
WLB,11.34,11.6,11.34,11.48,29000,
WLH,25.360001,25.5,24.9,24.93,225100,
WLK,97.440002,98.239998,97.080002,97.93,752600,
WLL,48.919998,49.310001,48.580002,48.66,907500,
WLP,78.76,79.79,78.71,79.64,1609900,
WLT,12.36,13.93,12.18,13.63,25730300,
WM,40.540001,40.93,40.400002,40.849998,1237100,
WMAR,11.89,12.02,11.75,11.99,17600,
WMB,33.150002,33.48,33.07,33.240002,7176100,
WMC,18.6,19.1,18.379999,18.809999,835600,
WMGI,16.700001,17.030001,16.5,17.02,160300,
WMS,25.65,25.7,25.56,25.57,1172900,
WMT,75,75.879997,74.800003,75.730003,6739700,
WNC,9.65,9.98,9.58,9.94,447700,
WNR,30.190001,30.92,29.98,30.65,1071400,
WOOF,26.07,26.32,25.99,26.190001,705700,
WOR,34.18,34.630001,34.060001,34.25,363000,
WPC,69.029999,69.870003,68.650002,69.57,218700,
WPP,11.84,11.9,11.69,11.8,182900,
WPPGY,88.010002,89.050003,87.849998,88.889999,27600,
WPRT,29.75,30.4,29.58,30.040001,323800,
WPX,19.73,20.41,19.709999,20.35,1677000,
WPZ,45.779994,47.039996,45.490002,46.810003,215100,
WR,31.780001,32.130001,31.59,32.119999,717400,
WRB,41.66,41.939999,41.59,41.77,361400,
WRE,26.700001,27.26,26.540001,27.059999,335800,
WRES,2.68,2.77,2.68,2.75,383000,
WRI,31.65,31.93,31.41,31.709999,459500,
WRLD,93.330002,94.949997,91.75,92.730003,105900,
WRLS,12.59,12.59,12.56,12.56,1670700,
WSH,41.16,42.139999,41.16,42,1877100,
WSM,56.150002,56.810001,55.950001,56.779999,523700,
WSO,86.440002,87.529999,85.800003,86.970001,118000,
WSR,16.799999,17.049999,16.690001,16.93,84300,
WST,67.919998,68.529999,67.449997,68.169998,216800,
WSTC,23.469999,23.549999,22.969999,23.52,494200,
WTFC,36.93,37.299999,36.799999,37.169998,140900,
WTI,14.8,14.88,14.64,14.79,499500,
WTR,31.559999,31.71,31.400001,31.700001,489500,
WTS,47.299999,47.959999,47.080002,47.709999,119400,
WTSL,4.87,4.91,4.84,4.88,971800,
WTW,44.25,44.450001,43.93,44.150002,343300,
WU,16.98,17.129999,16.969999,17.129999,5566400,
WWAV,16.84,16.969999,16.719999,16.83,1711500,
WWD,40.91,41.009998,40.650002,40.91,328600,
WWE,9.98,10.08,9.95,10.06,108800,
WWW,52.060001,52.700001,51.950001,52.560001,304800,
WWWW,22.299999,22.700001,22.299999,22.49,238000,
WX,21.190001,21.469999,21.09,21.389999,163000,
WY,28.5,28.77,28.030001,28.24,14434500,
WYN,59.189999,60.040001,59.16,59.610001,967900,
WYNN,138.869995,140.399994,138.580002,139.300003,955100,
X,17.4,18.049999,17.309999,17.860001,6227100,
XAU,102.29,102.59,99.97,100.32,0,
XBI,105.330002,106.709999,104.449997,106.119999,709200,
XCO,7.850001,7.980005,7.77,7.820004,1767400,
XDA,94.58,95.16,94.51,94.89,0,
XDB,156.31,156.56,155.66,156.41,0,
XDC,0.459,0.459,0.459,0.459,0,
XDE,133.75,134.16,133.38,133.96,0,
XDN,104.93,105.22,104.43,104.84,0,
XDS,108.61,108.97,108.23,108.71,0,
XEC,72.529999,73.230003,72.099998,72.379997,1047700,
XEL,29.43,29.469999,29.120001,29.360001,3892400,
XEO,737.830017,744.280029,737.830017,743.119995,0,
XES,40.599998,40.84,40.450001,40.68,46400,
XHB,31.32,31.65,31.07,31.57,5088000,
XIDE,0.26,0.27,0.23,0.23,6114900,
XIN,4.51,4.64,4.45,4.58,226200,
XL,31.219999,31.700001,31.15,31.690001,1078400,
XLB,40.360001,40.630001,40.299999,40.57,4159700,
XLE,80.949997,81.769997,80.919998,81.519997,7741700,
XLF,19.759999,19.92,19.74,19.870001,42143000,
XLI,43.66,44.259998,43.650002,44.150002,8798300,
XLK,31.73,32,31.709999,31.92,6318800,
XLNX,39.48,40.240002,39.459999,40.200001,3111800,
XLP,41.060001,41.259998,40.93,41.209999,8441200,
XLS,12.92,13.27,12.9,13.23,1249700,
XLU,38.200001,38.43,38.02,38.380001,11686600,
XLV,48.630001,49.099998,48.630001,49.060001,7399700,
XLY,56.700001,57.330002,56.700001,57.240002,4659800,
XME,35.650002,36.07,35.599998,35.91,1133100,
XNPT,5.15,5.46,5.14,5.43,476700,
XOM,91.360001,92.059998,91.260002,91.93,10678200,
XOMA,3.85,3.98,3.81,3.84,711300,
XOOM,20.82,22.57,20.35,21.790001,245200,
XOP,61.02,61.619999,60.889999,61.380001,2680800,
XOXO,10.74,11.15,10.73,11.14,45200,
XPO,17.18,17.42,17.16,17.190001,113800,
XPP,44.950001,45.189999,44.599998,45.009998,17000,
XRA,0.75,0.76,0.71,0.73,150800,
XRAY,41.599998,41.91,41.540001,41.779999,507300,
XRM,10.97,11.23,10.77,10.85,239600,
XRS,10.19,10.47,10.19,10.29,134400,
XRT,77.919998,78.790001,77.919998,78.790001,11364400,
XRTX,10.32,10.32,10.06,10.17,54000,
XRX,9.2,9.61,9.19,9.49,14856800,
XSD,53.639999,54.580002,53.639999,54.470001,69000,
XSP,163.98,165.42,163.98,165.18,0,
XTEX,20.39,20.4,20.22,20.35,382400,
XTXI,20.96,21.04,20.61,20.94,169600,
XUE,3.15,3.15,3.07,3.1,108400,
XXIA,16.58,17.030001,16.530001,16.860001,695600,
XYL,27.360001,27.67,27.35,27.66,666700,
YANG,49.490003,49.490003,47.630003,48.080003,1600,
YAO,23.120001,23.18,23.120001,23.18,2200,
YCL,22.889999,23.059999,22.700001,22.879999,1100,
YCS,59.549999,59.68,58.970001,59.290001,673800,
YELP,31.950001,32.110001,31.4,31.549999,721700,
YGE,3.27,3.33,3.14,3.15,401700,
YHOO,26.57,26.889999,26.51,26.66,9710700,
YINN,16.719999,17.209999,16.719999,17.09,37900,
YNDX,27.5,27.950001,27.43,27.639999,1485500,
YOKU,20.559999,20.950001,20.530001,20.68,664600,
YONG,5,5.12,4.98,5.11,1537300,
YPF,14.84,14.98,14.56,14.78,341700,
YRCW,22.51,23.33,22.5,23.25,299000,
YUK,95.440002,95.760002,95.059998,95.389999,0,
YUM,71.770001,72.620003,71.770001,72.220003,2421700,
YZC,8.52,8.52,8.43,8.47,320400,
Z,56,57.540001,55.540001,56.740002,511100,
ZAGG,5.58,5.63,5.43,5.51,703200,
ZAZA,1.41,1.44,1.39,1.4,22900,
ZBRA,45.400002,45.880001,45.310001,45.639999,114800,
ZEP,16.25,16.59,16.110001,16.540001,36900,
ZEUS,25.030001,25.73,24.950001,25.379999,81900,
ZINC,12.32,12.48,12.22,12.47,265500,
ZION,27.040001,27.42,26.870001,27.309999,1516300,
ZIOP,1.95,2.02,1.92,1.94,460500,
ZIXI,4.07,4.23,3.99,4.15,629900,
ZLC,9.62,9.69,9.3,9.4,805800,
ZLTQ,6.16,6.42,6.08,6.34,85100,
ZMH,79.580002,80.550003,79.519997,79.790001,861700,
ZN,2.27,2.99,2.25,2.6,1424700,
ZNGA,2.86,2.91,2.86,2.89,8365100,
ZNH,21.360001,21.530001,21.32,21.49,17200,
ZOLT,13.11,13.43,13.08,13.35,126400,
ZQK,6.4,6.46,6.33,6.46,1507700,
ZROZ,97.550003,98.809998,97.550003,98.360001,10300,
ZSL,84.830002,86.800003,84.43,86.010002,525800,
ZTS,31.33,31.389999,30.950001,31.18,24286200,
ZUMZ,29.08,29.23,28.809999,29,283200,
ZX,2.82,2.82,2.71,2.75,9100,
ABCB,16.34,16.469999,16.24,16.450001,26200,
ACCL,8.18,8.18,8.05,8.09,163900,
ACPW,4.29,4.39,4.25,4.26,263400,
ACWX,42.990002,43.220001,42.990002,43.110001,510300,
AKR,25.549999,25.98,25.469999,25.77,219400,
AONEQ,0.0295,0.0295,0.027,0.0273,2191600,
ARSD,8.25,8.45,8.15,8.38,56200,
ASTM,16.63,16.63,16.63,16.63,0,
ASX,4.16,4.17,4.13,4.17,609200,
ATEC,1.959999,2.089999,1.959999,2.089999,18200,
ATRC,9.19,9.25,9.04,9.12,58700,
AVNW,2.739999,2.819999,2.699999,2.819999,21400,
BFIN,8.01,8.21,8.01,8.15,19600,
BFR,4.02,4.05,3.92,4.04,32700,
BIL,45.799999,45.810001,45.799999,45.799999,339400,
BIN,22.16,22.280001,21.99,22.190001,50500,
BIS,38.479999,38.800001,37.500001,37.500001,1200,
BKEP,8.75,8.92,8.34,8.75,28700,
BRB,218.369995,218.570007,216.020004,217.929993,0,
BSQR,2.66,2.69,2.65,2.68,4400,
CBRX,0.64,0.65,0.64,0.64,36500,
CERP,0.02,0.02,0.02,0.02,8703500,
CHGS,0.15,0.19,0.15,0.19,135800,
CIR,51.529999,53.5,51.41,53.450001,60600,
CIU,109.230003,109.309998,109.089996,109.300003,217500,
CLUB,10.83,11.05,10.73,10.98,103100,
CMLS,3.46,3.57,3.44,3.53,494900,
CNDA,20.84,20.84,20.77,20.77,2700,
COBZ,8.36,8.44,8.24,8.42,397300,
COOL,0.590012,0.650013,0.590012,0.650013,9400,
CRAI,18.5,18.75,18.5,18.57,20600,
CRDC,1.16,1.19,1.13,1.19,9300,
CREG,1.03,1.15,1.02,1.11,12900,
CROP,26.41,26.459999,26.41,26.42,700,
CSFL,8.83,9.03,8.65,8.97,33600,
CSHZ,0.06,0.08,0.06,0.08,144000,
CSJ,105.25,105.330002,105.169998,105.300003,318300,
CWB,43.110001,43.330002,42.939999,43.189999,340200,
DCOM,14.65,14.82,14.51,14.74,55200,
DGT,61.16,61.529999,61.16,61.529999,4400,
DMB,13.3,13.3,12.5,12.58,115200,
DQ,8.5,8.95,8.5,8.9,60400,
DRCO,5.05,5.17,5.05,5.11,7800,
EGI,0.38,0.38,0.34,0.36,46100,
ELS,79.199997,80.169998,78.440002,79.379997,231400,
EUFX,36.889999,36.889999,36.810001,36.830002,4000,
FCBC,15.38,15.65,15.32,15.53,17600,
FCF,6.94,7.01,6.92,7,480700,
FDML,10.28,10.64,10.12,10.3,282200,
FELE,34.860001,35.509998,34.700001,35.48,107000,
FMD,1.23,1.24,1.19,1.22,34300,
FOL,3.23,3.23,3.23,3.23,0,
FORX,47.970001,48.68,47.970001,48.59,4500,
FSCI,41,41.35,40.99,41.33,49200,
FTC,35.279999,35.529999,35.27,35.490002,10300,
GBLI,23.219999,24.299999,22.950001,23.85,32800,
GGAL,5.37,5.42,5.3,5.33,75400,
GIB,30.18,30.860001,30.18,30.610001,127500,
GLDI,16.559999,16.559999,16.34,16.393999,55400,
GLDX,15,15,14.52,14.55,24300,
GMXRQ,0.21,0.22,0.21,0.21,2100,
GSE,1.1,1.1,1.1,1.1,0,
GSIG,8.67,8.78,8.63,8.65,100100,
GSIT,6.36,6.47,6.36,6.46,48400,
GTS,22.870001,23.219999,22.77,22.870001,172900,
GUNR,33.349998,33.400002,33.23,33.349998,153300,
GWX,30.129999,30.18,30.1,30.139999,52900,
HCKT,4.9,5.04,4.89,5.02,58200,
HDNG,14.05,14.34,14.01,14.33,31500,
HDSN,3.54,3.569,3.5,3.52,135376,
HGR,32.049999,33.650002,31.799999,33.41,241300,
HSON,2.49,2.49,2.28,2.47,74000,
IBCA,6.74,6.76,6.56,6.71,34800,
ICFI,30.690001,31.299999,30.68,31.139999,61200,
IEFA,54.540001,54.75,54.43,54.599998,32300,
INOD,3.19,3.27,3.19,3.24,60400,
IPCC,55.849998,58.869999,55.849998,58.400002,39800,
ISIG,1.95,1.97,1.89,1.89,24400,
KIPO,6.34,6.7,6.34,6.65,25200,
KITDQ,0.38,0.39,0.38,0.39,70100,
KMPR,33.580002,33.650002,33.34,33.549999,183800,
LDL,14.27,14.64,14.27,14.6,54300,
LEDR,10.7,10.79,10.61,10.65,119000,
LEDS,1.82,1.83,1.7,1.75,79900,
LOJN,3.36,3.45,3.01,3.35,92000,
LPTN,4.640002,4.750002,4.570002,4.570002,100,
LYTS,7.78,7.89,7.68,7.75,38500,
MCS,12.44,12.57,12.4,12.55,53800,
MGEE,55.000008,55.919998,54.850004,55.620003,56500,
MGRC,33.709999,33.91,33.599998,33.759998,89000,
MPX,7.17,7.2,6.99,7.2,11500,
NEWN,0.1,0.18,0.1,0.18,48000,
NJR,44.060001,44.75,44,44.400002,563800,
NPBC,9.6,9.84,9.54,9.83,790000,
NZD,125.339996,125.5,124.660004,125.129997,0,
OTEL,9.51,9.66,9.5,9.65,7700,
PPBI,11.66,11.78,11.55,11.71,46400,
PRGX,5.57,5.61,5.51,5.58,43600,
PRO,31.459999,31.84,31.4,31.49,67400,
PWAVQ,0.0149,0.0149,0.0103,0.0103,97500,
QRM,0.46,0.488,0.46,0.48,19800,
QTEC,29.370001,29.6,29.370001,29.549999,9900,
RNWK,7.37,7.48,7.35,7.47,47200,
RPT,15.43,15.78,15.28,15.63,230800,
RWL,32.09,32.290001,32.040001,32.220001,13700,
SBLK,5.56,5.76,5.56,5.72,2100,
SCMR,0.5,0.51,0.49,0.49,137200,
SIGI,23.309999,23.6,23.18,23.530001,88600,
SIJ,19.379999,19.719999,19.26,19.309999,2100,
SKA,64.900002,65.089996,64.330002,64.400002,0,
SMCI,11.1,11.5,11.01,11.29,144900,
SMTX,2,2.07,1.98,2.07,16900,
SNBC,3.08,3.19,3.08,3.18,7000,
SOCL,14.99,15.01,14.94,14.97,4100,
STAN,21.16,21.65,21.12,21.63,29600,
STL,9.23,9.3,9.13,9.26,74500,
STNR,49.900002,51.950001,49.900002,51.82,28500,
SWS,5.63,5.82,5.63,5.81,51100,
SYMX,0.92,0.96,0.92,0.95,4500,
SYPR,3.29,3.29,3.2,3.22,28600,
TACT,8,8,7.86,7.86,1400,
TFI,23.35,23.370001,23.34,23.360001,137700,
TGE,7.27,7.27,7.27,7.27,0,
THR,20.700001,20.809999,20.6,20.709999,155500,
TMS,15.81,15.85,15.54,15.6,92000,
TPI,0.5,0.51,0.48,0.5,86100,
TRNO,18.58,18.6,18.379999,18.549999,77500,
TRST,5.37,5.42,5.35,5.41,192500,
TSTC,0.3,0.33,0.291,0.33,413200,
UAMY,1.06,1.12,1.05,1.11,129300,
UBNK,13.2,13.39,13.2,13.33,97500,
UCBI,11.96,12.09,11.78,11.92,498400,
ULBI,3.67,3.8,3.55,3.8,9600,
USMV,33.32,33.52,33.290001,33.490002,496000,
USPH,30.139999,31.559999,30.139999,31.370001,96400,
UTY,0.02,0.02,0.02,0.02,0,
WAVX,0.4,0.44,0.4,0.43,4800,
WWAV.B,16.68,16.76,16.45,16.56,1331800,
XDZ,79.73,80.22,79.67,80.03,0,
ZOOM,0.38,0.4,0.38,0.38,1400,