symbol,open,high,low,close,volume,adjust_close
A,44.339999,44.569999,43.85,44,2345400,
AA,8.259992,8.299991,8.109992,8.119992,5555400,
AACC,6.51,6.51,6.51,6.51,0,
AAMRQ,4.63,4.77,4.53,4.55,3971600,
AAN,28.200001,28.379999,28.07,28.25,273700,
AAON,32.629995,32.839987,32.179996,32.280008,173700,
AAP,82.610001,83.639999,81.639999,82.480003,521900,
AAPL,435.400005,436.290012,428.500008,430.050003,67966500,
AAT,31.940001,32.130001,31.450001,31.559999,123800,
AAU,1.73,1.74,1.63,1.69,58100,
AAV,4.39,4.4,4.22,4.33,433100,
AAWW,47.139999,47.790001,45.869999,46.110001,126400,
AAXJ,56.060001,56.330002,55.619999,55.740002,281400,
AB,24.66,24.84,24.18,24.309999,245600,
ABAX,46.259998,46.73,46.110001,46.529999,100800,
ABB,21.860001,21.959999,21.73,21.82,761300,
ABBV,42.98,43.5,42.5,43.209999,4078500,
ABC,54.439999,55.209999,54.400002,54.93,1985300,
ABCO,53.23,53.540001,52.200001,53.330002,130900,
ABFS,19.81,20.27,19.6,19.72,342000,
ABG,40.82,41.18,40.09,40.18,127900,
ABM,24.48,24.540001,24.129999,24.139999,190300,
ABMD,21.52,21.799999,21.35,21.610001,419900,
ABR,6.81,6.89,6.75,6.77,141400,
ABT,36.68,37.099998,36.59,36.810001,4817800,
ABV,36.69,37.19,36.52,36.79,21602600,
ABX,19.969999,20,19.459999,19.5,9362400,
ACAD,19.629999,19.799999,18.24,19.309999,4840600,
ACAS,13.35,13.57,13.33,13.43,3240300,
ACAT,46.27,46.689999,46.119999,46.360001,53200,
ACC,39.349998,40.080002,39.27,39.59,569300,
ACCO,7.1,7.1,6.75,6.8,789400,
ACE,89.68,89.970001,88.519997,88.550003,1193100,
ACET,12.98,13.04,12.65,12.7,74000,
ACFN,8.12,8.45,7.97,8.08,61600,
ACGL,51.73,51.900002,51.360001,51.529999,307300,
ACH,8.53,8.57,8.32,8.37,460500,
ACHC,34,34.34,33.869999,34.049999,473400,
ACHN,7.68,7.83,7.65,7.7,556500,
ACI,4.44,4.45,3.98,4.24,2061800,
ACIW,43.600001,43.77,43.290001,43.640001,442500,
ACLS,1.79,1.8,1.7,1.71,126800,
ACM,30.620001,31.08,30.530001,30.57,407300,
ACMP,44.39,46.24,44.39,45.64,303400,
ACN,80.910004,81.650002,80.32,80.550003,1367400,
ACO,31.67,31.7299,30.83,30.97,39900,
ACOR,33.759998,34.389999,33.34,34.029999,197500,
ACRE,15.84,16.08,15.8,15.99,55500,
ACRX,9.26,9.91,9.14,9.63,313400,
ACT,126.209999,127.5,125.639999,126.449997,795200,
ACTG,24.98,24.99,24.690001,24.700001,321800,
ACTV,7.46,7.58,7.2299,7.25,393700,
ACUR,2.15,2.199,2.14,2.14,196712,
ACW,5.29,5.29,5.01,5.08,78700,
ACWI,51.740002,51.970001,51.41,51.470001,820500,
ACXM,22.780001,22.99,22.5,22.620001,284000,
ADBE,43.330002,43.57,42.700001,42.84,2320100,
ADC,31.5,31.790001,30.98,31.129999,71800,
ADES,37.96,38.66,37.7,37.7,103000,
ADI,45.139999,45.419998,44.82,44.950001,1413100,
ADM,33.310001,33.689999,33.02,33.080002,2263300,
ADNC,13.49,13.62,13.33,13.5,165700,
ADP,68.050005,68.540005,67.850003,68.010005,1620400,
ADS,179.539993,181,177.119995,177.789993,616300,
ADSK,35.970001,35.970001,35.02,35.09,2341000,
ADT,38.830002,39.490002,38.73,39.41,4755000,
ADTN,24.299999,24.41,23.57,23.709999,537400,
ADVS,33.650002,33.91,32.509998,32.849998,425900,
ADY,7.38,7.39,7.35,7.39,18800,
AEC,15.83,16.139999,15.76,16.030001,579000,
AEE,33.669998,34.279999,33.669998,34.099998,1296500,
AEG,6.83,6.88,6.74,6.78,975900,
AEGN,23.190001,23.25,22.65,22.82,68400,
AEGR,69.120003,69.849998,66.480003,66.809998,626600,
AEIS,17.99,18.01,17.09,17.33,256600,
AEL,16.35,16.450001,16.09,16.209999,444900,
AEM,31.200001,31.24,30.040001,30.08,1371100,
AEO,19.27,19.33,18.99,19.049999,1644300,
AEP,45.799999,46.18,45.459999,45.509998,3946000,
AER,16.73,16.940001,16.52,16.559999,275200,
AERL,3.72,3.8,3.71,3.75,123600,
AES,12.41,12.5,12.29,12.36,2304400,
AET,61.509998,61.919998,60.349998,60.529999,3076900,
AF,9.98,10.03,9.89,9.91,361700,
AFAM,19.889999,20.129999,19.629999,19.66,15700,
AFCE,34.39,34.64,34.15,34.45,93600,
AFFX,3.66,3.67,3.51,3.54,319900,
AFFY,1.2,1.25,1.05,1.1,1348200,
AFG,49.32,49.32,48.509998,48.580002,310000,
AFL,57.700001,58.459999,57.16,57.509998,2762300,
AFSI,33.980001,34.880001,33.860001,34.800001,1038000,
AG,11.18,11.23,10.8,10.83,773000,
AGCO,54.419998,54.419998,53.779999,53.919998,547700,
AGEN,3.62,3.72,3.57,3.7,141700,
AGG,108.82,109,108.779999,108.779999,1219800,
AGII,41.27,41.490002,40.900004,41.110003,45900,
AGM,29.450001,29.450001,28.82,28.870001,15200,
AGN,126.209999,127.5,125.639999,126.449997,795200,
AGNC,26.120001,26.200001,25.51,25.52,8767300,
AGO,22.549999,22.98,22.049999,22.1,3579600,
AGQ,21.74,21.969999,21.549999,21.75,440500,
AGRO,6.88,7.07,6.86,6.99,246400,
AGU,89.480003,89.980003,88.379997,88.800003,534200,
AGX,16.52,16.870001,16.32,16.450001,32100,
AGYS,13.8,13.81,13.55,13.61,95500,
AH,20.3,20.8,20.3,20.7,420400,
AHGP,61.490002,62.150002,60.509998,60.950001,40400,
AHH,11.49,11.49,11.3,11.45,73100,
AHL,37.130001,37.16,36.869999,36.93,403700,
AHS,14.85,14.93,14.31,14.34,143100,
AHT,13.649993,14.019998,13.590003,13.990003,619300,
AI,28.110001,28.42,28.040001,28.059999,147900,
AIG,45.900002,46.450001,45.259998,45.380001,12433200,
AIMC,27.440001,27.84,26.66,26.780001,64200,
AIN,33.5,33.619999,32.700001,33,65100,
AINV,8.15,8.18,8.05,8.11,1733500,
AIR,21.66,21.68,21.18,21.360001,136600,
AIRM,38.75,39.52,38.68,39.09,474100,
AIT,48.400002,48.48,48.009998,48.259998,77700,
AIV,29.17,29.469999,28.700001,28.93,1192200,
AIXG,16.74,16.790001,16.450001,16.5,48800,
AIZ,50.860001,51.099998,50.380001,50.560001,522900,
AJG,44.279999,44.490002,44.130001,44.349998,466700,
AKAM,42.68,43.169998,42.09,42.560001,1614200,
AKG,2.56,2.58,2.46,2.49,37600,
AKRX,13.55,13.72,13.47,13.55,437900,
AKS,3.65,3.8,3.52,3.57,6948100,
AL,27.940001,28.08,27.59,27.74,267800,
ALB,63.389999,63.689999,62.900002,62.98,409600,
ALC,11.94,11.95,11.93,11.93,140500,
ALDW,25.42,25.719999,25.049999,25.15,118000,
ALE,48.529999,48.799999,48.41,48.48,108800,
ALEX,37.130001,37.259998,36.580002,36.93,126600,
ALGN,34.869999,35.259998,34.080002,35.02,509600,
ALGT,101.349998,102.25,100.5,100.949997,63400,
ALIM,4.81,5.13,4.81,5.05,178700,
ALJ,16.610001,16.76,16.25,16.280001,422400,
ALK,56.93,57.720001,55.73,56.02,993400,
ALKS,29.530001,30.190001,28.620001,29.4,1784700,
ALL,47.419998,47.549999,46.77,46.869999,2723400,
ALLT,12.25,12.47,12.12,12.21,261000,
ALNY,30.469999,31.1,30.1,30.110001,377500,
ALOG,75.419998,75.419998,74.550003,74.980003,24800,
ALR,25.620001,25.84,25.43,25.530001,149200,
ALSK,1.73,1.77,1.73,1.74,176100,
ALSN,23.34,23.549999,23.01,23.07,118500,
ALTR,32.549999,32.880001,32.169998,32.290001,3114100,
ALU,1.9,1.91,1.88,1.88,11710600,
ALV,77.860001,78.25,77,77.290001,707300,
ALXA,4.62,4.74,4.62,4.64,117100,
ALXN,92.949997,93.43,91.129997,92.220001,940900,
AM,18.38,18.42,18.38,18.39,69000,
AMAG,21.049999,21.190001,20.24,20.51,93800,
AMAT,15.62,15.75,15.38,15.41,10417700,
AMBA,17.059999,17.75,16.9,17.469999,819300,
AMBC,24.92,24.940001,24.32,24.440001,253600,
AMCC,7.89,7.95,7.73,7.78,214200,
AMCN,1.8,1.81,1.72,1.77,50500,
AMCX,64,64.43,63.799999,63.860001,244600,
AMD,3.98,4.04,3.91,3.94,14395600,
AME,42.599998,42.779999,42.240002,42.759998,1042300,
AMED,13.58,13.81,13.4,13.41,174800,
AMG,169.279999,169.720001,165.009995,165.850006,439900,
AMGN,98.230003,98.900002,96.919998,97.419998,3126400,
AMJ,45.880001,46.509998,45.450001,46.400002,642400,
AMKR,4.44,4.5,4.38,4.38,481800,
AMLP,17.65,17.65,17.389999,17.58,3154900,
AMP,82.839996,83.110001,81.5,81.860001,1501000,
AMPE,5.97,6.26,5.86,6.22,465100,
AMRC,8.83,8.9,8.76,8.8,130200,
AMRI,11.88,12,11.4,11.83,197600,
AMRN,6.78,6.94,6.75,6.76,2110700,
AMRS,2.75,2.81,2.73,2.79,102800,
AMSC,2.57,2.58,2.35,2.35,167800,
AMSG,36.529999,36.529999,35.919998,35.970001,43200,
AMSWA,8.46,8.46,8.31,8.35,19500,
AMT,76.190002,78.349998,76.190002,77.330002,3522400,
AMTD,23.83,23.9,23.379999,23.5,3160600,
AMTG,18.49,18.74,18.110001,18.27,450300,
AMWD,35.16,35.669998,34.68,34.950001,242800,
AMX,20.1,20.200001,19.870001,20.129999,6543300,
AMZN,275,277.070007,273.440002,273.98999,2150800,
AN,43.869999,44.75,43.59,44.07,891800,
ANAC,5.65,5.72,5.25,5.25,188600,
ANAD,2.13,2.14,2.08,2.11,526200,
ANDE,53.070002,53.359995,51.570002,52.000008,122800,
ANEN,24,24,23.55,23.76,12400,
ANF,49.630001,49.810001,48.18,48.759998,1639000,
ANGI,26,26.35,25.58,25.85,503700,
ANGO,11.13,11.13,10.95,11.04,31700,
ANH,5.83,5.93,5.76,5.79,1323400,
ANIK,15.84,15.96,15.3,15.68,50500,
ANN,32.25,32.369999,31.18,31.48,955200,
ANR,6.31,6.33,5.83,6,16761300,
ANSS,73.739998,74.389999,73.510002,73.529999,208700,
ANV,7.78,7.8,7.55,7.61,1578400,
ANW,9.84,9.84,9.59,9.61,148000,
AOI,3.88,3.89,3.8,3.82,10600,
AOL,35.619999,36.209999,35.509998,36.040001,751100,
AON,65.540001,65.699997,64.830002,64.889999,1113200,
AOS,38.560001,38.860001,38.34,38.57,562600,
AOSL,7.47,7.75,7.47,7.69,62500,
APA,85.440002,85.610001,84.489998,84.889999,2514400,
APAM,53.439999,54.299999,52.610001,53.029999,142000,
APC,87.739998,87.769997,85.690002,86.110001,2014600,
APD,95.729998,96.590001,95.250001,96.349994,2486900,
APEI,39.709999,39.75,38.509998,38.540001,76200,
APH,77.199997,77.300003,76.18,76.199997,733600,
APL,38.22,39.56,38.1,39,615000,
APO,24.030001,24.09,23.280001,23.700001,566800,
APOG,25.959999,26.18,25.379999,25.58,83100,
APOL,21.530001,21.84,20.889999,21.049999,1061000,
APP,2,2,1.96,1.96,166500,
APRI,2.85,2.85,2.76,2.79,223700,
APU,47.080002,47.5,46.599998,47.439999,82500,
ARAY,5.86,5.88,5.73,5.81,363600,
ARB,46.95,46.95,46.79,46.82,171100,
ARCC,16.860001,16.959999,16.75,16.93,2081500,
ARCO,13.06,13.08,12.79,12.81,352500,
ARCP,14.69,15.2,14.62,14.81,4315200,
ARE,67.150002,68.470001,66.989998,67.75,513200,
AREX,24.75,25.200001,24.27,24.280001,168500,
ARG,96.5,97.18,95.269997,95.940002,697400,
ARI,16.75,17,16.57,16.66,203000,
ARIA,18.110001,18.16,17.559999,18.07,2322100,
ARII,33.279999,33.459999,32.580002,32.869999,193400,
ARLP,69.300003,70.93,69.300003,70.550003,108000,
ARMH,40.540001,40.830002,40.400002,40.470001,810000,
ARNA,8.3,8.3,7.7,7.78,8969600,
ARO,14.19,14.21,13.75,13.78,2433400,
ARP,22.549999,22.6,22.35,22.49,699400,
ARPI,19.6,19.620001,19.209999,19.26,475900,
ARQL,2.38,2.42,2.34,2.36,316600,
ARR,4.97,4.99,4.82,4.83,843400,
ARRS,14.43,14.54,14.22,14.32,875000,
ARRY,4.79,5.05,4.78,5.01,1905500,
ARTC,35.05,35.43,34.76,35.26,131500,
ARUN,14.35,14.78,14.26,14.62,1749100,
ARW,39.439999,40.009998,39.439999,39.790001,472200,
ARX,7.74,7.74,7.45,7.52,16200,
ASA,13.9,13.94,13.74,13.83,79600,
ASBC,15.33,15.39,15.05,15.08,646500,
ASCA,26.25,26.25,26.19,26.2,183800,
ASEI,59.779999,60.299999,58.75,59,12300,
ASFI,8.72,8.9,8.5,8.56,27500,
ASGN,26.34,26.57,26.17,26.24,193300,
ASH,86.769997,87.029999,85.879997,86.220001,411900,
ASIA,11.64,11.67,11.61,11.61,92100,
ASMI,35.040001,35.040001,34.509998,34.509998,2700,
ASML,80.099998,80.5,79.75,79.769997,676900,
ASNA,17.9,17.969999,17.67,17.700001,1213300,
ASPS,96.519997,97.449997,96.260002,97.199997,193900,
ASR,108.419998,112.730003,108.400002,112.559998,88600,
ASTE,35.139999,35.150002,34.169998,34.41,24000,
ASTI,0.75,0.76,0.72,0.72,33700,
ASTX,4.73,4.8,4.42,4.53,711900,
ASYS,5.2,5.33,5.15,5.17,22000,
AT,4.77,4.88,4.75,4.84,652500,
ATAX,6.88,6.9,6.76,6.87,43400,
ATHN,89.190002,89.190002,88.190002,88.540001,197200,
ATHX,1.61,1.66,1.6,1.62,118200,
ATI,28.059999,28.24,27.469999,27.65,1092500,
ATK,79.72,79.91,78.93,79.48,121900,
ATLC,3.63,3.68,3.52,3.54,4800,
ATLS,14.72,14.72,14.53,14.57,538936,
ATMI,24.32,24.32,23.98,24.05,99900,
ATML,7.65,7.77,7.59,7.74,7190200,
ATNI,50.27,50.700001,49.5,49.650002,48500,
ATO,40.810001,40.950001,40.450001,40.580002,408900,
ATPAQ,0.082,0.0825,0.078,0.081,123200,
ATR,57.259998,57.34,56.810001,57.040001,68200,
ATRS,4.04,4.1,4,4.09,564500,
ATSG,6.8,6.82,6.53,6.61,266900,
ATU,33.290001,33.470001,32.5,32.740002,511700,
ATVI,14.52,14.69,14.4,14.56,4050100,
ATW,55,55.049999,54.490002,54.869999,304200,
AU,16.290001,16.5,16.24,16.290001,2749400,
AUDC,4.46,4.51,4.43,4.43,50400,
AUM,96.220001,96.540001,95.68,95.68,0,
AUMN,1.62,1.64,1.57,1.57,118000,
AUO,4.04,4.06,3.96,4,2516300,
AUQ,4.97,5.03,4.79,4.8,1454400,
AUX,103.92,104.47,103.58,104.34,0,
AUXL,17.21,17.54,16.77,17.38,1055400,
AUY,11.34,11.46,11.2,11.25,5301700,
AVA,27.059999,27.16,26.77,26.889999,254300,
AVAV,19.620001,19.950001,19.559999,19.610001,166800,
AVB,134.460007,135.820007,133.449997,134.589996,536500,
AVD,29.940001,29.98,28.84,28.879999,145000,
AVEO,2.66,2.69,2.59,2.6,435100,
AVG,18.280001,18.59,17.860001,18.49,428600,
AVGO,37.139999,37.799999,37.049999,37.59,2176200,
AVHI,14.2,14.2,14.05,14.07,7200,
AVID,6.33,6.39,6.2,6.21,76000,
AVIV,26.46,26.93,26.38,26.75,101400,
AVL,0.68,0.7,0.67,0.69,168100,
AVNR,4.49,4.53,4.405,4.5,3678900,
AVP,22.91,23.27,22.780001,22.860001,2392300,
AVSPY,134.18,134.41,132.76,133.23,0,
AVT,33.619999,34.209999,33.470001,34,1351000,
AVX,11.95,12.08,11.94,11.95,96400,
AVY,43.189999,43.32,42.810001,43.040001,323600,
AWAY,30,30.42,29.85,30.040001,261500,
AWC,30.2,30.2,30.2,30.2,0,
AWH,92.92,92.92,92.25,92.500002,362700,
AWI,50.220001,50.459999,49.669998,49.939999,195200,
AWK,40.740002,41.009998,40.639999,41.009998,752700,
AWR,54.060001,54.09,52.73,53.150002,262000,
AWRE,5.24,5.24,5.16,5.2,46600,
AXAS,2.18,2.21,2.15,2.16,293900,
AXE,76.949997,77.440002,76.389999,76.550003,209700,
AXL,18.5,18.74,18.33,18.48,1020300,
AXLL,44.18,44.849998,43.700001,44.66,1524000,
AXP,74.790001,74.980003,72.720001,72.970001,8451000,
AXS,45.66,45.830002,45.470001,45.57,484100,
AXTI,2.78,2.78,2.72,2.75,79300,
AXU,1.31,1.34,1.3,1.32,129100,
AYI,76.449997,76.730003,75.610001,75.839996,227800,
AYR,15.03,15.2,15.02,15.16,318000,
AZC,2.23,2.25,2.19,2.24,60300,
AZN,50.619999,50.990002,50.59,50.799999,3021000,
AZO,419.459991,424.98999,418.720001,423.339996,210700,
AZPN,29.57,29.57,29.26,29.26,418000,
AZZ,42.799999,42.799999,42.18,42.610001,72500,
B,29.58,29.58,29,29.219999,174800,
BA,102.160004,103.220001,101.5,101.830002,3944400,
BAA,1.08,1.08,1.04,1.05,356800,
BABY,14.25,14.37,13.94,13.96,106500,
BAC,13.23,13.24,13.03,13.07,101380700,
BAH,16.75,17.190001,16.690001,17.09,285300,
BAK,14.84,14.88,14.5,14.55,87100,
BAL,57.32,57.400002,56.700001,56.880001,15300,
BALT,3.61,3.7,3.6,3.67,77500,
BAM,35.509996,35.820001,35.269997,35.370002,870800,
BANR,32.5,32.529999,32.099998,32.299999,117800,
BAP,130.250004,132.620001,129.160002,130.080011,530800,
BAS,12.75,13.09,12.74,12.85,683500,
BAX,70.669997,71.319997,70.449999,70.6,3962500,
BAXS,2.18,2.34,2.14,2.24,106100,
BBBY,71.230003,72.010002,70.730003,71.07,1584600,
BBCN,12.74,12.78,12.46,12.48,219900,
BBD,14.33,14.34,13.97,13.99,7816900,
BBEP,18.120001,18.530001,18.120001,18.379999,352400,
BBG,22.780001,22.780001,21.870001,22.09,766300,
BBH,69.589996,69.589996,68.739998,68.949997,29400,
BBL,57.080002,57.34,56.380001,56.470001,503500,
BBOX,26.450001,26.450001,25.74,25.83,42700,
BBRG,18.52,18.75,18.32,18.690001,158700,
BBRY,14.64,14.93,14.35,14.44,24987700,
BBT,33.349998,33.389999,32.669998,32.779999,2738800,
BBVA,9.02,9.08,8.9,8.91,1253500,
BBW,6.23,6.3,6.15,6.15,44200,
BBX,12.7,12.75,12.6,12.65,10800,
BBY,27.58,27.9,26.629999,26.870001,5823500,
BC,31.700001,31.700001,30.57,30.65,1676800,
BCC,26.549999,26.59,26.200001,26.379999,134100,
BCE,43.860001,43.869999,43.279999,43.439999,546600,
BCEI,37.209999,37.580002,36.389999,36.66,168300,
BCO,26.870001,26.950001,26.610001,26.65,148300,
BCOR,18.4,18.6,18.23,18.360001,495400,
BCOV,8.17,8.25,8.12,8.19,211400,
BCPC,46.02,46.25,45.25,45.27,53300,
BCR,109.260002,112.279999,108.760002,111.040001,1467300,
BCRX,1.71,1.71,1.66,1.68,294200,
BCS,18.6,18.8,18.44,18.51,1539433,
BDBD,12.1,12.15,11.9,12.01,209700,
BDC,51.110001,51.509998,50.299999,50.439999,112000,
BDE,8.94,9.03,8.75,9,189600,
BDN,13.59,13.84,13.49,13.83,1339800,
BDSI,4.42,4.46,4.36,4.37,63600,
BDX,98.419998,99.220001,98.339996,98.639999,677200,
BEAM,65.01,65.6,64.78,65.35,558400,
BEAT,5.5,5.85,5.5,5.77,1472600,
BEAV,63.730004,64.269999,63.440006,63.980007,828200,
BEBE,5.87,5.98,5.79,5.79,28700,
BECN,40.799999,41.18,40.310001,40.619999,164000,
BEE,8.62,9.25,8.6,8.99,7260600,
BEN,147.390003,148.350002,146.989998,147.130005,4568700,
BERY,23.120001,23.690001,23.120001,23.440001,367700,
BF.B,70.230003,71.07,69.769997,69.940002,217100,
BFAM,33.529999,33.529999,32.790001,33.18,224700,
BG,72.019997,72.099998,70.43,70.940002,689900,
BGC,33.110001,33.299999,32.48,32.709999,343800,
BGCP,5.83,5.88,5.77,5.78,1212400,
BGFV,21.85,22,21.15,21.389999,227400,
BGG,20.75,20.9,20.27,20.389999,435400,
BGS,32.330002,32.849998,32.220001,32.619999,327300,
BHE,19.66,19.75,19.389999,19.43,161600,
BHI,47.009998,47.060001,45.779999,46.029999,4358100,
BHP,63.639999,63.880001,62.650002,62.779999,2332100,
BIB,95,95,92.5,93.25,84400,
BID,37.950001,38.32,37.720001,38.07,575000,
BIDU,99.410004,100.040001,97.07,98,3059600,
BIG,33.130001,33.290001,32.68,32.860001,395500,
BIIB,212,217.649994,208.419998,211.990005,1569400,
BIO,112.720001,113.709999,112.07,112.480003,53400,
BIOD,4.28,4.28,4.15,4.22,222900,
BIOL,3.860012,3.860012,3.700019,3.710018,239400,
BIOS,15.02,15.07,14.93,15,375200,
BIP,35.29,36.48,35.02,36.080003,478400,
BIRT,6.85,6.88,6.69,6.73,71200,
BITA,11.9,12.17,11.66,12.02,57200,
BIV,85.709999,85.889999,85.68,85.75,218700,
BJRI,38.209999,38.34,38.009998,38.110001,108800,
BK,29.48,29.59,29.059999,29.129999,2798600,
BKCC,9.62,9.64,9.48,9.56,699300,
BKD,26.84,27.629999,26.68,27.440001,988100,
BKE,54.829992,54.829992,53.449998,53.920001,169100,
BKF,35.970001,36.099998,35.43,35.5,173500,
BKH,48.049999,48.5,47.93,48.119999,91200,
BKI,37.25,37.28,37.18,37.19,191200,
BKLN,24.870001,24.870001,24.85,24.860001,2840400,
BKMU,5.71,5.74,5.6,5.62,48600,
BKS,19.550001,20.250001,19.37,19.37,1822600,
BKU,25.25,25.32,24.85,24.969999,194500,
BKW,20.5,20.69,20.36,20.63,751900,
BKX,61.12,61.12,60.01,60.16,0,
BLC,13.76,14.18,13.74,14.01,12116800,
BLDP,1.85,1.93,1.75,1.8,733200,
BLDR,6.62,6.65,6.43,6.5,193500,
BLK,272.359985,273.700012,268.049988,269.730011,761600,
BLKB,31.889999,32.639999,31.49,32.34,267600,
BLL,43.41,43.59,43.189999,43.34,942000,
BLMN,23.51,23.99,23.43,23.690001,558200,
BLOX,26.870001,27.43,26.73,27.16,296600,
BLT,13.06,13.2,12.93,12.93,80800,
BLV,88.300003,88.550003,88.239998,88.330002,33000,
BLX,22.1,22.280001,22.01,22.1,73800,
BMC,45.11,45.16,45.05,45.11,1409500,
BMI,43.990002,44.119999,43.130001,43.25,57600,
BMO,59.360001,59.630001,59.02,59.130001,455500,
BMR,20.49,20.809999,20.43,20.52,2088800,
BMRN,58.790001,59.34,58.07,58.139999,1112700,
BMS,39.490002,39.549999,39.25,39.43,432600,
BMY,47.25,47.490002,46.77,46.799999,7540700,
BNCL,8.630002,8.64,8.500005,8.500005,23100,
BND,82.099998,82.190002,82.059998,82.120003,1128700,
BNNY,39.69,40.88,39.47,40.58,249200,
BNO,80.849998,81.199997,80.459999,80.580002,78200,
BNS,56.200001,56.349998,55.610001,55.849998,388300,
BOBE,47.919998,47.990002,47.060001,47.139999,69200,
BODY,12.69,12.78,12.57,12.64,12000,
BOFI,46.439999,46.549999,46.099998,46.299999,276000,
BOH,49.439999,49.700001,48.880001,49.009998,164400,
BOIL,41.740002,41.740002,40.470001,40.650002,14200,
BOKF,63.669998,63.830002,62.779999,62.990002,42500,
BOLT,16.73,16.83,16.5,16.5,14700,
BONA,4.22,4.22,3.9,3.9,167700,
BOND,107.870003,107.900002,107.519997,107.559998,512700,
BONT,21.1,21.389999,20.190001,20.5,375200,
BOOM,16.83,16.91,16.610001,16.610001,13900,
BORN,1.22,1.23,1.21,1.22,4800,
BOTA,3.46,3.48,3.46,3.47,7000,
BP,42.889999,43.169998,42.740002,42.84,3276400,
BPAX,1.29,1.29,1.23,1.24,156500,
BPFH,9.99,9.99,9.91,9.93,271100,
BPI,12.68,12.89,12.35,12.43,235500,
BPL,66.709999,67.599998,66.510002,67.300003,842200,
BPO,17.14,17.22,16.86,17.13,875200,
BPOP,29.1,29.200001,28.5,28.75,314300,
BPT,91.790001,92.169998,91.260002,91.849998,50200,
BPX,63.889999,64.010002,63.639999,63.68,0,
BPY,21.33,21.33,20.82,20.889999,122200,
BPZ,1.85,1.85,1.79,1.8,285500,
BR,26.66,26.82,26.52,26.58,407300,
BRC,30.790001,30.9,30.549999,30.690001,178700,
BRCD,5.92,6.03,5.92,5.99,9805100,
BRCM,33.759998,34.240002,33.369999,33.790001,10028700,
BRE,48.51,49.29,48.36,48.85,629600,
BREW,7.56,7.7,7.5,7.63,39900,
BRF,35.080002,35.130001,34.439999,34.48,117700,
BRFS,21.790001,21.940001,21.459999,21.49,1807700,
BRK.B,114.940002,115.080002,113.940002,114.160004,2978600,
BRKL,8.43,8.45,8.32,8.33,172300,
BRKR,16.440001,16.66,16.299999,16.360001,547600,
BRKS,10.32,10.34,10.05,10.14,138500,
BRLI,29.05,29.3,28.51,28.91,311200,
BRO,32.599998,32.73,32.27,32.389999,707700,
BRS,65,65,64.230003,64.400002,140100,
BRY,44.18,44.2,42.2,43.08,630200,
BSAC,24.110001,24.290001,23.959999,24,586200,
BSBR,6.87,6.88,6.75,6.87,4182800,
BSDM,1.26,1.27,1.23,1.23,66600,
BSET,14.59,14.65,14.3,14.36,14500,
BSFT,29.030001,29.93,28.940001,29.41,141300,
BSMX,15.04,15.16,14.83,15.05,865000,
BSRR,14.43,14.44,14.25,14.35,19700,
BSX,9.55,9.64,9.47,9.51,6549600,
BTE,37.040001,37.439999,36.98,37.009998,89600,
BTH,14.44,14.59,14.12,14.3,134500,
BTI,108.169998,109.419998,108.169998,109.050003,267700,
BTN,4.23,4.25,4.23,4.23,19000,
BTU,17.300009,17.380007,16.430008,16.780009,729900,
BTX,3.94,3.97,3.86,3.87,66700,
BUD,94.080002,94.57,93.639999,93.730003,767500,
BUSE,4.449995,4.449995,4.369995,4.379996,27800,
BV,9.3,9.52,9.19,9.28,364200,
BVN,17.91,18,17.33,17.530001,1177800,
BWA,85.580002,85.830002,84.470001,84.540001,1479600,
BWC,28.860001,30.43,28.860001,30.18,379500,
BWEN,4.18,4.31,4.18,4.23,20100,
BWLD,98.150002,98.559998,97.169998,97.349998,147600,
BWP,29.34,29.950001,29.290001,29.690001,696500,
BWS,21.43,21.6,21.01,21.09,208800,
BWX,58.5,59.130001,58.5,59.130001,390200,
BX,21.24,21.57,20.77,20.83,4272700,
BXP,110.779999,113.190002,109.790001,110.089996,1184400,
BXS,16.809999,16.83,16.32,16.4,496200,
BYD,11.82,11.9,11.54,11.56,1300600,
BYI,56.8,57.41,56.465,56.75,184300,
BZ,8.56,8.72,8.5,8.67,775100,
BZF,18.389999,18.5,18.290001,18.34,6000,
BZH,19.32,20.049999,19.200001,19.82,916000,
BZQ,80.160004,83.940002,80.07,83.449997,17200,
C,50.220001,50.349998,49.189999,49.220001,27362500,
CA,28.469999,28.65,28.15,28.26,2067900,
CAAS,5.1,5.14,4.97,4.99,31300,
CAB,67.580002,68.110001,66.519997,66.599998,429700,
CACI,64.349998,64.790001,62.299999,62.709999,473700,
CADX,7.19,7.24,6.841,6.97,384600,
CAG,34.209999,34.359999,33.98,34.089999,2854100,
CAH,47.810001,48.369999,47.689999,47.830002,1866300,
CAJ,33.060001,33.169998,32.610001,32.68,263000,
CAK,0.55999,0.58,0.55002,0.57,133200,
CAKE,41.669998,41.990002,41.43,41.459999,310600,
CALD,6.21,6.29,6.05,6.14,123800,
CALL,15.35,15.68,15.11,15.21,247692,
CALM,46.73,46.75,46.02,46.310001,51400,
CALX,10.38,10.49,10.23,10.28,195700,
CAM,62.509998,63.099998,61.880001,62.099998,1544000,
CAMP,13.41,13.67,13.23,13.3,118300,
CAP,26.719999,26.85,26.360001,26.41,44800,
CAR,31.780001,32.34,30.459999,30.610001,2636500,
CARB,12.86,13,12.49,12.73,87700,
CAS,17.129999,17.24,16.809999,16.940001,62100,
CASY,62.259998,63.889999,60.169998,60.689999,477300,
CAT,85.010002,85.139999,83.400002,83.870003,5147500,
CATM,29.24,29.59,28.77,29.1,252000,
CATO,25.18,25.360001,24.959999,25.01,59900,
CATY,20.1,20.190001,19.559999,19.610001,165900,
CAVM,33.91,34.029999,33.240002,33.34,530200,
CB,89.68,89.970001,88.519997,88.550003,1193100,
CBAK,1.16,1.18,1.06,1.13,117500,
CBB,3.22,3.26,3.13,3.16,160100,
CBD,47.25,47.450001,46.630001,46.869999,310200,
CBEY,8.46,8.629,8.29,8.38,153500,
CBF,17.940001,18.08,17.73,17.860001,229000,
CBG,22.9,23.309999,22.610001,22.67,1768800,
CBI,58.77,59.639999,58.5,58.990002,1130100,
CBK,6.9,6.93,6.55,6.6,206700,
CBL,22.639999,23.01,22.620001,22.67,1508100,
CBLI,1.59,1.63,1.55,1.58,1600,
CBM,14.2,14.2,13.87,13.92,62100,
CBOE,42.41,43.150002,42.299999,42.57,538300,
CBR,3.81,3.83,3.72,3.72,102800,
CBRL,96.260002,97.199997,95.510002,95.940002,231500,
CBS,47.209999,48.09,47.049999,47.720001,6243000,
CBS.A,47.41,48,47.41,47.66,3800,
CBSH,43.660139,43.850132,42.90013,43.020135,764500,
CBST,50.78,51.21,50.03,50.17,534600,
CBT,37.919998,38.110001,37.330002,37.389999,356100,
CBU,29.360001,29.42,28.66,28.709999,78400,
CBZ,6.69,6.87,6.65,6.65,149200,
CCC,17.440001,17.440001,16.950001,17.02,374200,
CCE,36.119999,36.389999,35.82,36.139999,2285600,
CCG,12.14,12.29,11.97,11.99,405300,
CCI,69.739998,70.959999,69.610001,70.339996,3132200,
CCIX,19.96,20.1,19.69,19.98,173300,
CCJ,20.879999,21.23,20.83,20.870001,1582300,
CCK,42.57,42.84,42.049999,42.439999,1053900,
CCL,33.82,33.98,33.700001,33.84,4296600,
CCM,4.150003,4.189995,4.150003,4.189995,27800,
CCMP,34.43,34.43,33.950001,34.200001,36300,
CCO,7.41,7.43,7.32,7.37,92900,
CCOI,27.99,28.09,27.549999,27.620001,182700,
CCRN,5.09,5.09,4.99,5.02,59500,
CCUR,7.94,7.97,7.85,7.96,64300,
CDD,101.650002,101.860001,101.360001,101.690002,0,
CDE,14.27,14.37,13.92,13.99,973300,
CDI,14.75,14.78,14.31,14.43,33400,
CDNS,14.91,14.95,14.8,14.8,999900,
CDR,5.5,5.58,5.45,5.5,307300,
CDZI,5.68,5.68,5.51,5.53,35700,
CE,47.380001,47.689999,47.049999,47.560001,762600,
CEB,60.759998,61.209999,60.310001,60.619999,51600,
CEC,0.72156,0.73081,0.72156,0.73081,2010200,
CECE,12,12.04,11.9,11.91,32000,
CECO,2.9,3.02,2.8,2.82,945900,
CEL,9.28,9.3,9.18,9.2,56900,
CELG,120.190002,121.309998,118.470001,119.360001,3700200,
CENTA,7.53,7.6,7.33,7.35,86100,
CENX,9.85,9.91,9.51,9.62,602000,
CEO,169.740005,169.809998,166.539993,166.940002,110200,
CERN,98.519997,99.040001,97.849998,98.220001,1294000,
CERS,4.76,4.83,4.54,4.55,204500,
CETV,3.22,3.51,3.15,3.23,450300,
CEVA,17.440001,17.969999,17.299999,17.91,410500,
CF,185.009995,186.369991,183.099995,184.559994,4663500,
CFI,17.799999,18.01,17.4,17.59,42000,
CFN,38.03,38.13,37.65,37.8,1179600,
CFNL,15.1,15.1,14.81,14.82,72200,
CFR,64.839996,64.879997,63.139999,63.509998,605600,
CFX,51.849998,52.630001,51.720001,52.209999,318000,
CG,26.700001,27.049999,26.35,26.799999,515700,
CGA,2.87,2.88,2.83,2.85,23400,
CGEN,6.47,6.47,6.25,6.37,66100,
CGG,23.16,23.91,23.16,23.67,100,
CGI,19.5,19.66,19.25,19.370001,77700,
CGNX,45.439999,45.689999,44.799999,44.880001,206600,
CGX,49.04,49.2499,48.45,48.47,14200,
CHCO,39,39.09,38.650002,38.75,47100,
CHD,61.139999,61.68,60.849998,61.400002,632200,
CHDN,80.239998,80.599998,79.540001,79.889999,18800,
CHDX,16.1,16.15,15.68,15.73,22900,
CHE,72.779999,73.029999,72.010002,72.529999,147000,
CHEF,17.59,18.01,17.200001,17.5,43400,
CHFC,26.200001,26.200001,25.469999,25.469999,17800,
CHH,40.630001,40.98,40.119999,40.16,48400,
CHIQ,13.95,13.96,13.81,13.84,119100,
CHK,21.02,21.29,20.5,20.680001,11738400,
CHKP,48.759998,49.099998,48.380001,48.48,683400,
CHKR,14.29,14.49,14.29,14.44,73600,
CHL,49.16,49.5,48.990002,49.310001,1267500,
CHLN,2.18,2.18,2.06,2.1,7400,
CHMT,21.969999,22.040001,21.4,21.83,516100,
CHOP,2.2,2.2,2.13,2.2,5900,
CHRW,56.75,57.200001,56.380001,56.5,1222200,
CHS,17.27,17.27,16.85,16.959999,2202000,
CHSP,21.67,22.030001,21.65,21.940001,207700,
CHT,31.629999,31.700001,31.48,31.66,85800,
CHTP,2.48,2.5,2.4338,2.46,349200,
CHTR,110.669998,117.089996,110.220001,116.610001,1596700,
CHU,13.39,13.48,13.27,13.27,297400,
CHUY,38.459999,39.509998,37.950001,38.82,217500,
CI,68.940002,69.5,68.139999,68.160004,1772700,
CIB,57.48,57.709999,57.009998,57.310001,161900,
CIE,25.83,26,25.639999,25.799999,1422400,
CIEN,20.4,20.6,19.9,20.129999,4101200,
CIG,9.630004,9.630004,9.380003,9.41,3524100,
CIM,3.08,3.2,3.06,3.13,1882900,
CINF,46.48,46.68,46.150002,46.18,760000,
CIS,1.74,1.77,1.73,1.73,9554,
CISG,6.47,6.47,6.29,6.32,39200,
CIT,46.22,46.4198,45.7,45.77,1087038,
CJES,19.379999,19.43,18.870001,19.17,462100,
CKEC,17.08,17.190001,16.73,16.74,77100,
CKH,79.849998,80.489998,79.510002,79.800003,69300,
CKP,14.61,14.67,14.27,14.35,175500,
CKSW,7.99,8.1,7.76,8.09,98400,
CL,58.509998,59.009998,58.209999,58.82,3099100,
CLB,140.570007,141.899994,140.100006,140.830002,167400,
CLC,54.639999,54.790001,53.880001,54.119999,92600,
CLD,18.16,18.209999,17.299999,17.66,744400,
CLDT,16.4,16.75,16.309999,16.66,263400,
CLDX,16.18,16.43,15.75,16.049999,1438800,
CLF,19.1,19.5,17.440001,17.74,18083800,
CLGX,24.030001,24.139999,23.77,23.950001,693300,
CLH,54.619999,54.990002,54.290001,54.77,306500,
CLI,24.75,25.09,24.52,24.66,1067300,
CLMS,10.8,10.83,10.6,10.61,116500,
CLMT,36,36.48,36,36.130001,452600,
CLNE,13.03,13.17,12.85,12.95,536600,
CLNY,20.92,21.219999,20.73,20.82,785300,
CLP,4000,4000,4000,4000,0,
CLR,88,88.169998,85.68,86.309998,1600200,
CLS,9.63,9.7,9.58,9.66,265300,
CLSN,1.41,1.45,1.280001,1.300001,884500,
CLW,48.110001,48.639999,47.880001,48.130001,37900,
CLWR,4.48,4.64,4.47,4.63,13228100,
CLX,85.169998,85.639999,84.949997,85.389999,461700,
CM,76.129997,76.410004,75.540001,75.82,245700,
CMA,37.939999,38.02,37.18,37.349998,1455800,
CMC,14.79,14.81,14.5,14.61,617500,
CMCO,21.15,21.16,20.9,20.93,46500,
CMCSA,39.610001,39.880001,39.139999,39.740002,23925200,
CMCSK,38.310001,38.599998,37.959999,38.34,2828000,
CME,74.379997,74.769997,73.970001,74.290001,2456800,
CMG,369.440002,372.540009,365.25,368.119995,304500,
CMI,117.120003,118.690002,115.93,116.129997,1111300,
CMLP,22.450001,23,22.379999,22.65,101300,
CMN,33.99,33.99,33.27,33.409996,93000,
CMO,12.69,12.92,12.52,12.61,1214800,
CMP,85.239998,85.879997,84.779999,85.470001,87600,
CMRE,17.200001,17.57,17.200001,17.41,64100,
CMS,27.190001,27.459999,27.16,27.4,2088800,
CMTL,26.82,26.82,26.370001,26.42,34500,
CNA,32.669998,32.759998,32.330002,32.389999,135500,
CNC,50.060001,51.099998,49.75,50.439999,1447600,
CNDO,9.09,9.37,9.01,9.29,170000,
CNH,42.47,43.07,41.96,42.12,338800,
CNI,99.690002,100,98.089996,98.139999,1328400,
CNIT,2.86,2.94,2.8,2.8,23200,
CNK,27.969999,28.690001,27.77,28.42,526600,
CNL,45.189999,45.439999,45.09,45.41,240700,
CNMD,32.549999,32.66,32.209999,32.369999,77600,
CNO,12.86,12.87,12.59,12.67,1473300,
CNP,23.57,23.809999,23.5,23.709999,2203000,
CNQ,29.059999,29.200001,28.610001,28.709999,1545200,
CNQR,79.13,79.47,78.14,79.01,450100,
CNS,36.220001,36.240002,35.560001,36.040001,58300,
CNSI,30.540001,30.540001,29.610001,29.870001,51100,
CNSL,17.469999,17.49,17.25,17.370001,99200,
CNW,39.48,40.139999,38.82,38.970001,674000,
CNX,32.52,32.549999,31.299999,31.950001,1653300,
COCO,2.31,2.35,2.1201,2.14,1121000,
CODE,1.12,1.12,1.12,1.12,0,
CODI,17.110001,17.290001,17,17.1,121000,
COF,62.200001,62.220001,60.580002,61.009998,3501800,
COG,70.690002,70.919998,69.059998,69.540001,2845400,
COGO,1.79,1.95,1.77,1.93,32900,
COH,58.59,58.810001,58.209999,58.52,3712100,
COHR,58.66,58.700001,56.5,56.66,30700,
COHU,11.46,11.59,11.41,11.43,31300,
COL,64.93,65.129997,64.230003,64.480003,597400,
COLB,21.969999,21.969999,21.57,21.76,170400,
COLM,62.110001,62.400002,61.639999,61.700001,103800,
CONE,21.690001,21.73,21.26,21.299999,88700,
CONN,52.470001,52.93,51.389999,51.580002,243700,
COO,121.220001,121.779999,119.970001,121.529999,341400,
COP,61.669998,61.709999,60.869999,61.029999,3327800,
COR,31.040001,31.35,30.870001,30.959999,161900,
CORE,61.34,61.880001,60.599998,61.25,131600,
CORN,40.360001,40.619999,40.23,40.259998,30300,
CORR,7.71,7.78,7.6,7.74,4000,
CORT,1.84,1.84,1.8,1.8,46500,
COST,110.370003,111.620003,110.330002,111,1318000,
COT,8.09,8.13,7.95,7.98,178200,
COV,59.03,60.06,58.95,60.02,2984600,
COW,26.59,26.59,26.41,26.469999,4900,
COWN,3.19,3.22,3.09,3.11,213700,
CP,124.269997,125.169998,122.720001,123.739998,587200,
CPA,135.229996,138.729996,135.229996,137.630005,418900,
CPB,44.57,44.990002,44.43,44.790001,1024000,
CPE,3.55,3.55,3.43,3.48,242100,
CPF,18.030001,18.07,17.610001,17.719999,46400,
CPHD,33.509998,34.209999,33.220001,33.259998,426600,
CPIX,5.11,5.11,5.04,5.07,52500,
CPL,20.349935,20.589936,19.509942,19.659942,373100,
CPLA,43.200001,44.040001,42.98,43.139999,78300,
CPLP,9.35,9.5,9.3,9.48,122300,
CPN,21.25,21.75,21.25,21.73,3607000,
CPRT,31.309999,31.559999,31.09,31.09,758600,
CPSI,50.93,51.27,50.549999,50.959999,81600,
CPSS,7.52,7.6,7.4,7.43,68600,
CPT,66.5,67.620003,65.870003,66.25,523700,
CPWR,10.5057,10.5921,10.4577,10.5537,580700,
CQB,11.04,11.12,10.82,10.92,181500,
CQP,28.48,28.52,27.780001,27.950001,175900,
CQQQ,26.48,26.48,26.049999,26.200001,17600,
CR,59.299999,59.73,59.07,59.23,137500,
CRAY,18.83,19.299999,18.809999,19.23,265400,
CREE,62.290001,62.82,61.759998,62.349998,1076800,
CRH,20.540001,20.75,20.5,20.57,108200,
CRI,72.099998,72.940002,71.809998,72.389999,786100,
CRIS,3.55,3.56,3.4,3.42,208700,
CRK,17.24,17.24,16.560001,16.59,91700,
CRL,42.529999,42.849998,42.360001,42.700001,277000,
CRM,37.790001,38.720001,37.5,37.560001,4942800,
CRME,2.02,2.07,2,2,24700,
CRMT,43.169998,43.639999,41.82,42,39800,
CRNT,3.76,3.76,3.65,3.72,63500,
CROC,42.549999,42.669998,42.009998,42.509998,23000,
CROX,16.57,16.67,16.389999,16.459999,492500,
CRR,67.830002,69.379997,67.650002,67.980003,399300,
CRRC,13.77,13.77,13.44,13.48,12900,
CRS,47.869999,48.220001,47.040001,47.299999,281800,
CRTX,8.73,8.76,8.53,8.65,151400,
CRUS,18.09,18.190001,17.75,17.799999,1477100,
CRY,6.25,6.25,6.08,6.09,23100,
CRZO,26.799999,26.889999,26.049999,26.16,304000,
CS,28.690001,28.82,28.23,28.290001,958500,
CSC,44.88,45.409997,44.599995,44.859999,4375800,
CSCO,24.309999,24.5,24.08,24.09,29841100,
CSE,9.26,9.26,9.08,9.15,586800,
CSGP,115.459999,116.870003,114.440002,115.589996,42400,
CSGS,21.27,21.5,21.120001,21.389999,120600,
CSH,48.579996,48.579996,47.039994,47.730001,227200,
CSII,21.709999,21.870001,21.32,21.790001,128800,
CSIQ,9.4,9.69,9.02,9.4,1454100,
CSL,66.139999,66.25,65.790001,65.970001,171100,
CSOD,42.529999,45.459999,42.209999,44.09,1015100,
CST,32.549999,32.689999,32.34,32.41,1105400,
CSTE,27.33,28.25,27.33,28.08,52900,
CSTM,14.95,15.15,14.94,15.15,344800,
CSTR,59.09,59.5,57.61,58.05,257900,
CSU,25.76,25.99,25.290001,25.530001,48600,
CSUN,2,2.15,1.98,2.07,188800,
CSV,19.34,19.41,18.66,18.709999,129800,
CSX,25.120001,25.440001,24.92,24.940001,7345500,
CTAS,45.91,45.990002,45.439999,45.57,271600,
CTB,33.630001,33.790001,33.290001,33.400002,4194500,
CTCM,12.15,12.15,11.78,11.82,212700,
CTCT,16.24,16.42,16.129999,16.26,306800,
CTGX,23.61,23.61,23.35,23.41,67700,
CTIC,1.17,1.19,1.17,1.18,274900,
CTL,35.970001,36.400002,35.84,36.040001,4273000,
CTRN,14.36,14.36,14.08,14.14,42200,
CTRP,33.57,34.279999,33.310001,33.900002,3238000,
CTRX,54.91,54.950001,53.630001,53.66,1084100,
CTS,12.59,12.7,12.23,12.36,178700,
CTSH,63.75,64.150002,62.490002,62.98,6040800,
CTXS,61.959999,62.199998,61.099999,61.229999,1839000,
CU,22.99,23.370001,22.77,22.77,1200,
CUB,48.48,48.779999,48.060001,48.259998,51100,
CUBE,15.76,16.23,15.67,16.18,1418700,
CUI,5.45,5.5,5.39,5.4,9143,
CUK,35,35.16,34.889999,34.950001,72600,
CUTR,9.05,9.11,8.97,9.06,65300,
CUZ,9.53,9.73,9.44,9.640001,872700,
CVA,20.040001,20.190001,19.969999,20.07,800600,
CVBF,11,11.07,10.92,11.05,983100,
CVC,14.14,14.84,13.92,14.68,5274300,
CVD,75.23,75.86,75.09,75.51,258200,
CVE,29.34,29.34,28.879999,29.08,1479800,
CVG,18.129999,18.25,18.040001,18.110001,313300,
CVGI,8.45,8.49,8.12,8.16,88000,
CVGW,28.23,28.360001,27.75,27.99,58500,
CVI,56.700001,57.130001,55.189999,55.689999,255600,
CVLT,73.860001,76.480003,73.650002,75.269997,707400,
CVO,2.14,2.15,2.11,2.13,20000,
CVRR,30.52,30.639999,30.35,30.370001,336700,
CVS,59.220001,59.950001,58.900002,59.029999,4224200,
CVU,10.08,10.1,9.96,10,124700,
CVX,121.129997,121.68,120.099998,120.279999,4415300,
CVY,24.07,24.15,23.91,23.959999,204900,
CW,36.630001,36.630001,35.93,36.200001,54300,
CWCO,11.33,11.33,11.08,11.28,35000,
CWH,0.14,0.14,0.14,0.14,0,
CWST,4.15,4.2,4.09,4.13,102900,
CWT,19.889999,19.969999,19.719999,19.879999,109200,
CWTR,2.78,2.79,2.63,2.64,231900,
CX,10.579968,10.689967,10.439967,10.459966,8640400,
CXDC,4.01,4.19,4,4.15,21600,
CXO,87.360001,87.5,86.010002,86.309998,1098600,
CXPO,2.85,2.85,2.795,2.8,35100,
CXW,34.150002,34.810001,33.959999,34.150002,1491300,
CY,10.74,11.08,10.64,10.97,3360900,
CYB,26.030001,26.07,26.030001,26.059999,37700,
CYBX,52.240002,52.790001,51.66,51.900002,280400,
CYC,1213.52,1213.52,1213.52,1213.52,0,
CYCC,3.179999,3.379999,3.149999,3.209999,45200,
CYD,17.879999,18.26,17.799999,17.969999,52400,
CYH,51.14,51.150002,49.750003,49.869999,1084600,
CYN,61.91,62.080002,60.689999,60.720001,222700,
CYNO,23.549999,23.66,23.24,23.51,141900,
CYOU,31.42,31.52,30.809999,31.01,104200,
CYS,10.67,10.87,10.52,10.54,2954000,
CYT,74.910004,75.529999,74.360001,75.440002,1438000,
CYTR,2.18,2.18,2.1,2.11,81200,
CYTX,2.330001,2.330001,2.240001,2.240001,7300,
CZR,13.56,13.73,13.35,13.37,132000,
CZZ,17.33,17.540001,16.99,17.02,1054000,
D,56.369999,56.59,55.950001,56.040001,2647300,
DAKT,10.4,10.4,10.12,10.21,109700,
DAL,18.629999,18.959999,18.530001,18.85,10445000,
DAN,19.1,19.440001,18.92,19,1555100,
DANG,7.54,7.81,7.53,7.8,1779500,
DAR,19.610001,19.75,19.219999,19.33,316100,
DATA,57.360001,57.75,55,55.470001,348200,
DATE,5.17,5.31,5.17,5.29,13500,
DAVE,12.5,12.77,12.11,12.49,41300,
DB,46.179998,46.689997,45.609999,45.74,1687300,
DBA,25.42,25.440001,25.280001,25.34,941300,
DBB,16.74,16.790001,16.700001,16.790001,264800,
DBC,26.32,26.360001,26.26,26.299999,1542800,
DBD,32.27,32.400002,32.110001,32.310001,303000,
DBE,28.389999,28.52,28.34,28.35,94100,
DBEF,24.280001,24.309999,23.950001,24,39200,
DBJP,32.009998,32.009998,31.120001,31.360001,121600,
DBLE,4.14,4.24,4.03,4.04,21900,
DBO,26.790001,26.84,26.690001,26.73,262000,
DBP,45.540001,45.720001,45.540001,45.700001,68500,
DBS,37.150002,37.34,37.110001,37.27,4600,
DBV,25.969999,25.99,25.73,25.76,93500,
DCI,36.560001,36.68,36.16,36.360001,507100,
DCIX,5.12,5.13,5.08,5.09,27300,
DCM,15.05,15.09,14.98,14.99,157300,
DCO,20.879999,20.879999,20.190001,20.549999,63200,
DCT,7.22,7.37,7.2,7.28,797100,
DCTH,0.47,0.54,0.45,0.54,21600,
DD,53.089999,53.699998,52.16,52.679997,11879700,
DDC,14.79,15.08,14.79,14.82,237200,
DDD,46.799999,48.700001,46.799999,47.150002,3698200,
DDM,95.760002,96.199997,94.190002,94.519997,340400,
DDR,17.299999,17.6,17.23,17.459999,4672400,
DDS,84.089996,84.760002,83.559998,83.82,215700,
DE,85.440002,85.529999,84.489998,84.879997,1991900,
DECK,53.790001,55.16,53.349998,55.040001,619300,
DEI,24.9,25.26,24.83,25.1,853100,
DELL,13.42,13.5,13.38,13.39,11630900,
DEM,51.330002,51.490002,50.720001,50.900002,729100,
DENN,6.03,6.03,5.89,5.94,324900,
DEO,117.870003,118.519997,117.610001,117.760002,502900,
DEPO,5.7,5.8,5.7,5.76,282800,
DES,58.740002,58.889999,58.189999,58.360001,67300,
DEST,24.76,24.940001,24.610001,24.73,45500,
DF,9.98,10.31,9.94,10.16,2115300,
DFJ,46.75,47.02,46.23,46.41,21200,
DFRG,20,20.129999,19.83,19.870001,63900,
DFS,48.02,48.130001,46.970001,47.34,3007900,
DFT,23.389999,23.700001,23.1,23.219999,1139700,
DG,51.150002,51.580002,50.959999,51.18,1600000,
DGI,30.700001,30.969999,30.18,30.219999,319300,
DGII,9.58,9.69,9.42,9.48,47400,
DGIT,6.91,7.005,6.85,6.9,318800,
DGL,47.040001,47.169998,46.950001,47.16,170300,
DGRW,24.620001,24.719999,24.48,24.540001,21900,
DGS,48.490002,48.639999,48.009998,48.110001,297200,
DGX,62.689999,63.389999,62.5,62.619999,477500,
DHI,23.620001,24.15,23.620001,23.889999,7673300,
DHR,62.420001,62.83,62.120003,62.519998,2794300,
DHT,4.37,4.42,4.37,4.42,9500,
DHX,9.28,9.4,9.21,9.25,255900,
DIA,151.600006,152.009995,150.389999,150.660004,4639300,
DIG,57.029999,57.23,55.790001,55.950001,79600,
DIN,72.230003,72.459999,71.589996,71.839996,48700,
DIOD,23.52,23.9,23.35,23.4,154500,
DIS,64.010002,64.43,63.630001,63.799999,5311800,
DISCA,75.839999,76.850003,75.600003,76.379999,4470300,
DISCK,67.629997,68.379997,67.220001,68.190002,2456600,
DISH,38.360001,39.68,38.360001,39.599998,1797200,
DJP,38.470001,38.48,38.310001,38.439999,495500,
DJX,151.78,152.06,150.45,150.7,10743383040,
DK,32.290001,32.619999,32.080002,32.209999,767100,
DKL,34.459999,34.650002,34.150002,34.470001,17500,
DKS,51.279999,51.84,51.029999,51.259998,845800,
DLB,34.049999,34.23,33.419998,33.75,179200,
DLLR,15.65,15.68,15.19,15.22,260700,
DLN,61.09,61.290001,60.740002,60.82,56100,
DLPH,51.049999,51.279999,50.830002,51.220001,1576200,
DLR,59.73,61.25,59.5,61.209999,1734200,
DLTR,49.27,49.720001,48.860001,49.119999,785300,
DLX,35.470001,35.470001,34.900002,35.09,279000,
DM,1.64,1.64,1.6,1.62,165300,
DMD,8.219999,8.299998,8.180001,8.240002,125900,
DMLP,24.290001,24.6,24,24.200001,43700,
DMND,19.309999,19.799999,19.08,19.629999,380900,
DNB,99.690002,99.82,98.389999,98.760002,293000,
DNDN,4.16,4.16,3.98,4.05,2898983,
DNKN,42.009998,42.209999,41.639999,42.02,649800,
DNN,1.23,1.28,1.22,1.24,435300,
DNO,35.639999,35.709999,35.57,35.599998,68200,
DNR,18.26,18.26,17.68,17.82,4314200,
DO,68,68,66.690002,67.160004,716400,
DOG,29.15,29.389999,29.07,29.34,243900,
DOLE,12.68,12.91,12.6,12.79,1249000,
DOM,5.03,5.15,5.03,5.06,14400,
DORM,46.700001,46.860001,45.880001,45.889999,80900,
DOV,78.630004,79.450002,78.300006,78.600006,789100,
DOW,34.52,34.779999,33.849998,34.009998,5481700,
DOX,35.73,35.799999,35.419998,35.619999,565300,
DPK,13.46,13.72,13.31,13.64,4100,
DPM,50,51.959999,49.759998,51.080002,313200,
DPS,46.900002,47.41,46.740002,46.93,1037800,
DPZ,60.07,60.099998,59.380001,59.59,341500,
DRC,59.720001,59.75,58.470001,58.599998,487700,
DRD,6.5,6.5,6.21,6.25,103800,
DRE,15.54,15.87,15.39,15.54,2651500,
DRH,9.34,9.73,9.34,9.56,1943600,
DRI,53.209999,53.360001,52.470001,52.540001,874900,
DRIV,17.99,18.07,17.85,17.92,178900,
DRN,46.07,48.330002,45.759998,46.77,1802400,
DRQ,90.160004,90.75,89.269997,89.540001,407800,
DRRX,0.81,0.83,0.79,0.83,87200,
DRV,15.87,16,15.08,15.61,121900,
DRWI,2.7,2.71,2.6,2.66,5000,
DRYS,1.889999,1.899999,1.799999,1.819999,200,
DSCI,13.17,13.86,13.17,13.28,18300,
DSCO,1.620001,1.640001,1.590001,1.630001,20100,
DSL,23.49,23.549999,23.1,23.440001,235000,
DSS,2.93,2.95,2.85,2.94,22500,
DST,66.739998,67.220001,66.209999,67.089996,358100,
DSW,74.360001,74.690002,73.82,74.410004,657600,
DSX,10.2,10.25,9.95,10.02,607100,
DTE,66.959999,67.339996,66.650002,66.870003,706000,
DTLK,11.67,11.69,11.39,11.5,23900,
DTN,63.419998,63.779999,63.18,63.369999,48700,
DTSI,20.75,21.02,20.34,20.35,63300,
DTV,60.950001,62.310001,60.91,62,3357300,
DUG,63.41,64.779999,63.299999,64.589996,52500,
DUK,67.489998,68.050003,67.449997,67.639999,2001000,
DUST,82.589998,88.899998,82.489998,88.489998,18200,
DV,29.440001,29.99,28.99,29.200001,264800,
DVA,129.789993,130.429993,128.460007,128.830002,742400,
DVAX,1.2,1.25,1.13,1.15,555800,
DVN,55.009998,55.23,54.169998,54.32,2460600,
DVR,0.2,0.2,0.2,0.2,0,
DVY,64.980003,65.300003,64.709999,64.809998,721400,
DW,40.619999,40.68,39.91,39.98,68100,
DWA,22.43,22.950001,22.4,22.809999,539500,
DWRE,33.549999,34.049999,33.549999,34.02,269700,
DWSN,8.409916,8.549915,8.409916,8.409916,25500,
DWX,46.790001,47.099998,46.52,46.669998,180800,
DX,10.53,10.75,10.48,10.52,491300,
DXCM,22,22.280001,21.860001,22.15,349900,
DXD,34.310001,34.849998,34.119999,34.720001,1250400,
DXJ,43.669998,43.93,42.580002,42.759998,17038900,
DXLG,5.89,6.22,5.86,6.01,445800,
DXM,17.35,18.33,17.35,18.219999,190000,
DXPE,63.669998,64.449997,63.540001,63.990002,46700,
DY,22.67,22.719999,22.17,22.17,54000,
DYAX,3.13,3.19,3.07,3.19,461900,
DYN,22.67,22.67,22.219999,22.469999,473100,
DZK,51.150002,51.970001,50.25,50.59,9500,
E,44.700001,45.09,42.950001,43.23,1135100,
EA,21.49,22.030001,21.450001,21.809999,3587900,
EAT,40.790001,41,40.32,40.540001,479000,
EBAY,51.500001,51.77,51.07,51.289999,15665400,
EBF,16.950001,16.950001,16.610001,16.66,31800,
EBIX,19.559999,19.6,19.370001,19.6,581700,
EBR,2.35,2.36,2.23,2.24,629700,
EBR.B,4.22,4.22,3.99,4.06,117100,
EBS,15.13,15.24,14.92,15.16,109700,
EC,42.110001,42.470001,41.779999,42.450001,480600,
ECA,17.77,17.780001,17.389999,17.469999,5751500,
ECH,55.689999,55.880001,55.200001,55.34,253100,
ECHO,18.41,18.709999,18.41,18.58,134700,
ECL,84.370003,84.699997,83.959999,84.029999,898600,
ECOL,28.68,28.879999,27.84,27.950001,48000,
ECPG,37.950001,38,36.009998,37.360001,650000,
ECT,10.06,10.11,9.97,10.01,69600,
ECYT,12.68,12.85,12.65,12.83,198900,
ED,57.849998,58.119999,57.549999,57.82,2058600,
EDAP,3.84,3.84,3.01,3.15,911600,
EDC,25.35,25.57,24.219999,24.42,180800,
EDE,22.059999,22.200001,21.9,21.940001,122100,
EDIV,41.810001,41.84,41.25,41.360001,69800,
EDMC,7.06,7.09,6.95,6.95,23700,
EDR,9.869902,9.9699,9.709903,9.859902,284600,
EDU,21.85,22.559999,21.809999,22.07,1028900,
EDZ,58.290001,60.860001,57.84,60.299999,751100,
EE,35.790001,35.790001,35.290001,35.490002,81100,
EEB,32.200001,32.200001,31.68,31.68,36100,
EEFT,31.09,31.09,30.49,30.65,82100,
EEM,39.810001,39.900002,39.200001,39.310001,101834900,
EEMV,57.91,58.060001,57.290001,57.48,1233200,
EEP,29.9,30.4,29.65,30.15,880400,
EEQ,29.740091,30.270091,29.510099,30.100099,143700,
EET,67.879997,68.150002,65.900002,66.459999,21000,
EEV,25.370001,26.17,25.290001,26.02,1089400,
EFA,60.009998,60.330002,59.610001,59.799999,17334200,
EFAV,58.290001,58.389999,57.849998,58.02,70000,
EFC,23.24,23.639999,22.860001,23.309999,281700,
EFG,64.230003,64.529999,63.849998,63.959999,40200,
EFII,29.139999,29.139999,28.799999,29.049999,152400,
EFU,57.380001,58.009998,57.290001,57.790001,2000,
EFV,51.009998,51.310001,50.630001,50.84,83300,
EFX,60.700001,60.950001,60.470001,60.799999,536600,
EFZ,38.790001,39.07,38.68,39,55900,
EGAN,8.09,8.15,8.05,8.09,10300,
EGBN,22.49,22.620001,21.93,22.040001,39600,
EGHT,7.92,7.93,7.69,7.72,371000,
EGLE,3.970007,4.180007,3.850007,4.060007,1600,
EGN,53.959999,54.259998,53.75,54.02,438800,
EGO,7.49,7.59,7.29,7.32,2386800,
EGOV,16.35,16.35,16.09,16.129999,180500,
EGP,56.799999,57.75,56.150002,56.970001,211000,
EGY,6.06,6.06,5.84,5.85,251800,
EHTH,25.110001,25.389999,24.57,24.57,118800,
EIG,24.5,24.65,24.15,24.34,145200,
EIX,47.029999,47.59,46.950001,47.150002,2736800,
EJ,4.499997,4.710001,4.490002,4.690001,410800,
EKDKQ,0.1305,0.134,0.126,0.127,1260600,
EL,67.900002,68.610001,67.550003,68.410004,1254400,
ELD,49.740002,49.950001,49.490002,49.639999,378300,
ELGX,12.88,13.19,12.8,13.18,369000,
ELLI,23.5,24.030001,23.15,24,737100,
ELN,13.57,13.95,13.51,13.66,56038400,
ELNK,6.11,6.11,6.01,6.06,390100,
ELON,2.4,2.44,2.33,2.36,12500,
ELOS,8.77,8.77,8.52,8.58,83600,
ELP,16.030001,16.219999,15.68,15.68,332800,
ELRC,17.82,17.99,17.26,17.26,17900,
ELX,6.58,6.6,6.46,6.51,457000,
ELY,6.58,6.6,6.51,6.57,456600,
EMAN,3.8,3.8,3.65,3.72,71022,
EMB,114.160004,114.720001,113.309998,113.860001,1805600,
EMC,24.700001,25.059999,24.639999,24.76,17675700,
EME,38.700001,39.150002,38.630001,38.669998,143000,
EMKR,3.8,3.85,3.61,3.62,153400,
EMLC,25.629999,25.700001,25.41,25.440001,596200,
EMN,71.010002,71.629997,70.860001,71.019997,1170100,
EMR,56.639999,56.93,56.060001,56.139999,2327200,
ENB,43.709999,44.099998,43.490002,43.869999,1399300,
END,3.41,3.57,3.4,3.48,358000,
ENDP,38.509998,39.27,38.18,38.779999,1175300,
ENG,0.85,0.85,0.8,0.82,65700,
ENH,50.009998,50.709999,49.91,50.619999,785400,
ENI,16.34,16.379999,16.190001,16.219999,765900,
ENOC,13.58,13.8,13,13.04,486000,
ENPH,6.71,7.05,6.4,6.6,274600,
ENR,100.82,101.410004,100.379997,100.720001,387200,
ENS,50.169998,50.400002,49.32,49.490002,251500,
ENSG,35.930006,36.040006,35.390005,35.500005,256200,
ENTG,9.93,9.99,9.75,9.8,411300,
ENTR,4.55,4.64,4.41,4.49,1031700,
ENVI,2.18,2.34,1.9,2.06,829900,
ENZ,2.17,2.22,2.17,2.17,37700,
ENZN,1.79,1.8,1.71,1.79,212300,
EOC,45.240002,45.639999,45.139999,45.139999,65200,
EOG,133.610001,133.610001,131.130005,131.740005,2687800,
EOPN,14.47,15.3,14.47,15.06,43600,
EOX,6.25,6.35,6.15,6.2,6400,
EPAM,25.42,25.42,24.790001,24.969999,170700,
EPAX,3.66,3.69,3.64,3.65,18700,
EPAY,26.82,26.940001,26.16,26.299999,177100,
EPB,41.44,42.23,41.2,41.92,483400,
EPD,59.959999,60.610001,59.509998,60.189999,5366800,
EPI,16.93,16.940001,16.709999,16.74,3816000,
EPIQ,12.67,13,12.64,12.99,96300,
EPL,30.08,30.2099,29.55,29.57,114400,
EPM,10.97,11.01,10.82,10.9,62700,
EPP,45.400002,45.630001,45.139999,45.169998,874000,
EPR,51.98,52.889999,51.48,52.110001,228600,
EPU,36.299999,36.470001,36.139999,36.400002,452400,
EPV,22.049999,22.27,21.870001,22.1,149800,
EPX,421.24,422.68,413.76,415.01,0,
EQIX,191.669998,192.509995,189.850006,191.110001,630800,
EQM,47.209999,49.700001,47.209999,49.32,372200,
EQR,56.5,57.049999,55.970001,56.34,1400600,
EQT,80.099998,80.330002,79.199997,79.690002,717200,
EQU,3.64,3.65,3.6,3.64,76600,
EQY,22.969999,23.360001,22.809999,22.950001,406100,
ERF,15.06,15.07,14.72,14.75,544400,
ERIC,12,12,11.86,11.91,3672600,
ERII,4.19,4.19,3.91,3.96,116500,
ERJ,35.5,35.830002,35.099998,35.240002,1088700,
EROC,8.69,8.82,8.65,8.73,491900,
ERX,67.980003,68.169998,65.470001,65.82,432800,
ERY,29.49,30.57,29.41,30.42,336800,
ESC,24.61,24.69,24.23,24.51,119000,
ESE,32.16,32.16,31.469999,31.719999,43400,
ESEA,1,1.02,1,1.01,3600,
ESI,27.370001,28.15,25.84,26.559999,670000,
ESIO,11.2,11.2,10.96,10.96,46700,
ESL,72.540001,72.889999,71.57,72.169998,93700,
ESRX,61.759998,62.77,61.689999,61.939999,3957800,
ESS,156.850006,158.960007,155.570007,156.699997,125500,
ESV,59.139999,59.169998,58.060001,58.080002,1667400,
ET,33.62,33.66,33.61,33.64,1085400,
ETE,57.77,57.77,56.259998,57,7918000,
ETFC,11.69,11.7,11.28,11.44,2690100,
ETH,31.870001,32.759998,31.290001,31.48,262700,
ETM,10.01,10.01,9.8,9.83,54700,
ETN,64.690002,65.279999,64.400002,64.580002,1792900,
ETP,49.150002,49.77,48.66,49.389999,1074800,
ETR,68.699997,69.370003,68.410004,68.470001,937600,
ETRM,1.150001,1.150001,1.100001,1.120001,36600,
EUI,75.050003,75.209999,74.910004,74.919998,0,
EUO,18.469999,18.5,18.35,18.35,377600,
EUU,133.240005,133.5,132.960007,133.470001,0,
EV,39.68,39.759998,39.110001,39.189999,274400,
EVC,5.47,5.5,5.33,5.43,776500,
EVEP,34.299999,34.5,33.900002,34.060001,290900,
EVER,16.139999,16.75,16.07,16.540001,944400,
EVR,38.18,39.43,37.990002,38.43,588000,
EVTC,21.33,21.9,21.280001,21.879999,356900,
EW,70.690002,71.5,69.620003,70,3190000,
EWA,24.09,24.23,23.889999,23.940001,2461000,
EWBC,26.610001,26.65,26.389999,26.48,1315800,
EWC,27.58,27.68,27.35,27.379999,1094500,
EWD,32.900002,33.09,32.799999,32.950001,118100,
EWG,26.33,26.5,26.17,26.24,3261100,
EWH,18.99,19.049999,18.9,18.93,6936800,
EWI,12.94,13.02,12.74,12.79,892400,
EWJ,10.97,11.04,10.85,10.86,17647600,
EWL,29.860001,29.969999,29.76,29.860001,460300,
EWM,15.95,15.98,15.81,15.85,244200,
EWP,30.15,30.33,29.879999,30.040001,677300,
EWQ,25.01,25.129999,24.809999,24.92,1052800,
EWS,13.25,13.31,13.18,13.24,1379600,
EWT,13.31,13.33,13.18,13.24,3883000,
EWU,18.67,18.780001,18.629999,18.700001,822700,
EWV,21.379999,21.809999,21.16,21.809999,17600,
EWW,65.629997,65.949997,64.720001,64.790001,2642500,
EWX,46.02,46.18,45.5,45.529999,39900,
EWY,54.599998,54.75,53.959999,54.18,2019900,
EWZ,48.639999,48.639999,47.459999,47.630001,13341800,
EXA,9.38,9.93,9.25,9.39,81200,
EXAM,19.940001,20.120001,19.57,19.959999,150400,
EXAR,11.28,11.3,11,11.18,120300,
EXAS,13.16,13.21,12.31,12.34,1574400,
EXC,30.719999,31,30.610001,30.629999,4795200,
EXEL,4.65,4.76,4.65,4.7,762400,
EXH,29.16,29.25,28.82,28.950001,360800,
EXK,4.17,4.23,4.02,4.05,541100,
EXL,13.67,13.8,13.54,13.58,130000,
EXLP,27.99,29.24,27.99,28.77,180700,
EXLS,29.870001,30,29.52,29.67,42500,
EXMCF,0.08,0.1,0.07,0.08,2134800,
EXP,71.93,72.709999,71.18,71.510002,374000,
EXPD,38.610001,38.950001,38.16,38.279999,631700,
EXPE,58,58.759998,57.490002,58.009998,2718300,
EXPO,58.25,58.860001,57.459999,57.889999,40200,
EXPR,21.68,21.77,21.17,21.17,574300,
EXR,42.009998,42.669998,41.849998,42.310001,653500,
EXTR,3.58,3.58,3.51,3.53,1100700,
EXXI,25.4,25.66,24.450001,24.6,811300,
EZA,58.130001,58.240002,57.32,57.599998,430100,
EZCH,28.16,28.610001,28.16,28.309999,79200,
EZJ,74.720001,75.57,73.110001,73.400002,66700,
EZPW,19.26,19.299999,18.629999,18.879999,168000,
EZU,34.919998,35.130001,34.68,34.790001,1450200,
F,15.52,15.57,15.35,15.37,27186000,
FAF,22.780001,23.110001,22.709999,22.969999,1011200,
FALC,1.52,1.66,1.49,1.5,179800,
FARO,35.799999,36.18,34.880001,35.02,142000,
FAS,66.089996,66.800003,63.880001,64.290001,29706800,
FAST,48.450001,48.889999,47.599998,47.689999,1165700,
FAZ,32.959999,34.049999,32.619999,33.830002,2641600,
FB,23.559999,23.889999,23.26,23.629999,30677100,
FBC,13.64,13.65,13.31,13.45,198900,
FBHS,39.439999,40.169998,39.23,40.099998,1015300,
FBN,4.63,4.69,4.6,4.68,47449,
FBP,6.75,6.8,6.62,6.65,255000,
FBR,10.54,10.54,10.3,10.37,655900,
FBRC,25.889999,25.889999,24.610001,24.65,31100,
FBT,57.450001,57.450001,56.400002,56.68,76700,
FCE.A,18.24,18.64,18.19,18.43,750600,
FCEL,1.429999,1.449999,1.379999,1.379999,145000,
FCFS,57.59,57.59,56.740002,57.049999,155900,
FCG,16.830001,16.89,16.47,16.510001,126800,
FCH,5.85,6.01,5.81,5.85,803200,
FCN,37.110001,37.200001,36.220001,36.349998,116700,
FCS,13.36,13.62,13.34,13.54,1395000,
FCSC,5.62,5.7,5.42,5.49,28400,
FCX,29.93,30.23,29.48,29.57,12986700,
FDEF,23.59,23.67,23.049999,23.24,33100,
FDN,45.540001,45.689999,45.299999,45.41,87200,
FDO,62.490002,63.400002,62.490002,63.23,1258000,
FDP,27.73,27.870001,27.540001,27.6,131800,
FDS,101.980003,102.059998,99.949997,100.879997,467400,
FDUS,18.35,18.450001,18.110001,18.15,54700,
FDX,99.510002,100.75,98.720001,99.120003,1534900,
FE,38.52,38.790001,38.259998,38.330002,1465000,
FEIC,73.730003,73.989998,72.669998,73.080002,95600,
FET,30.4,30.780001,30.280001,30.5,190300,
FEZ,35.599998,35.84,35.310001,35.450001,756500,
FF,14.43,14.62,14.27,14.35,110400,
FFBC,15.07,15.07,14.66,14.69,139200,
FFCH,20.47,20.47,19.78,20.01,37600,
FFG,42.709999,42.709999,42.169998,42.509998,53000,
FFIC,15.71,15.72,15.52,15.7,108100,
FFIN,55.990002,55.990002,54.209999,54.330002,59600,
FFIV,74.919998,75.459999,73.660004,73.989998,1186000,
FFNW,10.1,10.21,9.95,9.95,16400,
FGP,22.25,22.5,22.1,22.27,239100,
FHCO,9.89,9.93,9.82,9.86,43400,
FHN,11.22,11.22,10.91,10.97,3070900,
FICO,47.740002,48,47.040001,47.169998,87400,
FIG,7.28,7.31,7.15,7.25,608600,
FII,27.860001,27.91,27.24,27.48,453300,
FINL,21.24,21.49,21.129999,21.129999,250500,
FIO,14.11,14.15,13.6,13.67,2137400,
FIRE,53.39,54,52.93,53.44,350400,
FIS,44.290001,44.470001,43.459999,43.639999,1586700,
FISV,87.989998,87.989998,86.599998,86.980003,875000,
FITB,18.469999,18.49,18.200001,18.309999,8866600,
FIVE,36.849998,37.240002,36.290001,36.98,300900,
FIW,28.360001,28.43,28.16,28.18,151800,
FIX,14.87,14.87,14.33,14.37,48600,
FIZZ,17.799999,17.92,17.1,17.200001,19200,
FL,34.389999,35.080002,34.349998,34.77,2172500,
FLDM,16.360001,16.620001,16.18,16.23,30900,
FLEX,7.76,7.8,7.61,7.64,3869600,
FLIR,24.120001,24.459999,24.120001,24.440001,1656200,
FLML,6.1,6.18,6.06,6.15,17800,
FLO,33.380001,33.599999,33,33.2,601800,
FLOW,3.54,3.65,3.5,3.5,570500,
FLR,61.150002,61.860001,60.849998,61,1171900,
FLS,165.779995,166.869999,164.139999,165.650002,755100,
FLT,87.949997,88.459999,86.730003,87.650002,352700,
FLTX,30.73,31.129999,30.73,30.9,118900,
FLWS,5.7,5.86,5.55,5.56,130200,
FLY,16.309999,16.4,16.02,16.26,76200,
FMBI,13.02,13.09,12.65,12.66,326400,
FMC,63.07,63.43,62.209999,62.57,570600,
FMER,18.93,19.040001,18.709999,18.77,504300,
FMS,35.009998,35.189999,34.880001,34.91,232200,
FMX,101.970001,102.480003,100.510002,101.300003,410000,
FN,14.77,15.06,14.68,14.72,135500,
FNB,11.4,11.4,11.09,11.09,1402400,
FNF,24.439995,24.500003,24.049998,24.360005,2528700,
FNFG,9.78,9.88,9.71,9.78,2628600,
FNGN,46.130001,46.540001,45.110001,45.360001,203400,
FNI,21.440001,21.6,21.440001,21.450001,7400,
FNP,21.64,21.86,21.4,21.57,432300,
FNSR,14.63,14.91,14.12,14.21,2173400,
FNV,40.099998,40.290001,39.389999,39.419998,266300,
FOE,7.03,7.14,6.91,7.12,540000,
FOLD,3.33,3.33,3.18,3.19,184400,
FOR,21.719999,21.9,21.360001,21.389999,140100,
FORM,6.7,6.73,6.62,6.64,258400,
FORR,35.919998,36.27,35.57,35.75,61400,
FOSL,104.110001,105.290001,103.309998,104.419998,650800,
FPO,13.36,13.52,13.3,13.39,608600,
FR,16.200001,16.389999,16.01,16.110001,459600,
FRAK,25.879999,25.879999,25.440001,25.540001,6300,
FRAN,26.27,26.34,25.870001,26.200001,652200,
FRC,38.799999,38.799999,38.220001,38.560001,1099800,
FRED,15.94,16.02,15.7,15.71,84600,
FRGI,34.939999,35.869999,34.619999,35.18,110600,
FRM,7.22,7.25,7.02,7.06,50200,
FRME,17.219999,17.25,16.610001,16.799999,72200,
FRO,1.82,1.91,1.81,1.87,172300,
FRP,8.29,8.33,8.18,8.27,13000,
FRT,105.699997,107.220001,105.300003,105.800003,442900,
FRX,40.56,41.09,40.28,41.08,1512900,
FSA,11.75,11.75,11.75,11.75,0,
FSC,10.34,10.37,10.2,10.26,982500,
FSG,1.7,1.7,1.7,1.7,0,
FSL,14.78,15.19,14.67,14.96,944700,
FSLR,46.549999,46.810001,44.34,44.709999,8949200,
FSM,3.67,3.69,3.57,3.59,105000,
FSP,13.48,13.6,13.34,13.49,492700,
FSS,8.81,8.81,8.52,8.52,116700,
FST,4.4,4.49,4.255,4.28,1548845,
FSTR,45.32,45.57,43.799999,43.810001,16800,
FSYS,17.129999,17.219999,16.5,16.51,156100,
FTE,0.015,0.015,0.015,0.015,0,
FTEK,3.79,3.99,3.74,3.77,49600,
FTI,56.119999,56.400002,55.540001,55.619999,878800,
FTK,17.66,17.799999,17.43,17.450001,347700,
FTNT,18.01,18.129999,17.559999,17.74,2532800,
FTR,4.24,4.27,4.19,4.22,9692000,
FU,3.55,3.55,3.36,3.5,44900,
FUBC,6.74,6.74,6.41,6.44,15100,
FUL,41.720001,41.84,41.09,41.330002,94000,
FULT,11.32,11.32,11.09,11.14,464300,
FUN,40.27,41.02,40.25,40.779999,235200,
FUR,11.99,12.18,11.89,12.09,197700,
FURX,35.98,35.98,35.49,35.69,24400,
FVE,5.3,5.34,5.23,5.29,396100,
FWLT,23.52,24.15,23.42,24.09,1013000,
FWM,23.15,24.110001,23.15,23.91,498700,
FWRD,38.900002,39.119999,38.130001,38.279999,35000,
FXA,96.190002,96.580002,95.760002,95.980003,219800,
FXB,154.449997,155.100006,154.429993,155.100006,19900,
FXC,97.75,98.110001,97.650002,97.769997,29200,
FXCM,14.3,14.4,14.19,14.27,16000,
FXD,27.26,27.379999,27.17,27.219999,108800,
FXE,131.880005,132.259995,131.860001,132.220001,219900,
FXEN,4.12,4.5,4.12,4.13,751000,
FXF,106.110001,106.699997,106.040001,106.550003,15200,
FXI,34.330002,34.439999,33.799999,33.98,29592100,
FXO,18.98,18.98,18.67,18.719999,111400,
FXP,22.74,23.389999,22.610001,23.16,95500,
FXS,153.949997,154.470001,153.949997,154.410004,2300,
FXY,102.809998,104.150002,102.699997,103.75,877800,
FXZ,27.559999,27.639999,27.309999,27.41,31000,
G,18.860001,18.959999,18.76,18.83,476700,
GA,7.57,7.62,7.4601,7.6,1380067,
GAGA,3.71,3.71,3.71,3.71,100,
GAIA,4.3,4.48,4.3,4.47,30000,
GAIN,7.37,7.45,7.3,7.35,98000,
GALE,2.08,2.17,2.08,2.17,852600,
GAME,3.91,3.98,3.85,3.86,554100,
GAS,42.740002,43.150002,42.59,42.98,331300,
GASL,22.700001,23.050001,21.440001,21.460001,200,
GASS,10.42,10.6,10.32,10.58,313400,
GASX,11.5,12.33,11.5,12.29,40400,
GAZ,2.56,2.57,2.56,2.56,5000,
GB,33.560001,34.07,33.48,33.959999,114000,
GBCI,20.540001,20.780001,20.27,20.32,249200,
GBDC,17.559999,17.77,17.360001,17.58,317300,
GBP,156.509995,157.130005,156.210007,157.039993,0,
GBX,24.799999,25.17,24.469999,24.59,331400,
GCA,6.47,6.5,6.41,6.43,186400,
GCC,26.99,26.99,26.870001,26.9,161100,
GCI,26.360001,26.360001,24.120001,24.99,13268600,
GCO,71.050003,71.339996,69.959999,70.010002,219900,
GCOM,13.11,13.1294,12.82,12.84,38800,
GD,78.110001,79,77.900002,78,1570000,
GDI,0.19,0.19,0.19,0.19,0,
GDOT,19.5,19.5,18.66,18.809999,271600,
GDP,12.2,12.34,11.92,11.99,288200,
GDRZF,2.9,2.9,2.85,2.9,27100,
GDX,28.790001,28.82,28.07,28.120001,12271700,
GDXJ,11.53,11.53,11.24,11.28,364800,
GE,23.68,23.75,23.459999,23.52,27846000,
GEF,53.900002,54.040001,53.43,53.610001,99100,
GEL,51.029999,51.919998,50.779999,51.389999,373600,
GENE,2.72,2.8,2.6,2.77,9900,
GEO,35.169998,35.549999,34.880001,34.959999,277400,
GEOS,71.830002,72,70.849998,71.559998,141600,
GERN,1.13,1.16,1.13,1.14,556400,
GES,31.459999,31.540001,31.23,31.360001,499000,
GEVA,41.130001,41.610001,40.560001,40.970001,67600,
GEVO,1.679998,1.699998,1.659998,1.679998,500,
GEX,15.299848,15.299848,15.099849,15.179849,10600,
GFA,3.26,3.26,3,3,1020500,
GFF,11.15,11.17,10.9,10.98,110700,
GFI,6.04,6.1,5.98,6.02,2903700,
GFIG,4.2,4.2,4.09,4.12,86500,
GG,28.620001,28.629999,27.68,27.74,5568700,
GGB,6.01,6.06,5.84,5.96,6848900,
GGG,63.400002,63.75,62.889999,63.009998,177400,
GGP,20.780001,20.959999,20.639999,20.879999,2335000,
GGS,0.01,0.01,0.01,0.01,0,
GHDX,35.25,35.360001,33.919998,34.150002,169700,
GHL,47.360001,47.610001,47.02,47.139999,204000,
GHM,27.049999,27.110001,26.5,26.5,9500,
GIFI,20.629999,20.870001,20.35,20.360001,27100,
GIGM,0.99,1.01,0.98,0.98,16900,
GIII,49,49.700001,48.810001,49,407400,
GIL,40.279999,40.790001,40.150002,40.349998,375600,
GILD,51.889999,52.790001,51.849998,52.23,6216700,
GILT,5.56,5.65,5.56,5.6,30800,
GIS,49,49.529999,48.939999,49.290001,3097800,
GIVN,13.91,13.96,13.83,13.84,49500,
GK,49.330002,49.330002,48.009998,48.169998,33700,
GLAD,8.43,8.43,8.3,8.33,129900,
GLD,134,134.600006,133.880005,134.429993,4278700,
GLDD,8.37,8.39,8.2,8.21,201500,
GLF,46.650002,46.650002,45.619999,45.66,54500,
GLL,85.970001,86,85.160004,85.339996,50900,
GLNG,33.509998,33.560001,32.639999,32.75,271500,
GLOG,12.86,12.97,12.61,12.77,192400,
GLP,38.16,38.439999,37.919998,38.060001,70700,
GLPW,16.02,16.200001,15.62,15.67,23200,
GLRE,25.200001,25.280001,24.889999,24.940001,149500,
GLT,26.299999,26.34,25.85,25.959999,107800,
GLUU,2.43,2.45,2.38,2.4,603500,
GLW,15.12,15.15,14.89,14.92,7531900,
GM,34.459999,34.619999,34.09,34.290001,10091600,
GMAN,13.84,13.91,13.39,13.42,10400,
GMCR,78.400002,79.940002,77.349998,78.379997,2981200,
GME,38.639999,39.77,38.59,39.009998,6065900,
GMED,15.44,15.56,15.1,15.19,299800,
GMLP,33.119999,33.849998,33.09,33.720001,95600,
GMO,1.99,2.02,1.93,1.93,141200,
GMT,49.5,49.82,48.549999,48.619999,279800,
GNC,46.119999,46.669998,45.799999,46,885800,
GNCMA,8.48,8.56,8.38,8.46,132600,
GNE,9.8,10.17,9.78,9.91,95100,
GNK,1.35,1.44,1.3,1.36,518300,
GNMK,11.98,12.2,11.86,11.97,278000,
GNRC,34.52,34.900002,34.52,34.84,2168200,
GNTX,23.209999,23.25,22.91,22.969999,788200,
GNW,11.06,11.06,10.79,11,12175600,
GOL,4.08,4.14,3.99,4.02,236700,
GOLD,76.120003,76.900002,75.199997,75.339996,889800,
GOOGL,880.099987,884.699997,874.130011,875.039989,4485500,
GORO,9.57,9.75,9.49,9.52,228500,
GOV,24.549999,25.030001,24.51,24.700001,422600,
GPC,78.459999,79.110001,78.010002,78.639999,398300,
GPI,64.360001,64.75,63.41,63.540001,125200,
GPK,7.61,7.63,7.56,7.6,1018000,
GPL,0.85,0.87,0.81,0.83,131100,
GPN,48.509998,48.759998,48.150002,48.16,1255600,
GPOR,50.389999,50.75,49.060001,49.580002,814600,
GPRE,13.97,14.12,13.67,14.02,252600,
GPS,41.400002,41.630001,40.98,41.48,3655500,
GPT,9.39999,9.47999,9.259991,9.39999,343000,
GPX,23.99,24,23.629999,23.639999,13500,
GRA,83.25,83.5,82.519997,82.690002,508600,
GRC,29.200001,29.419999,29.089999,29.11,20500,
GREK,16.870001,17.24,16.16,16.450001,147700,
GRFS,26.43,26.690001,26.15,26.299999,1205200,
GRMN,34.240002,34.32,33.669998,33.720001,963000,
GROW,2.58,2.58,2.53,2.54,19200,
GRPN,7.4,8.03,7.35,7.65,62381800,
GRT,25.5,26.24,25.5,25.6,4544000,
GRU,6.78,6.83,6.77,6.83,10300,
GS,165.740005,166.110001,162.910004,162.919998,2970600,
GSG,31.799999,31.9,31.75,31.799999,335000,
GSH,20.98,21.049999,20.75,20.77,33700,
GSI,0.99,1.02,0.98,1,2500,
GSK,52.290001,52.810001,52.27,52.490002,1482700,
GSM,11.7,11.8,11.49,11.49,285400,
GSS,0.58,0.6,0.52,0.54,3541400,
GST,2.63,2.63,2.47,2.5,187500,
GSVC,8.11,8.13,8,8.04,79200,
GT,15.47,15.59,15.28,15.31,3587700,
GTAT,4.07,4.12,3.77,3.78,2634600,
GTE,6.3,6.38,6.21,6.23,222900,
GTI,8.37,8.44,8.12,8.21,1287600,
GTIV,11.5,11.66,11.35,11.5,144200,
GTLS,96.519997,97.050003,95.129997,96.190002,242100,
GTN,6.37,6.5,6.14,6.48,912700,
GTXI,6.94,7.1,6.85,6.97,859200,
GTY,21.049999,21.48,20.799999,21.1,37900,
GUID,8.86,8.89,8.75,8.78,26000,
GUR,39.380001,39.549999,38.959999,38.970001,5000,
GURE,1.22,1.22,1.2,1.21,53000,
GV,2.41,2.55,2.41,2.46,216300,
GVA,30.290001,30.41,29.629999,29.959999,136500,
GVZ,22.69,22.69,20.86,20.91,0,
GWAY,11.13,11.49,11.08,11.45,95400,
GWL,26.4,26.43,26.17,26.219999,49600,
GWR,91.199997,91.959999,89.910004,89.959999,294100,
GWRE,40.48,40.48,39.889999,39.990002,297000,
GWW,252.479996,255.179993,252.190002,254.380005,246800,
GXC,66.959999,67,66,66.25,302300,
GXG,18.889999,19.030001,18.700001,18.959999,129000,
GXP,22.76,23.049999,22.690001,22.969999,1156100,
GY,15.47,15.52,15.15,15.29,785900,
GZT,13.21,13.35,13.15,13.15,4500,
H,40.599998,40.970001,40.130001,40.560001,358200,
HA,6.3,6.42,6.25,6.29,898000,
HAE,42.080002,42.470001,42.029999,42.240002,328400,
HAFC,15.61,15.66,15.52,15.59,118500,
HAIN,67.389999,67.860001,66.879997,67.279999,333400,
HAL,43.380001,43.5,42.68,42.93,7506300,
HALO,6.52,6.61,6.38,6.43,589200,
HAO,23.1,23.1,22.82,22.889999,91300,
HAR,51.68,52.009998,51.41,51.639999,660700,
HAS,44.389999,44.639999,44,44.09,794200,
HASI,10.75,11.29,10.7,11.29,127000,
HAWK,25.870001,26.5,25.82,25.85,39000,
HAYN,48.75,49.18,47.790001,47.91,24900,
HBAN,7.72,7.74,7.53,7.53,9668000,
HBC,53.33,53.7,53.1,53.32,1478653,
HBHC,28.700001,28.790001,27.889999,28.049999,487500,
HBI,51.32,51.470001,50.740002,51.400002,1823600,
HBIO,4.959994,5.040005,4.850003,4.900006,65500,
HBM,7.85,7.87,7.54,7.57,31700,
HCA,40.25,40.32,39.810001,39.900002,1637300,
HCBK,8.42,8.47,8.28,8.29,3252800,
HCC,43.099998,43.099998,42.610001,42.630001,286100,
HCI,35.150002,35.5,33.650002,33.830002,66400,
HCLP,21.440001,22.15,21.440001,22.07,104900,
HCN,66.900002,68.099998,66.730003,67.370003,2071800,
HCP,46.000001,46.669999,45.750003,45.950002,7151200,
HCSG,22.35,22.48,22.049999,22.25,149400,
HD,76.220001,76.949997,76.07,76.589996,8613100,
HDB,37.599998,38.290001,37.470001,37.830002,684900,
HDGE,16.08,16.190001,16.02,16.16,228500,
HDV,68.139999,68.440002,67.919998,68.029999,205100,
HDY,0.49,0.5,0.49,0.5,14200,
HE,24.84,25.059999,24.690001,24.879999,415000,
HEDJ,50.32,50.48,49.790001,49.970001,132600,
HEES,21.35,22.440001,21.209999,22.41,170200,
HEI,51.51,51.999998,50.960002,51.360002,94600,
HELE,40.41,40.700001,39.880001,40.09,83700,
HEP,36.93,38.34,36.799999,38.049999,95100,
HERO,7.01,7.12,6.92,7,2030200,
HES,67.239998,67.25,65.769997,65.970001,3066400,
HF,17.750001,17.760005,17.520003,17.520003,85600,
HFC,45.540001,45.75,45.110001,45.189999,1980500,
HGG,17.18,17.219999,16.709999,16.92,291300,
HGT,8.64,8.65,8.35,8.36,74400,
HGX,190.01,192.38,189.41,189.76,0,
HHC,103.849998,108.529999,102.949997,106.260002,217700,
HHS,9.07,9.1,8.84,8.85,59300,
HI,23.889999,24,23.51,23.629999,125300,
HIBB,57.299999,57.68,56.82,57.299999,229300,
HIG,30.02,30.049999,29.129999,29.200001,4196300,
HII,55.939999,56.59,55.52,56.09,95500,
HIMX,5.45,5.63,5.31,5.39,23841700,
HITK,33.26,33.47,32.54,32.71,98700,
HITT,54.07,54.07,53.36,53.39,105800,
HIW,35.810001,36.169998,35.540001,35.779999,869900,
HK,5.4,5.56,5.29,5.53,48900,
HKTV,6.21,6.23,6.06,6.07,9200,
HL,3.56,3.6,3.4,3.41,9514500,
HLF,47,49.27,46.869999,48.330002,2814300,
HLIT,6.21,6.33,6.12,6.13,564200,
HLS,30.059999,30.290001,29.59,29.719999,351000,
HLSS,24.15,24.6,23.76,24.01,516100,
HLX,23.75,23.75,23,23.139999,529700,
HMA,16.03,16.41,15.97,16.01,7478000,
HMC,36.48,36.68,36.189999,36.279999,451400,
HME,61.360001,62.450001,61.240002,61.900002,774100,
HMIN,29.76,29.879999,28.75,28.91,137200,
HMN,25.299999,25.389999,24.950001,25.129999,103700,
HMST,20.98,21.450001,20.620001,20.75,39000,
HMSY,22.780001,22.889999,22.49,22.559999,363800,
HMY,3.92,3.98,3.81,3.83,2481400,
HNI,36.700001,36.700001,35.669998,35.880001,65000,
HNP,36.919998,37.049999,36.57,36.639999,61000,
HNR,3.44,3.45,3.15,3.17,400000,
HNSN,1.68,1.7,1.61,1.63,21100,
HNT,31.120001,31.280001,30.690001,30.799999,395200,
HOFT,15.57,15.77,15.06,15.12,28500,
HOG,53.5,53.630001,52.990002,53.130001,950400,
HOGS,13.36,13.4,13.35,13.37,307000,
HOLI,12.09,12.26,12,12.14,151000,
HOLX,21.57,21.73,21.190001,21.280001,2096500,
HOMB,20.9,20.92,20.32,20.610001,390400,
HON,78.160004,78.650002,77.860001,78.18,2636900,
HOS,52.23,52.549999,51.799999,52.110001,246200,
HOT,66.860001,67.699997,66.07,66.360001,1159600,
HOV,6.16,6.34,6.16,6.28,9157700,
HP,62.009998,62.18,60.77,60.82,952500,
HPP,21.18,21.57,20.9,21.129999,106000,
HPQ,24.929998,25.089999,24.549999,24.739999,21467500,
HPT,26.76,27.24,26.610001,26.950001,1162700,
HPY,34.400002,35.360001,34.130001,34.66,1209300,
HR,25.459999,25.93,25.25,25.57,617300,
HRB,28.799999,28.92,28.51,28.629999,2794300,
HRC,35.630001,35.650002,35.259998,35.32,97600,
HRG,8.18,8.24,8.03,8.21,356400,
HRL,39.580002,40.200001,39.580002,40.130001,2141800,
HRS,49.84,50.419998,49.639999,49.82,540000,
HRZN,13.96,14.05,13.93,13.97,33200,
HSC,23.059999,23.17,22.92,23.02,235200,
HSH,33.03,33.27,32.72,33.2,1072700,
HSIC,97.139999,97.540001,96.57,96.93,285600,
HSII,17.76,17.780001,17.1,17.17,35900,
HSNI,56.91,57.130001,55.790001,56.080002,106800,
HSOL,1.75,1.8,1.7,1.72,633000,
HSP,36.490002,36.700001,36.169998,36.240002,427800,
HST,16.950001,17.459999,16.950001,17.219999,10122300,
HSTM,26.51,26.52,25.610001,26.040001,80300,
HSY,87.989998,89.360001,87.5,89.150002,903100,
HT,5.6,5.76,5.6,5.72,698700,
HTA,11.66,11.9,11.63,11.74,797500,
HTCH,6.5,6.5,5.94,6.1,524600,
HTGC,13.41,13.47,13.25,13.39,301300,
HTH,16.24,16.41,16.030001,16.129999,362700,
HTHT,14.89,15.42,14.75,14.83,256000,
HTLD,14,14.07,13.78,13.83,192700,
HTS,26.35,27,26.07,26.17,1382900,
HTSI,46.62,47.03,46.52,46.93,161000,
HTWR,91.599998,92.220001,90.110001,91.400002,179800,
HTZ,25.120001,25.23,24.190001,24.43,9294100,
HUB.B,97.87,99.02,97.45,98.47,143300,
HUBG,35.450001,35.610001,34.990002,35.07,113100,
HUM,81.32,82.050003,80.800003,80.93,816900,
HUN,18.41,18.57,18.110001,18.27,2100400,
HURN,44.049999,44.139999,43.560001,44.080002,147300,
HUSA,0.28,0.35,0.28,0.34,400900,
HVT,24.889999,24.889999,23.799999,24.200001,100900,
HW,10.2,10.28,10.04,10.07,325200,
HWAY,14.43,14.46,13.96,14,124700,
HWCC,14.19,14.28,14.04,14.14,31800,
HXL,34.919998,35.049999,34.650002,34.849998,550100,
HXM,4.3,4.37,3.95,3.95,736900,
HY,68.760002,68.760002,66.379997,66.809998,17400,
HYD,31.110001,31.629999,30.879999,31.52,698700,
HYG,92.779999,92.940002,92.550003,92.809998,3909200,
HYLD,51.07,51.200001,50.98,51.009998,99500,
HYS,103.790001,103.800003,103.360001,103.5,137800,
HZNP,2.29,2.3,2.26,2.28,144800,
HZO,11.99,11.99,11.53,11.64,106400,
I,21.07,21.32,21,21.030001,182500,
IACI,49.93,49.93,49.060001,49.209999,657900,
IAG,5.33,5.36,5.19,5.19,4093000,
IAI,30.84,30.84,30.440001,30.51,69500,
IART,36,36.41,35.669998,36.360001,71000,
IAT,28.52,28.540001,28.07,28.139999,29200,
IAU,13.46,13.53,13.46,13.51,3511400,
IBB,176.830002,177.320007,174.809998,175.690002,486400,
IBCP,6.1,6.12,6.01,6.02,40500,
IBKC,52.419998,52.439999,51.849998,52,145800,
IBKR,15.91,15.98,15.67,15.74,201800,
IBM,203.970001,204.740005,201.809998,202.199997,2804500,
IBN,41.589999,41.999998,41.009998,41.020002,7241000,
IBOC,21.450001,21.5,20.709999,20.74,72900,
ICA,6.93,7.05,6.75,6.77,623300,
ICAD,5.75,5.88,5.61,5.88,40000,
ICE,175,175.219994,173.02,173.150005,2449500,
ICF,81.68,83.050003,81.580002,82.120003,351300,
ICGE,11.42,11.42,11.21,11.28,60400,
ICLR,35.18,35.830002,35.139999,35.529999,273900,
ICN,20.450001,20.780001,20.450001,20.610001,4300,
ICON,30.299999,30.299999,29.780001,30.040001,457500,
ICUI,75.370003,76.209999,72.849998,73.5,187500,
IDA,48.389999,48.689999,47.950001,48.16,207400,
IDCC,46.790001,46.860001,45.869999,46.16,140800,
IDIX,5.18,5.28,5.12,5.18,439100,
IDSY,5.1,5.17,5.03,5.08,47800,
IDT,20.380002,20.990005,20.109993,20.369993,275400,
IDTI,8.29,8.42,8.27,8.37,787000,
IDU,95.099998,95.75,95.029999,95.339996,100900,
IDV,33.759998,33.919998,33.580002,33.68,283700,
IDXX,89.5,89.730003,89.07,89.279999,1039200,
IEF,105.410004,105.639999,105.269997,105.339996,599700,
IEI,122.440002,122.529999,122.360001,122.370003,359200,
IEMG,47.52,47.560001,46.799999,46.889999,581200,
IEO,74.760002,74.760002,73.639999,73.830002,36600,
IEP,72.879997,73.330002,71.779999,72.669998,111100,
IEV,41.650002,41.860001,41.400002,41.560001,632800,
IEX,53.82,54.080002,53.639999,53.93,430400,
IEZ,57.880001,58.060001,57.23,57.330002,61100,
IFF,78.440002,79.230003,78.379997,78.470001,183700,
IFGL,32.099998,32.41,32.040001,32.130001,686000,
IFN,19.58,19.74,19.52,19.549999,300200,
IFT,7.04,7.05,6.92,7.04,22200,
IGE,39.959999,40.02,39.509998,39.560001,119300,
IGT,17.459999,17.620001,17.209999,17.25,2450600,
IGTE,15.05,15.07,14.75,14.81,99700,
IGV,68.379997,68.57,67.900002,67.900002,103400,
IHF,84.099998,84.559998,83.489998,83.639999,11900,
IHS,110.860001,111.18,109.489998,109.769997,332400,
IIIN,18.459999,18.459999,17.9,17.950001,96300,
IIJI,18.950001,19.16,18.950001,19,11500,
IILG,21.08,21.08,20.780001,20.799999,78400,
IIVI,16.98,16.98,16.700001,16.75,122100,
IJH,117.699997,118.239998,117.029999,117.330002,668800,
IJJ,102.68,103.32,102.239998,102.449997,77700,
IJK,131.309998,131.960007,130.679993,130.990005,82400,
IJR,91.300003,91.510002,90.379997,90.699997,1254000,
IJS,94.589996,94.860001,93.480003,93.769997,288900,
IJT,98.089996,98.25,97.120003,97.419998,306900,
IL,6.32,6.35,6.12,6.17,97300,
ILF,38.810001,38.91,38.290001,38.389999,425500,
ILMN,67.93,68.410004,67.5,67.989998,765600,
IM,18.83,18.940001,18.73,18.799999,462300,
IMAX,25.719999,25.799999,25.370001,25.6,546100,
IMGN,16.41,16.459999,15.83,15.92,541000,
IMH,11.11,11.12,11.03,11.03,1100,
IMKTA,23.299999,23.49,22.799999,22.83,12100,
IMMR,14.8,15.07,14.39,14.45,250800,
IMMU,4.34,4.34,4.08,4.09,691400,
IMN,4.35,4.36,4.18,4.2,117100,
IMO,38.93,39.099998,38.720001,38.880001,303700,
IMOS,18.809999,18.83,18.5,18.540001,105300,
IMPV,38.82,39.349998,38.59,38.740002,89000,
IMUC,2.2,2.29,2.18,2.19,10500,
IN,9.95,9.96,9.9,9.92,2515243,
INAP,7.95,7.95,7.81,7.9,81500,
INCY,21.52,21.620001,21.110001,21.17,636400,
INDB,32.799999,32.880001,32.07,32.209999,30000,
INDL,14.77,15.05,14.55,14.55,20800,
INFA,35.650002,36.220001,35.34,35.389999,490000,
INFI,17.16,17.299999,16.59,16.76,710300,
INFN,11.54,11.57,11.22,11.24,1031500,
INFY,41.73,42.400002,41.650002,42.049999,9236000,
ING,9.24,9.28,9.05,9.13,1927700,
INGR,68.459999,69.239998,68.059998,68.370003,316100,
ININ,51.799999,52,50.650002,51.43,36700,
INN,9.59,9.69,9.42,9.5,431900,
INP,54.91,54.91,54.18,54.240002,70800,
INSM,12.64,12.98,12.22,12.61,423900,
INT,39.950001,40,39.57,39.599998,134400,
INTC,25.02,25.139999,24.84,24.92,24762700,
INTL,17.969999,18,17.610001,17.690001,26100,
INTU,57.889999,58.220001,57.290001,57.5,1456400,
INTX,8.78,8.84,8.52,8.58,84400,
INVE,0.8,0.81,0.77,0.8,19700,
INVN,14.09,14.96,14.05,14.65,5348700,
INWK,10.92,11.15,10.83,11.05,267300,
INXN,26.25,26.43,26.1,26.23,145500,
IO,6.020003,6.060003,5.960003,5.990003,73500,
IOC,79.32,79.93,76.040001,76.449997,493900,
IOO,70.699997,70.93,70.230003,70.260002,58600,
IOSP,42.580002,42.580002,40.869999,41.369999,85100,
IP,45.620004,45.840002,45.250008,45.349998,2130300,
IPAR,32.5,32.549999,31.83,32,99100,
IPCM,50.540001,50.990002,49.330002,50.459999,38100,
IPG,14.69,14.81,14.49,14.51,2612900,
IPGP,62.98,63.18,61.790001,62.049999,277800,
IPHI,10.87,10.98,10.65,10.84,246300,
IPHS,49.240002,49.240002,48.529999,48.709999,30400,
IPI,19.01,19.07,18.690001,18.98,1314900,
IPXL,19.07,19.219999,18.719999,18.85,655200,
IQNT,5.16,5.35,4.75,4.93,517800,
IR,56.2,56.989998,56.030003,56.429993,2339100,
IRBT,34.900002,35.689999,34.540001,35,312400,
IRC,10.05,10.15,9.91,10.07,432600,
IRDM,7.28,7.31,7.2,7.25,233800,
IRE,8.78,8.82,8.55,8.6,380400,
IRET,8.42,8.5,8.36,8.42,509600,
IRF,21.3,21.42,21.08,21.16,203100,
IRM,28.860003,29.000002,28.680001,28.929997,2000300,
IRWD,11.96,12.01,11.55,11.76,1232300,
ISBC,20.12,20.12,19.66,19.770001,207900,
ISCA,34.470001,34.470001,33.869999,33.939999,106500,
ISIL,7.73,7.73,7.49,7.58,714700,
ISIS,23.65,23.65,22.950001,23,699600,
ISLE,7.47,7.65,7.47,7.6,80800,
ISRG,504.5,505.720001,497.970001,498.309998,210900,
ISS,5.29,5.36,5.26,5.28,253601,
ISSC,7.03,7.05,6.88,6.96,20400,
ISSI,10.95,11.04,10.87,10.99,95100,
IT,57.330002,57.599998,56.98,57.02,224200,
ITB,23.809999,24.23,23.809999,23.889999,4870500,
ITC,87.549997,88.26,87.229998,87.629997,699000,
ITG,14.12,14.12,13.87,14.02,258600,
ITMN,9.72,9.78,9.53,9.71,748100,
ITOT,74.93,75.120003,74.360001,74.480003,106200,
ITRI,42.400002,42.740002,42.150002,42.290001,187700,
ITT,29.809999,29.99,29.66,29.73,224600,
ITUB,14.129996,14.140006,13.740001,13.769998,13282400,
ITW,70.349998,70.709999,70.150002,70.239998,1161500,
IVAC,4.95,4.98,4.84,4.91,45000,
IVAN,1.18,1.19,1.11,1.13,40600,
IVC,15.65,15.68,15.39,15.39,346000,
IVE,77.610001,77.830002,76.940002,77.050003,520600,
IVR,18.82,19.07,18.59,18.620001,1505900,
IVV,164.850006,165.5,163.729996,164.020004,4786900,
IVW,85.949997,86.32,85.540001,85.690002,247500,
IVZ,33.880001,34.080002,33.389999,33.52,3158800,
IWB,91.010002,91.440002,90.5,90.629997,487800,
IWC,62.040001,62.130001,61.439999,61.639999,64200,
IWD,84.980003,85.32,84.379997,84.519997,1013600,
IWF,74.269997,74.489998,73.82,73.959999,1643300,
IWM,98.279999,98.639999,97.419998,97.709999,37838400,
IWN,86.75,87.07,85.800003,86.139999,717000,
IWO,113.129997,113.360001,112.209999,112.5,892000,
IWP,72.650002,72.959999,72.25,72.389999,205600,
IWR,131.619995,132.179993,130.770004,131.020004,81000,
IWS,58.689999,59.02,58.32,58.450001,330800,
IWV,97.370003,97.790001,96.860001,96.989998,268600,
IXC,40.060001,40.18,39.700001,39.790001,119800,
IXYS,11.7,11.76,11.38,11.39,41300,
IYE,45.82,45.919998,45.360001,45.459999,146600,
IYF,72.620003,72.739998,71.669998,71.809998,220000,
IYG,72.580002,72.580002,71.349998,71.5,41500,
IYH,102.059998,102.580002,101.849998,101.989998,60300,
IYJ,84.699997,84.93,84.099998,84.269997,54000,
IYM,71.010002,71.279999,70.290001,70.550003,29200,
IYR,67.900002,68.980003,67.739998,68.110001,13991400,
IYT,113.349998,114.410004,112.599998,112.779999,623600,
IYW,76.18,76.32,75.519997,75.559998,91800,
IYZ,26.26,26.52,26.26,26.360001,378800,
JACK,38.34,38.439999,37.75,37.860001,183900,
JAGGF,0.41,0.41,0.41,0.41,0,
JAH,43.909996,44.470004,43.909996,44.25,1418700,
JAKK,9.96,9.99,9.61,9.69,90900,
JASO,6.97,7.03,6.63,6.87,1209400,
JAZZ,70.230003,72,69.82,70.860001,810600,
JBHT,72.400002,72.779999,71.809998,72.010002,358700,
JBL,19.690001,19.74,19.32,19.42,1581000,
JBLU,6.39,6.44,6.27,6.29,2601400,
JBT,22.120001,22.120001,21.620001,21.719999,63000,
JCI,33.459999,33.630001,33.220001,33.310001,3984000,
JCOM,42.419998,42.549999,41.889999,42.299999,233500,
JCP,18,18.01,17.32,17.379999,10312300,
JDSU,14.26,14.38,14.05,14.17,2330000,
JE,6.25,6.38,6.24,6.35,458100,
JEC,55.540001,56.330002,55.349998,55.830002,660100,
JIVE,17.1,17.17,16.790001,16.82,311900,
JJC,39.43,39.57,39.389999,39.48,13700,
JJG,51,51,50.549999,50.889999,16000,
JKHY,47.369999,47.529999,47.139999,47.240002,194300,
JKS,8.98,9.03,8.57,8.76,219600,
JLL,89.559998,90.669998,88.239998,88.43,149800,
JMBA,17.08,17.299999,16.9,17.02,131000,
JNJ,84.709999,85.480003,84.660004,84.910004,6357100,
JNK,40.330002,40.400002,40.16,40.220001,4751600,
JNPR,19.219999,19.620001,18.969999,19.049999,6476700,
JNS,8.69,8.72,8.49,8.55,1435200,
JNY,14.36,14.56,14.27,14.53,940800,
JO,26.299999,26.32,25.870001,26,110000,
JOBS,61.189999,61.599998,60.139999,60.689999,61600,
JOE,20.700001,20.92,20.59,20.629999,287500,
JOSB,40.37,40.54,39.82,39.93,245800,
JOY,53.84,54.02,52.360001,52.860001,1588200,
JPM,54.040001,54.130001,52.91,53.130001,17185300,
JRCC,2.29,2.38,2.11,2.12,1118900,
JRN,7.12,7.16,6.93,6.98,147400,
JST,4.84,4.96,4.81,4.92,19800,
JW.A,41.240002,41.700001,40.91,41.389999,257700,
JWN,59.380001,59.610001,58.549999,58.939999,1094100,
JXI,43.779999,43.93,43.509998,43.689999,53000,
K,64.32,65.110001,64.110001,64.239998,1800900,
KAI,31.620001,31.790001,31.280001,31.379999,20000,
KALU,63.59,63.950001,62.669998,63.040001,99200,
KAMN,34.029999,34.029999,32.68,32.790001,78700,
KAR,22.84,23.040001,22.57,22.75,408800,
KB,31.67,31.67,31.200001,31.290001,160900,
KBALB,10.64,10.64,10.21,10.24,75800,
KBE,28.24,28.25,27.780001,27.870001,1084000,
KBH,21.58,22.25,21.49,21.65,4510000,
KBR,33.009998,34.220001,33.009998,34.02,1140300,
KBWB,31.49,31.49,30.940001,31.030001,24700,
KCAP,10.19,10.29,10.14,10.2,171300,
KCE,41.490002,41.5,40.84,40.889999,106900,
KCG,3.68,3.69,3.65,3.69,718000,
KDN,27.01,27.19,26.75,26.9,130700,
KEG,6.08,6.16,5.93,5.94,9100,
KELYA,17.799999,17.799999,17.469999,17.49,104900,
KEM,4.3,4.36,4.23,4.29,148600,
KEP,11.77,11.86,11.73,11.78,422200,
KERX,6.97,7.34,6.97,7.3,2120300,
KEX,79.790001,81,79.730003,80.410004,238500,
KEY,10.65,10.66,10.31,10.41,11455800,
KEYN,13.08,13.56,13.01,13.3,145000,
KEYW,14.19,14.3,13.76,14,136300,
KFN,10.87,10.94,10.72,10.78,368800,
KFRC,15.06,15.18,14.83,15.1,134700,
KFY,17.75,17.77,17.26,17.27,382800,
KGC,6.04,6.06,5.81,5.82,7170300,
KIE,54.18,54.310001,53.669998,53.759998,186400,
KIM,22.02,22.139999,21.940001,22.01,4157900,
KIOR,3.98,4.03,3.9,3.98,118500,
KIRK,17.48,17.700001,17.139999,17.299999,142000,
KKD,17.27,17.290001,16.950001,17.02,851500,
KKR,19.299999,19.799999,19.290001,19.75,2718000,
KLAC,56.549999,56.650002,55.700001,55.709999,1117400,
KLIC,11.58,11.73,11.39,11.48,379100,
KMB,97.570002,98.749997,97.469992,97.859995,2349400,
KMI,38.02,38.599998,37.740002,38.419998,2960900,
KMP,83.02,83.7,82.38,83.53,1508500,
KMR,80.75,80.75,78.57,79.99,1578000,
KMT,39.77,40.330002,39.5,40.139999,949700,
KMX,46.82,47.310001,46.369999,46.41,1145100,
KND,13.77,13.86,13.41,13.55,300700,
KNDI,6.47,6.62,6.21,6.27,1376400,
KNL,14.61,14.61,14.39,14.41,87900,
KNOP,22.73,22.940001,22.530001,22.879999,28400,
KNX,16.950001,17.09,16.73,16.799999,330300,
KO,40.380001,40.790001,40.259998,40.34,13635100,
KOF,146.020004,146.630005,142.610001,144.75,52300,
KOG,8.95,8.98,8.72,8.78,4886800,
KOL,19.379999,19.379999,18.82,18.91,286100,
KOLD,78.599997,80.68,78.499998,80.480003,142200,
KONG,6.53,6.53,6.34,6.47,100900,
KOP,41.48,41.720001,40.900002,40.98,67300,
KOPN,3.57,3.63,3.56,3.58,106900,
KORS,59.529999,60.939999,59.389999,60.799999,3247600,
KOS,10.57,10.78,10.39,10.78,802700,
KR,35.009998,35.25,34.669998,34.790001,4914600,
KRA,19.48,19.610001,19,19.040001,160900,
KRC,52.82,53.610001,52.57,53.290001,777500,
KRE,32.84,32.84,32.209999,32.290001,2247700,
KRFT,55.790001,56.48,55.27,55.68,2897500,
KRG,6.02,6.09,5.97,5.99,85200,
KRO,16,16,15.79,15.81,107500,
KS,36.540001,38.130001,36.310001,38.09,719800,
KSS,51.799999,52.209999,51.650002,52.150002,2702400,
KSU,111.120003,112.449997,110.230003,110.599998,514600,
KT,16.75,16.780001,16.49,16.620001,365800,
KTCC,11.28,11.31,10.88,11.12,22800,
KTOS,6.54,6.67,6.47,6.61,515000,
KUB,77.62,78.1,76.35,76.51,54400,
KVHI,12.95,12.97,12.53,12.63,21100,
KW,17.27,17.6,17.23,17.299999,102900,
KWK,2.07,2.18,1.95,1.95,3280100,
KWR,64.849998,64.879997,64.220001,64.25,17700,
L,44.919998,45.150002,44.509998,44.580002,574400,
LABL,30.49,30.700001,29.59,30.25,36400,
LAD,55.16,55.619999,53.84,54.310001,267300,
LAMR,42.959999,43.23,42.709999,42.880001,895100,
LANC,81.339996,82.089996,80.25,80.330002,42100,
LAYN,20.74,20.780001,19.959999,19.959999,102700,
LAZ,33.029999,34.060001,32.810001,33.259998,899600,
LBAI,10,10.050001,9.829995,9.910004,149100,
LBJ,24.65,24.75,23.860001,23.860001,500,
LBTYA,73.719993,74.290011,72.849995,73.639994,4020400,
LBTYK,69.110001,69.889999,68.419998,68.989998,3125400,
LBY,23.34,23.74,23.309999,23.65,220000,
LCAV,3.04,3.12,3.04,3.09,5100,
LCC,16.96,17.25,16.81,16.93,2572400,
LCI,12.03,12.18,11.635,11.67,64800,
LDK,1.41,1.44,1.34,1.36,1647400,
LEA,60.639999,60.919998,60.009998,60.310001,448100,
LEAP,5.93,6.11,5.88,5.93,1204600,
LECO,59.369999,59.610001,58.52,58.82,125100,
LEE,1.64,1.68,1.63,1.67,85400,
LEG,32.25,32.689999,32.18,32.279999,565400,
LEI,1.3,1.32,1.24,1.25,7800,
LEN,38.599998,39.639999,38.599998,39.029999,4846400,
LF,9.86,10.13,9.66,9.67,2342500,
LFC,36.99999,36.99999,36.300001,36.320011,814500,
LFL,17.379999,17.549999,17.030001,17.17,416600,
LFUS,74.330002,74.330002,72.650002,73.220001,23200,
LFVN,2.23,2.3,2.21,2.25,320726,
LG,45.950001,46.57,45.950001,46.41,150200,
LGCY,26.280001,26.92,26.280001,26.58,110600,
LGF,27.74,28.040001,27.379999,27.639999,601400,
LGND,33.759998,33.860001,32.830002,32.91,137700,
LH,99.830002,100.980003,99.709999,100,466500,
LHCG,23.200001,23.389999,22.690001,22.709999,19800,
LHO,24.98,25.51,24.940001,25.190001,405900,
LIFE,74.09,74.24,74.02,74.16,1222200,
LII,63.169998,64.25,63.169998,64.010002,274200,
LINC,6.85,6.87,6.71,6.73,151600,
LINE,31.75,31.76,29.65,31.07,7516400,
LINTA,22.42,22.63,22.29,22.43,1354000,
LIOX,3.07,3.11,3,3.05,256500,
LIT,12.05,12.12,11.98,12.02,2100,
LIWA,5.48,5.6,5.45,5.47,115700,
LKQ,24.969999,25.360001,24.91,25.299999,1159200,
LL,85.419998,86.790001,84.610001,85.779999,501200,
LLEN,3.93,4.01,3.82,3.87,101400,
LLL,85.870003,86.449997,85.5,86.040001,318400,
LLNW,2.48,2.5,2.4,2.4,178700,
LLTC,36.630001,36.84,36.330002,36.389999,1202900,
LLY,51.470001,52.279999,51.389999,52.049999,6116300,
LM,33.34,33.360001,32.529999,32.619999,1037400,
LMCA,123.780051,126.700044,122.950038,125.000041,5191000,
LMNX,20.620001,20.889999,20.059999,20.139999,89200,
LMOS,15.62,15.71,15.5,15.55,46400,
LMT,107.75,108.459999,107.209999,107.699997,1053100,
LNC,35.41,35.450001,34.299999,34.529999,2641000,
LNCE,27.25,27.370001,26.959999,27.25,149900,
LNCO,37.150002,37.419998,36,36.860001,806400,
LNDC,14.68,14.73,14.19,14.3,99600,
LNG,27.5,27.799999,27.290001,27.559999,3277300,
LNKD,172.509995,179.899994,171.600006,178.240005,3376000,
LNN,78.93,79.57,78.389999,78.419998,107000,
LNT,49.060001,49.900002,49.060001,49.669998,623000,
LO,43.919998,44.41,43.82,43.889999,2179800,
LOCK,10.91,10.96,10.8,10.9,634600,
LOCM,1.67,1.7,1.66,1.7,37100,
LODE,1.96,1.99,1.92,1.96,70300,
LOGI,6.85,6.93,6.84,6.88,197900,
LOGM,26,26.450001,25.48,25.67,163600,
LOPE,31.889999,32.299999,31.65,31.709999,176200,
LORL,62,62.450001,61.5,62.189999,40400,
LOW,41.040001,41.84,41,41.16,7450400,
LPHI,3.04,3.04,3,3.03,11800,
LPI,20.040001,20.190001,19.709999,19.93,196700,
LPL,13.68,13.69,13.47,13.48,376700,
LPLA,36.810001,36.970001,36.040001,36.360001,738500,
LPNT,52.57,52.869999,52.040001,52.279999,631400,
LPR,0.48,0.48,0.47,0.47,5500,
LPS,32.03,32.25,32,32.07,984900,
LPSN,8.9,8.93,8.57,8.58,639700,
LPX,17.07,17.129999,16.66,16.719999,3161000,
LQD,116.93,117.150002,116.739998,116.769997,1283900,
LQDT,31.35,31.85,31,31.09,504300,
LRCX,47.560001,47.93,47.009998,47.080002,896000,
LRE,14.69,14.91,14.61,14.9,111200,
LRN,28.299999,28.57,27.790001,28.059999,136200,
LRY,17.15,17.15,17.15,17.15,0,
LSCC,4.93,4.99,4.87,4.9,1204400,
LSE,8.51,8.62,8.5,8.52,1304300,
LSI,65.360001,66.370003,64.720001,65.400002,104700,
LSTR,53.669998,54.369999,53.52,53.650002,265300,
LTBR,1.8,1.8,1.78,1.8,3400,
LTC,40.5,41.029999,39.970001,40.400002,147900,
LTD,36.87,36.87,36.87,36.87,0,
LTM,51.689999,52.169998,51.07,51.360001,358300,
LTPZ,63.18,63.459999,62.709999,62.709999,22600,
LTXC,5.67,5.67,5.6,5.61,91100,
LUB,8.64,8.64,8.34,8.37,43900,
LUFK,88.48,88.51,88.46,88.47,547800,
LUK,28.15,28.200001,27.709999,27.76,940400,
LULU,67.910004,68.110001,65.400002,66.150002,6277400,
LUV,13.92,14.01,13.83,13.87,5130500,
LUX,50.82,51.380001,50.5,51.099998,65300,
LVLT,21.620001,21.690001,21.209999,21.389999,715300,
LVS,56.389999,57.16,56.02,56.439999,3305200,
LXK,30.98,31.1,30.280001,30.620001,368500,
LXP,11.69,11.97,11.62,11.93,1868100,
LXU,32.98,33.099998,32.470001,32.52,143300,
LYB,66.480003,68.110001,66.300003,67.419998,4428000,
LYG,3.92,3.93,3.8,3.85,3986700,
LYV,15.61,15.72,15.31,15.5,1721900,
LZB,18.98,19.190001,18.809999,18.84,226700,
M,48.509998,49.259998,48.349998,48.48,2194600,
MA,574.01001,574.780006,569.199982,571.160011,6231000,
MAA,65.220001,65.809998,64.480003,64.870003,993200,
MAC,62.630001,63.290001,61.950001,62.25,1177400,
MACK,5.56,6,5.53,5.97,555700,
MAIN,27.92,27.969999,27.67,27.82,191000,
MAKO,12.79,13.28,12.6,12.81,1314800,
MAN,53.369999,56.509998,53.369999,55.869999,355000,
MANH,76.970001,77.110001,76.540001,76.800003,168800,
MANT,26.92,27.1,26.59,26.610001,224900,
MANU,15.9,16,15.62,15.96,23800,
MAR,41.080002,41.540001,40.59,40.77,1352700,
MAS,20.95,21.35,20.639999,20.790002,5370200,
MASI,22.15,22.15,21.959999,22.01,171900,
MAT,44.950001,45.23,44.68,44.709999,1289600,
MATW,38.509998,38.52,37.650002,37.689999,37500,
MATX,24.959999,25.4,24.950001,24.99,332400,
MBB,106.360001,106.5,106.25,106.339996,364600,
MBFI,26.309999,26.309999,25.59,25.67,253400,
MBI,13.78,13.84,13.32,13.41,1659900,
MBLX,1.550031,1.620032,1.550031,1.600032,4400,
MBND,3.22,3.23,3.22,3.23,94300,
MBT,18.57,19.09,18.57,19.049999,2786700,
MCC,13.89,13.94,12.87,13.1,1574300,
MCD,98.830002,99.419998,98.230003,98.419998,3351100,
MCEP,23.129999,23.5,22.700001,22.709999,53900,
MCF,34.450001,34.450001,33.91,34.02,27700,
MCGC,4.89,5.15,4.82,5.13,554300,
MCHI,42.689999,42.73,42.040001,42.240002,318600,
MCHP,37.220001,37.43,36.849998,37.040001,1276300,
MCHX,5.9,5.95,5.69,5.86,91900,
MCK,113.629997,115.230003,113.480003,114.290001,1163100,
MCO,62.73,63,61.889999,62.200001,1045700,
MCP,5.88,5.98,5.67,5.69,3729000,
MCRI,16.16,16.200001,15.9,16,65600,
MCRL,9.68,9.71,9.47,9.51,219400,
MCRS,42.23,42.69,42,42.51,1026800,
MCY,42.720001,42.830002,42.459999,42.639999,153000,
MD,91.980003,92.5,90.790001,91.900002,344800,
MDAS,17.629999,17.66,17.190001,17.389999,474900,
MDC,35.629999,36.419995,35.519998,35.740001,366800,
MDCI,7.25,7.49,7.25,7.43,39800,
MDCO,33.23,33.5,32.740002,32.77,296700,
MDIV,21.469999,21.52,21.389999,21.450001,101600,
MDLZ,29.82,30.23,29.620001,29.809999,8726500,
MDP,44.869999,45.060001,44.09,44.650002,316800,
MDR,9.1,9.15,8.92,8.96,2926600,
MDRX,13.18,13.23,13.13,13.19,2330900,
MDSO,70.559998,70.739998,70,70.360001,180600,
MDT,52.880001,53.299999,52.619999,52.919998,5463600,
MDU,24.98,25.139999,24.940001,25.1,398800,
MDVN,50.029999,51.150002,49.939999,50.860001,869400,
MDXG,7.15,7.2,7.06,7.08,129500,
MDY,214.559998,215.410004,213.240005,213.820007,725300,
MEA,1.41,1.43,1.39,1.39,127100,
MEAS,47.74,47.76,46.48,46.64,27500,
MED,28.860001,29.26,28.34,28.379999,122900,
MEET,1.47,1.5,1.46,1.48,79800,
MEG,9.53,9.67,9.03,9.1,104000,
MEI,15.07,15.07,14.75,14.85,82800,
MEIP,7.78,7.8,7.6,7.6,34300,
MELA,0.88,0.94,0.86,0.89,48100,
MELI,113.269997,114.339996,111.339996,111.93,238100,
MEMP,19.35,19.700001,19.299999,19.610001,471800,
MEMS,4.1,4.11,4.09,4.1,59500,
MENT,19.450001,19.49,19.32,19.41,383100,
MEOH,44.060001,44.59,43.459999,43.560001,274300,
MERC,6.69,6.69,6.56,6.62,71200,
MERU,4.38,4.62,4.31,4.53,186200,
MET,44.759998,44.869999,43.759998,43.970001,6434900,
MFA,8.75,8.9,8.65,8.71,2974200,
MFB,18.46,18.46,18.07,18.15,87000,
MFC,15.68,15.81,15.46,15.48,1761300,
MFG,3.92,3.92,3.85,3.88,601800,
MFLX,15.47,15.59,15.34,15.48,20500,
MFRM,38.23,38.720001,38.049999,38.240002,204300,
MG,21.43,21.67,21.41,21.59,175600,
MGA,69.389999,70.360001,68.860001,69.699997,1610400,
MGAM,26.85,27.2,26.54,26.79,178700,
MGC,56.009998,56.25,55.700001,55.779999,14500,
MGI,19.42,19.51,19.030001,19.1,39300,
MGIC,5.37,5.39,5.31,5.36,19400,
MGK,61.98,62.209999,61.630001,61.709999,53800,
MGLN,55.75,56,55.18,55.610001,138500,
MGM,14.9,15.06,14.71,14.75,5750500,
MGPI,5.45,5.71,5.44,5.6,88900,
MGV,50.16,50.34,49.810001,49.880001,63600,
MHFI,55.060001,55.27,54.540001,54.73,825800,
MHGC,7.56,7.79,6.97,7.47,1544900,
MHK,111.029999,113.5,110.199997,111.080002,452900,
MHLD,11.07,11.07,10.88,10.96,144700,
MHO,24.59,25.190001,24.59,25,263100,
MHR,4.09,4.09,3.7,3.74,4240200,
MIC,54,54.66,53.959999,54.43,142900,
MIDD,167.220005,167.220005,164.910004,164.949989,142800,
MIDU,57.209999,57.84,56.060001,56.459999,100800,
MIDZ,29.860001,30.049999,29.280001,29.940001,7200,
MIG,8.14,8.14,7.76,7.94,549300,
MILL,4.11,4.25,4.06,4.11,250850,
MIND,16.440001,16.67,16.34,16.450001,81400,
MINI,33.5,33.759998,32.959999,33.029999,138400,
MITK,7.42,7.67,6.65,7.22,1450051,
MITL,3.87,4.02,3.87,3.94,11600,
MITT,20.799999,21.35,20.639999,20.860001,664600,
MJN,82.18,82.68,81.029999,81.349998,605000,
MKC,72.169998,72.540001,71.870003,72.25,359500,
MKSI,28.15,28.309999,27.629999,27.75,115500,
MKTG,12,12.39,11.87,12.16,458700,
MKTX,47.650002,47.650002,46.509998,46.529999,90500,
MLHR,28.450001,28.48,28.02,28.08,120000,
MLI,51.540001,52.16,51.310001,51.560001,229800,
MLM,109.610001,110.220001,108.830002,109.43,197400,
MLNK,2.83,2.84,2.7,2.7,120000,
MLNX,51,51.549999,50.209999,50.32,866400,
MLPN,29.059999,29.35,28.91,29.290001,101500,
MLR,16.43,16.43,15.58,15.6,24400,
MM,8.14,8.29,8.11,8.15,368800,
MMC,40.240002,40.400002,39.880001,39.950001,1413700,
MMLP,42.380001,43.639999,42.360001,42.93,90600,
MMM,111.300003,112.07,110.75,111.029999,2016800,
MMP,51.529999,52.740002,51.529999,52.380001,686600,
MMS,72.830002,73.739998,72.199997,73.529999,399600,
MMSI,10.78,11.2,10.69,11.16,297300,
MMYT,13.31,13.66,12.83,13.6,118800,
MN,19.360001,19.360001,18.9,18.959999,46800,
MNI,2.31,2.31,2.25,2.28,21300,
MNKD,7.49,7.78,7.42,7.71,6385400,
MNR,9.98,10.09,9.88,9.9,111500,
MNRO,47.880001,48.830002,47.84,47.970001,202700,
MNST,61.670002,62.939999,58.709999,59.260002,8211900,
MNTA,14.2,14.32,13.91,14.02,198300,
MNTG,3.71,3.87,3.55,3.58,34800,
MNTX,10.54,10.71,10.5,10.51,26300,
MNX,2962.899902,2966.100098,2939.699951,2943.899902,1458030000,
MO,35.740002,35.950001,35.52,35.580002,7642500,
MOBI,2.83,3.48,2.83,3.37,301300,
MOD,10.59,10.59,10.22,10.32,91500,
MODN,20.860001,20.860001,19.780001,20.139999,40200,
MOH,37.360001,37.529999,36.790001,36.990002,236400,
MOLX,29.69,29.97,29.49,29.58,311500,
MOLXA,24.8,24.97,24.78,24.82,35400,
MON,105.889999,106.470001,105.129997,105.629997,2259900,
MOO,53,53.380001,52.689999,52.779999,106000,
MORN,75,75.349998,74.5,74.839996,103600,
MOS,58.57,58.68,57.610001,57.860001,1640700,
MOSY,4.41,4.41,4.08,4.2,126100,
MOV,34.459999,34.669998,33.73,34.16,48500,
MOVE,11.96,12.13,11.85,11.86,139800,
MPAA,7.33,7.44,6.82,7.43,176000,
MPC,80.099998,81.019997,79.5,79.610001,3119200,
MPEL,24.1,24.35,23.959999,24.1,2686500,
MPG,3.13,3.13,3.12,3.13,1238600,
MPLX,37.98,38.669998,37.68,37.82,260200,
MPO,6.32,6.45,6.1,6.15,29100,
MPW,14.72,15.05,14.6,14.8,1500300,
MPWR,24.549999,24.67,24.07,24.25,371300,
MR,40,40.119999,39.259998,39.540001,1383100,
MRC,27.120001,27.16,26.690001,26.950001,835600,
MRCY,9.47,9.53,9.21,9.26,102700,
MRGE,3.61,3.62,3.57,3.57,161600,
MRH,25.41,25.540001,25.17,25.299999,160400,
MRIN,10.5,10.64,10.49,10.54,41500,
MRK,47.77,48.529999,47.5,47.950001,13632300,
MRO,34.290001,34.57,34.060001,34.380001,3994800,
MRTN,23.719995,23.88,23.080005,23.170004,38500,
MRVL,11.05,11.13,11,11.01,4029200,
MS,26.290001,26.48,25.639999,25.83,15473900,
MSA,46.23,46.59,45.689999,45.790001,47400,
MSB,19.34,19.34,19,19,34400,
MSCC,21.469999,21.67,20.91,21.280001,274300,
MSCI,34.32,34.419998,34.07,34.16,296600,
MSFT,34.549999,34.689999,34.25,34.400002,53192600,
MSG,59.290001,59.900002,59.029999,59.580002,375400,
MSI,57.110001,57.529999,56.919998,56.93,1518500,
MSM,81,81.309998,79.889999,80.089996,295900,
MSO,2.41,2.41,2.35,2.36,75100,
MSPD,3.25,3.33,3.19,3.24,200300,
MSTR,89.940002,91.220001,89.839996,90.940002,71100,
MSTX,0.4322,0.46,0.4112,0.435,7303406,
MT,12.38,12.46,12.12,12.19,4344100,
MTB,104.5,104.5,102.32,102.510002,544900,
MTD,213.639999,215.580002,211.490005,211.779999,92100,
MTDR,10.84,10.87,10.61,10.82,185400,
MTG,6.12,6.2,6.03,6.07,4365100,
MTGE,20.57,20.9,20.110001,20.17,1759200,
MTH,46.759998,47.759998,46.549999,46.82,503000,
MTL,3.07,3.1,2.84,2.84,1376300,
MTN,64.029999,64.349998,63.169998,63.529999,129300,
MTOR,7.21,7.31,7.15,7.17,742200,
MTRN,30.09,30.49,29.57,29.92,133100,
MTRX,16.379999,16.379999,15.98,15.99,90900,
MTSC,57.93,58.57,57.700001,57.779999,42600,
MTSN,2.4,2.44,2.39,2.41,339700,
MTU,6.05,6.06,5.95,5.95,2649800,
MTW,19.410001,19.63,19.230001,19.340001,4803100,
MTX,42.880001,42.900002,42.200001,42.400002,81200,
MTZ,30.959999,31.9,30.940001,31.68,788700,
MU,13.08,13.16,12.64,12.76,29740300,
MUB,106.989998,107.57,106.800003,107.300003,292700,
MUR,63.079998,64.379996,62.840004,63.06,1478100,
MUX,2.25,2.3,2.06,2.1,2501000,
MVC,12.67,12.74,12.6,12.72,165300,
MVG,7.67,7.72,7.55,7.59,26500,
MVIS,3.4,3.4,3.16,3.3,174200,
MVO,28.780001,28.870001,28.200001,28.440001,37500,
MVV,97,98.419998,96.839996,97.18,106000,
MW,37.43,37.84,36.779999,36.830002,514700,
MWA,6.9,6.9,6.76,6.78,580400,
MWE,65.889999,67.660004,65.339996,66.989998,601000,
MWIV,128.03,128.03,123.77,124.67,70800,
MWV,35.66,35.900002,35.52,35.720001,450200,
MWW,5.54,5.54,5.31,5.37,1527200,
MX,18.360001,18.66,18.299999,18.379999,170000,
MXIM,27.469999,27.870001,27.33,27.67,2920600,
MXL,6.59,6.64,6.45,6.46,24600,
MXWL,7.35,7.37,6.55,6.58,809700,
MY,2.09,2.16,2.05,2.1,1135400,
MYE,15.52,15.52,15.3,15.37,61500,
MYGN,30.120001,31.190001,26.17,27.59,22704200,
MYL,31.450001,32,31.299999,31.68,3841100,
MYRG,20.4,20.4,19.82,20,78600,
MZZ,18.360001,18.459999,18.18,18.379999,4700,
N,86.269997,87,85.720001,85.940002,121900,
NAFC,24.06,24.11,23.6,23.72,11900,
NAK,2.42,2.52,2.4,2.43,77000,
NANO,15.34,15.37,15.13,15.29,69300,
NAT,8.310004,8.360005,8.18,8.189997,363700,
NATI,27.540001,27.9,27.280001,27.290001,170500,
NATR,17.389999,17.389999,16.6,16.610001,18100,
NAV,31,31.35,30.77,31,840000,
NAVB,2.65,2.72,2.53,2.55,960493,
NBG,5.74,5.78,5.12,5.29,4326600,
NBIX,12.95,13.05,12.71,12.76,442500,
NBL,58.189999,58.52,57.459999,57.91,1144500,
NBR,16.290001,16.299999,15.88,15.9,2951900,
NBTB,20.42,20.42,20.01,20.040001,72600,
NCI,13.59,13.77,13.29,13.33,147000,
NCLH,31,31.76,30.040001,31.280001,344100,
NCMI,17.02,17.26,16.799999,16.93,123100,
NCQ,1.9,2.06,1.88,2.02,343400,
NCR,33.5,33.68,33.049999,33.16,580900,
NCS,16.459999,16.559999,16.18,16.280001,94700,
NCT,5.320205,5.500211,5.310198,5.460216,9157500,
NCTY,4.06,4.17,3.94,3.94,30200,
NDAQ,32.66,32.959999,32.34,32.599998,991300,
NDO,80.900002,81.360001,80.419998,80.43,0,
NDRO,15.85,16.01,15.75,15.96,14700,
NDSN,69.089996,69.400002,68.449997,69.059998,160900,
NDX,2958.870117,2966.129883,2939.679932,2943.860107,1458030000,
NDZ,7.65,7.72,7.55,7.59,66800,
NE,38.060001,38.230001,37.449999,37.550005,2181500,
NEE,79.18,80.330002,79.150002,79.730003,2262800,
NEM,33.810001,33.889999,33.009998,33.189999,4417400,
NEO,4.01,4.01,3.98,3.99,37200,
NEOG,55.42,55.42,54.460001,54.549997,42400,
NEON,5.28,5.35,5.17,5.23,155600,
NEPT,3.06,3.1,3.01,3.01,130000,
NES,3.35,3.36,3.21,3.23,110700,
NEU,277.839996,278.589996,275.140015,276.640015,14400,
NEWP,13.55,13.55,13.35,13.36,64300,
NFBK,11.73,11.73,11.53,11.59,185200,
NFG,61.119999,61.669998,61.040001,61.18,180800,
NFLX,214.770002,217.290007,212.32,213.989998,12495700,
NFP,25.28,25.3,25.28,25.28,177500,
NFX,22.959999,22.959999,22.42,22.5,1137900,
NG,2.48,2.55,2.38,2.38,749400,
NGD,6.89,6.9,6.67,6.7,2526500,
NGG,58.130001,58.669998,58.130001,58.669998,282600,
NGL,29.389999,29.799999,29.030001,29.75,153600,
NGLS,47.610001,49.009998,47.529999,48.700001,231100,
NGPC,6.54,6.57,6.51,6.51,62800,
NGS,23.290001,23.290001,22.65,22.690001,18300,
NGVC,27.73,29.059999,27.73,29,91400,
NHI,59.98,61.25,59.779999,60.540001,85800,
NI,28.790003,29.35,28.700001,29.110001,5754000,
NIB,30.299999,30.65,30.049999,30.049999,9600,
NICE,37.279999,37.639999,37.279999,37.490002,111800,
NIHD,92,98,90.1,90.1,66700,
NILE,37.5,37.599998,36.84,37.139999,96800,
NKA,13.98,14.52,13.96,14.18,60300,
NKE,61.630001,62.400002,61.610001,61.889999,5222400,
NKTR,9.39,9.48,9.24,9.27,496200,
NKY,16.059999,16.139999,15.86,15.9,1050800,
NLNK,20.5,20.9,19.950001,20.719999,208700,
NLS,8.24,8.25,7.95,7.98,230500,
NLSN,34.290001,34.48,34.200001,34.330002,1765300,
NLST,0.89,0.9,0.88,0.89,119700,
NLY,13.73,13.99,13.57,13.65,11891300,
NM,5.21,5.34,5.19,5.3,411400,
NMFC,14.86,14.95,14.64,14.74,176200,
NMM,14.46,14.64,14.21,14.37,205200,
NMR,7.62,7.68,7.45,7.45,1354500,
NMRX,11.22,11.22,10.73,10.73,7800,
NNBR,9.7,9.78,9.44,9.62,98500,
NNI,38.25,38.689999,37.57,37.599998,67000,
NNN,35.389999,36.130001,35.369999,35.860001,2037800,
NOA,4.71,4.73,4.6,4.67,132700,
NOAH,12.06,12.62,11.96,12.56,109000,
NOC,82.730003,83.68,82.599998,82.879997,1006000,
NOG,13.93,14.1,13.65,13.7,277100,
NOK,3.68,3.7,3.61,3.62,28451600,
NOR,4.049996,4.139996,4.019996,4.019996,41200,
NOV,70.169999,70.479997,69.300001,69.580001,2611400,
NOW,37.919998,38.299999,37.240002,37.25,645800,
NP,31.6,31.889999,31.59,31.639999,53700,
NPD,1.68,1.68,1.65,1.68,19600,
NPO,50.25,50.259998,49.560001,50.009998,88300,
NPSP,15.25,15.36,15.04,15.25,682300,
NPTN,8.26,8.29,7.88,7.92,36000,
NQ,8.4,8.54,8.04,8.05,442900,
NR,11.25,11.3,10.93,10.95,282500,
NRF,8.810004,9.230003,8.810004,9.160002,6745100,
NRG,26.620001,27.02,26.620001,27,2087300,
NRGM,22.45,23,22.38,22.65,101300,
NRGY,23.23,23.95,13.55,23.92,750200,
NRP,22.54,22.9,22.32,22.5,27900,
NRT,25.35,25.58,25.110001,25.190001,27600,
NRZ,6.54,6.7,6.47,6.59,858200,
NS,43.889999,45.919998,43.889999,45.32,457400,
NSC,76.660004,77.410004,76.129997,76.169998,1924600,
NSH,25.24,25.540001,24.35,25.18,563400,
NSIT,19.280001,19.370001,18.870001,18.92,61900,
NSM,42.029999,43.18,41.75,42.459999,1009900,
NSP,31.07,31.120001,30.629999,30.780001,44600,
NSPH,3.7,3.73,3.47,3.53,40100,
NSR,48.880001,49.27,48.790001,48.849998,323900,
NSU,3.55,3.59,3.43,3.46,581100,
NTAP,38.459999,38.560001,37.889999,37.900002,3954100,
NTCT,24.290001,24.440001,24,24.139999,73800,
NTE,7.08,7.17,6.94,6.94,222800,
NTES,61.389999,61.529999,60.490002,61,291500,
NTGR,32.919998,32.919998,32.400002,32.43,95700,
NTI,25.549999,25.709999,25.110001,25.35,496100,
NTLS,15.84,16.139999,15.75,15.96,72600,
NTRI,9.93,10.18,9.67,10.1,1066400,
NTRS,57.700001,57.73,56.73,57.119999,837600,
NTSP,16.03,16.03,15.99,15.99,82500,
NTT,25.440001,25.549999,25.33,25.42,269700,
NTWK,10.38,10.52,9.8101,9.97,158904,
NU,41.95,42.19,41.72,42.13,1181700,
NUAN,18.889999,19.040001,18.610001,18.690001,4819400,
NUE,45.299999,45.419998,44.330002,44.700001,2172200,
NUS,62,63.57,61.23,61.34,854000,
NUVA,22.040001,22.040001,21.66,21.790001,336000,
NVAX,1.92,1.94,1.9,1.9,1219900,
NVDA,14.42,14.44,14.25,14.35,5900300,
NVDQ,14.3,14.43,13.8,13.9,137400,
NVE,23.56,23.6,23.55,23.57,6043000,
NVMI,9.75,9.77,9.71,9.72,21200,
NVO,166.879997,168.120003,166.690006,167.579994,814500,
NVS,72.32,72.739998,72.279999,72.639999,1204500,
NVTL,3.92,4.05,3.85,3.9,249800,
NWBI,12.52,12.59,12.35,12.39,503700,
NWBO,3.55,3.6,3.53,3.53,74300,
NWE,40.529999,40.75,40.34,40.459999,195000,
NWL,27.110001,27.5,26.940001,27.17,1091900,
NWN,43.099998,43.25,42.68,42.830002,51800,
NWPX,27.99,28,27.049999,27.110001,25400,
NWS,31.32,31.73,31.14,31.41,7206500,
NWSA,31.23,31.61,31.1,31.29,14520200,
NWY,5.55,5.64,5.45,5.58,455400,
NX,17.77,17.98,17.639999,17.719999,162800,
NXPI,30.17,30.709999,30.07,30.6,2630300,
NXST,30.059999,30.91,29.77,30.65,538900,
NXTM,13.8,14.2,13.68,14.15,396900,
NYCB,13.2,13.38,13.18,13.36,5290600,
NYMT,7,7.07,6.94,7.02,1072500,
NYMX,5.17,5.32,5.17,5.21,18300,
NYT,10.73,10.75,10.43,10.59,1209000,
NYX,40.85,40.86,40.43,40.48,835400,
O,44.169998,45.439999,44.040001,44.93,2703000,
OAK,52,53.75,51.619999,53.490002,410300,
OAS,41.689999,41.990002,40.880001,41.369999,1636400,
OB,15.15,15.15,14.89,14.97,173800,
OC,42.459999,43.040001,42.290001,42.619999,1531800,
OCLR,1.16,1.24,1.15,1.15,1205900,
OCN,46.59,47.25,45.110001,45.59,3160500,
OCR,46.75,47.139999,46.529999,46.93,681600,
OCZ,1.4,1.48,1.36,1.39,649700,
ODFL,43.110001,43.380001,42.790001,42.959999,372100,
ODP,4.27,4.32,4.2,4.25,4515200,
OEF,74.080002,74.279999,73.529999,73.580002,425800,
OEH,11.73,12.02,11.69,11.94,706800,
OEX,0.317,0.317,0.317,0.317,0,
OFC,26.139999,26.530001,26.01,26.43,343100,
OFG,17.110001,17.120001,16.52,16.75,146700,
OFIX,28.08,28.360001,27.9,28.280001,167900,
OGE,67.709999,68.610001,67.709999,68.18,1304800,
OGXI,10.14,10.18,9.84,10.03,84100,
OHI,31.969999,33,31.91,32.220001,1133000,
OI,28,28.16,27.6,27.77,524500,
OIBR,2,2,1.92,1.94,115200,
OIH,43.290001,43.509998,42.900002,42.950001,2036700,
OII,72.300003,73.010002,71.93,71.940002,480900,
OIL,22.73,22.84,22.719999,22.77,779600,
OILT,48.13,48.7,47.92,48.58,109200,
OIS,92.480007,92.550009,90.889997,91.239992,750600,
OKE,44.650001,44.68,44.140001,44.339999,917700,
OKS,50.169998,50.59,49.77,50.130001,580700,
OKSB,13.81,14.17,13.81,14.04,33200,
OLN,24.719999,24.75,24.040001,24.1,504000,
OMC,62.950001,63.189999,62.5,62.759998,916400,
OMCL,19.1,19.23,18.74,18.85,142500,
OME,9.89,10.02,9.72,9.8,90600,
OMER,5,5.08,4.85,4.96,204800,
OMEX,3.349999,3.429999,3.349999,3.359999,28100,
OMG,31.110001,31.280001,30.6,31.01,117400,
OMI,34.439999,34.630001,34.169998,34.48,286000,
OMN,7.83,7.83,7.66,7.79,87300,
OMX,11.13,11.27,11,11.11,1237900,
ONB,13.44,13.44,13.06,13.1,221300,
ONCY,2.46,2.48,2.36,2.37,102400,
ONE,10.59,10.89,10.53,10.85,96700,
ONNN,8.14,8.22,8.01,8.14,5559600,
ONP,1.6,1.68,1.6,1.66,9400,
ONTY,1.86,1.9,1.83,1.85,230000,
ONXX,89.4,90.3,87.53,90.09,696200,
OPEN,67.42,68,66.28,66.61,339900,
OPK,6.82,6.89,6.75,6.83,1024200,
OPLK,18.18,18.22,17.66,17.8,44700,
OPTR,14.67,14.72,14.39,14.55,362500,
ORA,23.379999,23.459999,22.74,23.23,60800,
ORB,17.98,18.04,17.75,17.82,117400,
ORBC,4.19,4.29,4.19,4.25,120500,
ORBK,12,12.34,11.93,12.11,63200,
ORCL,34.150002,34.32,33.700001,33.77,17551400,
OREX,6.42,6.5,6.3,6.31,60500,
ORI,13.07,13.25,12.82,12.85,1533300,
ORIG,16.93,17.049999,16.73,16.76,172500,
ORIT,15.31,15.31,14.99,15,161000,
ORLY,111.18,112.470001,110.970001,111.559998,446100,
ORN,12.31,12.31,11.77,11.81,83000,
OSGIQ,3.1,3.21,3.01,3.1567,76600,
OSIR,10.2,10.43,10.08,10.16,30800,
OSIS,56.52,56.919998,55.580002,56.810001,221900,
OSK,37.740002,38.290001,37.310001,37.360001,222200,
OSTK,27,27.059999,26.35,26.93,112200,
OSUR,4.15,4.3,4.06,4.24,1665500,
OSX,255.15,256.04,252.7,253.16,0,
OTEX,73.360001,73.360001,71.010002,71.389999,760400,
OTTR,28.09,28.139999,27.66,27.76,94400,
OVTI,19.1,19.200001,18.83,18.9,698000,
OVX,21.47,21.47,20.75,21.22,0,
OWW,7.7,7.7,7.45,7.54,819400,
OXF,2.5,2.54,2.46,2.48,18000,
OXM,64.989998,65,62.990002,63.98,205400,
OXY,93.160006,93.350007,91.320002,91.890005,2504600,
OZM,10.95,11.03,10.79,10.97,1189100,
OZRK,43.950001,44.02,42.869999,43.049999,104200,
P,15.1,15.44,14.85,15.4,3952400,
PAA,54.759998,55.669998,54.509998,55.060001,961900,
PAAS,12.33,12.41,12.08,12.13,2351000,
PAC,47.73,47.73,46.189999,46.369999,81200,
PACB,2.7,2.73,2.64,2.65,224200,
PACD,9.6,9.65,9.53,9.56,18500,
PACR,6.57,6.59,6.33,6.46,86500,
PACT,6.8,6.83,6.77,6.78,163274,
PACW,28.450001,28.49,27.99,28.120001,145200,
PAG,31.969999,32.32,31.49,31.6,212000,
PAL,1.1,1.12,1.1,1.11,386929,
PANL,27.71,28.04,27.57,27.84,269600,
PANW,45.029999,45.040001,43.049999,43.119999,1606700,
PATH,2.78,2.8672,2.76,2.78,43500,
PAY,16.32,16.34,15.34,15.79,5063600,
PAYX,37.07,37.349998,36.950001,37.139999,1391000,
PB,49.639999,49.799999,49.060001,49.119999,172400,
PBA,31.780001,32.240002,31.780001,32.16,88300,
PBCT,13.89,13.89,13.68,13.76,1960600,
PBF,26.690001,26.889999,26.25,26.540001,797400,
PBH,30.110001,30.110001,29.4,29.459999,327300,
PBI,14.56,14.72,14.42,14.59,1688400,
PBJ,24.66,24.950001,24.66,24.709999,64200,
PBNY,9.15,9.15,8.91,8.97,75100,
PBR,16.27,16.290001,15.58,15.64,14744000,
PBR.A,17.65,17.67,16.92,17,5146100,
PBT,13.15,13.24,12.98,13.07,91900,
PBTH,6.23,6.35,6.23,6.3,272900,
PBW,5.32,5.4,5.28,5.3,191400,
PBY,11.94,12.2,11.94,11.96,255400,
PCAR,53.68,54.060001,53.220001,53.220001,917600,
PCCC,15.73,16.190001,15,16.059999,46300,
PCEF,24.790001,24.84,24.690001,24.74,100900,
PCG,44.900002,45.380001,44.77,45.169998,2663100,
PCH,42.720001,43.139999,42.32,42.540001,238400,
PCL,47.68,48.509998,47.220001,47.279999,697200,
PCLN,812.599976,817.48999,810.469971,815.75,572400,
PCOM,19.68,19.780001,19.67,19.709999,6400,
PCP,219.979996,221.339996,218.880005,219.929993,373000,
PCRFY,7.56,7.6,7.43,7.43,25300,
PCRX,30.49,30.85,29.58,29.83,190400,
PCTI,7.85,7.96,7.79,7.85,109200,
PCXCQ,0.165,0.165,0.149,0.16,186500,
PCY,28.809999,28.889999,28.57,28.709999,2442600,
PCYC,87.84,87.99,85.41,86.84,474400,
PDCE,51.93,52.900002,51.549999,51.77,294800,
PDCO,38.900002,39.119999,38.669998,38.759998,467900,
PDFS,18.5,18.559999,17.76,17.780001,147000,
PDH,12.36,12.59,12.36,12.49,142500,
PDLI,7.94,7.95,7.8,7.86,1491800,
PDM,18.219999,18.43,17.93,18.15,783600,
PDP,31.74,31.879999,31.639999,31.700001,90700,
PDS,8.81,8.96,8.77,8.88,978000,
PEB,25.709999,26.1,25.459999,25.65,169700,
PEG,32.580002,32.880001,32.560001,32.630001,1598000,
PEGA,32.549999,32.66,31.5,31.52,197000,
PEI,19.200001,19.450001,19.059999,19.33,333800,
PEIX,3.75,3.84,3.63,3.66,213400,
PENN,54.229999,54.709998,54.109998,54.249997,2594500,
PEP,82,83,81.989998,82.129997,4034300,
PER,14.91,15.1,14.82,15.07,165100,
PERI,12.75,12.76,12.48,12.54,184200,
PERY,22,22,21.700001,21.85,44200,
PES,6.8,6.9,6.71,6.72,316000,
PETM,69.68,70.26,69.01,69.23,1683000,
PETS,12.9,12.92,12.7,12.78,216400,
PF,25.120001,25.18,24.719999,24.950001,281900,
PFE,29.02,29.360001,28.940001,29.09,81829200,
PFF,39.209999,39.599998,39.060001,39.509998,2534700,
PFG,38.66,38.68,37.77,38.040001,1212700,
PFMT,11.26,11.4,11.18,11.37,105000,
PFPT,22.93,23.08,22.620001,22.950001,127800,
PFS,15.23,15.23,14.9,14.91,87800,
PFSI,21,21.200001,20.92,21.02,43800,
PFSW,4.08,4.11,4,4.04,17400,
PG,78.489998,78.790001,77.669998,78.029999,6825900,
PGEM,21.75,22.610001,21.75,22.35,147000,
PGF,17.860001,17.969999,17.85,17.93,478800,
PGH,5.04,5.09,5.01,5.04,828300,
PGI,11.96,12.32,11.84,12.25,174800,
PGJ,21.27,21.27,21.049999,21.129999,62900,
PGNX,4.98,4.98,4.7,4.77,343800,
PGR,24.75,24.84,24.65,24.700001,2137900,
PGTI,8.39,8.51,8.28,8.48,341000,
PGX,14.23,14.41,14.22,14.41,762800,
PH,96.480003,98.010002,96.480003,97.410004,477700,
PHB,19.1,19.120001,19.030001,19.049999,377900,
PHG,28.27,28.52,28.16,28.209999,981900,
PHH,20.6,20.700001,19.98,20.07,1091900,
PHM,20.889999,21.25,20.83,20.860001,5685600,
PHMD,16.87,16.930001,16.730001,16.84,9300,
PHO,22.68,22.73,22.48,22.559999,57800,
PICO,22.01,22.02,21.77,21.790001,58200,
PID,16.950001,17,16.91,16.950001,110500,
PIE,18.860001,18.92,18.549999,18.59,440900,
PII,94.459999,95.82,93.720001,95.519997,673200,
PIKE,12.41,12.56,12.28,12.48,387400,
PIN,17.01,17.07,16.870001,16.9,511100,
PIP,1.6,1.6,1.57,1.57,75000,
PIR,24.290001,24.639999,24.219999,24.32,1473700,
PJC,34.099998,34.189999,33.299999,33.360001,52500,
PKD,4.63,4.68,4.51,4.6,737200,
PKE,23.889999,24.1,23.290001,23.34,24300,
PKG,48.970001,49.209999,48.77,49.049999,425300,
PKI,33.290001,33.68,32.900002,33.040001,852300,
PKT,13.83,14.04,13.68,13.76,154300,
PKX,70.010002,70.580002,69.129997,69.199997,220800,
PKY,16.77,17.24,16.709999,17,657700,
PL,38.76,38.77,37.9,38.09,181300,
PLAB,7.6,7.7,7.49,7.51,130300,
PLCE,55.330002,55.330002,54.610001,55.16,280600,
PLCM,11.59,11.85,11.4,11.49,2535900,
PLD,38.099998,38.959999,38.09,38.48,3172300,
PLL,67.940002,68.400002,67.639999,68.279999,427500,
PLOW,13.51,13.69,13.49,13.5,36600,
PLT,46.209999,46.41,45.52,45.740002,82400,
PLTM,11.71,11.86,11.71,11.77,1600,
PLUG,0.46,0.46,0.42,0.44,2510900,
PLX,5.01,5.11,4.98,4.98,139400,
PLXS,29.389999,29.389999,28.9,29.08,70900,
PLXT,4.72,4.75,4.675,4.7,143400,
PM,92.32,93.169998,91.970001,92.120003,3811100,
PMC,15.77,15.89,15.52,15.76,189800,
PMCS,6.1,6.15,6.01,6.05,681600,
PMFG,6.27,6.27,6.17,6.23,36300,
PMT,21.950001,22.43,21.85,21.860001,1060800,
PMTC,24.6,24.87,24.47,24.49,390800,
PMTI,13.43,13.43,13.33,13.37,65700,
PNC,71.620003,71.949997,70.699997,71,1833300,
PNFP,24.959999,25.040001,24.84,24.84,172700,
PNG,20.7,21,20.5001,20.88,189300,
PNK,18.75,18.950001,18.75,18.85,428200,
PNM,22.059999,22.33,22.030001,22.209999,455500,
PNNT,11.22,11.8,11.12,11.63,1935000,
PNR,59.259998,60,59.130001,59.720001,1090600,
PNRA,185.259995,189.789993,185.259995,187.110001,506600,
PNW,57.32,57.790001,57.240002,57.549999,760100,
PNY,34.040001,34.209999,33.830002,34.150002,198300,
PODD,30.780001,30.9,30.34,30.43,358900,
POL,25.51,25.57,25.16,25.41,295800,
POM,20.309999,20.440001,20.219999,20.280001,1280400,
POOL,53.529999,53.959999,53.07,53.09,127000,
POR,30.530001,30.77,30.389999,30.77,761600,
POST,44.959999,45.779999,44.93,45.720001,143200,
POT,40.599998,40.91,40.209999,40.349998,2710700,
POWI,40.209999,40.52,39.669998,39.98,95500,
POWR,15.9,15.9,15.06,15.22,275100,
POZN,5.03,5.11,4.97,5.07,141700,
PPC,13.69,13.77,13.28,13.39,575700,
PPG,154.369995,155.720001,153.110001,153.830002,919400,
PPH,46.889999,47.279999,46.889999,47.080002,43400,
PPHM,1.58,1.6,1.49,1.5,1992900,
PPL,28.870001,29.26,28.870001,29.129999,5730300,
PPO,42.580002,42.669998,41.66,41.790001,369300,
PPP,5.31,5.32,5.2,5.23,152600,
PPS,47.98,48.720001,47.77,48.040001,324000,
PQ,4.81,4.85,4.66,4.68,289700,
PRA,51.41,51.810001,51.41,51.73,233900,
PRAA,153.48,155.589993,153.189995,155.060005,193200,
PRCP,7.42,7.51,7.42,7.43,2900,
PRE,89.709999,90.739998,89.709999,90.410004,513500,
PRFT,13.72,13.85,13.4,13.58,91700,
PRGO,117.309998,119.059998,117.309998,118.599998,456700,
PRGS,22.559999,23.01,22.42,22.98,258700,
PRI,36.220001,36.240002,35.450001,35.790001,304700,
PRIM,20.360001,20.48,20.07,20.280001,149600,
PRKR,4.17,4.19,4.04,4.05,35800,
PRLB,55.599998,57.580002,55.349998,57.150002,229300,
PRMW,1.97,1.97,1.8,1.84,369400,
PRSC,29.07,29.27,28.42,28.889999,84500,
PRSS,6.31,6.39,6.23,6.24,19000,
PRU,71.559998,71.639999,70.110001,70.480003,1955500,
PRXL,46.490002,46.869999,46.110001,46.450001,279500,
PSA,152.240005,154.25,150.580002,151.800003,499600,
PSB,73.410004,74.489998,72.830002,73.25,44500,
PSDV,3.45,3.59,3.35,3.43,136100,
PSE,24.355,24.355,24.355,24.355,0,
PSEC,10.4,10.43,10.32,10.41,2626200,
PSEM,7.15,7.24,7.05,7.08,96300,
PSMI,10.5,10.5,10.19,10.29,110300,
PSMT,87.389999,88.650002,86.730003,87.010002,60700,
PSO,18.549999,18.65,18.52,18.57,152700,
PSQ,22.549999,22.719999,22.51,22.690001,86200,
PST,27.93,28.01,27.860001,28.01,53200,
PSTB,5.88,5.94,5.75,5.75,59600,
PSTI,2.82,2.87,2.8,2.82,75200,
PSUN,3.5,3.5,3.3,3.31,408500,
PSX,64.709999,64.970001,63.77,63.810001,1833900,
PT,4.14,4.17,4.08,4.09,382300,
PTEN,20.809999,21.01,20.540001,20.57,1317000,
PTIE,2.38,2.42,2.34,2.38,246900,
PTM,16.360001,16.360001,16.34,16.35,1500,
PTP,58.07,58.17,57.37,57.67,78200,
PTR,107.43,107.550003,105.620003,105.75,260200,
PTRY,13.88,14.06,13.84,13.88,149700,
PUK,33.540001,33.779999,33.389999,33.490002,73000,
PVA,4.85,4.88,4.56,4.56,948600,
PVG,8.19,8.19,7.9,7.94,146200,
PVH,121.889999,123.870003,120.5,123.279999,1463200,
PVR,26.89,27.3,26.75,27.19,398900,
PVTB,19.549999,19.639999,19.24,19.34,376100,
PWE,11.11,11.37,11.06,11.3,2196800,
PWER,6.31,6.32,6.31,6.31,598200,
PWR,26.139999,26.57,26.139999,26.27,2527700,
PWRD,16.059999,16.370001,15.7,15.91,563000,
PX,116.82,118.309998,115.739998,117.910004,1800600,
PXD,147.119995,148.720001,145.990005,146.619995,1240300,
PZA,24.09,24.530001,24.030001,24.16,640300,
PZE,4.21,4.25,4.1,4.11,32100,
PZG,1.44,1.47,1.36,1.36,440800,
PZO,126.379997,127.239998,126.07,127.07,0,
PZZA,66.599998,66.599998,65.779999,66,127200,
Q,43,43.200001,42.790001,43.09,265300,
QCOM,61.790001,61.93,61.34,61.380001,9871600,
QCOR,45.65,46.75,45.09,46.14,1623000,
QDEL,25.27,25.5,24.700001,25.059999,127200,
QEP,29.49,29.75,29.17,29.27,1109700,
QGEN,19.21,19.320001,18.950001,19.11,559300,
QID,22.98,23.33,22.9,23.26,1005400,
QIHU,43.07,44.150002,42.799999,43.650002,1145100,
QLD,67.860001,68,66.75,66.959999,3599800,
QLGC,9.86,9.95,9.78,9.87,728600,
QLIK,29.299999,29.66,29.15,29.450001,752900,
QLTI,8.08,8.12,8.08,8.11,92900,
QLTY,9.64,10.28,9.46,9.52,127600,
QLYS,14.58,14.72,14.4,14.41,85000,
QNST,7.78,7.85,7.54,7.56,35800,
QQEW,30.51,30.51,30.23,30.25,9000,
QQQ,72.760002,72.839996,72.169998,72.279999,27690700,
QRE,16.6,16.85,16.43,16.55,217700,
QSII,18.049999,18.219999,17.93,18,275300,
QTM,1.45,1.46,1.37,1.38,1026100,
QTWW,0.59,0.6,0.58,0.58,104200,
QUAD,24.559999,24.809999,24.219999,24.290001,80300,
QUIK,2.35,2.39,2.29,2.31,131800,
R,62.220001,63.18,61.860001,62.09,417200,
RAD,3.17,3.21,3.07,3.09,17815500,
RAI,48.16,48.639999,48.02,48.419998,3497800,
RAIL,17.35,17.49,16.959999,17.049999,86600,
RAS,7.8,8,7.72,7.81,508700,
RATE,14.1,14.15,13.7,13.78,300800,
RAVN,30.18,30.26,29.5,29.709999,35400,
RAX,34.43,35.080002,34,34.619999,1499200,
RBA,20.82,20.84,20.58,20.73,879800,
RBC,67.089996,67.230003,66.639999,67.050003,148400,
RBCAA,23.459999,23.459999,22.790001,22.790001,11800,
RBCN,7.55,7.55,7.14,7.18,962100,
RBS,9.94,10.02,9.86,9.88,1160100,
RBY,1.73,1.77,1.7,1.73,201300,
RCI,44.939999,45.110001,44.509998,44.560001,362800,
RCII,39.220001,39.610001,38.73,38.759998,357000,
RCL,34.110001,34.279999,33.880001,33.98,1899100,
RDA,10.5,10.71,10.45,10.45,35500,
RDC,33.66,33.860001,33.290001,33.439999,576200,
RDEN,47.84,48,47.209999,47.599998,65100,
RDI,6.31,6.31,6.22,6.28,21500,
RDN,12.85,13.05,12.71,12.73,4678800,
RDNT,2.65,2.7,2.62,2.66,66920,
RDS.A,65.57,65.79,65.4,65.45,2090900,
RDS.B,67.82,68.05,67.62,67.72,1606600,
RDWR,14.79,14.93,14.68,14.77,197700,
RDY,37.700001,38.470001,37.689999,38.23,263100,
RE,128.759995,129.649994,128.039993,128.460007,228800,
RECN,11.64,11.65,11.28,11.28,143400,
REDF,2.7,2.72,2.62,2.68,109100,
REE,1.91,1.94,1.87,1.88,64900,
REED,4.75,5.1,4.72,4.88,64200,
REFR,4.05,4.09,3.95,4.06,29800,
REG,51.349998,52.279999,51.119999,51.5,525100,
REGI,13.01,13.32,12.76,12.86,254300,
REGN,238.570007,242.479996,232.880005,236.929993,628100,
RELL,11.98,12.01,11.67,11.69,24000,
REM,13.88,14.06,13.77,13.8,1556500,
REMX,10.33,10.41,10.25,10.27,8500,
REN,8.24,8.42,8.02,8.12,110300,
RENN,3.34,3.34,3.15,3.21,2993200,
RENT,23.17,23.17,20.15,20.559999,92100,
RES,13.79,13.94,13.63,13.87,589300,
REV,20.639999,20.82,19.98,20.059999,33800,
REW,30.5,30.98,30.5,30.98,1600,
REXI,8.8,8.98,8.8,8.8,6900,
REXX,17.370001,17.5,17.030001,17.059999,276700,
RF,9.14,9.17,8.91,8.98,14164100,
RFMD,5.23,5.36,5.22,5.31,3786200,
RFP,14.59,14.7,14.32,14.36,193900,
RGA,66.790001,67.459999,66.099998,66.400002,604400,
RGC,17.889999,17.98,17.76,17.870001,548700,
RGEN,7.8,7.91,7.54,7.61,379500,
RGLD,54.029999,54.299999,52.91,52.959999,354100,
RGP,26.07,26.51,25.959999,26.25,959400,
RGR,47,47.369999,46.16,46.889999,292000,
RGS,17.620001,17.66,17.440001,17.49,203900,
RHI,34.16,34.220001,33.57,33.59,577700,
RHP,35.200001,36.540001,35.130001,36.400002,2099600,
RHT,45.93,46.5,45.560001,45.810001,2062200,
RIC,1.78,1.82,1.71,1.71,60100,
RICK,8.74,8.84,8.71,8.77,16800,
RIG,48.950001,49.529999,48.66,49.290001,3039200,
RIGL,3.75,3.77,3.63,3.69,362500,
RIMG,8.12,8.17,7.98,8.02,16000,
RIO,44.07,44.099998,42.990002,43.310001,4046700,
RIOM,2.53,2.55,2.45,2.46,28900,
RJA,8.59,8.61,8.56,8.58,70600,
RJET,10.45,10.64,10.31,10.57,201900,
RJF,42,42.630001,42,42.48,975200,
RJI,8.27,8.28,8.25,8.26,420400,
RJN,6.67,6.7,6.41,6.66,23700,
RKT,104,105.970001,103.150002,105.849998,1321400,
RKUS,10.69,10.92,10.51,10.68,1002600,
RL,173.210007,174.839996,172.910004,173.149994,367100,
RLD,15.2,15.29,14.91,14.95,102400,
RLGY,49.880001,50.959999,49.650002,50.32,1253900,
RLH,6.13,6.13,6.05,6.06,39800,
RLI,76,76.040001,74.519997,75.010002,91600,
RLJ,20.530001,23.84,20.530001,23.58,754000,
RLOC,13.16,13.55,13.04,13.3,79400,
RMBS,8.63,8.74,8.55,8.66,874000,
RMD,47.66,47.889999,46.970001,47.34,506200,
RMTI,3.96,4.03,3.93,3.94,397800,
RNDY,7.61,7.65,7.47,7.5,152200,
RNF,29.15,30.1,29.15,29.5,225000,
RNO,13.81,13.98,13.75,13.76,25200,
RNR,85.480003,85.669998,84.860001,84.989998,243900,
RNST,23.540001,23.780001,23.129999,23.42,40800,
ROC,65.3,66.66,64.77,66.56,1114987,
ROCK,16.18,16.18,15.57,15.62,40600,
ROCM,14.83,14.83,14.61,14.64,10300,
ROG,48.299999,48.380001,47.119999,47.380001,33800,
ROIC,14.08,14.24,13.96,14.13,230400,
ROK,86.529999,87.099998,86.040001,86.690002,748200,
ROL,24.880005,25.02,24.709994,24.87,109700,
ROLL,51.799999,52.029999,50.700001,51.080002,52600,
ROM,81.330002,81.400002,79.760002,80.129997,25200,
ROP,121.43,121.800003,120,120.470001,370200,
ROSE,46.299999,46.470001,45.310001,45.459999,552900,
ROSG,4.12,4.18,3.83,3.88,575800,
ROST,65.339996,65.949997,64.220001,64.860001,2738800,
ROVI,24.92,25.18,24.73,24.780001,571700,
ROYL,2.7,2.87,2.67,2.72,477200,
ROYT,18.190001,18.440001,18.190001,18.33,70300,
RP,17.49,17.67,17.16,17.18,141200,
RPAI,14.84,15.04,14.69,14.93,786300,
RPM,32.68,32.68,32.290001,32.450001,226100,
RPRX,18.309999,18.9,18.309999,18.74,153200,
RPTP,7.75,7.75,7.52,7.53,147100,
RPXC,16,16.33,15.67,15.73,694000,
RRC,74.82,75.389999,73.080002,73.370003,1176500,
RRD,13.31,13.31,13.02,13.16,808900,
RRGB,56.880001,57.299999,56.09,56.259998,73100,
RRMS,35.650002,37,35.48,36.959999,13000,
RRTS,28.549999,29.040001,28.49,29.02,172700,
RS,64.910004,66.040001,64.589996,64.989998,209000,
RSE,19.32,19.559999,19.209999,19.49,330500,
RSG,33.84,34.189999,33.630001,34.060001,1447100,
RSH,31.115,31.115,31.115,31.115,0,
RSO,6.28,6.44,6.28,6.33,187400,
RSOL,2.97,3.12,2.85,2.9,3061400,
RSP,62.419998,62.700001,61.959999,62.119999,460600,
RST,15.6,15.87,15.6,15.6,107200,
RSTI,27.66,27.66,26.74,26.75,51100,
RSX,25.299999,25.48,25.15,25.16,2829600,
RSYS,5.11,5.11,4.99,5,35400,
RT,9.68,9.69,9.41,9.56,213200,
RTEC,12.35,12.46,12.18,12.22,119500,
RTH,52.5,52.790001,52.27,52.459999,32500,
RTI,29.01,29.219999,28.49,28.67,158500,
RTIX,4.31,4.35,4.23,4.25,168200,
RTK,2.2,2.2,2.15,2.16,87000,
RTN,67.360001,67.830002,66.970001,67.410004,1834100,
RUE,41.8,41.87,41.7,41.76,319500,
RUSHA,26.030001,26.24,25.15,25.389999,55700,
RUSL,20.710411,21.200423,20.52041,20.53041,2300,
RUSS,21.280001,21.549999,20.709999,21.450001,6300,
RUT,989.200012,990.349976,979.820007,981.380005,29394000,
RUTH,12.28,12.74,12.2,12.27,423500,
RVBD,16.11,16.56,16.04,16.09,3016500,
RVLT,3.99,4.49,3.95,4.38,367900,
RVM,0.79,0.8,0.76,0.76,218600,
RWM,20.41,20.58,20.33,20.51,275000,
RWO,43.209999,43.599998,43.040001,43.220001,152300,
RWR,77.120003,78.230003,76.860001,77.360001,163600,
RWT,19.290001,19.549999,18.799999,18.870001,1021400,
RWX,40.990002,41.32,40.799999,40.959999,391300,
RXN,18.209999,18.25,17.9,17.92,113000,
RY,59.330002,59.709999,58.709999,58.939999,702000,
RYAAY,50.330002,50.860003,49.93,50.070003,306800,
RYL,42.93,44.23,42.740002,43.610001,1542400,
RYN,53.73,54.740006,53.640004,53.690005,907800,
S,7.3,7.35,7.3,7.32,16676200,
SA,12.27,12.45,11.64,11.69,306800,
SAA,74.110001,74.440002,72.910004,73.059998,8800,
SAAS,7.59,7.73,7.53,7.66,133300,
SABA,8.9,8.9,8.55,8.72,125300,
SAFM,69.970001,70.349998,68.489998,68.879997,159800,
SAFT,51.790001,52.049999,50.900002,50.900002,28100,
SAH,22.629999,22.74,22.01,22.02,125500,
SAI,0.03,0.03,0.03,0.03,0,
SAIA,31.74,32.189999,30.700001,30.879999,173400,
SAM,166.639999,167.75,165.509995,165.820007,29600,
SAN,7.08,7.14,7.02,7.06,4178400,
SAND,7.34,7.48,7.23,7.41,362500,
SANM,14.02,14.02,13.64,13.71,368300,
SAP,76.349998,76.75,75.82,75.889999,750100,
SAPE,13.13,13.29,13,13.03,649700,
SATS,40,40.25,39.439999,39.540001,122200,
SAVE,32.200001,32.450001,31.940001,32.119999,213400,
SB,5.26,5.3,5.18,5.21,28000,
SBAC,75.339996,77.019997,75.339996,76.239998,1459700,
SBGI,27.059999,27.51,26.719999,27.4,1037600,
SBGL,3.86,3.86,3.68,3.73,187500,
SBH,30.48,30.700001,30.24,30.440001,671600,
SBNY,78.779999,79.480003,78.120003,79.050003,340700,
SBS,11.79,11.8,11.6,11.61,1490300,
SBSI,24.029994,24.029994,23.729999,23.800002,39100,
SBUX,65.949997,66.669998,65.449997,65.599998,9854600,
SBY,17.690001,17.690001,17.120001,17.200001,486900,
SCCO,30.33,30.43,29.52,29.74,1794500,
SCG,48.720001,49.880001,48.720001,49.459999,772800,
SCHA,44.549999,44.709999,44.169998,44.310001,458300,
SCHB,39.68,39.82,39.419998,39.490002,349400,
SCHD,33.43,33.549999,33.240002,33.32,231100,
SCHE,23.860001,23.860001,23.5,23.559999,217900,
SCHF,28.120001,28.190001,27.879999,27.940001,214500,
SCHG,38.990002,39.09,38.75,38.799999,110300,
SCHH,32.400002,32.889999,32.330002,32.540001,95900,
SCHL,29.43,29.700001,29.030001,29.110001,67300,
SCHM,32.450001,32.630001,32.330002,32.380001,290100,
SCHN,25.17,25.32,24.74,24.870001,261700,
SCHV,37.099998,37.200001,36.84,36.889999,83400,
SCHW,20.08,20.08,19.52,19.709999,10720200,
SCHX,39.080002,39.209999,38.82,38.849998,256800,
SCI,17.77,17.91,17.68,17.809999,966700,
SCIF,7.94,7.97,7.85,7.89,40300,
SCLN,4.87,4.88,4.84,4.87,114300,
SCMP,7.23,7.34,6.99,7,103000,
SCO,35.349998,35.610001,35.150002,35.400002,1909800,
SCOK,1.5,1.53,1.41,1.44,46261,
SCOR,22.940001,22.940001,22.41,22.690001,94600,
SCR,17.01,17.01,17.01,17.01,0,
SCS,14.34,14.46,14.13,14.3,519500,
SCSC,33.93,33.93,33,33.299999,31700,
SCSS,24.309999,24.879999,24.07,24.450001,1079200,
SCTY,36.299999,37,35.130001,36.290001,3981400,
SCVL,24.549999,24.620001,24.07,24.15,47400,
SCZ,43.509998,43.689999,43.220001,43.369999,112800,
SD,4.86,5.03,4.86,4.88,8324600,
SDIV,21.879999,22.07,21.83,21.9,321600,
SDLP,28.75,29.129999,28.75,28.91,28000,
SDOW,41.369999,42.419998,41.110001,42.189999,378600,
SDR,13.3,13.4,13.13,13.18,124500,
SDRL,39.700001,40.23,39.630001,39.98,2288200,
SDS,39.619999,40.169998,39.330002,40.040001,12273700,
SDT,13.97,14.14,13.94,14.09,104800,
SDY,67.809998,68.190002,67.580002,67.709999,835600,
SE,33.919998,34.43,33.75,34.34,5086800,
SEA,17.49,17.49,17.35,17.43,23800,
SEAC,11.31,11.32,11.25,11.31,84000,
SEAS,36.849998,38.080002,36.560001,37.950001,271600,
SEE,23.870001,23.969999,23.68,23.879999,700800,
SEED,1.53,1.53,1.5,1.52,42800,
SEF,23.459999,23.700001,23.389999,23.66,19600,
SEIC,29.209999,29.379999,28.700001,28.709999,538800,
SEM,8.26,8.32,8.15,8.2,547100,
SEMG,53.279999,54.310001,52.990002,53.860001,231600,
SEP,41.130001,43.09,41.130001,41.779999,1113700,
SF,35.759998,35.759998,35.139999,35.400002,266100,
SFC,92.400002,92.68,91.989998,92.099998,0,
SFD,32.78,33,32.76,32.8,5521491,
SFE,15.9,16.040001,15.82,15.93,63900,
SFG,46.299999,46.349998,45.509998,45.700001,103100,
SFI,21800,21800,21500,21500,1900,
SFL,16.879999,17.01,16.65,16.99,483300,
SFLY,50.860001,51.25,50.610001,50.900002,361900,
SFUN,25.929999,26.09,25.650001,25.710001,547000,
SFY,13.81,14,13.18,13.2,748600,
SGEN,32.880001,32.91,32.110001,32.73,612100,
SGG,58.610001,59.799999,58.610001,59.75,13800,
SGI,14.05,14.43,13.9,13.9,303100,
SGMO,7.85,7.91,7.6,7.69,318300,
SGMS,11.6,11.75,11.5,11.55,280500,
SGOL,136.550003,137.130005,136.550003,136.990005,21000,
SGU,4.88,4.93,4.86,4.91,46000,
SGY,23.359999,23.39,22.71,22.869999,6100,
SGYP,4.430004,4.700002,4.299999,4.609999,751800,
SH,29.129999,29.32,29.01,29.280001,2261000,
SHEN,17.120001,17.120001,16.709999,16.780001,58600,
SHFL,17.96,18.09,17.74,17.95,401300,
SHLD,46.989877,47.859871,46.219874,46.519875,650600,
SHLM,27.65,27.65,26.959999,27.209999,139700,
SHO,11.77,12.12,11.71,12.03,1733700,
SHOO,48.970007,49.26,48.349995,48.439997,448500,
SHOR,3.7,3.71,3.61,3.63,1023000,
SHOS,43.299999,45.73,43.299999,43.619999,295600,
SHPG,97.779999,98.360001,97.639999,98.099998,125200,
SHW,184.039993,184.5,182.440002,183.089996,398900,
SHY,84.389999,84.43,84.389999,84.43,791700,
SI,0.15,0.15,0.15,0.15,12000,
SIAL,82.43,82.559998,81.309998,81.480003,687800,
SID,3.02,3.1,2.98,3.05,9629600,
SIFY,1.88,1.9,1.87,1.88,29700,
SIG,67.68,68.5,67.239998,68.160004,377500,
SIGA,3.16,3.22,3.08,3.15,227000,
SIGM,4.91,5.12,4.87,4.99,176000,
SIL,13.939985,13.979985,13.599986,13.599986,24500,
SIM,13.57,13.59,13.1,13.13,16000,
SIMG,5.79,5.8,5.65,5.73,521100,
SIMO,10.9,11,10.8,10.82,136800,
SINA,56.799999,57.380001,56.259998,56.740002,1058700,
SIR,28.18,28.98,28.18,28.809999,90400,
SIRI,3.3,3.35,3.27,3.27,49073600,
SIRO,66.540001,66.75,64.220001,64.959999,1813000,
SIVB,76.540001,76.830002,75.550003,75.910004,208300,
SIVR,21.91,21.91,21.719999,21.83,118900,
SIX,74.769997,75.330002,74.400002,74.93,765800,
SJB,31.200001,31.209999,31.059999,31.110001,73900,
SJI,58.419998,58.419998,57.650002,57.849998,109000,
SJM,101.459999,103.290001,101.459999,103.010002,635200,
SJR,22.27,22.379999,22.129999,22.309999,271600,
SJT,15.61,15.88,15.48,15.7,92300,
SKF,22.73,23.209999,22.540001,23.110001,209500,
SKH,7.09,7.19,6.95,6.99,98700,
SKM,20.639999,20.790001,20.6,20.74,2607700,
SKS,14.75,14.8,14.51,14.55,702300,
SKT,34.099998,34.700001,33.959999,34.349998,321000,
SKUL,5.72,5.82,5.57,5.57,204600,
SKX,22.530001,22.68,22.26,22.6,1285500,
SKYW,14.15,14.36,14.01,14.2,256900,
SKYY,21.389999,21.5,21.27,21.290001,13000,
SLAB,41.299999,41.75,41.09,41.669998,141000,
SLB,72.510002,72.68,71.550003,71.599998,4937500,
SLCA,21.610001,21.639999,21.09,21.290001,1177800,
SLF,29.52,29.690001,29.27,29.459999,258200,
SLG,89.620003,91.989998,89.400002,91.360001,1109600,
SLGN,47.389999,47.450001,46.939999,47.189999,79800,
SLH,54.990002,55.580002,54.02,54.130001,187200,
SLM,23.319989,23.350011,22.83999,22.980002,21405800,
SLRC,23.559999,23.559999,23.129999,23.49,465000,
SLT,36.67,36.67,36.67,36.67,0,
SLV,21.290001,21.4,21.190001,21.33,8687700,
SLW,23.459999,23.459999,23.01,23.07,2121600,
SLX,40.549999,40.650002,39.639999,39.73,74500,
SLXP,66.89,67.35,66,66.3,528900,
SM,62.419998,62.540001,61.27,61.75,618000,
SMA,1.35,1.37,1.35,1.37,1100,
SMFG,8.49,8.53,8.41,8.48,1478800,
SMG,48.009998,48.119999,47.57,47.720001,199100,
SMH,38.049999,38.23,37.779999,37.880001,801500,
SMLP,34.299999,34.59,33.849998,33.880001,76900,
SMN,48.389999,49.349998,47.790001,49.07,27300,
SMP,34.970001,35,34.16,34.419998,62400,
SMRT,13.56,13.68,13.36,13.41,228600,
SMS,0.5,0.5,0.5,0.5,0,
SMSI,1.22,1.25,1.21,1.21,11500,
SMT,1.32,1.35,1.32,1.35,25000,
SMTC,35.669998,35.75,35.34,35.560001,199000,
SN,22.700001,23,22.389999,22.870001,581300,
SNA,90.82,91.260002,90.540001,91.050003,319800,
SNAK,8,8,7.91,7.94,23400,
SNCR,31.799999,31.959999,31.209999,31.57,111100,
SNDK,59.419998,59.700001,58.720001,58.810001,1785100,
SNE,20.280001,20.41,19.690001,19.879999,6000900,
SNH,25.950001,26.34,25.83,26.120001,1269000,
SNHY,31.35,31.360001,30.629999,30.74,20100,
SNI,66.089996,66.690002,65.629997,66.550003,697300,
SNP,92.120001,92.899999,91.899995,92.089998,134400,
SNPS,36.560001,36.669998,36.279999,36.299999,378100,
SNSS,5.04001,5.07001,4.96001,5.01001,54400,
SNTA,4.07,4.17,3.96,3.98,1310000,
SNTS,19100,19100,19100,19100,19200,
SNV,2.700054,2.730055,2.660053,2.680054,588800,
SNX,42.18,42.790001,41.959999,42.610001,145400,
SNY,53.810001,54.099998,53.470001,53.740002,374700,
SO,44.59,44.759998,44.380001,44.490002,4414300,
SODA,71.910004,73.18,71.099998,72.82,452200,
SOHU,63.889999,65.580002,63.889999,64.879997,927300,
SOL,2.02,2.09,1.98,2,648100,
SON,35.32,35.369999,35.040001,35.200001,154400,
SONC,14.52,14.59,14.34,14.42,408900,
SONS,3.36,3.4,3.27,3.28,302600,
SORL,2.65,2.66,2.6,2.64,29300,
SOX,467.62,469.63,464.65,465.53,0,
SOXL,47.84,47.990002,46.060001,46.330002,577200,
SOXS,15.9,16.34,15.81,16.219999,15300,
SOXX,63.700001,63.869999,63.189999,63.290001,56000,
SOYB,24.84,24.84,24.58,24.690001,2300,
SPAR,6.07,6.07,5.92,5.98,72500,
SPB,61.73,61.919998,60.84,60.959999,138800,
SPF,8.91,9.21,8.9,8.96,6757100,
SPG,165.100004,168.289993,164.310005,166.049999,1581100,
SPH,46.450001,47.950001,46.34,47.73,231400,
SPIL,5.75,5.77,5.71,5.74,597600,
SPLK,44.02,44.279999,42.970001,43.07,609000,
SPLS,15.65,16.08,15.61,16.040001,10937800,
SPLV,31.280001,31.41,31.16,31.23,989300,
SPN,26.82,27.530001,26.82,27.23,2315100,
SPNC,18.74,18.76,18.58,18.639999,120000,
SPP,2.04,2.1,1.98,2.05,3400,
SPPI,8.2,8.28,8.05,8.15,484000,
SPR,21.34,21.48,21.030001,21.129999,1294300,
SPRD,21,21.69,20.88,21.16,1931300,
SPRT,4.61,4.61,4.45,4.47,232600,
SPSC,52.950001,53.209999,51.869999,52.299999,107300,
SPTN,19.450001,19.450001,18.73,18.74,23800,
SPU,2.14,2.14,2.14,2.14,0,
SPW,76.739998,76.910004,75.769997,76.339996,387600,
SPWR,20.16,20.190001,18.6,19,3896900,
SPX,1635.52002,1640.800049,1623.959961,1626.72998,2939400000,
SPXL,44.009998,44.509998,43.099998,43.299999,2451700,
SPXS,10.43,10.64,10.3,10.57,1209300,
SPXU,23.469999,23.959999,23.209999,23.83,1737400,
SPY,164.029999,164.669998,162.910004,163.179993,141197500,
SQI,22.110001,22.110001,21.610001,21.610001,36300,
SQM,44.139999,44.319997,43.619996,43.819998,299400,
SQNM,4.41,4.43,4.25,4.39,2383100,
SQQQ,27.440001,28.1,27.35,27.959999,704000,
SRC,19.569992,19.94,19.460009,19.829996,652000,
SRCL,106.809998,107.040001,106.410004,106.410004,232800,
SRDX,22.530001,22.690001,21.76,21.76,36100,
SRE,80.029999,80.599998,79.519997,80.349998,583000,
SREV,8.8,9.14,8.77,9.04,1875000,
SRI,11.23,11.72,11.23,11.67,256300,
SRPT,37.700001,39,37.259998,38.490002,736000,
SRS,21.040001,21.049999,20.280001,20.84,72700,
SRT,4.73,4.73,4.65,4.69,22000,
SRTY,19.469999,19.98,19.290001,19.82,157000,
SSD,28.530001,28.719999,28.32,28.5,133600,
SSG,27.34,27.779999,27.329999,27.6,800,
SSH,5.47,5.55,5.47,5.51,36800,
SSI,22.67,23.15,22.379999,22.780001,313300,
SSL,43.34,43.400002,42.439999,42.540001,175600,
SSN,0.45,0.45,0.44,0.45,6300,
SSNC,32.060001,32.099998,31.65,31.93,255800,
SSO,79.720001,80.309998,78.599998,78.860001,13767800,
SSP,14.980005,15.199995,14.809997,14.999998,667700,
SSRI,7.53,7.58,7.21,7.22,1028400,
SSS,65.360001,66.370003,64.720001,65.400002,104700,
SSW,22.9,23,22.51,22.629999,56400,
SSYS,83.470001,86.400002,83.419998,84.160004,499500,
ST,35.470001,35.59,35.23,35.32,686200,
STAA,8.96,8.96,8.88,8.92,41700,
STAG,20.84,21.32,20.84,21.17,238300,
STB,6.3,6.36,6.28,6.28,30600,
STBA,19.530001,19.530001,19.049999,19.049999,40900,
STBZ,15.16,15.17,14.97,15,58800,
STC,26.940001,27.65,26.85,27.15,290400,
STE,43.73,44.23,43.290001,43.900002,362200,
STEC,3.5,3.56,3.45,3.5,252900,
STEI,13.05,13.06,13.04,13.04,2136000,
STEL,19.41,19.4299,19.06,19.31,126900,
STFC,18.309999,18.309999,17.83,17.85,11500,
STI,31.58,31.77,30.870001,31.09,3981500,
STJ,45.009998,45.470001,44.91,45.060001,1858900,
STKL,7.64,7.84,7.62,7.83,114000,
STLD,15.13,15.22,14.82,14.92,1002900,
STM,9.57,9.57,9.44,9.5,703000,
STMP,38.360001,38.560001,37.900002,38.220001,71900,
STNG,8.82,8.96,8.77,8.93,586300,
STO,22.17,22.280001,22.01,22.07,1592500,
STON,25.969999,26.120001,25.66,25.879999,49400,
STP,0.475,0.5,0.46,0.49,418400,
STR,23.98,24.18,23.91,24.01,1026400,
STRA,54.970001,56.540001,53.419998,53.580002,100100,
STRI,2.679973,2.739973,2.519975,2.569974,27500,
STRL,10.11,10.11,9.43,9.43,95800,
STRM,6.15,6.21,6.03,6.08,36400,
STRZA,22.85,22.9,22.27,22.309999,802500,
STSA,22.13,22.18,21.64,21.73,74800,
STSI,1.37,1.4,1.36,1.38,633300,
STT,66.349998,66.709999,65.849998,66.059998,3654300,
STV,1.63,1.63,1.53,1.53,142600,
STWD,25.740005,26.150002,25.650003,25.770005,2233700,
STX,44.02,44.32,43.580002,43.720001,2605500,
STZ,51.889999,52.130001,51.490002,52.02,1018000,
SU,30.83,30.91,30.379999,30.43,2796900,
SUI,49.040001,49.720001,48.869999,49.639999,108200,
SUNE,7.99,8.56,7.9,8.48,6741300,
SUP,18.15,18.15,17.700001,17.870001,62600,
SUPN,6.43,6.45,6.3,6.31,144400,
SUPX,22.8,22.86,22.02,22.21,41200,
SURG,3.62,3.69,3.56,3.68,56400,
SUSP,28.35,28.47,28.01,28.47,40700,
SUSQ,12.05,12.05,11.75,11.84,802500,
SUSS,48.93,49.67,48.65,48.73,127800,
SUTR,1.8,1.8,1.62,1.77,299400,
SVA,4.03,4.08,3.91,3.98,157700,
SVM,2.98,3,2.87,2.87,343500,
SVN,16.05,16.05,16.05,16.05,0,
SVNT,0.79,0.9,0.77,0.8,2366500,
SVO,368.9365,373.608,366.8247,372.1789,0,
SVU,6.41,6.47,6.21,6.29,1869900,
SVXY,81.93,83.830002,79.699997,80.300003,3569400,
SWC,12.34,12.4,11.94,11.95,766300,
SWFT,16.65,16.84,16.48,16.58,1004200,
SWHC,9.77,9.92,9.61,9.78,7179000,
SWI,39.25,41.540001,39.25,40.93,833400,
SWIR,12.34,12.65,12.28,12.55,107200,
SWK,79.349998,80.040001,79.089996,79.419998,501100,
SWKS,22.34,22.34,21.73,21.77,1803300,
SWM,50.549999,50.639999,50.139999,50.23,112000,
SWN,37,37.369999,36.259998,36.540001,2245600,
SWSH,0.94,0.95,0.93,0.94,13700,
SWX,48.200001,48.25,47.75,48,60500,
SWY,22.19,22.29,21.37,21.81,14892800,
SXC,15.34,15.36,14.89,15.08,454200,
SXCP,22.360001,22.83,22.110001,22.83,10100,
SXE,22.700001,22.969999,22.52,22.969999,10000,
SXI,52.84,52.91,51.150002,51.470001,29800,
SXL,63.459999,65.489998,63.290001,64.809998,491200,
SXT,40.779999,40.84,39.98,40.220001,73300,
SYA,15.43,15.48,15.24,15.37,793600,
SYK,67.650002,68,67.129997,67.209999,813200,
SYKE,15.78,15.82,15.33,15.4,107900,
SYMC,22.549999,22.66,22.32,22.360001,7893200,
SYNA,38,38.369999,37.490002,37.880001,683300,
SYNC,3.27,3.3,3.16,3.21,70400,
SYNT,65.290001,65.290001,64.290001,64.540001,120800,
SYRG,6.86,7.2,6.69,7.06,4096000,
SYT,78.730003,78.769997,77.82,77.970001,111900,
SYX,9.51,9.53,9.45,9.45,15900,
SYY,34.490002,34.799999,34.279999,34.470001,1892800,
SZYM,11.65,11.9,11.57,11.71,208200,
T,36.200001,36.310001,35.889999,35.91,23972700,
TA,10.5,10.52,10.23,10.42,238300,
TAHO,13.97,14.11,13.63,13.71,30300,
TAL,10.47,10.53,10.32,10.32,78600,
TAM,20.02,20.63,19.99,20.24,89600,
TAN,24.32,24.32,23.58,23.92,171000,
TAO,20.57,20.639999,20.49,20.49,19800,
TAOM,3.97,4.35,3.97,4.3,77800,
TAP,49.84,50.110001,49.450001,49.59,1143500,
TASR,9.44,9.47,9.2,9.26,227800,
TAST,6.17,6.17,6.02,6.09,87400,
TAT,0.79,0.8,0.77,0.79,7400,
TAXI,13.91,13.95,13.7,13.84,99900,
TAYC,16.75,17.17,16.69,17.1,49100,
TBBK,14.25,14.3,13.81,13.95,79000,
TBF,30.469999,30.530001,30.299999,30.530001,1118400,
TBI,23.129999,23.26,22.790001,22.950001,109400,
TBT,68.139999,68.379997,67.349998,68.379997,3135400,
TC,3.44,3.49,3.41,3.44,721300,
TCAP,27.549999,27.91,27.309999,27.52,87900,
TCB,14.23,14.33,13.97,13.99,596800,
TCBI,44.509998,44.509998,42.919998,43.200001,148200,
TCK,24.360001,24.6,23.530001,23.530001,2620400,
TCO,79.139999,80.489998,78.809998,79.660004,252300,
TCP,43.830002,44.57,43.77,44.240002,178700,
TCPC,15.95,16.059999,15.8,16.02,149500,
TCRD,15.04,15.13,14.99,15,244000,
TD,80.68,81,79.599998,79.910004,922000,
TDC,56.759998,57.150002,55.880001,56.080002,1078100,
TDG,145.539993,149.699997,143.020004,148.779999,817700,
TDIV,22.450001,22.51,22.26,22.309999,147900,
TDS,23.469999,23.75,23.25,23.639999,406900,
TDW,57.389999,58.09,57.150002,57.41,328700,
TDY,75.730003,75.790001,74.220001,74.970001,63500,
TE,17.360001,17.459999,17.280001,17.33,1573300,
TEAR,11.63,11.74,10.99,11.420001,65800,
TECD,49.970001,50.240002,49.049999,49.130001,128600,
TECH,66.769997,66.989998,66.389999,66.589996,92800,
TECL,62.459999,62.68,60.869999,61.040001,132800,
TECS,33.439999,34.16,33.369999,34.09,5600,
TECUA,10.38,10.54,10.12,10.45,33400,
TEF,13.4,13.46,13.27,13.28,1383300,
TEG,57.259998,57.779999,57.220001,57.490002,218800,
TEL,45.68,45.880001,45.290001,45.419998,1021100,
TEN,45.75,46.209999,45.240002,45.48,459000,
TEO,15.34,15.5,14.7,14.8,254300,
TEP,21.290001,21.74,21.290001,21.639999,133400,
TER,17.57,17.610001,17.26,17.34,1013700,
TESO,12.66,12.66,12.4,12.55,201200,
TEU,4.05,4.07,4.01,4.02,86800,
TEVA,39.34,39.369999,38.91,39.080002,2476900,
TEX,32.349998,32.59,31.559999,31.74,1274300,
TFM,52.27,52.970001,51.84,51.950001,367400,
TFSL,11.09,11.14,10.96,11.08,142500,
TFX,77.760002,78.029999,77.449997,77.900002,180400,
TG,25.549999,25.629999,25.309999,25.549999,56400,
TGA,7.18,7.19,7.08,7.09,41700,
TGB,2.05,2.14,2,2.03,353200,
TGH,37.889999,38,37.52,37.650002,59900,
TGI,79.190002,79.769997,78.519997,78.949997,251100,
TGP,41.889999,42.790001,41.860001,42.610001,260400,
TGT,69.379997,69.629997,68.949997,69.029999,3953500,
THC,47,47.330002,46.549999,46.669998,773400,
THG,48.5,48.59,47.830002,47.959999,125600,
THI,53,53.28,52.6,52.71,517800,
THLD,5.42,5.49,5.36,5.4,205300,
THM,0.81,0.82,0.8,0.8,105700,
THO,47.849998,48.299999,47.290001,47.810001,409700,
THOR,32.529999,32.540001,31.82,31.93,369000,
THRM,19.27,19.639999,19.07,19.110001,348900,
THRX,34.960001,36.199995,34.510002,36.040006,1468000,
THS,67.120003,67.209999,65.230003,65.779999,103000,
TI,7.18,7.24,7.14,7.16,403200,
TIBX,21.23,21.75,21.16,21.55,2084000,
TICC,9.67,9.67,9.51,9.56,560800,
TIF,75.459999,76.339996,75.25,75.480003,1208700,
TILE,17.440001,17.51,17.15,17.17,274800,
TINY,3.27,3.35,3.24,3.25,70500,
TIP,114.980003,114.980003,114.470001,114.470001,1083500,
TISI,36.509998,36.599998,36.25,36.34,82300,
TITN,20.549999,20.67,20.290001,20.4,187900,
TIVO,24.92,25.18,24.73,24.780001,571700,
TJX,51.130001,51.169998,50.25,50.419998,2962300,
TK,39.549999,39.720001,39.349998,39.540001,157800,
TKC,15.08,15.18,14.9,14.94,510300,
TKR,57.529993,58.149995,57.230001,57.730001,770700,
TLAB,2.21,2.21,2.17,2.18,1745900,
TLH,130.570007,130.910004,130.399994,130.580002,9600,
TLK,41.860001,42.439999,41.849998,42.110001,294600,
TLLP,57.799999,58.77,57,58.529999,266400,
TLM,11.54,11.66,11.41,11.47,3915100,
TLP,41.119999,41.200001,40.610001,40.82,24100,
TLT,114.099998,114.660004,113.82,113.82,6679100,
TLYS,15.92,16,15.92,15.96,49300,
TM,118.690002,119.260002,116.790001,117.379997,591500,
TMF,60.130001,60.98,59.700001,59.720001,426800,
TMH,40.360001,40.580002,39.860001,40.470001,241300,
TMHC,24.9,25.889999,24.9,25.219999,384500,
TMK,65.239992,65.260008,64.269991,64.660006,498500,
TMO,85.160004,86.089996,84.769997,85.120003,1929300,
TMUS,21.540001,22.969999,21.5,22.16,5845600,
TMV,59.16,59.459999,58.150002,59.459999,444600,
TNA,49.139999,49.650002,47.860001,48.259998,9549200,
TNAV,5.16,5.16,5.09,5.1,129500,
TNC,51.330002,51.490002,50.68,50.790001,26200,
TNGO,15.75,15.8,15.42,15.54,257600,
TNK,2.79,2.84,2.77,2.83,212400,
TNP,4.85,4.92,4.79,4.79,69700,
TOL,33.16,33.860001,32.790001,32.880001,3679800,
TOO,32.400002,33.18,32.169998,33,193000,
TOT,49.919998,50.220001,49.779999,50.099998,1421000,
TPC,17.42,17.49,17.02,17.139999,55600,
TPH,16.75,16.82,16.530001,16.610001,123200,
TPLM,6.89,6.96,6.76,6.85,384500,
TPX,44.450001,44.970001,43.490002,44.049999,670600,
TQNT,6.92,6.92,6.77,6.81,1142700,
TQQQ,70.540001,70.779999,68.839996,69.199997,5180800,
TR,32.400094,32.550093,31.90008,32.090087,49300,
TRAK,33.119999,33.5,32.880001,33.450001,198000,
TRC,30.459999,30.630001,30.18,30.210001,11100,
TREX,50.650002,51.549999,50.610001,51.490002,329000,
TRGP,65.720001,66.760002,65.480003,66.18,183700,
TRGT,5.19,5.19,4.81,4.82,1225000,
TRI,33.040001,33.27,33.040001,33.099998,917400,
TRIB,16.99,17.110001,16.99,17,16200,
TRIP,64.379997,64.839996,63.669998,63.75,1244100,
TRLA,29.75,30,29.08,29.38,300000,
TRLG,31.74,31.76,31.7,31.71,82700,
TRMB,25.99,26.49,25.9,26.25,2065700,
TRMK,24.620001,24.68,24.139999,24.23,125400,
TRN,38.900002,39.150002,38.009998,38.200001,2279600,
TRNX,16.4,16.639999,15.98,16.17,87500,
TROW,74.400002,74.400002,73.110001,73.400002,940600,
TROX,21.9,22.32,21.780001,21.940001,496100,
TRP,46.380001,46.400002,45.939999,45.939999,364400,
TRQ,6.390002,6.440001,6.249996,6.280002,3340800,
TRS,34.090001,34.349997,33.500001,33.66,231400,
TRV,82.879997,83.080002,81.970001,82.150002,1268900,
TRW,64.54,65.42,64.49,64.71,893100,
TRX,3.15,3.15,2.89,2.91,337300,
TS,41.209999,41.41,40.580002,40.630001,842100,
TSCO,114.610001,114.889999,113.989998,114.68,1136000,
TSL,5.65,6.03,5.5,5.93,4016200,
TSLA,100,102.519997,99.330002,100.300003,6564700,
TSM,18.27,18.33,17.9,17.99,12849000,
TSN,25.77,25.870001,25.389999,25.559999,2661900,
TSO,58.049999,58.32,56.82,57.16,2277800,
TSPT,2.96,2.98,2.91,2.91,73200,
TSRA,20.85,20.950001,20.549999,20.799999,243200,
TSRX,8.71,8.82,8.5,8.62,485900,
TSS,23.77,23.799999,23.42,23.459999,1297200,
TSU,19.09,19.17,18.940001,19.02,581600,
TSYS,2.31,2.33,2.21,2.26,151900,
TTC,47.580002,47.91,47.360001,47.389999,238200,
TTCMY,6.33,6.4,6.1,6.37,195000,
TTEC,24.16,24.41,23.98,24.190001,132300,
TTEK,26.58,26.809999,26.17,26.219999,348400,
TTI,10.87,11.16,10.63,10.68,723800,
TTM,25.75,25.809999,25.32,25.360001,1336400,
TTMI,8.23,8.23,8.03,8.1,131000,
TTS,29.5,30.129999,29.09,29.67,224900,
TTT,76.449997,76.970001,75.410004,76.93,49700,
TTWO,15.47,15.57,15.3,15.46,1866500,
TU,34.209999,34.509998,33.84,34.110001,228700,
TUES,10.5,10.52,10.16,10.24,197300,
TUMI,24.24,24.33,23.700001,23.77,150400,
TUP,80.260002,81.360001,80.260002,80.629997,366200,
TV,23.700001,23.870001,23.629999,23.68,2558300,
TVL,2.7,2.7,2.65,2.65,4200,
TW,75.959999,76.720001,75.650002,76.529999,216200,
TWC,95.849998,104.129997,95.790001,103.93,9007100,
TWER,2.23,2.24,2.17,2.17,8100,
TWGP,19.75,19.88,19.64,19.86,270300,
TWI,18.02,18.059999,17.280001,17.610001,1324500,
TWIN,24.34,24.34,23.15,23.25,13700,
TWM,17.709999,18.02,17.59,17.92,768600,
TWO,10.96,11.19,10.91,11.05,7067800,
TWTC,28.88,28.91,28.495,28.54,1146300,
TWX,57.669993,58.169995,57.440002,57.469998,5022400,
TX,22.799999,22.85,22.07,22.309999,229200,
TXCC,0.41,0.42,0.39,0.4,623100,
TXI,68.01,68.14,66.49,67.22,128200,
TXN,35.360001,35.77,35.240002,35.48,6267600,
TXRH,24.309999,24.940001,24.15,24.440001,526900,
TXT,26.559999,26.860001,26.379999,26.5,2031000,
TYC,33.459998,33.63,33.220002,33.31,3804700,
TYD,41.169998,41.200001,40.959999,40.959999,2800,
TYL,67.93,68.209999,67.269997,68.169998,148900,
TYO,23.26,23.280001,23.08,23.27,4600,
TYPE,23.92,24.129999,23.700001,23.73,106500,
TZA,31.07,31.870001,30.75,31.549999,3476700,
TZOO,27.67,27.74,27.049999,27.190001,60200,
UA,59.200001,59.599998,58.790001,59.18,2653200,
UAL,32.639999,33.060001,32.240002,32.669998,2219400,
UAM,9.36,9.36,9.14,9.14,68300,
UAN,23.190001,23.469999,23.190001,23.27,288300,
UBA,21.02,21.309999,20.940001,21.08,29700,
UBNT,16.200001,16.34,15.86,15.9,210100,
UBS,17.89,18,17.7,17.75,1397700,
UBSI,25.73,25.889999,25,25.059999,141900,
UBT,62.200001,62.869999,62.16,62.16,8600,
UCO,31.310001,31.429999,31.070002,31.24,287700,
UCTT,6.32,6.39,6.24,6.27,61500,
UDN,26.780001,26.889999,26.76,26.860001,34900,
UDOW,86.139999,86.75,84.029999,84.459999,296000,
UDR,24.27,24.620001,24.059999,24.27,1746500,
UEC,2.04,2.07,2,2.01,240000,
UEPS,7.07,7.15,7.04,7.14,63000,
UFCS,27.450001,27.780001,27.23,27.25,36200,
UFI,21.08,21.49,20.879999,21.290001,89200,
UFPI,39.810001,39.860001,39.119999,39.389999,88000,
UFS,71.919998,72.029999,71.07,71.379997,306200,
UGA,57.799999,58.040001,57.57,57.630001,23600,
UGI,38.579999,39.049996,38.579999,38.88,596000,
UGL,56.73,57.18,56.73,57.080002,45000,
UGP,23.879999,24.059999,23.84,23.950001,277400,
UHAL,174.479996,175.919998,170,171.270004,39900,
UHS,70.699997,71.540001,70.269997,70.339996,375200,
UIL,38.990002,39.310001,38.59,38.689999,207000,
UIS,20.799999,20.860001,20.42,20.719999,247800,
UL,41.029999,41.34,41.029999,41.220001,826500,
ULE,24.77,24.77,24.65,24.65,700,
ULTA,96.080002,97,95.190002,96.139999,838700,
ULTI,113.449997,113.690002,111.410004,111.849998,110900,
UMBF,53.240002,53.66,51.799999,52.150002,78500,
UMC,2.14,2.15,2.08,2.09,3323900,
UMDD,63.419998,64.75,63,63.150002,44400,
UMPQ,14.34,14.39,14.21,14.31,745200,
UN,40.110001,40.34,40.029999,40.110001,1512500,
UNFI,54.110001,54.150002,52.830002,52.91,201100,
UNG,20.18,20.18,19.91,19.969999,2951300,
UNH,64.129997,64.449997,63.59,63.799999,3122600,
UNIS,3.02,3.03,2.86,2.88,123800,
UNL,18.15,18.15,18,18,900,
UNM,28.26,28.42,27.719999,27.76,1444600,
UNP,156.699997,159.110001,156.110001,157.020004,2392400,
UNS,46.58,46.92,46.47,46.61,82200,
UNT,45.220001,45.48,43.799999,44.080002,284700,
UNTD,7.180023,7.23003,7.030027,7.130024,879400,
UNXL,14.7,16.030001,14.5,15.76,1722000,
UPI,2.35,2.35,2.12,2.22,242000,
UPL,21.290001,21.459999,20.66,20.879999,1456000,
UPRO,66.400002,67.190002,65.059998,65.43,6642200,
UPS,86.230003,86.809998,85.589996,85.910004,2505600,
UQM,1.34,1.34,1.25,1.29,217400,
URA,17.82,17.969999,17.799999,17.82,26700,
URBN,41.360001,41.529999,40.52,40.880001,1178800,
URE,76.830002,79.050003,76.300003,77.029999,185100,
URI,49.880001,50.580002,49.650002,50.259998,1644100,
URRE,2.419999,2.589999,2.419999,2.559999,4100,
URS,47.41,48.17,47.24,47.87,574900,
URTY,55.220001,55.68,53.669998,54.240002,208300,
URZ,1.22,1.25,1.2,1.2,192900,
USAC,22.030001,23,22.030001,22.940001,30300,
USB,35.419998,35.439999,34.98,35.009998,8118900,
USD,42.700001,42.84,41.93,42.09,7000,
USEG,1.950004,1.950004,1.900004,1.910004,9200,
USG,26.049999,26.25,25.48,25.719999,1084800,
USL,40.619999,41.16,40.619999,41.060001,47100,
USM,33.610001,33.810001,33.34,33.599998,67800,
USMO,13.6,13.78,13.4,13.7,121500,
USNA,72.730003,75,71.809998,73.900002,116100,
USO,34.759998,34.84,34.630001,34.740002,6256300,
UST,55.099998,55.299999,55,55.09,221300,
USTR,33.97,34.13,33.63,33.66,54900,
USU,0.33,0.33,0.31,0.31,8200,
UTEK,36.5,36.950001,35.73,35.759998,104000,
UTHR,65.949997,65.949997,64.68,65.419998,270100,
UTI,11.47,11.56,11.01,11.18,31900,
UTIW,15.68,15.77,15.46,15.53,327600,
UTSI,2.78,2.8,2.72,2.73,50600,
UTX,94.339996,94.849998,93.650002,94.019997,2235400,
UUP,21.950001,21.950001,21.860001,21.879999,612000,
UVE,7.03,7.17,6.92,7.06,273700,
UVV,60.450001,60.619999,59.849998,60.139999,66300,
UVXY,70.290003,74.100004,67.140003,73.490003,9100,
UWM,61.540001,61.970001,60.459999,60.869999,804800,
UXI,72.379995,72.389997,71.969999,71.969999,7500,
UYG,95.620003,96.32,93.5,93.860001,807000,
UYM,38.220001,38.720001,37.5,37.77,73600,
V,182.050003,182.479996,180.110001,180.929993,7427200,
VAC,44.66,44.66,43.41,43.759998,235000,
VAL,69.43,69.940002,68.110001,68.339996,582200,
VALE,14.7,14.73,14.08,14.13,16998400,
VALE.P,13.6,13.64,13.12,13.16,8674300,
VAR,69.540001,69.889999,68.730003,68.879997,416200,
VASC,14.89,14.96,14.36,14.83,53700,
VAW,90.309998,90.849998,89.660004,89.919998,40400,
VB,94.730003,95.040001,93.959999,94.300003,338200,
VBK,103.82,104.190002,103.160004,103.449997,173600,
VBR,84.68,85,83.889999,84.139999,229600,
VC,65.190002,65.739998,63.959999,64.839996,339400,
VCBI,13.56,13.56,13.21,13.26,32900,
VCI,26.85,27.14,26.3,26.45,202300,
VCIT,85.550003,85.779999,85.360001,85.379997,455200,
VCLK,24.99,25.06,24.43,24.51,778200,
VCLT,86.790001,87.300003,86.790001,86.949997,78900,
VCR,90.980003,91.300003,90.550003,90.75,42200,
VCRA,15.6,16.09,15.52,16,219200,
VDC,104.07,104.589996,103.5,103.75,60600,
VDE,115.059998,115.230003,113.769997,114.010002,83400,
VDSI,8.44,8.47,8.22,8.3,33600,
VE,12.4,12.45,12.26,12.28,125500,
VEA,37.139999,37.32,36.860001,36.98,2461100,
VECO,39.040001,39.040001,37.740002,38.099998,560000,
VELT,1.43,1.5,1.4,1.46,1240100,
VEU,46.139999,46.34,45.790001,45.889999,668400,
VFC,187.639999,188.649994,186.5,187.139999,1419600,
VFH,40.560001,40.66,40.049999,40.16,176900,
VG,2.9,2.91,2.84,2.84,1044800,
VGK,51.290001,51.639999,51.080002,51.27,2563700,
VGR,16.000059,16.110056,15.850052,15.870051,429600,
VGT,75.839996,76.059998,75.25,75.389999,158100,
VGZ,1.35,1.35,1.28,1.28,332400,
VHC,25,25,24.360001,24.5,267900,
VHS,13.78,13.899,13.22,13.4,140200,
VHT,87.790001,88.150002,87.419998,87.650002,86900,
VIAB,66.690002,67.620003,66.5,66.769997,1840000,
VICL,2.94,2.97,2.9,2.93,87500,
VICR,5.45,5.5,5.27,5.27,25400,
VIG,67.970001,68.279999,67.589996,67.720001,1050500,
VIIX,10.95,11.26,10.71,11.23,99700,
VIP,9.99,10.27,9.95,10.24,705300,
VIPS,33.280001,33.469999,32.309999,32.43,3057000,
VIS,82.75,83.129997,82.230003,82.419998,57100,
VIV,24.67,24.889999,24.35,24.4,1033400,
VIVO,21.709999,21.74,21.389999,21.57,215300,
VIX,16.629999,17.26,16.030001,17.15,0,
VIXM,26.9,27.459999,26.700001,27.450001,25300,
VIXY,54.650001,56.200001,53.48,55.950001,231300,
VLCCF,6.33,6.54,6.33,6.41,128200,
VLO,38.709999,38.849998,37.919998,38.009998,5986800,
VLTR,13.67,13.78,13.58,13.75,179700,
VLY,9.07,9.09,8.91,8.94,681500,
VMC,54.360001,54.43,53.610001,53.689999,433000,
VMED,0,0,0,51,0,
VMI,140.309998,141.580002,139.539993,140.850006,157300,
VMW,70.620003,71.449997,69.669998,69.730003,1834100,
VNDA,11.88,12.04,11.44,11.55,1137200,
VNET,11.53,11.53,11.06,11.18,658300,
VNO,82.279988,83.849999,81.849993,82.849996,1422700,
VNQ,69.989998,71.040001,69.739998,70.18,3547000,
VNQI,54.09,54.360001,53.77,53.93,58500,
VNR,27.879999,28.24,27.75,28.049999,542100,
VNTV,26.27,26.709999,26.15,26.33,479900,
VO,96.18,96.620003,95.650002,95.889999,131100,
VOC,13.17,13.2,13.01,13.04,37400,
VOCS,9.77,9.89,9.69,9.76,344900,
VOD,28.230002,28.520005,28.159998,28.159998,6437600,
VOE,69.68,69.989998,69.239998,69.419998,97300,
VOLC,18.92,19.16,18.51,18.61,408300,
VOO,75.089996,75.389999,74.580002,74.699997,1172600,
VOT,78.830002,79.220001,78.459999,78.620003,45700,
VOX,79.169998,79.620003,79.169998,79.18,27000,
VOXX,11.71,11.71,11.3,11.45,79300,
VOYA,26.530001,26.98,26.01,26.07,788600,
VPFG,19.43,19.43,19.2,19.28,84200,
VPG,16.76,16.790001,15.83,15.86,52700,
VPHM,27.37,27.52,27.06,27.16,350300,
VPL,56.130001,56.369999,55.57,55.700001,244600,
VPRT,47.82,47.94,46.55,47.16,137100,
VPU,82.68,83.25,82.68,82.82,102300,
VR,36.68,36.77,36.490002,36.580002,510400,
VRA,21.190001,21.450001,21,21.32,451800,
VRML,3.03,3.08,2.92,2.94,59300,
VRNG,2.94,3.01,2.94,2.99,76700,
VRNM,2.28,2.3,2.2,2.282,17100,
VRNT,34.43,34.450001,33.950001,33.990002,319100,
VRS,1.04,1.05,1.04,1.05,5200,
VRSK,58.779999,59.07,58.549999,58.810001,436500,
VRSN,45.419998,45.59,44.970001,45.029999,1547200,
VRTU,23.110001,23.200001,22.389999,22.4,167200,
VRTX,82.32,82.849998,79.910004,80.309998,1456300,
VRX,85.559998,86.029999,83.849998,84.199997,1129800,
VSAT,70.510002,71.610001,70.330002,70.400002,129800,
VSH,14.29,14.52,14.26,14.47,824000,
VSI,47.290001,47.779999,46.349998,46.48,314600,
VSS,93.25,93.260002,92.309998,92.57,33400,
VT,53.240002,53.380001,52.77,52.880001,113600,
VTI,84.489998,84.809998,83.93,84.099998,1653500,
VTR,69.389999,71.18,69.389999,70.43,1782000,
VTSS,2.33,2.3758,2.3001,2.31,20200,
VTUS,2.31,2.33,2.19,2.24,154900,
VTV,69.169998,69.440002,68.720001,68.839996,2731000,
VUG,79.879997,80.209999,79.410004,79.529999,424000,
VV,75.040001,75.290001,74.540001,74.639999,178600,
VVC,33.66,33.950001,33.52,33.860001,153300,
VVI,25.51,25.51,24.99,25.200001,38500,
VVTV,5.04,5.31,4.94,5.14,702400,
VVUS,13.97,14.28,13.75,13.81,1257400,
VWO,40.32,40.349998,39.630001,39.790001,25794300,
VXEEM,26.37,27.61,25.81,26.97,0,
VXEWZ,30.51,31.51,30.2,31.35,0,
VXF,70.529999,70.790001,70.129997,70.330002,104100,
VXUS,47.669998,47.810001,47.27,47.360001,110600,
VXX,20.27,20.85,19.82,20.790001,4358600,
VXZ,21.98,22.4,21.700001,22.34,84600,
VYM,57.580002,57.790001,57.259998,57.360001,447700,
VZ,50.59,51.27,50.549999,51.07,12020500,
WAB,53.330002,53.82,53.130001,53.369999,536300,
WABC,46.27,46.509998,45.130001,45.290001,189600,
WAC,38.080002,38.720001,37.119999,37.919998,591200,
WAFD,17.280001,17.33,17.18,17.200001,247300,
WAG,49.93,50.79,49.77,50.18,3342823,
WAGE,29.33,30,29.309999,29.459999,145700,
WAIR,18.129999,18.139999,17.84,17.9,487100,
WAL,14.47,14.49,14.17,14.21,162200,
WAT,98.970001,99.57,98.400002,98.599998,210100,
WBC,75.68,75.839996,74.839996,75,202200,
WBMD,30.17,30.49,29.74,29.969999,164700,
WBS,23.93,23.950001,23.5,23.629999,482400,
WBSN,24.78,24.78,24.71,24.72,175500,
WCC,70.940002,71.43,69.720001,70.040001,358700,
WCG,51.950001,52.549999,51.299999,51.470001,421800,
WCN,40.439999,40.810001,40.240002,40.790001,445900,
WCRX,20.04,20.09,19.79,19.9,2153500,
WD,18.360001,18.51,18.299999,18.370001,43600,
WDAY,61.09,61.299999,59.869999,61.09,1395700,
WDC,64.480003,64.660004,63.66,63.880001,1466500,
WDFC,56.450001,56.84,55.869999,56.150002,35000,
WDR,46.759998,47.150002,45.970001,46.150002,401300,
WEAT,18.09,18.1,17.9,18.07,8000,
WEC,41.150002,41.459999,41.060001,41.18,837400,
WEN,5.91,6.02,5.91,5.96,3131500,
WERN,24.889999,25.02,24.48,24.59,296100,
WES,60.540001,62.220001,60.540001,61.84,224500,
WETF,12.3,12.35,11.82,12.01,2319600,
WEX,76.68,77.730003,76.129997,77.400002,246200,
WFC,40.84,41.060001,40.099998,40.16,19475700,
WFM,51.32,51.91,50.869999,51.380001,1632400,
WFT,13.9,13.98,13.7,13.75,4042100,
WG,6.85,6.88,6.78,6.79,324800,
WGL,43.599998,43.73,43.209999,43.41,102500,
WGO,21.389999,21.530001,20.879999,21.09,157000,
WHR,127.099998,130.210007,127.099998,129.240005,880100,
WHX,2.27,2.27,2.27,2.27,0,
WHZ,13.03,13.28,13.01,13.19,68600,
WIBC,6.65,6.65,6.54,6.6,124100,
WIFI,6.49,6.6,6.42,6.43,77200,
WILN,4.14,4.17,4.14,4.16,3000,
WIN,8.15,8.32,8.13,8.31,4611235,
WIRE,34.18,34.259998,33.599998,33.610001,18800,
WIT,7.35,7.39,7.26,7.3,676700,
WLB,11.78,11.78,11.4,11.48,24500,
WLH,24.77,24.91,24.51,24.6,188900,
WLK,95.43,99.510002,95.43,97.849998,1535200,
WLL,49.360001,49.360001,47.700001,48.07,1429300,
WLP,78.83,79.47,77.81,78.16,1353000,
WLT,14.75,15.16,11.76,12.13,21365200,
WM,39.75,39.939999,39.639999,39.68,2317600,
WMAR,11.75,11.8,11.61,11.75,20400,
WMB,33.650002,33.66,33.240002,33.310001,8973100,
WMC,19,19.59,18.620001,18.74,1317600,
WMGI,16.4,16.639999,15.98,16.17,87500,
WMS,25.52,25.55,25.48,25.49,684700,
WMT,74.839996,75.269997,74.800003,74.870003,6351500,
WNC,9.98,10.03,9.75,9.8,265600,
WNR,31.059999,31.17,30.370001,30.68,820700,
WOOF,26.51,26.75,26.01,26.25,708700,
WOR,34.330002,34.549999,33.740002,33.889999,267500,
WPC,66.010002,68.120003,65.870003,67.410004,384800,
WPP,11.9,11.99,11.72,11.78,94200,
WPPGY,87.620003,88.290001,87.480003,87.910004,22300,
WPRT,29.93,30.200001,29.200001,29.57,309300,
WPX,19.24,19.309999,18.870001,19,2179300,
WPZ,44.390002,46.240004,44.390002,45.639999,303400,
WR,31.629999,31.84,31.49,31.629999,457600,
WRB,41.59,41.82,41.25,41.32,333400,
WRE,26.379999,26.83,26.219999,26.5,273500,
WRES,2.7,2.7,2.67,2.67,144000,
WRI,31.450001,31.93,31.25,31.49,1020300,
WRLD,93.660004,94.290001,92.739998,92.870003,38900,
WRLS,12.58,12.59,12.57,12.59,261100,
WSH,40.02,40.380001,40.02,40.200001,610200,
WSM,56.009998,56.669998,55.189999,55.560001,1041700,
WSO,86.82,87.330002,85.489998,85.93,94100,
WSR,16.129999,16.889999,16.030001,16.75,124900,
WST,67.239998,67.389999,66.989998,67.260002,164600,
WSTC,23.459999,24.15,23.309999,23.5,74000,
WTFC,37.200001,37.299999,36.52,36.669998,132800,
WTI,14.87,14.87,14.53,14.64,329900,
WTR,31.240001,31.48,31.15,31.340001,370800,
WTS,47.98,48.110001,47.470001,47.540001,111100,
WTSL,4.82,4.86,4.73,4.77,857100,
WTW,44.360001,44.849998,43.939999,44.049999,213100,
WU,16.92,17.09,16.790001,17.02,5886000,
WWAV,17.17,17.33,16.93,17.09,1634700,
WWD,40.950001,41,40.360001,40.490002,209000,
WWE,9.9,9.93,9.85,9.91,92100,
WWW,52.169998,52.360001,51.650002,51.939999,386800,
WWWW,21.9,22,21.610001,21.809999,106400,
WX,21.389999,21.549999,21.25,21.35,506200,
WY,28.58,28.92,28.23,28.290001,3645700,
WYN,59.07,59.490002,58.610001,58.790001,1123600,
WYNN,135.970001,137.110001,134.429993,135.139999,1028000,
X,18.219999,18.459999,17.66,17.889999,8255700,
XAU,104.74,104.98,102.35,102.56,0,
XBI,107.399998,107.399998,105.679996,106.030003,456300,
XCO,7.719996,7.789998,7.590002,7.619998,1434300,
XDA,96.2,96.56,95.72,95.82,0,
XDB,156.27,157.14,156.21,157.05,0,
XDC,0.459,0.459,0.459,0.459,0,
XDE,133.09,133.5,132.95,133.46,0,
XDN,105.24,106.41,104.92,106.41,0,
XDS,108.05,108.74,107.87,108.57,0,
XEC,71.889999,72.82,71.360001,72.379997,1044000,
XEL,29.209999,29.58,29.040001,29.42,4518400,
XEO,736.830017,738.73999,731.190002,732.099976,0,
XES,39.959999,39.959999,39.470001,39.509998,10800,
XHB,30.84,31.17,30.75,30.83,5861000,
XIDE,0.24,0.24,0.22,0.24,3693200,
XIN,4.48,4.68,4.47,4.52,293700,
XL,31.190001,31.360001,30.940001,31.059999,1737700,
XLB,40.209999,40.529999,39.950001,40.049999,5029000,
XLE,80.739998,80.82,79.720001,79.910004,10398400,
XLF,19.779999,19.829999,19.519999,19.549998,54618900,
XLI,43.549999,43.759998,43.25,43.299999,8207200,
XLK,31.58,31.68,31.35,31.379999,5779300,
XLNX,38.75,39.369999,38.619999,38.880001,3613000,
XLP,40.73,41.029999,40.59,40.700001,8453300,
XLS,11.64,12.89,11.64,12.88,1465100,
XLU,37.91,38.200001,37.900002,38,11424500,
XLV,48.490002,48.84,48.439999,48.540001,7314000,
XLY,56.450001,56.709999,56.189999,56.349998,6738200,
XME,36.830002,36.900002,35.669998,35.889999,2723700,
XNPT,5.35,5.41,5.12,5.15,413300,
XOM,91.160004,91.300003,90.290001,90.580002,12158400,
XOMA,4.07,4.09,3.99,4,327400,
XOOM,21,21.209999,20.52,20.559999,48500,
XOP,60.779999,60.779999,59.610001,59.73,3157700,
XOXO,10.6,10.68,10.4,10.51,60400,
XPO,17.5,17.66,17.1,17.280001,63900,
XPP,44.549999,44.720001,43.189999,43.650002,65100,
XRA,0.8,0.8,0.77,0.79,18700,
XRAY,41.310001,41.439999,40.919998,41.009998,427200,
XRM,9.87,10.19,9.79,10.1,144700,
XRS,10.47,10.53,10.32,10.32,78600,
XRT,77.949997,78.540001,77.43,77.620003,8010200,
XRTX,10.55,10.55,10.38,10.41,18100,
XRX,9.09,9.15,9,9.1,4693700,
XSD,52.939999,53.259998,52.669998,52.84,16800,
XSP,163.55,164.08,162.4,162.67,0,
XTEX,19.9,20.24,19.85,20.11,479700,
XTXI,19.93,20.16,19.7,20.15,126600,
XUE,2.92,3.13,2.92,3.01,119100,
XXIA,16.17,16.24,15.92,16,348500,
XYL,27.24,27.51,27.049999,27.120001,349600,
YANG,50.650004,52.209998,50.650004,51.93,2800,
YAO,23.040001,23.049999,22.74,22.790001,6100,
YCL,23,23.549999,22.889999,23.389999,4100,
YCS,59.16,59.32,57.650002,58.060001,720000,
YELP,30,31.1,29.43,30.84,1013100,
YGE,2.82,2.95,2.7,2.87,377900,
YHOO,26.32,26.549999,26.16,26.280001,7398800,
YINN,16.059999,16.35,15.84,15.93,54500,
YNDX,26.49,26.68,26.049999,26.52,1931300,
YOKU,20.379999,20.66,20.09,20.309999,730300,
YONG,5.32,5.32,5.32,5.32,0,
YPF,14.72,14.95,14.61,14.82,258500,
YRCW,22.790001,23.370001,22.6,22.709999,274700,
YUK,94.959999,95.32,94,94.150002,0,
YUM,71.6,71.74,70.960003,71.11,2488100,
YZC,8.81,8.84,8.48,8.5,696900,
Z,52.360001,54.189999,51.830002,53.09,400400,
ZAGG,5.78,5.79,5.52,5.54,678500,
ZAZA,1.41,1.41,1.39,1.39,23200,
ZBRA,45.77,45.77,45.18,45.419998,91400,
ZEP,16.450001,16.690001,16.17,16.209999,30800,
ZEUS,25.01,25.139999,24.41,24.6,41400,
ZINC,12.2,12.26,12.02,12.2,306300,
ZION,27.700001,27.77,26.83,26.959999,1451400,
ZIOP,2.16,2.17,2.05,2.06,414900,
ZIXI,3.98,4.01,3.9,3.93,216200,
ZLC,9.2,9.43,9.02,9.18,539000,
ZLTQ,5.76,5.8,5.65,5.79,179200,
ZMH,78.349998,78.830002,77.650002,77.860001,484500,
ZN,1.87,2.05,1.86,1.98,286500,
ZNGA,2.78,2.84,2.78,2.82,5469600,
ZNH,21.379999,21.469999,21,21,49600,
ZOLT,13.33,13.44,13,13.07,66500,
ZQK,6.33,6.43,6.33,6.36,1552000,
ZROZ,99.800003,100.080002,99.120003,99.120003,12400,
ZSL,82.699997,83.639999,81.860001,82.519997,504200,
ZTS,31,31.26,30.610001,30.799999,10665000,
ZUMZ,30.23,30.23,29.51,29.700001,121600,
ZX,2.73,2.8,2.7,2.79,19000,
ABCB,16.389999,16.48,16.040001,16.16,27000,
ACCL,8.21,8.25,8.03,8.04,109500,
ACPW,4.37,4.41,4.23,4.23,12000,
ACWX,42.549999,42.77,42.27,42.32,408900,
AKR,25.65,25.93,25.459999,25.620001,384600,
AONEQ,0.0287,0.032,0.0281,0.0315,4735400,
ARSD,8.1,8.2,7.96,8.03,24000,
ASTM,14.63,15.63,15.58,15.63,3000,
ASX,4,4.01,3.97,3.97,201900,
ATEC,1.939999,1.959999,1.919999,1.929999,2500,
ATRC,9.05,9.11,8.94,9,64500,
AVNW,2.949999,2.949999,2.809999,2.809999,10100,
BFIN,8.07,8.07,7.87,7.96,11700,
BFR,4.12,4.16,3.96,3.98,19200,
BIL,45.799999,45.810001,45.799999,45.799999,700700,
BIN,22.1,22.129999,21.67,21.85,51000,
BIS,37.979999,38.000001,37.349998,37.529999,300,
BKEP,8.46,8.69,8.1,8.25,11800,
BRB,211.979996,215.320007,211.979996,215.289993,0,
BSQR,2.79,2.79,2.75,2.75,3700,
CBRX,0.67,0.68,0.65,0.66,39100,
CERP,0.02,0.02,0.02,0.02,7187500,
CHGS,0.1599,0.17,0.15,0.17,3700,
CIR,51.110001,51.759998,50.93,51.369999,80200,
CIU,109.559998,109.68,109.410004,109.440002,360800,
CLUB,10.86,10.89,10.56,10.7,43200,
CMLS,3.45,3.46,3.39,3.39,125900,
CNDA,20.879999,20.879999,20.809999,20.809999,1200,
COBZ,8.59,8.59,8.39,8.41,129500,
COOL,0.590012,0.590012,0.580012,0.580012,3600,
CRAI,18.51,18.66,18.32,18.450001,9500,
CRDC,1.18,1.2,1.13,1.17,3300,
CREG,1.07,1.07,0.99,0.99,9600,
CROP,26.190001,26.190001,25.950001,25.969999,2600,
CSFL,8.98,8.98,8.83,8.85,11700,
CSHZ,0.08,0.08,0.07,0.07,195800,
CSJ,105.349998,105.400002,105.239998,105.309998,465700,
CWB,43.009998,43.200001,42.91,42.990002,134400,
DCOM,14.94,14.94,14.52,14.56,97000,
DGT,60.389999,60.459999,60.360001,60.360001,800,
DMB,14.07,14.24,13.93,14.01,11800,
DQ,7.1,7.23,6.9,7.17,10300,
DRCO,5.02,5.09,5,5,3700,
EGI,0.36,0.38,0.35,0.38,19900,
ELS,78.709999,80.290001,78.449997,78.970001,289200,
EUFX,37.43,37.43,36.990002,36.990002,3400,
FCBC,15.37,15.37,15.15,15.17,24100,
FCF,7.1,7.12,6.96,6.97,382300,
FDML,10.24,10.3,9.86,9.98,258800,
FELE,34.740002,34.740002,34.360001,34.369999,97400,
FMD,1.19,1.2,1.16,1.18,22300,
FOL,3.24,3.24,3.24,3.24,0,
FORX,48.73,48.73,48.610001,48.610001,300,
FSCI,41.1,41.1,40.96,40.96,12500,
FTC,35.02,35.220001,34.860001,34.919998,23300,
GBLI,23.790001,23.85,23,23,30500,
GGAL,5.59,5.65,5.4,5.46,30600,
GIB,30.1,30.370001,29.469999,29.549999,178000,
GLDI,16.709999,16.726,16.709999,16.726,2800,
GLDX,15.74,15.97,15.65,15.66,3800,
GMXRQ,0.21,0.24,0.21,0.24,16000,
GSE,1.1,1.1,1.1,1.1,0,
GSIG,8.27,8.31,8.07,8.09,54500,
GSIT,6.55,6.6,6.32,6.38,29300,
GTS,22.59,22.84,22.33,22.530001,76200,
GUNR,33.290001,33.470001,33.060001,33.119999,369000,
GWX,29.790001,29.809999,29.51,29.58,49900,
HCKT,4.88,4.91,4.74,4.74,74100,
HDNG,14.27,14.5,13.7,13.78,41300,
HDSN,3.62,3.62,3.38,3.47,117922,
HGR,32.02,32.02,31.450001,31.52,80200,
HSON,2.56,2.56,2.48,2.5,63000,
IBCA,6.65,6.69,6.49,6.6,16500,
ICFI,30.82,30.84,30.379999,30.59,43000,
IEFA,53.77,53.990002,53.419998,53.529999,51700,
INOD,3.17,3.21,3.09,3.1,44100,
IPCC,57.98,58.490002,56.189999,56.220001,33800,
ISIG,1.95,1.95,1.89,1.92,2700,
KIPO,6.37,6.37,6.3,6.3,600,
KITDQ,0.34,0.44,0.34,0.44,2400,
KMPR,33.93,34.049999,33.52,33.540001,163700,
LDL,14.57,14.58,14.07,14.19,40100,
LEDR,10.54,10.58,10.43,10.48,164200,
LEDS,1.91,1.98,1.81,1.84,98600,
LOJN,3.3,3.4,3.3,3.35,6000,
LPTN,4.760002,4.760002,4.710002,4.730002,700,
LYTS,7.87,7.92,7.73,7.76,10600,
MCS,12.58,12.6,12.2,12.22,28400,
MGEE,54.400005,54.870003,54.229998,54.490007,43300,
MGRC,33.450001,33.5,32.619999,33.169998,34200,
MPX,7.15,7.15,7.05,7.1,5800,
NEWN,0.1,0.1,0.1,0.1,5300,
NJR,44.849998,45,44.27,44.470001,557600,
NPBC,9.87,9.89,9.61,9.69,375100,
NZD,123.599998,124.349998,122.900002,124.339996,0,
OTEL,9.91,10.2,9.91,10.15,2500,
PPBI,11.67,11.69,11.5,11.55,16300,
PRGX,5.48,5.48,5.37,5.43,35300,
PRO,29.280001,30.48,29.24,30.43,165900,
PWAVQ,0.0131,0.015,0.011,0.012,334800,
QRM,0.49,0.4998,0.48,0.48,16700,
QTEC,29.23,29.23,28.91,28.959999,14900,
RNWK,7.43,7.43,7.3,7.33,28400,
RPT,15.45,15.62,15.28,15.52,538000,
RWL,31.870001,32.029999,31.690001,31.690001,9400,
SBLK,5.62,5.64,5.51,5.56,2000,
SCMR,0.5,0.5,0.49,0.49,116700,
SIGI,23.309999,23.309999,22.93,23.01,95400,
SIJ,19.879999,20,19.879999,19.959999,1000,
SKA,64.650002,64.790001,64.32,64.370003,0,
SMCI,10.65,10.84,10.44,10.63,95100,
SMTX,1.99,2,1.96,2,31100,
SNBC,3.09,3.09,3.02,3.03,3800,
SOCL,14.63,14.64,14.48,14.5,2000,
STAN,21.54,21.85,20.99,21.19,49400,
STL,9.15,9.15,8.91,8.97,75100,
STNR,51.32,51.619999,50.060001,50.16,12700,
SWS,5.61,5.61,5.5,5.52,47500,
SYMX,0.95,0.96,0.92,0.93,17100,
SYPR,3.07,3.27,3.06,3.19,30100,
TACT,8,8,7.92,7.94,1100,
TFI,23.34,23.48,23.32,23.469999,176900,
TGE,7.3,7.3,7.3,7.3,0,
THR,20.75,20.98,20.25,20.58,199500,
TMS,15.96,16.09,15.71,15.71,15900,
TPI,0.55,0.55,0.51,0.53,6800,
TRNO,18.549999,18.65,18.200001,18.360001,54900,
TRST,5.41,5.48,5.33,5.36,556900,
TSTC,0.32,0.33,0.32,0.32,32900,
UAMY,1.14,1.3,1.09,1.11,117100,
UBNK,13.31,13.31,13.03,13.1,36700,
UCBI,11.99,11.99,11.62,11.63,143000,
ULBI,3.93,3.93,3.73,3.73,5900,
USMV,33.16,33.32,33.060001,33.110001,458600,
USPH,29.129999,29.98,29.09,29.73,78400,
UTY,0.02,0.02,0.02,0.02,800,
WAVX,0.43,0.46,0.41,0.44,2400,
WWAV.B,17.07,17.07,16.66,16.8,1157800,
XDZ,80.87,81.37,80.42,80.59,0,
ZOOM,0.37,0.39,0.37,0.38,700,