symbol,open,high,low,close,volume,adjust_close
A,43.100001,43.290001,42.279999,42.34,5163900,
AA,7.959991,7.959991,7.719992,7.749992,7918100,
AAMRQ,4.02,4.15,3.96,3.97,2591300,
AAN,27.799999,28.18,27.76,27.98,524400,
AAON,32.609993,32.890004,32.069993,32.159993,77400,
AAP,80.779999,81.050003,79.470001,79.75,1178600,
AAPL,403.900005,404.790012,395.660004,398.069992,91931000,
AAT,30.15,30.209999,29.790001,30.049999,243500,
AAU,1.12,1.22,1.1,1.18,227500,
AAV,3.94,3.97,3.86,3.95,142100,
AAWW,44.049999,44.720001,43.700001,43.849998,167400,
AAXJ,53.73,54.200001,53.639999,54.099998,658300,
AB,21.41,21.790001,21.25,21.32,583300,
ABAX,46.259998,46.720001,45.650002,46.380001,89200,
ABB,21.33,21.469999,21.27,21.34,1295900,
ABBV,43.099998,43.610001,43.029999,43.380001,4733700,
ABC,53.779999,55.290001,53.779999,55.040001,2503200,
ABCO,54.009998,54.439999,53.439999,54.130001,120000,
ABFS,19.62,19.76,18.98,19.33,381900,
ABG,38.279999,39.380001,37.790001,39.02,223500,
ABM,24.280001,24.34,24.059999,24.23,133200,
ABMD,20.92,21.41,20.790001,21.17,215900,
ABR,6.4,6.5,6.07,6.07,138400,
ABT,35.41,35.790001,35.139999,35.599998,6877400,
ABV,35.65,36.44,35.6,36.26,24337400,
ABX,15.47,15.52,14.75,14.78,35431700,
ACAD,16.9,17.959999,16.790001,17.82,2820500,
ACAS,12.08,12.21,12,12.14,2700800,
ACAT,45.849998,46.009998,45.380001,45.709999,71500,
ACC,38.799999,40.330002,38.799999,39.66,1668700,
ACCO,6.53,6.81,6.34,6.36,1231600,
ACE,87.529999,88.860001,87.300003,88.599998,2174200,
ACET,13.15,13.3,12.98,13.09,160100,
ACFN,8.85,8.85,8.54,8.6,89500,
ACGL,50.330002,51.080002,50.330002,50.84,463800,
ACH,7.72,7.74,7.58,7.67,105800,
ACHC,34.990002,35.150002,33.799999,34.009998,411800,
ACHN,8.08,8.21,7.91,8.11,1509100,
ACI,3.82,3.83,3.59,3.61,977900,
ACIW,45.580001,45.780001,44.929999,45.009999,578100,
ACLS,1.78,1.8,1.73,1.78,99000,
ACM,30.790001,30.969999,30.26,30.790001,919100,
ACMP,46.41,47.93,46.39,47.64,261000,
ACN,80.480003,80.480003,79.43,79.559998,3065500,
ACO,31.35,31.35,30.37,30.91,87000,
ACOR,31.9,32.849998,31.73,32.41,219300,
ACRE,12.66,12.88,12.55,12.79,680500,
ACRX,8.42,8.74,8.4,8.68,206800,
ACT,122.410004,124.57,122.230003,123.290001,1102000,
ACTG,23.5,23.51,22.01,22.1,1023100,
ACTV,6.81,7.11,6.73,7,480000,
ACUR,2.07,2.07,2,2,230678,
ACW,5,5.06,4.89,4.91,138600,
ACWI,50.16,50.380001,50.02,50.290001,1398400,
ACXM,22.58,22.629999,22.200001,22.5,336100,
ADBE,44.950001,45.919998,44.900002,45.68,5356400,
ADC,29.459999,29.690001,29.219999,29.290001,38200,
ADES,38.39,39.2,38.39,38.9,64200,
ADI,45.009998,45.18,44.380001,45.07,1725300,
ADM,33.419998,33.73,33.290001,33.580002,4000000,
ADNC,13.15,13.39,13.08,13.29,171400,
ADP,69.500003,69.750002,69.150005,69.350002,1947100,
ADS,176.850006,181,176.100006,178.360001,1076900,
ADSK,34.330002,34.75,34.240002,34.639999,2578000,
ADT,40.470001,41.080002,40.41,40.950001,2833000,
ADTN,23.950001,24.23,23.57,23.950001,630400,
ADVS,34.73,34.73,34.080002,34.259998,175800,
ADY,7.37,7.4,7.36,7.4,275900,
AEC,15.86,15.87,15.65,15.66,1289100,
AEE,33.630001,33.900002,33.389999,33.84,1173200,
AEG,6.73,6.75,6.66,6.72,737500,
AEGN,22.639999,22.9,21.790001,21.950001,281400,
AEGR,60.630001,64.849998,60.43,64.730003,611400,
AEIS,17.35,17.35,16.809999,16.82,231200,
AEL,15.94,15.98,15.69,15.75,569800,
AEM,25.469999,25.75,25,25.15,2523000,
AEO,18.280001,18.370001,17.98,18.02,2006500,
AEP,44.189999,44.709999,44.16,44.599998,2735300,
AER,16.969999,17.1,16.65,16.870001,300900,
AERL,3.96,4.02,3.83,3.88,215000,
AES,11.75,11.97,11.71,11.91,5247600,
AET,62.75,63.470001,62.029999,62.959999,3157000,
AF,10.56,10.59,10.44,10.52,561000,
AFAM,19.67,19.940001,19.57,19.870001,86300,
AFCE,34.17,34.75,33.81,34.06,89300,
AFFX,3.96,4.46,3.9,4.31,2045100,
AFFY,1.05,1.11,1.02,1.04,482800,
AFG,48.119999,48.299999,47.779999,48.029999,312300,
AFL,57.450001,57.66,56.84,57.259998,1602700,
AFSI,34.59,35.040001,34.59,34.910002,517000,
AG,9.08,9.26,8.81,8.85,1266200,
AGCO,51.650002,51.75,50.889999,51.029999,723700,
AGEN,3.7,3.74,3.6,3.62,109000,
AGG,106.720001,106.879997,106.550003,106.75,995800,
AGII,42.189995,42.489998,41.759993,41.780003,101400,
AGM,27.620001,27.92,27.120001,27.780001,27400,
AGN,122.410004,124.57,122.230003,123.290001,1102000,
AGNC,22.49,23.120001,22.25,22.41,11262100,
AGO,21.549999,21.889999,21.549999,21.719999,763500,
AGQ,15.85,15.93,15.32,15.32,892700,
AGRO,6.01,6.31,6.01,6.18,286800,
AGU,85.709999,87.339996,84.959999,87.029999,747100,
AGX,15.85,15.88,15.67,15.81,71300,
AGYS,12.41,12.42,12.02,12.06,51800,
AH,18.3,19,18.3,19,249500,
AHGP,60.919998,62.279999,60.330002,61.360001,37000,
AHH,11.44,11.46,10.9,11.38,173900,
AHL,36.5,36.900002,36.369999,36.740002,375900,
AHS,14.36,14.36,13.91,14.08,197700,
AHT,11.430001,11.539997,11.250009,11.280005,1308200,
AI,26,26.09,25.4,25.58,195400,
AIG,43.84,44.110001,43.209999,43.619999,14282300,
AIMC,27.129999,27.139999,26.620001,26.73,61400,
AIN,33.419998,33.509998,32.889999,33.110001,153200,
AINV,7.57,7.69,7.53,7.58,1643200,
AIR,21.42,21.52,21.190001,21.41,138000,
AIRM,34.950001,35.52,34.810001,34.950001,447100,
AIT,47.799999,48.110001,47.599998,47.68,105400,
AIV,29.190001,29.49,28.99,29.42,1393000,
AIXG,16.129999,16.4,16.09,16.32,44900,
AIZ,50.200001,50.599998,50.029999,50.259998,612600,
AJG,43.32,43.439999,42.889999,43.189999,646500,
AKAM,42.18,43.099998,42,42.759998,1931600,
AKG,1.9,1.98,1.9,1.92,116400,
AKRX,13.61,13.74,13.37,13.58,440000,
AKS,3.1,3.17,2.98,2.99,7716400,
AL,27,27.09,26.51,26.719999,257100,
ALB,62.939999,63.18,62.18,62.66,468100,
ALC,11.95,11.97,11.93,11.93,888200,
ALDW,23.58,24.25,23.450001,23.91,284500,
ALE,48.830002,49.18,48.540001,48.689999,173200,
ALEX,40.220001,40.32,39.59,39.990002,210700,
ALGN,35.650002,36.18,35.099998,35.779999,1081500,
ALGT,107.510002,108.559998,104.279999,104.910004,185400,
ALIM,5,5,4.62,4.79,127300,
ALJ,14.96,15.4,14.94,14.94,510900,
ALK,51.73,51.740002,50.389999,50.419998,1550400,
ALKS,27.68,29.07,27.389999,28.73,1447100,
ALL,47.110001,47.900002,46.959999,47.759998,4191400,
ALLT,13.99,14.16,13.57,13.79,981700,
ALNY,29.690001,30.4,29.51,30.24,573900,
ALOG,74.239998,74.389999,72.160004,72.279999,41600,
ALR,24.889999,25.120001,24.74,24.77,483500,
ALSK,1.75,1.75,1.7,1.74,209500,
ALSN,22.76,22.92,22.6,22.65,261400,
ALTR,32.82,32.959999,32.389999,32.720001,2588500,
ALU,1.71,1.74,1.67,1.73,33594700,
ALV,74.959999,75.629997,74.720001,75.459999,314000,
ALXA,4.28,4.4,4.27,4.27,148800,
ALXN,89.410004,93.230003,89.160004,92.75,1754000,
AM,18.27,18.27,18.16,18.19,176700,
AMAG,21.389999,22.25,20.889999,21.799999,81500,
AMAT,15.37,15.42,14.92,14.97,18520800,
AMBA,16.700001,16.84,16.370001,16.41,702700,
AMBC,23.27,23.32,22.68,22.700001,525100,
AMCC,9.72,9.9,9.53,9.54,1384300,
AMCN,1.73,1.84,1.69,1.82,35100,
AMCX,64.099998,64.260002,63.299999,63.740002,308200,
AMD,4.2,4.21,4.12,4.14,19841200,
AME,41.18,41.360001,40.939999,41.07,1204500,
AMED,12.67,13.1,12.52,12.97,361800,
AMG,158.830002,159.240005,156.869995,157.679993,428200,
AMGN,97.330002,100.169998,97.25,99.599998,2975900,
AMJ,45.080002,46.75,44.860001,46.75,1056700,
AMKR,4.21,4.26,4.1,4.11,693000,
AMLP,17.5,17.67,17.42,17.67,3398400,
AMP,80.18,80.889999,79.919998,80.330002,1307900,
AMPE,5.72,5.76,5.51,5.62,219100,
AMRC,8.85,8.91,8.55,8.75,163900,
AMRI,11.31,11.66,11.16,11.54,272300,
AMRN,5.81,5.96,5.76,5.78,3094700,
AMRS,2.71,2.82,2.66,2.77,153400,
AMSC,2.27,2.34,2.26,2.28,52700,
AMSG,34.970001,35.209999,34.119999,34.68,111200,
AMSWA,8.38,8.38,8.18,8.19,20800,
AMT,73.489998,74.080002,73.43,73.830002,3401100,
AMTD,24.110001,24.200001,23.879999,24.030001,2158400,
AMTG,15.84,16.58,15.78,16.440001,1109100,
AMWD,34.41,35.5,34.41,34.669998,148500,
AMX,19.5,20.1,19.469999,19.93,7332300,
AMZN,273.980011,277.980011,273.5,277.570007,3029500,
AN,43.02,43.240002,42.66,42.700001,962100,
ANAC,5.5,5.5,5.18,5.3,200700,
ANAD,2.15,2.18,2.09,2.12,387000,
ANDE,53.179996,53.779993,52.390005,53.089994,107800,
ANEN,22.84,22.84,22.37,22.75,29200,
ANF,44.279999,44.75,43.959999,44.32,1249600,
ANGI,26.5,27.01,26.25,26.860001,784100,
ANGO,11.11,11.2,11,11,22400,
ANH,5.5,5.59,5.45,5.45,1476800,
ANIK,16.82,16.9,16.450001,16.620001,70800,
ANN,32.599998,32.799999,32.23,32.59,1168000,
ANR,5.17,5.26,4.82,4.97,14381500,
ANSS,72.400002,72.900002,72.059998,72.139999,272100,
ANV,6,6.09,5.51,5.52,4809400,
ANW,8.78,8.98,8.65,8.66,212100,
AOI,3.72,3.73,3.66,3.71,16600,
AOL,35.389999,36.060001,34.93,35.759998,1085900,
AON,64.18,64.540001,63.759998,64.440002,1137100,
AOS,36.459999,36.650002,36.169998,36.23,1058000,
AOSL,7.76,7.79,7.54,7.65,38300,
APA,83.209999,83.589996,82.849998,83.169998,2421500,
APAM,51.799999,51.82,49.41,49.759998,150000,
APC,85.849998,86.800003,84.790001,86.339996,4001900,
APD,95.679994,96.399998,95.399996,96.129996,1520300,
APEI,37.93,37.93,37.09,37.389999,53600,
APH,77.160004,77.660004,76.459999,77.519997,935000,
APL,36.84,38.03,36.81,37.93,624300,
APO,22.610001,23.139999,22.43,22.75,1147900,
APOG,23.75,24.440001,22.5,24.02,449000,
APOL,18.280001,18.639999,17.35,17.389999,11770600,
APP,1.95,2.01,1.93,1.98,838300,
APRI,2.4,2.41,2.27,2.28,289200,
APU,48,49.48,47.610001,49.369999,158900,
ARAY,5.5,5.5,5.28,5.44,733000,
ARB,46.6,46.6,45.27,45.79,2532700,
ARCC,16.959999,17.049999,16.85,16.969999,1665800,
ARCO,11.82,11.87,11.57,11.71,949200,
ARCP,14.82,14.94,14.7,14.92,2793200,
ARE,63.259998,64.160004,62.950001,63.869999,606100,
AREX,24.379999,24.860001,23.870001,24.200001,1245000,
ARG,96.029999,96.980003,95.610001,96.739998,529500,
ARI,15.99,16.26,15.89,15.93,509300,
ARIA,16.84,17.9,16.84,17.67,2423700,
ARII,31.799999,31.959999,31.42,31.68,182600,
ARLP,69,69.879997,68.059998,68.470001,156600,
ARMH,36.630001,36.830002,36.360001,36.450001,5382100,
ARNA,8.18,8.2,8.07,8.12,3020700,
ARO,12.89,12.96,12.65,12.81,1000800,
ARP,21.5,21.940001,21.5,21.889999,364200,
ARPI,18.459999,18.459999,17.780001,17.85,339500,
ARQL,2.44,2.47,2.33,2.33,263200,
ARR,4.47,4.57,4.46,4.54,837000,
ARRS,14.59,14.62,14.36,14.45,838600,
ARRY,4.57,4.62,4.51,4.52,928900,
ARTC,35.49,35.5,34.85,34.91,52100,
ARUN,14.77,14.98,14.64,14.7,1406400,
ARW,38.669998,38.810001,38.130001,38.380001,545700,
ARX,7.83,7.86,7.49,7.55,11600,
ASA,11.7,11.82,11.52,11.65,251600,
ASBC,15.45,15.58,15.16,15.33,1287600,
ASCA,26.48,26.5,26.25,26.26,102900,
ASEI,55.740002,56.490002,55.279999,55.48,24800,
ASFI,8.56,8.74,8.46,8.6,32300,
ASGN,26.049999,26.08,25.23,25.889999,235000,
ASH,83.699997,84.339996,82.650002,83.849998,520000,
ASIA,11.48,11.55,11.46,11.49,182900,
ASMI,33.459999,33.639999,33.389999,33.5,4000,
ASML,76.839996,77.169998,76.279999,76.830002,654400,
ASNA,17.27,17.35,16.99,17.01,1451500,
ASPS,94.400002,95.470001,93.889999,94.699997,59300,
ASR,103.480003,105.019997,102.989998,105.010002,92500,
ASTE,34,34.439999,33.450001,33.540001,59000,
ASTI,0.71,0.77,0.71,0.73,27000,
ASTX,4.06,4.09,3.94,4.005,1010200,
ASYS,7.4,7.88,6.79,7.05,142200,
AT,4.14,4.14,3.9,3.9,1178100,
ATAX,6.63,6.82,6.5,6.68,143100,
ATHN,90.739998,90.809998,88.879997,88.940002,283700,
ATHX,1.6,1.68,1.59,1.66,171100,
ATI,26.66,26.969999,25.969999,26.76,1960300,
ATK,79.24,80.19,78.97,80.14,137800,
ATLC,3.68,3.79,3.55,3.79,3400,
ATLS,13.74,13.84,13.69,13.81,301136,
ATMI,23.79,23.863,23.52,23.52,82400,
ATML,7.23,7.35,7.02,7.09,7960200,
ATNI,49.66,49.66,48.439999,48.599998,21800,
ATO,39.59,40.25,39.43,40.16,531400,
ATPAQ,0.0765,0.08,0.0701,0.0701,293900,
ATR,55.200001,55.43,54.630001,54.959999,188200,
ATRS,4.07,4.1,4.06,4.07,644400,
ATSG,6.55,6.61,6.39,6.39,304100,
ATU,32.189999,32.610001,32.110001,32.279999,537100,
ATVI,13.85,13.93,13.66,13.74,3665000,
ATW,52.5,52.599998,51.68,51.900002,643100,
AU,13.34,13.38,13.08,13.16,4207000,
AUDC,4.39,4.46,4.32,4.36,94200,
AUM,92.739998,93.440002,92.5,92.790001,0,
AUMN,1.32,1.37,1.32,1.34,333700,
AUO,3.36,3.4,3.36,3.36,796200,
AUQ,4.16,4.2,4.08,4.11,2810500,
AUX,107.83,108.1,107.02,107.78,0,
AUXL,16.36,16.67,16.3,16.36,461200,
AUY,8.62,8.89,8.55,8.6,10572500,
AVA,26.879999,27.040001,26.629999,26.690001,301000,
AVAV,20.450001,20.49,19.76,20.059999,946700,
AVB,135.850006,137.550003,134.940002,135.199997,1182300,
AVD,23.18,23.48,22.120001,22.15,1009600,
AVEO,2.41,2.53,2.41,2.51,592100,
AVG,18.5,19.5,18.4,19.030001,1135000,
AVGO,37.389999,37.720001,36.990002,37.25,2066100,
AVHI,17.16,17.219999,16.52,17.049999,20700,
AVID,6.16,6.16,6.04,6.06,34000,
AVIV,24.6,25.19,24.45,24.8,304700,
AVL,0.54,0.57,0.54,0.56,220200,
AVNR,4.41,4.51,4.35,4.42,1762300,
AVP,21.049999,21.290001,20.969999,21.16,2716500,
AVSPY,126.97,127.1,124.12,124.98,0,
AVT,33.349998,33.549999,32.939999,33.189999,450000,
AVX,11.8,11.87,11.56,11.61,496100,
AVY,42.369999,42.549999,41.889999,42.16,545400,
AWAY,32.669998,32.919998,32.029999,32.380001,964400,
AWC,30.247,30.247,30.247,30.247,0,
AWH,89.859999,90.760002,89.710001,90.32,464100,
AWI,47.040001,47.669998,46.889999,47,195700,
AWK,40.330002,40.610001,40.240002,40.259998,487000,
AWR,53.810001,53.990002,53.48,53.59,199400,
AWRE,4.86,5.02,4.76,4.89,90000,
AXAS,2.21,2.22,2.11,2.13,502400,
AXE,74.690002,74.919998,73.580002,73.629997,407600,
AXL,17.75,17.870001,17.57,17.780001,906900,
AXLL,41.66,43.490002,41.619999,42.830002,1277600,
AXP,73.639999,74.25,73.330002,73.900002,4894200,
AXS,45.02,45.57,45.02,45.509998,710700,
AXTI,2.58,2.58,2.51,2.51,106600,
AXU,0.92,0.95,0.9,0.91,273100,
AYI,75.730003,76.300003,74.489998,74.660004,315600,
AYR,15.71,15.73,15.42,15.5,450700,
AZC,2.03,2.1,2.02,2.07,37900,
AZN,47.98,48.169998,47.779999,47.860001,3293000,
AZO,420.75,421.290009,412.839996,413.98999,481500,
AZPN,28.950001,29.190001,28.530001,28.549999,916600,
AZZ,42.060001,42.740002,41.439999,41.689999,155800,
B,29.559999,29.629999,29.26,29.34,157100,
BA,99.650002,101.389999,99.57,100.75,5267300,
BAA,0.7,0.71,0.62,0.64,962800,
BABY,13.62,13.62,13.3,13.32,144300,
BAC,12.84,12.85,12.68,12.76,105282000,
BAH,16.719999,16.91,16.540001,16.74,315300,
BAK,14.67,15.14,14.63,15.1,350400,
BAL,54.330002,54.419998,53.810001,53.91,62200,
BALT,3.45,3.53,3.41,3.53,76100,
BAM,35.329996,35.890005,35.329996,35.73,1289800,
BANR,33.400002,33.5,33.119999,33.240002,115500,
BAP,126.020006,126.810005,124.510003,125.99001,256400,
BAS,12.43,12.46,12.09,12.34,431100,
BAX,70.019996,70.250002,69.600001,69.740002,6951900,
BAXS,2.3,2.3,2.13,2.23,39000,
BBBY,69.150002,70.110001,69.150002,70,2911300,
BBCN,13.9,14.01,13.75,13.75,582800,
BBD,12.960001,13.22,12.960001,13.050001,10832500,
BBEP,18.34,18.370001,18.07,18.08,753600,
BBG,20.93,21.030001,20.450001,20.629999,758200,
BBH,67.019997,68.75,66.650002,68.389999,136000,
BBL,51.509998,51.860001,51.150002,51.509998,1173700,
BBOX,24.870001,25.059999,24.299999,24.950001,37300,
BBRG,17.5,17.73,17.5,17.629999,111600,
BBRY,14.7,15,14.7,14.91,23230800,
BBT,34.09,34.200001,33.700001,33.880001,3782600,
BBVA,8.63,8.68,8.56,8.62,949100,
BBW,6.25,6.43,6.25,6.32,24200,
BBX,12.81,12.91,12.73,12.9,23200,
BBY,26.9,27.290001,26.51,27.280001,3270100,
BC,31.65,31.870001,31.08,31.77,665100,
BCC,25,26,24.9,25.35,2044600,
BCE,41.380001,41.380001,38.720001,39.759998,4254500,
BCEI,35.77,35.950001,35.029999,35.630001,275800,
BCO,25.889999,25.889999,25.51,25.530001,135300,
BCOR,18.540001,18.540001,17.870001,18.17,199100,
BCOV,8.47,9,8.17,8.51,640000,
BCPC,44.75,45.189999,44.279999,44.34,59900,
BCR,109.470001,109.699997,108.169998,108.389999,650400,
BCRX,1.51,1.56,1.49,1.51,341000,
BCS,17.86,17.9,17.65,17.75,1395692,
BDBD,12.38,12.62,12.26,12.27,529300,
BDC,50.549999,50.84,49.790001,49.98,172700,
BDE,9.22,9.49,9.21,9.42,206600,
BDN,13.36,13.62,13.34,13.5,1585500,
BDSI,4.04,4.04,3.96,3.99,169400,
BDX,98.879997,99.870003,98.860001,99.160004,834900,
BEAM,62.88,63.17,62.39,62.39,585300,
BEAT,6,6.56,5.85,6.12,2927400,
BEAV,61.899998,63.110001,61.780002,62.799995,1816800,
BEBE,5.24,5.31,5.23,5.25,22300,
BECN,38.169998,38.650002,37.669998,37.82,397000,
BEE,8.74,8.89,8.74,8.82,1319900,
BEN,138.500004,138.789997,137.019997,137.389996,4122600,
BERY,22.42,22.42,21.940001,22.030001,558100,
BF.B,68.160004,68.769997,67.879997,67.93,386100,
BFAM,32.630001,33.740002,32.630001,33.689999,112000,
BG,69.739998,70.419998,69.489998,70.25,535800,
BGC,30.440001,30.58,29.93,30.15,478100,
BGCP,5.66,5.84,5.6,5.8,1908800,
BGFV,20.42,20.52,20.110001,20.389999,172500,
BGG,19.370001,19.370001,19.030001,19.049999,595400,
BGS,34.119999,34.130001,33.82,33.869999,263900,
BHE,20.110001,20.25,19.99,20.01,394900,
BHI,45.360001,45.419998,44.82,45.310001,2408900,
BHP,57.91,58.290001,57.549999,57.959999,2625200,
BIB,87,90.970001,86.959999,90.230003,134800,
BID,37.779999,38.279999,37.02,37.759998,2313500,
BIDU,91.949997,94.5,91.279999,93.720001,3233700,
BIG,31.9,32.029999,31.209999,31.48,913100,
BIIB,201.570007,209.869995,200.259995,208.429993,1477600,
BIO,111.910004,112.589996,110.339996,110.550003,37400,
BIOD,4.01,4.19,4,4.14,165300,
BIOL,3.630017,3.850013,3.520009,3.750014,316500,
BIOS,16.51,16.629999,16.4,16.469999,331500,
BIP,35.150002,36.130002,35.150002,35.939999,734100,
BIRT,6.57,6.57,6.36,6.36,108800,
BITA,10.52,11.08,10.52,10.88,61300,
BIV,83.18,83.279999,82.949997,83.18,286200,
BJRI,35.990002,37.189999,35.889999,36.970001,234000,
BK,28.52,28.639999,28.290001,28.33,6629700,
BKCC,9.24,9.28,9.21,9.23,464200,
BKD,26.35,26.48,25.9,26.18,1034800,
BKE,51.999997,52.279997,51.439997,51.540003,163400,
BKF,33.950001,34.25,33.880001,34.130001,67000,
BKH,47.419998,47.91,47.02,47.740002,209300,
BKI,37.15,37.16,37.08,37.14,279900,
BKLN,24.67,24.75,24.65,24.65,3886800,
BKMU,5.86,5.86,5.63,5.68,58000,
BKS,15.700001,16.49,15.650001,16.46,4672000,
BKU,26.24,26.49,26.059999,26.43,493200,
BKW,19.93,20,19.6,19.79,818900,
BKX,60.72,61.31,60.69,61.05,0,
BLC,14.1,14.13,13.92,13.94,812500,
BLDP,1.74,1.88,1.7,1.88,2286300,
BLDR,6.05,6.13,5.92,5.92,118500,
BLK,252.330002,259.399994,252.330002,258.040009,1028400,
BLKB,32.900002,33.02,32.330002,32.349998,96600,
BLL,42.27,42.450001,41.740002,42.029999,598800,
BLMN,25,25.379999,24.959999,25.209999,952800,
BLOX,29.780001,30.120001,29.440001,29.799999,700200,
BLT,12.05,12.06,11.87,11.89,160600,
BLV,83.790001,84.339996,83.449997,84.029999,113000,
BLX,22.540001,22.83,22.26,22.299999,128700,
BMC,44.99,45.03,44.85,44.96,2338700,
BMI,43.869999,44.009998,42.790001,43.009998,63800,
BMO,57.709999,57.919998,57.259998,57.790001,426000,
BMR,19.17,19.76,19.129999,19.57,2897600,
BMRN,56.330002,57.34,55.860001,57.09,1458800,
BMS,38.52,38.889999,38.400002,38.779999,505400,
BMY,45.560001,46.720001,45.23,46.470001,9040900,
BNCL,8.510003,8.510003,8.410001,8.410001,67300,
BND,80.690002,80.690002,80.339996,80.519997,2360500,
BNNY,41.84,42.46,41.49,42.24,236300,
BNO,77.330002,77.379997,76.389999,77.370003,64800,
BNS,53.580002,53.759998,53.41,53.630001,399700,
BOBE,46,47.09,45.93,46.509998,153900,
BODY,12.34,12.6,12.24,12.55,10100,
BOFI,46.84,47.73,46.419998,47.119999,480000,
BOH,50.189999,50.400002,49.849998,49.869999,411400,
BOIL,39.049999,40.02,38.5,39.84,27700,
BOKF,63.380001,63.689999,62.849998,63.330002,83000,
BOLT,16.8,16.83,16.24,16.34,7500,
BONA,3.75,3.76,3.59,3.6,61000,
BOND,105.209999,105.419998,105.099998,105.309998,444700,
BONT,17.799999,18.32,17.719999,18.030001,176500,
BOOM,16.59,16.629999,16.219999,16.360001,17900,
BORN,1.16,1.21,1.15,1.15,20600,
BOTA,3.06,3.25,3.05,3.12,15900,
BP,41.950001,42,41.549999,41.830002,2395700,
BPAX,0.85,0.93,0.8,0.92,533700,
BPFH,10.25,10.45,10.22,10.32,399800,
BPI,12.07,12.07,11.9,12.02,235000,
BPL,68.769997,69.260002,68.610001,68.940002,356000,
BPO,16.6,16.695,16.52,16.62,1032800,
BPOP,29.700001,30.110001,29.6,29.639999,874000,
BPT,95.379997,96.209999,95.199997,95.660004,103000,
BPX,65.07,65.360001,64.959999,65.300003,0,
BPY,20.040001,20.549999,20.01,20.290001,76300,
BPZ,1.82,1.83,1.76,1.78,580100,
BR,26.15,26.65,25.860001,25.92,844500,
BRC,30.360001,30.360001,29.75,29.76,163800,
BRCD,5.35,5.77,5.34,5.65,11738300,
BRCM,34.189999,34.25,33.439999,33.869999,6200300,
BRE,48.78,49.21,48.66,49.04,343900,
BREW,8.01,8.12,7.87,7.91,29100,
BRF,31.76,32.299999,31.76,32.169998,113900,
BRFS,21.4,21.76,21.25,21.719999,1623800,
BRK.B,112.980003,113.5,112.269997,112.910004,3763100,
BRKL,8.71,8.76,8.65,8.71,464500,
BRKR,16.27,16.43,16.209999,16.219999,643800,
BRKS,9.88,9.91,9.72,9.72,214700,
BRLI,28.26,28.83,28.17,28.53,151800,
BRO,31.43,31.469999,31.16,31.33,877900,
BRS,65.449997,66.040001,64.690002,65.769997,179600,
BRY,42.92,43.1,42.73,42.97,482300,
BSAC,22.84,23.440001,22.82,23.290001,723300,
BSBR,6.22,6.32,6.02,6.26,4708300,
BSDM,1.3,1.31,1.27,1.27,64000,
BSET,15.65,16.02,15.61,15.68,36900,
BSFT,27.620001,28.040001,27.35,27.67,482200,
BSMX,13.55,14,13.45,13.52,1967700,
BSRR,14.5,14.59,14.41,14.55,33700,
BSX,9.13,9.36,9.11,9.25,27822100,
BTE,35.709999,36.029999,35.599998,35.950001,144800,
BTH,13.98,14.02,13.75,13.78,129800,
BTI,104.419998,104.910004,103.989998,104.699997,164500,
BTN,4.1,4.12,4.1,4.11,16500,
BTU,15.050008,15.180007,14.350007,14.540008,670200,
BTX,4,4,3.75,3.8,164700,
BUD,88.300003,89.370003,88.260002,88.669998,2089400,
BUSE,4.549995,4.549995,4.479996,4.479996,46700,
BV,9.11,9.25,8.8,9.09,930900,
BVN,13.81,13.91,13.38,13.46,3942000,
BWA,83.580002,85.129997,83.400002,84.540001,1251200,
BWC,29.49,29.91,29.33,29.57,468700,
BWEN,4.47,4.53,4.37,4.45,41500,
BWLD,99.779999,100.660004,99.040001,99.370003,619200,
BWP,29.83,30.219999,29.83,30.219999,761600,
BWS,20.68,20.73,20.37,20.73,264500,
BWX,56.580002,56.610001,56.279999,56.400002,333400,
BX,20.68,20.799999,20.469999,20.49,6976300,
BXP,103.080002,104.349998,102.760002,103.910004,1303000,
BXS,17.450001,17.450001,17.1,17.16,778600,
BYD,10.81,11.02,10.74,10.95,1061300,
BYI,55.3,55.46,54.91,55.08,258400,
BZ,8.25,8.3,8.08,8.19,619900,
BZF,18.040001,18.049999,17.889999,18.040001,13500,
BZH,17.24,17.41,17.01,17.139999,1093400,
BZQ,94.830002,95.989998,92.800003,94.199997,26800,
C,47.799999,47.82,47.049999,47.610001,30623500,
CA,27.389999,27.690001,27.389999,27.530001,2660800,
CAAS,5.12,5.29,5.01,5.25,16700,
CAB,65.790001,65.989998,64.150002,64.699997,904500,
CACI,61.610001,62.380001,60.84,62.25,405500,
CADX,7.17,7.19,6.87,7.05,283000,
CAG,33.569999,33.639998,33.35,33.35,5969100,
CAH,47.02,48.130001,46.700001,47.93,3187800,
CAJ,33,33.049999,32.810001,33,297000,
CAK,0.55002,0.57,0.55002,0.55002,142800,
CAKE,41.220001,41.5,40.970001,41.27,491300,
CALD,6.52,6.53,6.37,6.41,133500,
CALL,14.07,14.31,13.71,14.15,303873,
CALM,46.610001,46.860001,45.73,45.799999,142800,
CALX,10.27,10.27,9.85,10.23,702400,
CAM,61.73,62.189999,61.119999,61.849998,1420700,
CAMP,13.68,13.82,13.46,13.75,286300,
CAP,24.6,24.67,24.09,24.280001,80100,
CAR,28.950001,29.93,28.879999,29.219999,2658300,
CARB,12.75,12.75,12.12,12.39,59200,
CAS,16.200001,16.280001,15.71,15.76,207400,
CASY,59.150002,59.66,58.889999,59.18,160000,
CAT,82.919998,83.43,81.699997,82.099998,6950600,
CATM,27.440001,27.67,27.24,27.24,344600,
CATO,24.610001,24.82,24.27,24.360001,59500,
CATY,20.17,20.24,19.74,19.93,208800,
CAVM,34.720001,35.139999,34.209999,34.959999,347700,
CB,87.529999,88.860001,87.300003,88.599998,2174200,
CBAK,1.06,1.09,1.01,1.08,28700,
CBB,2.97,3.01,2.93,2.98,145500,
CBD,43.470001,45.52,43.389999,45.27,1034700,
CBEY,7.89,7.99,7.52,7.54,158800,
CBF,18.799999,18.799999,18.35,18.379999,299500,
CBG,22.23,22.889999,22.18,22.58,3656700,
CBI,59.639999,59.73,59.119999,59.580002,822400,
CBK,6.06,6.12,5.79,5.91,386000,
CBL,21.370001,21.65,21.360001,21.58,1526200,
CBLI,1.55,1.59,1.51,1.55,2400,
CBM,14.09,14.28,13.9,13.95,64300,
CBOE,44.73,45.580002,44.380001,45.419998,1135900,
CBR,3.66,3.66,3.48,3.51,100200,
CBRL,92.82,94.07,92.459999,93.279999,97300,
CBS,48.310001,48.709999,47.970001,48.43,2690700,
CBS.A,48.549999,48.549999,48.209999,48.380001,2600,
CBSH,43.330138,43.490131,42.81013,43.000136,768700,
CBST,49.68,50.38,49.31,49.83,662100,
CBT,37.740002,37.830002,37.349998,37.560001,150100,
CBU,30.440001,30.67,30.059999,30.219999,187600,
CBZ,6.75,6.75,6.66,6.66,57400,
CCC,16.51,16.709999,16.440001,16.469999,294200,
CCE,34.34,34.919998,34.23,34.810001,6802900,
CCG,11.32,11.61,11.28,11.52,970000,
CCI,68.669998,70.190002,68.389999,70.129997,2958400,
CCIX,18.45,18.709,18.2101,18.26,163400,
CCJ,20.77,20.82,20.5,20.68,1589900,
CCK,40.720001,40.950001,40.200001,40.540001,906400,
CCL,34.880001,35.060001,34.57,34.779999,4601100,
CCM,4.100004,4.100004,4.019998,4.019998,2100,
CCMP,33.68,33.68,33.259998,33.290001,384700,
CCO,7.43,7.48,7.38,7.44,58200,
CCOI,28.360001,28.469999,28.059999,28.110001,154100,
CCRN,5.13,5.17,4.93,4.93,40100,
CCUR,7.5,7.6,7.31,7.39,57300,
CDD,104.760002,104.93,104.580002,104.75,0,
CDE,11.7,11.83,11.48,11.49,1834100,
CDI,14.35,14.49,14.06,14.37,27600,
CDNS,14.36,14.5,14.28,14.41,1967300,
CDR,5.24,5.28,5.14,5.18,194800,
CDZI,4.79,4.85,4.73,4.77,87600,
CE,44.43,44.950001,43.860001,44.689999,1207800,
CEB,62.439999,62.580002,61.880001,62.220001,135100,
CEC,0.73081,0.73081,0.73081,0.73081,15300,
CECE,12.48,12.51,12.25,12.49,38400,
CECO,2.87,2.95,2.78,2.86,474900,
CEL,9.39,9.42,9.26,9.33,75100,
CELG,115.830002,118.879997,115,118.129997,5327800,
CENTA,7.3,7.33,7.1,7.14,186400,
CENX,9.26,9.43,8.98,9.25,716600,
CEO,163.550003,163.710007,160.350006,162.199997,118800,
CERN,96.099998,96.550003,95.209999,96.360001,1091600,
CERS,4.42,4.51,4.34,4.39,522900,
CETV,3.32,3.43,3.27,3.38,486200,
CEVA,18.940001,18.940001,18.360001,18.4,90100,
CF,175.699997,178.950005,174.020004,176.879997,4409000,
CFI,16.969999,17.07,16.77,16.870001,26400,
CFN,37.1,37.16,36.32,36.36,2086000,
CFNL,14.78,14.84,14.66,14.72,113000,
CFR,66.510002,66.580002,65.57,66.07,521600,
CFX,50.610001,51.709999,50.349998,51.360001,453600,
CG,25.23,25.709999,24.92,24.959999,324400,
CGA,2.79,2.89,2.79,2.88,32700,
CGEN,5.77,5.88,5.57,5.63,115300,
CGG,22.799999,22.959999,22.67,22.91,100,
CGI,18.540001,18.540001,18.01,18.040001,59000,
CGNX,44.950001,45.459999,43.919998,45.150002,332000,
CGX,46.28,46.28,45.52,46.02,30600,
CHCO,39.25,39.25,38.150002,38.25,16300,
CHD,59.959999,60.369999,59.93,60.080002,710000,
CHDN,78.82,79.279999,78.059998,78.610001,14700,
CHDX,16,16,14.48,15.04,93600,
CHE,73.889999,74.540001,73.839996,74.440002,146500,
CHEF,16.99,17.4,16.92,17.110001,28100,
CHFC,26.459999,26.459999,25.91,25.959999,23500,
CHH,39.860001,40.150002,39.77,39.869999,67800,
CHIQ,13.27,13.39,13.27,13.35,299100,
CHK,20.080001,20.670001,20.080001,20.37,13694400,
CHKP,49.869999,50.919998,49.700001,50.68,1224700,
CHKR,14.71,14.98,14.7,14.92,75100,
CHL,49.810001,49.959999,49.540001,49.889999,1210300,
CHLN,1.7,1.73,1.66,1.69,4700,
CHMT,20.77,21.190001,20.309999,20.959999,1384700,
CHOP,1.81,1.88,1.81,1.82,1800,
CHRW,55.32,55.459999,54.720001,55.119999,1200500,
CHS,16.34,16.360001,16.049999,16.18,2009700,
CHSP,20.559999,20.99,20.530001,20.809999,403500,
CHT,31.74,31.76,31.549999,31.690001,156300,
CHTP,2.19,2.3,2.12,2.29,701500,
CHTR,118.309998,120.660004,118,119,948700,
CHU,13.08,13.1,12.95,13.03,449300,
CHUY,39.040001,39.740002,38.43,38.57,245900,
CI,71.290001,71.699997,70.699997,71.370003,1829600,
CIB,54.970001,56.09,54.93,55.869999,325100,
CIE,26.34,26.799999,26.129999,26.690001,3352400,
CIEN,19.75,19.879999,19.33,19.35,2503100,
CIG,8.670002,8.960002,8.670002,8.890006,2916200,
CIM,2.97,3.04,2.97,2.98,2793800,
CINF,45.360001,45.93,45.330002,45.639999,590700,
CIS,1.65,1.74,1.65,1.72,41344,
CISG,6.06,6.1,6.02,6.03,11300,
CIT,45.66,46.13,45.3,45.87,966537,
CJES,19.43,19.700001,19.299999,19.610001,350800,
CKEC,18.17,18.18,17.93,18.01,105400,
CKH,81.440002,82.769997,81.239998,82.580002,272500,
CKP,13.91,13.93,13.46,13.47,124300,
CKSW,8.45,8.45,8.28,8.37,135900,
CL,56.779999,57.200001,56.419998,57,4130400,
CLB,151.630005,152.860001,150.440002,152.740005,239500,
CLC,52.5,52.540001,51.869999,51.91,154700,
CLD,16.66,16.799999,16.34,16.530001,1062700,
CLDT,16.5,16.59,16.309999,16.469999,96600,
CLDX,14.39,15.38,14.3,15.08,2743100,
CLF,16.34,16.370001,15.5,15.7,9317600,
CLGX,22.889999,22.98,22.629999,22.709999,1039200,
CLH,51.75,52.16,51.25,51.52,649800,
CLI,24.129999,24.49,24.129999,24.299999,1081600,
CLMS,10.48,10.52,10.39,10.4,141900,
CLMT,35.150002,35.889999,34.779999,35.77,436900,
CLNE,12.82,12.87,12.48,12.7,764500,
CLNY,19.620001,19.77,19.459999,19.58,983900,
CLP,5300,5300,5300,5300,0,
CLR,84.93,86.190002,83.709999,85.160004,1288200,
CLS,9.47,9.5,9.31,9.36,111800,
CLSN,1.200001,1.200001,1.099999,1.11,671000,
CLW,46.950001,47.189999,46.610001,46.639999,88100,
CLWR,5.05,5.1,5.02,5.09,18102400,
CLX,82.779999,83.629997,82.779999,83.260002,697300,
CM,71.959999,72.129997,71.519997,71.610001,243000,
CMA,40,40.279999,39.380001,39.82,2367700,
CMC,13.92,13.98,13.63,13.89,1863100,
CMCO,22.040001,22.040001,21.17,21.34,56300,
CMCSA,40.490002,40.630001,40.099998,40.189999,22123000,
CMCSK,38.619999,38.919998,38.380001,38.509998,1720100,
CME,76.550003,77.370003,75.25,76.309998,3090700,
CMG,364,365.690002,362.269989,363.670013,346400,
CMI,108.809998,109.400002,107.029999,107.360001,2177000,
CMLP,22.02,22.48,22.02,22.33,327700,
CMN,33.580004,33.930001,32.969999,33.010005,86400,
CMO,11.84,12.05,11.76,11.94,1235800,
CMP,84.730003,84.730003,82.900002,83.089996,169400,
CMRE,17.33,17.549999,17.23,17.280001,107200,
CMS,27.190001,27.5,27.040001,27.43,1962200,
CMTL,26,26,25.629999,25.639999,50300,
CNA,31.790001,32,31.75,31.91,100200,
CNC,49.73,50.07,49.02,49.369999,683600,
CNDO,8.15,8.2,7.89,7.91,275400,
CNH,41.46,41.935,41.34,41.72,225800,
CNI,96.43,97.839996,96.220001,96.910004,1307200,
CNIT,2.36,2.39,2.22,2.27,51700,
CNK,28.030001,28.120001,27.51,27.629999,506700,
CNL,45.369999,45.619999,44.939999,45.25,287300,
CNMD,30.709999,30.83,30.4,30.42,42000,
CNO,12.76,12.82,12.57,12.74,841100,
CNP,23.200001,23.41,23.040001,23.299999,2217800,
CNQ,28.42,28.549999,28.07,28.379999,1411100,
CNQR,78.28,79.95,78.09,79.522,893600,
CNS,34.060001,34.540001,33.77,34.220001,104500,
CNSI,29.33,29.52,28.83,29.01,134500,
CNSL,17.200001,17.209999,16.9,16.91,183900,
CNW,39.799999,40,38.759998,38.939999,625700,
CNX,28.040001,28.16,27.02,27.1,4001500,
COCO,2.27,2.28,2.17,2.19,520100,
CODE,1.12,1.12,1.12,1.12,0,
CODI,17.24,17.5,17.120001,17.16,165900,
COF,61.599998,61.880001,61.150002,61.57,2749400,
COG,71.040001,72.139999,69.860001,71.769997,3309000,
COGO,1.94,2,1.93,1.93,42400,
COH,55.790001,56.43,55.59,55.990002,2636500,
COHR,55.52,56.200001,54.459999,54.869999,46200,
COHU,12.18,12.5,12.11,12.4,182400,
COL,62.220001,62.959999,61.889999,62.790001,517400,
COLB,23.200001,23.27,22.879999,23.01,134600,
COLM,61.060001,61.48,60.07,60.84,79200,
CONE,19.200001,19.24,18.9,18.98,563800,
CONN,50.990002,51.130001,50,50.610001,308700,
COO,117.919998,118.580002,117.18,117.660004,240800,
COP,60.369999,60.450001,59.759998,60.330002,4009600,
COR,30.42,30.74,30.34,30.610001,98900,
CORE,62.790001,62.790001,61.639999,61.849998,116000,
CORN,41.02,41.18,40.689999,40.91,23400,
CORR,6.96,7.1,6.96,7.08,31000,
CORT,1.87,1.87,1.8,1.81,113600,
COST,110.449997,111.470001,110.099998,111.18,1539200,
COT,7.63,7.79,7.63,7.69,470800,
COTY,16.799999,17.139999,16.799999,17.02,3420800,
COV,56.23,57.12,56.09,56.81,4626300,
COW,27.049999,27.209999,26.959999,27.139999,15800,
COWN,3.04,3.06,2.98,2.99,675200,
CP,120.769997,122.089996,119.809998,121.57,920400,
CPA,133.630005,136.070007,133.009995,133.919998,216400,
CPB,44.25,44.639999,44.200001,44.360001,785100,
CPE,3.44,3.48,3.42,3.42,150100,
CPF,18.110001,18.139999,17.9,18.059999,97500,
CPHD,33.860001,34.720001,33.16,34.52,687600,
CPIX,5.05,5.06,5.03,5.06,86300,
CPL,17.909944,18.359946,17.859943,18.249947,569500,
CPLA,41.450001,41.810001,40.490002,41.07,83700,
CPLP,8.95,9.22,8.93,9.15,487900,
CPN,21.15,21.370001,21.01,21.27,3673200,
CPRT,30.6,30.75,30.23,30.43,888400,
CPSI,49.029999,49.32,48.02,48.040001,55000,
CPSS,7.24,7.24,6.85,7.04,104400,
CPT,67.529999,68.32,67.290001,67.870003,692500,
CPWR,9.98712,10.208,9.85268,9.97752,3720000,
CQB,11.06,11.08,10.92,10.93,467200,
CQP,26.139999,28.790001,26.139999,28.209999,897300,
CQQQ,24.85,25.16,24.85,25.1,19300,
CR,58.09,58.43,57.450001,57.880001,208800,
CRAY,20.639999,20.950001,19.51,19.629999,701000,
CREE,60.880001,63.310001,60.799999,62.970001,2122900,
CRH,20.440001,20.459999,20.280001,20.4,186000,
CRI,73.18,73.620003,72.480003,72.839996,381900,
CRIS,3.23,3.3,3.15,3.2,202200,
CRK,16.54,16.64,16.19,16.380001,108900,
CRL,41.490002,41.75,41.07,41.080002,319300,
CRM,37.75,38.200001,37.720001,38,5046600,
CRME,1.97,2.05,1.83,2.01,53100,
CRMT,44.259998,44.259998,42.799999,42.959999,15100,
CRNT,3.23,3.24,3.15,3.16,86900,
CROC,45.099998,45.5,44.57,45.279999,25100,
CROX,15.68,15.77,15.54,15.69,916200,
CRR,66.419998,66.989998,64.940002,65.639999,259900,
CRRC,13.89,13.89,13.46,13.51,13300,
CRS,45.18,45.360001,44.41,44.880001,162400,
CRTX,8.8,8.8,8.57,8.59,34800,
CRUS,17.58,17.639999,17.049999,17.139999,1239900,
CRY,6.09,6.13,6.01,6.02,26100,
CRZO,28.6,28.870001,27.99,28.530001,744200,
CS,26.860001,26.93,26.540001,26.73,913800,
CSC,44.219998,44.490001,43.93,44.039998,2891300,
CSCO,24.299999,24.450001,24.18,24.389999,32721400,
CSE,9.24,9.35,9.17,9.17,1456100,
CSGP,126.519997,128.429993,125.080002,128.029999,135300,
CSGS,21.84,21.91,21.379999,21.530001,146700,
CSH,47.12,47.299999,44.779991,45.8,683000,
CSII,20.91,21.219999,20.459999,20.6,112000,
CSIQ,9.13,10.45,9.1,10.1,7040100,
CSL,62.959999,63.130001,61.900002,61.91,332800,
CSOD,44.07,44.91,44.009998,44.18,663500,
CST,32.009998,32.049999,31.219999,31.389999,761700,
CSTE,27.110001,27.219999,26.5,26.690001,66700,
CSTM,15.07,15.26,14.94,15.1,402300,
CSTR,58.9,59.76,58.74,59.32,399600,
CSU,23.52,23.700001,22.98,23.440001,152700,
CSUN,1.85,1.94,1.83,1.89,70000,
CSV,17.639999,17.65,16.93,16.98,121800,
CSX,23.389999,23.559999,22.98,23.23,9296700,
CTAS,45.59,45.830002,45.209999,45.439999,333100,
CTB,32.52,32.93,32.470001,32.790001,1404700,
CTCM,11.49,11.52,11.12,11.14,287800,
CTCT,16.379999,16.379999,15.73,15.87,247700,
CTGX,21.87,22.45,21.72,22.06,38300,
CTIC,1.13,1.17,1.1,1.15,931900,
CTL,35.130001,35.200001,34.630001,34.849998,3820200,
CTRN,14.23,14.27,13.83,14.19,107900,
CTRP,31.280001,32.5,30.98,31.85,2263900,
CTRX,49.919998,50.299999,49.540001,49.959999,1930200,
CTS,13.72,13.8,13.27,13.68,141800,
CTSH,63.32,64.150002,62.950001,63.849998,5124000,
CTXS,59.090003,60.609999,58.920002,59.64,2309700,
CU,19.99,19.99,19.709999,19.809999,7100,
CUB,47.990002,48.139999,47.439999,47.889999,83900,
CUBE,15.86,15.97,15.65,15.87,1097500,
CUI,5.35,5.85,5.29,5.65,74766,
CUK,35.68,35.810001,35.459999,35.599998,68400,
CURE,88.730003,91.379997,88.279999,90.699997,128000,
CUTR,8.88,9,8.69,8.82,97000,
CUZ,9.86,9.960001,9.86,9.890001,1073200,
CVA,19.67,19.91,19.639999,19.709999,1314300,
CVBF,11.84,11.91,11.65,11.71,379000,
CVC,15.12,15.47,15.1,15.42,1939200,
CVD,77.26,77.49,76.335,76.69,208300,
CVE,27.940001,28.059999,27.639999,27.98,694900,
CVG,17.610001,17.690001,17.290001,17.309999,485200,
CVGI,7.48,7.53,7.3,7.38,82700,
CVGW,26.530001,26.66,26.27,26.290001,18800,
CVI,48.259998,48.849998,47.799999,48.25,445300,
CVLT,77.620003,79.870003,77.25,78.980003,595500,
CVO,2.1,2.16,2.07,2.13,50000,
CVRR,29.209999,29.59,29.040001,29.59,561100,
CVS,57.200001,57.57,57.07,57.360001,4043200,
CVU,10.31,10.49,10.07,10.13,58000,
CVX,118.339996,118.540001,117,118.150002,4820700,
CVY,22.870001,22.950001,22.809999,22.889999,238900,
CW,36.57,37.349998,36.310001,36.509998,103200,
CWCO,11.05,11.11,10.95,10.95,71100,
CWH,0.14,0.14,0.14,0.14,0,
CWST,4.09,4.15,4.06,4.07,119000,
CWT,19.35,19.48,19.33,19.34,134100,
CWTR,2.26,2.36,2.26,2.33,110100,
CX,10.109961,10.459966,10.089962,10.429961,27531900,
CXDC,4.04,4.09,4.03,4.06,11300,
CXO,85.989998,86.580002,85.220001,85.970001,967000,
CXPO,2.94,2.94,2.8,2.85,91400,
CXW,33.650002,34.209999,33.630001,33.889999,1568600,
CY,10.5,10.55,10.21,10.43,2965700,
CYB,25.9,25.969999,25.9,25.950001,55900,
CYBX,51.240002,52.02,50.919998,51.189999,204700,
CYC,1174.6,1174.6,1174.6,1174.6,0,
CYCC,2.839999,2.959999,2.839999,2.949999,6900,
CYD,17.75,17.959999,17.370001,17.5,43000,
CYH,46.76,47.210002,46.26,46.34,990300,
CYN,62.82,63.240002,61.93,62.220001,211500,
CYNO,23.65,24.389999,23.610001,24.280001,191200,
CYOU,29.33,29.950001,28.98,29.950001,140900,
CYS,9.06,9.14,8.94,9.06,3492100,
CYT,75.230003,75.68,74.25,74.559998,600000,
CYTR,2,2.15,2,2.06,36000,
CYTX,2.260001,2.280001,2.240001,2.240001,5100,
CZR,13.09,13.49,12.74,12.79,280000,
CZZ,15.98,16.059999,15.82,16,1248700,
D,56.150002,56.540001,55.880001,56.290001,2495000,
DAKT,10.18,10.18,10.02,10.05,79800,
DAL,18.25,18.43,18.09,18.41,4871800,
DAN,17.68,17.75,17.41,17.639999,1138400,
DANG,7.22,7.28,6.76,6.83,3855400,
DAR,18.860001,18.99,18.469999,18.5,660000,
DATA,54.77,57.98,53.759998,56.68,225500,
DATE,5.1,5.34,5.1,5.3,16500,
DAVE,14.92,15.15,14.85,15.12,11700,
DB,44.059999,44.189999,43.689998,43.780001,1227500,
DBA,25.299999,25.379999,25.219999,25.309999,900300,
DBB,16.209999,16.209999,16.09,16.110001,77800,
DBC,25.33,25.35,25.139999,25.27,3087100,
DBD,32.619999,33.200001,32.48,32.91,581500,
DBE,27.17,27.33,26.889999,27.219999,234500,
DBEF,23.93,24.08,23.85,24.02,34900,
DBJP,32.52,32.720001,32.349998,32.720001,36300,
DBLE,3.99,4.01,3.95,3.95,11800,
DBO,25.780001,25.809999,25.41,25.690001,75600,
DBP,40.02,40.43,39.720001,39.77,167700,
DBS,31.709999,31.709999,31.049999,31.26,6700,
DBV,25.4,25.49,25.34,25.370001,45900,
DCI,35.400002,35.549999,35.330002,35.34,437400,
DCIX,4.97,5,4.53,4.54,62800,
DCM,14.91,14.97,14.87,14.97,157100,
DCO,20.07,20.73,19.59,20.6,84000,
DCT,7.03,7.11,6.92,7.06,1856200,
DCTH,0.43,0.43,0.39,0.4,3700,
DD,53.259997,53.67,52.729999,53.53,4943800,
DDC,13.85,13.99,13.55,13.62,358800,
DDD,45.139999,45.560001,43.889999,44.049999,3861100,
DDM,91.669998,92.589996,91.279999,92.32,505000,
DDR,16.23,16.389999,16.139999,16.280001,4727900,
DDS,82.540001,82.57,81.059998,82.190002,271400,
DE,82.57,82.639999,81.849998,82.150002,2822200,
DECK,48.32,48.439999,47.509998,47.939999,537400,
DEI,24.639999,25.030001,24.58,24.969999,1031700,
DELL,13.42,13.48,13.38,13.46,11711600,
DEM,47.630001,48.279999,47.610001,48.139999,696200,
DENN,5.46,5.5,5.46,5.47,737400,
DEO,115.809998,115.82,114.779999,115,654100,
DEPO,5.68,5.79,5.56,5.59,214700,
DES,57.98,58.099998,57.5,57.68,85400,
DEST,24.48,24.860001,23.77,23.9,107100,
DF,10.05,10.14,9.99,10.01,2305300,
DFJ,45.799999,45.970001,45.52,45.790001,49900,
DFRG,20.6,21.299999,20.190001,21.209999,103500,
DFS,46.610001,47.049999,46.32,46.889999,2790400,
DFT,23.59,24.030001,23.450001,23.530001,993200,
DG,50.540001,51.27,50.540001,51.169998,1980700,
DGI,30.459999,30.5,30.01,30.25,553100,
DGII,9.55,9.66,9.3,9.36,46500,
DGIT,7.11,7.45,6.98,7.16,891700,
DGL,41.919998,41.919998,41.310001,41.349998,31200,
DGRW,23.85,24.219999,23.85,24.18,80200,
DGS,45.16,45.830002,45.049999,45.68,621100,
DGX,61.169998,61.57,60.59,61.16,714500,
DHI,21.049999,21.219999,20.530001,20.92,8803800,
DHR,62.820002,63.66,62.710001,63.349999,4347600,
DHT,4.35,4.4,4.33,4.35,5800,
DHX,8.84,8.92,8.77,8.81,217800,
DIA,148.300003,149.070007,147.970001,148.789993,6326000,
DIG,54.25,54.610001,53.43,54.310001,95400,
DIN,67.739998,68.139999,67.349998,67.550003,122500,
DIOD,25.57,25.889999,25.450001,25.549999,540100,
DIS,62.950001,63.459999,62.75,63.209999,5720400,
DISCA,76.040004,76.200001,75.399998,75.720001,1483700,
DISCK,67.919998,68.110001,67.379997,67.93,408600,
DISH,40.59,40.59,39.810001,40.200001,1834600,
DJP,36.98,36.98,36.790001,36.889999,365500,
DJX,147.7,149.39,147.7,149.1,13323104256,
DK,30.32,30.84,29.49,30.02,1309500,
DKL,32.529999,33.049999,32.299999,32.75,6200,
DKS,50.84,51.189999,50.25,50.799999,1039200,
DLB,33.299999,33.68,33.279999,33.48,366400,
DLLR,14.03,14.15,13.72,13.91,715800,
DLN,59.720001,59.959999,59.48,59.880001,1015900,
DLPH,49.52,50.740002,49.099998,50.599998,1647800,
DLR,58.349998,59.450001,58.27,59.349998,2026000,
DLTR,50.220001,50.5,49.630001,49.950001,1403000,
DLX,34.18,34.240002,33.5,33.700001,373500,
DM,1.55,1.55,1.51,1.53,202300,
DMD,6.559999,6.580002,6.120002,6.200001,428700,
DMLP,23.969999,24.5,23.6,24.09,29000,
DMND,19.99,20.450001,19.83,20.34,183200,
DNB,95.989998,96.870003,95.660004,96.199997,332900,
DNDN,4.15,4.205,4.01,4.01,3067524,
DNKN,42.779999,43.200001,42.700001,42.970001,910500,
DNN,1.19,1.19,1.16,1.16,568900,
DNO,36.759998,37.200001,36.52,36.52,13200,
DNR,17.4,17.440001,17.09,17.18,3259500,
DO,67.629997,67.870003,66.690002,67.610001,1110200,
DOG,29.73,29.77,29.549999,29.610001,305800,
DOLE,12.82,12.86,12.755,12.85,690300,
DOM,4.56,4.6,4.3,4.31,56700,
DORM,45.810001,46,44.639999,45.700001,144400,
DOV,77.300001,78.070005,76.720002,77.650003,1589900,
DOW,32.599998,32.599998,31.889999,32.200001,9132300,
DOX,36.25,36.389999,36.029999,36.310001,658300,
DPK,14.66,14.87,14.59,14.71,6300,
DPM,51.790001,53.16,51.759998,52.880001,248500,
DPS,45.34,45.900002,45.23,45.639999,823600,
DPZ,58.110001,58.27,57.610001,57.689999,699300,
DRC,58.84,59.950001,58.380001,59.59,377800,
DRD,5.08,5.09,4.9,4.92,126000,
DRE,15.06,15.41,15.05,15.32,3106500,
DRH,9.07,9.21,9.01,9.06,2028900,
DRI,49.400002,49.93,49.209999,49.549999,1255300,
DRIV,18.7,18.865,18.58,18.61,148200,
DRN,41.990002,43.110001,41.959999,42.720001,4233200,
DRQ,89.970001,89.970001,88.160004,88.889999,322500,
DRRX,1.08,1.11,0.99,1,1198600,
DRV,16.799999,16.84,16.360001,16.48,157700,
DRWI,2.67,2.67,2.54,2.63,2500,
DRYS,1.749999,1.789999,1.719999,1.729999,200,
DSCI,13.29,13.29,12.88,13.02,18100,
DSCO,1.570001,1.590001,1.550001,1.550001,15900,
DSL,22.299999,22.91,22.299999,22.84,250200,
DSS,2.32,2.35,2.21,2.24,47200,
DST,65.330002,65.720001,64.839996,65.300003,172800,
DSW,73.690002,74.050003,73.110001,73.580002,503600,
DSX,9.67,9.76,9.58,9.63,605500,
DTE,65.739998,66.639999,65.720001,66.389999,1336400,
DTLK,10.8,10.93,10.51,10.62,23900,
DTN,61.880001,62.259998,61.77,62.150002,93600,
DTSI,20.41,20.41,19.82,19.93,51100,
DTV,61.080002,61.509998,60.830002,61.080002,3158600,
DUG,65.989998,67.110001,65.650002,65.949997,148800,
DUK,66.599998,67.879997,66.550003,67.610001,3856700,
DUST,156.829996,166.499996,154.659997,165.699996,36700,
DV,29.91,30.219999,29.450001,29.93,585100,
DVA,122.809998,124.07,121.870003,121.970001,894200,
DVAX,1.05,1.05,1.01,1.01,244600,
DVN,53.490002,53.5,52.599998,52.990002,2154100,
DVR,0.15,0.15,0.15,0.15,0,
DVY,63.34,63.740002,63.110001,63.529999,1993800,
DW,39.540001,39.75,39.060001,39.34,217100,
DWA,24.65,25.440001,24.65,25.17,660800,
DWRE,39.880001,41.470001,39.73,40.5,462700,
DWSN,8.099919,8.209918,7.839922,8.04992,15200,
DWX,43.490002,43.490002,43.139999,43.349998,245600,
DX,9.99,10.12,9.95,10,548300,
DXCM,21.940001,22.51,21.93,21.969999,636200,
DXD,35.57,35.73,35.200001,35.32,959800,
DXJ,43.779999,44.220001,43.560001,44.099998,8194300,
DXLG,6.15,6.28,6.1,6.2,497800,
DXM,18.049999,18.48,16.84,17.280001,284100,
DXPE,65.580002,67.120003,65.32,66.269997,75000,
DY,22.67,22.860001,22.370001,22.690001,219100,
DYAX,3.26,3.3,3.2,3.22,1441400,
DYN,22.299999,22.66,21.76,22.059999,965600,
DZK,45.900002,46.02,45.459999,45.75,7300,
E,40.860001,40.98,40.57,40.91,211000,
EA,22.08,22.110001,21.65,21.790001,2625900,
EAT,38.400002,39.049999,38.25,38.630001,1323100,
EBAY,52.029997,52.099996,51,51.329997,26014500,
EBF,17.459999,17.629999,17.1,17.35,37400,
EBIX,10.2,10.27,9.54,9.85,2510300,
EBR,2.12,2.15,2.07,2.12,738900,
EBR.B,3.89,3.95,3.8,3.9,150700,
EBS,14.45,14.5,14.2,14.21,94200,
EC,40.029999,40.610001,40.029999,40.48,311800,
ECA,17.25,17.34,17.07,17.200001,2148700,
ECH,52.610001,53.48,52.200001,53.34,471200,
ECHO,18.98,19.07,18.75,18.879999,163100,
ECL,85,86,84.870003,85.93,787700,
ECOL,28.290001,28.33,27.559999,27.690001,39500,
ECPG,33.419998,33.830002,32.939999,33.060001,269800,
ECT,9.25,9.4,9.05,9.38,87800,
ECYT,12.92,13.05,12.68,12.99,142200,
ED,57.470001,58.209999,57.400002,58.110001,1947900,
EDAP,2.78,2.78,2.65,2.68,31200,
EDC,21.309999,22.01,21.25,21.73,358400,
EDE,21.9,22.09,21.799999,21.969999,174800,
EDIV,38.349998,38.459999,38.009998,38.279999,128800,
EDMC,5.57,5.78,5.35,5.49,80700,
EDR,9.9899,10.089899,9.949901,10.0399,354300,
EDU,21.299999,21.82,21.299999,21.639999,1420700,
EDZ,66.529999,66.639999,64.120003,64.919998,635900,
EE,35.919998,36.07,35.400002,35.439999,175800,
EEB,30.17,30.360001,30.02,30.190001,71600,
EEFT,30.98,31.15,30.76,30.91,255000,
EEM,37.720001,38.169998,37.709999,38.02,79737000,
EEMV,55.650002,56.439999,55.43,56.32,451900,
EEP,29.52,29.99,29.469999,29.879999,631600,
EEQ,29.23009,29.630097,29.23009,29.620102,123100,
EET,61.18,62.23,60.66,62.18,24700,
EEV,27.870001,27.870001,27.18,27.440001,255000,
EFA,58.029999,58.18,57.779999,57.990002,27142000,
EFAV,57.259998,57.360001,56.779999,57.110001,146800,
EFC,22.34,22.82,22.27,22.65,131100,
EFG,62.02,62.09,61.73,61.98,91500,
EFII,28.08,28.08,27.52,27.73,172800,
EFU,60.709999,61.369999,60.709999,60.990002,3200,
EFV,49.259998,49.349998,49.040001,49.279999,168100,
EFX,58.77,59.029999,58.43,58.650002,593900,
EFZ,40.02,40.200001,38.919998,40.080002,63100,
EGAN,8.61,8.95,8.55,8.8,296800,
EGBN,21.84,22.25,21.25,22.200001,74100,
EGHT,8.18,8.31,8.11,8.24,614900,
EGLE,3.520006,3.700007,3.380006,3.400006,1600,
EGN,52.470001,52.73,51.830002,52.279999,352400,
EGO,5.64,5.78,5.61,5.66,6747900,
EGOV,16.09,16.110001,15.91,16,269600,
EGP,54.91,55.580002,54.540001,55.209999,183500,
EGY,5.61,5.63,5.42,5.53,394700,
EHTH,22.67,23.059999,22.549999,22.57,180500,
EIG,24.360001,24.51,23.83,23.84,173800,
EIX,46.669998,47.330002,46.41,47.27,1980800,
EJ,4.099999,4.310003,4.099999,4.239998,196200,
EKDKQ,0.1145,0.136,0.112,0.132,5954600,
EL,65.459999,66.040001,65.459999,65.639999,881300,
ELD,47.389999,47.59,47.139999,47.279999,481500,
ELGX,13,13.25,12.98,13.06,749800,
ELLI,22.15,22.4,22.110001,22.309999,351800,
ELN,13.96,14.05,13.88,13.97,4208700,
ELNK,6.24,6.24,6.1,6.16,512900,
ELON,2.24,2.26,2.1,2.12,21300,
ELOS,8.58,8.7,8.51,8.53,37600,
ELP,12.63,12.8,12.61,12.65,798200,
ELRC,17.15,17.25,16.75,17.01,36400,
ELX,6.24,6.36,6.11,6.31,765000,
ELY,6.61,6.66,6.53,6.56,379300,
EMAN,3.47,3.63,3.41,3.63,27631,
EMB,107.25,107.849998,106.839996,107.099998,1556100,
EMC,23.92,24.219999,23.799999,23.889999,20635800,
EME,40.110001,40.310001,39.619999,39.82,310200,
EMKR,3.54,3.56,3.4,3.51,551500,
EMLC,24.4,24.4,24.190001,24.24,264900,
EMN,70.730003,72.339996,70.629997,72.080002,1515100,
EMR,55.41,55.650002,54.709999,55.310001,3169600,
ENB,42.279999,42.34,41.759998,42.060001,1704100,
END,3.18,3.24,3.16,3.22,165700,
ENDP,37.43,37.650002,36.970001,37.189999,1393200,
ENG,1.02,1.02,0.9,0.98,29900,
ENH,49.549999,50.369999,49.540001,50.209999,217400,
ENI,15.47,15.57,15.37,15.48,1130200,
ENOC,12.53,12.61,12.26,12.31,289400,
ENPH,6.97,7.1,6.71,6.94,252300,
ENR,98.900002,99.379997,98.419998,98.660004,364000,
ENS,48.200001,48.68,47.98,48.240002,227000,
ENSG,35.309995,35.469997,34.740004,35.149993,167200,
ENTG,9.48,9.61,9.35,9.36,378300,
ENTR,4.17,4.35,4.1,4.29,661000,
ENVI,2.09,2.11,2,2.06,125800,
ENZ,2.06,2.11,2.04,2.11,64400,
ENZN,1.67,1.72,1.62,1.63,232600,
EOC,42.049999,43,42.049999,42.790001,211900,
EOG,131.190002,132.550003,129.529999,131.850006,2504600,
EOPN,17.07,17.07,16.1,16.43,102800,
EOX,6.78,6.79,6.51,6.68,18500,
EPAM,26.889999,27.08,26.74,26.9,371800,
EPAX,3.47,3.47,3.44,3.44,1000,
EPAY,25.049999,25.15,24.74,24.74,179600,
EPB,42.22,43.53,42.12,43.53,711300,
EPD,59.259998,60.439999,59.18,60.380001,5665200,
EPI,15.47,15.67,15.46,15.65,4695500,
EPIQ,13.26,13.26,12.98,13.04,60900,
EPL,29.25,29.25,28.62,28.99,233000,
EPM,10.93,10.93,10.57,10.73,55300,
EPP,44.200001,44.349998,43.970001,44.099998,2635300,
EPR,48.5,49.43,48.27,49.330002,444900,
EPU,33.98,34.369999,33.32,33.439999,86000,
EPV,23.85,24.139999,23.82,23.969999,23000,
EPX,410.74,413.06,407.61,410.37,0,
EQIX,179.589996,184.190002,179.320007,182.850006,1030100,
EQM,49.59,50.169998,49.34,49.959999,39400,
EQR,56.619999,57.380001,56.580002,57.25,2661400,
EQT,80.839996,81.879997,80.150002,81.019997,1241500,
EQU,3.94,3.97,3.88,3.95,164000,
EQY,22.139999,22.360001,21.969999,22.1,598400,
ERF,14.07,14.29,14.01,14.19,555700,
ERIC,11.25,11.29,11.16,11.24,2799000,
ERII,4.33,4.33,4.12,4.12,123700,
ERJ,36.049999,36.66,36.040001,36.459999,770500,
EROC,7.9,8.07,7.9,7.95,1107500,
ERX,62.799999,63.52,61.450001,62.919998,819400,
ERY,31.389999,32.130001,31.040001,31.280001,401200,
ESC,22.29,22.29,21.91,21.97,444100,
ESE,32,32.310001,31.780001,32.029999,53400,
ESEA,1.01,1.03,1.01,1.02,10200,
ESI,23.83,24.57,22.969999,23.98,561900,
ESIO,10.61,10.69,10.53,10.64,80200,
ESL,70.480003,70.900002,69.620003,70.440002,113000,
ESRX,61.549999,61.889999,61.25,61.380001,3367200,
ESS,156.380005,157.580002,155.300003,156.339996,238400,
ESV,57.25,57.98,56.900002,57.77,1302200,
ET,33.66,33.67,33.65,33.67,1256900,
ETE,58.139999,59.299999,57.59,59.040001,5898800,
ETFC,12.06,12.38,11.99,12.24,3365100,
ETH,28.51,29.059999,28.35,28.379999,198000,
ETM,9.5,9.5,9.24,9.32,42200,
ETN,63.75,64.230003,63.209999,63.939999,1976800,
ETP,48.82,49.490002,48.73,49.23,1309600,
ETR,69.470001,70.519997,69.18,70.279999,1032100,
ETRM,1.170001,1.170001,1.030001,1.080001,72800,
EUI,76.779999,77.010002,76.610001,76.860001,0,
EUO,19.23,19.379999,19.200001,19.309999,823000,
EUU,130.240005,130.539993,129.850006,130.119995,0,
EV,38.040001,38.369999,37.669998,37.82,1089600,
EVC,5.69,5.8,5.69,5.73,2157000,
EVEP,36.459999,37.290001,36,36.84,429800,
EVER,16.74,16.91,16.6,16.700001,1215400,
EVR,37.360001,37.860001,36.810001,37.139999,199400,
EVTC,21.52,21.93,21.25,21.83,1299400,
EW,67.709999,68.089996,66.199997,66.230003,1074800,
EWA,23.370001,23.48,23.200001,23.280001,1354500,
EWBC,26.99,27.280001,26.799999,26.93,925100,
EWC,26.34,26.35,26.209999,26.299999,2174100,
EWD,30.77,30.9,30.6,30.68,370400,
EWG,25.129999,25.200001,25.02,25.139999,2077100,
EWH,18.620001,18.73,18.59,18.65,2212400,
EWI,12.17,12.22,12.1,12.21,615700,
EWJ,10.86,10.94,10.84,10.91,10240600,
EWL,28.959999,29.07,28.84,28.940001,622700,
EWM,15.35,15.57,15.33,15.52,720500,
EWP,28.49,28.57,28.33,28.469999,359200,
EWQ,23.91,23.93,23.76,23.860001,490100,
EWS,12.83,12.88,12.79,12.85,1260600,
EWT,12.92,13.09,12.9,13.04,4992900,
EWU,17.950001,17.969999,17.860001,17.940001,608200,
EWV,21.389999,21.52,21.15,21.209999,8300,
EWW,60.66,61.959999,60.66,61.529999,4541700,
EWX,43.419998,43.799999,42.939999,43.669998,250000,
EWY,50.919998,51.220001,50.689999,51,3126700,
EWZ,44.360001,44.919998,44.150002,44.580002,31061700,
EXA,9.79,9.82,9.5,9.53,33900,
EXAM,20.42,20.959999,20.42,20.780001,137800,
EXAR,11.15,11.15,10.89,10.91,71500,
EXAS,13.35,13.57,13.24,13.39,537600,
EXC,31.23,31.5,31.139999,31.35,5649200,
EXEL,4.5,4.53,4.41,4.42,1069500,
EXH,28.459999,28.629999,27.76,27.969999,762300,
EXK,3.06,3.09,2.88,2.95,1637300,
EXL,12.14,12.17,12.01,12.12,146600,
EXLP,29.450001,29.860001,28.99,29.65,120100,
EXLS,29.75,29.82,29.299999,29.620001,165800,
EXMCF,0.04,0.04,0.04,0.04,1290000,
EXP,66.57,67.400002,66.190002,66.529999,605700,
EXPD,37.5,37.720001,37.279999,37.32,1000100,
EXPE,57.759998,58.009998,57.400002,57.91,1679100,
EXPO,59.169998,59.169998,57.98,58.099998,57800,
EXPR,20.65,20.83,20.35,20.450001,875800,
EXR,41.959999,42.290001,41.419998,41.84,825000,
EXTR,3.48,3.5,3.39,3.43,373100,
EXXI,24,24.200001,23.870001,23.98,1000300,
EZA,55.610001,56.400002,55.57,56.27,589600,
EZCH,26.799999,27.18,26.780001,26.809999,76500,
EZJ,73.279999,73.559998,72.510002,73.209999,12200,
EZPW,17.700001,17.889999,17.049999,17.35,404100,
EZU,33.349998,33.369999,33.139999,33.279999,2026500,
F,15.16,15.31,15.1,15.29,39595100,
FAF,21.02,21.559999,20.969999,21.379999,1535700,
FALC,1.26,1.33,1.22,1.28,213100,
FARO,33.48,33.700001,32.66,33.049999,174900,
FAS,62.040001,62.860001,61.27,62.299999,36204000,
FAST,46.009998,46.419998,45.59,46.099998,1317400,
FAZ,34.529999,35.009998,34.099998,34.400002,2262600,
FB,24.51,24.65,23.99,24.16,29890300,
FBC,13.69,13.75,13.28,13.5,257500,
FBHS,38.099998,38.689999,37.860001,38.07,1056000,
FBN,3.98,3.99,3.9,3.92,50350,
FBP,7.03,7.06,6.95,7.03,825600,
FBR,11.15,11.26,10.82,10.91,1901700,
FBRC,25,25.41,24.780001,24.799999,62900,
FBT,56.75,57.959999,56.540001,57.77,2435000,
FCE.A,17.54,17.81,17.52,17.68,870900,
FCEL,1.199999,1.259999,1.189999,1.259999,267900,
FCFS,50,51.5,47.560001,49.400002,823200,
FCG,16.25,16.29,16.04,16.210001,46400,
FCH,5.89,5.95,5.69,5.71,713800,
FCN,33.240002,33.290001,32.799999,32.82,335100,
FCS,13.79,13.82,13.52,13.63,1176900,
FCSC,6.13,6.15,5.43,5.72,147100,
FCX,27.15,27.25,26.530001,26.85,16369400,
FDEF,23.059999,23.24,22.27,22.34,10500,
FDN,44.880001,45.049999,44.790001,44.93,106600,
FDO,60.75,60.860001,59.380001,60.060001,1672600,
FDP,26.99,27.48,26.85,27.139999,197500,
FDS,99.959999,101.059998,99.510002,100.529999,537900,
FDUS,18.200001,18.200001,17.83,18,51100,
FDX,98.07,99.349998,97.989998,98.370003,2777200,
FE,37.130001,37.290001,36.880001,37.060001,2146300,
FEIC,73.830002,73.830002,72.230003,72.339996,362800,
FET,31.620001,31.719999,31.02,31.16,397500,
FEZ,33.240002,33.299999,33.040001,33.220001,1716400,
FF,13.69,13.87,13.61,13.73,156200,
FFBC,15.08,15.13,14.83,14.84,129500,
FFCH,21.08,21.08,20.68,20.7,17100,
FFG,43.240002,43.240002,42.740002,42.849998,31100,
FFIC,16.219999,16.41,16.07,16.280001,76500,
FFIN,56.02,56.48,55.549999,55.66,179200,
FFIV,69.220001,69.220001,68.169998,68.580002,1201400,
FFNW,10.36,10.36,10.16,10.22,15900,
FGP,21.25,21.59,21.139999,21.469999,180700,
FHCO,9.82,9.9,9.73,9.8,92100,
FHN,11.17,11.25,11.09,11.14,4167500,
FICO,44.959999,45.119999,44.59,44.860001,152300,
FIG,6.63,6.63,6.39,6.4,734300,
FII,27.030001,27.209999,26.83,27.110001,989400,
FINL,21.469999,21.549999,20.77,20.83,1517400,
FIO,14.24,14.26,13.78,14.13,3988300,
FIRE,54.81,55.26,54.16,54.61,355000,
FIS,43.41,43.41,42.77,42.950001,2113300,
FISV,87.010002,87.339996,86.510002,86.739998,891200,
FITB,17.98,18.040001,17.790001,17.93,6414700,
FIVE,36.150002,36.25,35.43,35.779999,5580600,
FIW,27.709999,27.709999,27.280001,27.299999,45800,
FIX,14.63,14.91,14.45,14.64,177800,
FIZZ,17.360001,17.42,17.219999,17.27,11900,
FL,34.900002,34.900002,33.529999,33.900002,3561100,
FLDM,16.450001,16.51,15.92,16.360001,113900,
FLEX,7.45,7.51,7.41,7.47,2096300,
FLIR,25.93,26.299999,25.85,26.17,1006300,
FLML,6.13,6.25,6.05,6.19,41200,
FLO,21.709999,21.9,21.5,21.5,804300,
FLOW,3.63,3.65,3.55,3.6,263600,
FLR,59.669998,59.740002,58.439999,58.860001,1536700,
FLS,53.59,54.169998,53.490002,53.950001,1412900,
FLT,84.339996,85.519997,84.169998,84.910004,656000,
FLTX,32.220001,32.990002,32.220001,32.720001,231000,
FLWS,5.79,5.8,5.73,5.77,254500,
FLY,16.620001,16.780001,16.52,16.66,57100,
FMBI,13.45,13.48,13.21,13.31,215200,
FMC,62.189999,62.450001,61.5,62.18,719200,
FMER,20,20.15,19.809999,19.98,1817400,
FMS,34.970001,35.029999,34.77,34.98,96600,
FMX,93.760002,97.790001,93.550003,97.080002,1023300,
FN,14.25,14.25,13.94,14,132600,
FNB,11.83,11.88,11.68,11.81,993000,
FNF,22.790003,23.079996,22.580001,23.010004,3990100,
FNFG,10.03,10.06,9.89,9.9,2980700,
FNGN,46.119999,46.75,45.630001,46.029999,236900,
FNP,21.77,21.99,21.61,21.87,934600,
FNSR,16.110001,16.32,16,16.15,2135000,
FNV,31.77,32.759998,31.540001,32.32,662900,
FOE,7.1,7.16,6.67,6.94,1213500,
FOLD,2.09,2.19,2.08,2.16,466600,
FOR,20.440001,20.620001,19.91,19.92,220300,
FORM,6.92,6.99,6.73,6.75,336800,
FORR,36.84,37.41,36.73,36.759998,113900,
FOSL,101.330002,102.589996,100.309998,101.050003,430700,
FPO,12.61,12.99,12.61,12.9,335800,
FR,14.88,14.99,14.8,14.97,571100,
FRAK,25.24,25.459999,25.139999,25.459999,4500,
FRAN,27.4,27.42,26.25,27,1813900,
FRC,38.16,38.27,37.849998,37.900002,1442100,
FRED,15.41,15.65,15.34,15.61,137100,
FRGI,34.34,34.720001,33.98,34.150002,197800,
FRM,7.18,7.18,6.82,6.82,159000,
FRME,17.389999,17.389999,16.93,16.93,102700,
FRO,1.82,1.9,1.79,1.8,145800,
FRP,8.08,8.17,7.93,8.06,13200,
FRT,99.339996,100.290001,99.139999,99.650002,493300,
FRX,40.93,41.12,40.43,40.69,942500,
FSA,11.13,11.13,11.13,11.13,0,
FSC,10.15,10.35,10.08,10.29,1522500,
FSG,1.65,1.65,1.65,1.65,0,
FSL,13.94,14.38,13.87,13.93,1831300,
FSLR,45.389999,46.150002,45,45.119999,7361400,
FSM,2.73,2.79,2.67,2.73,262400,
FSP,12.85,13.1,12.77,12.96,657600,
FSS,8.66,8.8,8.46,8.76,208100,
FST,4.2,4.228,4.02,4.06,2613806,
FSTR,43.779999,44.32,42.32,43.23,15300,
FSYS,15.84,16.52,15.84,16.49,110500,
FTE,0.015,0.015,0.015,0.015,0,
FTEK,3.98,4,3.84,3.86,44200,
FTI,56.209999,56.330002,55.310001,55.84,1078700,
FTK,17,17.139999,16.690001,16.85,1492500,
FTNT,16.92,17.18,16.82,17.09,985100,
FTR,4,4,3.9,3.93,8256800,
FU,3.62,3.68,3.6,3.68,21200,
FUBC,6.7,6.7,6.5,6.55,28300,
FUL,38.669998,39.5,38.299999,39.259998,238300,
FULT,11.43,11.61,11.27,11.4,1191300,
FUN,39.57,39.869999,39.25,39.529999,69700,
FUR,11.47,11.68,11.4,11.49,187500,
FURX,34.24,34.71,33.29,33.47,37400,
FVE,5.19,5.24,5.04,5.17,457100,
FWLT,23.37,23.5,22.44,22.48,1411400,
FWM,23.99,24.049999,23.15,23.18,133000,
FWRD,38.380001,38.75,37.790001,38.029999,46900,
FXA,93.269997,93.540001,92.57,92.879997,619600,
FXB,151.800003,151.880005,151.050003,151.25,59800,
FXC,94.980003,95.019997,94.75,94.910004,95900,
FXCM,16.4,16.57,16.3,16.34,41200,
FXD,26.879999,26.879999,26.6,26.74,202800,
FXE,129.160004,129.220001,128.639999,128.860001,271500,
FXEN,3.56,3.64,3.41,3.42,377900,
FXF,104.370003,104.449997,103.949997,104.099998,13300,
FXI,32.259998,32.389999,32,32.259998,29440200,
FXO,18.48,18.620001,18.469999,18.58,447600,
FXP,24.15,24.43,23.83,24.049999,88200,
FXS,148.490005,149.169998,147.199997,147.380005,2900,
FXY,100.32,100.650002,99.970001,100.050003,371800,
FXZ,26.73,26.73,26.23,26.43,155000,
G,19.52,19.690001,19.42,19.549999,687600,
GA,7.61,7.79,7.57,7.7,1303257,
GAGA,3.63,3.73,3.59,3.73,16600,
GAIA,4.45,4.5,4.45,4.5,45300,
GAIN,7.21,7.3,7.21,7.23,84900,
GALE,2.01,2.1,2.01,2.08,1237900,
GAME,3.92,3.94,3.78,3.91,411800,
GAS,42.310001,42.639999,42.110001,42.470001,464300,
GASL,20.570001,20.590001,19.730001,20.200001,400,
GASS,10.37,10.37,10.13,10.16,114400,
GASX,12.29,13.02,12.29,12.67,19900,
GAZ,2.5,2.55,2.5,2.53,14400,
GB,32.799999,32.93,32.529999,32.720001,40900,
GBCI,22.26,22.5,21.98,22.200001,394200,
GBDC,17.58,17.6,17.299999,17.35,245000,
GBP,153.669998,153.940002,152.990005,153.149994,0,
GBX,23.549999,24,23.309999,23.6,512300,
GCA,6.16,6.16,6.08,6.13,394300,
GCC,26.030001,26.030001,25.83,25.85,57400,
GCI,24.08,24.690001,24.01,24.59,2807300,
GCO,65.910004,66.379997,65.010002,65.110001,92700,
GCOM,12.83,12.87,12.51,12.51,43700,
GD,77.199997,77.970001,76.690002,77.889999,2217400,
GDI,0.19,0.19,0.19,0.19,0,
GDOT,18.620001,19.23,18.620001,19.129999,199400,
GDP,12.51,12.91,12.32,12.77,673900,
GDRZF,2.72,2.8,2.7,2.7,88300,
GDX,22.77,22.889999,22.209999,22.219999,46923300,
GDXJ,8.52,8.57,8.21,8.26,1475500,
GE,23.43,23.440001,23.02,23.25,32531700,
GEF,51.849998,51.950001,51,51.41,67100,
GEL,49.299999,50.689999,49.299999,50.310001,194000,
GENE,2.58,2.6,2.5,2.51,3600,
GEO,34.060001,34.279999,33.66,33.82,668800,
GEOS,67.760002,67.830002,66.669998,66.800003,141100,
GERN,1.25,1.36,1.22,1.34,1727900,
GES,30.940001,31,30.5,30.629999,427500,
GEVA,41.889999,42.630001,41.279999,42.16,86200,
GEVO,1.969998,2.079998,1.919998,1.979998,2100,
GEX,14.689853,14.96985,14.689853,14.929851,8400,
GFA,2.63,2.7,2.52,2.61,1748500,
GFF,11.09,11.15,10.93,10.95,105800,
GFI,4.84,4.91,4.67,4.7,6669400,
GFIG,3.84,3.87,3.73,3.81,175700,
GG,22.370001,22.879999,22.219999,22.35,12421000,
GGB,5.58,5.63,5.45,5.52,4591400,
GGG,62,62.259998,61.25,61.740002,149000,
GGP,19.559999,19.83,19.559999,19.709999,2984400,
GGS,0.01,0.01,0.01,0.01,0,
GHDX,31.57,32.209999,31.299999,31.9,197600,
GHL,45.110001,45.119999,43.959999,44.689999,264800,
GHM,27.5,27.799999,27.440001,27.58,25500,
GIFI,21.27,21.27,19.51,20.290001,50600,
GIGM,0.96,0.96,0.95,0.95,8300,
GIII,47.619999,47.849998,46.810001,47.290001,225600,
GIL,39.950001,40.25,39.57,39.619999,598400,
GILD,50.419998,51.630001,50.299999,51.310001,9904400,
GILT,5.55,5.55,5.41,5.45,12600,
GIS,48.07,48.25,47.560001,48.099998,5121000,
GIVN,14.14,14.3,13.41,13.41,747100,
GK,47.389999,47.540001,46.580002,46.939999,78300,
GLAD,8.14,8.14,7.92,7.98,56100,
GLD,119.879997,119.900002,118.059998,118.279999,24748800,
GLDD,8.02,8.03,7.84,7.96,201400,
GLF,43.93,44.279999,43.57,44.060001,92400,
GLL,105.660004,108.849998,105.660004,108.540001,521800,
GLNG,32.07,32.5,31.77,32.07,639600,
GLOG,12.55,12.76,12.51,12.61,110300,
GLP,38.959999,39.849998,36.040001,37.259998,90200,
GLPW,16.02,16.02,15.58,15.65,23400,
GLRE,23.690001,24.1,23.530001,24,140700,
GLT,24.940001,25.26,24.75,25.120001,137300,
GLUU,2.38,2.39,2.21,2.25,1385100,
GLW,14.27,14.34,14.08,14.33,10054000,
GM,32.18,32.700001,32.029999,32.549999,10374000,
GMAN,13.21,13.25,13.1,13.13,18300,
GMCR,74.68,76.199997,74.68,75.610001,2582900,
GME,40.09,40.619999,39.490002,40.380001,2673200,
GMED,16.809999,17.290001,16.379999,17.23,1591000,
GMLP,32.029999,34.279999,32.029999,33.189999,87700,
GMO,1.84,1.89,1.82,1.82,203600,
GMT,47.060001,47.439999,46.849998,47.099998,218100,
GNC,46.330002,46.970001,46.07,46.549999,734300,
GNCMA,7.8,7.85,7.67,7.69,283300,
GNE,9.67,9.67,9.29,9.43,45100,
GNK,1.68,1.73,1.61,1.62,417200,
GNMK,10.12,10.44,9.88,10.39,308800,
GNRC,36.139999,36.48,35.889999,35.950001,887000,
GNTX,22.42,22.84,22.209999,22.74,1864400,
GNW,11,11.22,10.99,11.16,13370900,
GOL,3.48,3.57,3.38,3.43,224200,
GOLD,61.130001,61.84,60.439999,60.48,1390300,
GOOGL,873.75002,878.000039,870.570037,873.650023,3659100,
GORO,8.97,8.97,8.1,8.19,1041300,
GOV,24.23,24.530001,24.1,24.48,1039800,
GPC,77.970001,78,76.610001,76.699997,798200,
GPI,61.889999,62.66,61.290001,62.049999,181300,
GPK,7.62,7.67,7.47,7.62,1182700,
GPL,0.66,0.7,0.65,0.67,310300,
GPN,46.450001,46.619999,46,46.32,761400,
GPOR,47.849998,48.02,45.799999,46.360001,1919000,
GPRE,12.72,13.02,12.25,12.52,392900,
GPS,41.459999,41.790001,41.290001,41.619999,2451000,
GPT,8.949991,9.38999,8.949991,9.32999,387600,
GPX,23.6,23.6,23.07,23.15,24300,
GRA,82.32,85.43,82.32,84.199997,1051900,
GRC,30.46,30.599999,30,30.079999,22200,
GREK,15.21,15.22,14.79,15.02,119300,
GRFS,26.43,27.35,26.299999,27.1,1422400,
GRMN,35.240002,35.580002,34.849998,35.459999,1031200,
GROW,2.25,2.26,2.13,2.2,22200,
GRPN,8.16,8.35,8.11,8.33,12647100,
GRT,24.1,25.18,23.52,24.95,9135500,
GRU,6.75,6.75,6.71,6.72,5500,
GS,154.479996,154.559998,150.75,151.660004,3580400,
GSG,30.84,30.84,30.5,30.719999,114200,
GSH,19.209999,19.709999,19.209999,19.43,40300,
GSI,1.03,1.05,0.97,1.04,20000,
GSK,49.73,50.029999,49.59,49.790001,1300400,
GSM,10.97,11.01,10.79,10.8,629800,
GSS,0.51,0.55,0.49,0.5,3866500,
GST,2.47,2.75,2.47,2.67,176100,
GSVC,7.75,7.97,7.7,7.9,100300,
GT,14.84,14.95,14.71,14.91,2411800,
GTAT,3.55,3.7,3.52,3.61,3476100,
GTE,5.75,5.83,5.67,5.75,1008600,
GTI,7.62,7.64,7.33,7.38,1408400,
GTIV,10.61,11.02,10.57,11.02,274300,
GTLS,90.330002,92.300003,89.75,91.360001,331900,
GTN,7.15,7.49,6.95,7.08,1194900,
GTXI,6.58,6.69,6.5,6.63,301900,
GTY,20.32,20.32,19.75,19.83,99200,
GUID,8.68,8.68,8.35,8.41,92800,
GUR,36.27,36.439999,36.209999,36.220001,9600,
GURE,1.12,1.15,1.11,1.11,62700,
GV,2.11,2.21,2.11,2.14,174400,
GVA,29.43,29.469999,29.16,29.360001,189500,
GVZ,28.68,31.47,28.68,31.43,0,
GWAY,11.82,11.95,11.7,11.76,117800,
GWL,24.98,25.01,24.83,24.91,120400,
GWR,86.349998,86.849998,85.07,85.599998,569000,
GWRE,41.939999,43.099998,41.889999,42.889999,473000,
GWW,257.059998,258.130005,253.720001,253.910004,422700,
GXC,62.91,63.389999,62.66,63.23,233800,
GXG,17.799999,18.049999,17.799999,18.01,337400,
GXP,22.41,22.57,22.24,22.43,800000,
GY,15.9,16.15,15.87,16.1,555500,
GZT,13.21,13.45,13.11,13.24,5200,
H,39.59,39.91,39.290001,39.639999,282500,
HA,5.93,5.95,5.83,5.83,555400,
HAE,41.709999,41.799999,40.98,41.009998,203200,
HAFC,16.879999,17.23,16.73,17.08,257500,
HAIN,64.809998,65.690002,64.25,65.099998,534400,
HAL,41.490002,41.799999,41.200001,41.470001,8239400,
HALO,6.43,6.65,6.26,6.48,893300,
HAO,21.959999,22.1,21.93,22.08,104500,
HAR,49.290001,51.360001,48.950001,51.25,1386900,
HAS,44.450001,44.59,43.799999,44.130001,1170700,
HASI,11.4,11.59,11.4,11.54,185200,
HAWK,23.559999,24.25,21.370001,22.35,1024700,
HAYN,47.049999,47.599998,46.360001,46.790001,28600,
HBAN,7.93,7.96,7.81,7.86,12042500,
HBC,52.32,52.37,51.968,52.18,1089825,
HBHC,29.639999,29.9,29.23,29.52,671700,
HBI,51.080002,51.34,50.5,50.869999,2463600,
HBIO,4.780003,4.790001,4.700006,4.73,27800,
HBM,6.65,6.67,6.36,6.45,100200,
HCA,36.75,37.240002,36.130001,36.52,2703200,
HCBK,8.94,9.04,8.85,9,2620400,
HCC,42.540001,42.639999,42.240002,42.389999,605300,
HCI,29.700001,30.190001,29.57,29.799999,102300,
HCLP,22.690001,22.77,21.950001,22.1,128200,
HCN,64.870003,65.629997,64.809998,65.489998,2829600,
HCP,44.390002,45.240003,44.380004,45.200002,5428600,
HCSG,24.040001,24.040001,23.58,23.799999,482200,
HD,74.790001,75.870003,74.580002,75.669998,7390100,
HDB,34.93,35.150002,34.709999,34.849998,1485800,
HDGE,16.33,16.42,16.27,16.34,387200,
HDV,66.279999,66.779999,66.129997,66.559998,406400,
HDY,0.5,0.5,0.45,0.46,37400,
HE,24.809999,24.98,24.59,24.91,454100,
HEDJ,47.869999,48.18,47.82,48.169998,150200,
HEES,21.25,21.25,20.77,20.799999,280100,
HEI,50.780001,50.79,50.009999,50.250001,89100,
HELE,38.73,39.049999,38.32,38.41,123200,
HEP,37.080002,37.639999,37.080002,37.330002,81800,
HERO,7.12,7.12,6.93,6.98,2288700,
HES,64.120003,66.580002,64.059998,65.709999,3792100,
HF,17.139996,18.140001,17.080003,17.789996,224200,
HFC,42.450001,43.209999,42.27,42.82,2966700,
HGG,15.34,15.43,14.84,14.99,612100,
HGT,8.58,8.86,8.54,8.74,75400,
HGX,176.32,178.59,176.1,176.74,0,
HHC,107.82,110.690002,107.050003,110.459999,216200,
HHS,8.86,8.86,8.51,8.58,120400,
HI,23.32,23.34,22.98,23.1,123400,
HIBB,55.27,55.799999,54.59,55.75,264200,
HIG,30.530001,30.799999,29.67,29.99,12080400,
HII,55.009998,55.57,54.790001,55.330002,159500,
HIMX,4.99,5.5,4.99,5.46,7495900,
HITK,34.12,34.44,33.76,34.07,30600,
HITT,56.17,56.42,55.59,56.05,132300,
HIW,34.310001,34.610001,34.16,34.48,1261800,
HK,5.65,5.7,5.38,5.53,19200,
HKTV,5.79,6.05,5.79,5.93,65900,
HL,2.73,2.78,2.66,2.67,7951800,
HLF,46.77,47.549999,45.919998,46.169998,1512400,
HLIT,6.24,6.28,6.2,6.2,542100,
HLS,28.469999,28.540001,28.040001,28.41,526700,
HLSS,23.99,24.23,23.4,23.530001,886500,
HLX,23.049999,23.18,22.77,22.969999,691300,
HMA,15.4,15.57,15.13,15.5,6956100,
HMC,35.98,36.439999,35.849998,36.41,638600,
HME,63.889999,64.760002,63.630001,64.099998,610000,
HMIN,25.66,26.9,25.610001,26.57,303300,
HMN,24.700001,24.700001,24.389999,24.530001,181800,
HMST,20.09,20.799999,20.049999,20.57,118400,
HMSY,22.84,23.34,22.43,23.290001,851800,
HMY,3.41,3.44,3.3,3.3,3653100,
HNI,36.049999,36.09,35.389999,35.41,82300,
HNP,36.82,37.470001,36.82,37.459999,108500,
HNR,3.11,3.21,3.01,3.18,541200,
HNSN,1.49,1.65,1.49,1.5,60900,
HNT,30.91,31.639999,30.91,30.99,763800,
HOFT,15.85,15.85,15.6,15.6,13300,
HOG,52.169998,52.540001,51.560001,52.389999,1496400,
HOGS,13.34,13.43,13.34,13.41,316200,
HOLI,12.13,12.29,12.02,12.2,104700,
HOLX,19.76,19.91,19.379999,19.41,5870800,
HOMB,24.73,25.9,24.5,25.610001,2165600,
HON,78.5,79.860001,78.440002,79.75,3634200,
HOS,52.799999,53.349998,52.43,53.139999,381000,
HOT,63.459999,63.580002,62.779999,63.189999,2052700,
HOV,5.5,5.69,5.45,5.53,5601800,
HP,63.98,64.370003,62.779999,62.939999,995400,
HPP,20.620001,20.639999,20.309999,20.43,99800,
HPQ,24.189999,24.509998,23.919999,24.009999,31891300,
HPT,25.48,25.75,25.280001,25.51,1388400,
HPY,34.759998,36.360001,34.650002,35.959999,864200,
HR,24.790001,25.26,24.790001,25.200001,782900,
HRB,28.18,28.559999,28,28.360001,1964800,
HRC,33.400002,33.450001,33.009998,33.220001,215100,
HRG,7.5,7.6,7.37,7.48,176800,
HRL,38.389999,38.830002,38.299999,38.529999,1436800,
HRS,48.470001,49.009998,48.07,48.849998,721600,
HRZN,13.19,13.49,13,13.33,50100,
HSC,22.43,22.620001,22.219999,22.5,267700,
HSH,32.95,33.12,32.73,32.79,2910000,
HSIC,95.389999,95.639999,94.669998,95.18,370400,
HSII,16.639999,16.82,16.5,16.52,34400,
HSNI,53.279999,53.599998,52.84,52.880001,121800,
HSOL,1.78,1.9,1.75,1.88,772500,
HSP,34.990002,35.669998,34.869999,35.27,1197500,
HST,16.629999,16.700001,16.440001,16.49,7976300,
HSTM,24.73,24.860001,24.440001,24.540001,102700,
HSY,86.809998,88.309998,86.809998,87.970001,827900,
HT,5.49,5.53,5.44,5.47,414000,
HTA,11.01,11.22,10.99,11.15,995000,
HTCH,5.07,5.1,4.74,4.76,466100,
HTGC,13.57,13.66,13.5,13.58,460300,
HTH,16.450001,16.469999,16.25,16.4,592000,
HTHT,15.55,15.92,15.55,15.86,20500,
HTLD,13.85,13.86,13.74,13.81,364500,
HTS,25,25.559999,24.99,25.190001,1267200,
HTSI,46.37,48.96,46.31,47.33,704800,
HTWR,95,95.910004,94.160004,94.5,126000,
HTZ,23.65,24.15,23.65,24.040001,7472800,
HUB.B,97.11,97.11,95.94,96.47,113200,
HUBG,36.419998,36.419998,35.950001,36.139999,161100,
HUM,84.709999,85.480003,83.910004,84.160004,1304400,
HUN,16.950001,17.139999,16.780001,16.83,2041800,
HURN,44.080002,44.599998,43.860001,44.139999,215400,
HUSA,0.3,0.3,0.29,0.29,129400,
HVT,22.620001,22.620001,21.959999,22.030001,108600,
HW,9.14,9.2,9.02,9.12,602700,
HWAY,17.280001,17.6,16.860001,16.860001,300500,
HWCC,14.1,14.1,13.71,13.71,49700,
HXL,33.380001,34.34,33.330002,33.990002,1263700,
HXM,3.13,3.18,3.07,3.18,606300,
HY,61.060001,65,60.259998,61.759998,40200,
HYD,29.57,30.77,29.57,30.77,1284800,
HYG,90.699997,91.18,90.57,91.059998,5527200,
HYLD,49.650002,50.09,49.360001,49.779999,180800,
HYS,102.370003,102.540001,102.230003,102.480003,205500,
HZNP,2.47,2.47,2.41,2.47,155900,
HZO,11.42,11.42,11.06,11.13,97100,
I,20.629999,20.85,20.280001,20.34,366600,
IACI,47.82,47.830002,46.52,47.279999,907000,
IAG,3.98,4.01,3.81,3.82,8579800,
IAI,30.67,30.780001,30.440001,30.51,99300,
IART,36.549999,36.549999,35.889999,35.950001,68000,
IAT,29.27,29.27,28.889999,29.01,593000,
IAU,12.04,12.05,11.87,11.89,11911600,
IBB,170.320007,173.899994,170.059998,173.020004,976800,
IBCP,6.25,6.37,6.11,6.25,33900,
IBKC,52.939999,54,52.310001,52.73,208000,
IBKR,16.040001,16.18,16.01,16.129999,205500,
IBM,195.970001,196.229996,194.5,194.860001,3320200,
IBN,37.479999,37.9,37.249999,37.420001,9410500,
IBOC,22.299999,22.389999,22.030001,22.07,223900,
ICA,6.81,7.24,6.8,7.16,1039900,
ICAD,5.42,5.45,5.37,5.37,6400,
ICE,176.959991,180.720005,174.449997,179.899998,5631500,
ICF,79.370003,80.309998,79.370003,80.059998,542200,
ICGE,11.58,11.73,11.23,11.25,166500,
ICLR,35.25,35.720001,34.830002,34.93,230300,
ICN,19.75,19.75,19.5,19.559999,14500,
ICON,29.030001,29.459999,28.780001,29.280001,530600,
ICUI,73.620003,73.650002,71.779999,72.230003,125000,
IDA,47.75,47.98,47.23,47.490002,172500,
IDCC,44.849998,44.849998,44.080002,44.349998,178800,
IDIX,3.53,3.59,3.49,3.53,2590500,
IDSY,4.92,5.08,4.91,4.96,21100,
IDT,19.619995,19.64,18.359994,19.050003,502500,
IDTI,7.97,7.97,7.74,7.8,1320600,
IDU,93.5,94.300003,93.230003,94.050003,312500,
IDV,31.67,31.75,31.530001,31.67,325400,
IDXX,91.080002,91.230003,90.43,90.709999,734600,
IEF,102.239998,102.309998,101.760002,102.07,1015300,
IEI,120.559998,120.599998,120.279999,120.449997,183200,
IEMG,44.82,45.41,44.82,45.310001,1248400,
IEO,72.190002,72.410004,71.559998,72.190002,104700,
IEP,71.730003,73.669998,71.730003,72.870003,173600,
IEV,38.889999,38.900002,38.66,38.830002,159000,
IEX,52.740002,52.849998,52.080002,52.610001,318200,
IEZ,56.790001,56.84,56.200001,56.59,69400,
IFF,76.120003,76.379997,75.290001,75.760002,246900,
IFGL,30.43,30.57,30.35,30.440001,136200,
IFN,18.32,18.48,18.26,18.459999,96800,
IFT,6.86,6.91,6.73,6.91,53000,
IGE,38.119999,38.240002,37.849998,38.119999,665300,
IGT,16.540001,16.57,16.370001,16.4,1947100,
IGTE,14.9,15.74,14.72,15.6,329700,
IGV,66.730003,67.300003,66.730003,67.120003,95100,
IHF,83.169998,83.660004,82.870003,83.25,37100,
IHS,101.5,102.709999,101.300003,102.150002,567000,
IIIN,18.08,18.08,17.6,17.790001,43100,
IIJI,18.370001,18.379999,18.23,18.34,13500,
IILG,19.98,20.059999,19.74,19.92,182900,
IIVI,16.15,16.27,15.9,15.98,191300,
IJH,114.529999,114.800003,113.760002,114.379997,834400,
IJJ,100.730003,101.730003,99.57,100.099998,180100,
IJK,127.620003,127.93,126.830002,127.459999,563100,
IJR,89.669998,89.93,88.809998,89.169998,1676000,
IJS,92.699997,92.730003,91.830002,92.089996,190300,
IJT,96.440002,96.440002,95.5,95.790001,98100,
IL,6.69,6.8,6.6,6.78,120600,
ILF,35.77,36.150002,35.59,36,2442400,
ILMN,74.75,76.080002,74.440002,74.690002,2024500,
IM,18.690001,18.77,18.540001,18.75,954500,
IMAX,24.51,24.75,24.07,24.290001,315900,
IMGN,15.99,16.85,15.85,16.35,1135400,
IMH,10.35,10.54,10.35,10.4,9600,
IMKTA,24.91,25.719999,24.719999,25.290001,45200,
IMMR,13.89,13.89,13.03,13.06,156100,
IMMU,5.04,5.24,5.03,5.15,711000,
IMN,4.1,4.17,4.1,4.16,102700,
IMO,38.09,38.290001,37.650002,37.919998,141900,
IMOS,19.17,19.389999,18.799999,19.110001,235000,
IMPV,43.869999,44.709999,43.849998,44.490002,210300,
IMUC,1.98,2.07,1.96,2.02,12400,
IN,9.84,9.91,9.84,9.86,303309,
INAP,8.02,8.17,7.95,8.15,130800,
INCY,19.93,21.18,19.9,21.08,1173600,
INDB,34.360001,34.389999,33.790001,34,54300,
INDL,12.25,12.52,11.8,12.07,20200,
INFA,33.790001,34.91,33.630001,34.5,1071100,
INFI,16.74,17.17,16.620001,16.83,1195900,
INFN,10.75,10.79,10.46,10.48,1075200,
INFY,40.080002,40.720001,40.080002,40.259998,7479200,
ING,9.02,9.06,8.9,8.99,1587400,
INGR,63.919998,65.370003,63.889999,64.889999,449500,
ININ,52.049999,53,51.560001,51.630001,75400,
INN,9.49,9.59,9.35,9.43,238900,
INP,50.700001,51.18,50.639999,51.09,49800,
INSM,11.66,11.85,11.52,11.65,260200,
INT,39.73,39.73,39.029999,39.27,179500,
INTC,24.200001,24.24,23.889999,24.01,33645000,
INTL,17.639999,17.709999,17.41,17.5,41000,
INTU,59.200001,59.759998,58.75,59.450001,3122700,
INTX,8.57,8.95,8.56,8.82,92600,
INVE,0.88,0.94,0.8,0.82,21900,
INVN,13.76,13.77,13.31,13.63,1457500,
INWK,11.19,11.22,10.84,11.01,224900,
INXN,24.959999,25.75,24.74,25.41,153100,
IO,5.980003,5.980003,5.890003,5.900003,39000,
IOC,70.160004,70.519997,69.010002,69.989998,226700,
IOO,67.57,67.68,67.220001,67.57,99200,
IOSP,40.5,40.52,39.98,40.16,43000,
IP,43.700005,44.209999,43.269999,44.130002,3534300,
IPAR,29.110001,29.280001,28.940001,28.950001,143100,
IPCM,51.880001,51.880001,50.650002,50.740002,66800,
IPG,14.47,14.59,14.45,14.47,4740300,
IPGP,59.849998,59.900002,58.93,59.32,302200,
IPHI,10.85,10.94,10.57,10.7,120100,
IPHS,47.720001,47.98,47.18,47.220001,56700,
IPI,19.110001,19.26,18.889999,19.110001,1042700,
IPXL,19.030001,19.200001,18.809999,18.889999,819700,
IQNT,5.68,5.72,5.32,5.34,725100,
IR,54.669994,55.050001,54.370004,54.630004,2890400,
IRBT,37.240002,37.700001,37.139999,37.279999,442000,
IRC,9.67,9.86,9.6,9.81,833900,
IRDM,7.33,7.38,7.22,7.37,467200,
IRE,8.38,8.54,8.33,8.39,498000,
IRET,8.32,8.4,8.29,8.36,442000,
IRF,21.03,21.03,20.61,20.73,473400,
IRM,26.549997,26.739996,26.399999,26.570003,1547000,
IRWD,10.78,10.92,10.66,10.71,1552700,
ISBC,20.780001,20.969999,20.479999,20.92,951000,
ISCA,31.559999,31.639999,31.190001,31.24,68600,
ISIL,7.76,7.88,7.69,7.71,1305900,
ISIS,26.780001,28.540001,26.51,28.07,2574300,
ISLE,7.39,7.55,7.15,7.16,37800,
ISRG,497.950012,510.540009,497.5,503.899994,241400,
ISS,5.2,5.2,5.12,5.13,180756,
ISSC,6.82,7.05,6.46,6.71,78100,
ISSI,11.06,11.06,10.81,10.9,51600,
IT,56.830002,58.099998,56.639999,57.040001,517100,
ITB,22.379999,22.42,22.030001,22.209999,5603200,
ITC,89.770002,90.689999,88.940002,90.389997,385200,
ITG,14.21,14.26,13.96,14,294100,
ITMN,9.61,9.9,9.55,9.74,1694300,
ITOT,73.059998,73.220001,72.709999,73.080002,267800,
ITRI,41.869999,41.919998,41.290001,41.639999,354200,
ITT,28.780001,29.219999,28.65,29.09,845000,
ITUB,12.689996,13.019996,12.689996,12.760001,18029900,
ITW,68.260002,68.519997,67.699997,68.349998,1974700,
IVAC,5.14,5.15,4.95,5.05,131100,
IVAN,0.93,0.95,0.91,0.91,23500,
IVC,14.31,14.31,14.05,14.24,201900,
IVE,75.68,75.900002,75.25,75.730003,534200,
IVR,16.639999,16.950001,16.48,16.5,2616500,
IVV,160.710007,161.330002,160.089996,160.970001,8948300,
IVW,83.860001,84.209999,83.639999,84.040001,541100,
IVZ,31.92,32.119999,31.66,31.92,4633400,
IWB,89.129997,89.529999,88.849998,89.32,217400,
IWC,61.93,61.939999,60.669998,60.82,82300,
IWD,83.440002,83.620003,82.910004,83.370003,1715100,
IWF,72.5,72.940002,72.449997,72.75,1672200,
IWM,96.519997,96.629997,95.650002,96.07,33752300,
IWN,85.080002,85.220001,84.32,84.709999,648300,
IWO,111.010002,111.190002,110.110001,110.529999,623900,
IWP,71.169998,71.550003,70.989998,71.309998,177800,
IWR,129.550003,129.550003,128.270004,128.960007,203800,
IWS,57.380001,57.619999,57.16,57.490002,479500,
IWV,95.470001,95.800003,95.089996,95.57,183200,
IXC,38.360001,38.419998,38.009998,38.32,212100,
IXYS,10.95,11.14,10.95,10.95,35700,
IYE,44.66,44.75,44.259998,44.650002,220800,
IYF,71,71.160004,70.559998,70.959999,495500,
IYG,71.029999,71.57,70.669998,71.050003,84300,
IYH,99.800003,100.889999,99.769997,100.459999,53700,
IYJ,83.260002,83.260002,82.400002,82.860001,170100,
IYM,67.779999,67.779999,66.82,67.360001,125200,
IYR,65.260002,65.769997,65.089996,65.550003,16898500,
IYT,109.199997,110.239998,108.959999,109.459999,225400,
IYW,73.669998,73.68,73.279999,73.419998,161200,
IYZ,25.17,25.32,25.16,25.27,247300,
JACK,38.32,39.009998,38.32,38.830002,360100,
JAGGF,0.41,0.41,0.41,0.41,0,
JAH,43.360004,43.750005,43.290001,43.480004,1217100,
JAKK,10,10.11,10,10.06,190300,
JASO,6.49,7.08,6.47,6.9,2218700,
JAZZ,66.699997,68.779999,66.43,68.160004,805300,
JBHT,70.019997,70.889999,69.599998,70.389999,627300,
JBL,20.15,20.15,19.85,20.059999,1529100,
JBLU,6.14,6.14,6.03,6.05,2458800,
JBT,21.17,21.24,20.83,21.01,63800,
JCI,32.220001,32.25,31.98,32.009998,5339800,
JCOM,41.59,41.990002,40.77,40.810001,367900,
JCP,16.120001,16.18,15.84,16.15,4265500,
JDSU,13.83,13.89,13.68,13.78,1706700,
JE,6.21,6.22,6.04,6.07,581600,
JEC,55.880001,56.07,54.580002,54.880001,957300,
JIVE,17.450001,17.5,17.18,17.450001,665600,
JJC,37.669998,37.669998,37.259998,37.369999,33100,
JJG,50.779999,50.830002,50.380001,50.380001,16500,
JKHY,47.299999,47.299999,37.900002,46.919998,393200,
JKS,7.67,8.4,7.52,8.27,878000,
JLL,88.529999,90,88.379997,89.199997,263500,
JMBA,14.92,15.35,14.85,15.28,286800,
JNJ,85.949997,87.32,85.940002,86.989998,11966500,
JNK,39.27,39.490002,39.25,39.380001,8417700,
JNPR,18.549999,18.549999,18.190001,18.459999,4086100,
JNS,8.43,8.47,8.37,8.41,1573900,
JNY,13.69,13.83,13.25,13.4,881300,
JO,25.219999,25.360001,24.639999,24.73,79300,
JOBS,62.810001,64.5,62.5,63.669998,76600,
JOE,20.940001,21,20.68,20.83,444000,
JOSB,41.43,42.13,40.38,40.4,513800,
JOY,50.619999,50.619999,48.950001,48.990002,2525300,
JPM,52.650002,52.799999,51.880001,52.5,19332000,
JRCC,1.92,1.96,1.77,1.85,958900,
JRN,7.38,7.51,7.32,7.48,447500,
JST,4.87,4.93,4.86,4.87,8700,
JW.A,39.82,39.880001,39.389999,39.759998,160200,
JWN,59.080002,59.509998,58.650002,59.400002,1081400,
JXI,41.389999,41.810001,41.27,41.639999,46900,
K,63.669998,64.050003,63.43,63.52,1647300,
KAI,29.950001,30.23,29.74,29.82,39000,
KALU,62.509998,62.700001,61.84,62.16,129200,
KAMN,34.189999,34.189999,33.509998,33.830002,66900,
KAR,22.559999,22.889999,22.5,22.74,440200,
KB,29.52,29.52,29.1,29.41,139500,
KBALB,10.05,10.05,9.85,9.85,33900,
KBE,28.48,28.59,28.23,28.379999,998300,
KBH,19.59,19.99,19.459999,19.889999,5276500,
KBR,32.290001,32.549999,31.870001,31.969999,1382100,
KBWB,31.299999,31.450001,31.139999,31.32,94200,
KCAP,10.63,10.7,10.55,10.63,243600,
KCE,39.66,39.82,39.52,39.549999,70600,
KCG,3.6,3.67,3.51,3.51,700400,
KDN,26.95,26.95,26.61,26.78,123500,
KEG,6.29,6.29,5.98,6.05,11800,
KELYA,17.280001,17.440001,17.059999,17.07,66100,
KEM,4.32,4.32,4.03,4.12,253900,
KEP,10.79,10.91,10.79,10.81,826200,
KERX,7.36,7.53,7.35,7.42,1812400,
KEX,78.650002,79.089996,78.309998,78.379997,203700,
KEY,10.97,10.97,10.78,10.88,13099200,
KEYN,19.8,19.85,19.75,19.76,595400,
KEYW,13.15,13.23,12.87,13.1,157000,
KFN,10.5,10.71,10.5,10.62,689500,
KFRC,14.41,14.78,14.21,14.37,119900,
KFY,17.5,17.59,17.190001,17.41,210900,
KGC,4.67,4.7,4.53,4.56,16962400,
KIE,52.889999,53.349998,52.799999,53.200001,75700,
KIM,21.120001,21.299999,21,21.049999,4478400,
KIOR,4.47,4.95,4.46,4.94,334800,
KIRK,16.93,17,16.65,16.84,62700,
KKD,17.35,17.950001,17.35,17.889999,1210800,
KKR,19.07,19.639999,18.860001,18.92,2407300,
KLAC,56.110001,56.220001,55.119999,55.330002,1632700,
KLIC,11.01,11.1,10.81,10.81,463200,
KMB,96.410003,97.299997,96.269992,96.989999,2228800,
KMI,37.5,37.73,37.259998,37.57,3416600,
KMP,83.87,84.62,83.59,84.4,1505300,
KMR,81.14,82.76,81.02,82.66,673300,
KMT,39.009998,39.18,38.630001,38.900002,253200,
KMX,44.939999,45.98,44.869999,45.889999,2229600,
KND,13.16,13.2,12.7,12.79,453400,
KNDI,6.17,6.28,6.03,6.11,3021100,
KNL,14.47,14.51,14.06,14.1,72000,
KNOP,21.299999,22.01,21.299999,21.75,21600,
KNX,16.809999,16.83,16.5,16.549999,434400,
KO,40.080002,40.48,40.060001,40.330002,13855600,
KOF,129.839996,133.470001,129.429993,132.179993,94700,
KOG,8.8,8.83,8.6,8.63,2691400,
KOL,17.700001,17.82,17.440001,17.459999,162100,
KOLD,82.440004,83.580002,80.419996,80.739996,67500,
KONG,6.4,6.5,6.37,6.38,88700,
KOP,38.48,38.48,38.07,38.119999,112500,
KOPN,3.59,3.68,3.43,3.51,102400,
KORS,59.75,60,58.349998,59.700001,2265500,
KOS,10.34,10.43,10.28,10.38,491900,
KR,34.759998,34.91,34.349998,34.48,7850000,
KRA,20.41,20.48,20.09,20.370001,99000,
KRC,51.09,52.130001,51,51.810001,612800,
KRE,33.57,33.700001,33.189999,33.360001,5068500,
KRFT,54.650002,55.130001,53.669998,54.34,3588900,
KRG,5.58,5.63,5.51,5.55,148300,
KRO,16.459999,16.57,16.26,16.280001,93900,
KS,39.5,40.369999,39.299999,40.279999,689600,
KSS,51,51.200001,50.709999,51.130001,1339700,
KSU,107.489998,108.68,106.540001,107.870003,636700,
KT,15.1,15.4,15.1,15.33,797100,
KTCC,10.61,10.8,10.42,10.69,46600,
KTOS,6.17,6.41,6.17,6.37,339700,
KUB,69.07,69.67,68.49,69.01,68500,
KVHI,13.14,13.14,12.84,12.84,17500,
KW,16.969999,16.98,16.65,16.68,253700,
KWK,1.8,1.8,1.66,1.68,2394000,
KWR,62.349998,62.349998,60.970001,61.66,62400,
L,44.09,44.32,43.82,43.970001,649500,
LABL,29.43,29.75,29.1,29.23,26200,
LAD,51.599998,53.009998,50.98,52.709999,255800,
LAMR,42.709999,43.23,42.41,42.93,566500,
LANC,77.75,79.209999,77.230003,77.360001,40600,
LAYN,20,20.120001,19.309999,19.32,177200,
LAZ,32.02,32.169998,31.639999,31.68,712900,
LBAI,10.189997,10.200004,9.910004,9.990004,126600,
LBJ,19.93,20.639999,19.73,20.639999,2300,
LBTYA,71.429993,72.840013,70.95,72.740007,5544100,
LBTYK,66.959999,68.57,66.949997,68.419998,2294800,
LBY,23.389999,23.66,23.34,23.620001,72500,
LCAV,3.09,3.09,3.01,3.07,24800,
LCC,16.5,16.64,16.17,16.17,3604700,
LCI,10.83,11.21,10.76,11.08,57300,
LDK,1.33,1.4,1.32,1.32,2237200,
LEA,58.5,59.049999,58.23,58.57,671000,
LEAP,5.98,6.06,5.95,6.01,686300,
LECO,55.98,55.98,55.119999,55.93,268900,
LEE,2.03,2.06,2,2.04,227300,
LEG,30.809999,31.1,30.540001,30.799999,969800,
LEI,1.26,1.28,1.24,1.28,2200,
LEN,35.650002,36.25,35.310001,36.009998,7880400,
LF,10.14,10.34,9.6,9.66,2514400,
LFC,35.099999,35.27001,34.79001,35.169989,518700,
LFL,15.72,16.120001,15.72,16.1,698100,
LFUS,72.779999,74.730003,72.699997,74.18,96300,
LFVN,2.27,2.3,2.23,2.29,692919,
LG,45.490002,45.830002,45.400002,45.630001,207200,
LGCY,26.66,26.799999,26.26,26.629999,154700,
LGF,27.799999,28.219999,27.799999,27.969999,911400,
LGND,36.380001,36.740002,36.130001,36.389999,247400,
LH,99.739998,99.93,99.07,99.449997,427100,
LHCG,21.66,22.219999,21.66,22.049999,64100,
LHO,24.120001,24.450001,23.91,24.219999,920000,
LIFE,74.09,74.13,74,74.04,2156200,
LII,62.68,63.700001,62.459999,63.34,539900,
LINC,5.84,5.85,5.38,5.48,141500,
LINE,34.5,34.799999,34.400002,34.5,1899100,
LINTA,22.34,22.57,22.29,22.42,1480200,
LIOX,3.09,3.09,3.01,3.02,76600,
LIT,11.22,11.54,11.12,11.35,16100,
LIWA,5.16,5.22,4.84,4.89,137000,
LKQ,25.82,26.01,25.59,25.93,1229700,
LL,78.309998,79.449997,77.910004,78.190002,585200,
LLEN,3.59,3.645,3.285,3.3,433200,
LLL,83.879997,84.980003,83.470001,84.639999,320300,
LLNW,2.25,2.27,2.22,2.24,165500,
LLTC,36.75,36.93,36.330002,36.650002,1578600,
LLY,49.66,49.900002,49.220001,49.790001,6075500,
LM,30.969999,31.370001,30.85,30.85,1458500,
LMCA,124.330046,125.030057,122.890048,124.360062,2708600,
LMNX,20.700001,20.940001,20.17,20.23,132000,
LMOS,16.879999,17.049999,16.51,16.629999,42000,
LMT,104.5,105.910004,104.360001,105.769997,1666600,
LNC,36.099998,36.310001,35.59,35.950001,2364800,
LNCE,28.219999,28.34,27.84,27.9,106600,
LNCO,37.5,38.099998,37,37.16,503800,
LNDC,13.9,13.91,13.45,13.48,78700,
LNG,26.959999,28.459999,26.959999,28.26,4857200,
LNKD,177.589996,180.839996,177.589996,179.5,1384100,
LNN,78.349998,79.93,76,76.120003,301700,
LNT,49.16,49.599998,49,49.32,818200,
LO,43.900002,44.09,42.720001,43.779999,5688800,
LOCK,11.7,11.81,11.52,11.81,974500,
LOCM,1.72,1.72,1.64,1.7,58000,
LODE,1.82,1.84,1.69,1.75,779700,
LOGI,6.8,6.8,6.72,6.76,158700,
LOGM,24.43,24.51,24.01,24.34,149700,
LOPE,31.639999,32.130001,31.09,31.459999,313000,
LORL,61.330002,61.470001,59.509998,59.740002,75800,
LOW,39.950001,40.66,39.950001,40.529999,9528600,
LPHI,3.05,3.14,3,3.02,18600,
LPI,20.309999,20.52,19.940001,20.17,1769400,
LPL,11.54,11.64,11.47,11.6,875200,
LPLA,37.59,37.790001,37.310001,37.639999,476600,
LPNT,49.18,49.529999,49.02,49.060001,374400,
LPR,0.36,0.36,0.36,0.36,1000,
LPS,31.6,31.74,31.3,31.65,1382100,
LPSN,8.96,9.05,8.81,8.81,332000,
LPX,14.85,15.08,14.51,14.82,3769500,
LQD,112.75,113,112.510002,112.699997,2010000,
LQDT,33.23,33.880001,32.790001,33.549999,330400,
LRCX,45.779999,45.869999,44.16,44.639999,2663600,
LRE,14.4,14.81,14.33,14.77,89600,
LRN,26.82,26.99,26.49,26.49,112100,
LRY,16.08,16.08,16.08,16.08,0,
LSCC,4.86,4.86,4.68,4.82,812400,
LSE,8.48,8.51,8.45,8.48,739100,
LSI,63.869999,64.410004,63.549999,64.160004,228500,
LSTR,51.09,51.259998,50.389999,50.73,446800,
LTBR,1.66,1.75,1.66,1.7,1100,
LTC,38.200001,38.639999,37.740002,38.130001,144100,
LTD,36.87,36.87,36.87,36.87,0,
LTM,49.330002,49.330002,48.400002,48.779999,311800,
LTPZ,59.82,60.110001,59.689999,59.77,28500,
LTXC,5.99,6,5.74,5.87,278100,
LUB,8.33,8.34,8.24,8.3,23100,
LUFK,88.48,88.5,88.45,88.46,816500,
LUK,25.219999,25.219999,24.75,25.01,1738800,
LULU,62.900002,64.040001,62.860001,63.880001,2702200,
LUV,13.18,13.26,12.92,12.97,9528900,
LUX,50.240002,50.52,50.02,50.470001,28600,
LVLT,20.6,20.870001,20.280001,20.59,1635600,
LVS,51.150002,51.810001,50.5,51.380001,10963200,
LXK,29.99,30.52,29.889999,30.17,631300,
LXP,11.51,11.61,11.42,11.53,1687100,
LXU,30.82,31.52,30.68,31.280001,107000,
LYB,66.949997,67.230003,65.580002,66.980003,3619100,
LYG,3.83,3.86,3.81,3.84,1474500,
LYV,15.56,15.74,15.35,15.39,1429000,
LZB,19.629999,19.93,19.51,19.530001,536600,
M,47,47.799999,46.959999,47.73,2913800,
MA,567.999992,572.750015,563.790016,570,5343000,
MAA,65.529999,66.5,65.449997,66.129997,679300,
MAC,59.869999,60.75,59.830002,60.52,1491300,
MACK,6,6.27,5.83,6.23,731100,
MAIN,27.030001,27.139999,26.389999,26.809999,314900,
MAKO,12.07,12.23,11.84,11.97,605200,
MAN,55.07,55.279999,54.330002,54.830002,220600,
MANH,78.309998,78.309998,76.260002,76.309998,454400,
MANT,25.33,25.33,24.700001,24.93,128000,
MANU,16.59,16.74,16,16.32,22900,
MAR,39.700001,39.84,39.419998,39.450001,2481300,
MAS,19.28,19.610001,19.129999,19.219999,3432000,
MASI,21.610001,21.700001,21.299999,21.43,311700,
MAT,44.75,44.91,44.209999,44.439999,1414300,
MATW,37.779999,37.779999,37.049999,37.130001,93500,
MATX,24.719999,24.99,24.389999,24.73,330900,
MBB,104.379997,104.660004,104.25,104.419998,448400,
MBFI,26.24,26.52,25.85,26.450001,263200,
MBI,12.93,13.53,12.83,13.42,3100900,
MBLX,1.50003,1.51003,1.400028,1.410028,17300,
MBND,3.17,3.18,3.13,3.18,217900,
MBT,18,18.290001,17.9,18.07,1851200,
MCC,13.26,13.47,13.2,13.44,454500,
MCD,98.360001,99.139999,98.040001,98.839996,3585500,
MCEP,22.07,22.219999,21.809999,21.83,50500,
MCF,35.150002,35.150002,33.59,34.07,54300,
MCGC,5.02,5.06,4.99,5,267900,
MCHI,41.099998,41.220001,40.720001,41.09,473500,
MCHP,37.169998,37.310001,36.619999,36.950001,1111700,
MCHX,5.99,6.03,5.77,5.91,36300,
MCK,111.510002,115.660004,110.800003,115.540001,2384800,
MCO,58.939999,59.299999,58.560001,58.82,1090500,
MCP,5.41,5.54,5.28,5.42,3199100,
MCRI,16.91,16.99,16.459999,16.52,59500,
MCRL,9.72,9.74,9.52,9.69,272100,
MCRS,42.57,42.57,41.98,42,549200,
MCY,42.91,42.91,42.630001,42.779999,161900,
MD,89.690002,90.150002,88.669998,89.029999,290000,
MDAS,17.879999,17.91,17.48,17.67,208000,
MDC,32.249998,32.589999,31.689998,32.219999,678900,
MDCI,7.48,7.5,7.2,7.39,280900,
MDCO,31.6,31.68,30.809999,31.15,500300,
MDIV,20.889999,21.01,20.879999,20.98,173700,
MDLZ,28.82,29.040001,28.68,28.85,8515100,
MDP,47.029999,47.5,46.77,47.07,450900,
MDR,8.71,8.74,8.46,8.59,2434100,
MDRX,12.68,12.87,12.61,12.75,1880800,
MDSO,73.419998,74.25,72.639999,73.459999,302600,
MDT,52.380001,52.759998,52,52,4362200,
MDU,25.360001,25.780001,25.219999,25.719999,676100,
MDVN,46.310001,48.919998,45.900002,48.630001,2230400,
MDXG,7.46,7.5,7.03,7.11,660400,
MDY,208.850006,209.320007,207.419998,208.380005,1770900,
MEA,1.29,1.29,1.21,1.21,240900,
MEAS,45.42,45.58,44.95,45.05,17500,
MED,26.25,26.620001,25.92,25.99,103000,
MEET,1.8,1.82,1.45,1.53,1513600,
MEG,9.57,10.6,9.41,10.56,474300,
MEI,16.049999,16.440001,15.94,16.200001,446000,
MEIP,7.21,7.4,7.19,7.33,64600,
MELA,0.8,0.81,0.77,0.78,39100,
MELI,106.620003,108.870003,106.089996,108.629997,361600,
MEMP,19.049999,19.360001,18.9,19.32,344100,
MEMS,4.08,4.09,4.07,4.09,21900,
MENT,19.26,19.370001,19.139999,19.24,409500,
MEOH,41.959999,42.450001,41.93,42.150002,440200,
MERC,6.56,6.57,6.38,6.41,56800,
MERU,4.1,4.11,4,4.04,158200,
MET,45.330002,45.630001,44.669998,45.400002,8860500,
MFA,8.36,8.53,8.32,8.33,3348700,
MFB,17.3,17.37,16.98,17,97700,
MFC,15.9,16.09,15.9,15.99,1964000,
MFG,3.99,3.99,3.95,3.97,316100,
MFLX,14.74,14.74,14.25,14.32,41000,
MFRM,39.279999,39.779999,38.98,39.02,109600,
MG,17.65,18.27,16.76,17.07,1210000,
MGA,68.57,69.970001,68.540001,69.739998,1038800,
MGAM,25.18,25.3,24.65,24.75,147100,
MGC,54.610001,54.849998,54.459999,54.77,31200,
MGI,21.16,21.379999,20.940001,21.209999,43800,
MGIC,5.4,5.4,5.31,5.34,51600,
MGK,60.290001,60.560001,60.189999,60.41,121500,
MGLN,56.130001,56.130001,54.720001,54.740002,106700,
MGM,14.16,14.65,14.14,14.32,17096300,
MGPI,5.45,5.48,5.32,5.4,5500,
MGV,48.939999,49.110001,48.73,49.099998,69000,
MHFI,53.220001,53.59,53.060001,53.150002,1270000,
MHGC,7.78,7.92,7.74,7.9,480600,
MHK,111.489998,112.309998,109.529999,110.120003,481900,
MHLD,11.02,11.04,10.91,10.99,392600,
MHO,23.030001,23.450001,22.65,23,412600,
MHR,3.47,3.51,3.35,3.48,2118400,
MIC,51.450001,52.540001,51.25,52.52,265500,
MIDD,168.950008,170.420013,167.370003,168.800011,246300,
MIDU,53,53.290001,51.91,52.639999,420400,
MIDZ,31.27,31.969999,31.27,31.700001,3200,
MIG,7.76,7.87,7.73,7.73,107300,
MILL,4.2,4.22,4.02,4.19,193207,
MIND,16.35,16.65,16.1,16.65,64400,
MINI,31.879999,32.220001,31.299999,32.02,194500,
MITK,5.19,5.94,5.12,5.71,1995832,
MITL,3.74,3.74,3.52,3.7,9200,
MITT,18.309999,18.690001,18.219999,18.549999,445700,
MJN,77.860001,79.040001,77.860001,78.709999,958000,
MKC,71.620003,72.349998,71.589996,72.029999,583200,
MKSI,26.73,26.84,26.25,26.49,278100,
MKTG,14.17,14.42,14.05,14.32,362600,
MKTX,46.400002,46.810001,46.009998,46.259998,192700,
MLHR,28.040001,28.040001,27.08,27.209999,377700,
MLI,49.700001,49.700001,48.349998,49.23,332400,
MLM,100.830002,101.080002,99.029999,99.379997,336700,
MLNK,3.02,3.12,2.72,2.84,360000,
MLNX,50.560001,51.48,49.240002,49.509998,1662100,
MLPN,28.83,29.35,28.709999,29.34,589600,
MLR,15.5,15.66,15.32,15.57,24400,
MM,8.62,8.79,8.58,8.72,1289400,
MMC,39.630001,39.990002,39.470001,39.900002,2646800,
MMLP,43.34,43.860001,42.669998,43.279999,111800,
MMM,109.07,109.980003,108.730003,109.68,2524400,
MMP,52.139999,53.25,52.139999,53.009998,427600,
MMS,76.059998,76.099998,74.239998,74.370003,743800,
MMSI,10.83,10.89,10.55,10.72,255400,
MMYT,13.3,13.61,13.3,13.54,7800,
MN,18.299999,18.309999,17.6,17.82,190900,
MNI,2.38,2.38,2.31,2.31,16000,
MNKD,6.32,6.48,6.25,6.44,7526300,
MNR,9.79,9.94,9.7,9.72,166400,
MNRO,47.91,48.380001,47.599998,47.970001,187200,
MNST,57.520002,58.329998,57.389997,57.75,2533500,
MNTA,14.27,14.42,13.91,14.33,235400,
MNTG,3.27,3.41,3.16,3.32,102800,
MNTX,10.5,10.6,10.34,10.47,123700,
MNX,2866.5,2899.5,2866.5,2893.899902,1671280000,
MO,35.18,35.470001,35.009998,35.27,7389100,
MOBI,2.91,3.06,2.79,2.94,151900,
MOD,10.89,10.89,10.55,10.57,128300,
MODN,22.040001,22.24,21.780001,22.200001,57800,
MOH,36.27,36.540001,35.82,36.41,581000,
MOLX,29.26,29.26,28.82,28.95,440000,
MOLXA,24.8,24.8,24.4,24.53,112000,
MON,101.650002,102.269997,99.230003,100.839996,4091200,
MOO,51.080002,51.380001,50.82,51.09,300800,
MORN,75.169998,75.379997,74.230003,74.599998,123900,
MOS,54.66,55.080002,53.75,54.91,6275100,
MOSY,4.03,4.03,3.86,3.98,94900,
MOV,32.32,32.639999,31.52,31.790001,99200,
MOVE,12,12.26,11.96,12.22,215400,
MPAA,9.35,9.55,9.23,9.28,138500,
MPC,72.839996,73.860001,72.139999,72.43,6059600,
MPEL,22.559999,23.09,22.360001,22.4,4774400,
MPG,3.12,3.12,3.11,3.11,1638300,
MPLX,36.5,37.669998,36.5,37.200001,66400,
MPO,5.92,5.92,5.68,5.71,25700,
MPW,14.1,14.37,14.1,14.19,1372200,
MPWR,24.049999,24.26,23.709999,24.059999,262700,
MR,38.75,38.75,37.68,37.900002,748900,
MRC,27.98,28.24,27.870001,27.92,988000,
MRCY,9.18,9.26,9.08,9.17,132500,
MRGE,3.55,3.63,3.47,3.51,527800,
MRH,24.450001,24.66,24.18,24.459999,221200,
MRIN,10.19,10.33,9.95,10.16,93600,
MRK,46.599998,46.91,46.279999,46.689999,11435900,
MRO,35.27,35.759998,34.98,35.360001,5464400,
MRTN,14.96,15.29,14.87,14.99,79800,
MRVL,11.51,11.74,11.36,11.73,9381200,
MS,25.35,25.389999,24.82,24.879999,15125600,
MSA,46.080002,46.080002,45.52,45.75,79400,
MSB,18.02,18.290001,17.76,17.77,30700,
MSCC,21.99,22.280001,21.59,22.1,1161900,
MSCI,33.27,33.27,32.66,32.689999,632200,
MSFT,34.119999,34.48,33.889999,34.349998,48665900,
MSG,57.68,58.099998,57.389999,57.610001,166400,
MSI,56.66,57.68,56.540001,57.490002,2791700,
MSM,79.540001,79.540001,78.099998,78.18,362400,
MSO,2.41,2.41,2.34,2.34,76600,
MSPD,3.13,3.35,3.1,3.3,1663500,
MSTR,84.739998,85.120003,84.080002,84.080002,67100,
MSTX,0.45,0.47,0.45,0.465,715835,
MT,11.28,11.33,11.17,11.3,5747300,
MTB,108.589996,110.129997,108.489998,109.709999,1109900,
MTD,203.660004,205.190002,200.869995,201.460007,324600,
MTDR,12.48,12.48,11.91,11.96,915100,
MTG,5.98,6.12,5.96,6.02,6285100,
MTGE,17.74,17.84,17.379999,17.459999,3253600,
MTH,43.880001,44.150002,42.68,42.990002,481600,
MTL,2.88,2.93,2.8,2.83,1196800,
MTN,61.5,61.5,60.700001,60.779999,332300,
MTOR,6.82,6.86,6.71,6.79,720800,
MTRN,27.190001,27.190001,26.42,26.73,45500,
MTRX,15.68,15.8,15.45,15.46,127900,
MTSC,56.990002,57.07,56.040001,56.16,62400,
MTSN,2.16,2.21,2.08,2.2,483100,
MTU,6,6.01,5.93,5.96,1073300,
MTW,17.73,18.1,17.66,18.010001,12866000,
MTX,41.790001,41.790001,40.990002,41.099998,123100,
MTZ,31.68,31.950001,31.1,31.73,563600,
MU,13.89,14.31,13.87,14.18,44886100,
MUB,104.25,105.029999,104.089996,104.970001,866300,
MUR,61.550003,61.730004,60.550001,61.190005,2619100,
MUX,1.76,1.81,1.63,1.67,5051900,
MVC,12.59,12.65,12.48,12.48,66700,
MVG,5.18,5.22,5.1,5.14,59900,
MVIS,2.4,2.52,2.4,2.42,146200,
MVO,30.15,30.98,30.139999,30.92,43300,
MVV,93.419998,93.599998,91.970001,92.93,166400,
MW,37.549999,37.98,36.830002,36.849998,913700,
MWA,6.43,6.67,6.4,6.56,1720700,
MWE,65.800003,67.220001,65.239998,66.559998,1095300,
MWIV,120.11,120.11,117.02,119.25,39300,
MWV,34.080002,34.459999,33.919998,34.259998,1372200,
MWW,4.79,4.84,4.65,4.69,883100,
MX,16.950001,17.68,16.950001,17.57,449000,
MXIM,27.959999,28.33,27.74,27.84,1621200,
MXL,6.85,6.89,6.77,6.8,59600,
MXWL,6.91,6.93,6.71,6.76,389100,
MY,1.7,1.71,1.62,1.64,519000,
MYE,15.03,15.16,14.52,14.66,198200,
MYGN,26.040001,26.860001,26.02,26.530001,1194900,
MYL,30.450001,30.809999,30.34,30.48,3138900,
MYRG,19.57,19.57,19.02,19.15,93700,
MZZ,19.1,19.24,18.959999,19.120001,6700,
N,87.339996,89.199997,87.330002,88.550003,277400,
NAFC,22.78,22.78,22.17,22.22,14800,
NAK,1.96,1.96,1.85,1.94,277600,
NANO,15.04,15.04,14.82,14.86,68400,
NAT,7.4,7.490003,7.149998,7.180003,905900,
NATI,27.629999,28,27.41,27.719999,415500,
NATR,16.16,16.16,15.89,15.9,9800,
NAV,27.940001,28.389999,27.07,27.41,2460300,
NAVB,2.56,2.59,2.48,2.53,366201,
NBG,4.15,4.47,4.07,4.08,4657000,
NBIX,12.85,12.98,12.65,12.74,626200,
NBL,60.290001,60.34,59.009998,60.189999,2021600,
NBR,16,16.030001,15.56,15.74,2658700,
NBTB,21.200001,21.309999,20.950001,20.950001,84900,
NCI,12,12.23,11.8,11.9,424400,
NCLH,28.84,29.68,28.84,29.43,166800,
NCMI,16.950001,17.08,16.549999,16.65,178700,
NCQ,1.77,1.77,1.72,1.74,61500,
NCR,32.529999,32.650002,32.139999,32.599998,1216300,
NCS,15.51,15.64,15.14,15.46,103700,
NCT,5.090187,5.250189,5.090187,5.130194,4770500,
NCTY,3.68,3.77,3.66,3.7,12800,
NDAQ,32.709999,32.84,32.310001,32.43,1757700,
NDO,77.739998,78.599998,77.629997,77.900002,0,
NDRO,15.8,15.97,15.73,15.91,23800,
NDSN,68.239998,68.870003,67.93,68.370003,166200,
NDX,2892.429932,2899.580078,2883.959961,2893.850098,1671280000,
NDZ,7.35,7.47,7.34,7.4,205600,
NE,37.220007,37.500002,36.840006,37.459997,2307800,
NEE,79.599998,80.470001,79.510002,79.839996,1668700,
NEM,27.950001,28.08,27.07,27.219999,14951800,
NEO,4.03,4.05,3.91,3.98,75300,
NEOG,55.000002,55.370001,54.600002,54.67,89400,
NEON,5.33,5.55,5.24,5.54,251600,
NEPT,3.03,3.2,3.03,3.16,329300,
NES,2.91,2.97,2.88,2.91,190400,
NEU,267.440002,274.230011,266.399994,268.98999,40800,
NEWP,13.4,13.46,13.2,13.21,64400,
NFBK,11.69,11.69,11.57,11.65,589700,
NFG,58.549999,58.950001,58.18,58.610001,247300,
NFLX,214.549997,218.250002,210.820005,212.099995,18834200,
NFP,25.3,25.3,25.28,25.28,1219000,
NFX,24.209999,24.43,23.940001,24.129999,1544800,
NG,1.99,1.99,1.93,1.94,1746700,
NGD,5.77,5.85,5.71,5.73,5963100,
NGG,55.689999,56.110001,55.59,56.040001,3194900,
NGL,29.969999,30.5,29.780001,30.370001,113300,
NGLS,47.400002,48.25,47.209999,48.169998,1182200,
NGPC,6.07,6.15,6.02,6.07,113100,
NGS,23.379999,23.379999,22.639999,23.030001,14600,
NGVC,33.68,33.93,33,33.310001,129400,
NHI,57.990002,58.349998,57.439999,57.849998,97000,
NI,28.049999,28.180002,27.830002,28.100002,5014700,
NIB,29.08,29.15,28.85,28.92,16500,
NICE,36.299999,36.349998,35.970001,36.23,158600,
NIHD,81.3,85.5,81.3,85.5,46600,
NILE,37.009998,37.25,36.060001,36.580002,296500,
NKA,14.5,14.92,14.5,14.66,92700,
NKE,60.860001,62.119999,60.790001,61.849998,11376800,
NKTR,10.45,11.29,10.42,11.23,1952600,
NKY,15.74,15.8,15.66,15.74,926600,
NLNK,22.540001,22.799999,19.5,19.780001,869500,
NLS,8.22,8.33,7.87,8.29,393500,
NLSN,34.009998,34.029999,33.130001,33.790001,2841200,
NLST,0.96,0.98,0.93,0.94,43800,
NLY,12.97,13.12,12.87,13.03,19183000,
NM,5.2,5.28,5.13,5.17,281500,
NMFC,14.07,14.1,13.95,14.09,400200,
NMM,14,14.31,14,14.14,296500,
NMR,7.24,7.31,7.2,7.28,1195300,
NMRX,11.41,11.42,11,11.09,25200,
NNBR,10.49,10.66,10.42,10.58,71500,
NNI,36.049999,36.049999,35.43,35.799999,55600,
NNN,33.150002,33.549999,32.950001,33.549999,1341700,
NOA,4.2,4.22,4.16,4.19,55000,
NOAH,9.17,9.18,8.62,8.66,189900,
NOC,81.5,82.120003,81.339996,81.839996,1519400,
NOG,13.5,13.5,13.03,13.12,373600,
NOK,3.85,3.91,3.82,3.91,22209200,
NOR,3.299997,3.319997,3.189997,3.239997,186600,
NOV,68.209996,68.589996,67.519997,68.279998,2635500,
NOW,40,41,39.82,40.889999,1638300,
NP,31.67,31.799999,31.16,31.290001,27300,
NPD,1.53,1.54,1.51,1.52,32000,
NPO,49.68,50.27,48.860001,49.099998,231200,
NPSP,14.7,15.41,14.44,15.29,1764200,
NPTN,8.39,8.39,8.11,8.13,42500,
NQ,7.89,8.35,7.77,8.32,640500,
NR,10.83,10.87,10.57,10.64,406900,
NRF,8.740003,8.899999,8.740003,8.800002,1691400,
NRG,26.719999,27.040001,26.5,26.540001,3626900,
NRGM,22.02,22.48,22.02,22.33,327700,
NRGY,15.79,16.69,15.79,15.96,807300,
NRP,20.730001,21.080001,20.1,20.160001,31100,
NRT,24.15,24.77,24.059999,24.41,32000,
NRZ,6.46,6.66,6.41,6.45,1831400,
NS,45.43,46,44.779999,45.849998,473400,
NSC,73.260002,74.239998,72.699997,73.349998,2341900,
NSH,26.209999,27.43,26.209999,27.17,359300,
NSIT,17.290001,17.49,16.870001,17.030001,170000,
NSM,37.66,38.799999,37.619999,37.98,1108900,
NSP,30.370001,30.379999,29.790001,29.790001,52600,
NSPH,3.39,3.57,3.33,3.54,25100,
NSR,48.509998,49.119999,48.029999,48.029999,233000,
NSU,2.78,2.79,2.65,2.75,743400,
NTAP,37.779999,38.07,37.560001,37.830002,3703600,
NTCT,23.280001,23.280001,22.940001,22.98,153100,
NTE,5.74,5.88,5.63,5.63,810300,
NTES,57.779999,58.939999,57.5,58.91,699100,
NTGR,32.139999,32.200001,30.309999,30.59,1141800,
NTI,24.209999,24.51,24.07,24.35,864800,
NTLS,15.94,16.01,15.78,15.9,82800,
NTRI,10.76,10.9,10.58,10.65,397700,
NTRS,57.639999,57.790001,57.200001,57.299999,2040800,
NTSP,15.98,15.98,15.96,15.97,490600,
NTT,25.41,25.49,25.35,25.469999,254000,
NTWK,10.14,10.27,9.87,10.05,71364,
NU,40.82,41.36,40.76,41.26,1232100,
NUAN,18.42,18.57,18.120001,18.120001,2910100,
NUE,43.880001,43.880001,42.98,43.66,1656800,
NUS,60.799999,61.540001,60.630001,61.419998,357200,
NUVA,24.01,24.25,23.82,24,218900,
NVAX,2,2.01,1.9,1.95,1680800,
NVDA,14.38,14.4,14.08,14.14,14493800,
NVDQ,13.06,13.13,12.78,13.11,40800,
NVE,23.51,23.52,23.45,23.45,3246400,
NVMI,9.49,9.52,9.08,9.13,173200,
NVO,156.110001,156.379995,154.879999,155,2082000,
NVS,69.769997,70.260002,69.459999,69.610001,3423200,
NVTL,3.34,3.84,3.34,3.77,392000,
NWBI,13.42,13.45,13.17,13.18,923200,
NWBO,3.16,3.3,3.12,3.15,51300,
NWE,39.400002,39.650002,38.98,39.470001,243600,
NWL,25.690001,25.790001,25.379999,25.530001,2382000,
NWN,41.580002,41.939999,41.400002,41.669998,118800,
NWPX,28.040001,28.040001,27.17,27.459999,62400,
NWS,15.54,15.55,15.31,15.47,901000,
NWSA,15.69,15.69,15.18,15.4,14755100,
NWY,6.31,6.31,6.14,6.25,286500,
NX,16.559999,16.91,16.25,16.360001,375100,
NXPI,30.23,30.32,29.84,30.17,1247900,
NXST,34,35.34,33.630001,35,1384700,
NXTM,14.39,14.39,14.12,14.13,244300,
NYCB,13.89,13.95,13.74,13.88,2387200,
NYMT,6.65,6.75,6.65,6.66,921000,
NYMX,5.13,5.19,4.92,4.94,11100,
NYT,10.78,10.89,10.57,10.85,1548500,
NYX,41.21,41.8,40.84,41.66,3916200,
O,41.689999,41.990002,41.330002,41.830002,2425800,
OAK,52.650002,52.650002,50.689999,51.98,369400,
OAS,39.099998,39.439999,37.939999,38.57,1858400,
OB,14.51,14.56,14.37,14.39,75800,
OC,40.84,41.82,40.68,40.849998,2005500,
OCLR,1.29,1.3,1.22,1.24,393700,
OCN,41.220001,42.34,41.220001,41.919998,2294100,
OCR,47.720001,48.27,47.68,47.970001,1297500,
OCZ,1.46,1.57,1.45,1.48,1666800,
ODFL,42.040001,42.279999,41.439999,41.459999,429300,
ODP,3.93,3.98,3.91,3.93,5202000,
OEF,72.099998,72.309998,71.769997,72.139999,707500,
OEH,11.57,12.19,11.47,11.99,1353800,
OEX,0.263,0.263,0.263,0.263,0,
OFC,25.01,25.1,24.719999,24.92,620100,
OFG,17.6,18.15,17.450001,17.74,646400,
OFIX,26.809999,26.83,26.370001,26.389999,104400,
OGE,66.849998,67.809998,66.849998,67.370003,1336800,
OGXI,9.53,9.69,9.53,9.54,45600,
OHI,30.42,31.02,30.42,30.75,1452500,
OI,27.09,27.27,26.6,26.809999,748000,
OIBR,1.81,1.82,1.74,1.78,270000,
OIH,42.75,42.860001,42.32,42.700001,3903700,
OII,72.239998,72.5,70.870003,71.769997,513900,
OIL,22.110001,22.16,21.68,22.110001,301200,
OILT,49.59,50.5,49.34,50.5,45600,
OIS,91.799998,92.860003,91.010007,92.239995,1401900,
OKE,41.709998,41.939999,41.390001,41.4,2300700,
OKS,48.139999,49.400002,47.830002,49.189999,784800,
OKSB,13.13,13.14,13.05,13.07,21400,
OLED,27.360001,27.58,26.280001,27.33,339700,
OLN,23.950001,23.950001,23.530001,23.67,734100,
OMC,62.200001,62.73,61.759998,62.450001,1016100,
OMCL,19.280001,19.42,19.23,19.34,131000,
OME,9.13,9.25,9.07,9.12,61500,
OMER,5.09,5.14,4.99,5.07,86500,
OMEX,3.049999,3.059999,2.939999,2.989999,34400,
OMG,30.85,30.889999,30.280001,30.65,94000,
OMI,34.25,34.310001,33.93,34.060001,246300,
OMN,7.84,7.84,7.54,7.56,118800,
OMX,10.24,10.42,10.18,10.3,1225200,
ONB,13.82,13.91,13.58,13.62,408500,
ONCY,2.8,2.81,2.7,2.79,356000,
ONE,11.28,11.46,11.18,11.36,210300,
ONNN,7.79,7.89,7.64,7.76,5970000,
ONP,1.58,1.58,1.51,1.51,30400,
ONTY,1.71,1.73,1.67,1.69,254900,
ONXX,82.52,85.01,81.8,84.17,855800,
OPEN,62.22,64.17,61.95,63.91,299200,
OPK,6.95,7.08,6.92,6.99,1404100,
OPLK,17.71,17.76,16.96,17,58200,
OPTR,13.38,13.5625,12.86,13.03,1009700,
ORA,22.790001,23.08,22.75,22.889999,55200,
ORB,17.41,17.4499,17.03,17.18,190700,
ORBC,4.47,4.47,4.45,4.45,143300,
ORBK,11.97,12.59,11.96,12.43,162600,
ORCL,30.190001,30.23,29.860001,30.139999,52429800,
OREX,6.01,6.01,5.91,5.95,173200,
ORI,12.45,12.68,12.39,12.65,1163700,
ORIG,17.07,17.41,17,17.120001,129900,
ORIT,15.97,16,15.71,15.71,90100,
ORLY,109.610001,111.18,109.440002,110.309998,1084800,
ORN,11.23,11.27,11.1,11.18,255500,
OSGIQ,3.33,3.83,3.33,3.78,165600,
OSIR,10.17,10.8,10.11,10.43,55100,
OSIS,63.549999,63.880001,62.82,63.459999,162500,
OSK,36.450001,36.57,35.91,36.5,525800,
OSTK,26.969999,27.32,26.700001,26.75,461800,
OSUR,3.81,3.91,3.8,3.84,410300,
OSX,251.9,253.2,250.3,252.14,0,
OTEX,68.129997,68.370003,67.699997,68,746800,
OTTR,28,28,27.6,27.620001,40800,
OVTI,18.559999,18.610001,18.16,18.18,992600,
OVX,23.74,24.21,22.26,22.82,0,
OWW,7.87,7.94,7.76,7.87,726700,
OXF,2.87,2.9,2.53,2.6,105100,
OXM,60,60.700001,59.939999,60.529999,165900,
OXY,89.930006,90.050009,88.290004,89.250001,3602600,
OZM,10.53,10.63,10.33,10.33,556600,
OZRK,44.200001,44.25,43.43,43.490002,613000,
P,17,17.790001,16.950001,17.73,10134600,
PAA,54.459999,55.599998,54.459999,54.779999,1185100,
PAAS,10.35,10.69,10.23,10.32,3545200,
PAC,46.040001,48.470001,46.040001,48.330002,109000,
PACB,2.49,2.5,2.44,2.47,164400,
PACD,9.39,9.5,9.29,9.45,13900,
PACR,6.39,6.39,6.25,6.3,165700,
PACT,6.74,6.74,6.67,6.71,223844,
PACW,29.530001,30.309999,29.530001,29.85,140800,
PAG,29.17,29.43,28.9,29.360001,301100,
PAL,0.96,0.97,0.94,0.94,936080,
PANW,41.450001,42.75,41.369999,42.080002,1085300,
PATH,2.86,2.89,2.78,2.84,48200,
PAY,16.5,16.82,16.42,16.530001,1911800,
PAYX,37.880001,38.139999,37.619999,37.990002,2377800,
PB,51.240002,51.610001,50.509998,50.790001,380600,
PBA,30.73,30.860001,30.33,30.370001,162600,
PBCT,14.86,14.88,14.67,14.82,3395800,
PBF,25.25,25.5,24.52,24.639999,919000,
PBH,28.870001,29.42,28.709999,29.120001,152100,
PBI,14.52,14.86,14.51,14.75,2489400,
PBJ,24.17,24.27,24.08,24.18,168000,
PBNY,9.46,9.46,9.22,9.29,89800,
PBR,13.59,13.87,13.52,13.67,17953100,
PBR.A,14.78,15.04,14.75,14.95,10396600,
PBT,13.11,13.3,13.04,13.21,153100,
PBTH,6.16,6.27,6.13,6.16,215700,
PBW,5.18,5.25,5.15,5.22,105300,
PBY,11.24,11.45,11.15,11.34,411900,
PCAR,52.48,52.84,52.150002,52.630001,948600,
PCCC,15.22,15.22,14.75,14.88,24800,
PCEF,23.92,24.34,23.92,24.299999,306200,
PCG,44.950001,45.560001,44.889999,45.330002,2545800,
PCH,41.439999,41.639999,40.23,40.610001,572800,
PCL,46.02,46.59,45.810001,46.07,1315600,
PCLN,815.799988,823.859985,814.450012,819.559998,583600,
PCOM,21.209999,21.99,21.209999,21.75,73800,
PCP,213.690002,220.779999,213.690002,219.690002,959300,
PCRFY,7.65,7.7,7.59,7.69,56500,
PCRX,27.450001,28.040001,27.01,27.82,379000,
PCTI,7.65,7.66,7.53,7.61,16300,
PCXCQ,0.165,0.174,0.164,0.165,267300,
PCY,26.709999,26.959999,26.709999,26.74,2033600,
PCYC,80.25,82,79.6,81.26,890900,
PDCE,52.84,53.220001,51.529999,52.040001,349800,
PDCO,37.439999,37.830002,37.130001,37.200001,697400,
PDFS,18,18.33,17.75,18.24,59300,
PDH,12.47,12.47,12.1766,12.21,86500,
PDLI,7.6,7.63,7.52,7.56,1514000,
PDM,17.530001,17.709999,17.469999,17.5,882600,
PDP,30.879999,31.129999,30.860001,31.02,159500,
PDS,8.61,8.67,8.53,8.63,538500,
PEB,25.639999,26.09,25.41,26,426000,
PEG,32.509998,33,32.41,32.900002,2960300,
PEGA,32.400002,32.700001,32.259998,32.310001,153000,
PEI,18.360001,18.469999,14.2,18.290001,989800,
PEIX,3.71,4.04,3.71,3.94,326900,
PENN,51.94,52.469996,51.3,51.609997,3675900,
PEP,80.620003,81.57,80.620003,81.300003,4519100,
PER,14.83,14.91,14.53,14.71,158100,
PERI,11.81,11.88,11.31,11.36,249100,
PERY,20.799999,20.879999,20.33,20.379999,41500,
PES,6.87,6.94,6.46,6.53,365200,
PETM,67.92,68.19,66.8,67,1085800,
PETS,12.6,12.61,12.44,12.53,301000,
PF,24.35,24.469999,23.799999,23.959999,731300,
PFE,28.08,28.360001,27.85,28.1,85885500,
PFF,38.650002,39.130001,38.639999,38.939999,3403700,
PFG,36.950001,37.619999,36.900002,37.459999,1673900,
PFMT,11.86,11.91,11.59,11.91,196500,
PFPT,24,24.5,23.780001,24.32,263600,
PFS,15.69,15.73,15.42,15.47,118300,
PFSI,21.200001,21.200001,20.5,20.780001,122500,
PFSW,4,4,3.92,3.92,7300,
PG,77.230003,77.589996,77.019997,77.400002,7326500,
PGEM,20.91,20.93,19.059999,20.059999,620000,
PGF,17.58,17.809999,17.540001,17.719999,579300,
PGH,4.8,4.83,4.7,4.75,972000,
PGI,11.91,11.91,11.59,11.74,129500,
PGJ,20.309999,20.549999,20.309999,20.530001,23700,
PGNX,4.38,4.48,4.33,4.4,294400,
PGR,24.52,24.98,24.49,24.92,2728500,
PGTI,8.32,8.55,8.31,8.52,513500,
PGX,14.03,14.3,14.03,14.14,949800,
PH,95.120003,96.139999,94.769997,95.529999,1235100,
PHB,18.610001,18.74,18.57,18.66,201300,
PHG,27.25,27.389999,27.120001,27.27,1466800,
PHH,20.59,20.85,20.370001,20.700001,1512400,
PHM,19.219999,19.379999,18.84,19.030001,11838200,
PHMD,15.57,15.65,15.34,15.39,8600,
PHO,21.75,21.93,21.709999,21.73,76200,
PICO,21.02,21.1,20.52,20.73,77500,
PID,16.18,16.209999,16.129999,16.200001,150300,
PIE,17.52,17.83,17.52,17.75,803800,
PII,94.199997,94.209999,91.769997,93.5,865000,
PIKE,12.01,12.01,11.79,11.87,226600,
PIN,15.7,15.96,15.7,15.87,851200,
PIP,1.59,1.6,1.55,1.59,160700,
PIR,23.52,23.700001,23.25,23.25,1016500,
PJC,32.459999,32.459999,30.459999,30.5,252800,
PKD,5.12,5.12,5,5.04,621500,
PKE,24.290001,24.5,23.83,23.959999,53800,
PKG,48.48,49.07,48.049999,48.700001,680000,
PKI,33.060001,33.23,32.68,32.759998,1047700,
PKT,13.36,14.31,13.34,14.3,337500,
PKW,35.279999,35.279999,34.939999,35.139999,468000,
PKX,64,64,63.189999,63.84,278300,
PKY,16.4,16.450001,16.16,16.309999,548100,
PL,38.06,38.19,36.36,37.89,337000,
PLAB,8.04,8.05,7.87,7.94,328300,
PLCE,53.389999,54.029999,52.48,53.810001,308400,
PLCM,10.27,10.33,10.06,10.18,1952200,
PLD,37.32,37.549999,36.759998,37.130001,3895100,
PLL,65.650002,65.809998,65.129997,65.529999,351200,
PLOW,13.4,13.54,13.35,13.45,38300,
PLT,44.779999,44.810001,43.849998,44.049999,122700,
PLTM,11.03,11.03,10.81,10.86,8100,
PLUG,0.41,0.42,0.39,0.39,1170100,
PLX,4.95,5.06,4.89,5.02,301300,
PLXS,29.07,29.18,28.809999,28.9,99700,
PLXT,4.75,4.78,4.7,4.74,312400,
PM,87.120003,88.410004,86.940002,87.540001,6448100,
PMC,13.34,13.42,13.09,13.38,494000,
PMCS,6.11,6.15,5.99,6.12,1585000,
PMFG,6.35,6.39,6.31,6.38,47500,
PMT,20.07,20.73,20.07,20.65,1800900,
PMTC,24.21,24.25,23.89,23.93,370000,
PNC,73.43,74.190002,73.040001,73.18,2838900,
PNFP,25.35,25.43,25.17,25.200001,67200,
PNG,20.17,20.77,20.17,20.68,473900,
PNK,18.66,18.98,18.6,18.950001,370500,
PNM,21.950001,22.07,21.73,21.889999,603500,
PNNT,10.83,10.84,10.67,10.8,500900,
PNR,57.029999,57.32,56.52,57.220001,866300,
PNRA,180.850006,182.300003,179.220001,182,312100,
PNW,53.77,54.93,53.77,54.650002,1592000,
PNY,33.150002,33.400002,32.91,33.220001,286500,
PODD,31.34,31.639999,30.75,30.92,252200,
POL,24.969999,24.969999,24.639999,24.74,574500,
POM,20.07,20.27,19.99,20.190001,1256400,
POOL,52.189999,53.119999,51.669998,51.709999,209800,
POR,30.120001,30.389999,30.059999,30.23,833200,
POST,44.369999,44.560001,43.650002,43.709999,156700,
POT,38.900002,39.419998,38.720001,39.209999,6121900,
POWI,40.299999,40.299999,39.52,39.889999,153100,
POWR,14.96,15.31,14.33,14.66,174600,
POZN,4.94,4.96,4.9,4.93,104600,
PPC,13.03,13.43,12.94,13.26,684800,
PPG,148.690002,149.960007,146.899994,149,1524600,
PPH,45.470001,45.82,45.450001,45.709999,97000,
PPHM,1.58,1.61,1.55,1.56,2727600,
PPL,29.74,29.9,29.549999,29.709999,4809700,
PPO,39.259998,40.110001,38.919998,39.34,424000,
PPP,4.2,4.38,4.17,4.26,333100,
PPS,47.57,48.139999,47.220001,47.950001,421200,
PQ,4.21,4.21,4.12,4.15,97200,
PRA,50.52,50.799999,50.380001,50.619999,175600,
PRAA,155.630013,155.630013,153.53001,154.77,180300,
PRCP,7.58,7.75,7.58,7.7,147400,
PRE,87.559998,89.029999,87.43,88.720001,432800,
PRFT,13.2,13.25,12.87,12.87,87100,
PRGO,119.139999,120.120003,118.860001,119.599998,498100,
PRGS,21.84,22.200001,21.629999,22.049999,591600,
PRI,37.09,37.380001,36.57,36.82,227400,
PRIM,19.209999,19.440001,19.1,19.26,233500,
PRKR,4.15,4.5,4.08,4.36,106500,
PRLB,65.779999,66.209999,64.639999,65.290001,776500,
PRMW,1.77,1.82,1.72,1.74,37800,
PRSC,26.610001,27,26.030001,26.200001,154800,
PRSS,6.09,6.31,6.09,6.25,48000,
PRU,71.82,72.07,70.82,71.050003,3974100,
PRXL,47.959999,47.98,45.07,46.169998,1553400,
PSA,151.860001,152.5,150.910004,151.550003,789700,
PSB,67.470001,68.260002,66.980003,68.010002,353500,
PSDV,3.78,3.92,3.77,3.82,98700,
PSE,24.605,24.605,24.605,24.605,0,
PSEC,10.67,10.72,10.54,10.65,2979300,
PSEM,7.16,7.23,6.95,6.95,47900,
PSMI,10.77,10.77,10.37,10.71,175400,
PSMT,87.769997,89.919998,86.650002,88,85100,
PSO,17.790001,17.940001,17.719999,17.889999,439700,
PSQ,23.040001,23.129999,23,23.040001,473500,
PST,29.620001,29.940001,29.620001,29.75,167000,
PSTB,5.73,5.73,5.55,5.58,33900,
PSTI,3.1,3.16,3.03,3.08,409900,
PSUN,3.07,3.21,3.02,3.17,409400,
PSX,60.099998,60.959999,59.560001,59.720001,2706600,
PT,3.88,3.89,3.81,3.82,435300,
PTEN,20.18,20.33,19.610001,19.620001,1749900,
PTIE,2.28,2.34,2.28,2.3,148200,
PTM,15.09,15.09,14.61,14.65,35200,
PTP,55.63,56.44,55.4,56.03,104100,
PTR,102.949997,103.480003,101.760002,103.089996,81100,
PTRY,12.24,12.24,12.16,12.19,72800,
PUK,32.919998,32.950001,32.540001,32.639999,111200,
PVA,4.74,4.82,4.61,4.7,668800,
PVG,6.06,6.23,5.67,5.72,587500,
PVH,125.309998,125.900002,123.610001,124.150002,756300,
PVR,26.58,27.15,26.54,27.08,485000,
PVTB,20.790001,20.870001,20.35,20.66,822000,
PWE,10.53,10.65,10.41,10.53,2633200,
PWER,6.31,6.33,6.305,6.32,1285700,
PWR,26.440001,26.5,25.82,26.18,1182400,
PWRD,15.75,16.879999,15.44,16.200001,1106000,
PX,115.580002,116.050003,114.720001,115.940002,1478300,
PXD,148.380005,149.649994,146.949997,147.169998,1112800,
PZA,23.379999,23.950001,23.33,23.860001,897000,
PZE,3.78,3.79,3.6,3.6,110500,
PZG,1.12,1.15,1.05,1.05,1193800,
PZO,132.320007,132.470001,131.190002,131.619995,0,
PZZA,64.629997,65.230003,64.529999,64.93,127800,
Q,43.240002,43.290001,42.02,42.02,753300,
QCOM,62.560001,62.919998,61.169998,61.27,22000700,
QCOR,44.42,45.62,44.32,45.05,823400,
QDEL,25.799999,26.09,25.530001,25.68,157200,
QEP,28.49,28.66,27.950001,28.02,1505900,
QGEN,19.08,19.489999,19.05,19.29,1496300,
QID,23.99,24.15,23.870001,23.969999,879100,
QIHU,44.68,45.299999,44.139999,44.970001,1924500,
QLD,64.589996,64.889999,64.160004,64.559998,4510000,
QLGC,9.39,9.55,9.33,9.47,732200,
QLIK,27.690001,28.16,27.450001,27.99,1348500,
QLTI,8.13,8.18,8.07,8.14,98600,
QLTY,9.13,9.25,8.93,8.93,70500,
QLYS,16.25,16.25,15.08,15.4,124500,
QNST,8.15,8.23,8.07,8.1,123400,
QQEW,29.77,29.959999,29.76,29.85,61000,
QQQ,70.839996,71,70.589996,70.870003,23742300,
QRE,16.58,16.9,16.54,16.74,293500,
QSII,17.889999,18.540001,17.719999,18.120001,706800,
QTM,1.39,1.39,1.33,1.35,528000,
QTWW,0.58,0.58,0.53,0.54,61400,
QUAD,24.26,24.32,23.790001,24.15,124200,
QUIK,2.34,2.35,2.26,2.29,87200,
R,60.889999,61.220001,59.990002,60.740002,252300,
RAD,2.86,2.86,2.71,2.76,73122500,
RAI,48.369999,48.779999,48.09,48.549999,2990400,
RAIL,17.190001,17.33,16.969999,17.25,62200,
RAS,7.23,7.35,7.19,7.24,717500,
RATE,14.67,15.16,14.53,14.9,544200,
RAVN,29.360001,29.57,29.07,29.35,68300,
RAX,37.830002,38.290001,37.470001,37.959999,2270300,
RBA,19.469999,19.5,19.23,19.24,1174800,
RBC,63.950001,64.32,62.880001,63.810001,606000,
RBCAA,22.57,22.57,22.15,22.280001,8700,
RBCN,8.17,8.17,7.81,7.85,421000,
RBS,8.71,8.71,8.62,8.65,817500,
RBY,1.22,1.26,1.19,1.21,1417800,
RCI,42.889999,42.889999,39.380001,39.799999,5839300,
RCII,36.970001,37.43,36.709999,37.259998,339000,
RCL,33.009998,33.509998,33.009998,33.23,1528700,
RDA,11.5,11.72,11.49,11.65,230400,
RDC,34.080002,34.389999,33.77,34.110001,1223800,
RDEN,44.77,46.099998,44.630001,45.619999,116600,
RDI,6.08,6.17,6.03,6.11,18300,
RDN,11.51,11.61,11.33,11.38,5216200,
RDNT,2.55,2.57,2.5,2.53,11265,
RDS.A,63.62,63.77,63.22,63.7,2457000,
RDS.B,66.04,66.19,65.55,66.08,1088100,
RDWR,14.03,14.14,13.92,14,202600,
RDY,35.07,35.639999,35.029999,35.099998,290600,
RE,125.529999,126.620003,124.440002,126.029999,216300,
RECN,11.06,11.42,10.93,11.11,97100,
REDF,2.38,2.46,2.35,2.42,20000,
REE,1.73,1.8,1.71,1.78,149300,
REED,4.89,4.98,4.85,4.86,13500,
REFR,4.04,4.08,3.96,3.98,40700,
REG,48.82,49.389999,48.799999,49.310001,707500,
REGI,13.29,14,13.29,13.98,721000,
REGN,222.759995,229.970001,221.240005,228.740005,849000,
RELL,11.76,11.9,11.61,11.81,42700,
REM,12.53,12.6,12.38,12.46,2103400,
REMX,9.54,9.74,9.46,9.49,13600,
REN,7.77,7.83,7.62,7.8,79000,
RENN,2.84,2.88,2.78,2.82,1199000,
RENT,20.620001,20.620001,20.24,20.280001,26900,
RES,14.21,14.25,14.05,14.1,539300,
REV,22.75,22.75,22.02,22.25,65700,
REW,32.57,32.630001,32.419998,32.470001,1200,
REXI,8.07,8.16,7.97,8.02,4000,
REXX,18.32,18.33,17.67,17.74,403700,
RF,9.41,9.54,9.37,9.53,22702400,
RFMD,5.29,5.33,5.12,5.19,3341300,
RFP,13.19,13.3,12.69,12.88,376900,
RGA,66.779999,67.550003,66.459999,67.370003,369300,
RGC,17.629999,17.84,17.6,17.780001,845900,
RGEN,7.69,7.83,7.58,7.76,189700,
RGLD,40.830002,41.119999,38.630001,39.099998,1980200,
RGP,26.120001,26.540001,26.120001,26.5,633300,
RGR,49.5,49.77,47.720001,47.82,296400,
RGS,16.33,16.370001,16.09,16.190001,571900,
RH,73.980003,74.25,72.510002,74.029999,312100,
RHI,32.98,33.169998,32.439999,32.75,611300,
RHP,35,35.68,34.990002,35.599998,904500,
RHT,46.32,46.950001,46.200001,46.790001,1938000,
RIC,1.39,1.45,1.32,1.35,194700,
RICK,8.55,8.68,8.46,8.52,45200,
RIG,47.709999,48.119999,47.389999,48.02,2680000,
RIGL,3.55,3.56,3.38,3.38,1028100,
RIMG,8.18,8.3,7.75,8.3,2100,
RIO,40.810001,41.119999,40.610001,41.099998,4194500,
RIOM,1.75,1.78,1.69,1.69,301300,
RJA,8.47,8.5,8.43,8.44,180300,
RJET,11.38,11.49,10.99,11,421400,
RJF,42.970001,42.970001,42.389999,42.529999,454300,
RJI,8,8.02,7.95,7.97,399400,
RJN,6.43,6.45,6.35,6.44,39900,
RKT,99.940002,101.989998,98.699997,101.650002,1181200,
RKUS,11.86,12.02,11.56,11.74,877600,
RL,172.699997,174.610001,170.050003,170.369995,677900,
RLD,13.95,14.08,13.86,13.91,242500,
RLGY,48.439999,49.450001,47.66,48.549999,1109000,
RLH,6.16,6.19,6.1,6.14,51100,
RLI,75.360001,75.360001,74.290001,74.410004,86600,
RLJ,21.959999,22.34,21.809999,22.290001,1009800,
RLOC,12.76,12.83,12.31,12.39,69400,
RMBS,8.56,8.63,8.39,8.4,615500,
RMD,47.169998,47.439999,47.009998,47.119999,731600,
RMTI,3.45,3.69,3.45,3.62,534300,
RNDY,8.2,8.48,8.17,8.29,656100,
RNF,29.129999,29.16,28.66,28.85,93400,
RNO,13,13,12.9,12.99,14400,
RNR,84.769997,85.120003,84.470001,84.910004,368300,
RNST,24.059999,24.379999,23.790001,23.99,89100,
ROC,63.54,64.3,62.75,63.88,599145,
ROCK,14.82,14.86,14.46,14.59,100800,
ROCM,14.25,14.42,14.08,14.22,40300,
ROG,46.490002,46.549999,45.810001,46.060001,57800,
ROIC,13.27,13.39,12.93,13.31,539700,
ROK,84.120003,84.449997,83.440002,83.480003,824600,
ROL,25.249995,25.489995,25.23,25.249995,383700,
ROLL,52.16,52.16,51.150002,51.209999,47300,
ROM,76.260002,76.440002,75.5,75.919998,41800,
ROP,121.110001,121.620003,120.239998,120.389999,388900,
ROSE,43.369999,43.400002,42.099998,42.41,1058400,
ROSG,3.58,3.58,3.35,3.4,155700,
ROST,64.18,64.720001,63.709999,63.720001,2247000,
ROVI,23.09,23.18,22.860001,22.879999,954100,
ROYL,2.54,2.54,2.42,2.44,173800,
ROYT,18.17,18.25,18,18.030001,93100,
RP,18.049999,18.17,17.99,18.110001,306500,
RPAI,14.14,14.35,13.95,14.15,1141800,
RPM,32.119999,32.220001,31.690001,31.83,348900,
RPRX,16.709999,17.59,16.709999,17.23,405700,
RPTP,8.12,10.47,8.12,10.23,3895700,
RPXC,16.629999,16.629999,16.129999,16.299999,402800,
RRC,80.290001,80.470001,78.800003,79.330002,976900,
RRD,13.9,14.22,13.78,14.07,2037800,
RRGB,54.41,54.580002,53.869999,54.080002,160800,
RRMS,36.529999,37,36.529999,37,9600,
RRTS,27.200001,27.51,26.950001,27.51,105600,
RS,64.279999,64.730003,63.689999,64.370003,337000,
RSE,18.790001,19.07,18.43,19.01,96800,
RSG,33.75,34.060001,33.650002,34.029999,1860700,
RSH,31.025,31.025,31.025,31.025,0,
RSO,6.01,6.1,6.01,6.06,243300,
RSOL,2.61,2.92,2.5,2.6,11169500,
RSP,61.049999,61.150002,60.669998,60.98,618600,
RST,14.75,14.87,14.65,14.85,120400,
RSTI,25.809999,25.809999,24.33,24.67,139700,
RSX,24.85,25.07,24.709999,24.93,3798200,
RSYS,4.97,4.97,4.82,4.89,38200,
RT,9.08,9.3,9.04,9.14,282700,
RTEC,11.81,11.81,11.42,11.42,265800,
RTH,51.630001,51.990002,51.560001,51.93,50200,
RTI,27.57,27.77,27.120001,27.59,191300,
RTIX,4.1,4.17,4.03,4.06,157800,
RTK,2.04,2.1,2.03,2.07,198400,
RTN,65.809998,66.32,65.220001,65.93,2034200,
RUE,41.75,41.75,41.55,41.61,197200,
RUSHA,24.719999,25.02,24.209999,24.24,81700,
RUSL,19.660392,19.860397,19.180383,19.620393,1600,
RUSS,21.66,22.110001,21.280001,21.610001,11900,
RUT,961.359985,968.679993,961.359985,963.830017,35583400,
RUTH,11.84,12.02,11.67,11.83,143300,
RVBD,15.39,15.43,15.1,15.3,1826800,
RVLT,3.58,3.79,3.42,3.71,85900,
RVM,0.67,0.68,0.65,0.65,207400,
RWM,20.74,20.93,20.719999,20.84,262600,
RWO,40.970001,41.310001,40.970001,41.150002,176900,
RWR,74.589996,75.080002,74.400002,74.779999,213400,
RWT,16.65,16.799999,16.43,16.440001,1495200,
RWX,38.849998,38.919998,38.619999,38.75,559700,
RXN,17.08,17.16,16.790001,17.09,331100,
RY,57.720001,58.57,57.610001,58.200001,893300,
RYAAY,50.150002,50.650002,49.910001,50.450003,476600,
RYL,39.16,39.279999,38.23,38.91,1429000,
RYN,53.829997,54.150006,53.489996,53.759993,798200,
S,6.89,6.99,6.87,6.97,120912000,
SA,9,9.13,8.39,8.43,732400,
SAA,70.339996,70.849998,70.25,70.849998,9200,
SAAS,8.14,8.14,7.65,7.92,396100,
SABA,9.25,9.48,9.1,9.4,19300,
SAFM,65.989998,66.389999,65.519997,65.559998,195900,
SAFT,48.970001,49.360001,48.759998,48.810001,18000,
SAH,20.59,21.040001,20.5,20.950001,256200,
SAI,0.025,0.025,0.025,0.025,0,
SAIA,29.809999,29.92,29.469999,29.67,161700,
SAM,173.110001,174.589996,171.850006,171.929993,27000,
SAN,6.65,6.66,6.61,6.64,8240100,
SAND,5.38,5.51,5.17,5.17,1201800,
SANM,14.04,14.15,13.94,14.08,552300,
SAP,74.43,75.110001,74.379997,74.68,1591400,
SAPE,12.93,13.07,12.82,13,706700,
SATS,38.799999,38.880001,38.369999,38.509998,180400,
SAVE,30.76,31,29.200001,30.790001,1619500,
SB,5.18,5.29,5.11,5.18,126300,
SBAC,71.769997,72.75,71.440002,71.82,2341700,
SBGI,28.870001,30.389999,28.790001,29.940001,1648300,
SBGL,2.85,2.85,2.62,2.65,401800,
SBH,30.65,31,30.65,30.92,763500,
SBNY,83.199997,83.279999,81.010002,82.18,382100,
SBS,10,10.27,9.76,9.78,1903600,
SBSI,24.460001,24.499996,24.019999,24.029994,52500,
SBUX,65.370003,66.709999,64.889999,65.800003,9545800,
SBY,16.719999,16.83,16.25,16.290001,721100,
SCCO,27.389999,27.4,26.91,27.08,1568700,
SCG,48.849998,49.209999,48.560001,48.849998,629800,
SCHA,43.669998,43.720001,43.290001,43.470001,157200,
SCHB,38.709999,38.830002,38.549999,38.740002,1093700,
SCHD,32.650002,32.810001,32.549999,32.759998,274400,
SCHE,22.6,22.940001,22.58,22.889999,243000,
SCHF,27.190001,27.190001,26.99,27.09,183100,
SCHG,37.98,38.130001,37.900002,38.07,172100,
SCHH,31.360001,31.639999,31.360001,31.540001,127600,
SCHL,28.969999,29.09,28.66,28.860001,87500,
SCHM,31.52,31.700001,31.42,31.610001,153300,
SCHN,24.440001,24.639999,23.719999,24.440001,404500,
SCHV,36.099998,36.259998,35.959999,36.18,101800,
SCHW,21.25,21.280001,20.790001,20.959999,11564700,
SCHX,38.139999,38.209999,37.939999,38.139999,275000,
SCI,17.51,17.629999,17.379999,17.379999,847900,
SCIF,6.88,6.9,6.83,6.9,75200,
SCLN,4.92,4.92,4.73,4.75,228900,
SCMP,6.57,6.68,6.33,6.52,158500,
SCO,37.189999,38.540001,37.029999,37.240002,1328200,
SCOK,1.43,1.47,1.41,1.41,8850,
SCOR,23.98,23.98,23.18,23.4,127000,
SCR,17.02,17.02,17.02,17.02,0,
SCS,14.54,14.58,14.36,14.41,545800,
SCSC,32.470001,32.57,31.969999,32.27,87300,
SCSS,23.809999,24.67,23.719999,24.51,1093100,
SCTY,36.849998,37.700001,35.779999,37.389999,3432500,
SCVL,24.1,24.25,23.4,23.5,53400,
SCZ,42.189999,42.220001,41.950001,42.07,425500,
SD,4.92,4.93,4.82,4.82,4902900,
SDIV,21.290001,21.35,21.190001,21.299999,616400,
SDLP,28.15,29.370001,28.15,28.49,49400,
SDOW,43.669998,43.959999,42.98,43.209999,400000,
SDR,12.62,12.8,12.31,12.43,208900,
SDRL,39.639999,39.900002,39.310001,39.810001,2308100,
SDS,41.110001,41.450001,40.790001,40.990002,12880100,
SDT,13.5,13.83,13.5,13.67,94700,
SDY,66.18,66.510002,65.900002,66.300003,1311100,
SE,34.279999,34.540001,34.119999,34.32,3599900,
SEA,16.959999,17.040001,16.92,16.950001,19500,
SEAC,11.54,11.54,11.31,11.33,119400,
SEAS,36.490002,36.560001,34.880001,35.549999,837100,
SEE,23.469999,23.67,23.209999,23.58,1914700,
SEED,1.43,1.48,1.41,1.41,12200,
SEF,23.67,23.93,22.959999,23.82,40200,
SEIC,28.24,28.469999,27.92,28.27,1198100,
SEM,8.13,8.23,8.1,8.16,566300,
SEMG,52.349998,52.630001,51.939999,52.27,312500,
SEP,43.5,45.41,43.43,45.07,381500,
SF,35.139999,35.139999,34.34,34.459999,235200,
SFC,94.080002,94.43,93.849998,94.290001,0,
SFD,32.89,32.91,32.73,32.73,5795167,
SFE,15.71,15.74,15.39,15.41,41200,
SFG,48.380001,48.59,48.25,48.299999,193600,
SFI,20000,20500,19400,19400,6900,
SFL,14.49,14.71,14.42,14.6,731500,
SFLY,55.43,56.330002,55.049999,56.029999,600900,
SFUN,24.05,24.54,23.559999,24.330001,654500,
SFY,12.23,12.23,11.77,11.91,895900,
SGEN,30.09,31.139999,30.030001,30.860001,1088300,
SGG,60.240002,60.669998,60.099998,60.619999,4900,
SGI,13.66,13.74,13.29,13.45,385600,
SGMO,7.43,7.48,7.28,7.31,437100,
SGMS,10.95,11.12,10.78,11.1,450600,
SGOL,122.129997,122.18,120.400002,120.550003,105600,
SGU,4.85,4.92,4.84,4.92,61200,
SGY,21.67,21.94,21.089999,21.859999,12400,
SGYP,4.590003,4.640004,4.45,4.619997,538300,
SH,29.690001,29.809999,29.57,29.639999,3053000,
SHEN,17.190001,17.190001,16.57,16.59,84000,
SHFL,17.49,17.67,17.19,17.37,588300,
SHLD,43.589882,43.94988,42.769884,43.549883,739500,
SHLM,26.18,26.18,25.74,25.9,97400,
SHO,11.61,11.79,11.52,11.62,1264500,
SHOO,47.260005,47.419996,46.879995,46.930006,235200,
SHOR,4.05,4.08,3.91,3.92,192100,
SHOS,40.700001,41.259998,38.720001,40.34,228300,
SHPG,94.120003,95.480003,94,95.169998,405400,
SHW,176.740005,178.759995,176.279999,178.110001,405200,
SHY,84.239998,84.25,84.199997,84.239998,1452800,
SI,0.11,0.11,0.11,0.11,40000,
SIAL,80.940002,81.370003,80.43,80.980003,584300,
SID,2.95,2.96,2.84,2.9,4612900,
SIFY,1.76,1.83,1.73,1.8,34300,
SIG,66.949997,67.669998,66.529999,66.959999,529200,
SIGA,2.8,2.95,2.77,2.83,292200,
SIGM,4.86,5.01,4.72,4.98,330800,
SIL,10.929989,10.929989,10.539989,10.589989,134200,
SIM,11.48,11.71,11.45,11.49,23200,
SIMG,5.45,5.7,5.45,5.68,1168600,
SIMO,10.76,10.78,10.62,10.66,66500,
SINA,54.700001,56.43,54.5,56.209999,1981600,
SIR,29.940001,30.139999,29.58,29.75,146100,
SIRI,3.22,3.34,3.21,3.33,59228200,
SIRO,65.559998,65.900002,64.669998,65.120003,654900,
SIVB,82.309998,82.580002,81.18,81.690002,485500,
SIVR,18.690001,18.73,18.299999,18.33,313100,
SIX,71.980003,72.269997,71.010002,71.699997,1724000,
SJB,31.969999,31.969999,31.559999,31.57,247100,
SJI,55.93,56.299999,55.560001,56.009998,214600,
SJM,101.5,102.629997,101.300003,101.639999,726400,
SJR,21.93,22.299999,21.91,22.02,687100,
SJT,15.41,15.92,15.4,15.76,126800,
SKF,23.5,23.68,23.120001,23.4,183500,
SKH,7.11,7.13,6.81,6.81,122100,
SKM,19.4,19.57,19.32,19.5,1063800,
SKS,13.71,13.86,13.63,13.81,1559500,
SKT,32.889999,33.060001,32.610001,32.849998,871200,
SKUL,5.34,5.43,5.2,5.25,221900,
SKX,23.01,23.440001,22.74,23.379999,2126100,
SKYW,13.84,13.85,13.55,13.56,288300,
SKYY,20.809999,20.93,20.809999,20.889999,17100,
SLAB,41.389999,41.389999,40.599998,40.66,224200,
SLB,72.620003,72.730003,71.610001,71.809998,5199700,
SLCA,20.01,20.58,19.879999,20.309999,1196300,
SLF,29.09,29.440001,28.969999,29.18,369300,
SLG,86.639999,87.669998,86.599998,86.639999,924400,
SLGN,47.18,47.18,46.48,46.509998,215000,
SLH,52.450001,52.82,52.119999,52.669998,357000,
SLM,22.970015,23.109998,22.700006,22.970015,7251000,
SLRC,22.76,23,22.629999,22.83,303700,
SLT,34.345,34.345,34.345,34.345,0,
SLV,18.25,18.299999,17.860001,17.889999,22854200,
SLW,18.48,18.790001,17.75,17.780001,9806400,
SLX,37.470001,38.09,37.279999,37.619999,171800,
SLXP,64.89,65.69,64.18,64.6,397800,
SM,61.080002,61.259998,59.759998,60.200001,471900,
SMA,1.4,1.47,1.39,1.43,700,
SMFG,8.91,8.92,8.79,8.91,1867300,
SMG,47.619999,47.889999,47.209999,47.75,171200,
SMH,37.43,37.52,37.080002,37.299999,1291100,
SMLP,33.470001,35.400002,33.380001,34.220001,136300,
SMN,52.73,53.700001,52.470001,52.689999,44200,
SMP,34,34.27,33.810001,34.080002,137100,
SMRT,13.51,13.61,13.31,13.35,192600,
SMS,0.5,0.5,0.5,0.5,0,
SMSI,1.15,1.18,1.12,1.14,19100,
SMT,1.34,1.41,1.34,1.37,21700,
SMTC,35,35.040001,34.189999,34.5,679100,
SN,23.379999,23.4,22.48,22.59,541700,
SNA,88.650002,89.43,88.470001,88.900002,184200,
SNAK,8.13,8.2,8.05,8.07,46600,
SNCR,30.299999,30.299999,29.4,29.42,185000,
SNDK,58.790001,59.82,58.73,59.349998,3516200,
SNE,20.709999,20.9,20.68,20.84,2439000,
SNH,25.440001,25.85,25.41,25.780001,2061600,
SNHY,31.610001,31.610001,30.51,30.790001,35000,
SNI,65.720001,65.940002,64.879997,65.410004,648900,
SNP,88.559997,89.579996,87.129999,89.520001,153400,
SNPS,35.41,35.619999,35.09,35.349998,517600,
SNSS,5.17001,5.240011,5.08001,5.17001,22600,
SNTA,4.51,4.72,4.46,4.69,2280600,
SNTS,19000,19000,19000,19000,94700,
SNV,2.870057,2.880057,2.820056,2.830056,971400,
SNX,41.860001,42.169998,40.959999,41.59,589700,
SNY,51.330002,51.799999,51.119999,51.799999,1206100,
SO,43.799999,44.169998,43.68,44.029999,3435000,
SODA,70.449997,72.150002,70.080002,71.300003,815500,
SOHU,60,60.779999,59.310001,59.939999,691600,
SOL,2.05,2.16,2.04,2.11,1193700,
SON,34.240002,34.450001,34.049999,34.169998,302900,
SONC,14.4,14.74,14.32,14.67,1997000,
SONS,3.12,3.17,3.04,3.04,269200,
SORL,2.71,2.71,2.66,2.7,2400,
SOX,466.81,467.2,462.2,464.93,0,
SOXL,46.43,46.57,44.900002,45.700001,764400,
SOXS,15.67,16.35,15.63,16.040001,23700,
SOXX,63.59,63.68,62.709999,63.080002,83500,
SOYB,23.799999,24.120001,23.799999,24.120001,800,
SPAR,5.84,6.05,5.8,6,194200,
SPB,56.790001,57.389999,56.73,57,146200,
SPF,8.19,8.3,8.03,8.18,5105500,
SPG,158.25,159.939987,157.50999,158.269983,1701700,
SPH,44.23,45.669998,44.200001,45.400002,254400,
SPIL,6.03,6.16,6.03,6.16,574400,
SPLK,44.549999,46.110001,44,45.990002,2003200,
SPLS,15.75,16.02,15.58,15.68,7789600,
SPLV,30.780001,31.049999,30.76,30.98,1768100,
SPN,26.719999,26.790001,26.190001,26.440001,1295500,
SPNC,18.59,18.92,18.360001,18.65,209100,
SPP,1.99,1.99,1.92,1.92,1300,
SPPI,7.49,7.53,7.31,7.4,747600,
SPR,21.129999,21.43,21.040001,21.299999,986400,
SPRD,26.39,26.59,26.08,26.25,1269200,
SPRT,4.71,4.72,4.57,4.66,96400,
SPSC,52.009998,53.040001,51.889999,52.720001,203400,
SPTN,18.280001,18.49,18.24,18.389999,29000,
SPU,2,2,1.95,1.98,3200,
SPW,72.75,72.919998,71.989998,72.010002,210300,
SPWR,19.139999,20.309999,19.030001,20.290001,4442500,
SPX,1592.27002,1606.829956,1592.27002,1603.26001,3558340000,
SPXL,41.189999,41.66,40.720001,41.349998,2996600,
SPXS,11,11.12,10.87,10.94,974700,
SPXU,24.75,25.059999,24.469999,24.639999,2589200,
SPY,159.869995,160.5,159.25,160.139999,134848000,
SQI,23.110001,23.120001,22.799999,22.860001,40900,
SQM,39.199999,39.599995,38.889999,39.469998,435200,
SQNM,4.32,4.42,4.21,4.32,3145600,
SQQQ,29.26,29.549999,29.040001,29.23,673500,
SRC,17.689992,17.909997,17.430006,17.560008,2563000,
SRCL,109.220001,110.050003,108.690002,109.889999,229100,
SRDX,19.959999,20.16,19.24,19.74,93700,
SRE,80.879997,82.620003,80.879997,82.370003,1569100,
SREV,9.2,9.27,9.11,9.21,752400,
SRI,11.03,11.14,10.78,11.01,282600,
SRPT,39.950001,40.48,39.110001,39.73,1498900,
SRS,22.02,22.08,21.629999,21.82,79300,
SRT,4.7,4.79,4.7,4.75,12800,
SRTY,20.35,20.92,20.299999,20.67,223900,
SSD,28.379999,28.73,28.1,28.209999,111200,
SSG,28.229999,28.34,27.65,28.24,5400,
SSH,5.52,5.61,5.41,5.41,27700,
SSI,23.690001,23.690001,23.200001,23.530001,609000,
SSL,41.110001,41.200001,40.580002,40.880001,259400,
SSN,0.43,0.44,0.43,0.43,14600,
SSNC,33.150002,33.389999,32.549999,32.950001,583400,
SSO,76.290001,76.879997,75.699997,76.510002,10734000,
SSP,15.500003,15.89,15.470002,15.709997,458500,
SSRI,5.63,5.83,5.61,5.65,1370300,
SSS,63.869999,64.410004,63.549999,64.160004,228500,
SSW,21.41,21.799999,21.41,21.51,58700,
SSYS,81.339996,83,80.199997,82.519997,591600,
ST,35.16,35.349998,34.880001,35.259998,902800,
STAA,10.09,10.24,10.09,10.22,105700,
STAG,19.639999,20.030001,19.549999,19.969999,645300,
STB,6.08,6.11,6.02,6.1,120700,
STBA,19.950001,19.98,19.450001,19.450001,51600,
STBZ,15.47,15.5,15.03,15.04,154100,
STC,25.110001,25.85,25.08,25.23,180700,
STE,43.009998,43.419998,42.73,42.740002,348400,
STEC,6.77,6.805,6.76,6.78,3896800,
STEI,13.13,13.13,13.08,13.08,774300,
STEL,19.35,19.45,19.13,19.35,281200,
STFC,18.16,18.16,17.559999,17.58,8200,
STI,31.57,31.76,31.25,31.360001,5013800,
STJ,45.200001,45.630001,44.669998,44.669998,3349200,
STKL,7.85,7.85,7.52,7.64,498700,
STLD,14.51,14.68,14.3,14.57,2762200,
STM,9.03,9.07,8.96,9.05,826200,
STMP,38.389999,39.369999,38.119999,39.02,88000,
STNG,8.69,8.85,8.66,8.84,829100,
STO,20.639999,20.67,20.41,20.530001,867400,
STON,25.459999,25.52,24.809999,24.82,76000,
STP,0.38,0.385,0.37,0.38,1376100,
STR,23.52,23.93,23.469999,23.58,2071000,
STRA,49.369999,49.369999,47.580002,47.75,190000,
STRI,2.249978,2.279977,2.179978,2.189978,58500,
STRL,9.21,9.27,8.91,8.91,31000,
STRM,5.98,6.12,5.89,6.05,26600,
STRZA,21.870001,21.98,21.559999,21.59,847400,
STSA,23.02,23.21,22.372,22.995,265200,
STSI,1.27,1.27,1.2,1.2,1042000,
STT,65.330002,65.720001,64.709999,64.989998,2734800,
STV,1.47,1.49,1.45,1.48,53800,
STWD,23.739997,24.060006,23.489997,23.540002,2539900,
STX,42.779999,43.07,42.279999,42.700001,2784600,
STZ,50.849998,51.799999,50.75,51.389999,1407200,
SU,29.049999,29.110001,28.700001,29.09,6155700,
SUI,47.360001,48.060001,47.220001,47.639999,135600,
SUNE,8.25,8.33,8.04,8.15,3044600,
SUP,17.790001,17.790001,17.17,17.280001,83400,
SUPN,6.41,6.41,6.19,6.27,188700,
SUPX,24.7,24.7,23.51,23.57,40300,
SURG,3.7,3.72,3.68,3.72,326400,
SUSP,28.79,29.02,27.75,28.99,24900,
SUSQ,12.5,12.68,12.38,12.54,1462100,
SUSS,46.82,47.46,45.77,47.43,277000,
SUTR,1.53,1.63,1.53,1.55,48800,
SVA,3.86,3.93,3.75,3.91,114800,
SVM,2.39,2.46,2.37,2.4,1229200,
SVN,16.05,16.05,16.05,16.05,0,
SVNT,0.67,0.68,0.63,0.64,481200,
SVO,372.6068,379.2827,372.6068,378.4846,0,
SVU,6.08,6.3,6.05,6.26,4510100,
SVXY,75.239998,75.269997,73.610001,75.050003,1463000,
SWC,10.4,10.4,10,10.02,1596000,
SWFT,15.9,16.09,15.62,15.7,896400,
SWHC,9.99,10,9.5,9.78,4644300,
SWI,38.509998,38.93,38.349998,38.349998,672900,
SWIR,12.45,12.75,12.17,12.41,73000,
SWK,77.110001,77.400002,76.620003,76.830002,672400,
SWKS,21.709999,22.059999,21.549999,21.76,3240900,
SWM,49.349998,49.939999,49.27,49.5,131200,
SWN,36.779999,37.150002,36.34,36.970001,2158100,
SWSH,0.79,0.84,0.79,0.81,50400,
SWX,46.560001,46.759998,46.23,46.299999,100100,
SWY,20.85,21.28,20.82,21.09,4458000,
SXC,14.16,14.26,14.04,14.19,1286700,
SXCP,21.85,22.559999,21.85,22.43,140100,
SXE,22.549999,23.67,22.549999,23.09,65700,
SXI,52.889999,53.639999,52.459999,52.959999,102700,
SXL,62.32,63.169998,61.990002,62.900002,415200,
SXT,40.610001,40.610001,40.049999,40.110001,150000,
SYA,15.68,15.71,15.29,15.68,903500,
SYK,65.309998,65.68,64.669998,64.690002,1248300,
SYKE,16.02,16.059999,15.75,15.92,168800,
SYMC,22.33,22.559999,22.280001,22.52,7549300,
SYNA,40.560001,40.689999,38.41,38.990002,3784600,
SYNC,3.02,3.13,3,3.03,149200,
SYNT,63.560001,63.66,62.5,63.080002,165200,
SYRG,7.45,7.72,7.38,7.6,635300,
SYT,78.669998,78.75,77.800003,78.169998,233000,
SYX,9.47,9.47,9.43,9.43,6700,
SYY,34.029999,34.290001,34.009998,34.099998,2201500,
SZYM,10.71,11.35,10.3,10.98,1413700,
T,35.419998,35.490002,35.09,35.330002,21911600,
TA,10.42,10.54,10.37,10.53,127700,
TAHO,12.43,12.54,12.04,12.05,111400,
TAL,9.99,10.28,9.97,10.23,97600,
TAM,19.8,20.61,19.8,20.19,212200,
TAN,22.9,23.34,22.9,23.190001,132100,
TAO,19.99,20.059999,19.879999,20.01,43000,
TAOM,4.92,4.93,4.81,4.81,3900,
TAP,48.529999,48.709999,48.09,48.470001,1067500,
TASR,8.74,8.74,8.57,8.59,318100,
TAST,6.42,6.42,6.26,6.35,118100,
TAT,0.7,0.71,0.68,0.7,36700,
TAXI,13.96,13.98,13.77,13.83,40000,
TAYC,17.23,17.23,16.8,16.99,66800,
TBBK,14.51,14.67,14.32,14.52,115800,
TBF,31.799999,32.099998,31.799999,31.950001,2287700,
TBI,21.469999,21.469999,21.059999,21.16,259400,
TBT,74.360001,75.699997,74.339996,74.949997,6899100,
TC,2.87,2.9,2.72,2.77,1379800,
TCAP,27.49,27.57,27.049999,27.16,153900,
TCB,14.17,14.22,13.9,14.01,1433600,
TCBI,43.650002,43.900002,43.310001,43.700001,252200,
TCK,21.379999,21.57,20.66,20.75,3310600,
TCO,74.599998,75.239998,74.239998,74.529999,430900,
TCP,46.700001,47.5,46.669998,47.400002,213400,
TCPC,16.129999,16.280001,16.030001,16.23,285000,
TCRD,14.89,15.05,14.85,15.01,795100,
TD,79.32,80.080002,79.139999,79.68,1613600,
TDC,49.459999,52.139999,49.459999,50.400002,3177000,
TDG,157.809998,158.309998,155.919998,156.789993,665400,
TDIV,21.84,21.84,21.530001,21.620001,96700,
TDS,22.549999,22.610001,22.34,22.459999,486600,
TDW,56.360001,56.799999,56.150002,56.400002,332900,
TDY,74.860001,75.809998,74.580002,75.120003,82100,
TE,17.030001,17.16,16.790001,16.99,2122000,
TEAR,10.16,10.420001,10.13,10.149999,57900,
TECD,46.900002,47.200001,46.439999,46.490002,166800,
TECH,70,70,69,69.07,104200,
TECL,57.75,57.75,56.619999,57.02,786400,
TECS,35.580002,36.369999,35.580002,36.110001,9700,
TECUA,10.56,10.65,10.41,10.55,89200,
TEF,12.89,12.92,12.82,12.89,1813500,
TEG,57.73,58.490002,57.66,58.209999,315900,
TEL,45.709999,45.75,45.330002,45.419998,1532900,
TEN,43.759998,44.59,43.540001,44.349998,432300,
TEO,14.43,14.72,14.23,14.66,181000,
TEP,21,21.540001,20.809999,21.07,135200,
TER,17.209999,17.299999,16.98,17.24,1949900,
TESO,12.51,12.83,12.45,12.82,3958900,
TEU,3.85,4.04,3.85,3.91,103600,
TEVA,38.580002,38.790001,38.419998,38.599998,2796200,
TEX,26.74,26.860001,26.190001,26.370001,1731000,
TFM,50.66,51.98,50.66,50.98,418700,
TFSL,10.94,11.17,10.93,11.17,160900,
TFX,76.330002,76.949997,76.07,76.660004,229800,
TG,25.42,25.42,24.700001,24.75,57100,
TGA,5.7,5.92,5.7,5.9,101200,
TGB,1.83,1.83,1.8,1.81,406300,
TGH,37.869999,37.869999,37.240002,37.540001,144700,
TGI,77.400002,78.190002,77.260002,77.529999,409900,
TGP,42.529999,43.720001,41.900002,43.66,129500,
TGT,69.5,69.519997,68.830002,69.120003,3708300,
THC,45.200001,45.939999,44.610001,45.380001,1689200,
THG,47.959999,48.09,47.669998,47.759998,214200,
THI,53.96,54.78,53.89,54.55,654100,
THLD,5.01,5.2,5.01,5.06,323400,
THM,0.46,0.5,0.43,0.49,565900,
THO,47.860001,48.68,47.860001,48.360001,530000,
THOR,30.85,31.24,30.790001,30.879999,992900,
THRM,18.110001,18.26,17.93,18.190001,371500,
THRX,37.569998,39.110005,37.230002,38.000005,1570700,
THS,65.900002,66.309998,64.919998,64.970001,131200,
TI,7.06,7.07,6.97,7,1014700,
TIBX,20.13,20.94,20.13,20.59,3292500,
TICC,9.46,9.5,9.41,9.41,308500,
TIF,73.010002,73.5,71.980003,72.480003,1068600,
TILE,17.190001,17.190001,16.66,16.690001,217200,
TINY,3.14,3.16,3.1,3.1,154100,
TIP,110.809998,111,110.470001,110.709999,1148400,
TISI,38.700001,38.990002,38.380001,38.43,77500,
TITN,19.379999,19.51,19.219999,19.4,561700,
TIVO,23.09,23.18,22.860001,22.879999,954100,
TJX,49.669998,49.900002,49.369999,49.529999,2386800,
TK,39.580002,39.900002,39.380001,39.709999,540000,
TKC,13.94,14.32,13.94,14.22,611100,
TKR,55.749994,55.909991,55.230004,55.419993,788700,
TLAB,2.05,2.05,2.01,2.02,2676100,
TLH,126.040001,126.080002,125.290001,125.769997,48900,
TLK,40.77,41.150002,40.700001,40.790001,192100,
TLLP,58.599998,60.919998,58.599998,60.700001,203900,
TLM,11.65,11.78,11.47,11.48,4748500,
TLP,41.080002,41.84,41,41.369999,29400,
TLT,109,109.050003,108.040001,108.580002,13582200,
TLYS,15.37,15.58,15.2,15.54,19700,
TM,117.830002,118.099998,116.919998,118.059998,544900,
TMF,52.110001,52.209999,50.849998,51.509998,827600,
TMH,40.299999,40.57,39.650002,40.110001,913100,
TMHC,24.84,25.549999,23.9,24.26,414400,
TMK,65.019991,65.300011,64.570004,65.040001,320100,
TMO,83.769997,84.209999,83.010002,83.400002,1960300,
TMUS,23.1,23.82,23.1,23.639999,5379100,
TMV,67.239998,69.080002,67.209999,68.169998,542000,
TNA,46.299999,46.439999,45.080002,45.68,12660700,
TNAV,5.26,5.3,5.15,5.18,122300,
TNC,47.869999,48.080002,46.810001,47.220001,85200,
TNGO,14.76,15.13,14.45,14.51,424000,
TNK,2.56,2.59,2.5,2.51,355300,
TNP,4.39,4.53,4.38,4.46,126200,
TOL,32.349998,32.709999,32.139999,32.560001,4191700,
TOO,31.530001,32.5,31.530001,32.41,120900,
TOT,47.73,47.84,47.419998,47.700001,905000,
TPC,17.59,17.700001,17,17.07,146800,
TPH,15.03,15.22,14.69,14.7,184600,
TPLM,6.93,6.98,6.7,6.71,284800,
TPX,42.080002,42.889999,41.700001,41.720001,1521600,
TQNT,6.96,7.01,6.8494,6.89,986100,
TQQQ,65.440002,65.860001,64.779999,65.470001,4994400,
TR,31.36009,31.560089,31.010088,31.100084,123500,
TRAK,35.029999,35.34,34.580002,34.700001,120300,
TRC,28.71,28.819997,28.150003,28.229997,24600,
TREX,50.599998,50.599998,48.32,48.330002,472600,
TRGP,64.050003,64.389999,63.450001,64.089996,229200,
TRGT,4.5,4.5,4.34,4.37,1306900,
TRI,32.009998,32.48,32.009998,32.220001,771300,
TRIB,16.959999,17.030001,16.67,16.91,22900,
TRIP,62.349998,63.02,60.759998,61.91,2344800,
TRLA,30.78,31.27,30.01,30.7,337100,
TRLG,31.55,31.63,31.42,31.55,222200,
TRMB,25.559999,25.709999,25.07,25.15,1316500,
TRMK,24.75,24.77,24.309999,24.459999,358100,
TRN,37.369999,38.279999,37.369999,37.790001,3597800,
TRNX,16.719999,17.07,16.610001,17,224200,
TROW,73.150002,73.68,72.830002,73.190002,1235300,
TROX,19.780001,20.09,19.57,19.6,765600,
TRP,43.119999,43.459999,42.700001,42.880001,821700,
TRQ,5.540001,5.600002,5.320003,5.560006,5180400,
TRS,35.270001,36.3,34.839999,35.68,405500,
TRV,78.93,80.019997,78.900002,79.790001,2367600,
TRW,63.5,64.55,63.37,64.08,768000,
TRX,2.2,2.35,2.14,2.17,426200,
TS,39.369999,39.82,39.099998,39.709999,955900,
TSCO,114.190002,114.190002,111.239998,112.879997,552200,
TSL,5.48,5.75,5.43,5.66,2878900,
TSLA,103.800003,105.870003,102.660004,105.720001,6602600,
TSM,17.549999,17.709999,17.49,17.639999,9187600,
TSN,25.16,25.26,25.02,25.139999,1994900,
TSO,53.91,54.669998,53.52,54.099998,2589800,
TSPT,2.93,2.93,2.81,2.81,98600,
TSRA,20.84,21.110001,20.629999,20.639999,165000,
TSRX,7.94,8,7.76,7.85,709300,
TSS,23.639999,23.790001,23.549999,23.74,1120200,
TSU,18.040001,18.450001,17.809999,18.129999,1231500,
TSYS,2.31,2.34,2.22,2.31,253500,
TTC,45.459999,45.490002,44.900002,45.07,625600,
TTCMY,4.95,5,4.95,4.96,153800,
TTEC,23.780001,23.790001,23.450001,23.58,139700,
TTEK,23.43,23.780001,23.25,23.57,685300,
TTI,10.34,10.36,10.15,10.18,337300,
TTM,22.83,22.84,22.52,22.709999,1559700,
TTMI,8.17,8.17,8.02,8.06,295200,
TTS,28.469999,29.530001,28.34,28.959999,229900,
TTT,87.25,89.400002,87.099998,88.279999,81900,
TTWO,14.74,14.75,14.1,14.21,2702000,
TU,31.780001,31.780001,28.41,29.370001,2059600,
TUES,9.9,10.04,9.85,9.98,270600,
TUMI,23.459999,24.09,23.379999,24.049999,507300,
TUP,75.57,75.989998,74.720001,75.099998,433700,
TUR,57.939999,58.740002,57.700001,58.580002,548300,
TV,22.85,23.889999,22.85,23.799999,2058800,
TVL,2.15,2.15,2.08,2.15,4100,
TW,80,80.970001,79.82,80.860001,309100,
TWC,100.25,104.209999,100.25,103.639999,2932600,
TWER,2.2,2.23,2.2,2.23,6300,
TWGP,20.04,20.04,19.7,19.9,309300,
TWI,16.4,16.59,16.309999,16.440001,676100,
TWIN,22.110001,22.969999,22.02,22.719999,21300,
TWM,18.27,18.6,18.23,18.440001,448500,
TWO,10.13,10.31,10.1,10.26,10300800,
TWTC,28.01,28.04,27.25,27.8,2094400,
TWX,57.140002,57.899995,57.140002,57.390001,5543200,
TX,19.959999,22.440001,19.959999,21.950001,113700,
TXCC,0.41,0.43,0.4,0.41,159800,
TXI,65.68,66.656,64.4,64.89,237000,
TXN,35.279999,35.41,34.91,34.959999,6596900,
TXRH,24.620001,25,24.530001,24.91,523500,
TXT,25.68,25.92,25.52,25.77,1587500,
TYC,32.22,32.25,31.98,32.009997,5099500,
TYD,37.439999,37.439999,37.110001,37.240002,2400,
TYL,68.470001,69.129997,68.199997,68.290001,119500,
TYO,25.35,25.65,25.290001,25.5,19700,
TYPE,25.040001,25.040001,24.57,24.68,136700,
TZA,32.470001,33.389999,32.369999,32.939999,3685800,
TZOO,26.42,26.459999,26.030001,26.219999,35500,
UA,58.139999,58.240002,57.650002,57.75,3330400,
UAL,30.9,31.450001,30.639999,30.73,1937300,
UAM,9.1,9.16,8.97,8.97,54700,
UAN,22.17,22.43,21.969999,22.24,234500,
UBA,20.120001,20.209999,19.719999,19.75,76900,
UBNT,17.209999,17.4,16.809999,17.219999,305000,
UBS,17.13,17.2,17.02,17.16,1180100,
UBSI,26.799999,26.799999,25.950001,25.969999,150700,
UBT,56.490002,56.959999,55.529999,56.459999,23100,
UCO,29.510001,29.629999,28.44,29.45,281500,
UCTT,6.22,6.26,6.04,6.1,57300,
UDN,26.129999,26.15,26.040001,26.049999,48800,
UDOW,80.5,81.879997,80.099998,81.389999,408600,
UDR,24.75,25.030001,24.700001,24.879999,2526700,
UEC,1.88,1.88,1.68,1.68,868800,
UEPS,6.83,7.05,6.68,6.96,383200,
UFCS,24.299999,24.530001,23.75,23.85,53100,
UFI,20.85,20.9,20.1,20.23,46200,
UFPI,41.310001,41.310001,39.32,40.099998,126800,
UFS,66.650002,67.230003,66.120003,66.32,527400,
UGA,54.48,54.48,53.610001,54.34,73600,
UGI,37.789996,39.070006,37.789996,38.740005,2162900,
UGL,45.080002,45.299999,43.869999,44.02,345200,
UGP,22.639999,23.32,22.6,23.309999,354500,
UHAL,164.899994,165.899994,161.190002,161.740005,49300,
UHS,66.019997,66.599998,65.379997,65.75,407500,
UIL,37.32,37.75,37.200001,37.580002,312000,
UIS,20.76,21.93,20.67,21.549999,1328900,
UL,39.580002,39.91,39.560001,39.790001,732000,
ULE,23.18,23.209999,23.18,23.209999,3100,
ULTA,98.800003,100,98.120003,98.709999,779400,
ULTI,113.68,115.800003,112.669998,115.059998,160600,
UMBF,54.459999,54.84,54.02,54.560001,183700,
UMC,2.17,2.2,2.15,2.18,4625600,
UMDD,59.25,62.299999,58.150002,58.990002,59800,
UMPQ,14.98,15.04,14.68,14.7,1078700,
UN,38.549999,38.900002,38.52,38.73,2201400,
UNFI,53.810001,54.52,53.619999,53.889999,246100,
UNG,19.610001,19.889999,19.469999,19.83,3861000,
UNH,64.029999,65.059998,64.019997,64.779999,4851700,
UNIS,3.05,3.14,2.96,3.02,61000,
UNL,17.77,17.98,17.77,17.98,2600,
UNM,29.030001,29.309999,28.860001,29.25,2393800,
UNP,154.880005,156.889999,154.699997,156.300003,4001000,
UNS,43.78,44.02,43.37,43.47,578000,
UNT,43.119999,43.389999,42.23,43,118900,
UNTD,7.120025,7.320028,7.120025,7.270029,484000,
UNXL,14.82,15.38,14.32,15.18,904500,
UPI,2.17,2.26,2.08,2.12,90700,
UPL,21.049999,21.629999,21,21.209999,3234100,
UPRO,62.209999,62.869999,61.439999,62.419998,9871600,
UPS,86.309998,86.919998,86.209999,86.419998,2291800,
UQM,1.32,1.38,1.21,1.25,208600,
URA,16.690001,16.799999,16.42,16.450001,40200,
URBN,39.439999,39.82,38.950001,39.52,1416000,
URE,71.760002,72.870003,71.389999,72.32,300100,
URI,48.73,49.740002,48.599998,48.950001,2223800,
URRE,2.489999,2.599999,2.489999,2.599999,6100,
URS,46.91,47,46.07,46.45,347700,
URTY,51.970001,52.110001,50.610001,51.189999,296700,
URZ,1.2,1.2,1.14,1.14,156200,
USAC,23.41,23.43,23,23.17,65400,
USB,36.009998,36.25,35.919998,35.93,9412600,
USD,40.91,41.200001,40.549999,40.990002,7100,
USEG,2.070004,2.080004,1.890004,1.940004,28700,
USG,23.15,23.469999,22.9,22.99,1197900,
USL,39.82,39.82,39.09,39.599998,15600,
USM,33.779999,34.119999,33.509998,33.860001,181200,
USMO,13.1,13.16,12.86,12.87,62500,
USNA,71.730003,72.370003,70.93,71.519997,52900,
USO,33.82,33.880001,33.18,33.799999,4648800,
UST,51.849998,51.860001,51.450001,51.630001,18000,
USTR,33.59,33.75,33.07,33.46,110100,
USU,0.31,0.33,0.31,0.32,6800,
UTEK,36.439999,36.82,36.02,36.349998,298500,
UTHR,62.830002,64.550003,62.040001,63.900002,941600,
UTI,10.65,10.7,10.36,10.39,27700,
UTIW,15.7,15.96,15.52,15.91,774500,
UTSI,2.6,2.62,2.59,2.62,46000,
UTX,92.629997,93.379997,92.139999,92.980003,2546700,
UUP,22.450001,22.530001,22.43,22.52,938200,
UVE,7.33,7.36,7.15,7.22,207900,
UVV,59.490002,59.490002,57.25,58.419998,166500,
UVXY,78.200004,81.890004,78.010004,78.680004,7700,
UWM,59.25,59.349998,58.209999,58.709999,476600,
UXI,70.089998,70.089998,69.269995,69.99,7200,
UYG,92.18,92.550003,90.919998,92.050003,1523000,
UYM,34.75,34.860001,34.130001,34.68,111400,
V,181.889999,183.139999,180.479996,182.649994,10392800,
VAC,42.720001,43.07,42.27,42.810001,174700,
VAL,64.639999,64.830002,63.970001,64.650002,465700,
VALE,13.47,13.57,12.98,13.14,20867500,
VALE.P,12.57,12.62,12.11,12.19,11030500,
VAR,67.18,67.610001,65.739998,65.860001,1311700,
VASC,14.49,14.57,14.24,14.24,64900,
VAW,86.900002,87,86.029999,86.800003,66000,
VB,92.849998,92.919998,92.129997,92.599998,215100,
VBK,101.900002,102.099998,101.190002,101.75,75400,
VBR,82.889999,82.980003,82.300003,82.650002,97000,
VC,61.310001,62.299999,60.849998,62.040001,306800,
VCBI,13.8,14,13.64,13.65,76200,
VCI,24.27,24.54,23.71,24.36,416700,
VCIT,82.709999,83,82.510002,82.900002,1392300,
VCLK,24.16,24.22,23.61,23.64,612700,
VCLT,81.93,82.160004,81.489998,81.709999,50700,
VCR,89.970001,90.019997,89.389999,89.82,116500,
VCRA,15.12,15.23,14.52,15.02,650500,
VDC,101.5,102.349998,101.5,102,101700,
VDE,113.010002,113.010002,111.449997,112.410004,67000,
VDSI,8.37,8.37,8.24,8.26,58600,
VE,11.54,11.59,11.45,11.46,145100,
VEA,35.310001,35.380001,35.130001,35.299999,2472300,
VECO,36.029999,36.299999,35.310001,35.439999,249600,
VELT,1.33,1.44,1.31,1.38,845700,
VEU,43.68,43.84,43.57,43.759998,905100,
VFC,190.770004,191.759995,189.240005,191.309998,2711600,
VFH,39.470001,39.630001,39.279999,39.529999,291800,
VG,2.75,2.84,2.75,2.8,587000,
VGK,48.169998,48.240002,47.93,48.110001,1606400,
VGR,16.240051,16.29005,16.080056,16.160055,451000,
VGT,74.169998,74.190002,73.720001,73.870003,166800,
VGZ,0.98,1.03,0.97,0.97,467500,
VHC,20.07,20.17,18.879999,19.67,799700,
VHS,20.74,20.75,20.71,20.74,2867800,
VHT,86.029999,86.980003,86.019997,86.660004,180500,
VIAB,66.389999,67.199997,65.980003,67.120003,2210100,
VICL,3.09,3.11,3.02,3.06,42400,
VICR,5.66,6.24,5.66,6.08,110000,
VIG,66.110001,66.449997,65.900002,66.269997,1253100,
VIIX,11.68,11.95,11.67,11.7,71100,
VIP,9.79,9.94,9.79,9.83,821500,
VIPS,27.869999,27.869999,26.65,27.34,3713000,
VIS,81.220001,81.410004,80.720001,81.120003,84900,
VIV,22.440001,22.76,22.4,22.620001,1392800,
VIVO,21.58,21.92,21.41,21.809999,184100,
VIX,17.23,18.059999,17.08,17.209999,0,
VIXM,28.52,28.959999,28.52,28.73,18000,
VIXY,58.28,59.620002,58.200001,58.350001,131500,
VLCCF,6.82,6.98,6.75,6.94,210700,
VLO,35.310001,35.740002,35.080002,35.400002,6570500,
VLTR,14,14.02,13.67,13.98,224800,
VLY,9.46,9.52,9.26,9.26,1061500,
VMC,49.32,49.990002,48.880001,49.080002,563000,
VMI,141.020004,144.789993,140.009995,141.380005,274000,
VMW,65.760002,67.849998,65.760002,67.199997,1652800,
VNDA,7.67,7.81,7.46,7.75,986300,
VNET,11.3,11.45,11.12,11.17,333600,
VNO,79.970004,80.959992,79.95,80.599991,1155900,
VNQ,67.529999,67.970001,67.330002,67.790001,6721700,
VNQI,51.66,51.880001,51.459999,51.709999,122800,
VNR,28.299999,28.32,28.049999,28.120001,378400,
VNTV,27.459999,28.040001,27.41,27.809999,1005900,
VO,94.43,94.57,93.870003,94.339996,136400,
VOC,13.91,13.98,13.7,13.72,41800,
VOCS,10.41,10.438,10.15,10.27,262000,
VOD,27.969998,28.330005,27.960001,28.21,9197900,
VOE,68.209999,68.220001,67.650002,68.059998,94100,
VOLC,17.81,17.92,17.61,17.63,775800,
VOO,73.220001,73.5,72.940002,73.309998,1710800,
VOT,77.32,77.860001,77.309998,77.650002,75400,
VOX,78.07,78.07,77.519997,77.860001,28300,
VOXX,12.41,12.5,12.02,12.06,74800,
VOYA,26.190001,26.41,26.01,26.25,1233200,
VPFG,20.03,20.3,19.93,20.12,132400,
VPG,15.63,15.72,15.1,15.23,25300,
VPHM,28.29,28.47,28.11,28.22,273400,
VPL,54.639999,54.77,54.389999,54.650002,501900,
VPRT,46.52,47.8,45.75,46.98,223300,
VPU,80.809998,81.82,80.809998,81.610001,105100,
VR,34.43,35.299999,34.25,35.150002,997000,
VRA,20.75,21.01,20.280001,20.280001,511900,
VRML,2.62,2.64,2.54,2.63,50200,
VRNG,3,3.03,2.97,2.99,91500,
VRNM,2.26,2.329,2.25,2.26,3500,
VRNT,34.259998,34.490002,34.23,34.41,371700,
VRS,1.11,1.11,1.07,1.07,18900,
VRSK,58.439999,58.529999,57.759998,58,409000,
VRSN,44.959999,45.099998,44.419998,44.419998,2326100,
VRTU,22.040001,22.16,21.950001,22.120001,99800,
VRTX,78.769997,81.32,78.019997,80.32,1495100,
VRX,86.510002,86.760002,84.760002,84.949997,1814400,
VSAT,71.839996,71.959999,70.209999,71.129997,207700,
VSH,13.89,13.96,13.65,13.74,1032900,
VSI,45.68,45.799999,44.720001,45.310001,626600,
VSS,88.239998,88.489998,88.010002,88.419998,35500,
VT,50.990002,51.290001,50.950001,51.189999,196100,
VTI,82.400002,82.690002,82.050003,82.489998,2496900,
VTR,68.610001,69.75,68.010002,68.830002,2031900,
VTSS,2.79,2.85,2.7,2.78,683300,
VTUS,2.08,2.17,2.07,2.08,175200,
VTV,67.519997,67.730003,67.18,67.599998,1550700,
VUG,77.870003,78.199997,77.699997,78.040001,616300,
VV,73.129997,73.410004,72.860001,73.25,190600,
VVC,33.419998,33.669998,33.220001,33.43,230600,
VVI,25.1,25.1,24.34,24.35,39300,
VVTV,5.02,5.18,4.98,5.01,427700,
VVUS,12.58,12.99,12.45,12.87,2499400,
VWO,37.599998,38.049999,37.560001,37.990002,37348400,
VXEEM,31.9,31.9,27.879999,28.52,0,
VXEWZ,36.26,36.26,34.06,35.14,0,
VXF,69.349998,69.349998,68.769997,69.050003,155900,
VXUS,45.23,45.43,44.970001,45.209999,226400,
VXX,21.629999,22.120001,21.6,21.68,3245800,
VXZ,23.25,23.639999,23.25,23.440001,118000,
VYM,56.209999,56.52,56.009998,56.389999,791600,
VZ,50.799999,50.84,50.240002,50.66,9200100,
WAB,50.959999,52.52,50.82,52.259998,779200,
WABC,46,46.349998,45.490002,45.700001,119900,
WAC,33.130001,34.02,33.080002,33.5,971200,
WAFD,18.440001,18.48,18.030001,18.08,612300,
WAG,45.39,45.89,44.96,45,11723159,
WAGE,33.709999,33.740002,32.529999,32.98,552300,
WAIR,18.780001,18.959999,18.24,18.639999,695400,
WAL,15.39,15.49,15.19,15.31,814500,
WAT,100.720001,100.720001,99,99.419998,349600,
WBC,73.419998,73.989998,72.839996,73.660004,331200,
WBMD,26.309999,26.59,26.110001,26.190001,372500,
WBS,25.459999,25.5,25.040001,25.219999,909300,
WBSN,0,0,0,24.72,0,
WCC,67.970001,68.269997,66.849998,67.349998,378600,
WCG,53.860001,54.25,53.209999,53.25,398800,
WCN,40.330002,40.369999,39.740002,40.130001,486300,
WCRX,19.31,19.69,19.27,19.43,3195000,
WD,16.99,17.440001,16.950001,17.360001,150900,
WDAY,63,66.720001,62.959999,64.620003,1045500,
WDC,60.509998,61.400002,60.34,60.709999,2457500,
WDFC,54.450001,54.48,53.75,53.779999,33500,
WDR,43.68,43.990002,43.27,43.330002,734000,
WEAT,18,18,17.65,17.67,8600,
WEC,40.52,40.900002,40.419998,40.689999,1441600,
WEN,5.75,5.82,5.71,5.81,2440000,
WERN,24.139999,24.16,23.700001,23.83,337100,
WES,61.34,64.080002,61.189999,63.970001,264000,
WETF,11.28,11.37,10.54,10.96,1990600,
WEX,76,76.25,74.879997,75.400002,180200,
WFC,40.73,41.299999,40.73,41.02,19405900,
WFM,52.439999,53,52.299999,52.860001,2295500,
WFT,13.57,13.63,13.46,13.54,5418300,
WG,6.45,6.47,6.35,6.37,126300,
WGL,42.48,42.860001,42.48,42.52,172400,
WGO,20.33,21.15,20.33,20.959999,386800,
WHR,114.849998,116.730003,111.940002,112.550003,1226300,
WHX,2.26,2.26,2.26,2.26,0,
WHZ,13.26,13.4,12.9,12.93,153700,
WIBC,6.71,6.77,6.64,6.68,192300,
WIFI,6.24,6.28,6.01,6.16,82600,
WILN,4.45,4.51,4.34,4.35,60700,
WIN,7.74,7.74,7.5,7.65,9827510,
WIRE,34.34,34.619999,33.52,33.689999,121600,
WIT,7.19,7.2,7.04,7.08,359700,
WLB,11.08,11.08,10.95,11.02,21800,
WLH,24.27,24.799999,24.07,24.43,191400,
WLK,96.269997,97.089996,94.629997,95.669998,952000,
WLL,45.34,45.540001,44.560001,44.66,1317300,
WLP,80.47,81,79.42,80.21,1551700,
WLT,11.4,11.4,9.88,10.04,20585900,
WM,39.41,40.09,39.360001,40.060001,2528600,
WMAR,11.36,11.36,11.05,11.09,17000,
WMB,33.290001,33.939999,32.560001,32.650002,8251400,
WMC,18.4,18.969999,18.4,18.51,1611100,
WMGI,16.719999,17.07,16.610001,17,224200,
WMS,25.63,25.63,25.42,25.42,307400,
WMT,74.620003,75.18,74.540001,75.010002,5478400,
WNC,9.57,9.61,9.4,9.43,342200,
WNR,28.41,28.870001,28.129999,28.639999,1934200,
WOOF,25.26,25.450001,25.209999,25.25,698900,
WOR,32.419998,32.619999,32.07,32.360001,415600,
WPC,64.900002,66.360001,64.07,65.809998,538400,
WPP,11.45,11.52,11.37,11.47,158700,
WPPGY,82.489998,83.080002,82.279999,82.949997,89800,
WPRT,28.870001,30.629999,28.860001,30.59,1165900,
WPX,19.4,19.620001,19.34,19.58,2047300,
WPZ,46.409995,47.929994,46.389997,47.640002,261000,
WR,31.15,31.559999,31.030001,31.42,1198600,
WRB,40.25,40.43,40.110001,40.240002,514300,
WRE,26.33,26.700001,26.290001,26.540001,357900,
WRES,2.53,2.57,2.48,2.5,705200,
WRI,29.879999,30.34,29.860001,30.15,1009900,
WRLD,89.18,89.18,87.230003,87.260002,98300,
WSH,42.139999,42.139999,40.34,40.869999,953800,
WSM,54.68,55.080002,54.529999,54.830002,789400,
WSO,83.43,83.779999,81.739998,81.830002,182300,
WSR,15.62,15.7,15.35,15.61,74000,
WST,69.330002,69.82,68.940002,69.550003,308800,
WSTC,21.6,22.01,20.76,21.389999,255400,
WTFC,38.049999,38.34,37.689999,37.849998,251500,
WTI,14.47,14.49,14.19,14.36,684500,
WTR,31.15,31.41,30.95,31.199999,1094600,
WTS,45.389999,45.490002,44.630001,44.799999,81700,
WTSL,4.82,4.85,4.71,4.75,718000,
WTW,44.919998,45.490002,44.849998,45,301200,
WU,16.65,16.889999,16.57,16.870001,7228100,
WWAV,16.559999,16.6,15.8,16.379999,1834500,
WWD,39.470001,39.66,38.889999,39.41,406500,
WWE,10,10,9.75,9.78,128100,
WWW,52.450001,52.75,52.07,52.400002,550400,
WWWW,23.74,24.58,23.5,24.370001,869600,
WX,20.139999,20.700001,19.82,20.5,518800,
WY,27.74,27.950001,27.6,27.73,5574600,
WYN,56.849998,57.16,56.450001,56.860001,1506500,
WYNN,127.510002,129.449997,126.620003,127.230003,1697100,
X,17.200001,17.65,17.02,17.459999,7582100,
XAU,86.18,86.18,82.29,82.35,0,
XBI,102.089996,104.150002,101.989998,103.690006,1063800,
XCO,7.510001,7.61,7.449998,7.539998,2149900,
XDA,92.71,93.45,92.46,92.67,0,
XDB,153.59,153.97,152.98,153.17,0,
XDC,0.459,0.459,0.459,0.459,0,
XDE,130.23,130.56,129.85,130.12,0,
XDN,102.21,102.84,102.17,102.27,0,
XDS,106.18,106.58,105.89,106.06,0,
XEC,68.519997,68.879997,67.32,67.459999,1258800,
XEL,28.549999,28.84,28.42,28.66,2912500,
XEO,716.150024,722.640015,716.150024,721.039978,0,
XES,39.490002,39.490002,38.880001,39.139999,23300,
XHB,29.200001,29.379999,28.969999,29.09,8055600,
XIN,4.09,4.18,3.95,4.02,411600,
XL,30,30.24,29.940001,30.110001,1784100,
XLB,38.560001,38.68,38.209999,38.580002,5108400,
XLE,78.379997,78.720001,77.809998,78.480003,11202800,
XLF,19.309999,19.389998,19.2,19.319999,82233000,
XLI,42.459999,42.650002,42.23,42.470001,14745100,
XLK,30.690001,30.700001,30.48,30.57,20470300,
XLNX,39.549999,39.950001,39.470001,39.48,3611800,
XLP,39.57,39.889999,39.57,39.740002,18133100,
XLS,13.56,13.6,13.4,13.51,934900,
XLU,37.209999,37.580002,37.119999,37.459999,11211900,
XLV,47.439999,47.990002,47.400002,47.810001,7600000,
XLY,55.470001,55.849998,55.459999,55.720001,6192800,
XME,32.740002,32.830002,31.9,32.110001,4377600,
XNPT,4.78,4.92,4.65,4.84,392400,
XOM,89.419998,89.970001,88.730003,89.800003,14446000,
XOMA,3.48,3.73,3.47,3.64,1203100,
XOOM,22.969999,22.969999,21.5,22.57,27700,
XOP,58.799999,59.34,57.939999,58.43,2654900,
XOXO,10.65,10.81,10.65,10.71,113600,
XPO,17.57,17.92,17.540001,17.65,96100,
XPP,41.130001,41.580002,40.610001,41.240002,52300,
XRA,0.65,0.66,0.62,0.65,96100,
XRAY,40.560001,40.75,40.439999,40.470001,424600,
XRM,9.71,9.84,9.59,9.64,160500,
XRS,9.99,10.28,9.97,10.23,97600,
XRT,76.080002,76.279999,75.449997,75.790001,5013000,
XRTX,10.25,10.35,10.13,10.16,27000,
XRX,9.02,9.03,8.85,8.95,9203900,
XSD,52.900002,53.07,52.419998,52.75,335600,
XSP,159.23,160.68,159.23,160.33,0,
XTEX,19.34,20.27,19.34,20.18,545700,
XTXI,20.08,20.08,19.73,19.95,289500,
XUE,3.19,3.24,3.16,3.17,12500,
XXIA,17.58,17.620001,17.15,17.4,455000,
XYL,26.07,26.18,25.98,26.08,971200,
YANG,55.290003,55.290003,53.669996,53.689997,12800,
YAO,21.98,22.18,21.950001,22.16,16300,
YCL,21.99,21.99,21.99,21.99,100,
YCS,62.040001,62.450001,61.68,62.380001,229300,
YELP,31.43,34.959999,31.4,34.869999,2864100,
YGE,3.1,3.24,3.1,3.18,402000,
YHOO,25.219999,25.68,25.01,25.290001,12583100,
YINN,14.73,14.84,14.5,14.81,229400,
YNDX,27.129999,27.65,27.1,27.42,2603900,
YOKU,18.780001,19.290001,18.709999,18.92,1135000,
YONG,5.35,5.38,5.3,5.34,308700,
YPF,14.17,14.87,13.92,14.5,945300,
YRCW,27.18,29.639999,26.51,26.6,1382400,
YUK,97.650002,97.889999,97.25,97.790001,0,
YUM,68.96,69.420004,68.509999,69.220001,2979000,
YZC,7.6,7.71,7.53,7.62,356200,
Z,56.700001,57.049999,54.849998,56.080002,539100,
ZAGG,5.37,5.45,5.15,5.24,482400,
ZAZA,1.35,1.35,1.22,1.29,29500,
ZBRA,43.529999,43.529999,42.610001,42.689999,250700,
ZEP,16.92,16.940001,16.58,16.65,66600,
ZEUS,23.85,24.290001,23.540001,23.969999,42600,
ZINC,12.27,12.29,11.89,11.98,262500,
ZION,28.75,29.190001,28.58,29.07,1902100,
ZIOP,1.87,2.02,1.84,1.98,842600,
ZIXI,4.15,4.17,4.06,4.11,159900,
ZLC,8.58,8.72,8.22,8.67,864100,
ZLTQ,6.23,6.42,6.1,6.1,37200,
ZMH,75.489998,76.260002,74.910004,74.940002,1151800,
ZN,2.3,2.33,2.16,2.25,385100,
ZNGA,2.73,2.83,2.73,2.8,11026700,
ZNH,19.790001,20.059999,19.700001,20.030001,25600,
ZOLT,12.91,13.4,12.78,13.33,715900,
ZQK,6.22,6.39,6.19,6.32,2119600,
ZROZ,93.5,93.519997,92.199997,92.559998,32300,
ZSL,110,114.940002,109.379997,114.800003,1653800,
ZTS,31.799999,31.9,30.92,30.969999,23779700,
ZUMZ,27.41,28.459999,27.32,27.940001,691000,
ZX,2.5,2.51,2.45,2.5,36400,
ABCB,16.51,16.51,16.129999,16.35,47000,
ACCL,8.22,8.39,8.15,8.17,77000,
ACPW,4.11,4.15,4.04,4.11,25800,
ACWX,40.91,40.950001,40.720001,40.889999,281500,
AKR,24.219999,24.35,23.98,24.280001,691300,
AONEQ,0.03,0.0325,0.028,0.03,1376000,
ARSD,8.28,8.3,8.22,8.24,28700,
ASTM,15.65,15.65,15.65,15.65,0,
ASX,4.02,4.04,4,4.04,741600,
ATEC,2.049999,2.059999,1.979999,1.999999,10200,
ATRC,9.41,9.54,9.19,9.39,45900,
AVNW,2.799999,2.829999,2.679999,2.699999,25700,
BFIN,8.13,8.46,7.92,7.93,9400,
BFOR,24.540001,24.65,24.49,24.58,87600,
BFR,3.72,3.82,3.65,3.73,29200,
BIL,45.799999,45.810001,45.799999,45.810001,947200,
BIN,21.299999,21.530001,21.030001,21.35,118700,
BIS,40.259998,40.259998,38.29,38.450001,4500,
BKEP,8.21,8.53,8.2,8.53,3700,
BRB,221.429993,221.429993,218.429993,218.770004,0,
BSQR,2.65,2.65,2.6,2.65,3200,
CBRX,0.65,0.65,0.63,0.64,29000,
CCXI,14,14,13.11,13.92,252200,
CERP,0.02,0.02,0.02,0.02,20711000,
CHGS,0.15,0.15,0.12,0.1399,144900,
CIR,51.790001,51.790001,50.369999,50.830002,143900,
CIU,107.360001,107.410004,107.129997,107.160004,248000,
CLUB,10.71,10.8,10.59,10.67,69300,
CMLS,3.4,3.41,3.29,3.34,191200,
COBZ,8.27,8.38,8.11,8.17,93600,
COOL,0.580012,0.620012,0.580012,0.590012,1600,
CRAI,18.549999,18.549999,18.23,18.27,8900,
CRDC,1.14,1.25,1.1,1.25,49400,
CREG,1.02,1.09,1.01,1.01,2200,
CROP,25.389999,25.469999,25.33,25.469999,11900,
CSFL,8.7,8.7,8.5,8.52,37200,
CSHZ,0.06,0.08,0.06,0.08,162400,
CSJ,104.75,104.839996,104.709999,104.760002,422200,
CWB,42.099998,42.43,42.09,42.419998,221900,
DCOM,15.02,15.42,14.89,15.11,84300,
DGT,58.720001,58.720001,58.299999,58.349998,500,
DMB,12.28,12.6,12.18,12.35,47200,
DQ,8.77,9.18,8.77,8.98,37700,
DRCO,5.23,5.33,5.19,5.2,9000,
EGI,0.33,0.33,0.31,0.33,55800,
ELS,76.730003,77.800003,76.57,77,572000,
EUFX,37.900002,37.900002,37.900002,37.900002,1900,
FCBC,15.86,15.86,15.18,15.38,23200,
FCF,7.19,7.29,7.15,7.2,566600,
FDML,9.94,10.24,9.83,10.08,195100,
FELE,33.459999,33.549999,32.860001,33.34,112700,
FMD,1.19,1.19,1.11,1.15,22900,
FOL,3.08,3.08,3.08,3.08,0,
FORX,46.900002,47.009998,46.799999,46.830002,3100,
FSCI,41.15,41.15,41.01,41.03,41700,
FTC,34.150002,34.439999,34.150002,34.380001,9100,
GBLI,23.32,23.85,23.299999,23.709999,16700,
GGAL,5.09,5.15,4.98,5.08,45200,
GIB,29.620001,30.280001,29.610001,30.17,145600,
GLDI,14.96,15.04,14.76,14.77,22400,
GLDX,11.98,11.98,11.52,11.52,88900,
GMXRQ,0.21,0.22,0.2,0.22,27500,
GSE,1.1,1.1,1.1,1.1,0,
GSIG,8.06,8.07,8.02,8.06,66400,
GSIT,6.2,6.2,6,6,23400,
GTS,22,22,21.57,21.76,74200,
GUNR,31.370001,31.389999,31.15,31.33,378500,
HCKT,5.19,5.2,4.94,5.16,47400,
HDNG,14.25,14.38,14.25,14.25,81000,
HDSN,3.34,3.37,3.12,3.18,84884,
HGR,31.959999,31.959999,31.360001,31.360001,87500,
HSON,2.33,2.37,2.28,2.3,106200,
IBCA,6.6,6.67,6.41,6.55,76200,
ICFI,30.84,31,30.690001,30.719999,42800,
IEFA,51.900002,52,51.619999,51.919998,117700,
INOD,3.19,3.23,3.06,3.14,78400,
IPCC,59.540001,60.049999,58.389999,58.68,39000,
ISIG,2.04,2.08,2.04,2.08,15300,
KIPO,6.57,6.59,6.44,6.56,37400,
KITDQ,0.4,0.41,0.4,0.4,64400,
KMPR,33.290001,33.490002,32.970001,33.209999,108500,
LDL,14.71,14.71,14.22,14.33,34500,
LEDR,10.75,10.76,10.58,10.66,169600,
LEDS,1.62,1.7,1.59,1.68,46700,
LOJN,3.18,3.29,3.18,3.23,4700,
LPTN,4.500002,4.730002,4.500002,4.650002,400,
LYTS,7.69,7.76,7.59,7.62,29500,
MCS,12.57,12.67,12.27,12.34,56900,
MGEE,54.799994,54.929998,54.300001,54.48,38800,
MGRC,33.939999,33.970001,33.470001,33.650002,83700,
MPX,7.38,7.41,7.26,7.34,5400,
NEWN,0.11,0.15,0.1,0.15,13400,
NJR,41.73,42.009998,41.040001,41.32,468400,
NPBC,10.12,10.23,9.94,9.97,722400,
NZD,128.639999,128.820007,127.230003,128.369995,0,
PPBI,12.27,12.46,11.99,12.25,98300,
PRGX,5.49,5.56,5.42,5.47,38100,
PRO,30.65,30.65,29.75,30.1,78400,
PWAVQ,0.0103,0.0121,0.0103,0.012,4700,
PXLW,3.58,3.62,3.39,3.55,201600,
QRM,0.4899,0.5048,0.4735,0.48,63400,
QTEC,28.620001,28.719999,28.58,28.68,41400,
RNWK,7.4,7.4,7.33,7.34,25200,
RPT,14.82,14.99,14.76,14.91,659900,
RWL,31.219999,31.360001,31.129999,31.290001,7800,
SCMR,0.5,0.5,0.49,0.49,90800,
SIGI,23.120001,23.120001,22.73,22.75,56700,
SIJ,20.51,20.58,20.51,20.58,300,
SKA,67.339996,67.610001,66.760002,67.529999,0,
SMCI,10.69,10.73,10.39,10.5,68300,
SMTX,1.98,1.98,1.95,1.97,8700,
SNBC,3.15,3.17,3.08,3.1,5400,
SOCL,14.31,14.53,14.29,14.53,17700,
STAN,21.22,22.03,21.2,21.49,39100,
STL,9.46,9.46,9.22,9.29,89800,
STNR,50.57,51.18,49.599998,50.349998,50100,
SWS,5.79,5.79,5.553,5.57,27600,
SYMX,0.89,1.01,0.89,0.99,43900,
SYPR,3.12,3.24,3.07,3.09,41700,
TACT,7.8,7.96,7.78,7.8,6200,
TFI,22.68,22.92,22.620001,22.91,383400,
TGE,7.3,7.3,7.3,7.3,0,
TGTX,6.22,6.52,6.15,6.2,72800,
THR,20.23,20.299999,19.98,20,446000,
TMS,14.57,14.87,14.42,14.67,49200,
TPI,0.48,0.52,0.48,0.51,46200,
TRNO,17.809999,17.93,17.639999,17.85,42200,
TRST,5.53,5.54,5.43,5.43,180400,
TSTC,0.51,0.51,0.5,0.5,8300,
UAMY,1.29,1.29,1.15,1.16,85100,
UBNK,13.1,13.1,12.98,13.05,72700,
UCBI,12.47,12.79,12.3,12.42,143500,
ULBI,3.56,3.56,3.4,3.53,9800,
USMV,32.459999,32.720001,32.459999,32.650002,370100,
USPH,29.709999,29.84,28.85,28.879999,34100,
UTY,0.02,0.02,0.02,0.02,0,
WAVX,0.36,0.38,0.36,0.36,5600,
WOOD,44.700001,44.990002,44.619999,44.869999,46600,
WWAV.B,16.19,16.32,15.53,16.06,775500,
XDZ,77.67,78.61,77.62,77.78,0,
XIDEQ,0.15,0.16,0.12,0.16,6069000,
ZOOM,0.39,0.39,0.39,0.39,1700,