symbol,open,high,low,close,volume,adjust_close
A,42.6,43.23,42.370001,42.979999,5107700,
AA,8.059992,8.109992,7.979992,7.979992,14990100,
AAMRQ,4.26,4.45,3.7,4.06,13185400,
AAN,28.27,28.52,27.73,28.219999,833600,
AAON,32.089996,32.449996,30.660007,31.560009,398900,
AAP,83.019997,83.080002,80.57,80.739998,966500,
AAPL,418.490005,420,408.099995,413.500011,120279600,
AAT,30.030001,30.309999,29.469999,29.620001,294300,
AAU,1.35,1.38,1.32,1.33,131700,
AAV,4.04,4.09,4.01,4.04,230400,
AAWW,45.209999,45.380001,43.709999,44.580002,576500,
AAXJ,53.380001,53.57,52.549999,53.369999,480200,
AB,22.870001,22.870001,21.440001,21.77,1009200,
ABAX,45.580002,46.610001,45.580002,46.02,178900,
ABB,21.4,21.450001,21.059999,21.24,2232500,
ABBV,41.66,42.709999,41.200001,42.619999,9825700,
ABC,54.240002,54.93,54.150002,54.34,2668500,
ABCO,53.259998,54.619999,53.25,53.610001,244400,
ABFS,18.9,19.09,17.68,18.93,672900,
ABG,38.990002,39.16,37.669998,38.259998,329100,
ABM,24.25,24.25,23.74,24.1,313500,
ABMD,21.620001,21.860001,21,21.25,710400,
ABR,6.24,6.27,5.97,6.21,495100,
ABT,35.400002,35.860001,35.310001,35.580002,10122700,
ABV,34.4,34.95,33.73,34.84,38296700,
ABX,16.77,16.99,16.16,16.889999,24954800,
ACAD,17.77,18.1,17.25,17.98,5412900,
ACAS,12.41,12.5,12.24,12.26,3213200,
ACAT,47,47,45.689999,46.48,115300,
ACC,37.599998,38,36.959999,37.650002,1147100,
ACCO,6.53,6.57,6.34,6.45,1075600,
ACE,86.949997,87.099998,85.779999,86.150002,3006200,
ACET,12.85,13.06,12.77,12.9,197200,
ACFN,8.44,8.49,8.06,8.33,125900,
ACGL,50.849998,50.990002,50.150002,50.299999,652600,
ACH,7.71,7.79,7.52,7.71,318300,
ACHC,34.310001,34.779999,33.849998,34.299999,447200,
ACHN,7.89,7.96,7.52,7.89,2570700,
ACI,3.98,4.08,3.89,3.91,984300,
ACIW,45.08,45.44,44.499999,45.009999,3074100,
ACLS,1.7,1.74,1.64,1.7,455200,
ACM,30.450001,30.450001,29.719999,29.870001,1189700,
ACMP,45.95,47.52,45.31,47.21,1514300,
ACN,79.690002,79.919998,78.779999,79.400002,4554900,
ACO,31.03,31.31,30.51,31.08,223300,
ACOR,32.869999,33.75,32.189999,33.18,387600,
ACRE,13.17,13.3,12.94,13.08,9217600,
ACRX,8.91,9.07,8.7,8.91,276900,
ACT,121.540001,122.610001,119.589996,121.519997,1723200,
ACTG,23.67,24.23,23.6,24.110001,442900,
ACTV,6.64,6.95,6.59,6.92,513000,
ACUR,2.03,2.1,2.02,2.09,225267,
ACW,5.11,5.11,4.85,5.01,284500,
ACWI,50.310001,50.360001,49.540001,50.07,2499300,
ACXM,22.09,22.49,21.73,22.02,805700,
ADBE,44.919998,45,44.23,44.77,6294400,
ADC,30.16,30.309999,29.389999,29.809999,184200,
ADES,37.81,38.49,36.5,37.15,173800,
ADI,44.91,45.259998,44.580002,45.16,3840000,
ADM,33.009998,33.490002,32.77,33.09,6273000,
ADNC,13.34,13.43,13.15,13.21,141800,
ADP,68.680004,68.980005,67.990006,68.680004,3641700,
ADS,173.75,174.070007,170.869995,172.630005,1052200,
ADSK,34.5,34.68,33.59,34.209999,4650900,
ADT,39.740002,39.77,39.060001,39.369999,3805000,
ADTN,23.83,24,23.48,23.889999,1072500,
ADVS,34,34.099998,33,33.77,815800,
ADY,7.38,7.38,7.33,7.36,71400,
AEC,15.59,15.78,15.41,15.63,3174000,
AEE,32.880001,33.330002,32.34,33.169998,2141800,
AEG,6.76,6.79,6.59,6.69,1182600,
AEGN,22.23,22.280001,21.620001,22.07,325600,
AEGR,61.220001,64.919998,61.220001,62.470001,1384500,
AEIS,17.4,17.549999,17.09,17.33,544500,
AEL,16.18,16.219999,15.9,16.01,1047600,
AEM,26.57,27.049999,25.65,26.879999,2653000,
AEO,18.41,18.459999,18.07,18.23,4559600,
AEP,43.5,44.040001,42.830002,43.779999,5149500,
AER,16.559999,16.68,16.450001,16.6,479600,
AERL,3.48,3.74,3.31,3.7,404600,
AES,11.51,11.61,11.17,11.48,7723500,
AET,61.299999,62.25,61.099998,61.790001,4112700,
AF,10.38,10.47,10.3,10.46,1527500,
AFAM,19.559999,19.690001,19.32,19.620001,33400,
AFCE,34.31,34.58,33.28,33.72,277700,
AFFX,3.66,3.72,3.42,3.72,995700,
AFFY,1.06,1.09,1,1.02,634100,
AFG,48.459999,48.490002,47.68,48.040001,630700,
AFL,57.57,57.57,56.369999,56.66,3385500,
AFSI,35.730002,36.249999,35.670001,35.699999,1127800,
AG,9.73,10.16,9.55,9.99,2961700,
AGCO,52.740002,52.790001,51.07,52.02,887100,
AGEN,3.75,3.85,3.71,3.81,254600,
AGG,107.110001,107.309998,106.529999,106.610001,1979500,
AGII,41.470002,43.809997,41.010002,43.67,360400,
AGM,27.08,27.209999,26.940001,27.08,44900,
AGN,121.540001,122.610001,119.589996,121.519997,1723200,
AGNC,23.549999,23.940001,22.799999,23.450001,17054000,
AGO,22.35,22.48,21.379999,22,3206300,
AGQ,17.76,18.040001,17.530001,17.93,438500,
AGRO,6.5,6.5,6.09,6.44,637300,
AGU,86.400002,86.699997,84.360001,86.010002,741900,
AGX,16.469999,16.549999,15.67,15.88,117600,
AGYS,12.83,12.96,12.53,12.72,103400,
AH,18.5,18.9,18.3,18.6,371600,
AHGP,61.450001,62.02,59.740002,61.310001,50700,
AHH,11.17,11.27,11.12,11.27,287900,
AHL,36.540001,36.540001,35.93,36.299999,1306700,
AHS,14.08,14.41,14.01,14.4,396900,
AHT,11.790001,11.899997,11.449993,11.599989,11848300,
AI,27.07,27.540001,27,27.42,310600,
AIG,44.599998,44.610001,43.330002,43.689999,25687200,
AIMC,26.059999,26.92,26.059999,26.860001,195800,
AIN,33.450001,34.099998,33.23,33.880001,221200,
AINV,7.64,7.76,7.5,7.56,3902400,
AIR,21.389999,21.82,21.200001,21.559999,258300,
AIRM,37.040001,37.470001,36.900002,37.23,485300,
AIT,47.950001,47.950001,47.419998,47.549999,272500,
AIV,27.66,28.35,27.65,27.889999,2975700,
AIXG,16.549999,16.549999,16.280001,16.389999,84000,
AIZ,50.68,50.959999,49.639999,50.240002,902200,
AJG,42.759998,43.299999,42.740002,43.099998,847000,
AKAM,41.459999,41.689999,40.459999,40.75,3171600,
AKG,2.11,2.16,1.98,2.1,821000,
AKRX,13.01,13.69,13.01,13.22,1098100,
AKS,3.42,3.44,3.31,3.33,6909900,
AL,27.18,27.18,25.969999,26.450001,731800,
ALB,62.619999,62.720001,61.470001,61.970001,976900,
ALC,11.94,11.94,11.9,11.92,210800,
ALDW,25.25,25.58,23.860001,24.030001,311400,
ALE,47.57,48.290001,47.240002,48.110001,306700,
ALEX,39.779999,40.189999,39.209999,39.84,230000,
ALGN,35.57,36.040001,35.169998,35.84,631800,
ALGT,102.360001,102.650002,99.290001,102.019997,209400,
ALIM,4.92,5.04,4.85,4.94,122700,
ALJ,15.99,15.99,15.5,15.68,633300,
ALK,53.91,53.93,50.959999,52.150002,2769200,
ALKS,27.16,27.49,26.74,27.209999,2535200,
ALL,46.950001,47.43,46.5,47.23,7306500,
ALLT,12.21,12.21,11.8,11.89,209400,
ALNY,28.48,29.190001,27.98,29.01,961500,
ALOG,73.900002,74.43,72.650002,74.050003,88700,
ALR,24.629999,24.85,24.469999,24.84,419100,
ALSK,1.71,1.75,1.7,1.72,169800,
ALSN,22.74,22.799999,22.42,22.530001,315000,
ALTR,31.790001,32.209999,31.68,31.99,4791900,
ALU,1.91,1.96,1.87,1.94,19937300,
ALV,75.169998,76.129997,74.139999,74.709999,2346000,
ALXA,4.47,4.52,4.35,4.36,173300,
ALXN,89.169998,90.739998,87.360001,88.489998,3600700,
AM,18.36,18.38,18.31,18.38,597600,
AMAG,20.440001,20.440001,19.23,19.860001,325600,
AMAT,15.07,15.19,14.79,15.08,22344300,
AMBA,16.99,17.33,16.26,17.07,1161300,
AMBC,24.34,24.57,23.459999,23.629999,2935200,
AMCC,9.31,9.76,9.22,9.73,1426700,
AMCN,1.73,1.82,1.6,1.73,71000,
AMCX,63.849998,64.519997,63.200001,63.439999,641700,
AMD,3.97,4.04,3.9,4,32752000,
AME,40.700001,40.869999,40.07,40.380001,1243000,
AMED,12.72,12.9,12.58,12.76,408200,
AMG,162.550003,163.820007,158.910004,159.740005,561900,
AMGN,97.080002,99.120003,95.059998,98.279999,6938000,
AMJ,44.599998,45.139999,43.52,44.34,1314900,
AMKR,4.14,4.22,4.05,4.06,987700,
AMLP,17.43,17.440001,17.030001,17.27,4534800,
AMP,80.080002,80.309998,78.260002,79.160004,2451000,
AMPE,5.9,6.05,5.8,5.98,253400,
AMRC,9.34,9.36,8.75,8.99,255500,
AMRI,11.45,11.51,11.01,11.3,250900,
AMRN,6.4,6.48,6.12,6.29,4873200,
AMRS,2.62,2.75,2.6,2.75,325800,
AMSC,2.21,2.27,2.2,2.27,44700,
AMSG,34.790001,35.529999,34.709999,35.23,255100,
AMSWA,8.35,8.45,8.28,8.44,85100,
AMT,70.919998,72.669998,70.629997,71.989998,6099500,
AMTD,23.92,23.969999,23.32,23.59,5208700,
AMTG,16.98,17.209999,16.780001,17.1,701600,
AMWD,33.919998,34.77,32.73,33.369999,141400,
AMX,18.959999,19.08,18.51,19.01,7347300,
AMZN,274.570007,275.839996,269.790009,273.359985,4201000,
AN,43.330002,43.400002,41.970001,42.98,1352200,
ANAC,5.2,5.3,4.99,5.26,422600,
ANAD,2.12,2.16,2.06,2.13,785600,
ANDE,53.239992,53.52,52.810003,53.159998,258100,
ANEN,23.31,24.05,22.94,23.03,52300,
ANF,47.290001,47.450001,45.869999,45.950001,2546500,
ANGI,26.75,27.27,26.299999,27.049999,1445200,
ANGO,11.05,11.3,11.01,11.3,89800,
ANH,5.55,5.64,5.5,5.63,2718000,
ANIK,16.809999,17.469999,16.549999,17.27,122900,
ANN,31.879999,32.27,31.549999,32.060001,2302400,
ANR,5.5,5.66,5.44,5.49,9982100,
ANSS,73.099998,73.559998,71.540001,72.25,374800,
ANV,6.49,6.65,6.26,6.62,4082100,
ANW,8.69,8.8,8.5,8.69,252400,
AOI,3.69,3.92,3.63,3.9,48300,
AOL,35.740002,35.970001,34.689999,34.82,1149300,
AON,63.25,63.580002,62.790001,63.259998,1434400,
AOS,36.939999,37.07,35.240002,36.59,3041200,
AOSL,7.66,7.76,7.43,7.64,127700,
APA,85.559998,85.639999,84.449997,85.040001,4977300,
APAM,55.389999,55.900002,54.619999,54.73,604700,
APC,83.629997,83.900002,82.099998,83.440002,4077200,
APD,94.289998,94.799999,93.619998,94.589996,2584500,
APEI,38.02,38.060001,36.400002,37.029999,197500,
APH,76.290001,76.839996,75.800003,76.389999,1896000,
APL,36.65,37.43,36.01,36.99,2056800,
APO,23.299999,23.4,22.389999,22.67,722600,
APOG,23.780001,24.02,22.559999,22.85,2231100,
APOL,19.780001,19.780001,18.879999,19.24,3385500,
APP,1.95,1.97,1.85,1.97,444300,
APRI,2.55,2.6,2.46,2.48,331300,
APU,47.490002,48.099998,47.040001,48,215300,
ARAY,5.79,5.85,5.63,5.74,1683700,
ARB,46.76,46.91,46.71,46.89,293700,
ARCC,16.48,16.559999,16.299999,16.42,2405800,
ARCO,12.1,12.22,11.6,11.78,1420900,
ARCP,14.37,14.48,14,14.45,8326400,
ARE,63.560001,64.389999,62.599998,62.889999,798800,
AREX,24.809999,24.92,24.15,24.42,461800,
ARG,95.779999,95.800003,93.709999,95.029999,1146100,
ARI,15.94,16.290001,15.8,16.219999,758500,
ARIA,16.75,17.049999,16.219999,16.66,2194000,
ARII,32.529999,32.779999,30.75,31.34,301100,
ARLP,70.5,71.639999,69.470001,69.800003,193600,
ARMH,36.68,36.68,34.880001,35.169998,5384800,
ARNA,7.54,8.17,7.48,8.05,13940600,
ARO,13.22,13.26,12.81,13.06,2251500,
ARP,21.76,21.809999,21.209999,21.540001,466900,
ARPI,17.99,18.139999,17.65,17.66,719400,
ARQL,2.37,2.51,2.36,2.5,803100,
ARR,4.54,4.63,4.45,4.55,1130500,
ARRS,14.61,14.74,14.44,14.64,1765600,
ARRY,4.67,5.04,4.67,5.01,4335400,
ARTC,34.84,36.03,34.84,35.94,234500,
ARUN,14.57,14.91,14.44,14.89,2490500,
ARW,39.439999,39.669998,38.5,38.810001,1156900,
ARX,7.36,7.4,6.97,7.26,225300,
ASA,12.81,13.08,12.57,12.77,253400,
ASBC,15.12,15.32,15,15.17,2098800,
ASCA,26.32,26.43,26.309,26.37,384600,
ASEI,57.130001,57.639999,56.459999,57.349998,111600,
ASFI,8.75,8.88,8.6,8.8,55000,
ASGN,25.92,26.09,25.440001,25.92,398300,
ASH,84.360001,84.68,83.279999,84.190002,1262700,
ASIA,11.5,11.535,11.38,11.44,599400,
ASMI,33.990002,33.990002,33.5,33.82,23500,
ASML,76.480003,76.959999,76.089996,76.419998,803000,
ASNA,17.59,17.84,17.32,17.440001,1847100,
ASPS,96.209999,96.330002,91.330002,95.019997,489200,
ASR,100.440002,104.440002,99.519997,103.720001,128800,
ASTE,33.82,34.369999,33.509998,33.990002,128600,
ASTI,0.77,0.79,0.74,0.79,15000,
ASTX,4.49,4.65,4.12,4.24,11452600,
ASYS,6.34,6.48,6,6.41,107800,
AT,4.06,4.31,4.03,4.3,1847400,
ATAX,6.91,6.91,6.72,6.85,121100,
ATHN,88.370003,90.309998,86.370003,90.120003,446300,
ATHX,1.6,1.65,1.56,1.59,235200,
ATI,27.65,27.83,27.09,27.559999,2004200,
ATK,78.79,79.25,78.5,79.11,442000,
ATLC,3.64,3.73,3.6,3.6,3400,
ATLS,13.76,13.89,13.45,13.86,899399,
ATMI,24.11,24.17,23.89,24.13,319800,
ATML,7.48,7.58,7.2,7.36,11563600,
ATNI,50.139999,50.5,49.799999,49.849998,142500,
ATO,39.110001,39.16,38,38.689999,622300,
ATPAQ,0.08,0.082,0.0766,0.08,69900,
ATR,55.470001,55.52,54.59,55.029999,391300,
ATRS,4.1,4.12,4.05,4.08,1164900,
ATSG,6.51,6.64,6.28,6.51,301300,
ATU,32.209999,32.41,31.49,31.83,757600,
ATVI,13.99,13.99,13.53,13.55,17433200,
ATW,54.939999,54.939999,53.580002,53.779999,769700,
AU,14.39,14.94,14.2,14.89,4833900,
AUDC,4.39,4.39,4.17,4.37,98100,
AUM,92.260002,92.510002,91.849998,92.290001,0,
AUMN,1.61,1.67,1.58,1.65,1032000,
AUO,3.56,3.57,3.52,3.55,1372500,
AUQ,4.2,4.38,4.08,4.32,6662800,
AUX,108.38,108.87,108.09,108.3,0,
AUXL,17.04,17.17,16.74,17.15,1083700,
AUY,9.43,9.57,9.18,9.49,7280600,
AVA,25.91,26.43,25.799999,26.43,686700,
AVAV,19.5,19.629999,19.25,19.610001,244400,
AVB,128.639999,132.789993,128.639999,131.690002,1298400,
AVD,28.43,28.459999,27.82,27.99,290000,
AVEO,2.54,2.59,2.51,2.58,671600,
AVG,19.09,19.16,18.469999,18.99,897300,
AVGO,37.040001,37.48,36.619999,37.380001,8003000,
AVHI,16.92,17,16.52,16.77,64400,
AVID,6.25,6.33,6.08,6.3,187300,
AVIV,24.82,25.24,24.8,25,818000,
AVL,0.6,0.66,0.6,0.61,319900,
AVNR,4.4,4.45,4.23,4.315,4871800,
AVP,21.389999,21.440001,20.610001,20.799999,7408100,
AVSPY,132.21,132.22,129.75,130.79,0,
AVT,33.560001,33.560001,32.75,33.049999,795500,
AVX,11.85,11.85,11.71,11.85,279100,
AVY,42.150002,42.240002,41.25,41.669998,603000,
AWAY,30.24,30.42,29.65,30.24,1211900,
AWC,29.442,29.5,29.442,29.5,200,
AWH,91.02,91.549999,89.539999,89.900002,692400,
AWI,47.849998,47.900002,46.220001,47.110001,260300,
AWK,39.669998,39.849998,38.950001,39.450001,1268700,
AWR,53.360001,53.52,51.73,52.380001,616000,
AWRE,5,5.07,4.98,5.06,88800,
AXAS,2.19,2.26,2.15,2.19,668500,
AXE,75.25,75.550003,73.809998,74.720001,337700,
AXL,17.67,17.709999,16.98,17.299999,2237500,
AXLL,43.27,43.77,42.299999,43.150002,1338200,
AXP,73.379997,73.790001,72.370003,73.309998,7547300,
AXS,45.540001,45.599998,44.48,44.860001,1078500,
AXTI,2.67,2.67,2.61,2.66,462300,
AXU,1.08,1.1,1.03,1.03,2385900,
AYI,76.449997,76.449997,74.330002,75.139999,630900,
AYR,15.47,15.67,15.45,15.6,695400,
AZC,2.1,2.13,2.06,2.07,57500,
AZN,48.509998,48.75,47.889999,48.150002,5613800,
AZO,415.279999,415.279999,408.600006,411.980011,365500,
AZPN,28.969999,29.059999,28.559999,29.030001,891800,
AZZ,41.630001,42.18,40.959999,41.700001,193300,
B,29.07,29.549999,29,29.49,477400,
BA,100.080002,100.139999,97.419998,99.980003,10328800,
BAA,0.83,0.88,0.73,0.78,3276800,
BABY,13.64,13.96,13.64,13.93,155700,
BAC,12.99,13,12.39,12.69,196004700,
BAH,17.110001,17.209999,16.950001,17.02,464400,
BAK,14.23,14.47,13.8,14.4,344000,
BAL,54.52,54.560001,54.119999,54.150002,48900,
BALT,3.46,3.57,3.41,3.54,41500,
BAM,34.720004,34.849996,34.159997,34.309994,2195400,
BANR,33.09,33.740002,32.529999,33.290001,877200,
BAP,125.390004,125.870004,123.330014,124.640005,591000,
BAS,12.75,12.79,12.26,12.46,744100,
BAX,68.779998,70.179998,68.749997,69.96,8951400,
BAXS,2.3,2.47,2.3,2.47,124700,
BBBY,69.860001,70.75,69.230003,69.989998,4726300,
BBCN,12.85,13.28,12.82,13.27,1367400,
BBD,13,13.010001,12.59,12.880001,10973700,
BBEP,18,18.190001,17.66,17.91,633400,
BBG,21.370001,21.459999,20.870001,21.15,1310000,
BBH,66.489998,67.110001,65.129997,66.160004,88200,
BBL,53.029999,53.509998,52.32,53.279999,1095900,
BBOX,25.42,25.99,24.82,25.66,128400,
BBRG,18,18.01,17.620001,17.780001,139100,
BBRY,13.97,14.05,13.68,13.78,14323900,
BBT,33.330002,33.830002,33.119999,33.68,6785500,
BBVA,8.46,8.48,8.25,8.34,2383300,
BBW,6.3,6.31,6.26,6.28,35500,
BBX,12.62,12.78,12.42,12.43,27400,
BBY,26.68,27.17,26.450001,26.77,6840100,
BC,31.02,31.309999,29.92,31.17,1521600,
BCC,27.65,28.16,27.35,27.450001,692300,
BCE,41.439999,42,41.369999,41.759998,809500,
BCEI,36.240002,36.299999,34.580002,35.59,506300,
BCO,25.76,25.93,25.469999,25.690001,311300,
BCOR,18.309999,18.610001,18.25,18.469999,416300,
BCOV,8.11,8.22,7.95,8.17,437600,
BCPC,44.970001,46.720001,44.970001,46.07,163300,
BCR,109.800003,110.849998,109.459999,110.099998,864800,
BCRX,1.6,1.62,1.51,1.51,771700,
BCS,17.67,17.69,17.21,17.52,2243210,
BDBD,11.93,12.03,11.43,11.78,577900,
BDC,50.450001,50.82,49.5,50.02,586800,
BDE,9.09,9.25,9.07,9.18,259500,
BDN,12.94,13.07,12.53,12.61,2619600,
BDSI,4.3,4.33,4.17,4.2,299100,
BDX,96.739998,97.550003,95.800003,96.029999,1620700,
BEAM,62.2,63.2,61.7,62.88,1064000,
BEAT,5.81,5.93,5.65,5.86,746000,
BEAV,64.189998,64.849996,62.040003,62.259999,2519900,
BEBE,5.41,5.49,5.27,5.39,41300,
BECN,39.060001,39.200001,37.59,38.18,762600,
BEE,8.78,8.86,8.66,8.79,3661500,
BEN,139.689995,139.689995,136.510002,137.019997,6136200,
BERY,23.129999,23.200001,22.58,22.959999,495100,
BF.B,67.129997,69.18,67.129997,68.239998,621500,
BFAM,32.459999,32.650002,31.52,31.639999,334500,
BG,70.610001,70.650002,69.919998,70.190002,1322700,
BGC,31.51,31.67,30.17,30.530001,943200,
BGCP,5.74,5.75,5.4,5.56,4697900,
BGFV,20.469999,20.610001,18.969999,19.32,736300,
BGG,19.219999,19.440001,18.959999,19.32,693200,
BGS,33.110001,33.740002,33.099998,33.5,671000,
BHE,19.85,20.02,19.620001,19.92,572100,
BHI,45.34,45.34,44.209999,44.869999,4449000,
BHP,58.849998,59.189999,58.02,58.919998,3312100,
BIB,84.510002,87.400002,82.199997,85.089996,182400,
BID,37.57,37.720001,37.040001,37.41,4163000,
BIDU,93.449997,94.199997,92.519997,93.410004,3656900,
BIG,32.470001,32.470001,31.65,31.99,1282800,
BIIB,201.009995,202.979996,194.660004,199.070007,3518200,
BIO,112.660004,113.459999,112.449997,113.370003,112500,
BIOD,4.33,4.33,4.05,4.18,566500,
BIOL,3.660013,3.820016,3.610009,3.750014,457500,
BIOS,16.33,16.93,16.290001,16.549999,1005000,
BIP,34.959998,35.25,34.400002,34.73,387300,
BIRT,6.55,6.55,6.39,6.52,303300,
BITA,11.48,11.61,10.5,10.52,132900,
BIV,83.720001,83.800003,83.129997,83.160004,449700,
BJRI,36.34,36.689999,35.060001,35.790001,432700,
BK,29.26,29.290001,28.1,28.450001,10809300,
BKCC,9.25,9.33,9.22,9.25,778300,
BKD,26.120001,26.24,25.540001,26.110001,1177800,
BKE,51.91,52.23,51.529994,51.929998,330200,
BKF,33.91,34.150002,33.43,33.889999,515000,
BKH,46.029999,46.43,45.07,46.139999,377600,
BKI,37.21,37.27,37.19,37.19,586700,
BKLN,24.709999,24.719999,24.620001,24.629999,3840300,
BKMU,5.66,5.9,5.61,5.9,281100,
BKS,18.49,19.16,18.310001,18.97,2537800,
BKU,25.73,25.92,25.530001,25.83,1192800,
BKW,20,20.13,19.59,19.94,2411800,
BKX,60.07,60.48,59.45,60.15,0,
BLC,14.08,14.11,13.955,14.02,1967200,
BLDP,1.62,1.65,1.58,1.63,384000,
BLDR,6.3,6.39,6.05,6.28,502200,
BLK,258.51001,258.649994,241.990005,248.669998,2622500,
BLKB,32.619999,33.009998,32.419998,32.68,292100,
BLL,42.91,42.990002,42.279999,42.549999,1367100,
BLMN,25.07,25.450001,24.459999,25.049999,1246300,
BLOX,29.09,29.6,28.73,29.200001,1365900,
BLT,12.52,12.65,12.38,12.53,258300,
BLV,84.809998,85.059998,83.720001,83.720001,216200,
BLX,22.200001,22.389999,21.940001,22.290001,131800,
BMC,44.56,44.86,44.56,44.841,5568300,
BMI,43.080002,45.040001,42.990002,44.93,367800,
BMO,56.720001,57.119999,56.439999,56.740002,698900,
BMR,19.09,19.41,18.809999,19.02,3637100,
BMRN,55.610001,56.439999,55.279999,55.599998,2576500,
BMS,38.970001,39.049999,38.189999,38.599998,596600,
BMY,45.009998,46.07,44.830002,45.73,15314100,
BNCL,8.450004,8.520001,8.410001,8.460002,260700,
BND,80.849998,80.900002,80.419998,80.440002,1687300,
BNNY,39.62,40.77,39.43,40.73,204100,
BNO,77.470001,77.489998,76.199997,76.75,63800,
BNS,53.09,53.52,52.759998,53.41,731200,
BOBE,46.029999,46.490002,45.330002,45.689999,334000,
BODY,12.57,12.57,12.08,12.28,16400,
BOFI,48.23,48.639999,47.029999,47.540001,766400,
BOH,49.5,49.709999,49.189999,49.5,680600,
BOIL,42.790001,42.950001,40.900002,41.43,27800,
BOKF,63.169998,63.299999,62.57,62.970001,251500,
BOLT,16.59,16.62,16.4,16.6,29000,
BONA,3.85,3.92,3.75,3.92,66800,
BOND,105.779999,105.989998,105.209999,105.410004,832300,
BONT,19.540001,19.85,17.5,17.68,437300,
BOOM,16.549999,16.719999,16.5,16.690001,48700,
BORN,1.2,1.21,1.15,1.2,10900,
BOTA,3.25,3.25,3.15,3.16,39800,
BP,41.549999,41.849998,41.220001,41.720001,8599000,
BPAX,1.22,1.23,1,1.05,1723500,
BPFH,10.03,10.16,9.91,10.11,1621000,
BPI,12.07,12.19,11.8,12.07,760500,
BPL,66.75,67.400002,66.18,66.599998,882000,
BPO,16.39,16.39,15.9,16.05,1803400,
BPOP,28.969999,29.190001,28.719999,29.059999,1230100,
BPT,95.660004,96.040001,94.480003,94.75,115500,
BPX,64.699997,65.07,64.690002,64.839996,0,
BPY,19.969999,20.459999,19.969999,20.08,71800,
BPZ,1.75,1.79,1.72,1.79,607500,
BR,26.440001,26.5,26.120001,26.17,1078300,
BRC,30.219999,30.49,29.940001,30.42,358700,
BRCD,5.58,5.61,5.48,5.51,5917600,
BRCM,33.299999,33.77,33.130001,33.240002,10016900,
BRE,46.395,47.46,46.33,47.09,970100,
BREW,7.66,8.05,7.65,7.9,61100,
BRF,30.809999,31.280001,30.59,31.27,87800,
BRFS,20.77,21.030001,20.360001,20.82,3086100,
BRK.B,112.629997,113.129997,111.25,112.379997,7188700,
BRKL,8.49,8.61,8.43,8.6,620300,
BRKR,16.01,16.15,15.84,16.01,987000,
BRKS,9.75,9.91,9.64,9.84,557700,
BRLI,28.12,28.69,27.86,28.49,288000,
BRO,31.719999,31.85,31.379999,31.52,1047200,
BRS,63.389999,64.940002,63.09,64.339996,370600,
BRY,43.1,43.29,42.28,42.94,651000,
BSAC,22.41,22.6,22.030001,22.51,530700,
BSBR,6.26,6.28,6.15,6.27,5188400,
BSDM,1.27,1.34,1.26,1.34,139100,
BSET,14.46,14.54,14.02,14.5,47600,
BSFT,28,28.27,27.129999,27.379999,350200,
BSMX,13.5,13.93,13.1,13.74,2522600,
BSRR,14.57,14.66,14.47,14.56,64700,
BSX,9.21,9.29,9.01,9.14,16961700,
BTE,36.169998,36.349998,35.919998,36.25,131700,
BTH,13.71,13.79,13.39,13.76,183000,
BTI,105.040001,105.099998,102.940002,103.75,380200,
BTN,4.04,4.09,3.98,4.07,29100,
BTU,16.170008,16.360009,15.820007,16.000008,482700,
BTX,3.86,4.01,3.76,3.96,388300,
BUD,89,89.029999,86.940002,87.239998,2266500,
BUSE,4.329995,4.489995,4.329995,4.489995,124800,
BV,9.07,9.14,8.94,9.05,543000,
BVN,16.530001,16.540001,15.04,15.98,5357900,
BWA,83.800003,84.040001,82.849998,83.260002,2568800,
BWC,29.690001,29.809999,29.23,29.450001,1089700,
BWEN,4.22,4.26,4.03,4.06,30600,
BWLD,97.5,97.940002,94.400002,95.349998,485600,
BWP,29.709999,30.139999,29.4,29.969999,2489300,
BWS,20.94,21.02,20.37,20.6,588100,
BWX,56.599998,56.93,56.299999,56.299999,921000,
BX,20.700001,20.780001,20.07,20.49,7954000,
BXP,101.470001,102.940002,99.709999,101.940002,1823600,
BXS,16.799999,16.93,16.67,16.879999,1169500,
BYD,10.94,11.14,10.5,10.89,2740300,
BYI,55.58,55.65,54.2,55.1,440000,
BZ,8.28,8.35,8.16,8.27,953000,
BZF,17.139999,17.559999,17.139999,17.559999,58200,
BZH,18.639999,18.799999,17.23,17.83,2432500,
BZQ,97.800003,101.32,96.529999,97.209999,56200,
C,48.23,48.34,45.509998,46.869999,76788800,
CA,27.74,27.77,27.24,27.52,5625100,
CAAS,5.8,5.8,5.15,5.29,173000,
CAB,66.690002,66.900002,65.269997,66.349998,766300,
CACI,61.09,61.529999,60.16,61.41,373000,
CADX,6.41,6.76,6.39,6.64,651900,
CAG,33.19,33.38,32.829998,33.249999,6763100,
CAH,47.779999,48.380001,47.209999,47.23,4281800,
CAJ,33.439999,33.560001,32.860001,33.490002,857800,
CAK,0.55002,0.57,0.54001,0.55002,180600,
CAKE,41.959999,42.169998,40.610001,40.84,1251200,
CALD,6.53,6.6,6.39,6.53,507400,
CALL,15.31,15.3299,14.56,14.66,187981,
CALM,45.810001,46.939999,45.790001,46.779999,227600,
CALX,10.67,10.71,10.08,10.3,783900,
CAM,62.279999,62.369999,60.209999,61.529999,2541800,
CAMP,13.61,13.76,13.22,13.43,325300,
CAP,25.120001,25.120001,24.25,24.459999,184900,
CAR,29.809999,30.02,27.690001,28.09,4575200,
CARB,12.35,12.8,12.35,12.67,112800,
CAS,16.85,17.17,16.75,16.790001,201200,
CASY,59.200001,59.700001,57.869999,58.049999,526200,
CAT,84.019997,84.019997,81.93,83.120003,9736500,
CATM,28.040001,28.25,27.809999,28.059999,415800,
CATO,24.59,24.93,24.32,24.540001,229700,
CATY,19.6,19.889999,19.370001,19.709999,1318700,
CAVM,34.029999,34.52,33.25,34.490002,697200,
CB,86.949997,87.099998,85.779999,86.150002,3006200,
CBAK,1.12,1.14,1.04,1.1,93100,
CBB,3.01,3.08,2.91,3.03,568600,
CBD,43.099998,43.139999,41.869999,42.860001,523200,
CBEY,7.87,8.06,7.45,8,345000,
CBF,18.83,19.25,18.639999,18.709999,773700,
CBG,21.85,21.860001,21.02,21.5,5297000,
CBI,59.669998,59.91,58.009998,59.130001,2653200,
CBK,6.09,6.09,5.82,5.84,409400,
CBL,21.459999,21.59,20.49,20.969999,3450200,
CBLI,1.49,1.57,1.48,1.48,3300,
CBM,14.07,14.35,13.98,14.33,182300,
CBOE,42.689999,43.130001,41.970001,42.610001,703700,
CBR,3.55,3.69,3.45,3.66,397900,
CBRL,92.690002,93.449997,90.199997,91.57,247700,
CBS,47.400002,47.610001,46.400002,46.889999,8170100,
CBS.A,47.369999,47.540001,46.299999,46.299999,28800,
CBSH,43.360138,43.940128,43.040138,43.110131,2265900,
CBST,49.22,50.24,49,49.69,1570400,
CBT,38.040001,38.040001,37.259998,37.799999,522100,
CBU,29.25,29.690001,29.1,29.629999,321400,
CBZ,6.56,6.74,6.54,6.71,188100,
CCC,16.290001,16.809999,16.280001,16.440001,1755700,
CCE,34.919998,34.959999,34,34.490002,3741800,
CCG,11.47,11.64,11.32,11.39,673200,
CCI,68.080002,68.75,67.059998,68.529999,3083200,
CCIX,19.13,19.21,18.32,18.47,142900,
CCJ,20.6,20.639999,20.280001,20.540001,1594700,
CCK,40.880001,40.98,39.950001,40.240002,1261800,
CCL,33.48,33.779999,33.139999,33.43,8205600,
CCM,4.100004,4.18,4.100004,4.100004,3500,
CCMP,33.860001,34.200001,33.150002,33.630001,201000,
CCO,7.41,7.44,7.33,7.4,98800,
CCOI,27.610001,27.799999,27.360001,27.709999,322100,
CCRN,4.95,5.22,4.83,5.16,144900,
CCUR,7.65,7.68,7.5,7.67,43700,
CDD,103.730003,104.870003,103.709999,104.57,0,
CDE,12.68,12.96,12.33,12.79,2580000,
CDI,14.62,14.62,14.28,14.52,79100,
CDNS,14.44,14.44,14.12,14.37,3991600,
CDR,5.33,5.37,5.17,5.35,582500,
CDZI,5.11,5.11,4.8,4.87,539700,
CE,46.66,46.77,45.240002,46.099998,1246100,
CEB,59.720001,60.419998,59.32,60.139999,321300,
CEC,0.73081,0.73081,0.73081,0.73081,1400,
CECE,12.31,12.4,12.25,12.29,69700,
CECO,2.71,2.75,2.62,2.69,2130000,
CEL,8.98,8.98,8.76,8.87,113200,
CELG,114.220001,115.800003,111.709999,113.889999,10233400,
CENTA,7.34,7.41,7.22,7.3,274200,
CENX,9.34,9.35,9.04,9.05,1771000,
CEO,163.990005,164.990005,160.929993,163.190002,192900,
CERN,94.940002,95.809998,94.099998,94.589996,3594000,
CERS,4.41,4.57,4.4,4.45,509000,
CETV,3.29,3.48,3.27,3.45,959300,
CEVA,18.049999,18.33,17.92,18.280001,270400,
CF,185.160007,185.440006,181.000004,182.670002,7893000,
CFI,17.73,17.940001,17,17.07,95800,
CFN,36.45,37.17,36.45,37.01,2710300,
CFNL,14.96,14.96,14.71,14.83,242500,
CFR,64.07,65,64.040001,64.849998,829300,
CFX,51.32,51.490002,50.16,50.849998,684200,
CG,25.780001,26.190001,24.549999,25.09,963600,
CGA,2.85,2.85,2.81,2.84,28800,
CGEN,6.13,6.13,5.86,5.92,65800,
CGG,22.82,23.09,22.74,23.09,200,
CGI,18.709999,18.75,18.370001,18.65,138400,
CGNX,44.84,45.209999,44.5,45.07,502600,
CGX,47.05,47.23,46.55,46.7,44500,
CHCO,38.849998,39.139999,38.650002,38.68,148100,
CHD,59.700001,60.330002,59.52,60.009998,1512800,
CHDN,79.300003,80.139999,78.269997,78.410004,94900,
CHDX,15.62,15.95,15.55,15.91,47000,
CHE,73.410004,74.169998,73.190002,73.5,336200,
CHEF,17.27,17.389999,16.92,16.959999,62000,
CHFC,25.559999,26.450001,25.190001,26.120001,138700,
CHH,39.279999,39.43,38.73,39.27,195500,
CHIQ,13.35,13.42,13.13,13.32,303000,
CHK,20.23,20.320002,19.800001,20.220001,11542400,
CHKP,49.099998,49.5,48.57,49.189999,2274800,
CHKR,14.91,14.97,14.71,14.89,115800,
CHL,49.32,49.689999,48.82,49.5,1763700,
CHLN,1.89,1.94,1.86,1.86,10700,
CHMT,21.9,22.190001,21.469999,21.940001,892400,
CHOP,1.92,1.99,1.9,1.97,200,
CHRW,54.779999,55.73,54.48,54.790001,5348500,
CHS,16.66,16.66,16.27,16.370001,3972400,
CHSP,20.49,20.620001,20.059999,20.299999,637500,
CHT,31.34,31.35,31.01,31.040001,322100,
CHTP,2.26,2.35,2.15,2.235,829800,
CHTR,114.349998,120.599998,114.349998,119.68,2468700,
CHU,12.88,12.96,12.64,12.79,798200,
CHUY,39.02,39.200001,37.5,38.91,238700,
CI,69.940002,71.400002,69.790001,71.040001,3838900,
CIB,55.950001,56.200001,54.599998,54.73,448700,
CIE,26,26.07,25.299999,25.790001,2580700,
CIEN,19.809999,20.049999,19.450001,19.790001,4064500,
CIG,8.460002,9.040001,8.290001,8.680006,9399000,
CIM,2.96,2.99,2.92,2.92,4143700,
CINF,45.650002,45.759998,45.09,45.400002,955200,
CIS,1.721,1.73,1.69,1.72,56528,
CISG,6.12,6.15,6.06,6.15,21400,
CIT,46.91,47.16,45.88,46.16,1819579,
CJES,18.610001,19.18,18.6,19,908900,
CKEC,17.5,17.6,17.32,17.530001,155800,
CKH,79.940002,79.959999,78.989998,79.110001,267000,
CKP,14.18,14.45,14.03,14.05,327600,
CKSW,8,8.4,7.82,8.27,124300,
CL,56.389999,57.09,56.009998,56.810001,6013600,
CLB,150.220001,151.789993,147.350006,150.270004,827400,
CLC,51.759998,52.349998,51.259998,52.200001,526000,
CLD,17.049999,17.379999,17,17.18,1402500,
CLDT,16.379999,16.58,16.24,16.58,266100,
CLDX,14.39,14.74,13.58,14.06,3108000,
CLF,17.719999,17.9,16.879999,17.190001,12336100,
CLGX,22.17,22.25,21.5,21.879999,1397000,
CLH,53.009998,53.279999,51.740002,51.860001,735200,
CLI,23.110001,23.49,22.799999,23.299999,1562300,
CLMS,10.5,10.66,10.44,10.51,269800,
CLMT,35.099998,35.740002,34.25,35.029999,827300,
CLNE,12.55,12.66,12.25,12.59,1104300,
CLNY,19.389999,19.9,19.360001,19.879999,3264500,
CLP,4700,4700,4700,4700,0,
CLR,84.959999,85.410004,82.589996,84.199997,1821000,
CLS,9.24,9.35,9.1,9.13,345800,
CLSN,1.33,1.35,1.21,1.220001,715400,
CLW,48.07,48.169998,46.759998,48.040001,252400,
CLWR,5.03,5.14,5.015,5.08,57196500,
CLX,82.300003,82.949997,81.769997,82.580002,1119800,
CM,72.5,72.550003,71.57,71.949997,634100,
CMA,37.68,38.84,37.509998,38.639999,4855300,
CMC,14.25,14.3,13.9,13.96,1440600,
CMCO,21,21.139999,20.9,20.969999,108000,
CMCSA,39.220001,39.82,38.889999,39.77,46303000,
CMCSK,37.84,38.259998,37.52,38.110001,3248500,
CME,77.690002,77.760002,75.150002,76.790001,4624400,
CMG,363.26001,363.26001,355.920013,361.640015,691200,
CMI,113,113.360001,110.839996,111.120003,2635100,
CMLP,22.200001,22.200001,21.030001,22,1099600,
CMN,33.310006,34.510005,33.209999,34.410001,210600,
CMO,12.13,12.4,12.03,12.39,2351800,
CMP,83.330002,84.25,82.940002,83.110001,512300,
CMRE,17.450001,17.48,17.16,17.34,151000,
CMS,26.1,26.48,25.76,26.4,2888000,
CMTL,26.059999,26.059999,25.280001,25.809999,310800,
CNA,31.200001,31.200001,30.209999,30.709999,1025100,
CNC,50.560001,50.889999,49.200001,50.080002,1722400,
CNDO,7.61,8.32,7.61,8.27,624700,
CNH,41.69,42.06,40.5,40.62,343400,
CNI,95.260002,95.629997,94.5,95.169998,2509000,
CNIT,2.65,2.65,2.63,2.64,14300,
CNK,27.32,27.49,26.9,27.08,1161800,
CNL,44.150002,45.139999,43.869999,45.080002,697600,
CNMD,30.5,30.52,30.26,30.5,223300,
CNO,12.8,12.85,12.48,12.67,1990600,
CNP,22.65,22.92,22.219999,22.76,3039800,
CNQ,28.370001,28.549999,27.860001,28.120001,2646700,
CNQR,77.4,77.89,76.13,76.25,1068900,
CNS,34.619999,34.639999,33.619999,33.810001,181800,
CNSI,29,29.370001,28.83,29,317800,
CNSL,16.870001,16.889999,16.5,16.58,285600,
CNW,38.860001,39.169998,37.84,38.889999,1522100,
CNX,30.360001,30.450001,29.75,29.790001,3386900,
COCO,2.17,2.17,2.12,2.16,901200,
CODE,1.12,1.12,1.12,1.12,0,
CODI,16.77,16.91,16.57,16.860001,101900,
COF,62.09,62.16,60.709999,61.360001,4593700,
COG,69.370003,69.379997,67.040001,68,5773000,
COGO,2,2,1.97,1.97,28000,
COH,57.779999,57.889999,56.099998,56.540001,3980200,
COHR,55.299999,56.220001,54.459999,56.049999,109200,
COHU,11.62,11.88,11.56,11.85,128900,
COL,62.799999,63.32,62.43,62.84,1062200,
COLB,22.08,22.549999,21.959999,22.540001,953800,
COLM,61.84,62.779999,61.419998,61.52,287400,
CONE,19.48,19.549999,19.01,19.4,316000,
CONN,52.029999,52.220001,48.700001,49.889999,915600,
COO,117.970001,119,117.480003,118.599998,324800,
COP,60.77,60.799999,59.549999,60.360001,8780900,
COR,29.940001,30.17,29.4,30.129999,226600,
CORE,62.25,64.150002,62.200001,63.75,447200,
CORN,41.84,42.209999,41.740002,41.900002,39400,
CORR,7.2,7.26,7.04,7.08,35100,
CORT,1.7,1.79,1.69,1.79,220800,
COST,108.389999,109.580002,107.900002,108.650002,3111500,
COT,7.61,7.67,7.53,7.64,502400,
COTY,16.75,17.07,16.5,16.99,2542800,
COV,56.34,56.79,55.87,56.31,4907100,
COW,26.809999,27.07,26.709999,27.040001,32500,
COWN,3.04,3.05,2.94,2.97,618300,
CP,120.019997,120.449997,117.720001,119.010002,1022100,
CPA,135.869995,136.039993,132.690002,133.699997,279700,
CPB,43.509998,43.869999,43.110001,43.57,1993500,
CPE,3.4,3.44,3.33,3.44,305500,
CPF,17.629999,17.93,17.450001,17.93,281500,
CPHD,32.240002,32.650002,31.610001,32.650002,718300,
CPIX,5.05,5.07,5.01,5.04,71500,
CPL,17.329952,17.339952,16.749948,16.969949,675000,
CPLA,41.200001,41.220001,39.580002,40.490002,145400,
CPLP,9.1,9.12,8.92,8.98,174800,
CPN,21.200001,21.299999,20.959999,20.959999,5176100,
CPRT,31.23,31.5,30.709999,30.9,992800,
CPSI,49.029999,49.549999,48.610001,49.48,166200,
CPSS,7.27,7.38,7.03,7.21,109500,
CPT,63.610001,66.089996,63.509998,65.309998,1654500,
CPWR,10.2944,10.3424,9.94871,10.0351,2899200,
CQB,10.31,10.34,9.9,10.17,492300,
CQP,26.59,26.67,25.68,26.030001,215600,
CQQQ,25.299999,25.299999,24.77,25.030001,2900,
CR,57.66,57.759998,56.349998,57.200001,346800,
CRAY,19.75,19.92,19.41,19.610001,585900,
CREE,63.209999,63.700001,60.330002,61.040001,2622100,
CRH,20.34,20.360001,19.84,20.040001,395100,
CRI,72.669998,73.730003,71.370003,73.150002,1739400,
CRIS,3.3,3.39,3.2,3.39,589200,
CRK,16.22,16.380001,15.830001,16.32,247200,
CRL,41.779999,41.919998,41.220001,41.630001,535400,
CRM,37,38.830002,36.09,38.299999,15540200,
CRME,2.05,2.06,1.91,2.01,11500,
CRMT,43,43.080002,42.130001,42.130001,79200,
CRNT,3.43,3.44,3.32,3.32,20900,
CROC,45.75,46.18,45.509998,45.73,41000,
CROX,15.95,16.049999,15.61,15.79,1293500,
CRR,69.139999,69.18,64.879997,65.660004,686700,
CRRC,13.95,14.32,13.84,14.29,71100,
CRS,46.459999,46.59,45.509998,45.73,495300,
CRTX,8.53,8.94,8.47,8.8,76600,
CRUS,17.389999,17.719999,17.02,17.48,2287100,
CRY,5.98,6.23,5.91,6.21,128700,
CRZO,28.16,28.33,27.52,28,935900,
CS,27.290001,27.309999,26.540001,26.780001,2615000,
CSC,44.720001,44.720001,43.089998,44.349998,5753300,
CSCO,24.379999,24.620001,24.209999,24.48,62052200,
CSE,9.39,9.41,9.19,9.34,1185500,
CSGP,121.839996,124.779999,121.839996,124.629997,205400,
CSGS,21.48,21.610001,21.219999,21.57,232800,
CSH,46.910004,47.049999,45.950004,46.469997,578100,
CSII,20.889999,20.969999,19.799999,20.83,338100,
CSIQ,9.38,9.46,8.78,9.14,2859500,
CSL,63.380001,63.59,62.580002,62.700001,582500,
CSOD,44.419998,44.830002,43.849998,44.48,604300,
CST,32.169998,32.459999,31.700001,32.32,2405600,
CSTE,27.299999,27.85,27.08,27.15,117500,
CSTM,15.54,15.54,15.26,15.32,292600,
CSTR,57.44,59.04,57.11,59.04,723800,
CSU,23.74,23.969999,22.469999,23.01,403700,
CSUN,1.83,1.92,1.83,1.9,75900,
CSV,17.26,17.73,17.030001,17.200001,123100,
CSX,24.120001,24.120001,23.34,23.469999,15667800,
CTAS,45.48,45.580002,44.869999,45.130001,847000,
CTB,30.870001,31.389999,30.360001,31.32,2757700,
CTCM,11.73,12.02,11.73,11.9,482000,
CTCT,16.719999,16.9,16.48,16.629999,343500,
CTGX,23.01,23.01,22.34,22.38,144500,
CTIC,1.22,1.25,1.2,1.22,849800,
CTL,34.419998,34.810001,34.139999,34.18,8509000,
CTRN,14.03,14.36,14.03,14.31,73400,
CTRP,32.369999,32.639999,30.879999,31.35,2529000,
CTRX,50.57,50.849998,49.450001,49.98,3607500,
CTS,12.02,13.01,11.96,12.96,284500,
CTSH,62.759998,63.25,61.990002,62.310001,8958400,
CTXS,61.300003,61.300003,59.579999,59.989998,4780800,
CU,20.610001,20.75,20.32,20.57,10000,
CUB,48.970001,49.23,48,49.209999,199300,
CUBE,15.71,16.059999,15.6,16.049999,2430400,
CUI,5.34,5.53,5.33,5.41,58595,
CUK,34.389999,34.560001,33.990002,34.200001,109300,
CUTR,8.6,8.74,8.29,8.64,753700,
CUZ,9.680001,9.74,9.55,9.680001,2003500,
CVA,20.059999,20.17,19.74,19.799999,1029000,
CVBF,11.37,11.45,11.28,11.44,1072100,
CVC,14.93,15.08,14.69,14.96,3104600,
CVD,75.45,76.22,75.4,75.78,374000,
CVE,28.6,28.809999,28.200001,28.309999,1291500,
CVG,17.469999,17.75,17.309999,17.74,1355200,
CVGI,7.64,7.84,7.39,7.8,180100,
CVGW,26.450001,26.59,26.23,26.459999,92800,
CVI,51.009998,51.099998,48.220001,49.220001,1312300,
CVLT,76.300003,77.279999,75.110001,77.120003,743000,
CVO,2.1,2.18,2.05,2.17,63600,
CVRR,30.120001,30.24,28.299999,29.32,1133700,
CVS,57.5,58.139999,57.169998,57.57,7464400,
CVU,10.14,10.14,10,10.04,51800,
CVX,119.239998,119.540001,117.260002,118.93,10692100,
CVY,23.32,23.530001,23.030001,23.32,475700,
CW,36.650002,36.66,35.939999,36.639999,227300,
CWCO,10.76,11.07,10.61,11,410700,
CWH,0.14,0.14,0.14,0.14,0,
CWST,4.09,4.09,4.01,4.06,163200,
CWT,19.23,19.389999,18.68,19.24,965900,
CWTR,2.25,2.53,2.2,2.5,2517700,
CX,10.03997,10.03997,9.12997,9.819963,42541400,
CXDC,4.06,4.1,4.05,4.07,13400,
CXO,87.25,87.25,83.57,85.18,1594200,
CXPO,2.8,2.92,2.78,2.9,91500,
CXW,33.43,33.799999,32.950001,33.040001,2855900,
CY,10.61,10.72,10.46,10.49,2944500,
CYB,25.959999,26.040001,25.91,25.98,104100,
CYBX,50.880001,51.900002,50.869999,51.360001,335900,
CYC,1172.66,1172.66,1172.66,1172.66,0,
CYCC,3.009999,3.049999,2.859999,2.989999,32400,
CYD,17.879999,17.950001,17.75,17.83,44200,
CYH,46.230002,46.440001,45.160003,45.38,1247500,
CYN,61.91,62.240002,61.389999,61.849998,787500,
CYNO,23.18,23.67,23.01,23.66,227200,
CYOU,29.42,29.690001,28.639999,28.93,150900,
CYS,9.66,9.76,9.32,9.34,6414800,
CYT,75.110001,75.269997,73.709999,73.879997,1050600,
CYTR,2.07,2.07,1.98,2.01,91000,
CYTX,2.230001,2.330001,2.210001,2.320001,27000,
CZR,12.53,12.7,12,12.46,838200,
CZZ,16.200001,16.549999,15.45,15.55,1316700,
D,54.68,55.16,53.790001,55.009998,4858000,
DAKT,10.04,10.15,9.96,10.13,264800,
DAL,18.540001,18.66,17.82,18.280001,10310600,
DAN,18.41,18.469999,17.73,18.030001,3009300,
DANG,7,7.07,6.55,7.05,3400100,
DAR,19.1,19.1,18.610001,18.709999,1241000,
DATA,55.380001,57.209999,54.84,55.27,247600,
DATE,5.13,5.25,5.11,5.24,10900,
DAVE,14,15.47,13.74,14.82,85500,
DB,43.819999,44.100001,43.099999,43.819999,2582900,
DBA,25.25,25.370001,25.200001,25.299999,1313300,
DBB,16.35,16.4,16.27,16.35,119400,
DBC,25.620001,25.65,25.35,25.43,3324300,
DBD,31.77,31.879999,31.43,31.709999,740600,
DBE,27.42,27.459999,27.030001,27.190001,64400,
DBEF,23.940001,24.059999,23.57,23.940001,42500,
DBJP,33.25,33.439999,32.84,33.439999,62000,
DBLE,4.09,4.09,3.96,4.04,32700,
DBO,25.83,25.860001,25.219999,25.43,179100,
DBP,42.25,42.360001,42.110001,42.25,279900,
DBS,33.360001,33.73,33.360001,33.73,14900,
DBV,25.18,25.219999,25.02,25.17,761100,
DCI,34.959999,35.25,34.849998,34.970001,811800,
DCIX,5,5.03,4.87,4.9,47900,
DCM,14.96,15.05,14.89,15.02,231500,
DCO,21.049999,21.18,20.73,20.84,99800,
DCT,7.09,7.2,6.96,7.07,2434200,
DCTH,0.47,0.48,0.42,0.44,8000,
DD,53.049999,53.129999,52.28,52.909999,12803600,
DDC,14.25,14.41,14.07,14.14,211000,
DDD,44.23,44.639999,41.509998,43.5,6202600,
DDM,91.480003,91.800003,89.699997,91.099998,967200,
DDR,16.219999,16.27,15.84,16.110001,6353600,
DDS,81.260002,81.57,80,80.459999,597700,
DE,83.480003,83.699997,81.730003,82.470001,4798300,
DECK,50.93,51.060001,48.18,48.779999,1274100,
DEI,23.809999,24.25,23.58,24.09,1220600,
DELL,13.38,13.38,13.32,13.35,22960400,
DEM,48.099998,48.5,47.419998,48.310001,1841500,
DENN,5.5,5.54,5.38,5.39,1290800,
DEO,115.639999,115.650002,113.150002,113.709999,610100,
DEPO,5.76,5.88,5.71,5.88,564000,
DES,57.240002,57.68,56.799999,57.5,118600,
DEST,25.299999,25.370001,25.1,25.200001,70700,
DF,9.96,10.03,9.76,9.99,1449200,
DFJ,47.57,47.73,46.869999,47.490002,97000,
DFRG,20.120001,20.690001,19.92,20.280001,130700,
DFS,47.099998,47.18,45.950001,46.389999,5142300,
DFT,22.299999,23.139999,22.299999,22.99,1540100,
DG,50.299999,50.330002,49.470001,50.209999,4118300,
DGI,30.860001,31.15,29.92,30.76,625000,
DGII,9.55,9.76,9.46,9.62,179300,
DGIT,6.54,6.62,6.44,6.48,758100,
DGL,43.66,43.91,43.630001,43.779999,48800,
DGRW,24.120001,24.299999,23.809999,24.08,66700,
DGS,45.400002,46.130001,45.299999,45.919998,362500,
DGX,61.279999,62.029999,60.93,61.07,1286900,
DHI,21.52,21.65,19.940001,21.1,16532300,
DHR,62.589998,62.879998,61.670003,62.11,7884100,
DHT,4.4,4.52,4.39,4.44,20400,
DHX,8.99,9.12,8.87,8.93,537200,
DIA,148.029999,148.279999,146.529999,147.729996,10968600,
DIG,54.68,54.860001,52.93,54.049999,203900,
DIN,70.309998,70.349998,67.510002,68.209999,240500,
DIOD,24.969999,25.18,24.5,25.08,746900,
DIS,62.619999,63.080002,61.82,62.73,11892400,
DISCA,75.160002,75.620002,74.200001,75.419998,3739000,
DISCK,67.519997,68.129997,66.629997,67.480003,1157400,
DISH,39.509998,41.110001,39.5,40.41,5526800,
DJP,37.639999,37.639999,37.369999,37.439999,400000,
DJX,147.61,148.59,146.88,147.99,42007519232,
DK,30.110001,30.25,28.889999,29.16,1118600,
DKL,32.990002,33.189999,31.5,33.139999,22200,
DKS,50.43,50.639999,49.639999,50.23,2232200,
DLB,33.259998,33.560001,32.790001,33.290001,260300,
DLLR,15,15.07,14.73,14.95,533900,
DLN,59.73,59.73,58.950001,59.419998,230900,
DLPH,50.830002,50.830002,49.040001,49.689999,2965600,
DLR,56.48,58.549999,56.48,58.34,1964000,
DLTR,49.639999,50.650002,48.509998,49.41,4255900,
DLX,34.650002,34.990002,34.41,34.700001,674500,
DM,1.62,1.66,1.57,1.65,443400,
DMD,8.27,8.359999,8.180001,8.310003,118400,
DMLP,23.719999,24.030001,23.620001,23.77,59900,
DMND,20.469999,20.49,19.9,20.120001,404600,
DNB,96.790001,96.889999,94.550003,95.690002,514200,
DNDN,3.89,4.045,3.87,3.875,5961567,
DNKN,42.310001,42.470001,41.66,41.889999,1581100,
DNN,1.18,1.18,1.16,1.18,573700,
DNO,36.77,37.41,36.759998,37.16,19600,
DNR,17.540001,17.540001,16.93,17.059999,7714600,
DO,67.029999,67.440002,66.32,66.910004,1329200,
DOG,29.780001,30.09,29.73,29.85,1796400,
DOLE,12.62,12.79,12.56,12.79,1603800,
DOM,5.01,5.02,4.89,4.95,28500,
DORM,44.919998,45.470001,44.720001,45.330002,241900,
DOV,77.510006,77.810006,76.060001,77.369999,1882300,
DOW,33.529999,33.560001,32.189999,32.630001,13418700,
DOX,36.119999,36.220001,35.66,36.150002,3378800,
DPK,14.49,15.18,14.4,14.75,12700,
DPM,52.150002,52.389999,49.790001,49.950001,713500,
DPS,45.57,45.73,45.080002,45.540001,2279700,
DPZ,57.700001,57.91,56.810001,57.5,1156600,
DRC,59.919998,60.02,57.580002,57.759998,1214700,
DRD,5.6,5.85,5.53,5.77,355300,
DRE,14.74,14.92,14.42,14.82,5034300,
DRH,8.84,9.05,8.83,8.95,2601100,
DRI,50.939999,51,48.779999,50.119999,5735000,
DRIV,18.19,18.45,18.07,18.27,637700,
DRN,38.700001,40.43,37.439999,39.25,3273200,
DRQ,89.449997,90.510002,87.959999,89.5,636500,
DRRX,0.97,1,0.84,0.9,947800,
DRV,18.43,19,17.530001,17.93,141700,
DRWI,2.49,2.59,2.38,2.47,5000,
DRYS,1.809999,1.809999,1.749999,1.789999,100,
DSCI,13.11,13.37,13.09,13.27,49100,
DSCO,1.620001,1.620001,1.600001,1.620001,28000,
DSL,22.27,22.49,22,22.379999,528500,
DSS,2.72,2.72,2.36,2.64,121000,
DST,65.099998,65.32,64.360001,64.860001,261300,
DSW,72.800003,72.980003,72.099998,72.720001,572200,
DSX,9.66,9.87,9.55,9.81,743400,
DTE,64.400002,65.029999,63.380001,64.669998,1660300,
DTLK,11.01,11.12,10.66,10.93,100800,
DTN,61.970001,62.07,61.290001,61.82,97100,
DTSI,20.93,21.08,19.870001,20.969999,241800,
DTV,60.43,62.110001,60.330002,61.73,9541000,
DUG,65.540001,68.040001,65.019997,66.57,252100,
DUK,65.489998,66.190002,64.620003,65.580002,6334900,
DUST,122.929997,137.259997,120.749997,123.049997,47000,
DV,29.23,29.309999,28.93,29.25,613900,
DVA,124.5,125.510002,122.559998,123.5,2176200,
DVAX,1.09,1.12,1.06,1.08,511000,
DVN,53.200001,53.549999,52.779999,53.43,5514300,
DVR,0.15,0.15,0.15,0.15,0,
DVY,63.200001,63.630001,62.650002,63.41,1772500,
DW,40.139999,40.48,39.639999,40.060001,187000,
DWA,24.540001,24.959999,24.27,24.280001,939500,
DWRE,36.639999,38.34,36.200001,38.110001,516600,
DWSN,8.219918,8.309917,8.099919,8.299917,24400,
DWX,43.310001,43.459999,42.43,42.990002,546600,
DX,10.07,10.22,10.01,10.21,789400,
DXCM,20.25,20.959999,19.93,20.940001,844200,
DXD,35.700001,36.450001,35.599998,35.84,1914200,
DXJ,45.220001,45.419998,44.43,45.310001,8585800,
DXLG,5.89,6.05,5.89,6.02,303800,
DXM,18.67,18.959999,17.639999,17.75,125000,
DXPE,65.360001,66.230003,64.550003,65.739998,223600,
DY,22.700001,22.84,22.200001,22.66,317900,
DYAX,3.25,3.45,3.25,3.42,1049600,
DYN,22.1,22.370001,21.75,22.370001,1244300,
DZK,46.610001,46.849998,44.560001,45.799999,23800,
E,40.900002,40.970001,40.419998,40.779999,405600,
EA,22.15,22.66,21.75,21.98,5704300,
EAT,39.689999,39.830002,37.84,38.389999,2400900,
EBAY,50.809998,51.239999,50.25,51.129997,32499800,
EBF,16.559999,17.040001,16.309999,17.040001,97900,
EBIX,11.03,11.55,8.21,9.52,15922600,
EBR,2.07,2.1,2.02,2.02,2910200,
EBR.B,3.79,3.83,3.71,3.77,232700,
EBS,14.34,14.58,14.33,14.56,205700,
EC,41.009998,41.509998,40.57,41.459999,390700,
ECA,17.33,17.41,17.02,17.25,5445600,
ECH,50.830002,51.330002,50.25,51.130001,442700,
ECHO,18.25,18.98,18.219999,18.629999,211600,
ECL,84.290001,84.349998,82.93,83.769997,2312100,
ECOL,27.68,27.75,26.91,27.059999,137700,
ECPG,34.41,34.84,34.130001,34.32,479000,
ECT,9.76,9.95,9.45,9.7,135100,
ECYT,12.78,13.06,12.61,12.85,343400,
ED,56.23,56.84,55.599998,56.389999,3246400,
EDAP,2.71,2.84,2.7,2.76,79400,
EDC,20.809999,21.200001,19.809999,20.870001,402800,
EDE,21.42,21.74,21.35,21.73,333100,
EDIV,37.73,37.959999,37.380001,37.82,213100,
EDMC,6.92,6.99,6.21,6.22,511700,
EDR,9.519905,9.689903,9.479906,9.649904,614000,
EDU,21.219999,21.58,21.17,21.42,2540000,
EDZ,68.669998,72.400002,67.370003,68.839996,985700,
EE,34.560001,35.75,34.360001,35.73,323800,
EEB,30.16,30.24,29.719999,30.1,86000,
EEFT,30.52,30.540001,29.879999,30.280001,284300,
EEM,37.400002,37.639999,36.779999,37.41,122377400,
EEMV,55.240002,55.349998,54.290001,55.119999,694000,
EEP,29.709999,30.049999,28.77,29.309999,1543000,
EEQ,29.060096,29.530097,28.390087,29.010093,218100,
EET,59.540001,60.540001,57.759998,59.990002,14200,
EEV,28.4,29.43,28.08,28.370001,1093700,
EFA,58.419998,58.470001,57.43,57.939999,30474300,
EFAV,57.16,57.290001,56.41,57.029999,83400,
EFC,23.049999,23.110001,22.379999,22.52,137400,
EFG,62.59,62.610001,61.459999,62.110001,45200,
EFII,28.059999,28.33,27.85,27.940001,380400,
EFU,60.439999,62.25,60.439999,61.16,11700,
EFV,49.619999,49.689999,48.740002,49.25,442000,
EFX,59.900002,60.07,58.34,58.450001,862100,
EFZ,39.779999,40.52,39.77,40.150002,164900,
EGAN,7.94,7.95,7.56,7.75,79900,
EGBN,22.040001,22.040001,21.6,21.85,95200,
EGHT,8.25,8.34,7.99,8.17,4499200,
EGLE,3.410006,3.490006,3.130006,3.250006,1600,
EGN,53.02,53.220001,51.650002,52.48,728700,
EGO,6.22,6.31,6.06,6.24,6451400,
EGOV,16.26,16.309999,15.51,15.99,862200,
EGP,54.169998,54.57,53.169998,54.330002,245300,
EGY,5.74,5.76,5.525,5.56,1305100,
EHTH,23.059999,23.059999,22.379999,22.629999,267400,
EIG,24.41,24.790001,23.950001,24.559999,313500,
EIX,45.299999,46.25,44.860001,46.060001,3421600,
EJ,4.490002,4.610001,4.099999,4.119999,674500,
EKDKQ,0.1605,0.185,0.119,0.128,17013600,
EL,65.919998,66.279999,64.790001,65.790001,2045600,
ELD,47.209999,47.5,46.82,46.84,1113200,
ELGX,13.32,13.54,13.3,13.48,652200,
ELLI,23.01,23.139999,22.23,22.34,833400,
ELN,14,14.05,13.9,13.98,5505200,
ELNK,6.02,6.16,5.99,6.16,1139900,
ELON,2.27,2.28,2.15,2.28,31600,
ELOS,8.34,8.54,8.15,8.5,79500,
ELP,12.28,12.56,11.73,11.77,1374100,
ELRC,16.559999,17.27,16.48,17.120001,77200,
ELX,6.33,6.39,6.28,6.29,1431700,
ELY,6.65,6.65,6.48,6.58,824400,
EMAN,3.51,3.55,3.4,3.47,67907,
EMB,107.709999,108.470001,104.769997,105.510002,3742200,
EMC,24.9,24.940001,24.25,24.33,22693900,
EME,39.93,40.040001,39.009998,39.939999,506300,
EMKR,3.85,3.9,3.68,3.78,128500,
EMLC,24.200001,24.35,24.01,24.15,724300,
EMN,71,71.169998,69.449997,70.790001,1594500,
EMR,54.779999,55.040001,54.130001,54.759998,4889500,
ENB,41.810001,41.849998,41.220001,41.580002,2359600,
END,3.41,3.62,3.26,3.37,581500,
ENDP,37.650002,37.990002,36.919998,37.810001,3455400,
ENG,0.88,0.98,0.8,0.94,86700,
ENH,50.130001,50.27,48.709999,49.029999,560600,
ENI,14.95,15.04,14.73,14.91,753700,
ENOC,12.34,12.41,11.61,12.02,434900,
ENPH,6.58,7.25,6.33,7.19,833100,
ENR,99.940002,100.129997,97.739998,98.269997,601400,
ENS,49.099998,49.32,48.279999,48.619999,558000,
ENSG,35.709992,35.99,35.469997,35.570005,432200,
ENTG,9.67,9.79,9.52,9.64,1067400,
ENTR,4.19,4.32,4.14,4.295,1010900,
ENVI,1.95,2.17,1.94,2.09,289700,
ENZ,2.13,2.17,2.05,2.09,349900,
ENZN,1.72,1.75,1.64,1.65,839300,
EOC,41.23,41.970001,41.009998,41.59,138100,
EOG,132.240005,132.399994,128.570007,130.399994,4786600,
EOPN,16.9,17.1,16.78,16.94,69500,
EOX,6.4,6.64,6.3,6.63,34100,
EPAM,26.5,27,26.17,26.940001,540100,
EPAX,3.47,3.5,3.39,3.4,34400,
EPAY,25.799999,25.870001,25.34,25.459999,497500,
EPB,40.56,41,39.8,40.99,869500,
EPD,58.919998,59.560001,57.380001,58.73,11581600,
EPI,15.91,15.98,15.65,15.89,5784400,
EPIQ,13.11,13.54,12.95,13.54,202500,
EPL,28.36,28.7299,27.61,28.32,680600,
EPM,10.88,11.12,10.72,11.06,140400,
EPP,43.470001,43.77,42.740002,43.259998,1340700,
EPR,48.75,49.389999,47.540001,49.009998,796200,
EPU,34.470001,34.57,33.900002,34.049999,64100,
EPV,23.530001,24.52,23.530001,24.129999,64100,
EPX,406.94,408.13,399.82,406.57,0,
EQIX,178.039993,179.130005,174.899994,178.070007,2220200,
EQM,50.439999,50.459999,49.509998,49.869999,616500,
EQR,53.419998,55.34,53.360001,54.73,3829400,
EQT,79.760002,80.199997,78.660004,79.660004,1276800,
EQU,3.75,3.83,3.68,3.83,107500,
EQY,21.530001,21.719999,21.190001,21.52,983100,
ERF,14.6,14.66,14.21,14.26,781000,
ERIC,11.37,11.37,11.08,11.18,2626700,
ERII,3.97,4.45,3.96,4.37,1191700,
ERJ,37.599998,37.66,36.869999,36.869999,1341700,
EROC,8.48,8.48,8.2,8.39,636800,
ERX,63.650002,63.700001,60.16,62.5,975100,
ERY,31.110001,32.889999,31.08,31.709999,1019400,
ESC,23.06,23.15,22.4,23,604000,
ESE,31.719999,32.110001,31.280001,32.02,151700,
ESEA,1.01,1.03,1.01,1.02,12500,
ESI,24.6,24.66,22.41,23.540001,1074600,
ESIO,10.71,10.81,10.6,10.78,151500,
ESL,70.559998,71.139999,70,71.050003,288200,
ESRX,61.509998,62.279999,60.599998,61.959999,9641500,
ESS,149.149994,153.75,149.139999,152.600006,303600,
ESV,57.360001,57.66,56.619999,57.349998,1871300,
ET,33.59,33.64,33.57,33.59,1549000,
ETE,54.130001,55.830002,53.110001,55.669998,38418800,
ETFC,12.18,12.34,12,12.24,5164100,
ETH,28.59,28.860001,27.17,28.23,1214000,
ETM,9.38,9.51,9.07,9.2,162500,
ETN,64.120003,64.620003,63,63.959999,3826700,
ETP,47.650002,48.209999,46.349998,47.540001,3059600,
ETR,66.639999,68.419998,66.309998,68.129997,1969200,
ETRM,1.160001,1.190001,1.130001,1.180001,42200,
EUI,75.690002,76.339996,75.68,76.209999,0,
EUO,18.870001,19.040001,18.83,18.969999,1109800,
EUU,132.130005,132.139999,130.990005,131.229996,0,
EV,38.279999,38.380001,37.639999,37.970001,949900,
EVC,5.76,6.25,5.76,6.25,2190300,
EVEP,33.810001,34.439999,33.509998,34,427100,
EVER,15.93,16.27,15.86,16.059999,918200,
EVR,38.700001,38.75,37.419998,38.040001,258800,
EVTC,22.309999,22.540001,21.530001,21.559999,1133100,
EW,67.139999,67.75,65.980003,66.449997,2873800,
EWA,22.84,22.879999,22.51,22.719999,2721400,
EWBC,26.459999,26.74,26.41,26.629999,2514700,
EWC,26.34,26.42,26.1,26.32,3190000,
EWD,31.059999,31.1,30.25,30.639999,747500,
EWG,25.35,25.370001,24.799999,25.01,4509200,
EWH,18.5,18.5,18.09,18.309999,8406200,
EWI,12.32,12.34,12.04,12.14,3072400,
EWJ,11.13,11.16,10.94,11.13,17274700,
EWL,29.1,29.120001,28.51,28.690001,1309900,
EWM,15.27,15.4,15.18,15.32,682200,
EWP,28.809999,28.84,28.17,28.459999,571400,
EWQ,24.040001,24.049999,23.58,23.809999,765400,
EWS,12.7,12.76,12.49,12.73,3091700,
EWT,12.8,12.83,12.63,12.79,3450000,
EWU,18.059999,18.07,17.75,17.91,1122100,
EWV,20.559999,21.290001,20.389999,20.5,20800,
EWW,59.169998,60.139999,57.689999,59.84,4960800,
EWX,43.049999,43.439999,42.34,43.32,288200,
EWY,51.299999,51.439999,50.720001,51.299999,2752800,
EWZ,43.869999,44.09,42.990002,43.939999,26875200,
EXA,9.76,10,9.72,9.79,28100,
EXAM,20.780001,21.26,20.49,21.02,513000,
EXAR,11.13,11.49,10.92,11.46,232000,
EXAS,12.62,13.08,12.41,13.04,2490300,
EXC,30.120001,30.58,29.93,30.299999,10979800,
EXEL,4.59,4.62,4.5,4.51,4275600,
EXH,28.469999,28.67,28.110001,28.27,993300,
EXK,3.42,3.64,3.4,3.54,2962200,
EXL,12.77,12.82,12.54,12.56,467300,
EXLP,29.24,29.75,28.66,29.129999,303700,
EXLS,30.35,30.549999,29.49,29.540001,340700,
EXMCF,0.06,0.07,0.05,0.06,704400,
EXP,68.669998,68.900002,64.790001,65.75,1917100,
EXPD,37.369999,37.59,36.959999,37.049999,2145900,
EXPE,59.990002,60.240002,58.529999,58.830002,3060400,
EXPO,57.259998,59.290001,57.099998,59.080002,167400,
EXPR,20.889999,20.950001,20.540001,20.639999,1216500,
EXR,40.66,42.25,40.66,41.880001,2013100,
EXTR,3.48,3.57,3.47,3.53,1087200,
EXXI,25.280001,25.35,24.040001,24.98,3527500,
EZA,54.720001,55.68,54.18,55.349998,704800,
EZCH,27.16,27.16,26.6,26.84,104700,
EZJ,76.300003,76.790001,73.220001,76.279999,74000,
EZPW,18.42,18.66,17.940001,18.4,888900,
EZU,33.66,33.68,32.900002,33.220001,2127800,
F,15.02,15.06,14.59,15,48218100,
FAF,21.58,21.629999,21.08,21.33,1601700,
FALC,1.44,1.44,1.32,1.4,413300,
FARO,33.279999,33.75,32.82,33.450001,161700,
FAS,61.540001,61.599998,58.419998,60.389999,52608400,
FAST,45.029999,45.400002,44.73,45.07,2896800,
FAZ,35.060001,36.939999,35.009998,35.700001,2718400,
FB,24.59,24.700001,24.049999,24.530001,45833900,
FBC,13.1,13.41,13.07,13.24,281200,
FBHS,38.869999,38.970001,36.09,37.82,4786500,
FBN,4.36,4.36,4,4.07,141937,
FBP,6.9,6.95,6.68,6.95,538300,
FBR,11.06,11.39,11.02,11.16,2962700,
FBRC,24.5,24.98,24.059999,24.43,73600,
FBT,55.290001,55.990002,54.549999,55.349998,60100,
FCE.A,17.83,17.87,17.28,17.5,1826000,
FCEL,1.21,1.21,1.13,1.17,315600,
FCFS,55.169998,55.66,53.709999,53.880001,392000,
FCG,16.12,16.12,15.760001,16.080001,182100,
FCH,5.59,6.01,5.38,5.78,2196400,
FCN,34.099998,34.099998,33.52,33.68,534200,
FCS,13.28,13.46,13.15,13.36,1776600,
FCSC,6.99,7,5.86,5.86,253800,
FCX,28.02,28.34,27.52,28.16,33272600,
FDEF,22.6,22.719999,21.940001,22.440001,71300,
FDN,45.080002,45.080002,44.25,44.82,248200,
FDO,61.98,62.32,61.349998,62.080002,1646600,
FDP,27.16,27.26,26.780001,26.780001,492300,
FDS,98.650002,100.25,98.349998,99.510002,620300,
FDUS,17.75,18.15,17.51,18.15,86400,
FDX,96.5,97.029999,94.669998,96.459999,3632400,
FE,36.560001,36.93,36.09,36.509998,5335200,
FEIC,73.470001,74.599998,72.669998,74.349998,305000,
FET,31.01,31.17,30.719999,30.99,738600,
FEZ,33.299999,33.310001,32.610001,32.990002,2530200,
FF,14.53,15.11,14.51,14.69,412900,
FFBC,14.57,14.77,14.38,14.7,696900,
FFCH,20.33,20.51,20.1,20.31,69500,
FFG,43.380001,43.5,42.799999,43.18,59500,
FFIC,15.81,15.95,15.69,15.92,130200,
FFIN,54.240002,54.610001,53.75,54.259998,514600,
FFIV,71.900002,72.349998,70.019997,70.919998,2831200,
FFNW,10.17,10.29,10.01,10.21,68500,
FGP,21.700001,22.1,21.530001,21.690001,369300,
FHCO,9.62,10.01,9.6,9.97,189600,
FHN,10.84,10.88,10.6,10.75,40610500,
FICO,45.610001,45.610001,44.540001,44.98,407800,
FIG,7.02,7.02,6.56,6.67,1528100,
FII,27.549999,27.58,26.559999,26.610001,1089500,
FINL,20.860001,21.309999,20.85,21.280001,1340700,
FIO,13.28,13.35,12.92,13.01,3748500,
FIRE,53.29,53.33,51.34,52.9,797600,
FIS,42.869999,42.900002,42.16,42.639999,1900500,
FISV,86.489998,86.970001,84.989998,86.5,2380400,
FITB,17.889999,17.959999,17.43,17.700001,23647100,
FIVE,38.799999,39,37.119999,37.740002,699900,
FIW,27.24,27.33,26.940001,27.27,32700,
FIX,14.15,14.41,13.94,14.31,232800,
FIZZ,16.9,17.290001,16.889999,17.27,49700,
FL,35.099998,35.259998,34.709999,34.98,3149600,
FLDM,16.07,16.48,15.98,16.43,157000,
FLEX,7.49,7.53,7.38,7.45,5287900,
FLIR,25.719999,25.799999,25.52,25.73,1893700,
FLML,5.8,6.12,5.8,6.08,59400,
FLO,22.120001,22.200001,21.51,21.549999,2554500,
FLOW,3.49,3.64,3.46,3.62,1763700,
FLR,60.43,60.73,59.299999,60.169998,2596800,
FLS,161.630001,161.979996,157.190002,159.309998,2274600,
FLT,83.940002,84.540001,80.279999,83.800003,2785200,
FLTX,31.15,31.15,29.690001,30.370001,319800,
FLWS,5.95,6.06,5.79,6.02,181300,
FLY,16.35,16.49,16.25,16.42,77400,
FMBI,12.95,13.24,12.78,13.12,1472800,
FMC,63.25,63.459999,61.880001,62.580002,1037600,
FMER,19.5,19.790001,19.25,19.700001,8056800,
FMS,35.48,35.59,35.18,35.549999,462500,
FMX,93.660004,94.129997,91.110001,91.910004,730300,
FN,14.58,14.71,14.4,14.51,231100,
FNB,11.34,11.46,11.27,11.43,2046100,
FNF,22.539995,22.729995,22.170003,22.639998,5866000,
FNFG,9.84,9.92,9.73,9.76,6362900,
FNGN,45.439999,45.560001,43.860001,45,706800,
FNI,20.73,20.73,20.360001,20.51,4500,
FNP,21.17,21.22,20.14,20.22,1826600,
FNSR,15.84,16.389999,15.61,16.219999,5703900,
FNV,32.869999,33.580002,32.080002,33.119999,858400,
FOE,6.96,7.25,6.75,7.23,960500,
FOLD,2.35,2.41,2.29,2.33,511200,
FOR,20.26,20.26,19.41,20.030001,360500,
FORM,6.78,6.84,6.6,6.78,519800,
FORR,35.830002,36.759998,35.450001,36.669998,157900,
FOSL,102.940002,104.199997,99.089996,100.120003,1667600,
FPO,12.94,12.95,12.43,12.75,806900,
FR,15.11,15.22,14.5,14.71,2261200,
FRAK,25.530001,25.530001,24.77,25.040001,6700,
FRAN,25.84,27.34,25.77,26.75,2740500,
FRC,37.98,38.240002,37.77,37.849998,1344700,
FRED,15.51,15.51,15.23,15.28,470700,
FRGI,36.099998,36.099998,35.380001,35.669998,232000,
FRM,7.02,7.04,6.69,7.04,134900,
FRME,17.01,17.07,16.73,17.02,154700,
FRO,1.9,1.92,1.88,1.89,173100,
FRP,7.94,8.02,7.67,7.93,138800,
FRT,96.82,98.160004,94.839996,97.230003,712200,
FRX,41.21,41.38,40.59,40.83,7657600,
FSA,11.47,11.47,11.47,11.47,300,
FSC,10.06,10.14,9.94,10.08,2074800,
FSG,1.65,1.65,1.65,1.65,2700,
FSL,14.18,14.41,13.46,14.01,2768100,
FSLR,42.349998,42.84,40.459999,41.369999,8995800,
FSM,3.04,3.08,2.93,3.02,1215000,
FSP,12.61,12.91,12.54,12.87,1065700,
FSS,8.52,8.76,8.35,8.75,357100,
FST,4.1,4.13,3.86,4.08,7786629,
FSTR,43.669998,44.599998,43.459999,43.540001,59600,
FSYS,16.18,16.27,15.9,16.1,139800,
FTE,0.015,0.015,0.015,0.015,0,
FTEK,3.63,3.69,3.56,3.6,45100,
FTI,55.200001,55.41,53.880001,55.009998,2035600,
FTK,17.25,17.33,16.6,16.860001,636300,
FTNT,17.74,17.780001,17.059999,17.34,2964000,
FTR,3.88,3.94,3.83,3.92,12963200,
FU,3.6,3.8,3.5,3.75,137600,
FUBC,6.57,6.58,6.46,6.53,112700,
FUL,39.209999,39.41,38.389999,39.169998,428300,
FULT,11.06,11.2,11,11.13,2760300,
FUN,39.099998,39.59,38.599998,39.110001,195500,
FUR,11.84,11.93,11.7,11.73,234800,
FURX,33.52,33.79,32.84,33.53,72100,
FVE,5.23,5.27,5.02,5.17,821200,
FWLT,23.98,24.02,23.29,23.46,1180000,
FWM,24.940001,25.98,24.76,24.809999,762800,
FWRD,38.599998,38.919998,38.259998,38.48,215100,
FXA,92.139999,92.620003,91.949997,92.470001,228000,
FXB,152.369995,152.550003,151.770004,152.259995,78700,
FXC,95.050003,95.209999,94.879997,95.110001,255100,
FXCM,15.810001,16.39,15.6,15.830001,69800,
FXD,26.66,26.77,26.09,26.33,243200,
FXE,130.399994,130.520004,129.770004,130.039993,858600,
FXEN,3.7,3.78,3.63,3.69,657800,
FXF,105.220001,105.389999,104.800003,105.019997,59200,
FXI,32.830002,33.189999,32.23,32.740002,30648800,
FXO,18.48,18.48,18.209999,18.360001,104600,
FXP,24.59,25.52,24.01,24.73,175100,
FXS,150.220001,150.220001,148.399994,149.169998,7700,
FXY,100.150002,100.57,99.910004,100.160004,1006500,
FXZ,26.719999,26.719999,26.200001,26.5,82300,
G,19.07,19.32,18.709999,19.25,3166000,
GA,7.48,7.65,7.43,7.63,1714129,
GAGA,3.7,3.71,3.7,3.71,7500,
GAIA,4.45,4.48,4.45,4.45,160000,
GAIN,7.31,7.36,7.24,7.27,164600,
GALE,1.96,2.06,1.95,2.05,1344600,
GAME,3.88,4,3.82,4,1177100,
GAS,42.169998,42.389999,41.470001,42.189999,704500,
GASL,20.440001,20.440001,18.750001,20.160001,600,
GASS,10.59,10.66,10.3,10.4,134300,
GASX,12.9,13.71,12.84,12.97,85900,
GAZ,2.64,2.64,2.57,2.57,106800,
GB,32.700001,33.02,32.419998,32.990002,172600,
GBCI,21.040001,21.450001,20.940001,21.42,825400,
GBDC,17.540001,17.6,17.370001,17.51,455700,
GBP,154.570007,154.580002,153.690002,154.179993,0,
GBX,23.99,24.24,22.93,23.1,460100,
GCA,6.22,6.23,5.84,5.89,1295900,
GCC,26.280001,26.370001,26.25,26.290001,71800,
GCI,24.200001,24.219999,23.700001,23.91,3378100,
GCO,67.860001,67.879997,66.510002,66.730003,298200,
GCOM,12.97,12.99,12.72,12.86,100700,
GD,76.809998,77.209999,76.199997,76.199997,3264400,
GDI,75.04,75.2,75,75.06,810000,
GDOT,18.66,18.780001,18.030001,18.18,323500,
GDP,11.53,12.22,11.16,12.2,1710600,
GDRZF,2.94,2.94,2.85,2.85,39400,
GDX,24.870001,25.01,23.950001,24.9,32954800,
GDXJ,9.53,9.63,9.28,9.5,1068700,
GE,23.58,23.639999,23.209999,23.360001,65025200,
GEF,51.27,51.889999,51,51.419998,154700,
GEL,50.290001,50.639999,48.220001,48.57,510200,
GENE,2.42,2.65,2.42,2.5,5900,
GEO,34.330002,34.360001,33.389999,33.900002,917300,
GEOS,68.769997,69.230003,66.75,68.639999,342900,
GERN,1.12,1.23,1.11,1.21,4417700,
GES,30.84,30.84,30.209999,30.66,767200,
GEVA,40.650002,42.380001,40.240002,41.889999,203800,
GEVO,2.179998,2.219998,2.109998,2.219998,4400,
GEX,14.99985,15.00985,14.489856,14.649854,30900,
GFA,2.56,2.56,2.47,2.49,1371700,
GFF,10.49,10.71,10.13,10.62,475300,
GFI,5.28,5.38,5.15,5.3,9445400,
GFIG,4.13,4.13,3.7,3.91,2901800,
GG,24.059999,24.6,23.469999,24.59,12270100,
GGB,5.69,5.73,5.55,5.6,5701900,
GGG,62.75,62.759998,61.360001,61.709999,266700,
GGP,19.67,19.9,19.32,19.5,5203900,
GGS,0.01,0.01,0.01,0.01,0,
GHDX,33.290001,34.610001,33.209999,34.439999,499500,
GHL,47.02,47.02,45.419998,45.939999,349300,
GHM,27.09,27.5,27.09,27.370001,41600,
GIFI,21.1,21.48,20.5,21.440001,77000,
GIGM,0.99,0.99,0.96,0.96,3500,
GIII,47.18,47.759998,45.369999,46.869999,385400,
GIL,40.470001,40.549999,39.82,39.860001,631200,
GILD,49.630001,49.93,48.080002,48.830002,20298000,
GILT,5.5,5.5,5.32,5.49,5800,
GIS,48.580002,48.84,48.349998,48.639999,4961100,
GIVN,13.28,13.46,13.2,13.37,49400,
GK,47.290001,47.700001,45.93,47.110001,136800,
GLAD,8.16,8.19,7.81,8.05,209500,
GLD,125.160004,125.57,124.459999,125.050003,16600000,
GLDD,8.16,8.25,7.91,8,694300,
GLF,44.400002,45.060001,44.310001,44.610001,232100,
GLL,97.309998,98.370003,96.610001,97.519997,223000,
GLNG,32.959999,33.119999,32,32.450001,1312900,
GLOG,12.66,12.83,12.52,12.82,292100,
GLP,37.650002,38.189999,37.349998,37.900002,27500,
GLPW,15.66,15.69,15.5,15.55,71200,
GLRE,25,25.16,24.299999,24.360001,317200,
GLT,25.07,25.75,24.790001,25.700001,240700,
GLUU,2.28,2.3,2.16,2.23,1423000,
GLW,14.43,14.44,14.12,14.26,15296400,
GM,32.959999,32.970001,31.74,32.209999,18998000,
GMAN,13.13,13.38,13.01,13.17,38500,
GMCR,79.019997,79.470001,73.199997,74.419998,5997200,
GME,41.41,41.529999,40.439999,40.779999,6103700,
GMED,15.34,15.79,15.33,15.46,1155200,
GMLP,34.200001,34.200001,32.970001,33.119999,103500,
GMO,1.87,1.98,1.82,1.96,503300,
GMT,47.049999,47.049999,45.98,46.34,306200,
GNC,47,47.5,46.080002,46.709999,1356700,
GNCMA,7.94,7.99,7.84,7.88,449100,
GNE,8.81,9.1,8.51,9.07,75200,
GNK,1.48,1.63,1.42,1.63,600300,
GNMK,9.66,9.97,9.55,9.87,200700,
GNRC,34.23,34.849998,34.009998,34.849998,1960600,
GNTX,22.48,22.879999,22.209999,22.370001,2737600,
GNW,11.04,11.12,10.62,10.98,16183000,
GOL,3.36,3.39,3.2,3.31,203700,
GOLD,66.040001,67.449997,64.519997,66.709999,2158500,
GOOGL,888.34003,889.879993,873.070037,880.930028,7956600,
GORO,9.33,9.77,8.93,9.53,5436600,
GOV,23.530001,24.110001,23.389999,24.049999,1426000,
GPC,77.080002,77.480003,75.580002,76.309998,851500,
GPI,62.700001,62.700001,61.119999,61.790001,353100,
GPK,7.71,7.75,7.49,7.66,1951800,
GPL,0.72,0.79,0.65,0.65,3586100,
GPN,47,47.099998,45.779999,45.869999,2998200,
GPOR,49.360001,49.650002,47.509998,48.32,1992700,
GPRE,13.43,13.61,12.44,12.66,627700,
GPS,41.110001,41.630001,40.919998,41.32,5459700,
GPT,9.169991,9.24999,8.769991,8.859991,386600,
GPX,23.9,24.059999,23.389999,23.969999,84900,
GRA,80.760002,80.790001,78.339996,80.410004,584500,
GRC,28.150001,29.909999,28.010001,29.779999,224200,
GREK,15.35,15.49,14.32,14.88,179800,
GRFS,25.809999,26.58,25.32,26.49,1972000,
GRMN,34.41,34.869999,34.25,34.689999,1524800,
GROW,2.4,2.4,2.22,2.33,47300,
GRPN,7.6,8.1,7.6,7.95,33097200,
GRT,24.26,24.53,23.14,24.4,23183400,
GRU,6.96,6.96,6.9,6.91,6100,
GS,157,157.259995,152.300003,154.25,5390200,
GSG,31.059999,31.110001,30.67,30.719999,444900,
GSH,20.209999,20.26,18.91,20.02,68600,
GSI,0.99,1.03,0.98,1.02,13300,
GSK,49.709999,49.759998,48.740002,49.130001,2724300,
GSM,10.9,10.94,10.68,10.79,1084800,
GSS,0.49,0.49,0.4,0.4,11884900,
GST,2.72,2.78,2.53,2.53,812700,
GSVC,8.03,8.1,7.73,7.91,302900,
GT,14.9,15,14.51,14.94,4643400,
GTAT,3.8,3.82,3.61,3.74,2704600,
GTE,5.69,5.84,5.66,5.84,787000,
GTI,7.93,7.99,7.73,7.75,1532900,
GTIV,10.47,10.72,10,10.37,318000,
GTLS,91.68,91.889999,89.010002,90.800003,444600,
GTN,7.07,7.31,6.91,7.16,926500,
GTXI,6.53,6.69,6.23,6.58,595400,
GTY,20,20.42,19.73,20.290001,170200,
GUID,8.84,8.87,8.74,8.82,90800,
GUR,36.119999,36.310001,35.220001,35.939999,4900,
GURE,1.12,1.15,1.12,1.13,26500,
GV,2.26,2.29,2.08,2.22,359900,
GVA,29.52,29.629999,28.5,29.08,333500,
GVZ,29.94,29.94,26.74,27.19,0,
GWAY,11.41,11.71,11.33,11.7,173100,
GWL,25.190001,25.190001,24.799999,25.040001,89300,
GWR,84.639999,85.059998,83.25,84.339996,893600,
GWRE,41.259998,41.380001,40.049999,40.169998,856400,
GWW,251.350006,253.039993,248.539993,251.229996,338800,
GXC,62.610001,63.16,61.59,62.610001,141600,
GXG,18.129999,18.17,17.879999,18.16,241000,
GXP,21.99,22.35,21.790001,22.26,1414700,
GY,16.25,16.38,15.94,16.3,1004300,
GZT,13.01,13.15,13.01,13.08,7300,
H,38.98,39.23,37.740002,39.200001,1046600,
HA,6.17,6.18,5.93,6.11,663900,
HAE,41.849998,42.25,41.720001,42.16,471000,
HAFC,16.42,16.58,16.25,16.450001,643800,
HAIN,64.57,65.239998,63.07,64.089996,1311200,
HAL,42.099998,42.25,41.189999,41.790001,10237300,
HALO,6,6.17,5.91,6.15,1874100,
HAO,22.33,22.4,21.9,22.190001,218800,
HAR,50.669998,50.77,48.790001,49.599998,584400,
HAS,44.139999,44.540001,43.849998,44.34,1891200,
HASI,11.73,11.8,11.45,11.76,782700,
HAWK,25.280001,25.379999,24.049999,24.129999,588000,
HAYN,46.080002,47.689999,45.43,46.5,106500,
HBAN,7.61,7.72,7.52,7.66,15523400,
HBC,51.67,51.73,50.83,51.39,1784773,
HBHC,28.65,28.879999,28.299999,28.860001,1312100,
HBI,51.57,51.68,48.950001,49.740002,7334000,
HBIO,4.86,4.959994,4.720002,4.910004,254100,
HBM,6.93,6.93,6.65,6.81,76900,
HCA,37.82,37.919998,36.380001,37.439999,4372100,
HCBK,8.54,8.71,8.5,8.64,6630800,
HCC,42.310001,42.540001,42.009998,42.380001,840600,
HCI,31.83,32.299999,31.379999,31.58,264800,
HCLP,22.389999,22.75,21.809999,22.040001,163800,
HCN,62.59,63.830002,61.619999,63.349998,5343200,
HCP,42.250003,43.690001,41.580004,43.189998,7347700,
HCSG,23.280001,23.889999,23.190001,23.85,624700,
HD,74.489998,74.690002,73.019997,73.82,15552500,
HDB,35.34,35.52,35.040001,35.459999,1094400,
HDGE,16.440001,16.690001,16.370001,16.530001,600000,
HDV,66.379997,66.599998,65.779999,66.290001,335400,
HDY,0.44,0.46,0.41,0.43,50500,
HE,24.1,24.52,23.969999,24.459999,1084300,
HEDJ,48.630001,48.630001,47.889999,48.150002,41200,
HEES,21.76,22.15,21.5,21.700001,217600,
HEI,50.86,51.570001,50.430002,51.32,354000,
HELE,38.700001,38.93,37.360001,38.509998,392900,
HEP,37.25,37.830002,36.400002,37.119999,281900,
HERO,6.6,6.65,6.29,6.45,4359200,
HES,64.260002,64.440002,62.630001,64.019997,5992300,
HF,17.500005,17.700001,17.240005,17.459999,234600,
HFC,42.970001,43.169998,41,41.529999,5371400,
HGG,16.73,16.780001,16.15,16.26,423500,
HGT,9.12,9.26,8.75,8.76,197800,
HGX,177.54,178.96,171.4,176.14,0,
HHC,102.739998,105.32,102.599998,105.099998,334700,
HHS,8.53,9,8.53,8.96,297300,
HI,23.530001,23.6,23.16,23.4,493000,
HIBB,56.509998,57.389999,55.34,55.93,270900,
HIG,29.9,29.99,29.08,29.370001,9539900,
HII,55.950001,56.130001,54.849998,55.049999,449500,
HIMX,5.33,5.4,5.03,5.06,5995800,
HITK,33.05,33.4,32.57,33.01,178000,
HITT,53.53,54.44,53.33,54.04,260500,
HIW,33.099998,33.459999,32.540001,33,2065500,
HK,5.63,5.63,5.34,5.45,30300,
HKTV,6,6.01,5.68,5.9,39400,
HL,3.02,3.06,2.93,2.93,23074600,
HLF,46.57,46.880001,44.849998,45.439999,2846900,
HLIT,6.16,6.24,6.14,6.22,1401300,
HLS,28.66,28.73,28,28.18,1058200,
HLSS,22.85,23.040001,22.35,23.01,7722000,
HLX,23.15,23.200001,22.629999,23.02,1275500,
HMA,15.11,15.67,15.09,15.46,7659200,
HMC,36.509998,36.740002,35.98,36.669998,700600,
HME,60.43,61.950001,60.360001,61.610001,891300,
HMIN,27,27.32,25.549999,25.969999,309500,
HMN,24.540001,24.84,24.299999,24.73,235900,
HMST,20.41,20.450001,19.68,19.76,209100,
HMSY,22.469999,22.690001,22,22.290001,974200,
HMY,3.52,3.69,3.44,3.53,10109600,
HNI,35.439999,35.68,34.740002,34.810001,402000,
HNP,36.639999,36.720001,36.049999,36.09,166300,
HNR,3.16,3.35,3.16,3.3,711200,
HNSN,1.57,1.59,1.53,1.54,46600,
HNT,30.459999,30.6,29.809999,30.34,820900,
HOFT,15.61,16.389999,15.54,16.17,70000,
HOG,52.25,52.389999,50.220001,50.540001,3062600,
HOGS,13.35,13.36,13.29,13.31,1114000,
HOLI,11.3,11.85,11.13,11.34,150400,
HOLX,19.68,19.860001,19.370001,19.76,4121600,
HOMB,20.98,21.07,20.76,20.889999,818800,
HON,78.309998,78.5,77.290001,78.25,4407700,
HOS,53.439999,53.490002,52,52.66,579000,
HOT,63.560001,63.720001,61.189999,62.490002,3783500,
HOV,5.88,5.98,5.42,5.59,14813300,
HP,61.639999,62.459999,60.689999,61.689999,1651300,
HPP,20.32,20.49,20.040001,20.299999,279600,
HPQ,24.939998,25.049998,24.109998,24.149999,52043800,
HPT,24.690001,24.93,24.299999,24.6,3312900,
HPY,34.93,34.98,34.5,34.630001,870300,
HR,23.85,24.26,23.549999,24.07,1622900,
HRB,28.450001,28.639999,28.07,28.43,2611400,
HRC,33.09,33.459999,32.810001,33.389999,551100,
HRG,7.63,7.66,7.36,7.56,569100,
HRL,37.91,38.119999,37.459999,37.900002,2578400,
HRS,48.880001,49.060001,48.029999,48.580002,1305600,
HRZN,13.67,13.87,13.39,13.55,104100,
HSC,22.549999,22.719999,22.15,22.52,736400,
HSH,32.41,32.6,31.96,32.5,1370600,
HSIC,94.019997,94.949997,93.339996,93.669998,933500,
HSII,16.860001,17.139999,16.700001,16.76,98500,
HSNI,52.880001,53.580002,51.619999,52.610001,745500,
HSOL,1.71,1.84,1.63,1.82,796100,
HSP,34.759998,35.25,34.52,34.790001,1305200,
HST,16.139999,16.299999,15.94,16.18,12392900,
HSTM,25.299999,25.450001,24.24,25.200001,184300,
HSY,85.510002,86.660004,85.209999,86.660004,2963900,
HT,5.46,5.53,5.42,5.43,677900,
HTA,10.88,11.21,10.83,11,1396700,
HTCH,5.72,5.8,5.34,5.35,657600,
HTGC,13.31,13.85,13.15,13.82,2529500,
HTH,16.24,16.459999,16.17,16.190001,1061300,
HTHT,15.15,15.38,15.01,15.37,48000,
HTLD,13.9,14,13.69,13.87,715300,
HTS,25.309999,25.68,24.870001,25.1,1570200,
HTSI,45.57,46.49,44.98,45.97,662800,
HTWR,92.029999,93.019997,90.830002,92.709999,473200,
HTZ,24.469999,24.5,22.719999,23.24,15592600,
HUB.B,98.39,98.5,96.22,97.11,353800,
HUBG,35.959999,36.619999,35.799999,36.25,502200,
HUM,84.230003,84.959999,84.019997,84.910004,2001900,
HUN,17.35,17.389999,16.530001,16.690001,5885300,
HURN,44.169998,44.759998,44.169998,44.43,231300,
HUSA,0.31,0.31,0.29,0.29,203700,
HVT,23.32,23.610001,22.530001,23,154900,
HW,9.18,9.23,8.75,8.96,852200,
HWAY,14.79,16.68,14.79,16.52,765800,
HWCC,13.97,14,13.83,13.9,80900,
HXL,33.84,34.130001,33.450001,33.700001,1229800,
HXM,3.24,3.28,2.93,3.14,1556200,
HY,68.169998,69.099998,63.18,63.799999,222000,
HYD,30.07,30.35,28.77,29.24,1229100,
HYG,91.010002,91.110001,90.120003,90.150002,9245400,
HYLD,50.439999,50.59,50.169998,50.59,90100,
HYS,102.190002,102.690002,101.790001,101.889999,224300,
HZNP,2.41,2.47,2.34,2.46,466000,
HZO,11.42,11.46,11.05,11.41,250800,
I,20.530001,20.65,20.129999,20.299999,437700,
IACI,47.59,47.939999,46.849998,47.32,1248000,
IAG,4.55,4.57,4.26,4.36,14741100,
IAI,30.67,30.719999,30.139999,30.48,145200,
IART,36.099998,36.52,36.099998,36.450001,187300,
IAT,28.5,28.68,28.309999,28.610001,185400,
IAU,12.57,12.62,12.51,12.58,11251400,
IBB,168.869995,170.410004,165.490005,168.589996,1239700,
IBCP,6.25,6.37,6.25,6.27,26700,
IBKC,52.439999,53.290001,52.23,53.189999,426800,
IBKR,16.34,16.370001,15.98,16.27,337700,
IBM,198.5,198.520004,193.539993,195.460007,8914800,
IBN,38.429999,38.429999,37.7,38.010001,6948500,
IBOC,21.4,21.809999,21.17,21.58,494000,
ICA,6.65,7.06,6.6,7,966300,
ICAD,5.85,5.85,5.5,5.5,16100,
ICE,174.060001,175.319996,170.340004,172.560005,4259500,
ICF,77.019997,78.370003,76.25,77.790001,388100,
ICGE,11.44,11.66,11.31,11.6,275900,
ICLR,35.110001,35.779999,34.900002,35.400002,184900,
ICN,19.73,20.02,19.73,20.01,39000,
ICON,29.309999,29.469999,28.35,28.719999,1394800,
ICUI,73.879997,74.620003,73.220001,73.699997,123900,
IDA,46.119999,47.16,46.080002,46.939999,422100,
IDCC,44.91,45.189999,44.099998,44.16,535400,
IDIX,3.37,3.75,3.35,3.56,8588400,
IDSY,4.98,5.08,4.98,5,3200,
IDT,19.830002,20.139994,19.370004,19.549997,353900,
IDTI,7.93,8.05,7.79,8.04,2075900,
IDU,92.089996,93.07,90.919998,92.660004,166200,
IDV,32.639999,32.669998,32.02,32.360001,634700,
IDXX,88.769997,91.040001,88.239998,89.900002,1556400,
IEF,102.910004,103,102.019997,102.029999,1777200,
IEI,120.93,120.989998,120.400002,120.400002,143800,
IEMG,44.779999,44.900002,44,44.73,566500,
IEO,72.68,72.68,70.779999,71.82,123900,
IEP,71.309998,72.209999,70,71.019997,163200,
IEV,40,40.080002,39.299999,39.599998,546700,
IEX,52.91,53.02,51.900002,51.950001,623500,
IEZ,57.23,57.23,56.060001,56.669998,76400,
IFF,77.160004,77.309998,76.290001,76.599998,529000,
IFGL,30.82,30.85,30.33,30.639999,296700,
IFN,18.370001,18.690001,18.33,18.469999,486100,
IFT,6.86,6.95,6.84,6.95,28500,
IGE,38.73,38.73,37.959999,38.48,239200,
IGT,16.469999,16.52,16.07,16.24,4100000,
IGTE,15.61,15.65,15.05,15.09,975200,
IGV,67.199997,67.199997,66.080002,66.690002,154200,
IHF,82.830002,83.510002,82.480003,82.989998,28700,
IHS,99.18,99.660004,96.760002,97.029999,984700,
IIIN,18.559999,18.66,17.950001,18.459999,96600,
IIJI,19.08,19.08,18.950001,19.01,2700,
IILG,20.51,20.66,19.639999,19.959999,336600,
IIVI,16.32,16.51,16.26,16.360001,395000,
IJH,114.339996,114.809998,112.779999,113.769997,1941000,
IJJ,99.75,100.120003,98.779999,99.660004,172900,
IJK,127.5,127.970001,125.589996,126.769997,187800,
IJR,88.949997,89.610001,88.25,89.440002,2174600,
IJS,92.239998,92.629997,91.230003,92.489998,121300,
IJT,96.010002,96.260002,94.800003,96.099998,141100,
IL,6.38,6.67,6.31,6.66,390800,
ILF,35.490002,35.810001,34.970001,35.66,716000,
ILMN,69.510002,70.82,69.470001,69.93,1602400,
IM,18.75,18.870001,18.540001,18.629999,1563900,
IMAX,24.950001,25.08,24.15,24.68,688000,
IMGN,15.45,15.93,15.24,15.84,1225900,
IMH,10.8,10.8,10.3,10.65,89600,
IMKTA,23.200001,24.459999,23.190001,24.450001,87400,
IMMR,13.49,13.65,12.38,12.85,741500,
IMMU,4.34,5.14,4.32,5.01,3737800,
IMN,4.04,4.19,3.99,4.19,204700,
IMO,38.200001,38.400002,37.779999,38.07,406300,
IMOS,18.17,18.190001,17.9,18.01,349600,
IMPV,42.43,42.889999,42.040001,42.34,330700,
IMUC,2.18,2.23,2.02,2.18,24800,
IN,9.93,9.955,9.92,9.95,1507455,
INAP,7.95,8.1,7.83,7.87,237500,
INCY,19.6,20.02,18.85,19.07,2124800,
INDB,33.43,33.720001,33.240002,33.540001,145500,
INDL,12.46,12.66,12,12.61,47200,
INFA,34.849998,35.240002,33.669998,33.759998,1441000,
INFI,18.389999,19,18,18.809999,2814100,
INFN,10.72,10.9,10.22,10.7,2609700,
INFY,40.52,40.610001,39.91,40.139999,6066000,
ING,8.98,9,8.72,8.85,3481500,
INGR,66.150002,66.220001,63.740002,64.650002,794600,
ININ,51.150002,52.200001,50.540001,51.240002,192100,
INN,9.18,9.41,9.08,9.4,554500,
INP,51.509998,51.91,50.68,51.810001,112700,
INSM,12.12,12.3,11.41,12.02,430900,
INT,38.82,39.330002,38.040001,39.310001,577500,
INTC,24.309999,24.35,24.09,24.200001,67754000,
INTL,17.540001,17.700001,17.25,17.52,97900,
INTU,58.049999,58.220001,57.169998,57.860001,2572100,
INTX,8.83,9.03,8.83,8.9,106500,
INVE,0.77,0.8,0.75,0.76,25900,
INVN,13.96,14.43,13.83,14.23,3540200,
INWK,11.35,11.57,11.27,11.53,332600,
INXN,25.18,25.4,24.370001,24.690001,414900,
IO,6.010003,6.060003,5.950003,5.990003,109500,
IOC,72.809998,73.620003,68.300003,70.75,1012200,
IOO,68.830002,68.940002,67.800003,68.419998,88500,
IOSP,40.450001,40.860001,40.029999,40.259998,139900,
IP,44.900003,44.900003,42.499999,43.600007,6025200,
IPAR,30.139999,30.25,28.969999,29.059999,261500,
IPCM,52.549999,53.450001,52.549999,53.369999,284400,
IPG,14.42,14.52,14.19,14.27,7587000,
IPGP,60.57,60.59,59.169998,59.529999,408400,
IPHI,10.57,10.86,10.25,10.82,205800,
IPHS,48.77,49.509998,48.279999,48.889999,139800,
IPI,18.82,19.030001,18.59,18.76,1371000,
IPXL,18.030001,18.219999,17.690001,18.09,1540700,
IQNT,5.27,5.34,5.14,5.33,618400,
IR,55.450001,55.929993,54.730004,55.039995,2895600,
IRBT,37.650002,38.459999,36.310001,38,4384900,
IRC,9.69,9.82,9.17,9.54,2038200,
IRDM,7.18,7.19,7,7.1,461200,
IRE,8.21,8.26,7.9,8.02,678400,
IRET,8.12,8.23,8.05,8.2,853600,
IRF,20.73,21.05,20.43,20.82,776000,
IRM,27.560001,27.560001,26.700007,26.840005,3294500,
IRWD,11.41,11.47,11.21,11.4,3150200,
ISBC,20.419999,20.8,20.3,20.479999,1468900,
ISCA,32.16,32.310001,31.34,31.540001,254300,
ISIL,7.61,7.81,7.49,7.5,2746100,
ISIS,20.84,22.09,20.52,21.99,2751000,
ISLE,7.31,7.38,7.19,7.29,126500,
ISRG,500.25,505.089996,498,502.880005,325200,
ISS,5.25,5.31,5.22,5.27,149948,
ISSC,6.58,7.23,6.32,6.55,31300,
ISSI,11.04,11.14,10.96,11.09,166200,
IT,56.740002,57.639999,56.23,57.470001,591800,
ITB,22.469999,22.610001,21.42,22.059999,20655900,
ITC,85.780003,87.709997,85.18,87.48,839100,
ITG,13.94,14.11,13.66,14.02,535900,
ITMN,9.48,9.82,9.48,9.63,2600500,
ITOT,73.25,73.379997,72.190002,72.919998,307600,
ITRI,42.98,43.119999,42.119999,42.32,710200,
ITT,29.02,29.1,28.4,28.92,1129200,
ITUB,12.860002,12.860002,12.54,12.789997,23200400,
ITW,69.690002,69.82,68.379997,68.43,3625000,
IVAC,5.08,5.12,4.91,5.1,185900,
IVAN,0.98,1,0.97,0.98,40600,
IVC,14.38,14.38,13.83,14.37,311200,
IVE,75.940002,75.959999,74.839996,75.559998,1373800,
IVR,17.459999,17.82,17.280001,17.690001,3471200,
IVV,161.259995,161.419998,159.119995,160.699997,7215700,
IVW,84.129997,84.230003,83,83.849998,1017900,
IVZ,33.150002,33.439999,32.59,32.810001,6142900,
IWB,89.07,89.150002,87.839996,88.639999,1465100,
IWC,60.689999,61.07,60.07,60.849998,157400,
IWD,83.199997,83.279999,81.980003,82.870003,2258900,
IWF,72.550003,72.620003,71.580002,72.230003,2309400,
IWM,95.639999,96.18,94.629997,95.970001,66115300,
IWN,84.32,84.699997,83.379997,84.540001,1456500,
IWO,110.209999,110.779999,109.019997,110.580002,1240600,
IWP,70.879997,71.129997,69.93,70.57,204900,
IWR,128.179993,128.570007,126.330002,127.690002,199900,
IWS,57.099998,57.27,56.23,56.889999,607600,
IWV,95.269997,95.400002,93.980003,94.910004,234900,
IXC,38.98,39.099998,38.419998,38.939999,372400,
IXYS,10.93,11.05,10.75,11.03,120700,
IYE,44.950001,45,44.169998,44.720001,368200,
IYF,70.830002,70.879997,69.650002,70.470001,643800,
IYG,71.279999,71.32,69.82,70.68,88300,
IYH,99.300003,100.300003,98.769997,99.760002,97400,
IYJ,83.419998,83.449997,82.059998,82.760002,162400,
IYM,69.209999,69.220001,67.790001,68.550003,227100,
IYR,64.220001,65.089996,63.310001,64.419998,24105500,
IYT,110.169998,110.43,108.190002,109.160004,605100,
IYW,74.529999,74.529999,73.330002,73.849998,171700,
IYZ,25.280001,25.4,25.030001,25.27,995500,
JACK,38.5,38.689999,38.18,38.389999,704000,
JAGGF,0.41,0.41,0.41,0.41,0,
JAH,43.270005,43.480004,42.559994,43.039996,2244300,
JAKK,9.81,10.03,9.74,10.02,251400,
JASO,6.33,6.53,6.1,6.37,2073000,
JAZZ,65.910004,67.589996,64.75,67.129997,1502200,
JBHT,71.010002,71.309998,69.43,69.68,980400,
JBL,20.309999,20.610001,20.07,20.23,3116500,
JBLU,6.15,6.22,6.06,6.19,4789700,
JBT,21.4,21.950001,21.4,21.6,211700,
JCI,32.529999,32.529999,31.879999,32.41,6244800,
JCOM,41.169998,41.25,40.689999,41.049999,708800,
JCP,16.450001,16.639999,15.78,15.91,8707600,
JDSU,14.1,14.19,13.73,14.04,4705300,
JE,6.05,6.41,6,6.33,852000,
JEC,55.970001,56.439999,55.419998,55.860001,1268900,
JIVE,16.940001,17.15,16.5,17.08,1504600,
JJC,37.869999,38.189999,37.759998,38.110001,207300,
JJG,51.830002,51.98,51.509998,51.509998,23200,
JKHY,47.029999,47.439999,46.830002,47.32,663800,
JKS,8.3,8.5,7.95,8.5,494400,
JLL,88.160004,88.160004,85.900002,86.970001,366700,
JMBA,15.82,15.88,14.89,15.43,414200,
JNJ,83,84.32,82.5,83.199997,20715800,
JNK,39.52,39.630001,39.099998,39.139999,21661500,
JNPR,19.209999,19.290001,18.790001,18.790001,13577500,
JNS,8.17,8.2,7.98,8.18,2779600,
JNY,14.48,14.57,13.9,13.9,950700,
JO,25.18,25.27,24.91,25,65900,
JOBS,61.48,61.799999,60,60.970001,169200,
JOE,20.620001,20.75,20.290001,20.440001,377300,
JOSB,40.07,40.15,39.28,39.63,737500,
JOY,51.450001,51.580002,49.900002,50.299999,2706200,
JPM,52.959999,52.98,51.689999,51.959999,44412200,
JRCC,2.15,2.18,2,2,875000,
JRN,7.23,7.59,7.19,7.57,384400,
JST,4.88,5.03,4.84,4.85,55900,
JW.A,39.580002,39.959999,38.959999,38.990002,826000,
JWN,58.299999,58.630001,57.5,58.200001,1577000,
JXI,42.060001,42.450001,41.700001,42.290001,19600,
K,63.139999,63.450001,62.650002,63.25,2938600,
KAI,30.48,30.52,29.93,30.17,61600,
KALU,63.23,63.450001,61.860001,62.16,329600,
KAMN,34.080002,34.540001,33.66,34.310001,201400,
KAR,22.5,22.530001,21.959999,22.129999,590800,
KB,29.879999,29.879999,29.43,29.65,265300,
KBALB,10.37,10.38,10.05,10.16,174900,
KBE,27.950001,28.049999,27.66,27.98,4116300,
KBH,19.879999,20.1,18.82,19.82,8554100,
KBR,32.849998,32.959999,31.959999,32.119999,1227600,
KBWB,31,31.02,30.51,30.84,401900,
KCAP,10.59,10.69,10.25,10.35,319600,
KCE,39.990002,39.990002,39.130001,39.529999,12300,
KCG,3.63,3.72,3.63,3.7,6299200,
KDN,27.1,27.22,26.8,27.06,233000,
KEG,5.98,6.06,5.89,5.94,22700,
KELYA,17.469999,17.59,17.190001,17.440001,219200,
KEM,4.05,4.2,4.01,4.15,601600,
KEP,11.23,11.26,11.12,11.12,563000,
KERX,7.91,8.06,7.49,7.66,3134700,
KEX,79.120003,79.379997,78.360001,78.629997,398600,
KEY,10.49,10.62,10.35,10.54,17504700,
KEYN,13.51,13.63,13.22,13.51,91000,
KEYW,13.92,14.07,13.8,13.9,243300,
KFN,10.5,10.53,10.3,10.37,592200,
KFRC,14.95,15.12,14.85,15.04,255700,
KFY,17.290001,17.639999,17.219999,17.540001,343400,
KGC,5.04,5.14,4.86,5.03,15780700,
KIE,53.200001,53.240002,52.310001,52.689999,153700,
KIM,20.83,21.02,20.49,20.84,5281000,
KIOR,4.01,4.13,3.95,4.1,250600,
KIRK,17.57,17.76,17.34,17.379999,188500,
KKD,17.530001,17.58,16.860001,16.98,1229900,
KKR,19.4,19.4,18.290001,18.700001,3058500,
KLAC,54.689999,55.07,54.040001,54.77,2755900,
KLIC,11.25,11.25,10.81,10.88,757800,
KMB,95.729999,96.419998,94.829994,95.779995,3933600,
KMI,36.830002,36.830002,35.889999,36.279999,6986100,
KMP,81.84,82.7,78.88,80.67,3362900,
KMR,78.41,78.79,74.52,78.46,6717000,
KMT,38.389999,39.619999,38.389999,38.900002,665600,
KMX,47.599998,48.099998,42.209999,44.59,8563100,
KND,12.95,13.15,12.85,12.91,800000,
KNDI,6.9,7.17,6.11,6.69,3868800,
KNL,13.63,14.19,13.62,14.15,395300,
KNOP,22.299999,22.67,21.549999,21.82,38900,
KNX,16.76,16.879999,16.57,16.700001,1153900,
KO,39.630001,39.970001,39.299999,39.759998,21938300,
KOF,133.880005,134.160004,126.93,128.100006,215700,
KOG,8.74,8.85,8.52,8.77,5413300,
KOL,18.32,18.32,18,18.200001,232500,
KOLD,75.780001,78.900003,75.609999,77.900002,124200,
KONG,6.25,6.56,6.21,6.52,113900,
KOP,39.549999,39.560001,38.900002,39.25,155400,
KOPN,3.49,3.68,3.48,3.65,397900,
KORS,60,60.09,58.009998,59.18,3368100,
KOS,10.53,10.59,10.34,10.43,553000,
KR,33.310001,33.970001,33.220001,33.77,11177600,
KRA,20.110001,20.4,19.76,20.190001,239700,
KRC,50.400002,51.299999,49.970001,50.790001,975300,
KRE,32.630001,32.830002,32.349998,32.790001,3804600,
KRFT,53.299999,53.84,52.799999,53.459999,6135400,
KRG,5.54,5.57,5.43,5.56,293100,
KRO,15.77,16.76,15.75,16.4,301900,
KS,39,39.400002,38.080002,39.290001,1321400,
KSS,50.900002,50.98,50.130001,50.59,3670500,
KSU,108.760002,108.959999,106.440002,107.07,1035600,
KT,15.62,15.69,15.18,15.18,1743400,
KTCC,10.7,10.85,10.61,10.85,48900,
KTOS,6.24,6.3,6.07,6.26,596500,
KUB,72.94,73.59,71.94,72.75,281900,
KVHI,12.97,12.97,12.72,12.83,79600,
KW,17,17.16,16.76,17.07,544700,
KWK,1.69,1.84,1.63,1.82,6178100,
KWR,63.200001,63.23,62.049999,63.119999,81700,
L,43.900002,43.959999,43.119999,43.580002,1410100,
LABL,29.290001,29.459999,29,29.290001,80300,
LAD,53.799999,54.09,51.549999,52.23,528800,
LAMR,42.540001,42.860001,41.740002,42.240002,1571800,
LANC,77.230003,77.510002,76.25,76.639999,179200,
LAYN,20.17,20.34,19.629999,20.299999,363900,
LAZ,33.41,33.490002,32.330002,33.040001,1392200,
LBAI,9.739999,10.070003,9.689998,10.050001,205400,
LBJ,18.9,19.17,17.870001,18.98,1600,
LBTYA,69.259991,70.310002,69.100009,70.109997,8753800,
LBTYK,64.809998,65.839996,64.449997,65.730003,4765800,
LBY,23.52,24.17,23.450001,23.85,150400,
LCAV,3.07,3.11,3.03,3.11,18400,
LCC,16.8,16.94,16.05,16.34,6425800,
LCI,11.19,11.6,10.92,11.4,137700,
LDK,1.38,1.38,1.32,1.37,887400,
LEA,58.82,58.82,57.209999,58.080002,1035700,
LEAP,6.02,6.06,5.87,5.98,1318000,
LECO,55.990002,56.580002,55.34,55.549999,481100,
LEE,1.95,2.1,1.9,1.99,730800,
LEG,31.1,31.17,30.120001,30.58,1877900,
LEI,1.24,1.3,1.22,1.3,3200,
LEN,35.27,35.68,33.360001,35.25,15996500,
LF,9.73,9.76,9.53,9.68,868200,
LFC,35.600009,35.840009,35.049989,35.64,1423800,
LFL,15.58,15.82,15.4,15.75,762500,
LFUS,71.5,72.980003,71.129997,72.839996,247200,
LFVN,2.27,2.29,2.2,2.27,383561,
LG,44.57,44.880001,43.369999,44.650002,536900,
LGCY,26,26.459999,25.74,26.02,224100,
LGF,28.24,28.92,28.02,28.299999,1720400,
LGND,35.990002,35.990002,34.259998,34.799999,825700,
LH,99.690002,100.400002,98.959999,99.459999,709900,
LHCG,21.26,21.51,20.51,21.51,78900,
LHO,23.59,23.799999,23.24,23.610001,1097300,
LIFE,74.08,74.18,74,74.13,4958600,
LII,60.900002,61.73,59.540001,60.900002,1000400,
LINC,6.72,6.72,6.42,6.6,240500,
LINE,33.98,34.150002,33.029999,33.689999,2470100,
LINTA,22.21,22.48,22.07,22.1,4876900,
LIOX,3.06,3.11,3.04,3.09,383400,
LIT,11.5,11.69,11.29,11.39,8500,
LIWA,5.46,5.5,5.27,5.4,112500,
LKQ,25.4,25.57,24.99,25.280001,1914100,
LL,82.5,82.550003,74.300003,76.629997,3494000,
LLEN,3.94,4.0377,3.78,3.83,435400,
LLL,84.660004,84.919998,83.779999,84.169998,553200,
LLNW,2.24,2.32,2.22,2.26,462100,
LLTC,36.110001,36.380001,35.889999,36.349998,2732500,
LLY,50.02,50.43,49.529999,49.91,7198300,
LM,30.950001,31.08,30.35,30.530001,3040500,
LMCA,125.170061,126.310078,122.370048,123.290057,6998000,
LMNX,19.860001,20.870001,19.799999,20.700001,313500,
LMOS,16.209999,16.26,15.12,16.040001,136000,
LMT,105.5,106.129997,105,105.059998,2836100,
LNC,35.720001,36.110001,35.099998,35.419998,2969900,
LNCE,27.559999,28.08,27.48,27.950001,434600,
LNCO,36.849998,37.540001,36.599998,36.98,556200,
LNDC,14.1,14.11,13.75,13.88,170500,
LNG,26.6,26.74,25.26,26.219999,11021500,
LNKD,176.25,176.880005,169.169998,171.949997,2031100,
LNN,77.239998,77.279999,74.730003,76.629997,396000,
LNT,47.450001,48.189999,46.790001,47.860001,1207800,
LO,42.970001,43.939999,42.970001,43.740002,3862400,
LOCK,11.54,11.54,11.28,11.45,2265800,
LOCM,1.7,1.71,1.67,1.67,12600,
LODE,1.84,1.93,1.84,1.87,327200,
LOGI,6.84,6.91,6.81,6.84,433100,
LOGM,25.07,25.620001,24.15,24.629999,416000,
LOPE,31.799999,32.25,31.049999,31.32,429400,
LORL,61.77,62.290001,60.830002,61.139999,243500,
LOW,40.240002,40.27,39.27,39.549999,16890200,
LPHI,3,3.37,2.89,3.21,119200,
LPI,20.25,20.57,19.91,20.33,1556800,
LPL,12.01,12.01,11.81,11.9,669700,
LPLA,37.349998,37.509998,36.689999,36.939999,1192500,
LPNT,48.759998,49.220001,48.130001,48.68,543600,
LPR,0.38,0.38,0.38,0.38,700,
LPS,31.79,31.85,31.625,31.72,1976000,
LPSN,8.78,9.31,8.62,9.31,1814300,
LPX,15.98,16.16,15.2,15.21,6294300,
LQD,113.260002,113.480003,112.199997,112.209999,4107600,
LQDT,31.92,32.419998,31.469999,32.310001,465700,
LRCX,45.09,45.279999,44.490002,45,2076400,
LRE,14.69,14.99,14.39,14.81,80900,
LRN,27,27.299999,26.75,26.84,251700,
LRY,16.36,16.36,16.36,16.36,0,
LSCC,4.91,4.91,4.73,4.86,1333800,
LSE,8.56,8.56,8.51,8.56,2334700,
LSI,62.919998,64.809998,62.549999,64.440002,314500,
LSTR,51.830002,52.27,51.330002,51.639999,489200,
LTBR,1.55,1.65,1.55,1.64,2800,
LTC,37.240002,37.810001,36.959999,37.27,393400,
LTD,36.87,36.87,36.87,36.87,0,
LTM,49.799999,50.490002,49.029999,49.279999,665700,
LTPZ,60.02,60.07,58.709999,58.709999,160200,
LTXC,5.62,6.04,5.55,6,631600,
LUB,8.41,8.56,8.29,8.47,78500,
LUFK,88.49,88.49,88.46,88.48,893200,
LUK,25.610001,26,25.219999,25.709999,3691700,
LULU,63.18,63.27,59.599998,61.900002,5920500,
LUV,13.63,13.71,13.35,13.48,8274700,
LUX,51.48,51.549999,50.549999,50.790001,46300,
LVLT,20.93,21.200001,20.639999,20.65,3511300,
LVS,54.490002,54.5,51.919998,52.290001,9595700,
LXK,30.219999,30.48,30.07,30.450001,804900,
LXP,11.49,11.62,11.27,11.5,4247900,
LXU,32.099998,32.139999,30.950001,31.690001,221200,
LYB,67.540001,67.690002,65.230003,66.75,5077300,
LYG,3.81,3.83,3.72,3.78,2307700,
LYV,14.94,15.12,14.7,15.03,1956300,
LZB,19.299999,19.4,18.049999,18.66,1586200,
M,47.200001,47.389999,46.130001,46.860001,5252700,
MA,579.189987,579.900017,568.880005,573.289986,12178000,
MAA,61.84,62.73,61.049999,62.5,1088200,
MAC,58.43,58.950001,57.380001,58.450001,1329000,
MACK,5.83,6.09,5.76,6.06,557200,
MAIN,26.99,27.35,26.790001,27.27,310800,
MAKO,11.59,11.82,11.5,11.76,664800,
MAN,54.790001,54.900002,53.369999,54.84,717100,
MANH,77.040001,77.580002,75.099998,77.330002,1031600,
MANT,25.76,26.01,25.639999,25.799999,218500,
MANU,15.95,16.43,15.63,15.88,47600,
MAR,39.349998,39.540001,38.169998,38.93,4642400,
MAS,19.819999,19.819999,18.430001,19.06,12028700,
MASI,21.25,21.620001,21.08,21.459999,537800,
MAT,44.32,44.52,43.830002,44.119999,3819300,
MATW,36.939999,37.709999,36.790001,37.389999,192300,
MATX,25,25,24.35,24.809999,325600,
MBB,105.209999,105.279999,104.019997,104.18,1671400,
MBFI,25.42,25.969999,25.08,25.42,1458400,
MBI,13.03,13.12,12.4,12.81,5384200,
MBLX,1.630033,1.630033,1.49003,1.530031,9200,
MBND,3.22,3.23,2.75,2.81,606000,
MBT,18.049999,18.07,17.57,17.780001,4325400,
MCC,13.43,13.63,13.26,13.56,2324000,
MCD,97.360001,97.75,96.889999,97.230003,7227000,
MCEP,22.719999,23.129999,22.040001,22.26,55100,
MCF,34.099998,35.330002,33.52,34.990002,218900,
MCGC,4.99,5.03,4.9,5,487400,
MCHI,40.650002,41,39.970001,40.59,1395900,
MCHP,36.540001,36.919998,36.380001,36.75,2559200,
MCHX,5.89,6.03,5.8,6.03,87900,
MCK,111.839996,112.879997,110.529999,110.970001,2465100,
MCO,59.259998,59.490002,57.959999,58.880001,1747300,
MCP,5.44,5.5,5.1,5.39,4954000,
MCRI,16.5,17.18,16.42,16.870001,149900,
MCRL,9.73,9.89,9.66,9.79,328500,
MCRS,42.5,42.68,42,42.23,981400,
MCY,41.900002,42.549999,41.669998,42.48,303300,
MD,89.279999,89.480003,87.800003,87.800003,995000,
MDAS,17.559999,18.26,17.18,17.59,669200,
MDC,33.299998,33.479998,31.349999,32.11,2053400,
MDCI,7.16,7.3,7,7.28,80300,
MDCO,33,33.189999,32.200001,32.93,1550100,
MDIV,20.860001,20.969999,20.610001,20.700001,251700,
MDLZ,28.620001,29.01,28.219999,28.85,19734200,
MDP,45.32,46.189999,45.110001,45.990002,448500,
MDR,8.56,8.62,8.44,8.53,4709100,
MDRX,13.18,13.18,12.81,12.95,2827700,
MDSO,70.339996,72.5,70.169998,72.440002,551200,
MDT,51.669998,52.549999,51.66,52.490002,8406400,
MDU,24.469999,24.66,24.09,24.59,922200,
MDVN,45.459999,46.98,44.509998,46.880001,2941800,
MDXG,7.24,7.27,7.19,7.25,1868600,
MDY,207.270004,208.160004,204.770004,206.850006,2406500,
MEA,1.36,1.37,1.29,1.29,586400,
MEAS,44.56,44.91,43.54,44.81,111900,
MED,25.73,25.75,25.25,25.73,378200,
MEET,1.22,1.24,1.16,1.19,276300,
MEG,9.56,9.64,9.05,9.36,204600,
MEI,15.03,16.25,14.8,16.01,1006800,
MEIP,7.42,7.47,7.25,7.25,53300,
MELA,0.79,0.8,0.72,0.73,57400,
MELI,110.580002,111.650002,104.68,108.18,939000,
MEMP,19.35,19.5,18.4,19.25,1338900,
MEMS,4.09,4.1,4.04,4.04,45900,
MENT,19.299999,19.41,18.98,19.120001,1285900,
MEOH,42.43,42.799999,41.439999,42.040001,486900,
MERC,6.88,6.93,6.62,6.62,561600,
MERU,4.34,4.39,4.1,4.24,379600,
MET,45.650002,45.689999,44.380001,45.040001,13507100,
MFA,8.29,8.36,8.04,8.21,5294700,
MFB,17.81,17.81,17.6,17.74,393100,
MFC,16.139999,16.200001,15.77,16.01,4028200,
MFG,3.99,3.99,3.92,3.98,652400,
MFLX,14.71,15.15,14.65,15.13,47700,
MFRM,39.080002,39.450001,38.5,38.970001,421800,
MG,21.48,21.559999,21.01,21.33,214700,
MGA,68.32,69.129997,68.07,68.470001,1527400,
MGAM,24.8,25.13,23.87,24.63,440500,
MGC,54.950001,54.950001,54.18,54.650002,47700,
MGI,21.459999,21.959999,21.110001,21.450001,381800,
MGIC,5.54,5.54,5.38,5.45,66600,
MGK,60.68,60.68,59.75,60.330002,131300,
MGLN,56.279999,56.630001,53.009998,53.82,614000,
MGM,14.18,14.25,13.6,13.81,10674900,
MGPI,5.29,5.52,5.23,5.52,17200,
MGV,49.209999,49.209999,48.5,48.959999,237400,
MHFI,54.5,54.950001,53.049999,54.41,3723500,
MHGC,7.56,7.58,7.46,7.55,365100,
MHK,109.849998,110.690002,106.25,108.949997,1339400,
MHLD,10.75,10.89,10.51,10.8,633300,
MHO,23.27,23.629999,21.83,22.67,1424000,
MHR,3.48,3.53,3.33,3.53,4834700,
MIC,51.490002,52.200001,51.119999,51.16,885400,
MIDD,165.470009,167.870007,165.21999,166.529995,442200,
MIDU,51.77,52.709999,50,51.389999,386800,
MIDZ,32.369999,33.380001,31.809999,32.630001,11100,
MIG,7.94,7.94,7.68,7.86,405900,
MILL,4.36,4.36,3.93,4.08,241440,
MIND,16.309999,16.4,16.17,16.25,86800,
MINI,31.719999,32.029999,31.16,31.51,440800,
MITK,6.91,7.03,6.09,6.75,1094288,
MITL,3.8,3.8,3.71,3.71,10200,
MITT,19.24,19.35,18.41,18.98,726100,
MJN,78.559998,79.480003,77.540001,78.25,1380000,
MKC,70.5,71.529999,70.43,71.440002,1444800,
MKSI,27.370001,27.370001,26.790001,27.049999,439300,
MKTG,13.3,14.31,13.3,13.87,922000,
MKTX,45.970001,47.220001,45.970001,46.709999,284900,
MLHR,27.76,28.059999,27.49,27.65,569500,
MLI,50.34,50.529999,49.799999,49.869999,529000,
MLM,105.830002,105.830002,101.07,101.169998,599100,
MLNK,2.74,2.9,2.68,2.89,420000,
MLNX,47.150002,47.150002,44.549999,45.189999,644600,
MLPN,28.690001,28.9,28.049999,28.5,680300,
MLR,15.64,15.65,15.4,15.6,41000,
MM,8.43,8.55,8.2,8.55,1795600,
MMC,39.240002,39.630001,39.080002,39.34,3929100,
MMLP,42.610001,44.09,42.610001,43.02,274300,
MMM,109.5,110.059998,108.739998,109.589996,4674400,
MMP,51.900002,52.59,50.75,51.43,1248400,
MMS,77,77.150002,75.889999,76.599998,732400,
MMSI,10.83,11.1,10.83,11.09,268300,
MMYT,13.77,13.77,13.21,13.52,112000,
MN,19.01,19.469999,18.67,18.76,101000,
MNI,2.29,2.32,2.22,2.31,45600,
MNKD,6.83,6.88,6.26,6.72,14699700,
MNR,9.7,9.78,9.61,9.68,297700,
MNRO,48.389999,49.509998,47.77,48.16,388800,
MNST,56.120001,56.870001,54.59,56.219999,8866800,
MNTA,13.62,14.16,13.53,14.08,953000,
MNTG,3.52,3.52,3.28,3.44,125800,
MNTX,10.57,10.89,10.34,10.51,79600,
MNX,2890.300049,2898.300049,2853.699951,2877.899902,2921900000,
MO,34.66,35.130001,34.610001,34.93,11237500,
MOBI,2.55,2.96,2.55,2.78,270500,
MOD,10.32,10.69,10.21,10.66,400500,
MODN,21.67,21.940001,21.48,21.940001,209500,
MOH,36.41,37.099998,36.080002,36.279999,533500,
MOLX,29.28,29.35,28.88,29.08,882000,
MOLXA,24.56,24.68,24.35,24.55,361200,
MON,104.400002,104.5,102.32,103.190002,3985900,
MOO,51.75,51.75,50.82,51.349998,334800,
MORN,74.910004,75.169998,74.830002,75.099998,87300,
MOS,57.27,57.360001,56.279999,56.689999,3200600,
MOSY,4.04,4.11,3.84,4.05,338100,
MOV,32.650002,32.650002,31.610001,32.43,156900,
MOVE,12.04,12.1,11.82,12.03,222600,
MPAA,9.15,9.58,9.13,9.52,322500,
MPC,74.480003,74.5,70.720001,72.809998,11563400,
MPEL,23.6,23.82,22,22.49,7469100,
MPG,3.11,3.12,3.11,3.11,623300,
MPLX,38.209999,38.77,35.900002,36.759998,876200,
MPO,6.06,6.15,5.78,5.81,81100,
MPW,14.11,14.29,13.88,14.05,2889900,
MPWR,24.23,24.379999,23.950001,24.15,302500,
MR,37.650002,38.09,37.380001,37.75,729000,
MRC,27.370001,27.6,26.870001,27.389999,1739800,
MRCY,9.4,9.45,9.36,9.44,230100,
MRGE,3.45,3.47,3.35,3.43,449400,
MRH,24.82,24.879999,24.110001,24.370001,705600,
MRIN,10.56,10.63,10.41,10.41,127100,
MRK,46.869999,47.599998,46.669998,47,24287800,
MRO,34.5,34.669998,33.810001,34.27,7452100,
MRTN,15.85,15.89,15.22,15.3,297000,
MRVL,11.23,11.29,11.06,11.19,7434900,
MS,25.5,25.559999,24.16,24.91,35690500,
MSA,44.48,45.080002,44.220001,45,316700,
MSB,18.76,18.84,18.25,18.559999,34000,
MSCC,22.129999,22.559999,21.91,22.07,979800,
MSCI,33.34,33.470001,32.689999,33.07,1183800,
MSFT,33.66,33.73,33.049999,33.27,85338500,
MSG,59.25,59.25,57.889999,58.009998,544800,
MSI,55.970001,56.029999,55.169998,55.82,4309300,
MSM,78.690002,79.059998,77.879997,78.209999,451000,
MSO,2.37,2.45,2.36,2.43,211000,
MSPD,3.15,3.22,2.99,3.02,578600,
MSTR,86.639999,86.93,83.879997,84.269997,236100,
MSTX,0.44,0.4602,0.435,0.444,972540,
MT,11.59,11.63,11.37,11.53,10337400,
MTB,105.519997,106.660004,104.489998,106.25,1407100,
MTD,205.029999,206.380005,203.570007,204.880005,208100,
MTDR,11.16,11.53,11.07,11.53,285000,
MTG,6.06,6.16,5.51,5.9,23614700,
MTGE,19.139999,19.25,18.25,18.59,2419500,
MTH,44.459999,44.619999,41.099998,43.060001,1684700,
MTL,2.89,3,2.8,2.91,3871200,
MTN,61.849998,62.279999,60.490002,61.299999,960100,
MTOR,6.93,6.97,6.66,6.71,1024700,
MTRN,28.5,28.5,27.799999,27.82,206700,
MTRX,15.96,16.219999,15.8,16.15,216300,
MTSC,57.02,57.560001,56.209999,56.990002,96800,
MTSN,2.24,2.27,2.18,2.24,683200,
MTU,5.97,5.99,5.84,5.98,2475400,
MTW,18.140001,18.210001,16.92,17.299999,19024800,
MTX,41.68,42.009998,41.189999,41.560001,258000,
MTZ,31.620001,32.080002,31.1,31.4,664500,
MU,13.85,14.05,13.7,13.9,73389200,
MUB,103.57,104.379997,102.150002,102.290001,947200,
MUR,61.579997,61.779996,60.769997,61.289998,2103900,
MUX,1.9,2.03,1.82,2.03,11772800,
MVC,12.73,12.75,12.6,12.64,146300,
MVG,5.82,6.03,5.65,5.8,1245600,
MVIS,2.84,2.85,2.69,2.7,193300,
MVO,29.9,30.57,29.5,30,49200,
MVV,92.230003,93.029999,89.709999,91.32,264800,
MW,36.41,36.619999,35.5,35.790001,833100,
MWA,6.23,6.35,6.1,6.27,4337100,
MWE,64.029999,65.120003,61.91,65.010002,1276500,
MWIV,121.92,123.26,120.93,122.3,81500,
MWV,34.860001,34.889999,34.02,34.650002,1703900,
MWW,4.98,5.04,4.87,5,2079700,
MX,17.280001,17.5,16.92,17.219999,352000,
MXIM,27.43,28.139999,27.43,27.870001,4765700,
MXL,6.41,6.79,6.35,6.77,122800,
MXWL,6.62,6.8,6.54,6.8,402800,
MY,1.77,1.77,1.61,1.61,543100,
MYE,14.67,15.07,14.28,15.03,188400,
MYGN,26.120001,26.59,25.65,25.75,3362000,
MYL,30.49,30.809999,29.9,30.629999,10274300,
MYRG,19.639999,20.280001,19.639999,20.139999,216500,
MZZ,19.389999,19.799999,19.110001,19.43,21300,
N,85.709999,85.779999,83.559998,84.690002,376200,
NAFC,22.38,22.5,22.07,22.24,70100,
NAK,2.22,2.3,2.2,2.21,167000,
NANO,15.12,15.32,15.06,15.22,117600,
NAT,7.97,8.039996,7.889996,7.910001,674700,
NATI,26.83,27.16,26.35,26.559999,594500,
NATR,16.139999,16.34,15.7,16.309999,62500,
NAV,26.92,27.17,26.23,26.99,2673100,
NAVB,2.53,2.53,2.43,2.49,576927,
NBG,4.53,4.55,4.15,4.36,5251300,
NBIX,12.39,13.01,12.27,12.89,1879000,
NBL,59.169998,59.740002,58.380001,59.439999,2652000,
NBR,15.84,15.86,15.47,15.68,4668800,
NBTB,20.82,21.030001,20.629999,20.93,733700,
NCI,13.43,13.62,13.3,13.61,384400,
NCLH,31.25,31.25,29.66,29.719999,1503900,
NCMI,16.379999,16.389999,15.91,15.95,580400,
NCQ,1.66,1.84,1.66,1.82,56100,
NCR,32.27,32.669998,31.6,32.650002,1852000,
NCS,15.76,15.9,15.28,15.79,220900,
NCT,5.050193,5.060188,4.810189,5.00019,9762400,
NCTY,3.95,3.95,3.79,3.81,43200,
NDAQ,33.040001,33.049999,32.41,32.57,2784500,
NDO,77.629997,77.82,77,77.550003,0,
NDRO,15.79,16.23,15.72,16.129999,29800,
NDSN,67.889999,68.529999,67.389999,67.559998,757300,
NDX,2887.070068,2898.399902,2853.689941,2877.939941,2921900000,
NDZ,7.28,7.37,7.25,7.28,97500,
NE,37.390007,37.51,36.600005,37.170004,3300000,
NEE,77.949997,78.760002,76.910004,78.330002,3173000,
NEM,30,30.370001,28.85,30.049999,14879100,
NEO,3.78,3.99,3.78,3.98,97500,
NEOG,53.139999,54.4,53.079998,54.069998,244900,
NEON,5.19,5.39,5.15,5.38,230000,
NEPT,3.01,3.04,2.99,3.04,207000,
NES,3.1,3.14,3.05,3.05,350800,
NEU,270.73999,273.790009,266.049988,268.23999,92900,
NEWP,13.51,13.69,13.44,13.65,266900,
NFBK,11.82,11.85,11.69,11.79,615000,
NFG,58.610001,58.919998,57.560001,58.209999,652000,
NFLX,225.050011,226.380001,214.200003,216.899998,23398200,
NFP,25.3,25.31,25.28,25.28,919500,
NFX,23.4,23.610001,22.98,23.559999,2668500,
NG,2.16,2.21,2.06,2.12,2594100,
NGD,6.12,6.15,5.78,6.01,13609300,
NGG,56.52,56.669998,56.009998,56.560001,1067400,
NGL,28.92,29.459999,28.690001,29.040001,62800,
NGLS,46.560001,47.07,45.09,46.099998,721000,
NGPC,6.52,6.56,6.45,6.51,113400,
NGS,22.959999,23.290001,22.610001,23.15,60400,
NGVC,31.209999,32.810001,31.02,32.779999,108400,
NHI,56.919998,58.43,56.549999,57.950001,199900,
NI,27.8,28.170002,27.110002,28.060001,7253500,
NIB,28.84,28.84,28.66,28.790001,42100,
NICE,37.169998,37.189999,36.549999,36.580002,180000,
NIHD,80.4,83.49,79.13,82.4,32200,
NILE,37.060001,37.299999,35.75,36.209999,313200,
NKA,14.31,14.38,14.03,14.15,62100,
NKE,60.82,61.380001,60.07,60.57,10089200,
NKTR,10.64,11.05,10.5,11,2385200,
NKY,16.290001,16.42,16.1,16.370001,927200,
NLNK,21.700001,22.73,21.4,22.52,345000,
NLS,8.16,8.2,7.76,7.81,421100,
NLSN,34.439999,34.619999,33.900002,34.009998,2490300,
NLST,0.91,0.96,0.88,0.91,82400,
NLY,12.67,12.89,12.6,12.66,26496100,
NM,5.19,5.22,5.01,5.15,601500,
NMFC,14.12,14.23,14.01,14.1,883200,
NMM,14,14.4,13.65,13.88,318400,
NMR,7.44,7.58,7.35,7.57,2356300,
NMRX,10.16,10.34,9.36,9.52,101600,
NNBR,10.19,10.33,10,10.14,169300,
NNI,36.34,36.34,35.52,35.919998,293200,
NNN,33.389999,33.43,31.73,32.189999,3212800,
NOA,4.43,4.43,4.31,4.37,143800,
NOAH,10.07,10.24,9.78,9.93,399100,
NOC,82.559998,82.769997,81.839996,81.849998,2789600,
NOG,13.38,13.45,12.97,13.4,972100,
NOK,3.85,3.94,3.82,3.93,34476800,
NOR,3.609996,3.739996,3.539997,3.659996,153400,
NOV,69.149996,69.26999,67.679995,68.209996,4663900,
NOW,38.860001,39.279999,37.610001,39.240002,1677000,
NP,31.73,31.9,31.360001,31.84,90600,
NPD,1.65,1.65,1.6,1.61,17700,
NPO,49.740002,49.889999,49.130001,49.450001,226300,
NPSP,14.27,14.95,14.09,14.74,4842500,
NPTN,8.3,8.5,8.28,8.5,267800,
NQ,8,8.01,7.65,7.84,537800,
NR,11,11,10.48,10.56,911300,
NRF,8.529998,8.639996,8.260004,8.529998,3796200,
NRG,25.629999,25.84,24.879999,25.42,4431200,
NRGM,22.2,22.2,21.03,22,1099600,
NRGY,14.65,16.24,14.52,16.21,2084500,
NRP,22.530001,22.910001,21.5,21.510001,92900,
NRT,24.950001,24.950001,24.690001,24.889999,19100,
NRZ,6.54,6.55,6.08,6.48,1534500,
NS,43.380001,44.290001,43.299999,43.849998,480900,
NSC,74.040001,74.040001,72.330002,72.900002,3510900,
NSH,25.049999,25.200001,23.620001,24.42,1586200,
NSIT,17.6,17.76,17.059999,17.559999,502900,
NSM,40.259998,40.259998,36.939999,37.27,2774400,
NSP,30.639999,30.959999,30.18,30.74,168200,
NSPH,3.57,3.8,3.53,3.7,18500,
NSR,47.73,48.049999,46.720001,47.150002,437100,
NSU,2.87,3.15,2.86,2.92,23804900,
NTAP,38.389999,38.490002,37.529999,37.970001,9182700,
NTCT,24.1,24.1,23.459999,23.969999,269800,
NTE,6.15,6.22,6.05,6.06,503200,
NTES,59.889999,59.900002,58.02,58.23,531900,
NTGR,31.92,33.52,31.92,33.220001,925300,
NTI,26,26.030001,24.6,24.959999,1291300,
NTLS,15.53,15.85,15.11,15.62,325100,
NTRI,10.17,10.82,10.17,10.77,1098200,
NTRS,58.689999,58.82,57.509998,57.990002,2570400,
NTSP,15.99,15.99,15.96,15.98,993000,
NTT,26.280001,26.360001,25.969999,26.139999,638600,
NTWK,10.76,10.9,10.4101,10.71,100357,
NU,39.88,40.54,39.35,40.37,2730800,
NUAN,18.48,18.65,18.360001,18.5,5757100,
NUE,44.43,44.700001,43.77,44,2763300,
NUS,59.830002,59.900002,58.419998,58.830002,840200,
NUVA,23.040001,24.110001,22.93,24.08,820700,
NVAX,1.91,2.04,1.86,2.01,2156300,
NVDA,14.52,14.57,14.18,14.42,17855700,
NVDQ,13.16,13.37,12.75,13.04,160200,
NVE,23.51,23.59,23.46,23.46,8872300,
NVMI,9.34,9.36,9.24,9.27,116800,
NVO,155,155.85,153.000002,153.970003,2171500,
NVS,70.150002,70.230003,69.230003,69.599998,2368800,
NVTL,3.65,3.71,3.5,3.51,204700,
NWBI,12.56,12.97,12.55,12.92,2612700,
NWBO,3.45,3.52,3.28,3.3,165800,
NWE,38.5,39.009998,38.119999,38.91,489000,
NWL,26.290001,26.370001,25.67,25.950001,2625400,
NWN,42.060001,42.220001,41.18,41.799999,331600,
NWPX,26.370001,27.98,26.299999,27.959999,209700,
NWS,15.98,15.98,15.46,15.8,635300,
NWSA,15.7,15.8,15.4,15.62,8323500,
NWY,6.2,6.35,6.17,6.22,356700,
NX,17,17.59,15.94,16.91,3713700,
NXPI,30.719999,30.92,30.299999,30.9,4313000,
NXST,33.240002,34,32.419998,33.82,562400,
NXTM,14.16,14.52,14.16,14.41,518400,
NYCB,13.61,13.73,13.56,13.63,5314400,
NYMT,6.75,6.85,6.65,6.8,1753100,
NYMX,5.23,5.3,5.06,5.06,63200,
NYT,10.49,10.61,10.3,10.46,2553300,
NYX,40.87,40.95,40.08,40.43,2063200,
O,41.279999,41.630001,40.349998,40.830002,5721000,
OAK,51.959999,52.240002,51,51.959999,212000,
OAS,38.98,39.220001,37.119999,38.580002,2052700,
OB,15.1,15.15,14.57,14.57,624200,
OC,42.02,42.110001,40.709999,41.009998,2361800,
OCLR,1.27,1.34,1.19,1.25,1854000,
OCN,42.549999,42.619999,40.59,41.509998,5145500,
OCR,47.060001,48.34,47.049999,47.639999,2170500,
OCZ,1.39,1.41,1.34,1.37,619600,
ODFL,42.25,42.470001,41.470001,42.220001,697600,
ODP,4.11,4.15,3.96,3.98,11879600,
OEF,72.480003,72.529999,71.540001,72.230003,823900,
OEH,11.53,11.64,11,11.13,1583100,
OEX,0.263,0.263,0.263,0.263,0,
OFC,24.690001,24.969999,24.23,24.700001,935900,
OFG,17.15,17.299999,16.92,17.23,511900,
OFIX,27.620001,27.66,26.809999,27.51,306400,
OGE,65.43,66.559998,64.389999,66.230003,1056800,
OGXI,9.4,9.77,9.36,9.75,86600,
OHI,29.469999,29.780001,28.379999,29.530001,3790600,
OI,27.16,27.440001,26.82,27.360001,1654200,
OIBR,1.71,1.71,1.57,1.62,656500,
OIH,42.91,42.950001,42.09,42.57,4920700,
OII,72.379997,72.379997,70.400002,71.220001,952400,
OIL,21.969999,22.030001,21.540001,21.74,580800,
OILT,49,49.2,48.56,49,16900,
OIS,90.209995,90.649999,88.520003,89.010008,2035800,
OKE,41.55,41.729998,40.610002,41.469998,2401800,
OKS,47.709999,48.959999,47.150002,48.220001,1867400,
OKSB,13.34,13.4,13.15,13.23,105600,
OLN,23.42,23.469999,23.08,23.24,1036400,
OMC,62.27,62.330002,61.259998,62.029999,2397300,
OMCL,19.1,19.25,18.940001,19.17,285300,
OME,9.29,9.58,9.22,9.58,265800,
OMER,4.95,5.04,4.8,4.97,261900,
OMEX,2.999999,3.079999,2.904999,3.049999,51900,
OMG,30.940001,31.120001,30.26,30.870001,355000,
OMI,33.75,34.169998,33.580002,33.709999,648400,
OMN,7.95,7.95,7.6,7.69,234700,
OMX,10.77,10.83,10.335,10.4,2927900,
ONB,13.27,13.53,13.15,13.46,797600,
ONCY,2.42,2.5,2.31,2.49,219900,
ONE,11,11.11,10.96,11.05,246200,
ONNN,8,8.06,7.76,7.82,6185000,
ONP,1.56,1.63,1.56,1.63,20200,
ONTY,1.78,1.82,1.76,1.79,575300,
ONXX,83.19,84.56,81.14,81.83,1389100,
OPEN,64.31,64.76,62.32,63.29,727200,
OPK,7.02,7.11,7,7.02,2667500,
OPLK,18.25,18.35,17.86,18.35,145000,
OPTR,13.82,14.29,13.66,14.27,1805600,
ORA,22.309999,22.370001,22,22.09,107300,
ORB,17.5,17.6,17.17,17.58,379100,
ORBC,4.44,4.5,4.39,4.45,176500,
ORBK,12.1,12.14,11.6,12.11,112300,
ORCL,30.709999,30.84,29.98,30.139999,140813500,
OREX,6.02,6.17,5.8,6.04,282800,
ORI,12.51,12.58,12.36,12.43,2144100,
ORIG,17.059999,17.24,16.879999,17,442000,
ORIT,15.36,15.55,15.24,15.52,390300,
ORLY,111.449997,111.889999,110.07,110.989998,1055600,
ORN,11.77,11.77,11.1,11.16,294400,
OSGIQ,3.27,3.32,3.24,3.3,11800,
OSIR,10.21,10.5,10,10.43,144000,
OSIS,56.049999,67.5,55.349998,63.509998,1440400,
OSK,36.200001,36.209999,34.57,35.299999,1111400,
OSTK,26.52,26.85,25.379999,25.889999,303200,
OSUR,3.83,4.03,3.82,3.91,1459000,
OSX,251.38,252.89,248.6,251.21,0,
OTEX,68.980003,69.699997,67.300003,68.620003,3216400,
OTTR,27.1,27.370001,26.5,27.309999,246100,
OVTI,19.030001,19.25,18.68,18.93,1120400,
OVX,25.9,25.9,23.56,23.68,0,
OWW,7.76,7.85,7.51,7.65,720300,
OXF,2.27,2.33,2.24,2.3,17800,
OXM,61.43,61.57,59.380001,60.09,314400,
OXY,89.760007,90.610003,88.560004,89.920005,7725200,
OZM,10.27,10.28,9.92,10.17,1239100,
OZRK,43.599998,44.099998,43.540001,43.939999,886000,
P,15.21,15.27,14.75,14.99,4951800,
PAA,54.59,55.5,52.34,53.259998,3541600,
PAAS,11.03,11.25,10.74,11.12,4710000,
PAC,42.599998,44.290001,41.830002,43.599998,119500,
PACB,2.65,2.77,2.42,2.52,904500,
PACD,9.26,9.26,9.09,9.23,30800,
PACR,6.36,6.48,6.25,6.4,205300,
PACT,6.75,6.83,6.71,6.74,246843,
PACW,28.84,29.280001,28.6,29.139999,839700,
PAG,29.690001,29.92,28.540001,28.67,855400,
PAL,0.98,0.98,0.95,0.98,1561283,
PANL,27.01,27.5,26.4,26.81,791200,
PANW,42.139999,42.490002,40.830002,41.049999,1242700,
PATH,2.7,2.8,2.62,2.8,116900,
PAY,16.309999,16.51,16.17,16.51,3594400,
PAYX,36.959999,37.290001,36.669998,37.169998,3338600,
PB,50.150002,51.209999,49.849998,50.380001,910300,
PBA,30.65,30.74,30.33,30.52,337400,
PBCT,14.38,14.55,14.16,14.44,12114100,
PBF,25.870001,25.93,24.450001,24.84,2870500,
PBH,27.969999,29.059999,27.92,28.610001,544300,
PBI,13.89,14.21,13.78,14.1,3839600,
PBJ,24.17,24.17,23.799999,24,71700,
PBNY,9.24,9.36,9.17,9.34,177300,
PBR,13.94,13.97,13.66,13.8,23073600,
PBR.A,14.85,14.97,14.64,14.75,11453500,
PBT,12.95,13.17,12.9,13.15,115800,
PBTH,6.22,6.31,6.18,6.26,113100,
PBW,5.2,5.2,5.03,5.12,230300,
PBY,11.62,11.69,11.27,11.3,647700,
PCAR,52.650002,52.68,51.700001,52.330002,2860100,
PCCC,15.76,16.030001,15.51,15.89,74600,
PCEF,24.030001,24.15,23.940001,24.07,118400,
PCG,44.009998,44.669998,43.200001,44.330002,9347600,
PCH,40.02,41.119999,39.779999,40.900002,672100,
PCL,44.889999,45.66,44.34,45.290001,1484900,
PCLN,820.73999,823.859985,805.219971,813.049988,1026100,
PCOM,20.26,20.700001,20.26,20.66,43600,
PCP,215.179993,215.600006,209.889999,211.740005,1037800,
PCRFY,7.44,7.55,7.36,7.49,130400,
PCRX,28.92,29.6,28.16,29.549999,1255700,
PCTI,8.05,8.05,7.8,7.98,93000,
PCXCQ,0.1771,0.19,0.172,0.175,420500,
PCY,26.950001,27.200001,26.35,26.530001,2278500,
PCYC,81.66,81.96,78.23,81,1047900,
PDCE,52.490002,53.400002,50.740002,51.610001,806400,
PDCO,37.450001,37.75,37.189999,37.419998,1468000,
PDFS,17.549999,17.809999,17.139999,17.76,138000,
PDH,12.87,12.98,12.57,12.58,188600,
PDLI,7.54,7.78,7.48,7.74,4248200,
PDM,17.17,17.309999,16.98,17,1788000,
PDP,30.82,30.92,30.360001,30.639999,324500,
PDS,8.77,8.82,8.42,8.58,2426000,
PEB,25.190001,25.57,24.98,25.190001,782100,
PEG,31.469999,31.76,31.030001,31.67,4250200,
PEGA,32.57,32.66,31.719999,32.029999,575200,
PEI,18.33,18.4,17.75,18.309999,1069000,
PEIX,3.6,3.86,3.5,3.84,296200,
PENN,51.279998,51.279998,49.879998,50.329997,7510600,
PEP,79.559998,80.419998,79.220001,80.129997,9417000,
PER,14.75,14.99,14.65,14.73,244900,
PERI,11.62,11.76,10.98,11.56,283400,
PERY,21.549999,21.549999,20.92,21.27,133700,
PES,6.74,6.89,6.63,6.88,651600,
PETM,66.91,67.71,65.7,67.6,2673500,
PETS,12.93,12.93,12.68,12.86,218100,
PF,24.959999,25.07,24.57,24.65,1589700,
PFE,28.860001,29.110001,28.459999,28.459999,222098200,
PFF,38.84,38.939999,38.540001,38.68,5472500,
PFG,37.560001,37.700001,36.439999,36.799999,2945100,
PFMT,11,11.48,10.94,11.39,302900,
PFPT,23.280001,23.75,22.559999,23.620001,419900,
PFS,15.18,15.43,15.06,15.43,435400,
PFSI,21.49,21.549999,21.200001,21.34,292900,
PFSW,3.7,4.02,3.7,3.98,23500,
PG,76.25,77.529999,75.690002,77.43,20055700,
PGEM,23.43,23.43,22.299999,22.299999,575900,
PGF,17.65,17.76,17.540001,17.610001,649000,
PGH,4.83,4.92,4.75,4.81,1916300,
PGI,12.23,12.51,12.04,12.18,334300,
PGJ,20.66,20.690001,20.209999,20.370001,35700,
PGNX,4.24,4.4,4.2,4.21,700200,
PGR,24.67,24.75,24.309999,24.549999,4166400,
PGTI,8.33,8.41,7.97,8.15,584400,
PGX,14.07,14.17,14.02,14.07,2005600,
PH,96.440002,96.639999,94.589996,94.849998,2063000,
PHB,18.67,18.709999,18.57,18.57,681200,
PHG,27.92,27.98,27.360001,27.67,974500,
PHH,19.08,19.530001,18.950001,19.51,1460700,
PHM,19.209999,19.25,18.110001,18.809999,14098700,
PHMD,15.64,15.64,15.330001,15.530001,36800,
PHO,21.709999,21.77,21.379999,21.67,132000,
PICO,20.700001,21.030001,20.51,20.75,181000,
PID,16.33,16.360001,16.1,16.200001,346800,
PIE,17.25,17.41,16.959999,17.360001,1233000,
PII,95.519997,95.650002,93,93.5,1537400,
PIKE,12.2,12.225,11.93,12.07,274400,
PIN,16.059999,16.15,15.84,16.15,2030800,
PIP,1.6,1.63,1.59,1.59,349200,
PIR,23.24,23.889999,22.370001,22.98,3588300,
PJC,32.970001,32.970001,32.080002,32.5,229000,
PKD,5.1,5.18,5,5.18,1467100,
PKE,24.129999,24.83,24.129999,24.51,129900,
PKG,48.84,48.91,47.73,48.669998,942600,
PKI,32.91,33.529999,32.860001,33.490002,1703800,
PKT,13.54,13.6,13.14,13.29,285200,
PKX,64.32,64.940002,63.290001,63.82,484600,
PKY,16.280001,16.6,16.209999,16.549999,775400,
PL,38.53,38.58,37.78,38.34,965100,
PLAB,7.56,7.68,7.47,7.66,475400,
PLCE,53.419998,53.59,52.529999,52.73,615700,
PLCM,10.69,10.7,10.39,10.49,3050800,
PLD,35.830002,36.369999,35.09,36.360001,11804700,
PLL,66.620003,66.800003,65.449997,65.940002,1387300,
PLOW,13.24,13.28,12.72,12.9,217100,
PLT,45.130001,45.130001,43.799999,44.330002,469100,
PLTM,11.18,11.29,11.01,11.2,5700,
PLUG,0.43,0.44,0.4,0.42,3060400,
PLX,5.05,5.06,4.98,5.01,239600,
PLXS,28.549999,28.809999,28.18,28.68,349200,
PLXT,4.74,4.75,4.67,4.7,392200,
PM,87.480003,88.440002,86.650002,87.459999,11088400,
PMC,14.5,14.6,12.85,13.17,1151800,
PMCS,6.07,6.07,5.93,6.03,1482600,
PMFG,6.31,6.46,6.3,6.37,122700,
PMT,20.280001,20.540001,19.860001,20.09,989800,
PMTC,24.3,24.47,23.88,24.19,1458300,
PMTI,13.34,13.52,13.26,13.46,98500,
PNC,71.82,72.230003,71.019997,71.709999,5150100,
PNFP,24.969999,25.059999,24.74,25,248900,
PNG,20.22,20.5,19.54,19.59,295400,
PNK,18.530001,19.200001,17.99,18.469999,1161400,
PNM,21.440001,21.610001,21.17,21.469999,738600,
PNNT,11,11.08,10.78,10.84,1112000,
PNR,57.099998,57.259998,56.450001,56.869999,2218700,
PNRA,183.300003,184.580002,177.630005,179.059998,741500,
PNW,52.59,52.98,51.560001,52.759998,1541900,
PNY,32.990002,33.25,32.529999,33.029999,675200,
PODD,28.940001,30.92,28.799999,30.84,662000,
POL,25,25.18,24.52,24.99,893900,
POM,19.52,20.07,19.35,19.879999,3764700,
POOL,50.75,51.419998,50,51.290001,464300,
POR,29.530001,29.82,29.139999,29.780001,1168000,
POST,45.25,45.73,44.5,45.709999,359500,
POT,39.509998,39.650002,38.77,39.200001,4904000,
POWI,39.77,40.259998,39.490002,39.860001,250000,
POWR,15.1,15.34,14.25,14.59,173700,
POZN,4.93,4.93,4.73,4.81,200200,
PPC,12.84,13.22,12.71,12.72,975300,
PPG,151.910004,152.039993,147.630005,148.899994,2092600,
PPH,45.73,45.830002,45.189999,45.529999,80100,
PPHM,1.42,1.42,1.36,1.39,1874300,
PPL,28.67,29.040001,28.48,28.98,7589700,
PPO,40.529999,40.529999,39.68,39.950001,610400,
PPP,4.5,4.58,4.38,4.57,746000,
PPS,45.580002,46.889999,45.580002,46.630001,639600,
PQ,4.1,4.26,4.05,4.18,205300,
PRA,51.16,51.439999,50.900002,51.299999,279300,
PRAA,157.169998,160.200005,156.020016,159.729984,594600,
PRCP,7.45,7.69,7.41,7.58,11600,
PRE,88.309998,88.480003,86.699997,87.139999,607900,
PRFT,13.34,13.43,13.03,13.3,257700,
PRGO,119.25,119.779999,118.209999,119.610001,719500,
PRGS,21.700001,21.9,21,21.559999,1091200,
PRI,37.32,37.529999,37.09,37.130001,638000,
PRIM,20.07,20.07,19.65,19.719999,355100,
PRKR,4.09,4.15,3.94,4.13,77000,
PRLB,61.279999,62.18,59.009998,60,659300,
PRMW,1.71,1.79,1.7,1.77,112700,
PRSC,27.190001,27.610001,26.68,26.809999,131100,
PRSS,6,6.13,5.96,6.12,34700,
PRU,72.839996,73.010002,70.75,71.550003,4105600,
PRXL,47.900002,48.669998,47.669998,48.509998,911600,
PSA,147.059998,151.020004,146.649994,149.729996,1777200,
PSB,68.690002,68.989998,67.080002,67.760002,191600,
PSDV,3.96,3.99,3.65,3.77,377000,
PSE,23.745,23.745,23.745,23.745,0,
PSEC,10.5,10.55,10.4,10.52,3487300,
PSEM,7.25,7.26,7.07,7.18,222400,
PSMI,10.95,11.22,10.78,10.85,188700,
PSMT,87.669998,88.290001,86.150002,87.839996,184900,
PSO,18.049999,18.129999,17.91,18.08,425400,
PSQ,23.07,23.389999,23.030001,23.190001,183400,
PST,29.24,29.799999,29.23,29.799999,316500,
PSTB,5.6,5.6,5.51,5.53,210400,
PSTI,2.81,2.89,2.79,2.82,227900,
PSUN,3.1,3.18,2.89,2.96,726300,
PSX,61.02,61.23,58.060001,59.25,6354700,
PT,3.93,3.93,3.75,3.83,861200,
PTEN,19.9,20.030001,19.5,19.549999,3218200,
PTIE,2.3,2.42,2.29,2.4,507300,
PTM,15.32,15.5,15.32,15.5,4100,
PTP,56.66,56.66,55.02,55.71,322800,
PTR,103.900002,104.199997,102.019997,103.489998,259000,
PTRY,12.92,12.92,12.44,12.53,157200,
PUK,32.360001,32.490002,32.02,32.360001,140500,
PVA,4.61,4.66,4.43,4.66,1636600,
PVG,6.34,6.72,6.22,6.6,308800,
PVH,121.230003,121.580002,118.099998,121,1683200,
PVR,26.8,27.37,25.43,25.81,1685500,
PVTB,19.74,20,19.469999,19.98,1166300,
PWE,10.93,11.12,10.86,11.07,2910900,
PWER,6.29,6.32,6.29,6.29,3935900,
PWR,26.280001,26.35,25.5,25.809999,3746900,
PWRD,15.7,15.88,15.6,15.82,513700,
PX,116.849998,117.059998,114.550003,115.260002,2331700,
PXD,147.899994,147.910004,141.880005,144.610001,2994300,
PZA,23.4,23.879999,22.98,23.26,1636900,
PZE,3.58,3.62,3.52,3.58,173100,
PZG,1.33,1.36,1.22,1.22,3221900,
PZO,132.559998,134.520004,132.479996,132.960007,0,
PZZA,63.950001,64.349998,63.099998,64.160004,623600,
Q,43.41,44.279999,42.59,44.189999,655700,
QCOM,60.93,61.049999,60.220001,60.669998,25052800,
QCOR,45.64,45.739,42.87,43.96,3152600,
QDEL,24.559999,25.459999,24.559999,25.389999,199300,
QEP,28.27,28.4,27.540001,28.24,1981500,
QGEN,18.930001,19.370001,18.910001,19.340001,2945500,
QID,24.030001,24.68,23.9,24.24,1758700,
QIHU,45.77,45.790001,42.700001,42.880001,3164600,
QLD,64.550003,64.889999,62.849998,63.900002,5500600,
QLGC,9.62,9.77,9.41,9.58,15308700,
QLIK,28.799999,28.809999,27.42,28.309999,3482100,
QLTI,8.18,8.34,8.06,8.33,187500,
QLTY,9.28,9.3,8.77,9.25,227100,
QLYS,15.09,15.39,14.99,15.17,240000,
QNST,7.67,7.88,7.41,7.8,213300,
QQEW,29.73,29.73,29.370001,29.639999,24600,
QQQ,70.779999,70.970001,69.839996,70.43,51558900,
QRE,16.5,16.65,16.12,16.4,417900,
QSII,17.879999,18.200001,17.67,17.940001,476400,
QTM,1.37,1.42,1.29,1.42,3633900,
QTWW,0.57,0.57,0.54,0.55,107300,
QUAD,24.049999,24.74,23.719999,24.01,417600,
QUIK,2.32,2.35,2.27,2.33,270600,
R,60.619999,61.209999,59.419998,60.490002,696800,
RAD,2.95,2.99,2.7,2.86,51733400,
RAI,46.66,47.439999,46.580002,47.189999,5317400,
RAIL,17.209999,17.35,17,17.040001,116300,
RAS,7.3,7.5,7.26,7.5,1371700,
RATE,14.01,15.05,13.98,14.81,712600,
RAVN,29.85,30.879999,29.85,30.620001,171600,
RAX,35.810001,37.349998,35.5,37.200001,3922900,
RBA,20.01,20.200001,19.68,19.74,642100,
RBC,65.239998,65.239998,63.349998,63.849998,702800,
RBCAA,22.219999,22.469999,22.02,22.27,45100,
RBCN,7.13,7.78,7.13,7.69,354400,
RBS,9.01,9.04,8.67,8.86,2836500,
RBY,1.41,1.5,1.37,1.39,2058200,
RCI,43.209999,44.43,43.049999,44.290001,949700,
RCII,37.240002,37.740002,36.66,37.369999,823900,
RCL,32.57,32.669998,31.66,32.240002,2396200,
RDA,10.37,10.9,10.37,10.88,489000,
RDC,34.470001,34.639999,33.580002,34.07,1757200,
RDEN,45.709999,46.470001,45.48,46.259998,209100,
RDI,6.09,6.12,6.04,6.11,76600,
RDN,12.11,12.15,11.22,11.78,17325800,
RDNT,2.63,2.63,2.5,2.5,126553,
RDS.A,64.12,64.35,63.55,64.19,4048900,
RDS.B,66.19,66.55,65.72,66.36,1296200,
RDWR,14.46,14.67,14.27,14.39,374600,
RDY,35.75,35.990002,35.529999,35.990002,435700,
RE,127.029999,127.029999,123.120003,124.589996,593200,
RECN,11.09,11.17,10.99,11.17,246700,
REDF,2.51,2.59,2.36,2.45,129700,
REE,1.84,1.85,1.8,1.8,313900,
REED,4.81,4.88,4.72,4.75,21500,
REFR,4.14,4.14,3.91,4.03,101700,
REG,46.990002,47.459999,46.290001,46.709999,971300,
REGI,13.5,13.56,12.83,13.55,582400,
REGN,220.949997,226,212.820007,215.470001,3137700,
RELL,11.59,11.65,11.41,11.49,64000,
REM,12.94,13.07,12.7,12.93,1180000,
REMX,9.77,9.79,9.55,9.63,22500,
REN,7.83,7.83,7.41,7.65,566200,
RENN,3.07,3.07,2.92,2.95,1495100,
RENT,20.549999,20.959999,20.35,20.91,44400,
RES,13.48,13.66,13.2,13.53,692200,
REV,19.93,20.15,19.5,19.559999,82400,
REW,32.200001,32.830002,32.200001,32.490002,2500,
REXI,8.07,8.15,8.01,8.07,34800,
REXX,17.559999,17.9,17,17.690001,1311900,
RF,9.15,9.18,9.02,9.1,29187300,
RFMD,5.33,5.36,5.23,5.319,4788100,
RFP,12.8,12.89,12.66,12.78,1071300,
RGA,67.110001,67.25,66,66.739998,883900,
RGC,17.23,17.32,16.83,16.92,954200,
RGEN,7.58,8.1,7.55,7.99,359700,
RGLD,45.060001,46.709999,43.900002,46.189999,2025800,
RGP,25.809999,26.139999,24.690001,24.700001,2420400,
RGR,48.540001,49.09,47.950001,48.23,273700,
RGS,16.719999,16.780001,16.370001,16.370001,1127400,
RHI,33.139999,33.279999,32.220001,32.619999,1467300,
RHP,35.740002,36.029999,34.990002,35.27,2127500,
RHT,46.25,46.470001,45.34,46.450001,4544500,
RIC,1.6,1.67,1.5,1.59,474600,
RICK,8.65,8.65,8.45,8.57,52300,
RIG,48.5,48.57,47.740002,47.970001,2789400,
RIGL,3.77,3.98,3.65,3.75,5177400,
RIMG,8.35,8.35,8.23,8.23,8100,
RIO,41.59,41.860001,41.16,41.529999,3435300,
RIOM,1.96,2.04,1.75,1.92,553000,
RJA,8.57,8.61,8.55,8.57,140700,
RJET,11.3,11.45,11.1,11.41,714300,
RJF,42.849998,43.009998,42.209999,42.580002,1356300,
RJI,8.08,8.08,8,8.03,1239900,
RJN,6.41,6.41,6.34,6.4,92300,
RKT,103.239998,103.540001,99.510002,102.25,2887400,
RKUS,11.99,12.3,11.85,12.11,3297600,
RL,171.570007,172,167.460007,169.089996,811400,
RLD,14.84,15.18,14.68,14.88,571000,
RLGY,48.119999,48.360001,45.150002,45.619999,5079500,
RLH,6.15,6.16,6.09,6.12,107700,
RLI,74.019997,74.410004,73.120003,74.349998,248600,
RLJ,22.07,22.370001,21.799999,22.120001,1529500,
RLOC,13.08,13.08,12.63,12.71,137300,
RMBS,8.6,8.71,8.47,8.65,1138400,
RMD,48.57,48.630001,47.139999,48.369999,2313200,
RMTI,3.92,3.99,3.8,3.84,682100,
RNDY,7.39,7.62,7.39,7.52,523300,
RNF,28.16,29.52,27.969999,28.889999,356900,
RNO,13.67,13.69,13.45,13.64,34800,
RNR,84.639999,84.68,83.07,83.389999,787400,
RNST,23.809999,23.809999,22.959999,23.07,642000,
ROC,63.92,64.06,60.45,62.7,2117737,
ROCK,15.52,15.53,14.93,15.08,219400,
ROCM,14.16,14.3,14,14.3,43200,
ROG,46.880001,47.02,46.209999,46.400002,158300,
ROIC,13.29,13.54,13.13,13.28,1000400,
ROK,84.220001,84.800003,83.190002,83.849998,822300,
ROL,24.640005,24.799996,24.599999,24.739995,470300,
ROLL,53.360001,54.07,52.619999,52.810001,209200,
ROM,77.660004,77.660004,75,76,153000,
ROP,122.169998,122.639999,120.980003,122.080002,1276700,
ROSE,44.400002,44.490002,42.5,43.490002,1526400,
ROSG,3.7,3.71,3.51,3.57,271700,
ROST,63.860001,64.190002,62.939999,63.799999,4468200,
ROVI,24.34,24.469999,23.379999,23.59,1521900,
ROYL,2.58,2.6,2.48,2.6,287600,
ROYT,17.85,18.33,17.75,18.290001,107600,
RP,18.32,18.389999,17.84,18.190001,607500,
RPAI,14.69,14.98,14.58,14.74,2820800,
RPM,31.58,31.83,31.32,31.34,950400,
RPRX,20.4,20.75,18.879999,19.370001,887600,
RPTP,7.46,7.77,7.39,7.74,506200,
RPXC,16,16.26,15.66,15.97,403900,
RRC,77.889999,78.099998,76.480003,77.300003,2648700,
RRD,12.88,13.13,12.8,13.05,2310400,
RRGB,54.630001,55.09,53.880001,54.279999,153800,
RRMS,36.07,36.5,35.91,36.43,22600,
RRTS,27.360001,27.379999,26.459999,26.549999,257600,
RS,65.370003,65.459999,64.43,64.589996,727700,
RSE,18.66,18.77,18,18.15,230300,
RSG,33.619999,33.709999,33.150002,33.450001,1975900,
RSH,31.6,31.6,31.6,31.6,0,
RSO,6.18,6.24,6.11,6.2,549100,
RSOL,2.36,2.38,2.14,2.3,1799000,
RSP,60.77,60.919998,59.830002,60.5,1458100,
RST,15.15,15.33,14.95,15,189500,
RSTI,25.91,26.68,25.57,26.59,129300,
RSX,24.65,24.98,24.27,24.77,8352300,
RSYS,4.92,5,4.8,4.95,113500,
RT,9.17,9.22,8.88,8.93,733800,
RTEC,11.96,12.02,11.79,11.98,231500,
RTH,51.369999,51.639999,51.029999,51.380001,41600,
RTI,28.219999,28.219999,27.6,27.940001,589700,
RTIX,4.26,4.34,4.23,4.32,374700,
RTK,1.96,2.12,1.95,2,516600,
RTN,66.360001,66.68,66.040001,66.110001,2344300,
RUE,41.65,41.7497,41.48,41.61,918700,
RUSHA,24.58,24.629999,23.77,24.07,243600,
RUSL,19.140382,19.550391,18.200363,19.320385,3900,
RUSS,22.5,23.530001,21.450001,22.08,22700,
RUT,962.75,965.22998,951.450012,963.679993,57972800,
RUTH,12.2,12.33,11.52,11.9,354400,
RVBD,16.1,16.3,15.88,16,3063100,
RVLT,3.85,3.9,3.34,3.55,147000,
RVM,0.74,0.76,0.72,0.73,186900,
RWM,20.93,21.16,20.83,20.889999,720500,
RWO,40.48,40.73,39.799999,40.470001,467900,
RWR,72.059998,73.379997,71.449997,72.730003,544600,
RWT,17.549999,17.799999,17.08,17.52,1776100,
RWX,38.610001,38.73,38,38.41,667700,
RXN,16.67,17.85,16.389999,17.120001,3012300,
RY,56.349998,57.189999,56.330002,56.700001,1120100,
RYAAY,51.290002,51.42,49.450001,49.720002,705200,
RYL,39.049999,39.279999,36.630001,38.560001,3486800,
RYN,52.289997,52.870002,51.660001,52.349999,1626900,
S,6.96,7.04,6.92,6.97,143661700,
SA,10.01,10.35,9.83,10.13,1394500,
SAA,70.300003,71.050003,69.050003,70.779999,7400,
SAAS,7.81,7.89,7.46,7.72,392100,
SABA,8.9,8.95,8.85,8.95,64000,
SAFM,65.220001,65.610001,64.07,64.639999,536000,
SAFT,49.509998,49.779999,49,49.02,142200,
SAH,20.99,21.299999,19.959999,20.440001,763400,
SAI,0.025,0.025,0.025,0.025,0,
SAIA,31.42,31.67,31.16,31.370001,303100,
SAM,166.5,169.339996,166.039993,168.5,76500,
SAN,6.63,6.64,6.5,6.57,18376700,
SAND,6.54,6.64,6.16,6.4,2342300,
SANM,13.57,13.95,13.4,13.87,821800,
SAP,72.989998,73.099998,71.910004,72.75,3075500,
SAPE,12.83,12.92,12.65,12.81,1940200,
SATS,38.98,39.240002,38.509998,38.619999,195800,
SAVE,32.779999,32.990002,32.200001,32.599998,695100,
SB,5,5.19,4.88,5.19,227800,
SBAC,72.110001,72.5,71.110001,71.75,2243400,
SBGI,28.110001,28.6,27.23,28.43,2193100,
SBGL,3.07,3.1,2.96,2.98,1366100,
SBH,29.709999,29.75,29.07,29.4,1407600,
SBNY,79.599998,80.449997,79.18,79.809998,723800,
SBS,9.75,9.88,9.04,9.65,9277800,
SBSI,23.949996,24.330001,23.819995,23.899994,106900,
SBUX,65.709999,65.919998,64.230003,64.690002,14709600,
SBY,16.32,16.719999,16.24,16.530001,1339800,
SCCO,28.629999,28.690001,27.84,28.120001,2539400,
SCG,47.869999,48.310001,47.220001,48.150002,1220600,
SCHA,43.419998,43.720001,42.91,43.5,308500,
SCHB,38.860001,38.869999,38.25,38.610001,750400,
SCHD,32.740002,32.790001,32.400002,32.68,500300,
SCHE,22.42,22.559999,22.08,22.459999,501100,
SCHF,27.379999,27.379999,26.790001,27.059999,1283900,
SCHG,38.240002,38.27,37.59,37.91,186800,
SCHH,30.6,31.120001,30.32,30.85,175500,
SCHL,28.91,29.129999,28.52,28.58,335800,
SCHM,31.59,31.709999,31.059999,31.440001,492300,
SCHN,24.860001,25.23,24.530001,24.629999,362600,
SCHV,36.310001,36.32,35.740002,36.139999,187400,
SCHW,20.709999,20.77,20.33,20.639999,11927400,
SCHX,38.220001,38.25,37.68,38.029999,558000,
SCI,17.469999,17.559999,17.190001,17.370001,1785700,
SCIF,7.27,7.3,7.13,7.28,64400,
SCLN,4.69,4.91,4.65,4.9,401300,
SCMP,6.46,6.8,6.32,6.78,290300,
SCO,37.610001,39.040001,37.450001,38.450001,2529700,
SCOK,1.42,1.47,1.41,1.455,20510,
SCOR,23.23,23.34,22.6,23.02,268500,
SCR,17.245,17.245,17.245,17.245,0,
SCS,14.25,14.73,14.19,14.64,1180600,
SCSC,33.41,34.049999,33.150002,33.34,185500,
SCSS,24.52,24.82,23.49,23.780001,4318300,
SCTY,35.220001,35.98,34.02,34.52,2190000,
SCVL,23.709999,24.469999,23.17,23.26,83700,
SCZ,42.75,42.75,42.060001,42.57,263400,
SD,4.87,5.04,4.71,4.94,10281900,
SDIV,20.92,21,20.66,20.91,334800,
SDLP,29.860001,30.450001,29.209999,29.27,30800,
SDOW,43.919998,45.330002,43.75,44.209999,890300,
SDR,12.94,13.27,12.81,13.2,195200,
SDRL,39.240002,39.490002,38.82,39.27,3620000,
SDS,41.279999,42.419998,41.200001,41.619999,19167900,
SDT,13.57,13.7,13.4,13.43,163500,
SDY,65.599998,65.809998,64.870003,65.550003,1630800,
SE,33.919998,34.029999,33.130001,33.66,4765000,
SEA,17.629999,17.629999,17.219999,17.4,14400,
SEAC,11.69,11.76,11.5,11.57,208500,
SEAS,37.990002,38.310001,37.68,37.73,1200100,
SEE,23.66,23.84,23.110001,23.469999,1965800,
SEED,1.48,1.48,1.45,1.45,50800,
SEF,23.91,24.370001,23.540001,24.110001,50400,
SEIC,28.059999,28.18,27.66,27.9,999600,
SEM,7.87,7.98,7.85,7.97,520500,
SEMG,52.700001,52.700001,51.380001,52.490002,576400,
SEP,41.900002,43.119999,41.900002,43,1039000,
SF,35.220001,35.380001,34.889999,35.25,658800,
SFC,92.879997,93.68,92.82,93.480003,0,
SFD,32.89,33.04,32.75,32.94,6602616,
SFE,15.72,15.79,15.51,15.71,155900,
SFG,48.009998,48.290001,47.560001,48.009998,516400,
SFI,21000,21000,20500,20500,3000,
SFL,15.37,15.41,15.09,15.12,1039500,
SFLY,51.419998,52.759998,50.529999,52.459999,850000,
SFUN,25.209999,25.209999,24.57,24.9,1346500,
SFY,12.24,12.26,11.78,11.81,3232100,
SGEN,31.18,31.860001,29.200001,30.299999,2912700,
SGG,58.779999,59.400002,58.400002,59.25,15600,
SGI,14.11,14.16,13.8,14.07,465300,
SGMO,7.79,8.09,7.11,7.35,5860900,
SGMS,10.97,11.33,10.68,10.93,677900,
SGOL,127.540001,127.980003,126.919998,127.489998,44600,
SGU,4.82,4.93,4.8,4.86,35100,
SGY,21.94,22.039999,21.3,21.309999,35300,
SGYP,4.66,4.869999,4.66,4.829997,967200,
SH,29.75,30.15,29.719999,29.85,5333900,
SHEN,17,17.040001,16.200001,16.450001,471200,
SHFL,18.03,18.08,17.72,17.88,613700,
SHLD,44.579883,44.769879,43.339883,44.009883,1493200,
SHLM,26.52,26.52,25.959999,26.33,220000,
SHO,11.41,11.59,11.31,11.55,1883800,
SHOO,47.550001,47.779996,46.660006,46.819994,712600,
SHOR,3.86,3.96,3.85,3.94,376800,
SHOS,44.150002,44.369999,41.610001,41.91,296400,
SHPG,94.199997,94.760002,93.489998,94.75,476400,
SHW,176.509995,176.520004,170.059998,173.100006,1510400,
SHY,84.279999,84.300003,84.230003,84.25,3785200,
SI,0.115,0.115,0.115,0.115,50000,
SIAL,80.75,81.260002,80.220001,80.730003,1189000,
SID,3,3.02,2.9,2.96,6449700,
SIFY,1.8,1.8,1.75,1.76,66100,
SIG,67.059998,67.209999,65.709999,66.269997,918200,
SIGA,2.95,2.95,2.85,2.86,348100,
SIGM,4.8,4.95,4.71,4.95,274500,
SIL,11.579988,11.889987,11.419988,11.729987,99800,
SIM,11.6,12.06,11.38,11.72,20600,
SIMG,5.53,5.57,5.445,5.54,849400,
SIMO,11,11.34,10.72,10.77,256000,
SINA,55.009998,55.299999,53.740002,54.48,2306000,
SIR,27.780001,28.67,27.450001,28.65,196300,
SIRI,3.3,3.33,3.13,3.15,151648700,
SIRO,62.91,64.07,62.84,64,797700,
SIVB,76.889999,79.389999,76.529999,78.75,993700,
SIVR,19.76,19.9,19.620001,19.84,189400,
SIX,73.260002,73.830002,71.32,71.970001,1395200,
SJB,31.879999,32.029999,31.700001,31.98,74200,
SJI,56.09,56.450001,54.860001,56.27,477200,
SJM,100.470001,101.120003,99.849998,100.709999,722600,
SJR,21.65,22.209999,21.540001,21.809999,786800,
SJT,15.38,15.59,15.35,15.5,192500,
SKF,23.67,24.5,23.620001,23.98,242400,
SKH,6.9,6.95,6.55,6.71,159300,
SKM,20.51,20.68,19.73,19.73,4754100,
SKS,13.81,13.91,13.36,13.39,3002600,
SKT,32.43,32.93,31.889999,32.639999,1008100,
SKUL,5.48,5.55,5.3,5.37,374200,
SKX,22.370001,22.370001,21.69,21.870001,1374600,
SKYW,13.82,13.92,13.2,13.61,422600,
SKYY,21.129999,21.129999,20.629999,20.83,48600,
SLAB,41.349998,41.740002,40.860001,41.509998,289700,
SLB,72.779999,73.129997,71.809998,72.830002,9785400,
SLCA,20.709999,21.07,20.209999,20.969999,2296600,
SLF,29.530001,29.58,28.52,28.940001,914300,
SLG,85.160004,86.440002,84.059998,85.190002,1359400,
SLGN,46.93,47.540001,46.16,46.580002,259100,
SLH,52.380001,52.380001,51.77,52.09,394600,
SLM,22.670011,22.670011,22.150004,22.359993,17148100,
SLRC,22.75,22.799999,22.549999,22.65,652000,
SLT,35.54,35.54,35.54,35.54,0,
SLV,19.27,19.450001,19.16,19.389999,14606100,
SLW,20.42,20.549999,19.75,20.370001,6296900,
SLX,38.73,38.73,37.900002,38.209999,90100,
SLXP,66.81,67.66,64.96,65.92,913800,
SM,60.759998,61.490002,60.560001,60.990002,1143700,
SMA,1.4,1.47,1.4,1.47,1300,
SMFG,8.9,8.91,8.72,8.87,1415400,
SMG,48.200001,48.290001,47.25,48,576400,
SMH,37.279999,37.369999,36.720001,37,2121500,
SMLP,33.450001,34.419998,33.099998,34.419998,40700,
SMN,50.990002,52.91,50.540001,51.73,85000,
SMP,35.049999,35.080002,34.380001,34.759998,192200,
SMRT,13.62,14.05,13.62,13.74,266500,
SMS,0.5,0.5,0.5,0.5,0,
SMSI,1.15,1.18,1.12,1.12,30000,
SMT,1.32,1.41,1.27,1.41,115100,
SMTC,35.98,36.139999,35.32,35.889999,754800,
SN,23,23,22.120001,22.780001,511100,
SNA,89.660004,89.779999,86.730003,88.07,516400,
SNAK,7.88,8.03,7.83,7.97,99400,
SNCR,31.15,31.17,30.4,30.83,363400,
SNDK,59.639999,60.169998,57.830002,58.860001,5152000,
SNE,20.48,20.5,19.969999,20.379999,3705300,
SNH,24.52,25.01,24.219999,24.75,3022400,
SNHY,29.809999,30.200001,29.35,30.040001,92000,
SNI,66.519997,66.940002,65.379997,66.040001,1067600,
SNP,88.399997,89.430003,87.520003,89.019994,131800,
SNPS,35.650002,35.970001,35.049999,35.209999,1100100,
SNSS,5.11001,5.15001,5.05001,5.13001,79100,
SNTA,3.92,4.38,3.92,4.33,3142000,
SNTS,19000,19000,19000,19000,9500,
SNV,2.720054,2.820056,2.710054,2.780055,4775700,
SNX,42.419998,42.77,42.009998,42.110001,427500,
SNY,51.360001,51.610001,50.790001,51.349998,1929600,
SO,43.150002,43.59,42.330002,43.099998,9914300,
SODA,70.720001,72.349998,68.800003,71.010002,1277900,
SOHU,64.410004,64.410004,62.279999,62.68,979400,
SOL,2.02,2.1,1.95,2.1,1330100,
SON,34.32,34.41,33.700001,34.07,632000,
SONC,14.58,14.71,14.22,14.3,1046900,
SONS,3.11,3.18,3.03,3.08,685500,
SORL,2.68,2.72,2.62,2.65,29900,
SOX,462.14,464.33,455.79,460.85,0,
SOXL,44.560001,45.799999,43.16,44.790001,1268000,
SOXS,16.219999,17.129999,16.18,16.6,29000,
SOXX,63.119999,63.119999,61.939999,62.73,102500,
SOYB,23.959999,24.200001,23.959999,24.02,1400,
SPAR,5.78,5.95,5.76,5.93,170100,
SPB,58.02,58.349998,57.25,58.169998,248500,
SPF,8.4,8.48,7.93,8.15,16281800,
SPG,155.809995,158.809998,154.389991,156.579995,2928900,
SPH,45.630001,46.919998,44.599998,44.869999,767300,
SPIL,5.96,5.96,5.83,5.86,1286700,
SPLK,43.799999,43.950001,42.830002,43.849998,1561100,
SPLS,15.68,15.99,15.42,15.59,10107400,
SPLV,30.379999,30.620001,30.110001,30.51,2495100,
SPN,27.559999,27.65,26.629999,26.790001,2403300,
SPNC,16.98,18.209999,16.98,18.02,779500,
SPP,2,2.05,1.99,2,100,
SPPI,7.79,8.16,7.65,8.01,2960900,
SPR,21.33,21.4,21.08,21.219999,755400,
SPRD,25.8,26.69,25.33,25.91,6148700,
SPRT,4.6,4.67,4.57,4.6,420100,
SPSC,53.57,54.009998,51.369999,52,154400,
SPTN,18.34,18.639999,17.719999,18.6,106900,
SPU,2.1,2.15,2.1,2.11,700,
SPW,72.709999,72.709999,70.010002,71.529999,647800,
SPWR,18.370001,18.540001,17.52,18.34,4364700,
SPX,1588.619995,1599.189941,1577.699951,1592.430054,5797280000,
SPXL,41.029999,41.150002,39.43,40.639999,4035600,
SPXS,11.06,11.53,11.03,11.18,1344200,
SPXU,24.940001,25.969999,24.870001,25.219999,4818000,
SPY,159.639999,159.759995,157.470001,159.070007,271956800,
SQI,22.719999,22.82,22.1,22.32,104300,
SQM,40.029997,40.599998,39.789999,39.949998,1757900,
SQNM,4.13,4.17,4.03,4.12,1943100,
SQQQ,29.360001,30.530001,29.110001,29.75,1144700,
SRC,18.520009,18.729994,17.590009,17.769993,7686000,
SRCL,107.290001,108.169998,106.660004,107.510002,714500,
SRDX,21.450001,21.57,21.09,21.16,115000,
SRE,79.339996,79.93,77.489998,79.589996,1519100,
SREV,9.04,9.12,8.84,9.1,567100,
SRI,10.9,11.03,10.67,10.78,584700,
SRPT,39.59,40.099998,37.110001,38.110001,2237700,
SRS,23.35,23.85,22.629999,22.99,175800,
SRT,4.67,4.8,4.63,4.8,19900,
SRTY,20.969999,21.629999,20.629999,20.76,410100,
SSD,28.17,28.76,28.02,28.59,446900,
SSG,27.59,28.7,27.59,28.229999,1500,
SSH,5.68,5.72,5.56,5.61,43600,
SSI,22.34,22.790001,21.940001,22.610001,992200,
SSL,41.779999,41.93,41.189999,41.889999,418400,
SSN,0.44,0.44,0.42,0.42,25500,
SSNC,32.439999,32.66,31.32,32.66,871200,
SSO,76.139999,76.290001,74.110001,75.589996,23279800,
SSP,14.950004,15.210003,14.869998,15.069996,491700,
SSRI,6.32,6.47,6.15,6.33,3010900,
SSS,62.919998,64.809998,62.549999,64.440002,314500,
SSW,21.790001,21.99,21.27,21.42,187700,
SSYS,87.300003,87.470001,79.690002,82.150002,917500,
ST,34.919998,35.119999,34.52,35.080002,3239800,
STAA,10.04,10.29,9.96,10.24,539100,
STAG,20.110001,20.32,19.77,19.84,903800,
STB,6.09,6.13,5.99,6.05,117400,
STBA,19,19.799999,18.84,19.469999,662700,
STBZ,15,15.3,14.94,15.27,276800,
STC,26.24,26.25,25.66,25.9,204900,
STE,42.950001,43.610001,42.610001,43.419998,590600,
STEC,3.4,3.59,3.38,3.59,1050600,
STEI,13.08,13.08,13.06,13.075,1324700,
STEL,19.03,19.22,18.93,19.19,114200,
STFC,17.469999,17.549999,17.17,17.52,59300,
STI,31.16,31.450001,30.959999,31.23,6095900,
STJ,44.450001,45.130001,44.130001,44.669998,3402900,
STKL,8.02,8.06,7.77,7.9,420600,
STLD,14.69,14.84,14.47,14.5,2572900,
STM,9.16,9.19,8.97,9.11,1179300,
STMP,38.34,38.68,37.68,38.52,203000,
STNG,8.55,8.67,8.4,8.46,1686700,
STO,21.059999,21.09,20.76,20.969999,3004500,
STON,25.049999,25.700001,24.92,25.700001,67400,
STP,0.415,0.43,0.395,0.395,3343400,
STR,23.23,23.459999,22.92,23.370001,2201300,
STRA,50.34,50.389999,47.389999,49.369999,352900,
STRI,2.319977,2.589974,2.249978,2.549975,166500,
STRL,9.2,9.66,9.2,9.56,95900,
STRM,6,6.1,5.95,6.05,44300,
STRZA,22.139999,22.360001,21.690001,21.9,1160500,
STSA,22.72,23.01,22.5,22.68,396300,
STSI,1.33,1.33,1.24,1.33,1735000,
STT,66.75,66.75,64.07,64.949997,5697100,
STV,1.5,1.52,1.47,1.51,190300,
STWD,23.679996,23.970003,22.889999,23.389999,5950400,
STX,43.169998,43.169998,41.91,42.25,5996100,
STZ,50.790001,51.02,50.040001,50.490002,2048900,
SU,29.639999,29.75,29.17,29.52,6784400,
SUI,47.950001,48.709999,47.630001,48,329800,
SUNE,8.09,8.15,7.51,7.85,7484500,
SUP,17.370001,17.610001,17.129999,17.58,121100,
SUPN,6.5,6.54,6.1,6.44,409100,
SUPX,23.13,23.88,22.97,23.86,65300,
SURG,3.69,3.7,3.55,3.69,104400,
SUSP,28.13,28.81,28.06,28.55,16500,
SUSQ,12.06,12.3,11.94,12.3,2490900,
SUSS,49.28,49.41,47.99,49.12,348000,
SUTR,1.66,1.66,1.56,1.56,118400,
SVA,3.9,4,3.81,3.92,161000,
SVM,2.51,2.58,2.43,2.43,4761000,
SVN,16.05,16.05,16.05,16.05,0,
SVNT,0.71,0.72,0.66,0.7,583900,
SVO,366.6297,371.4437,361.2385,367.3457,0,
SVU,6.02,6.2,5.95,5.99,9699000,
SVXY,75.68,76.349998,71.68,75.830002,3825400,
SWC,10.85,10.85,10.15,10.45,2442400,
SWFT,15.82,16.09,15.4,15.81,1094600,
SWHC,9.89,9.94,9.61,9.64,2339800,
SWI,40.209999,40.209999,39.369999,39.509998,737500,
SWIR,12.22,12.38,11.94,12.02,86800,
SWK,77.519997,77.739998,75.550003,76,1736900,
SWKS,21.77,22,21.35,21.799999,4304700,
SWM,49.77,49.990002,49.27,49.740002,409800,
SWN,36.16,36.310001,35.529999,36.119999,3126000,
SWSH,0.85,0.85,0.77,0.82,170100,
SWX,45.900002,46.279999,45.110001,46.139999,280700,
SWY,20.58,20.72,20.01,20.43,7547500,
SXC,14.44,14.5,14.23,14.32,1165000,
SXCP,22.51,22.67,22,22.120001,20600,
SXE,23.059999,23.059999,22.610001,22.799999,21200,
SXI,53.310001,53.630001,52.240002,53.310001,57100,
SXL,62.209999,63.59,61.299999,62.060001,855000,
SXT,39.669998,40.619999,39.57,40.509998,467100,
SYA,15.39,15.57,15.28,15.34,1107400,
SYK,65.330002,65.980003,65,65.599998,1668500,
SYKE,15.75,15.87,15.59,15.8,251800,
SYMC,22.540001,22.549999,21.99,22.23,13174300,
SYNA,36.73,36.73,35.970001,36.549999,736100,
SYNC,3.05,3.1,2.95,3.09,251500,
SYNT,64.080002,64.080002,62.52,63.25,242800,
SYRG,6.91,7.11,6.76,7.11,630200,
SYT,76.760002,76.769997,75.57,76.230003,496500,
SYX,9.46,9.47,9.32,9.4,124400,
SYY,33.619999,33.889999,33.400002,33.68,5854800,
SZYM,12.35,12.63,11.77,12.62,1944500,
T,34.549999,34.73,34.099998,34.470001,97444100,
TA,10.39,10.51,10.27,10.5,273300,
TAHO,12.89,12.92,12.26,12.77,98300,
TAL,10,10.14,9.98,10.01,115300,
TAM,20.9,20.9999,20.48,20.48,701400,
TAN,23.280001,23.280001,22.450001,22.99,110400,
TAO,19.620001,19.66,19.26,19.57,96800,
TAOM,4.71,5.1,4.71,5,52200,
TAP,48.099998,48.330002,47,47.790001,2306300,
TASR,8.88,9.09,8.8,8.91,630900,
TAST,6.54,6.62,6.21,6.27,140600,
TAT,0.71,0.74,0.71,0.74,29900,
TAXI,13.84,14.16,13.66,13.97,140400,
TAYC,17.24,17.43,17.055,17.28,192700,
TBBK,13.85,14.25,13.58,14.23,152400,
TBF,31.5,32,31.43,31.99,1829800,
TBI,22,22,21.1,21.870001,415300,
TBT,72.900002,75.290001,72.529999,75.269997,10161700,
TC,3.04,3.08,2.88,2.96,2161500,
TCAP,26.24,27.42,26.030001,27.42,984900,
TCB,13.91,13.96,13.68,13.84,2037800,
TCBI,42.560001,42.84,41.080002,41.93,812000,
TCK,21.809999,21.98,20.82,21.799999,4017400,
TCO,74.620003,74.949997,72.519997,74.440002,1633800,
TCP,43.919998,46.25,43.849998,45.84,1159700,
TCPC,16.209999,16.389999,16.059999,16.08,450400,
TCRD,14.95,15.2,14.65,15.09,2503700,
TD,77.57,78.300003,76.93,77.860001,1665400,
TDC,53.139999,53.139999,50.529999,50.700001,3633300,
TDG,155.190002,163.830002,155.190002,162.479996,1330500,
TDIV,22.02,22.02,21.440001,21.65,129600,
TDS,22.549999,22.66,22.280001,22.58,676100,
TDW,56.709999,56.709999,55.549999,55.939999,674100,
TDY,75.019997,76.220001,74.599998,75.910004,254400,
TE,16.639999,16.85,16.4,16.76,2419100,
TEAR,11,11.13,10.41,10.5,112700,
TECD,47.48,48.419998,46.880001,46.970001,236800,
TECH,68.029999,69.5,67.980003,69.190002,522700,
TECL,58,58.189999,55.509998,56.810001,1102400,
TECS,35.57,37.139999,35.529999,36.41,32800,
TECUA,11.01,11.22,10.73,10.78,52700,
TEF,13.03,13.05,12.75,12.88,1465700,
TEG,56.279999,57.110001,55.389999,56.91,759400,
TEL,45.139999,45.66,44.759998,45.610001,2999800,
TEN,45.27,45.43,43.599998,44.25,1291400,
TEO,13.51,14.57,13.17,13.62,1566500,
TEP,21.99,22.01,21.219999,21.25,137300,
TER,17.139999,17.139999,16.73,16.940001,2494700,
TESO,12.91,13.19,12.74,12.91,974900,
TEU,3.88,3.93,3.75,3.77,201900,
TEVA,38.84,39.200001,38.599998,38.740002,3059700,
TEX,28.02,28.059999,25.93,26.67,5421600,
TFM,49.450001,49.799999,48.419998,48.610001,1028400,
TFSL,10.93,10.96,10.81,10.83,559000,
TFX,76,76,75.330002,75.660004,297800,
TG,26.110001,26.17,25.299999,25.370001,227900,
TGA,6.24,6.24,5.63,5.8,190700,
TGB,1.95,2,1.9,2,467900,
TGH,36.91,36.990002,36.610001,36.84,249000,
TGI,78.269997,79.269997,78.209999,78.849998,821100,
TGP,42.389999,42.799999,42.029999,42.450001,224500,
TGT,69.089996,69.279999,68.32,68.830002,4934300,
THC,42.91,43.049999,41.16,41.849998,2247900,
THG,47.330002,47.400002,46.419998,46.900002,523700,
THI,53.03,53.22,52.4,52.68,326900,
THLD,5.16,5.32,5.03,5.27,462700,
THM,0.56,0.73,0.51,0.51,6608900,
THO,46.599998,47.02,46.259998,46.599998,709400,
THOR,31.27,31.719999,31.27,31.540001,736000,
THRM,18.5,18.530001,17.67,17.75,343100,
THRX,36.750008,38.190001,36.049997,37.600005,5038200,
THS,64.839996,65.540001,64.419998,65.139999,238800,
TI,7,7.01,6.76,6.94,255400,
TIBX,21.5,21.87,20.63,21.03,6750000,
TICC,9.43,9.52,9.31,9.36,663400,
TIF,72.620003,72.779999,70.769997,72.510002,1847500,
TILE,17.02,17.290001,16.9,17.01,683100,
TINY,3.25,3.28,3.21,3.24,207100,
TIP,111.550003,111.739998,110.43,110.440002,2374200,
TISI,38.209999,39.290001,38.110001,38.869999,166500,
TITN,19.700001,20.08,19.450001,20,439500,
TIVO,24.34,24.469999,23.379999,23.59,1521900,
TJX,49.41,49.68,48.93,49.490002,4577000,
TK,39.139999,39.200001,38.380001,38.77,222000,
TKC,14.14,14.22,13.99,14.17,311700,
TKR,57.790007,57.979996,56.189994,56.369996,1229100,
TLAB,2.06,2.14,1.99,2.005,13060400,
TLH,126.93,127.080002,125.620003,125.629997,35700,
TLK,39.849998,40.07,39.130001,39.84,267700,
TLLP,56.099998,57.240002,53.060001,55.939999,2171200,
TLM,11.42,11.52,11.3,11.51,7795500,
TLP,41.490002,42.25,41,41.84,37300,
TLT,110.150002,110.410004,108.370003,108.400002,19781000,
TLYS,15.27,15.77,15.27,15.63,83900,
TM,119.379997,119.760002,117.599998,119.550003,765500,
TMF,53.880001,54.299999,51.299999,51.310001,1037200,
TMH,41.25,41.5,40.790001,41.220001,1555000,
TMHC,25.629999,25.91,24.57,25.17,3604700,
TMK,65.140005,65.140005,64.23,64.550011,791700,
TMO,82.279999,83.519997,82.010002,83.089996,3578600,
TMUS,22.98,23.290001,22.379999,22.82,6897400,
TMV,65.290001,68.57,64.949997,68.519997,1564500,
TNA,45.139999,45.880001,43.709999,45.619999,19007200,
TNAV,5.17,5.2,5.13,5.13,238100,
TNC,50.779999,50.830002,49.689999,49.889999,178400,
TNGO,15.06,15.06,14.35,14.88,509100,
TNK,2.59,2.73,2.55,2.65,486300,
TNP,4.49,4.58,4.37,4.37,178900,
TOL,31.92,32.150002,30.309999,31.700001,11626700,
TOO,32.32,32.700001,32,32.459999,393200,
TOT,47.75,47.919998,47.299999,47.849998,2140000,
TPC,17.77,17.870001,17.26,17.309999,317500,
TPH,16.139999,16.23,15.42,15.44,255600,
TPLM,7.17,7.21,6.76,6.9,1486100,
TPX,41.720001,41.880001,39.549999,41.279999,1867800,
TQNT,6.85,6.94,6.77,6.85,2502500,
TQQQ,65.360001,65.93,62.77,64.389999,9874400,
TR,30.970081,31.90008,30.87008,31.600088,194700,
TRAK,33.709999,34.080002,33.419998,33.98,317300,
TRC,29.480001,29.500004,29.01,29.320001,77400,
TREX,56.25,56.27,52.43,53.25,3292200,
TRGP,62.939999,63.369999,60.990002,61.68,652600,
TRGT,4.66,4.66,4.48,4.6,2733500,
TRI,32.240002,32.59,32.169998,32.200001,1463300,
TRIB,16.92,17,16.77,17,25600,
TRIP,61.860001,62.290001,60.099998,60.279999,2821800,
TRLA,30.3,30.45,29.4,30.01,706600,
TRLG,31.42,31.62,31.37,31.62,434500,
TRMB,25.639999,26.059999,25.26,25.370001,2952800,
TRMK,24.469999,24.67,24.27,24.35,1319800,
TRN,36.639999,36.889999,35.759998,36.299999,2820000,
TRNX,16.41,16.879999,16.27,16.32,491500,
TROW,72.93,73.160004,71.360001,72.07,2873100,
TROX,20.76,20.780001,19.780001,20.139999,829800,
TRP,44.630001,44.849998,43.959999,44.029999,850700,
TRQ,5.710001,5.789994,5.650001,5.720004,3508300,
TRS,35.07,35.380002,34.77,35.279999,367300,
TRV,80.110001,80.309998,78.57,79.07,4046600,
TRW,63.62,63.69,61.54,62.48,1121200,
TRX,2.4,2.52,2.38,2.39,2469400,
TS,40.25,40.34,39.700001,39.799999,894300,
TSCO,112.669998,113.75,108.449997,110.209999,2570800,
TSL,5.61,5.62,5.45,5.59,1965300,
TSLA,103.699997,103.699997,97.5,99.550003,11718600,
TSM,17.6,17.610001,17.15,17.18,23104500,
TSN,25.379999,25.440001,24.9,25.190001,4139400,
TSO,55.669998,55.860001,52.939999,54.130001,6375300,
TSPT,2.94,2.97,2.91,2.96,136200,
TSRA,20.82,20.82,20.360001,20.77,453200,
TSRX,8.08,8.2,7.61,8.02,1536300,
TSS,22.860001,23.370001,22.700001,22.780001,3310600,
TSU,17.83,17.92,17.52,17.629999,1184100,
TSYS,2.14,2.24,2.11,2.2,162500,
TTC,46.27,46.599998,45.450001,45.599998,1461800,
TTCMY,5.85,5.85,5.41,5.85,80500,
TTEC,23.530001,23.76,23.25,23.67,198900,
TTEK,23.73,23.83,23.27,23.74,1225200,
TTI,10.62,10.64,10.08,10.53,1497300,
TTM,23.83,23.969999,23.4,23.73,1906400,
TTMI,8.22,8.33,8.2,8.29,444300,
TTS,27.799999,27.82,26.450001,27.120001,492300,
TTT,84.529999,88.830002,84.120003,88.830002,133500,
TTWO,15.15,15.44,15.01,15.04,2032000,
TU,32.080002,32.689999,31.77,32.130001,245900,
TUES,9.9,10.03,9.56,9.99,483300,
TUMI,23.540001,23.629999,22.889999,23.09,592000,
TUP,76.529999,76.82,74.019997,75.529999,910600,
TV,22.709999,22.85,22.280001,22.49,2864100,
TVL,2.26,2.41,2.06,2.2,13300,
TW,78.220001,78.959999,77.529999,78.839996,682300,
TWC,101.449997,102.410004,100.5,101.830002,4686000,
TWER,2.22,2.22,2.13,2.17,18800,
TWGP,20.39,20.47,19.87,19.9,973800,
TWI,16.75,16.879999,16.58,16.799999,1528700,
TWIN,22.450001,22.76,21.4,22.18,67100,
TWM,18.6,19.01,18.42,18.469999,2273500,
TWO,10.66,10.83,10.53,10.83,12748800,
TWTC,27.93,28.14,27.65,27.89,2680200,
TWX,56.849996,57.079999,55.820003,56.809998,7095700,
TX,21.809999,21.860001,20.809999,21.129999,251800,
TXCC,0.37,0.39,0.36,0.39,271600,
TXI,63.88,64.0564,60.77,62.62,307900,
TXN,34.790001,35.060001,34.400002,34.950001,14860300,
TXRH,24.6,24.75,24.200001,24.26,844600,
TXT,26.33,26.33,25.629999,25.9,3890000,
TYC,32.529997,32.529997,31.879999,32.409999,5963800,
TYD,37.75,37.84,37.23,37.450001,9200,
TYL,68.290001,68.519997,67.25,68.139999,147000,
TYO,24.809999,25.469999,24.790001,25.459999,31200,
TYPE,24.93,25.5,24.25,24.84,350700,
TZA,33.439999,34.5,32.889999,33.150002,4512700,
TZOO,26.51,26.75,25.74,26.459999,107400,
UA,57.77,57.799999,56.23,56.82,8841600,
UAL,31.32,31.540001,29.290001,30.059999,7543500,
UAM,9.47,9.5,9.24,9.27,262900,
UAN,23,23,22.1,22.51,281500,
UBA,20.049999,20.16,19.610001,19.93,180600,
UBNT,16.92,17.07,16.58,16.959999,483300,
UBS,17.16,17.21,16.79,16.92,2792900,
UBSI,25.459999,26.549999,25.41,26.299999,1330600,
UBT,57.919998,58.299999,56.119999,56.509998,79500,
UCO,29.220002,29.34,28.1,28.529999,631300,
UCTT,6.25,6.3,6.17,6.25,225400,
UDN,26.370001,26.379999,26.25,26.290001,61800,
UDOW,80.389999,80.940002,77.959999,79.849998,800800,
UDR,23.280001,24.040001,23.27,23.93,3044500,
UEC,1.91,1.98,1.87,1.9,967600,
UEPS,6.83,6.88,6.67,6.88,410300,
UFCS,26.91,26.950001,25.93,26.6,114600,
UFI,21.42,21.9,21.370001,21.4,118400,
UFPI,42.860001,45.599998,40.959999,43.84,1523400,
UFS,70.160004,70.32,68.489998,69.139999,1133600,
UGA,55.419998,55.470001,54.5,54.919998,28600,
UGI,37.439999,37.600004,36.430006,37.039996,1688600,
UGL,49.380001,49.639999,48.790001,49.25,122100,
UGP,22.370001,22.51,21.99,22.290001,382000,
UHAL,164.75,167.509995,163.600006,165.720001,69000,
UHS,66.699997,66.93,65.150002,65.82,627300,
UIL,37.119999,37.619999,36.639999,37.18,955300,
UIS,20.549999,20.85,20.059999,20.309999,713600,
UL,40.049999,40.080002,39.25,39.549999,888000,
ULE,23.83,23.98,23.76,23.93,2000,
ULTA,93.93,94.360001,91.940002,94.150002,1042100,
ULTI,113.029999,114.07,111.440002,113.980003,262300,
UMBF,52.09,52.82,51.34,52.560001,467300,
UMC,2.06,2.07,2.01,2.06,3299800,
UMDD,57.93,58.630001,56.099998,57.509998,118400,
UMPQ,14.59,14.9,14.43,14.79,1451800,
UN,39.029999,39.07,38.349998,38.630001,1597400,
UNFI,52.52,53.09,51.5,52.459999,573800,
UNG,20.540001,20.57,20.07,20.219999,3354900,
UNH,64.190002,64.830002,63.43,63.900002,7806500,
UNIS,2.93,2.95,2.88,2.92,100400,
UNL,18.219999,18.43,18.139999,18.15,22500,
UNM,29.17,29.610001,29.01,29.219999,6022100,
UNP,154.520004,154.520004,151.320007,152.690002,5316200,
UNS,43.62,44.23,43.35,43.99,630200,
UNT,43.34,43.349998,42.220001,42.75,426700,
UNTD,7.600028,7.720025,7.54003,7.54003,1173100,
UNXL,14.45,14.82,11.39,14.39,3654600,
UPI,2.06,2.18,2.04,2.05,34600,
UPL,20.610001,20.73,20.1,20.43,2756200,
UPRO,61.939999,62.139999,59.470001,61.259998,19601200,
UPS,85.589996,85.860001,84.910004,85.410004,4676900,
UQM,1.24,1.37,1.21,1.37,513600,
URA,17.07,17.120001,16.860001,16.98,42600,
URBN,39.369999,39.970001,38.959999,39.540001,2664100,
URE,68.190002,70.169998,66.599998,69.080002,690200,
URI,51.049999,51.75,48.610001,49.27,3948800,
URRE,2.529999,2.529999,2.449999,2.449999,3300,
URS,46.67,46.825,46.12,46.7,788800,
URTY,50.73,51.439999,49.119999,50.82,301400,
URZ,1.16,1.2,1.13,1.16,376900,
USAC,23,23.17,22.77,23.07,110100,
USB,35.380001,35.720001,35.150002,35.57,15679900,
USD,40.740002,41.32,40.419998,40.84,23200,
USEG,2.050004,2.180004,2.040004,2.170004,48900,
USG,24.049999,24.219999,22.49,23.35,3191300,
USL,39.52,39.669998,38.880001,39.139999,11500,
USM,32.75,33.23,32.25,33.029999,117900,
USMO,12.96,13.07,12.66,12.99,344000,
USNA,70.510002,71.93,69.349998,71.879997,207500,
USO,33.630001,33.689999,32.98,33.23,10381300,
UST,52.529999,52.599998,51.639999,51.639999,58700,
USTR,33.08,33.44,32.8,33.34,232800,
USU,0.3,0.35,0.3,0.3,24600,
UTEK,36.369999,36.400002,34.709999,35.790001,444400,
UTHR,63.380001,64.550003,62.779999,63.34,818300,
UTI,11.04,11.04,10.88,11,135600,
UTIW,15.19,15.6,15.09,15.27,781500,
UTSI,2.7,2.71,2.62,2.64,124200,
UTX,92.919998,93.050003,91.360001,92.18,5729400,
UUP,22.299999,22.389999,22.27,22.34,1795700,
UVE,7.24,7.29,7.11,7.16,313600,
UVV,59.080002,59.98,58.970001,59.400002,238500,
UVXY,78.980004,87.870004,77.000004,78.130004,13200,
UWM,58.25,58.849998,57.080002,58.43,967800,
UXI,73.339994,73.339994,67.370001,69.389997,13200,
UYG,91.040001,91.260002,88.160004,90.18,1242000,
UYM,36.23,36.34,34.790001,35.599998,167400,
V,180,181.5,178.800003,179.5,17923200,
VAC,43.810001,43.860001,42.700001,42.740002,426800,
VAL,65.800003,65.860001,63.849998,64.470001,1071700,
VALE,13.66,13.77,13.45,13.65,23094300,
VALE.P,12.59,12.73,12.42,12.68,12382000,
VAR,67.540001,68.160004,67.32,67.610001,797800,
VASC,14.9,15.08,14.75,14.92,101800,
VAW,88.300003,88.519997,86.480003,87.370003,66400,
VB,92.110001,92.529999,90.949997,92.010002,1303500,
VBK,101.529999,101.550003,99.809998,101.080002,118500,
VBR,82.5,82.519997,81.199997,82.169998,149300,
VC,61.529999,62.529999,61.389999,62.119999,637300,
VCBI,13.48,13.75,13.37,13.69,121600,
VCI,24.52,24.67,23.71,24.22,720600,
VCIT,83.190002,83.43,82.669998,82.709999,877500,
VCLK,24.24,24.45,23.31,23.84,1550300,
VCLT,82.790001,83.489998,82,82,164200,
VCR,89.480003,89.540001,87.769997,88.75,114600,
VCRA,15.33,15.83,15.33,15.7,267900,
VDC,100.5,101.599998,100.199997,101.239998,82500,
VDE,112.779999,112.779999,110.82,111.970001,128100,
VDSI,8.28,8.28,8.18,8.26,209100,
VE,11.58,11.58,11.35,11.35,954900,
VEA,36.119999,36.119999,35.470001,35.790001,3486600,
VECO,36.720001,37.02,35.599998,36.59,731000,
VELT,1.45,1.45,1.35,1.36,1164200,
VEU,44.630001,44.66,43.880001,44.360001,1447300,
VFC,187.800003,189.869995,184.520004,186.020004,3067600,
VFH,39.599998,39.689999,38.82,39.310001,355100,
VG,2.75,2.81,2.71,2.79,1500600,
VGK,49.490002,49.540001,48.540001,48.939999,2232500,
VGR,15.460053,15.960049,15.460053,15.920039,858000,
VGT,74.489998,74.580002,73.32,73.940002,255300,
VGZ,1.14,1.16,1.01,1.01,1985600,
VHC,22.15,22.290001,21.27,21.959999,1154800,
VHS,12.78,12.82,12.22,12.37,797600,
VHT,85.639999,86.160004,84.900002,85.709999,154700,
VIAB,65.769997,66.110001,65.029999,65.720001,4962500,
VICL,3,3.02,2.9,2.98,123500,
VICR,5.27,5.81,5.27,5.67,281400,
VIG,66.400002,66.629997,65.800003,66.300003,2115200,
VIIX,11.7,12.34,11.56,11.66,240400,
VIP,10,10.09,9.7,9.85,1200300,
VIPS,26.91,27.880001,26.25,26.489999,7986000,
VIS,81.580002,81.629997,80.150002,80.809998,76700,
VIV,22.17,22.190001,21.6,21.74,3632400,
VIVO,21.34,21.629999,21.25,21.549999,386200,
VIX,18.969999,20.93,18.25,18.9,0,
VIXM,27.67,28.719999,27.459999,27.860001,71800,
VIXY,58.409998,61.590003,57.709998,58.08,345500,
VLCCF,6.37,6.58,6.25,6.46,171800,
VLO,36.02,36.07,34.630001,35.389999,14234000,
VLTR,13.84,13.99,13.71,13.96,255300,
VLY,8.96,9.14,8.86,9.05,5468400,
VMC,52.02,52.02,49.720001,50.200001,1211200,
VMI,140.080002,140.800003,137.350006,137.789993,299300,
VMW,69.529999,69.900002,67.18,67.699997,3269000,
VNDA,8.44,8.58,8.15,8.27,1509900,
VNET,11.45,11.5,11.29,11.31,396400,
VNO,77.390001,78.970001,76.749999,78.329999,2228100,
VNQ,66.230003,67.169998,65.410004,66.610001,7812200,
VNQI,51.330002,51.580002,50.75,51.369999,154200,
VNR,27.6,27.959999,27.25,27.809999,966100,
VNTV,26.59,27.27,26.26,27.27,2602900,
VO,93.879997,94.129997,92.379997,93.43,1107400,
VOC,14.04,14.04,13.61,13.98,45700,
VOCS,10.25,10.51,10.0401,10.51,879200,
VOD,27.520004,27.570004,27.019997,27.270005,11378800,
VOE,67.889999,68.330002,66.839996,67.540001,167500,
VOLC,17.91,18.07,17.79,17.9,1178600,
VOO,73.480003,73.550003,72.489998,73.199997,1565400,
VOT,77.019997,77.330002,75.82,76.720001,114100,
VOX,77.169998,77.169998,76.18,76.860001,57200,
VOXX,11.4,11.42,10.98,11.08,145900,
VOYA,27.1,27.1,26.52,26.559999,1134700,
VPFG,19.9,20.29,19.36,19.76,2052300,
VPG,15.48,15.53,15.1,15.52,78800,
VPHM,28.09,28.73,27.72,28.23,1280400,
VPL,55.200001,55.549999,54.610001,55.310001,628100,
VPRT,47.08,47.09,45.81,46.57,270200,
VPU,80.050003,80.879997,78.900002,80.510002,1351200,
VR,35,35.169998,33.419998,33.849998,3406000,
VRA,22.049999,22.08,21.469999,21.629999,616900,
VRML,2.73,2.85,2.56,2.72,141800,
VRNG,2.99,2.99,2.91,2.99,90500,
VRNM,2.25,2.3,2.2178,2.3,37200,
VRNT,34.029999,34.959999,33.880001,34.849998,1251500,
VRS,1.07,1.19,1.05,1.19,23800,
VRSK,57.720001,58.369999,57.689999,57.779999,1034100,
VRSN,44,44.200001,43.389999,44.189999,2309500,
VRTU,22.41,22.77,22.129999,22.59,184800,
VRTX,75.889999,76.870003,74.199997,75.980003,4288600,
VRX,83.980003,84.610001,81.940002,84.419998,2611300,
VSAT,71.080002,71.449997,67.730003,70.519997,361000,
VSH,14.12,14.14,13.53,13.75,1503900,
VSI,45.490002,45.790001,44.75,45.540001,594300,
VSS,89.599998,90.370003,88.290001,89.440002,150500,
VT,51.599998,51.759998,50.91,51.369999,356700,
VTI,82.629997,82.779999,81.470001,82.360001,4227700,
VTR,64.839996,66.309998,64.110001,65.459999,3725900,
VTSS,2.37,2.67,2.29,2.61,969300,
VTUS,2.17,2.28,2.15,2.23,250700,
VTV,67.790001,67.839996,66.849998,67.510002,3129200,
VUG,78.010002,78.150002,76.970001,77.739998,738300,
VV,73.440002,73.519997,72.410004,73.089996,299300,
VVC,32.759998,32.990002,32.150002,32.900002,474300,
VVI,25.42,25.75,24.85,25.690001,99600,
VVTV,5.19,5.24,5.01,5.12,375100,
VVUS,13.69,14.06,13.53,13.84,2964400,
VWO,37.709999,38.009998,37.099998,37.849998,45082800,
VXEEM,34.03,36.19,32.67,33.61,0,
VXEWZ,39.67,40.3,38.34,38.47,0,
VXF,68.639999,68.919998,67.800003,68.589996,208800,
VXUS,46.18,46.27,45.330002,45.84,265900,
VXX,21.65,22.82,21.389999,21.559999,7237500,
VXZ,22.49,23.360001,22.4,22.709999,263400,
VYM,56.5,56.540001,55.799999,56.32,1065000,
VZ,49.43,49.779999,49.099998,49.52,35016000,
WAB,51.740002,51.860001,50.130001,50.540001,1237500,
WABC,45.080002,45.77,44.650002,45.529999,436100,
WAC,34.389999,35.040001,32.59,33.66,1159400,
WAFD,17.33,17.639999,17.33,17.41,969400,
WAG,48.77,49.31,48.23,48.71,5689258,
WAGE,31.879999,32.080002,30.950001,31.83,503900,
WAIR,18.4,18.5,18.17,18.309999,504900,
WAL,14.71,14.89,14.44,14.87,597400,
WAT,98.110001,99.75,97.889999,99.260002,688900,
WBC,74.220001,74.32,72.5,72.709999,436700,
WBMD,25.99,26.120001,25.540001,25.93,464900,
WBS,24.49,25.120001,24.33,25.07,3405400,
WBSN,24.74,24.74,24.7,24.7,1245800,
WCC,67.279999,67.410004,65.199997,66.199997,646400,
WCG,52.889999,53.25,52.5,53.110001,620700,
WCN,40.240002,40.619999,40.02,40.330002,1060100,
WCRX,19.18,19.4,18.85,19.28,5955500,
WD,17.68,17.93,17.280001,17.280001,227700,
WDAY,63.02,63.610001,61.720001,62.990002,1373900,
WDC,61.34,61.650002,59.990002,60.189999,4040100,
WDFC,54.18,55.200001,53.349998,54.419998,146000,
WDR,44.330002,44.470001,42.830002,42.950001,1152000,
WEAT,18.389999,18.48,18.299999,18.309999,8700,
WEC,39.48,39.860001,39.049999,39.709999,2247800,
WEN,5.8,5.9,5.66,5.72,3509800,
WERN,24.110001,24.299999,23.74,24,646000,
WES,61.490002,62.220001,59.93,61.02,913000,
WETF,10.76,10.96,10.19,10.92,3069800,
WEX,76.339996,76.510002,74.720001,76.300003,409700,
WFC,40.639999,41.200001,40.150002,40.959999,38847800,
WFM,50.900002,51.57,50.32,51.139999,3939000,
WFT,13.49,13.57,13.35,13.54,11595000,
WG,6.49,6.58,6.39,6.56,390900,
WGL,41.91,42.240002,41.16,41.98,437500,
WGO,20.200001,20.6,20,20.49,284900,
WHR,121.790001,121.790001,110.879997,113.32,3302600,
WHX,2.27,2.27,2.27,2.27,0,
WHZ,13,13.31,12.97,13.15,296100,
WIBC,6.46,6.56,6.41,6.55,545600,
WIFI,6.39,6.39,5.83,6.13,175700,
WILN,4.53,4.72,4.33,4.5,198900,
WIN,7.87,7.995,7.83,7.94,9613357,
WIRE,34.59,34.799999,34.110001,34.310001,128600,
WIT,7.2,7.27,7.1,7.18,894600,
WLB,11.19,11.27,11.05,11.08,49100,
WLH,24.25,24.33,23.75,23.85,242000,
WLK,94.379997,95.089996,91.599998,93.879997,1232000,
WLL,46.59,46.700001,45.310001,46.029999,1185400,
WLP,78.12,79.59,77.86,79.4,3232500,
WLT,12.21,12.87,12.03,12.64,10494900,
WM,39.830002,40.029999,39.450001,39.860001,2891400,
WMAR,11.61,11.7,11.06,11.08,83500,
WMB,31.98,32.349998,31.59,32.290001,11573700,
WMC,17.99,18.059999,17.18,17.549999,1393100,
WMGI,16.41,16.879999,16.27,16.32,491500,
WMS,25.45,25.55,25.38,25.49,622000,
WMT,73.519997,74.199997,73.25,73.510002,14564500,
WNC,9.53,9.65,9.25,9.41,888000,
WNR,28.690001,28.84,27.35,27.75,2534100,
WOOF,25.01,25.35,24.91,25.190001,1163100,
WOR,33.209999,33.369999,32.560001,32.720001,849600,
WPC,63.560001,65.629997,62.720001,63.66,842500,
WPP,11.44,11.67,11.33,11.54,291600,
WPPGY,85.779999,85.790001,83.529999,84.5,32300,
WPRT,29,29.030001,28.299999,28.610001,369400,
WPX,18.99,19.309999,18.799999,19.120001,2990000,
WPZ,45.950001,47.520005,45.310006,47.210003,1514300,
WR,30.52,31.049999,30.129999,30.709999,1513700,
WRB,40.439999,40.57,40.09,40.18,1173100,
WRE,25.57,25.92,25.33,25.709999,530100,
WRES,2.62,2.62,2.54,2.6,998500,
WRI,28.93,29.139999,28.5,28.959999,2032200,
WRLD,87.300003,87.800003,85.779999,87.220001,308100,
WRLS,12.59,12.78,12.54,12.64,479100,
WSH,41.220001,41.650002,41.169998,41.330002,4661000,
WSM,54.939999,55.189999,52.950001,54.380001,1862700,
WSO,83.32,83.32,80.459999,81.610001,504300,
WSR,15.77,15.93,15.45,15.73,143800,
WST,66.459999,67.870003,66.160004,67.870003,721800,
WSTC,23.25,23.6,22.17,22.27,772400,
WTFC,37.34,37.669998,37.09,37.650002,455200,
WTI,13.86,13.94,13.41,13.83,814800,
WTR,30.209999,30.39,29.400001,30.039999,2401800,
WTS,44.810001,45.139999,44.439999,44.73,533000,
WTSL,4.63,4.76,4.63,4.64,4215700,
WTW,44.040001,44.240002,42.889999,43.290001,1294100,
WU,16.59,16.709999,16.450001,16.58,11382700,
WWAV,16.030001,16.469999,15.85,15.95,1960600,
WWD,40.23,40.919998,40.110001,40.310001,858500,
WWE,9.86,10.04,9.8,9.84,177500,
WWW,50.970001,51.009998,50.130001,50.540001,820400,
WWWW,23.08,23.15,22.34,22.66,626800,
WX,20.4,20.58,19.83,19.91,749600,
WY,27.299999,27.58,26.91,27.42,12985300,
WYN,56.23,56.259998,52.84,55.150002,3838700,
WYNN,132.979996,133.610001,127.370003,129.690002,3216600,
X,17.530001,17.57,16.9,17.1,8047300,
XAU,90.61,91.79,88.33,91.41,0,
XBI,101.289997,103.030003,99.920002,102.16,2428500,
XCO,7.410003,7.52,7.279999,7.459997,2680300,
XDA,92.29,92.52,91.83,92.5,0,
XDB,154.5,154.56,153.68,154.19,0,
XDC,0.459,0.459,0.459,0.459,0,
XDE,132.04,132.04,130.99,131.23,0,
XDN,102.37,102.75,102.14,102.16,0,
XDS,107.66,107.67,106.74,107,0,
XEC,66.709999,67.400002,65.230003,65.940002,2010200,
XEL,27.799999,28.17,27.459999,28.01,6433000,
XEO,715.599976,720.530029,711.559998,717.580017,0,
XES,39.32,39.32,38.610001,38.939999,145300,
XHB,29.33,29.52,28.17,28.870001,22127200,
XIDE,0.23,0.23,0.17,0.17,11185200,
XIN,4.19,4.31,4.18,4.21,409500,
XL,30.23,30.27,29.379999,29.559999,4616700,
XLB,39.27,39.290001,38.380001,38.790001,11069400,
XLE,78.690002,78.769997,77.25,78.169998,20554200,
XLF,19.26,19.27,18.889999,19.12,105462600,
XLI,42.630001,42.669998,42,42.299999,14635300,
XLK,30.74,30.780001,30.299999,30.51,12111100,
XLNX,38.73,39.029999,38.290001,38.98,4156500,
XLP,39.209999,39.630001,39.040001,39.43,22743500,
XLS,13,13.37,12.97,13.31999,1892500,
XLU,36.349998,36.75,35.799999,36.540001,20070100,
XLV,47.240002,47.59,46.889999,47.290001,15980600,
XLY,55.349998,55.419998,54.470001,55.040001,11942700,
XME,34.200001,34.34,33.48,33.93,3587900,
XNPT,5.08,5.17,4.87,5.08,543400,
XOM,89.760002,90.139999,88.849998,89.480003,25493800,
XOMA,3.52,3.61,3.39,3.58,944400,
XOOM,23,23.25,22.290001,22.51,283600,
XOP,58.599998,58.77,57.189999,58.139999,6581700,
XOXO,10.67,10.67,10.46,10.54,155700,
XPO,16.719999,17.52,16.719999,17.450001,145100,
XPP,40.66,41.459999,39.259998,40.639999,32300,
XRA,0.71,0.75,0.65,0.65,1479000,
XRAY,40.68,41.07,40.279999,40.869999,1285800,
XRM,10.5,10.84,10.28,10.29,287200,
XRS,10,10.14,9.98,10.01,115300,
XRT,75.980003,76.230003,74.800003,75.5,16607200,
XRTX,10.22,10.45,10.22,10.45,65600,
XRX,9.28,9.4,9.15,9.28,10870400,
XSD,52.549999,52.759998,51.849998,52.459999,151000,
XSP,158.86,159.92,157.77,159.24,0,
XTEX,19.86,20.16,19.55,20,611300,
XTXI,19.8,20.28,19.69,19.99,323500,
XUE,3.21,3.28,3.18,3.24,58600,
XXIA,17.219999,17.93,17.17,17.790001,1138900,
XYL,26.620001,26.700001,25.870001,26.1,1933200,
YANG,54.790003,56.18,54.03,55.139997,5600,
YAO,21.959999,22.049999,21.6,21.950001,38900,
YCL,21.879999,21.879999,21.709999,21.709999,500,
YCS,62.34,62.599998,61.740002,62.330002,351800,
YELP,31.18,31.75,30.23,31.24,1504000,
YGE,2.91,3.06,2.85,3.06,391000,
YHOO,25.290001,25.43,24.940001,25.190001,24574100,
YINN,15,15,14.29,14.6,63100,
YNDX,26.049999,26.450001,25.82,26.41,3326600,
YOKU,19.200001,19.4,18.950001,19.23,1524200,
YONG,5.57,5.66,5.51,5.53,674700,
YPF,14.6,14.72,14.23,14.65,927300,
YRCW,23.809999,24.450001,22.299999,23.110001,484000,
YUK,97.75,97.980003,97.360001,97.900002,0,
YUM,69.720003,70.000003,68.82,68.98,6585300,
YZC,7.97,8.07,7.76,8.01,800700,
Z,55.650002,55.669998,52,54.369999,727500,
ZAGG,5.28,5.42,4.98,5.11,1110500,
ZAZA,1.37,1.41,1.35,1.4,26000,
ZBRA,44.18,44.59,43.389999,43.970001,296100,
ZEP,16.700001,17.040001,16.549999,16.889999,183600,
ZEUS,24.5,24.540001,24.110001,24.360001,128700,
ZINC,12.02,12.19,11.82,12.13,704500,
ZION,27.77,28.17,27.530001,27.91,4205100,
ZIOP,1.9,2.04,1.8,1.96,3961800,
ZIXI,4.09,4.1,4.02,4.09,373300,
ZLC,8.95,9.06,8.2,8.56,1217800,
ZLTQ,5.85,6.03,5.52,6.01,127800,
ZMH,76.089996,76.760002,75.650002,76.379997,1025700,
ZN,2.3,2.58,2.27,2.33,597100,
ZNGA,2.8,2.82,2.65,2.71,28303500,
ZNH,20.809999,20.91,20.360001,20.91,37800,
ZOLT,12.94,13.27,12.89,13.16,219800,
ZQK,6.21,6.27,5.83,6.01,4409700,
ZROZ,94.599998,94.959999,92.650002,92.669998,56200,
ZSL,99.400002,100.739998,97.900002,99,671800,
ZTS,30.549999,31.09,30.34,30.6,33694200,
ZUMZ,27.610001,27.85,26.82,27.5,707300,
ZX,2.52,2.65,2.52,2.57,25400,
ABCB,15.84,16.110001,15.57,16.049999,102500,
ACCL,8.25,8.38,8.15,8.21,297200,
ACPW,4.25,4.39,4.02,4.09,195400,
ACWX,41.130001,41.130001,40.43,40.84,234600,
AKR,24.4,24.440001,23.84,24.120001,1065700,
AONEQ,0.028,0.03,0.0278,0.0295,2213700,
ARSD,7.98,8.16,7.9,8.11,75900,
ASTM,15.65,15.65,15.65,15.65,0,
ASX,3.99,3.99,3.92,3.95,1248500,
ATEC,2.019999,2.029999,1.979999,2.009999,34100,
ATRC,9.09,9.2,8.93,9.07,166000,
AVNW,2.799999,2.819999,2.639999,2.819999,24400,
BFIN,7.79,8,7.7,7.97,72400,
BFR,3.93,3.96,3.61,3.79,71600,
BIL,45.810001,45.810001,45.799999,45.810001,888200,
BIN,20.809999,21.15,20.75,21.07,212800,
BIS,41.009998,42.220002,40.000001,40.710001,2400,
BKEP,8.38,8.89,8.38,8.89,15600,
BRB,227.25,227.399994,223.639999,224.210007,0,
BSQR,2.65,2.75,2.65,2.75,36700,
CBRX,0.63,0.66,0.63,0.65,39400,
CERP,0.02,0.02,0.02,0.02,17003100,
CHGS,0.17,0.1709,0.15,0.1709,37900,
CIR,52.419998,53.040001,51.369999,52.57,202600,
CIU,107.580002,107.800003,106.860001,106.860001,445000,
CLUB,10.72,10.72,10.36,10.67,96500,
CMLS,3.35,3.35,3.26,3.35,269300,
CNDA,19.469999,19.66,19.32,19.49,24000,
COBZ,8.29,8.3,8.14,8.27,179500,
COOL,0.610012,0.610012,0.570011,0.590012,3900,
CRAI,18.540001,18.540001,18.26,18.33,48700,
CRDC,1.15,1.21,1.1,1.21,3800,
CREG,1.13,1.13,1.04,1.09,2400,
CROP,25.690001,25.690001,25.450001,25.620001,4600,
CSFL,8.6,8.8,8.51,8.74,102700,
CSHZ,0.06,0.08,0.06,0.08,28800,
CSJ,104.760002,104.949997,104.519997,104.720001,943300,
CWB,42.099998,42.27,41.650002,41.919998,383800,
DCOM,14.61,14.82,14.5,14.7,337400,
DGT,58.619999,58.619999,57.66,58.110001,3600,
DMB,11.85,12.11,11.62,11.78,36300,
DQ,8.37,9.09,8.34,9.09,79300,
DRCO,5.23,5.23,5.11,5.11,5900,
EGI,0.33,0.36,0.33,0.36,62500,
ELS,74.970001,75.910004,74.349998,74.93,565400,
EUFX,37.59,37.59,37.59,37.59,300,
FCBC,15.41,15.5,15.31,15.47,64000,
FCF,6.9,7,6.88,6.97,1569500,
FDML,9.94,9.95,9.51,9.76,185700,
FELE,34.220001,34.459999,33.68,33.84,539400,
FMD,1.11,1.13,1.04,1.11,42200,
FOL,3.06,3.06,3.06,3.06,0,
FORX,46.599998,47.200001,46.549999,46.849998,6800,
FSCI,41.26,41.26,41.04,41.08,56900,
FTC,34.209999,34.310001,33.59,34.009998,23700,
GBLI,22.84,23.059999,22.5,22.67,62000,
GGAL,5.2,5.38,5.18,5.38,58600,
GIB,29.469999,30,29.15,29.309999,122300,
GLDI,15.554,15.61,15.554,15.607,5100,
GLDX,13.06,13.37,12.95,13.18,8100,
GMXRQ,0.2,0.24,0.2,0.2,5700,
GSE,1.1,1.1,1.1,1.1,0,
GSIG,8.6,8.68,8.3,8.34,485100,
GSIT,6.3,6.32,6.2,6.32,99800,
GTS,21.74,22.32,21.719999,21.98,296100,
GUNR,31.719999,31.809999,31.32,31.66,169700,
GWX,28.75,28.790001,28.360001,28.700001,66600,
HCKT,5.02,5.24,4.94,5.18,154600,
HDNG,14.17,14.35,14.07,14.22,73000,
HDSN,3.42,3.42,3.22,3.3,184674,
HGR,32.169998,32.630001,31.889999,32.369999,226200,
HSON,2.46,2.46,2.35,2.46,198200,
IBCA,6.66,6.69,6.59,6.59,33500,
ICFI,31.07,31.34,30.57,31.09,197300,
IEFA,52.400002,52.400002,51.5,51.970001,59300,
INOD,3.22,3.32,3.19,3.22,136400,
IPCC,57.27,58.84,57.169998,58.48,124100,
ISIG,1.86,1.92,1.86,1.91,6100,
KIPO,6.65,6.85,6.36,6.36,71000,
KITDQ,0.36,0.4,0.36,0.37,63800,
KMPR,32.380001,32.459999,31.799999,32.360001,427500,
LDL,13.96,14.69,13.96,14.43,102000,
LEDR,10.6,10.64,10.45,10.55,694700,
LEDS,1.66,1.82,1.66,1.7,122700,
LOJN,3.25,3.26,3.2,3.26,3200,
LPTN,4.730002,4.840002,4.500002,4.750002,1700,
LYTS,7.65,7.69,7.61,7.64,87000,
MCS,12.09,12.88,12.02,12.83,123800,
MGEE,52.560001,53.539993,52.120005,53.380005,177300,
MGRC,33.75,33.959999,33.34,33.599998,190000,
MPX,6.94,7.21,6.9,7.19,49100,
NEWN,0.13,0.13,0.13,0.13,0,
NJR,42.029999,42.18,41.119999,41.970001,993000,
NPBC,9.79,9.92,9.69,9.85,1348600,
NZD,128.820007,129.860001,128.509995,128.949997,0,
OTEL,9.6,12.5,9.16,9.38,71600,
PPBI,11.65,11.8,11.65,11.73,36100,
PRGX,5.52,5.66,5.5,5.58,112100,
PRO,30.52,30.66,30.01,30.469999,143900,
PWAVQ,0.0106,0.015,0.0106,0.011,112900,
QRM,0.455,0.478,0.4501,0.478,12700,
QTEC,28.65,28.65,28.280001,28.52,75200,
RNWK,7.31,7.44,7.26,7.4,83000,
RPT,14.73,14.74,14.37,14.71,585200,
RWL,31.299999,31.299999,30.799999,31.07,16200,
SBLK,5.71,5.75,5.61,5.66,2500,
SCMR,0.5,0.51,0.5,0.51,101300,
SIGI,22.629999,22.68,22.309999,22.559999,327300,
SIJ,21,21.09,20.809999,20.809999,1500,
SKA,65.75,67.089996,65.739998,66.75,0,
SMCI,10.9,11.06,10.72,10.96,212100,
SMTX,2.02,2.08,1.95,2,17100,
SNBC,3.06,3.06,2.95,2.99,34500,
SOCL,14.45,14.45,14.24,14.36,3600,
STAN,21.43,21.43,20.98,21.24,86500,
STL,9.24,9.36,9.17,9.34,177300,
STNR,49.990002,50.799999,49.610001,50.529999,57200,
SWS,5.53,5.87,5.4,5.86,198400,
SYMX,1,1,0.93,0.93,24600,
SYPR,3.17,3.17,3.08,3.13,73000,
TACT,7.95,7.97,7.75,7.96,6200,
TFI,22.84,22.93,22.41,22.559999,462700,
TGE,7.34,7.34,7.34,7.34,0,
THR,20.440001,20.5,20.120001,20.16,414400,
TMS,14.35,14.35,13.94,14.12,96400,
TPI,0.54,0.54,0.49,0.52,7400,
TRNO,18.040001,18.27,17.82,18.27,146800,
TRST,5.36,5.42,5.3,5.35,685300,
TSTC,0.4,0.43,0.4,0.41,12800,
UAMY,1.06,1.33,1.06,1.24,369100,
UBNK,13.2,13.27,13.01,13.25,138000,
UCBI,11.83,12.11,11.52,12.1,1228800,
ULBI,3.55,3.65,3.5,3.5,4500,
USMV,32.310001,32.389999,31.99,32.279999,905900,
USPH,29.75,29.85,28.98,29.34,110300,
UTY,0.02,0.02,0.02,0.02,0,
WAVX,0.4,0.42,0.4,0.4,7100,
WWAV.B,15.62,16.2,15.58,15.7,1135400,
XDZ,77.63,77.81,77.01,77.67,0,
ZOOM,0.38,0.39,0.38,0.38,3400,