symbol,open,high,low,close,volume,adjust_close
A,44.780002,44.829999,43.789999,43.920001,3817500,
AA,8.289992,8.309991,8.159991,8.179992,3884500,
AACC,6.57,6.58,6.5,6.5,20900,
AAMRQ,4.75,4.87,4.53,4.62,1923700,
AAN,27.9,28.049999,27.370001,27.57,539400,
AAON,31.59,32.129999,31.189995,32.019997,135500,
AAP,83.089996,83.410004,82.040001,82.349998,461300,
AAPL,439.499992,441.249992,431.499996,432.189999,66306800,
AAT,32.169998,32.380001,31.370001,31.379999,80200,
AAU,1.72,1.75,1.67,1.68,75200,
AAV,4.32,4.36,4.27,4.3,511500,
AAWW,46.200001,46.200001,45.18,45.549999,134100,
AAXJ,56.040001,56.209999,55.459999,55.68,638700,
AB,25.15,25.15,24.530001,24.530001,179100,
ABAX,45.889999,46.049999,44.990002,45.349998,77300,
ABB,21.9,21.91,21.65,21.700001,1517100,
ABBV,43.91,44,42.720001,42.77,3742600,
ABC,55.02,55.349998,54.720001,54.75,3673500,
ABCO,53.75,53.75,52.549999,52.799999,116200,
ABFS,19.76,20.06,19.16,19.29,237300,
ABG,41.540001,41.540001,39.330002,39.400002,262900,
ABM,25.030001,25.049999,24.620001,24.620001,78800,
ABMD,20.879999,21.139999,20.780001,20.780001,264100,
ABR,6.88,6.9,6.7,6.72,183500,
ABT,37.080002,37.200001,36.419998,36.439999,5271200,
ABV,36.16,36.36,35.73,35.89,18024500,
ABX,19.75,20.33,19.610001,19.77,11928600,
ACAD,18.68,19.1,17.58,17.76,3868600,
ACAS,13.22,13.41,13,13.04,3161500,
ACAT,46.049999,46.599998,45.59,45.919998,117000,
ACC,39.259998,39.310001,38.619999,38.740002,791200,
ACCO,6.96,7.33,6.95,7.15,571100,
ACE,89.800003,90.169998,88.220001,88.32,1061300,
ACET,12.92,13,12.75,12.94,97400,
ACFN,8.25,8.29,7.78,7.8,97200,
ACGL,51.709999,51.900002,51.380001,51.459999,374800,
ACH,9.07,9.14,8.9,8.92,158900,
ACHC,34.939999,35.360001,34.540001,34.759998,297300,
ACHN,8.04,8.09,7.79,7.82,772600,
ACI,4.62,4.63,4.34,4.43,1404700,
ACIW,43.1,43.1,42.740001,42.900001,653700,
ACLS,1.74,1.8,1.73,1.75,155300,
ACM,30.809999,30.950001,30.01,30.1,288500,
ACMP,44.84,44.92,44.43,44.78,216900,
ACN,80.839996,81,79.650002,79.709999,1462600,
ACO,31.55,31.77,30.67,30.91,60200,
ACOR,34.25,34.25,33.560001,33.720001,289300,
ACRE,16.1,16.1,15.61,15.74,89800,
ACRX,10.1,10.59,9.6,9.69,496300,
ACT,125.459999,126.019997,123.529999,123.790001,812500,
ACTG,24.700001,24.879999,24.530001,24.66,315500,
ACTV,7.36,7.49,7.3,7.46,271700,
ACUR,2.15,2.21,2.14,2.16,224475,
ACW,5.36,5.36,4.96,5.12,124200,
ACWI,51.93,51.939999,51.150002,51.200001,1377900,
ACXM,22.67,22.67,22,22.370001,204300,
ADBE,43.310001,43.459999,42.610001,42.720001,2124500,
ADC,31.5,31.77,31.049999,31.059999,75900,
ADES,39,39.02,37.66,38,88600,
ADI,45.43,45.52,44.150002,44.150002,2172500,
ADM,33.34,33.490002,32.720001,32.889999,3774300,
ADNC,13.71,13.93,13.37,13.44,172100,
ADP,68.250002,68.340003,67.260003,67.330005,1646300,
ADS,177.830002,181.740005,177.699997,178.570007,1099300,
ADSK,35.599998,35.630001,34.5,34.93,3441600,
ADT,40.110001,40.150002,39.029999,39.150002,3174500,
ADTN,23.99,24.049999,23.459999,23.559999,344500,
ADVS,33.130001,33.23,32.200001,32.360001,160400,
ADY,7.38,7.38,7.36,7.36,6200,
AEC,15.9,15.91,15.46,15.53,474600,
AEE,33.959999,34.119999,33.18,33.18,1480300,
AEG,6.79,6.79,6.65,6.66,857100,
AEGN,23.23,23.299999,22.58,22.66,54300,
AEGR,74.800003,74.989998,71.970001,72.050003,368300,
AEIS,18.09,18.309999,17.530001,17.549999,134100,
AEL,16.25,16.32,15.94,16.1,429300,
AEM,30.120001,31.23,30.059999,30.799999,1550100,
AEO,19.42,19.530001,18.84,19,2951200,
AEP,45.73,46.07,45.099998,45.200001,3535200,
AER,16.620001,16.77,16.41,16.49,178500,
AERL,3.79,3.85,3.75,3.8,93600,
AES,12.4,12.43,12.1,12.18,3640800,
AET,62,62.240002,61.360001,61.369999,3081600,
AF,9.99,9.99,9.83,9.84,475700,
AFAM,20.049999,20.1,19.6,19.75,104400,
AFCE,34.84,34.98,34.34,34.59,102400,
AFFX,3.64,3.65,3.55,3.57,190300,
AFFY,1.03,1.17,1.02,1.16,2930700,
AFG,48.84,49.049999,48.119999,48.23,321000,
AFL,56.810001,56.959999,56.009998,56.080002,2391400,
AFSI,33.310001,33.96,33.01,33.41,769200,
AG,11,11.39,10.99,11.06,799300,
AGCO,54.939999,55.080002,53.07,53.330002,1064600,
AGEN,3.68,3.74,3.6,3.61,191800,
AGG,108.330002,108.5,108.199997,108.220001,1469500,
AGII,40.639997,40.639997,40.000004,40.180001,71300,
AGM,29.74,29.9,29.379999,29.700001,11000,
AGN,125.459999,126.019997,123.529999,123.790001,812500,
AGNC,24.68,25,24.280001,24.49,9344700,
AGO,22.73,22.85,22.370001,22.41,1444300,
AGQ,21.08,21.700001,20.99,21.18,271900,
AGRO,7.12,7.12,6.91,6.95,378500,
AGU,89.940002,90.120003,88.82,89.120003,612500,
AGX,16.65,16.690001,16.51,16.549999,76700,
AGYS,13.5,14.24,13.18,13.95,256900,
AH,20.9,20.9,20.2,20.4,980500,
AHGP,61.599998,61.700001,60.200001,60.619999,16800,
AHH,11.55,11.56,11.45,11.49,162100,
AHL,37,37.009998,36.709999,36.779999,487800,
AHS,14.87,14.88,14.49,14.53,129100,
AHT,13.779999,13.810011,13.350002,13.350002,496200,
AI,27.65,27.860001,27.139999,27.16,136300,
AIG,45.27,45.73,44.310001,44.66,17980100,
AIMC,26.940001,27.18,26.719999,26.719999,88500,
AIN,32.669998,32.75,32.07,32.549999,89000,
AINV,8.06,8.1,7.87,8.03,3426900,
AIR,21.35,21.48,20.9,20.950001,126400,
AIRM,38.490002,38.490002,37.439999,37.5,532700,
AIT,48.130001,48.25,47.349998,47.369999,205400,
AIV,29.030001,29.040001,28.200001,28.25,2015300,
AIXG,16.57,16.58,16.290001,16.299999,121100,
AIZ,50.389999,50.700001,50.02,50.080002,357000,
AJG,43.950001,44.060001,43.459999,43.48,251600,
AKAM,43.900002,43.990002,42.209999,42.52,3188700,
AKG,2.57,2.64,2.54,2.55,55000,
AKRX,13.94,13.94,13.62,13.66,600100,
AKS,3.45,3.57,3.4,3.41,5403300,
AL,27.469999,27.65,27.110001,27.24,266500,
ALB,63.110001,63.299999,61.830002,61.880001,593700,
ALC,11.95,11.95,11.91,11.93,67100,
ALDW,25.49,25.549999,25.049999,25.16,80800,
ALE,48.630001,48.68,47.599998,47.689999,103700,
ALEX,35.279999,35.48,34.860001,35.07,89100,
ALGN,35.130001,35.130001,34.110001,34.220001,562400,
ALGT,101.540001,102.150002,100.010002,100.769997,99300,
ALIM,4.95,4.95,4.74,4.8,85200,
ALJ,16.68,16.84,16.4,16.459999,397400,
ALK,56.759998,57.389999,56.040001,56.400002,1210000,
ALKS,30.57,30.82,29.469999,29.5,1039900,
ALL,47.509998,47.599998,46.970001,47.02,4353000,
ALLT,12.25,12.36,12.02,12.12,306800,
ALNY,30.969999,31.01,30.01,30.110001,296500,
ALOG,75.489998,75.669998,74.529999,74.839996,42800,
ALR,26.129999,26.129999,25.379999,25.540001,275900,
ALSK,1.75,1.78,1.74,1.75,273400,
ALSN,23.15,23.25,22.620001,22.889999,398200,
ALTR,32.299999,32.52,31.42,31.5,2748900,
ALU,1.8,1.81,1.75,1.76,6572400,
ALV,78.089996,78.519997,77.709999,77.730003,202000,
ALXA,4.67,4.8,4.55,4.57,278700,
ALXN,93.839996,94.709999,91,91.349998,945200,
AM,18.38,18.47,18.35,18.47,182700,
AMAG,20.77,20.77,20.370001,20.469999,78400,
AMAT,15.61,15.81,15.16,15.25,24026500,
AMBA,17.59,17.75,16.629999,17.040001,1223100,
AMBC,24.77,26,24.77,24.959999,425500,
AMCC,7.74,7.74,7.65,7.66,349300,
AMCN,1.81,1.87,1.79,1.8,45000,
AMCX,65.080002,65.110001,62.849998,63.43,406500,
AMD,4,4.03,3.9,3.9,14600100,
AME,42.77,42.889999,42.189999,42.220001,841400,
AMED,13.21,14.89,13.17,13.77,891800,
AMG,167.660004,168.039993,163.979996,164.880005,673300,
AMGN,98.970001,99.5,95.970001,96.370003,2579600,
AMJ,46.25,46.57,45.490002,45.970001,874200,
AMKR,4.42,4.51,4.35,4.36,543500,
AMLP,17.440001,17.49,17.370001,17.440001,2643400,
AMP,83.25,83.529999,81.029999,81.110001,934200,
AMPE,5.9,6.03,5.76,5.95,311300,
AMRC,8.8,8.8,8.64,8.75,210200,
AMRI,11,12.14,11,11.87,1033400,
AMRN,7.04,7.09,6.8,6.81,2805000,
AMRS,2.72,2.79,2.67,2.68,162100,
AMSC,2.63,2.63,2.5,2.5,44200,
AMSG,36.619999,36.619999,35.869999,36.02,63700,
AMSWA,8.6,8.6,8.45,8.45,13900,
AMT,76.199997,76.349998,74.43,74.599998,3772900,
AMTD,23.85,23.85,23.389999,23.549999,2845600,
AMTG,18,18.09,17.66,17.75,433400,
AMWD,35.5,35.959999,34.849998,35.130001,65800,
AMX,20.030001,20.129999,19.6,19.860001,7743600,
AMZN,276.600006,276.799988,270.450012,271.670013,2238900,
AN,44.48,44.98,43.18,43.27,1545800,
ANAC,5.61,5.94,5.46,5.62,342800,
ANAD,2.2,2.2,2.06,2.1,562200,
ANDE,52.780003,53.500008,52.129995,52.150005,77400,
ANEN,24.12,24.13,23.795,23.87,7500,
ANF,50.450001,50.610001,48.939999,49.110001,1442000,
ANGI,25.969999,26.620001,25.379999,25.700001,1577900,
ANGO,11.06,11.14,10.97,11.02,22100,
ANH,5.64,5.69,5.51,5.56,1974900,
ANIK,16.27,16.42,15.3,15.3,70000,
ANN,30.98,31.32,30.73,31.059999,1292200,
ANR,6.31,6.34,6.03,6.16,8325600,
ANSS,73.459999,73.480003,72.330002,72.339996,366900,
ANV,7.54,7.8,7.45,7.54,1806800,
ANW,9.75,9.93,9.57,9.64,253000,
AOI,3.91,3.94,3.84,3.85,24600,
AOL,35.279999,35.740002,35.080002,35.220001,831400,
AON,65.610001,65.610001,64.809998,64.839996,941300,
AOS,38.650002,38.700001,38,38.23,711000,
AOSL,8.12,8.12,6.91,7.1,2967300,
APA,85,85.360001,84.260002,84.449997,5127500,
APAM,54.25,54.25,51.830002,52.52,197400,
APC,87.459999,87.459999,85.440002,85.879997,2315400,
APD,95.359996,95.499995,94.709996,94.789995,2317200,
APEI,39.779999,39.849998,38.650002,38.860001,131200,
APH,77.410004,77.410004,75.93,76.089996,532400,
APL,37.75,37.96,37.48,37.7,269900,
APO,24.34,24.75,23.23,23.790001,939300,
APOG,25.23,25.450001,24.719999,24.83,167700,
APOL,21.92,22.25,21.1,21.209999,1659100,
APP,1.99,2.02,1.98,1.99,289300,
APRI,2.87,2.9,2.72,2.78,484000,
APU,46.799999,46.849998,46.220001,46.799999,50900,
ARAY,5.9,5.95,5.75,5.76,661700,
ARB,46.99,46.99,46.7999,46.84,98800,
ARCC,16.67,16.75,16.299999,16.469999,4015100,
ARCO,13.18,13.3,12.85,12.98,637900,
ARCP,14.59,14.67,14.15,14.23,2957100,
ARE,66.760002,66.760002,65.029999,65.209999,381600,
AREX,24.85,25.360001,24.209999,24.43,448300,
ARG,98.790001,99.300003,96.790001,96.82,585700,
ARI,16.540001,16.620001,16.02,16.200001,431600,
ARIA,19.049999,19.09,17.959999,18.02,2325100,
ARII,34.139999,34.389999,32.580002,32.669998,329400,
ARLP,71.360001,72.059998,70,70.230003,131000,
ARMH,40.59,40.66,39.990002,40.099998,2142800,
ARNA,8.99,9.05,8.35,8.38,8891000,
ARO,14.53,14.64,14.18,14.21,868900,
ARP,22.51,22.690001,22.32,22.5,1499900,
ARPI,19.32,19.540001,18.93,19.16,102100,
ARQL,2.48,2.49,2.35,2.36,287000,
ARR,4.65,4.68,4.49,4.59,2158800,
ARRS,14.64,14.64,14.17,14.17,1181300,
ARRY,4.76,4.78,4.57,4.58,1174700,
ARTC,34.74,34.85,34.15,34.75,65600,
ARUN,14.32,14.4,13.99,14.13,1698900,
ARW,40.27,40.27,39,39.09,616800,
ARX,7.81,7.81,7.414,7.45,13600,
ASA,13.8,14,13.69,13.76,98400,
ASBC,15.48,15.5,15.1,15.15,565600,
ASCA,26.25,26.29,26.18,26.2,115000,
ASEI,60.610001,60.610001,59.459999,59.650002,20100,
ASFI,8.78,8.97,8.64,8.76,17900,
ASGN,26.92,27.040001,26.08,26.4,338200,
ASH,86.910004,86.959999,85,85.470001,542200,
ASIA,11.69,11.69,11.62,11.65,151600,
ASMI,34.599998,34.68,34.029999,34.040001,2900,
ASML,80.040001,80.139999,78.580002,78.68,599100,
ASNA,17.99,18.01,17.75,17.799999,1403500,
ASPS,96.650002,96.650002,94.279999,95.25,165000,
ASR,114.580002,114.800003,107.07,108.699997,153000,
ASTE,34.779999,34.779999,33.509998,33.970001,31100,
ASTI,0.8,0.84,0.76,0.77,11300,
ASTX,4.73,4.7699,4.48,4.48,944800,
ASYS,5.32,5.33,4.83,5.25,16300,
AT,4.73,4.82,4.64,4.66,552000,
ATAX,6.85,6.9,6.75,6.78,83400,
ATHN,87.959999,88.199997,86.349998,86.690002,429000,
ATHX,1.62,1.66,1.6,1.63,244800,
ATI,27.049999,27.42,26.99,27.129999,1380000,
ATK,79.64,79.78,78.71,78.93,141000,
ATLC,3.69,3.84,3.67,3.8,6900,
ATLS,14.63,14.64,14.52,14.58,561515,
ATMI,24.13,24.16,23.9,23.92,68700,
ATML,7.86,7.9,7.52,7.57,7686000,
ATNI,50.080002,50.080002,48.5,49.119999,49300,
ATO,41.080002,41.369999,40.549999,40.740002,418300,
ATPAQ,0.083,0.0833,0.08,0.0805,641100,
ATR,57.02,57.290001,55.669998,56.049999,158100,
ATRS,4.11,4.14,4.02,4.02,817800,
ATSG,6.16,6.17,6.04,6.14,192000,
ATU,33.25,33.299999,32.709999,32.98,626300,
ATVI,14.33,14.42,14.13,14.18,6347300,
ATW,55.189999,55.200001,53.75,54,393100,
AU,16.52,16.84,16.35,16.370001,1940300,
AUDC,4.46,4.5,4.32,4.35,58500,
AUM,95.43,95.639999,94.669998,94.82,0,
AUMN,1.56,1.61,1.56,1.58,134900,
AUO,4.23,4.24,4.12,4.13,701500,
AUQ,4.9,5.11,4.88,4.98,2615200,
AUX,105.5,105.5,105.5,105.5,0,
AUXL,17.05,17.2199,16.7,16.71,484100,
AUY,10.9,11.37,10.85,11.21,6878900,
AVA,27.030001,27.049999,26.459999,26.5,244500,
AVAV,19.91,20,19.610001,19.74,279800,
AVB,131.550003,131.550003,129,129.300003,710600,
AVD,30.15,30.15,29.35,29.389999,117100,
AVEO,2.83,2.83,2.5,2.53,1785400,
AVG,18,18.08,17.58,17.92,222400,
AVGO,36.66,36.68,35.720001,35.98,2130700,
AVHI,14.12,14.12,14.05,14.05,13100,
AVID,6.37,6.47,6.23,6.24,57300,
AVIV,26.66,26.66,25.77,26.03,202400,
AVL,0.75,0.75,0.7,0.71,243000,
AVNR,4.22,4.34,4.085,4.15,2869300,
AVP,22.969999,23.59,22.700001,22.73,4757100,
AVSPY,135.61,136.03,134.49,135.07,0,
AVT,33.919998,34,33.220001,33.240002,552600,
AVX,11.99,11.99,11.79,11.88,184100,
AVY,43.290001,43.349998,42.599998,42.689999,294200,
AWAY,29.690001,30.23,29.23,29.49,351600,
AWC,29.508,29.508,29.508,29.508,0,
AWH,92.740002,92.989998,91.9,91.990002,363300,
AWI,50.25,50.25,48.869999,49.080002,223600,
AWK,40.299999,40.720001,40.290001,40.490002,1825700,
AWR,53.610001,53.66,52.509998,52.950001,253000,
AWRE,5.3,5.35,5.25,5.25,62200,
AXAS,2.19,2.23,2.11,2.14,600900,
AXE,77.540001,77.68,75.489998,75.849998,187800,
AXL,18.26,18.299999,17.540001,17.58,1402600,
AXLL,42.790001,42.880001,42,42.029999,665600,
AXP,76.940002,77,74.68,74.720001,7057200,
AXS,45.41,45.630001,45.150002,45.209999,894800,
AXTI,2.79,2.79,2.75,2.75,120800,
AXU,1.38,1.4,1.35,1.36,260600,
AYI,75.650002,75.739998,74.68,74.910004,171700,
AYR,15.11,15.16,14.8,14.96,518900,
AZC,2.28,2.31,2.19,2.23,73400,
AZN,51.790001,51.810001,50.950001,50.98,5092400,
AZO,416.609985,417.200012,415.200012,416,256000,
AZPN,29.83,30.07,29.059999,29.299999,417500,
AZZ,42.450001,42.900002,41.869999,41.990002,74000,
B,29.610001,29.67,29.16,29.17,139500,
BA,102.190002,102.419998,100.610001,100.879997,2936500,
BAA,1.11,1.17,1.06,1.06,718500,
BABY,14.19,14.21,13.92,14.03,86300,
BAC,13.24,13.25,12.97,13.06,117289400,
BAH,16.969999,16.969999,16.51,16.540001,588300,
BAK,15.03,15.03,14.51,14.56,179600,
BAL,54.639999,56.490002,54.43,56.360001,12100,
BALT,3.55,3.63,3.49,3.49,132500,
BAM,35.310003,35.320008,34.680003,34.789997,1545500,
BANR,32.82,32.82,31.549999,31.549999,69800,
BAP,135.770017,136.299996,131.089998,131.840006,438800,
BAS,12.7,12.92,12.37,12.4,697600,
BAX,70.240001,70.360001,69.629996,69.749996,4297000,
BAXS,2.23,2.23,2.08,2.08,40600,
BBBY,69.419998,70.199997,69.129997,69.150002,1658100,
BBCN,12.77,12.8,12.52,12.57,117400,
BBD,14.49,14.590001,14.12,14.310001,7655500,
BBEP,18.370001,18.549999,18.1,18.24,333200,
BBG,23.09,23.280001,22.309999,22.469999,674100,
BBH,70.610001,70.779999,68.550003,68.550003,92200,
BBL,55.709999,55.759998,54.849998,54.91,665500,
BBOX,27.1,27.26,26.1,26.23,21300,
BBRG,18.68,18.940001,18.610001,18.870001,148000,
BBRY,13.67,13.79,13.5,13.56,9469200,
BBT,33.470001,33.57,32.869999,32.959999,2436400,
BBVA,9.17,9.18,8.91,8.94,847000,
BBW,6.38,6.45,6.32,6.35,13300,
BBX,12.46,12.5,12.39,12.5,12900,
BBY,27.92,27.93,26.76,26.879999,5497500,
BC,32.25,32.48,31.530001,31.549999,948400,
BCC,27.15,27.4,26.120001,26.26,129500,
BCE,44.09,44.09,42.970001,43.049999,1094400,
BCEI,37.099998,37.279999,36.110001,36.220001,136900,
BCO,27,27,26.27,26.290001,88700,
BCOR,18.34,18.34,17.809999,17.879999,166900,
BCOV,8.4,8.49,8.02,8.16,424200,
BCPC,47.240002,47.240002,45.950001,46.060001,58600,
BCR,105.239998,105.540001,103.82,105.110001,564200,
BCRX,1.69,1.71,1.65,1.68,387900,
BCS,18.73,18.75,18.3,18.34,2866655,
BDBD,12.17,12.44,11.8,12,319300,
BDC,51.400002,51.450001,50.060001,50.099998,94600,
BDE,8.82,8.84,8.72,8.77,150700,
BDN,13.31,13.35,12.9,13.04,1713100,
BDSI,4.38,4.45,4.25,4.29,157600,
BDX,98.889999,98.980003,97.639999,97.669998,725800,
BEAM,65.74,65.78,64.48,64.48,455000,
BEAT,4.9,5.58,4.6,5.29,5443700,
BEAV,64.180005,64.269999,62.480005,62.610001,588400,
BEBE,5.69,5.74,5.57,5.61,36000,
BECN,41,41,40.119999,40.389999,135900,
BEE,8.04,8.04,7.67,7.71,1556600,
BEN,149.889999,149.889999,142.799995,143.299999,4640700,
BERY,22.969999,23.110001,22.23,22.25,251100,
BF.B,70.330002,70.739998,68.949997,68.970001,265900,
BFAM,34.439999,34.439999,32.869999,33.049999,358900,
BG,71.260002,71.730003,70.57,70.599998,1422400,
BGC,32.849998,32.98,31.83,32,346600,
BGCP,5.74,5.78,5.67,5.74,1855200,
BGFV,21.08,21.9,20.940001,21.610001,542900,
BGG,20.93,20.93,20.360001,20.469999,336600,
BGS,31.5,31.65,31.34,31.540001,349600,
BHE,19.85,19.85,19.26,19.309999,141400,
BHI,45.869999,46,45.18,45.349998,3066500,
BHP,62.869999,63.09,61.860001,61.990002,1587700,
BID,38.27,38.470001,37.139999,37.32,1316400,
BIDU,100.080002,100.290001,96.5,97.510002,3638600,
BIG,33.810001,33.830002,32.560001,32.639999,653100,
BIIB,217.699997,218.899994,204.119995,206.550003,2778600,
BIO,112.660004,113.5,111.279999,111.419998,48600,
BIOD,4.64,4.64,4.18,4.2,518300,
BIOL,3.960011,4.050011,3.760013,3.800018,262100,
BIOS,14.53,14.93,14.36,14.8,476000,
BIP,35.8,35.8,35.000001,35.400001,585800,
BIRT,6.84,6.86,6.7001,6.79,60000,
BITA,12.75,12.75,11.7,11.8,111700,
BIV,85.25,85.43,85.059998,85.099998,258700,
BJRI,38.07,38.330002,37.27,37.639999,177100,
BK,29.74,29.790001,29.040001,29.059999,3672100,
BKCC,9.91,9.95,9.78,9.82,540600,
BKD,27.209999,27.25,26.49,26.559999,727800,
BKE,55.269999,55.389992,54.539999,54.75,137700,
BKF,35.98,35.990002,35.43,35.52,121100,
BKH,48.57,48.57,47.290001,47.360001,115600,
BKI,37.25,37.27,37.15,37.15,286400,
BKLN,24.940001,24.940001,24.870001,24.940001,3694100,
BKMU,5.74,5.74,5.6,5.61,63200,
BKS,22.77,23.030001,21.170001,21.3,2345300,
BKU,25.290001,25.379999,24.969999,25.08,294200,
BKW,20.3,20.32,19.36,20.05,823400,
BKX,61.13,61.36,60.11,60.27,0,
BLC,11.23,11.26,10.72,10.73,547800,
BLDP,2.01,2.02,1.89,1.99,1242000,
BLDR,6.57,6.6,6.36,6.4,286300,
BLK,278.369995,280,268.529999,269.040009,866600,
BLKB,30.4,30.75,30.200001,30.530001,158300,
BLL,43.110001,43.189999,42.369999,42.439999,1164400,
BLMN,23.280001,23.719999,23.040001,23.280001,742300,
BLOX,27.85,28.059999,27.35,27.52,1095700,
BLT,13.05,13.21,12.89,12.99,293600,
BLV,87.699997,88.019997,87.139999,87.139999,35500,
BLX,23.01,23.059999,22.309999,22.33,101000,
BMC,45.25,45.25,45.1,45.12,6441100,
BMI,44.459999,44.650002,43.189999,43.25,72400,
BMO,59.27,59.349998,58.25,58.5,510800,
BMR,20.35,20.35,19.75,19.959999,2169900,
BMRN,59.150002,59.380001,57.439999,57.48,1030400,
BMS,39.310001,39.310001,38.869999,38.889999,341300,
BMY,47.59,47.93,46.560001,46.57,8841600,
BNCL,8.560005,8.560005,8.410001,8.439995,66500,
BND,81.739998,81.830002,81.610001,81.669998,1255800,
BNNY,40.08,40.7,39.28,39.77,260700,
BNO,79.089996,79.260002,78.769997,78.849998,7800,
BNS,56.16,56.290001,55.18,55.299999,494100,
BOBE,47.860001,48.119999,47.23,47.369999,179500,
BODY,12.53,12.55,12.25,12.37,21300,
BOFI,45.900002,45.98,45.23,45.299999,400400,
BOH,49.619999,49.810001,48.860001,48.91,106400,
BOIL,40.73,41.52,40.610001,41.380001,14400,
BOKF,64.43,64.43,63.34,63.5,38100,
BOLT,16.28,16.56,16.15,16.25,11400,
BONA,4.21,4.27,4.21,4.21,7600,
BOND,107.190002,107.540001,107.150002,107.169998,336900,
BONT,21.299999,21.33,20.540001,20.65,279100,
BOOM,16.83,16.83,16.5,16.540001,12200,
BORN,1.21,1.27,1.11,1.23,159500,
BOTA,3.47,3.6,3.47,3.53,53000,
BP,43.34,43.369999,42.66,42.77,4029600,
BPAX,1.23,1.35,1.22,1.28,611400,
BPFH,10.05,10.09,9.85,9.88,309500,
BPI,12.92,13.03,12.66,12.74,191000,
BPL,67.419998,67.68,66.650002,67.349998,206100,
BPO,16.99,16.99,16.605,16.73,815200,
BPOP,28.9,29,28.35,28.530001,485300,
BPT,91.550003,92.639999,91.5,91.730003,77400,
BPX,63.869999,63.919998,63.700001,63.779999,0,
BPY,21,21.15,20.9,21.030001,109700,
BPZ,1.89,1.89,1.8,1.81,378000,
BR,26.76,26.870001,26.459999,26.57,530600,
BRC,31.280001,31.459999,30.41,30.530001,158100,
BRCD,5.78,5.9,5.77,5.83,10193400,
BRCM,34.450001,34.48,33.23,33.299999,9753300,
BRE,47.83,47.88,47.07,47.2,513100,
BREW,7.46,7.5,7.45,7.47,8800,
BRF,34.900002,34.919998,34.130001,34.25,96500,
BRFS,22.049999,22.1,21.65,21.74,1250700,
BRK.B,114.010002,114.349998,112.660004,112.949997,3941700,
BRKL,8.43,8.49,8.31,8.33,199600,
BRKR,16.35,16.459999,16.049999,16.09,317600,
BRKS,10.31,10.42,10.06,10.06,152300,
BRLI,28.61,28.95,28.41,28.76,156500,
BRO,32.259998,32.369999,31.959999,32.169998,480700,
BRS,64.639999,64.639999,63.959999,64.120003,185400,
BRY,44.58,44.58,43.83,43.93,404400,
BSAC,23.469999,23.620001,23.190001,23.290001,307400,
BSBR,6.74,6.79,6.64,6.73,4472100,
BSDM,1.27,1.28,1.24,1.27,55500,
BSET,13.94,13.95,13.78,13.81,9500,
BSFT,29.639999,30.219999,29.25,29.379999,213200,
BSMX,15.13,15.37,14.4,14.48,2844100,
BSRR,14.4,14.48,14.22,14.26,5600,
BSX,9.53,9.55,9.38,9.42,9231600,
BTE,37.34,37.459999,36.09,36.439999,248200,
BTH,13.84,14.22,13.77,13.96,218700,
BTI,110.910004,110.989998,109.620003,109.769997,106900,
BTN,4.25,4.25,4.22,4.23,70100,
BTU,17.83001,17.850009,16.810008,17.050007,633500,
BTX,4,4.06,3.91,3.98,132900,
BUD,94.440002,94.529999,92.449997,92.68,791700,
BUSE,4.439996,4.459995,4.339996,4.419995,41400,
BV,9.65,9.8,9.14,9.34,558100,
BVN,17.280001,17.709999,17.120001,17.57,994200,
BWA,84.739998,84.849998,83.25,83.279999,2035800,
BWC,30.02,30.17,29.74,29.799999,583100,
BWEN,4.2,4.3,4.06,4.11,52400,
BWLD,98.489998,98.699997,96.57,97.019997,256000,
BWP,29.309999,29.370001,28.75,29.110001,602800,
BWS,21.61,21.73,20.9,20.92,270800,
BWX,58.32,58.619999,58.299999,58.439999,781400,
BX,21.299999,21.42,20.66,20.74,4261300,
BXP,107.410004,107.709999,106.309998,106.519997,1342200,
BXS,16.950001,16.950001,16.52,16.59,355100,
BYD,12.27,12.3,11.79,11.85,1243100,
BYI,56.89,57.14,56.3,56.37,344400,
BZ,8.7,8.74,8.515,8.53,504000,
BZF,18.860001,18.860001,18.25,18.299999,87400,
BZH,19.18,19.4,18.559999,18.77,943800,
BZQ,81.480003,85.449997,81.050003,84.5,36000,
C,50.330002,50.450001,49.16,49.439999,38569300,
CA,28.889999,28.91,28.200001,28.25,4231100,
CAAS,5.16,5.17,4.9,5.06,44800,
CAB,69.120003,69.339996,66.730003,66.809998,526000,
CACI,64.290001,64.400002,62.560001,62.849998,309700,
CADX,7.49,7.51,7.185,7.21,290700,
CAG,34.249999,34.48,33.749999,33.789998,4011400,
CAH,47.25,47.560001,47.130001,47.16,2822800,
CAJ,33.369999,33.459999,32.799999,32.990002,620600,
CAK,0.55002,0.58,0.54001,0.54001,143400,
CAKE,41.599998,41.689999,41.130001,41.389999,435100,
CALD,6.23,6.23,6.01,6.15,157200,
CALL,15.64,15.76,15.03,15.22,179116,
CALM,46.950001,46.950001,46.27,46.450001,126200,
CALX,10.4,10.44,10.11,10.29,444500,
CAM,61.82,61.900002,60.810001,60.810001,1006800,
CAMP,13.9,13.95,13.32,13.4,257800,
CAP,26.280001,26.530001,26.280001,26.41,85300,
CAR,33.380001,33.5,31.219999,31.559999,1961200,
CARB,11.65,12.2,11.64,12,169500,
CAS,17.16,17.24,16.870001,16.870001,102300,
CASY,63.470001,63.470001,61.490002,61.540001,172000,
CAT,84.169998,84.379997,83.010002,83.209999,4748100,
CATM,28.780001,28.860001,28.549999,28.67,111800,
CATO,25.379999,25.379999,24.77,24.870001,76700,
CATY,20.26,20.32,19.68,19.780001,135000,
CAVM,32.73,33.099998,32.290001,32.799999,512200,
CB,89.800003,90.169998,88.220001,88.32,1061300,
CBAK,1.34,1.34,1.16,1.21,144200,
CBB,3.12,3.23,3.08,3.14,457900,
CBD,48.580002,48.580002,46.860001,47.200001,590600,
CBEY,8.58,8.58,7.63,8.41,167500,
CBF,17.9,18.1,17.530001,17.66,78800,
CBG,23.08,23.120001,22.469999,22.559999,2971200,
CBI,59.119999,59.240002,57.48,57.889999,1524200,
CBK,6.85,7.08,6.78,7.02,241300,
CBL,22.709999,22.73,22.059999,22.15,919700,
CBLI,1.65,1.65,1.54,1.59,4400,
CBM,14,14.15,13.8,13.81,87000,
CBOE,42,42.389999,41.34,41.490002,350600,
CBR,3.93,3.93,3.75,3.77,167000,
CBRL,98.150002,98.150002,96.300003,96.540001,192500,
CBS,47.299999,47.68,45.610001,45.919998,8408500,
CBS.A,47.610001,47.610001,45.689999,45.970001,2500,
CBSH,44.520136,44.620143,43.380136,43.420133,520100,
CBST,51.6,51.91,50.09,50.24,756900,
CBT,38.220001,38.419998,37.630001,37.689999,150000,
CBU,29.43,29.43,28.75,28.799999,143400,
CBZ,6.72,6.72,6.61,6.65,94600,
CCC,17.360001,17.58,17.129999,17.18,525100,
CCE,36.040001,36.580002,35.900002,35.900002,2467100,
CCG,12.1,12.14,11.78,11.8,437500,
CCI,69.639999,69.639999,67.970001,68,2261900,
CCIX,20,20.01,19.6101,19.81,129200,
CCJ,21.02,21.129999,20.43,20.559999,1510700,
CCK,42.619999,42.75,41.630001,41.93,1195100,
CCL,32.779999,32.889999,32.490002,32.720001,5081300,
CCM,4.130001,4.18,4.130001,4.18,1100,
CCMP,35.130001,35.439999,33.900002,34.09,72100,
CCO,7.31,7.37,7.28,7.3,484700,
CCOI,28.059999,28.190001,27.6,27.639999,263400,
CCRN,5.17,5.17,5.01,5.01,41800,
CCUR,8.03,8.09,7.96,7.98,122900,
CDD,101.769997,102.18,101.529999,102.089996,0,
CDE,13.74,14.28,13.67,13.93,1554200,
CDI,14.82,14.94,14.35,14.45,45200,
CDNS,14.8,14.86,14.66,14.74,1825200,
CDR,5.5,5.53,5.35,5.36,243500,
CDZI,5.55,5.65,5.5,5.51,53900,
CE,48.150002,48.32,46.73,47.02,554200,
CEB,60.959999,60.959999,59.029999,59.990002,56000,
CEC,0.74006,0.74006,0.74006,0.74006,5700,
CECE,11.96,12.09,11.92,12.01,17200,
CECO,3.08,3.19,2.93,2.96,760800,
CEL,9.25,9.29,9.15,9.28,78900,
CELG,122.800003,123.449997,118,118.110001,7596200,
CENTA,7.48,7.51,7.29,7.32,202100,
CENX,9.89,10.05,9.5,9.59,1046700,
CEO,171.029999,171.289993,168.559998,169.009995,75800,
CERN,98.739998,99.199997,96.82,97.099998,958600,
CERS,4.84,4.86,4.63,4.67,477300,
CETV,3.4,3.4,3.04,3.18,882600,
CEVA,16.299999,16.309999,15.99,16.01,126200,
CF,188.889999,189.890003,182.929993,183.500004,5485000,
CFI,18.209999,18.33,17.75,17.799999,32400,
CFN,38.15,38.4,37.49,37.5,1550400,
CFNL,15.16,15.33,15.01,15.01,112600,
CFR,65.050003,65.050003,64.110001,64.220001,226400,
CFX,51.290001,51.939999,50.509998,50.990002,1068200,
CG,26.4,26.4,25.82,26.030001,689700,
CGA,2.85,2.89,2.8,2.82,10800,
CGEN,6.44,6.6,6.32,6.35,211000,
CGG,22.860001,22.879999,22.549999,22.610001,200,
CGI,19.549999,19.629999,19.139999,19.24,164700,
CGNX,44.66,44.98,44.439999,44.619999,277200,
CGX,48.58,48.58,47.26,47.34,26900,
CHCO,39.169998,39.169998,38.849998,38.919998,37800,
CHD,61.259998,61.720001,60.799999,60.970001,1257600,
CHDN,81.849998,81.849998,79.220001,79.389999,21600,
CHDX,16.7,16.7,16.22,16.3,18300,
CHE,71.800003,72.709999,71.470001,72,273800,
CHEF,18.370001,18.450001,17.92,17.92,37600,
CHFC,26.190001,26.190001,25.48,25.610001,15500,
CHH,39.93,39.98,39.34,39.459999,30400,
CHIQ,13.93,13.96,13.74,13.84,196000,
CHK,21.5,21.520001,20.940001,21.080001,12566400,
CHKP,49.759998,49.900002,48.98,49.16,905700,
CHKR,14.72,14.79,14.4,14.46,108400,
CHL,50.91,50.919998,50.080002,50.119999,935700,
CHLN,2.22,2.22,2.02,2.19,11500,
CHMT,22.17,22.17,21.5,21.67,583800,
CHOP,2.05,2.11,2.04,2.09,2800,
CHRW,56.759998,57.110001,55.970001,56.02,857700,
CHS,17.16,17.23,16.879999,16.91,3321600,
CHSP,21.73,21.799999,21.26,21.299999,115700,
CHT,32.049999,32.049999,31.620001,31.85,154400,
CHTP,2.5,2.52,2.33,2.44,966000,
CHTR,112.910004,113.800003,111.25,111.389999,812500,
CHU,13.45,13.5,13.26,13.28,171600,
CHUY,37.240002,37.580002,36.849998,37.220001,164000,
CI,70.139999,70.379997,69.419998,69.440002,1337900,
CIB,58.509998,58.509998,57.43,57.549999,252800,
CIE,26.059999,26.16,24.98,25.139999,3989500,
CIEN,20.219999,20.26,19.790001,20.02,3180400,
CIG,9.569998,9.580001,9.170003,9.300004,2513300,
CIM,3.03,3.04,3,3,1001500,
CINF,45.849998,46.32,45.630001,45.639999,725800,
CIS,1.7201,1.77,1.7201,1.73,49989,
CISG,6.22,6.45,6.14,6.25,42300,
CIT,46.05,46.46,45.35,45.39,980789,
CJES,19,19.049999,18.77,18.860001,157900,
CKEC,17.620001,17.700001,17.01,17.040001,93400,
CKH,79.25,79.379997,77.410004,77.760002,77700,
CKP,14.67,14.67,14.26,14.37,174100,
CKSW,7.94,8.05,7.85,8,108400,
CL,58.990002,59.5,58.150002,58.16,2344900,
CLB,138.490005,139.070007,136.630005,137.039993,106000,
CLC,54.720001,54.959999,53.799999,53.919998,62500,
CLD,18.219999,18.629999,17.889999,18.01,382400,
CLDT,17.860001,17.860001,16.82,16.85,86600,
CLDX,15.89,16.48,15.81,15.84,3321300,
CLF,17.639999,18.15,17.200001,17.370001,8689600,
CLGX,23.91,24.35,23.809999,23.940001,871300,
CLH,54.900002,54.959999,53.470001,53.610001,297200,
CLI,24.91,24.91,24.209999,24.309999,701400,
CLMS,10.74,10.81,10.63,10.67,199700,
CLMT,35.419998,35.549999,35.18,35.5,322500,
CLNE,13.08,13.11,12.8,12.86,799100,
CLNY,20.639999,20.639999,20,20.15,679600,
CLP,4000,4000,4000,4000,0,
CLR,85.900002,87.470001,84.82,85.580002,3226200,
CLS,9.64,9.7,9.39,9.41,176200,
CLSN,1.300001,1.43,1.25,1.41,2472400,
CLW,49.73,49.790001,47.970001,48.200001,249500,
CLWR,4.34,4.42,4.34,4.37,13062900,
CLX,84.889999,85.239998,84.370003,84.379997,469200,
CM,75.620003,75.620003,74.709999,75.029999,169200,
CMA,38.369999,38.490002,37.490002,37.580002,1462200,
CMC,14.29,14.39,13.96,14.08,1173900,
CMCO,21.209999,21.290001,20.870001,20.950001,36400,
CMCSA,40.360001,40.389999,39.259998,39.52,23780000,
CMCSK,39.299999,39.470001,37.93,38.110001,2129600,
CME,72.650002,72.970001,72.07,72.279999,1617200,
CMG,368.609985,368.609985,362.339996,364.190002,388400,
CMI,118.559998,118.629997,115.57,115.739998,1643300,
CMLP,22.25,22.32,21.969999,22.18,80800,
CMN,34.86,34.86,33.919996,34.050001,58900,
CMO,12.26,12.33,12.1,12.1,771100,
CMP,86.019997,86.019997,84.709999,85.019997,95500,
CMRE,17.4,17.5,17.17,17.209999,94100,
CMS,27.120001,27.129999,26.52,26.52,2220100,
CMTL,26.91,27.059999,26.309999,26.52,62900,
CNA,33.369999,33.419998,32.349998,32.470001,264500,
CNC,49.720001,49.830002,48.709999,49.34,790000,
CNDO,9.22,9.26,8.89,9.1,788400,
CNH,43.6,43.6,42,42.1,332700,
CNI,99.169998,99.470001,97.669998,98,884200,
CNIT,3,3.1,2.82,2.86,30500,
CNK,28.43,28.52,27.879999,28.049999,515600,
CNL,45.200001,45.290001,44.259998,44.400002,128100,
CNMD,32.299999,32.330002,31.9,31.950001,109500,
CNO,12.84,12.86,12.56,12.6,823700,
CNP,23.24,23.41,22.91,23.07,3651800,
CNQ,29.049999,29.18,28.17,28.379999,2644000,
CNQR,80.09,81.0899,78.68,79.05,447600,
CNS,37.139999,37.209999,35.700001,35.889999,182000,
CNSI,30.43,30.629999,30.08,30.280001,74600,
CNSL,16.950001,17.16,16.76,17.059999,157600,
CNW,39.16,39.41,38.599998,38.700001,387600,
CNX,32.630001,32.66,31.59,31.809999,2829900,
COCO,2.52,2.59,2.34,2.35,691900,
CODE,1.12,1.12,1.12,1.12,0,
CODI,16.91,16.959999,16.799999,16.860001,59900,
COF,61.860001,62.110001,61.119999,61.380001,2058200,
COG,71.019997,71.269997,69.129997,69.449997,3157400,
COGO,1.86,1.86,1.8,1.8,21500,
COH,58.759998,58.759998,57.049999,57.720001,5045500,
COHR,58.25,58.25,56.110001,56.41,34400,
COHU,11.48,11.59,11.25,11.39,45700,
COL,65.330002,65.379997,64.589996,64.629997,736400,
COLB,22,22,21.549999,21.67,85800,
COLM,61.209999,61.23,60.639999,60.68,72000,
CONE,21.799999,21.93,21.09,21.1,179500,
CONN,52.23,52.509998,50.799999,50.959999,694400,
COO,121.919998,121.949997,119.919998,120.410004,186800,
COP,62.27,62.27,60.790001,60.880001,5031600,
COR,31.299999,31.299999,30.27,30.299999,312800,
CORE,61.32,61.32,59.09,59.330002,80400,
CORN,41.169998,41.310001,40.209999,40.720001,72900,
CORR,7.41,7.51,7.29,7.41,16100,
CORT,1.85,1.87,1.8,1.81,47400,
COST,110.75,110.82,109.110001,109.400002,1320200,
COT,7.99,8.14,7.96,8.11,328800,
COV,58.48,58.53,57.83,57.83,1849600,
COW,26.74,26.780001,26.59,26.719999,29800,
COWN,3.27,3.29,3.21,3.23,666000,
CP,124.559998,125.07,122.5,122.730003,661300,
CPA,136.330002,136.460007,134.580002,135.039993,360500,
CPB,44.290001,44.490002,43.939999,44.259998,1485100,
CPE,3.57,3.58,3.51,3.56,149700,
CPF,18.1,18.190001,17.860001,17.9,138300,
CPHD,34.369999,34.470001,33.23,33.25,292000,
CPIX,5.13,5.13,5.07,5.09,43500,
CPL,20.339935,20.339935,19.679944,19.849944,315600,
CPLA,45.869999,46.049999,44.279999,44.529999,77800,
CPLP,9.09,9.1,8.91,8.92,57800,
CPN,21.32,21.379999,20.82,20.93,2732100,
CPRT,31.540001,31.719999,30.5,30.73,1405900,
CPSI,50.5,50.599998,49.91,49.98,36600,
CPSS,7.83,7.9,7.56,7.66,63900,
CPT,65.830002,66.010002,64.730003,64.870003,338900,
CPWR,10.5441,10.5537,10.3808,10.4193,680000,
CQB,11,11,10.71,10.85,249100,
CQP,28.110001,28.65,27.98,28.34,174300,
CQQQ,26.860001,26.860001,26.42,26.5,14700,
CR,58.549999,58.73,57.220001,57.509998,181800,
CRAY,18.59,18.940001,18.469999,18.65,375100,
CREE,61.68,62.07,60.93,61.310001,1291100,
CRH,20.67,20.690001,20.139999,20.15,147400,
CRI,71.339996,72.230003,71.339996,71.800003,900700,
CRIS,3.61,3.61,3.36,3.41,390900,
CRK,17.12,17.12,16.7,16.79,68800,
CRL,42.740002,43.110001,41.720001,42.139999,426300,
CRM,38.119999,38.509998,37.290001,37.580002,7769100,
CRME,2.1,2.1,2,2,34700,
CRMT,43.810001,43.810001,41.849998,42.02,12600,
CRNT,3.89,3.92,3.81,3.86,167000,
CROC,43.16,43.720001,43.07,43.709999,19900,
CROX,16.549999,16.73,16.299999,16.370001,990100,
CRR,67.150002,67.779999,65.699997,65.889999,178000,
CRRC,13.08,13.71,13.08,13.68,48500,
CRS,47.630001,47.869999,47.169998,47.259998,235100,
CRTX,9.7,10.14,9.41,9.89,114600,
CRUS,18.110001,18.43,17.540001,17.690001,2080400,
CRY,6.29,6.3,6.14,6.15,31200,
CRZO,26.49,26.49,25.809999,26.120001,530300,
CS,28.48,28.549999,28.120001,28.26,900800,
CSC,45.389996,45.490001,44.059999,44.150002,3330000,
CSCO,24.219999,24.309999,23.98,23.99,29980300,
CSE,9.43,9.47,9.16,9.18,1258800,
CSGP,116.809998,116.809998,115.080002,115.559998,83300,
CSGS,21.08,21.08,20.74,20.74,104600,
CSH,48.899993,48.899993,47.710012,47.810007,146800,
CSII,21.58,21.65,21.23,21.65,135900,
CSIQ,9.39,9.69,8.91,9.06,2318100,
CSL,66.800003,66.839996,65.080002,65.150002,344200,
CSOD,40.529999,42.439999,40.41,42.029999,1505300,
CST,31.860001,32.240002,31.84,32.110001,929600,
CSTE,27.860001,28.27,27.219999,27.41,75100,
CSTR,59.26,59.42,57.24,57.46,328500,
CSU,25.860001,26.129999,25.67,25.799999,154000,
CSUN,1.82,1.92,1.81,1.84,153800,
CSV,19.01,19.01,18.379999,18.75,88300,
CSX,25.040001,25.110001,24.77,24.85,7237700,
CTAS,45.66,45.799999,45.060001,45.07,203000,
CTB,34.5,34.790001,34.419998,34.66,39040600,
CTCM,11.72,11.88,11.43,11.54,439600,
CTCT,15.99,16.049999,15.7,15.72,269500,
CTGX,23.51,23.66,23.35,23.56,44000,
CTIC,1.23,1.24,1.19,1.2,464700,
CTL,35.689999,35.849998,35.360001,35.389999,4738300,
CTRN,14.21,14.28,14.1,14.18,38900,
CTRP,33.59,33.700001,32.93,33.299999,1872700,
CTRX,54.240002,54.360001,53,53.849998,2933600,
CTS,12.17,12.38,11.96,12.12,155900,
CTSH,64.730003,65.139999,63.849998,64,5435200,
CTXS,63.419999,63.540001,61.809999,61.950001,1537500,
CU,22.690001,22.690001,22.200001,22.32,3200,
CUB,48.48,48.599998,47.84,47.959999,91200,
CUBE,15.84,15.84,15.45,15.48,435500,
CUI,5.49,5.49,5.35,5.43,39437,
CUK,33.900002,34.029999,33.689999,33.75,210600,
CUTR,9.05,9.23,8.68,8.84,46300,
CUZ,9.55,9.55,9.36,9.38,1513800,
CVA,20.15,20.209999,19.860001,19.92,948400,
CVBF,11.36,11.36,11.03,11.03,1101800,
CVC,14.26,14.32,13.88,13.93,1744900,
CVD,75.52,75.67,73.75,74.08,230300,
CVE,29.540001,29.540001,28.74,28.790001,248200,
CVG,17.870001,18.030001,17.620001,17.700001,441300,
CVGI,7.99,8.26,7.57,8.19,180200,
CVGW,28.469999,28.66,28.25,28.32,32400,
CVI,57.68,57.799999,55.610001,55.700001,366300,
CVLT,72.550003,72.779999,71.029999,71.980003,310000,
CVO,2.15,2.17,2.1,2.14,17500,
CVRR,30.74,30.74,30.35,30.49,576900,
CVS,59.07,59.799999,58.34,58.380001,3198700,
CVU,9.85,9.95,9.75,9.88,109400,
CVX,122.32,122.730003,119.610001,119.970001,5489200,
CVY,23.98,23.99,23.6,23.68,244800,
CW,36.650002,36.779999,35.66,35.869999,137100,
CWCO,10.88,11.37,10.81,11.3,130300,
CWH,0.14,0.14,0.14,0.14,0,
CWST,4.15,4.15,3.98,4.01,297600,
CWT,19.860001,19.93,19.5,19.67,146100,
CWTR,2.85,2.89,2.83,2.85,126700,
CX,10.619967,10.679962,10.179961,10.249962,14535600,
CXDC,4.19,4.19,4.07,4.1,6500,
CXO,87.190002,87.279999,85.459999,85.540001,809100,
CXPO,2.91,2.92,2.77,2.82,118300,
CXW,35.119999,35.130001,33.59,33.759998,1922300,
CY,10.68,10.84,10.34,10.37,1960400,
CYB,26.07,26.08,26.040001,26.07,12200,
CYBX,52.240002,52.599998,52,52.25,380700,
CYC,1188.39,1188.39,1188.39,1188.39,0,
CYCC,3.169999,3.169999,3.119999,3.159999,7500,
CYD,17.77,17.99,17.77,17.790001,37400,
CYH,50.070001,50.950001,49.490005,49.95,1824600,
CYN,62.220001,62.220001,60.959999,61.16,133500,
CYNO,24,24.01,23.5,23.530001,183700,
CYOU,31.540001,31.9,30.860001,31.41,120300,
CYS,10.02,10.08,9.85,9.91,3682400,
CYT,73.129997,73.5,72.720001,72.989998,1486800,
CYTR,2.2,2.26,2.2,2.21,40800,
CYTX,2.340001,2.360001,2.260001,2.270001,9900,
CZR,13.76,13.95,13.49,13.53,454600,
CZZ,17.09,17.33,17.030001,17.07,1378100,
D,55.689999,55.869999,55.220001,55.32,3487900,
DAKT,10.35,10.5,10.16,10.18,70200,
DAL,18.68,18.799999,18.01,18.07,6379400,
DAN,18.84,18.9,18.469999,18.51,956700,
DANG,7.71,7.73,7.43,7.52,1555300,
DAR,19.48,19.68,19.41,19.48,721400,
DATA,54.549999,56.139999,53.900002,55.810001,328000,
DATE,4.96,5.11,4.93,5.09,9200,
DAVE,12.68,12.94,12.5,12.51,41500,
DB,46.169999,46.359999,45.499999,45.650001,1568700,
DBA,25.780001,25.780001,25.51,25.58,2432000,
DBB,16.809999,16.860001,16.77,16.85,66400,
DBC,26.110001,26.139999,26.01,26.02,3855200,
DBD,32.240002,32.330002,31.629999,31.85,324900,
DBE,27.85,28,27.83,27.889999,106600,
DBJP,33.009998,33.16,31.98,32.220001,150300,
DBLE,3.97,4.21,3.95,4.11,36200,
DBO,26.42,26.5,26.290001,26.33,147000,
DBP,45.150002,45.68,45.150002,45.549999,71800,
DBS,36.810001,37.16,36.73,36.73,2300,
DBV,25.84,25.84,25.620001,25.639999,106400,
DCI,36.82,36.82,36.240002,36.310001,519100,
DCIX,5.28,5.28,5.15,5.2,37600,
DCM,15.18,15.19,15.08,15.08,150400,
DCO,20.629999,20.67,20.200001,20.35,29100,
DCT,7.26,7.26,7.06,7.1,942000,
DCTH,0.45,0.5,0.41,0.43,18300,
DD,55.429998,55.640001,54.179999,54.229997,5020500,
DDC,14.77,14.96,14.6,14.61,127300,
DDD,47.209999,47.880001,45.23,45.57,3658100,
DDM,96.5,96.599998,93.309998,93.57,588200,
DDR,17.16,17.190001,16.889999,16.9,3652900,
DDS,83.830002,84.220001,82.550003,83.019997,279100,
DE,85.879997,86.019997,83.860001,84.32,3266600,
DECK,53.27,53.48,51.59,52.09,482200,
DEI,24.559999,24.559999,24.08,24.15,957400,
DELL,13.39,13.41,13.36,13.37,13689500,
DEM,51.310001,51.380001,50.5,50.66,964800,
DENN,6.13,6.15,5.96,5.96,262100,
DEO,119.550003,119.589996,117.849998,117.970001,272000,
DEPO,5.68,5.72,5.57,5.57,299400,
DES,58.450001,58.470001,57.57,57.689999,92300,
DEST,24.799999,24.870001,24.530001,24.65,32500,
DF,10.09,10.09,9.66,9.71,5869500,
DFJ,47.139999,47.27,46.23,46.330002,529700,
DFRG,19.860001,20.17,19.530001,19.6,75600,
DFS,48.610001,48.860001,47.369999,47.470001,2888300,
DFT,24.299999,24.379999,23.26,23.379999,492300,
DG,51.75,52,50.779999,51.09,3171300,
DGI,31.15,31.209999,30.09,30.15,357500,
DGII,9.76,9.76,9.5,9.51,28800,
DGIT,6.93,6.95,6.69,6.91,267200,
DGL,46.630001,47.25,46.630001,47.07,82400,
DGS,48.389999,48.5,47.73,47.849998,269300,
DGX,62.970001,63.18,62,62,940100,
DHI,22.66,22.860001,22.290001,22.49,5985100,
DHR,62.429999,62.429999,61.360002,61.400003,3492100,
DHT,4.39,4.39,4.35,4.36,33200,
DHX,9.16,9.2,9,9.06,205200,
DIA,152.179993,152.350006,149.699997,149.860001,6901000,
DIG,56.939999,57.220001,54.93,55.119999,137700,
DIN,72.68,72.68,71.519997,71.68,52800,
DIOD,24.450001,24.629999,22.76,23.139999,466900,
DIS,64.32,64.449997,62.869999,62.990002,7663200,
DISCA,74.250004,74.319999,73.089998,73.569999,3442900,
DISCK,65.279999,65.900002,64.739998,65.239998,729200,
DISH,39.509998,39.57,37.549999,37.709999,3592600,
DJP,38.259998,38.330002,38.169998,38.220001,180000,
DJX,151.3,152.41,149.81,149.95,10577291264,
DK,34.18,34.349998,32.990002,33.200001,613700,
DKL,34.75,34.75,33.950001,34.279999,7000,
DKS,51.959999,52.099998,50.610001,50.689999,992300,
DLB,34.98,35.110001,33.740002,33.919998,247400,
DLLR,15.79,15.81,15.49,15.5,218700,
DLN,61.09,61.209999,60.259998,60.299999,78600,
DLPH,50.349998,50.48,49.889999,50,1824200,
DLR,60.080002,60.119999,58.290001,58.599998,1281300,
DLTR,50.099998,50.18,48.540001,48.560001,1108400,
DLX,35.560001,35.68,34.860001,35.07,495600,
DM,1.74,1.8,1.66,1.66,98600,
DMD,8.240002,8.26,8.059998,8.139998,451300,
DMLP,25.059999,25.08,24.219999,24.43,63800,
DMND,19.450001,19.58,18.43,18.969999,754600,
DNB,98.959999,99.389999,97.68,98.010002,213100,
DNDN,4.05,4.25,4.03,4.23,5584534,
DNKN,41.700001,41.919998,41.25,41.360001,726200,
DNN,1.25,1.25,1.2,1.22,633500,
DNO,36.34,36.490002,36.25,36.369999,3100,
DNR,18.290001,18.290001,17.82,17.9,3365900,
DO,68.089996,68.099998,66.529999,66.580002,758900,
DOG,29.059999,29.52,29.030001,29.51,307600,
DOLE,12.42,12.65,12.4,12.59,3960900,
DOM,5.01,5.02,4.95,5.02,7200,
DORM,46.5,47.099998,45.939999,46.099998,111800,
DOV,78.820004,78.860005,77.160003,77.300001,853600,
DOW,34.380001,34.450001,33.650002,33.790001,4403200,
DOX,35.459999,35.599998,35.200001,35.369999,460200,
DPK,13.3,13.84,13.27,13.79,8600,
DPM,48.619999,49,48.43,48.990002,120900,
DPS,46.91,47.119999,46.57,47,1658200,
DPZ,59.799999,60.16,59.09,59.43,464400,
DRC,59.689999,59.84,58.049999,58.209999,652500,
DRD,5.92,6.16,5.9,6,80200,
DRE,15.76,15.76,15.27,15.29,2469100,
DRH,9.26,9.26,9.06,9.09,1334900,
DRI,54.27,54.290001,52.080002,52.669998,2670900,
DRIV,17.94,18.1,17.71,17.72,207500,
DRN,45.18,45.369999,42.380001,42.740002,2801600,
DRQ,90.57,90.57,88.959999,89.199997,280200,
DRRX,0.82,0.82,0.79,0.81,185300,
DRV,16.18,17.34,16.18,17.219999,107300,
DRWI,2.76,2.76,2.61,2.64,5000,
DRYS,1.799999,1.809999,1.769999,1.779999,200,
DSCI,13.34,13.48,13.1,13.11,12300,
DSCO,1.710001,1.710001,1.650001,1.650001,14700,
DSS,2.9,2.95,2.88,2.95,43400,
DST,66.919998,67.230003,66.080002,66.18,208000,
DSW,74.32,74.879997,73.730003,73.900002,529400,
DSX,9.66,9.79,9.64,9.75,712300,
DTE,67.309998,67.589996,66.220001,66.349998,614400,
DTLK,11.24,11.33,10.82,11.07,50300,
DTN,63.389999,63.529999,62.59,62.610001,43600,
DTSI,21.08,21.4,19.690001,19.85,102100,
DTV,61.779999,61.84,59.919998,60.16,3315800,
DUG,63.5,65.93,63.279999,65.779999,184800,
DUK,67.629997,67.790001,66.419998,66.589996,3053000,
DUST,88.499998,89.359998,81.999998,86.869998,23500,
DV,30.43,30.74,29.67,29.68,290700,
DVA,130.039993,130.800003,129.610001,130.009995,1586800,
DVAX,1.5,1.51,1.37,1.38,406200,
DVN,55.75,55.75,54.349998,54.540001,2686900,
DVR,0.2,0.2,0.2,0.2,0,
DVY,64.910004,64.910004,63.93,63.98,1471100,
DW,40,40,39.23,39.5,111200,
DWA,22.790001,22.870001,22.530001,22.620001,680500,
DWRE,33.07,33.27,32.580002,32.650002,81300,
DWSN,8.399916,8.419916,8.159918,8.299917,58900,
DWX,46.790001,46.790001,46.060001,46.16,493300,
DX,10.33,10.36,10.02,10.05,516100,
DXCM,22.459999,22.639999,22.24,22.34,404500,
DXD,34.080002,35.189999,34,35.09,1207300,
DXJ,45.150002,45.27,43.790001,44.220001,16018700,
DXLG,5.23,5.66,5.23,5.55,351500,
DXM,17.23,17.629999,17,17.620001,148200,
DXPE,62.98,63,62.419998,62.700001,97600,
DY,22.690001,22.76,22.18,22.190001,65100,
DYAX,3.05,3.16,2.96,3.11,673500,
DYN,22.860001,23.01,22.09,22.18,585000,
DZK,51.830002,51.830002,49.93,50.049999,12300,
E,45.259998,45.259998,44.349998,44.369999,228900,
EA,22.790001,22.91,21.43,21.540001,6643000,
EAT,41.200001,41.279999,40.43,40.52,1373700,
EBAY,52.339999,52.37,50.729997,50.75,24583700,
EBF,16.860001,17.190001,16.65,16.84,26100,
EBIX,19.700001,19.700001,19.58,19.620001,609600,
EBR,2.31,2.33,2.15,2.23,1090500,
EBR.B,4.15,4.15,3.86,3.96,266200,
EBS,15.11,15.19,14.87,14.89,87000,
EC,42.740002,43.02,41.389999,41.599998,761600,
ECA,18.190001,18.209999,17.549999,17.610001,6339700,
ECH,54.349998,54.799999,53.549999,53.720001,229100,
ECHO,17.75,18.120001,17.610001,17.889999,176900,
ECL,84.339996,84.879997,83.849998,84.25,1682800,
ECOL,28.67,29.1,28.379999,28.530001,60800,
ECPG,37.060001,37.610001,37.060001,37.299999,288700,
ECT,10.25,10.39,9.95,10.02,93400,
ECYT,12.34,12.7,12.2,12.61,222700,
ED,57.330002,57.509998,56.59,56.77,1409700,
EDAP,3.79,3.79,3.6,3.61,18200,
EDC,25.24,25.27,23.950001,24.120001,162000,
EDE,22.02,22.02,21.700001,21.73,136200,
EDIV,41.580002,41.580002,40.880001,41.07,158200,
EDMC,7.1,7.1,6.76,7,39100,
EDR,9.939901,9.949901,9.719903,9.779902,300600,
EDU,21.700001,22.34,21.65,21.969999,1087800,
EDZ,58.82,61.990002,58.77,61.389999,631000,
EE,35.75,35.84,34.68,35.16,198300,
EEB,32.16,32.25,31.559999,31.639999,48300,
EEFT,31.08,31.08,30.610001,30.809999,78200,
EEM,39.700001,39.720001,39.02,39.110001,110462700,
EEMV,57.990002,57.990002,57.099998,57.310001,446600,
EEP,29.459999,30.15,29.43,30.01,1291100,
EEQ,29.390102,29.970105,29.390102,29.8801,197400,
EET,67.5,67.5,65.300003,65.57,24000,
EEV,25.6,26.459999,25.530001,26.35,1594200,
EFA,60.299999,60.360001,59.470001,59.549999,14378100,
EFAV,58.419998,58.73,57.830002,57.889999,67200,
EFC,23.01,23.190001,22.43,22.440001,225000,
EFG,64.739998,64.739998,63.880001,63.880001,61400,
EFII,29.129999,29.469999,28.52,28.75,112600,
EFU,56.849998,58.490002,56.849998,58.490002,21600,
EFV,51.209999,51.220001,50.419998,50.529999,207000,
EFX,60.360001,60.369999,59.669998,59.669998,347000,
EFZ,38.799999,39.220001,38.75,39.200001,84100,
EGAN,8,8.03,7.93,8.01,93700,
EGBN,22.690001,22.98,22.129999,22.33,53600,
EGHT,7.92,7.98,7.75,7.76,360900,
EGLE,3.810007,4.100007,3.760007,3.920007,1400,
EGN,53.75,53.869999,52.400002,52.57,469400,
EGO,7.35,7.55,7.33,7.41,4234500,
EGOV,16.209999,16.209999,16,16.01,158500,
EGP,56.75,57.110001,55.200001,55.360001,129000,
EGY,6.1,6.17,5.9,5.92,293200,
EHTH,24.52,25.49,24.18,25.110001,236800,
EIG,24.719999,24.83,24.209999,24.219999,44100,
EIX,47.099998,47.18,46.259998,46.32,2839000,
EJ,4.659996,4.770001,4.470003,4.599996,302900,
EKDKQ,0.1328,0.136,0.132,0.136,1765300,
EL,68.360001,68.589996,67.349998,67.419998,2023600,
ELD,48.93,48.950001,48.540001,48.68,1021300,
ELGX,13,13.12,12.71,12.72,302600,
ELLI,23.690001,23.92,23.42,23.700001,312900,
ELN,13.56,13.8,12.76,13.1,37377600,
ELNK,6.09,6.11,5.99,6,489200,
ELON,2.4,2.73,2.37,2.43,33900,
ELOS,8.99,9.03,8.68,8.79,128700,
ELP,15.7,15.7,14.98,15.17,229000,
ELRC,17.629999,17.629999,17.26,17.34,13400,
ELX,6.55,6.55,6.37,6.42,519900,
ELY,6.62,6.64,6.46,6.53,332500,
EMAN,3.72,3.7682,3.63,3.74,58243,
EMB,110.959999,111.68,110.940002,111.18,1358900,
EMC,24.9,25,24.25,24.33,22950500,
EME,39,39.150002,38.150002,38.34,165300,
EMKR,3.65,3.69,3.57,3.6,166000,
EMLC,24.950001,25.09,24.860001,25.01,750200,
EMN,69.959999,69.980003,68.559998,68.720001,948100,
EMR,56.799999,56.959999,55.830002,55.889999,3036400,
ENB,43.52,43.73,42.919998,42.950001,1091600,
END,3.49,3.55,3.35,3.36,305600,
ENDP,38.459999,38.77,38.099998,38.119999,1281700,
ENG,0.78,0.8,0.72,0.78,115900,
ENH,50,50.740002,49.849998,49.889999,325600,
ENI,16.01,16.07,15.57,15.6,597400,
ENOC,13.16,13.21,12.53,12.58,165300,
ENPH,6.85,6.85,6.14,6.17,299500,
ENR,100.110001,100.419998,99.540001,99.769997,512600,
ENS,50.43,50.669998,49.740002,49.779999,212000,
ENSG,35.819992,36.179992,35.579997,35.720001,108200,
ENTG,10,10.14,9.67,9.74,506200,
ENTR,4.58,4.58,4.39,4.4,723500,
ENVI,1.9,2,1.86,1.95,291500,
ENZ,2.19,2.27,2.19,2.21,61300,
ENZN,1.64,1.78,1.61,1.77,453700,
EOC,45.77,46.220001,44.130001,44.880001,160300,
EOG,131.259995,131.770004,129.479996,129.630005,2709400,
EOPN,14.34,14.68,14.11,14.42,45200,
EOX,6.32,6.32,6.15,6.26,12500,
EPAM,25.870001,25.870001,25.15,25.610001,106900,
EPAX,3.64,3.65,3.62,3.62,5400,
EPAY,27.530001,27.530001,26.43,26.49,110700,
EPB,41.9,42,41.23,41.38,404500,
EPD,59.689999,59.720001,58.919998,59.439999,3781200,
EPI,16.790001,16.83,16.51,16.52,5093600,
EPIQ,12.35,12.42,12.15,12.4,43400,
EPL,30.06,30.34,29.48,29.51,237600,
EPM,10.86,10.86,10.7,10.78,21300,
EPP,44.740002,44.779999,44.16,44.25,1532600,
EPR,52.48,52.48,50.669998,51.18,347100,
EPU,34.939999,35.5,34.650002,35.400002,992900,
EPV,21.790001,22.360001,21.790001,22.33,8800,
EPX,421.39,423.35,413.92,415.11,0,
EQIX,197.119995,198.660004,186.440002,188.729996,1891700,
EQM,46.560001,46.759998,46.060001,46.380001,34300,
EQR,55.419998,55.419998,54.599998,54.75,2008900,
EQT,81.120003,81.120003,78.93,78.980003,1053700,
EQU,3.66,3.7,3.54,3.57,196400,
EQY,23.08,23.08,22.57,22.610001,254800,
ERF,15.02,15.1,14.74,14.81,639800,
ERIC,11.77,11.79,11.57,11.65,1885400,
ERII,4.12,4.19,4.01,4.01,75100,
ERJ,35.889999,35.919998,35.040001,35.040001,981100,
EROC,8.71,8.89,8.6,8.64,315100,
ERX,67.860001,68.160004,64.199997,64.489998,547800,
ERY,29.690001,31.290001,29.5,31.16,479700,
ESC,24.73,24.91,24.33,24.41,255500,
ESE,32.720001,32.720001,31.76,31.799999,41700,
ESEA,1.01,1.02,1,1,6700,
ESI,27.639999,28.52,27.35,27.66,1285700,
ESIO,11.34,11.51,10.97,11.03,65900,
ESL,74.010002,74.010002,72,72.239998,101700,
ESRX,62.639999,62.91,61.84,61.889999,3384600,
ESS,154.160004,154.160004,152.080002,152.699997,126800,
ESV,59.380001,59.48,57.259998,57.52,3473000,
ET,33.64,33.66,33.56,33.57,8641400,
ETE,58.02,59.07,57.759998,57.970001,2319200,
ETFC,11.64,11.73,11.45,11.5,2756600,
ETH,31.25,31.530001,30.639999,30.75,136200,
ETM,9.98,10,9.66,9.83,65500,
ETN,65.43,65.43,63.439999,63.52,2933000,
ETP,49.93,50.220001,49.099998,49.490002,976200,
ETR,69.050003,69.230003,67.300003,67.709999,1107600,
ETRM,1.150001,1.200001,1.150001,1.160001,35100,
EUI,75.290001,75.370003,74.860001,74.970001,0,
EUO,18.48,18.5,18.32,18.4,534200,
EUU,132.820007,133.589996,132.669998,133.389999,0,
EV,40.189999,40.259998,38.880001,38.889999,510800,
EVC,5.2,5.34,5.15,5.3,1317500,
EVEP,35.400002,35.900002,34.66,34.84,508800,
EVER,16.57,16.67,16.16,16.23,522100,
EVR,36.689999,36.700001,36.27,36.330002,642600,
EVTC,20.51,20.75,20.34,20.610001,211000,
EW,68.739998,69.300003,67.470001,68.269997,1772400,
EWA,23.610001,23.639999,23.26,23.27,2831000,
EWBC,26.530001,26.540001,26.17,26.27,1276400,
EWC,27.58,27.58,27.059999,27.09,3195100,
EWD,32.799999,32.82,32.41,32.41,97100,
EWG,26.51,26.530001,26.23,26.23,2165100,
EWH,18.790001,18.85,18.57,18.790001,11836000,
EWI,13.04,13.05,12.79,12.81,617000,
EWJ,11.14,11.15,10.92,10.95,15606600,
EWL,30,30.059999,29.780001,29.82,502300,
EWM,15.96,15.96,15.7,15.74,403600,
EWP,30.629999,30.629999,29.99,30.01,512300,
EWQ,25.08,25.09,24.76,24.799999,441800,
EWS,13.11,13.14,12.96,13.01,1229400,
EWT,13.53,13.55,13.34,13.42,2460400,
EWU,18.83,18.84,18.57,18.6,601500,
EWV,20.82,21.620001,20.799999,21.51,15600,
EWW,65.800003,65.800003,63.43,64.139999,4789000,
EWX,46.150002,46.150002,45.400002,45.540001,34000,
EWY,55.259998,55.369999,54.57,54.669998,1839200,
EWZ,48.279999,48.439999,46.990002,47.290001,21269800,
EXA,9.16,9.32,9.05,9.18,33500,
EXAM,19.84,19.84,19.299999,19.389999,219700,
EXAR,10.75,11.4,10.67,10.98,68800,
EXAS,13.5,13.83,13,13.05,1288700,
EXC,31.32,31.459999,30.379999,30.4,7517400,
EXEL,4.83,4.83,4.61,4.62,1016800,
EXH,28.92,28.93,28.52,28.690001,513900,
EXK,4.03,4.2,4.02,4.07,523200,
EXL,13.47,13.47,13.21,13.28,199600,
EXLP,28.200001,28.83,28.1,28.26,120300,
EXLS,29.870001,30.15,29.700001,29.82,53500,
EXMCQ,0.47,0.47,0.47,0.47,0,
EXP,68.660004,69.839996,68.269997,68.550003,957800,
EXPD,38.150002,38.259998,37.48,37.610001,1072400,
EXPE,56.23,57.27,56.23,56.369999,2479000,
EXPO,58,58,57.130001,57.25,62800,
EXPR,21.639999,22.040001,21.309999,21.360001,1511900,
EXR,41.830002,42.09,40.950001,41.009998,693400,
EXTR,3.54,3.59,3.49,3.51,401300,
EXXI,25.08,25.129999,24.57,24.73,567500,
EZA,56.259998,56.400002,55.240002,55.32,400300,
EZCH,29.120001,29.530001,28.77,29.110001,315600,
EZJ,76.93,76.980003,74.120003,74.449997,38900,
EZPW,19.280001,19.6,18.84,18.9,161800,
EZU,35.09,35.110001,34.66,34.689999,295300,
F,15.63,15.71,15.31,15.37,36207400,
FAF,22.559999,22.65,21.9,22.110001,1250800,
FALC,1.53,1.58,1.5,1.51,108300,
FARO,34.669998,35.110001,33.950001,34.139999,192000,
FAS,66.07,66.279999,62.580002,62.970001,45522400,
FAST,48.84,48.93,47.700001,47.709999,1102000,
FAZ,33.130001,34.939999,33.040001,34.709999,1638900,
FB,24.16,24.26,23.58,23.77,26445800,
FBC,13.31,13.67,13.2,13.26,176400,
FBHS,39.099998,39.240002,38.299999,38.400002,939100,
FBN,4.6,5.12,4.6,4.71,183395,
FBP,6.81,6.87,6.59,6.59,365300,
FBR,11.03,11.05,10.41,10.54,1169900,
FBRC,25.73,26.219999,25.35,25.370001,42500,
FBT,58.080002,58.23,57,57.029999,123000,
FCE.A,18.41,18.52,18.08,18.15,1121100,
FCEL,1.449999,1.449999,1.399999,1.409999,120900,
FCFS,56.860001,56.889999,56.040001,56.509998,157100,
FCG,17,17.04,16.5,16.57,139800,
FCH,5.96,5.96,5.6,5.63,1630100,
FCN,37.169998,37.169998,36.02,36.209999,137000,
FCS,13.41,13.46,12.79,12.8,2189000,
FCX,29.75,30.120001,29.559999,29.59,15059400,
FDEF,23.1,23.41,22.969999,23.25,20300,
FDN,45.669998,45.669998,44.77,44.889999,207500,
FDO,63.790001,63.799999,61.84,62.040001,1298200,
FDP,27.120001,27.389999,26.969999,27.25,108700,
FDS,101.779999,101.779999,99.870003,100.190002,325600,
FDUS,18.24,18.4,18.09,18.219999,47600,
FDX,98.580002,98.900002,97.279999,97.489998,1289900,
FE,38.759998,38.82,37.82,37.869999,2049300,
FEIC,73.529999,73.949997,72.230003,72.290001,161600,
FET,30.370001,30.719999,29.809999,29.969999,378000,
FEZ,35.849998,35.889999,35.310001,35.380001,971900,
FF,14.43,14.44,14.19,14.28,88200,
FFBC,15.13,15.15,14.81,14.86,122900,
FFCH,20.66,20.67,20.19,20.24,30700,
FFG,42.59,42.709999,42.220001,42.41,34000,
FFIC,15.7,15.77,15.46,15.47,63400,
FFIN,56.299999,56.900002,54.619999,55.060001,103600,
FFIV,75.919998,76.07,73.669998,74.099998,1337300,
FFNW,10.15,10.2,9.93,9.96,214100,
FGP,22.040001,22.200001,21.82,22.18,265700,
FHCO,9.88,9.92,9.78,9.83,64000,
FHN,11.39,11.41,11.08,11.11,2424700,
FICO,47.919998,47.990002,46.860001,47.119999,118100,
FIG,7.5,7.5,7.07,7.14,1453800,
FII,28.08,28.09,27.370001,27.440001,385400,
FINL,21.16,21.219999,20.75,20.860001,412800,
FIO,14.56,14.65,13.77,13.98,3364400,
FIRE,53.97,53.97,51.68,52.41,392500,
FIS,44.57,44.66,43.810001,43.849998,1449000,
FISV,87.169998,87.400002,85.93,85.93,950000,
FITB,18.469999,18.49,18.23,18.32,9989300,
FIVE,36.360001,36.900002,35.25,35.400002,789800,
FIW,28.440001,28.440001,27.99,28.049999,16900,
FIX,14.88,14.88,14.25,14.38,121800,
FIZZ,17.83,18.040001,17.59,17.780001,15700,
FL,34.75,35,34.080002,34.16,2261600,
FLDM,16.32,16.51,16,16.16,107800,
FLEX,7.81,7.88,7.62,7.64,4561500,
FLIR,24.26,24.33,23.709999,23.709999,863700,
FLML,6.07,6.4,6.07,6.28,126000,
FLO,33.369999,33.4,32.819999,32.819999,452500,
FLOW,3.62,3.69,3.62,3.64,176900,
FLR,62.200001,62.41,59.939999,60.209999,1646200,
FLS,166.919998,167.220005,163.639996,163.950005,513000,
FLT,88,88.080002,86.449997,87.540001,970100,
FLTX,31.43,31.559999,31.18,31.25,83800,
FLWS,5.7,5.75,5.43,5.47,176800,
FLY,16.67,16.67,16.32,16.440001,62100,
FMBI,12.9,13.03,12.52,12.57,141900,
FMC,63.290001,63.349998,61.860001,62.169998,539800,
FMER,19.040001,19.139999,18.73,18.77,595200,
FMS,35.619999,35.639999,35.169998,35.209999,235700,
FMX,101.699997,102.230003,99.379997,101.150002,434200,
FN,14.52,14.62,14.41,14.41,95000,
FNB,11.46,11.49,11.25,11.27,370100,
FNF,24.450003,24.59,23.910001,23.979994,4533100,
FNFG,9.74,9.74,9.52,9.53,3099700,
FNGN,46.220001,46.700001,45.209999,45.310001,255400,
FNI,21.709999,21.709999,21.41,21.450001,96700,
FNP,21.37,21.45,21.17,21.22,552500,
FNSR,14.18,14.25,13.73,13.75,1078700,
FNV,39.490002,39.73,38.400002,39.400002,459900,
FOE,6.49,6.55,6.39,6.46,776200,
FOLD,3.26,3.33,3.21,3.23,176800,
FOR,21.700001,21.700001,21.049999,21.09,120500,
FORM,6.83,6.95,6.64,6.78,962500,
FORR,36.439999,36.439999,35.580002,35.630001,58800,
FOSL,103.580002,104.220001,100.599998,100.989998,766400,
FPO,13.38,13.38,12.71,12.76,332600,
FR,16.27,16.27,15.77,15.89,500100,
FRAK,25.91,25.91,25.25,25.280001,27900,
FRAN,26.17,26.450001,25.799999,26.030001,856000,
FRC,38.560001,39.009998,38.07,38.240002,600800,
FRED,16.24,16.290001,15.71,15.77,117800,
FRGI,35.509998,35.509998,34.400002,35.360001,144200,
FRM,7.16,7.16,6.85,6.91,43600,
FRME,17.209999,17.34,16.879999,16.940001,53800,
FRO,1.8,1.81,1.77,1.77,88900,
FRP,8.18,8.57,7.94,8,35000,
FRT,105.870003,106.260002,103.269997,103.480003,591200,
FRX,40.3,40.45,39.72,39.72,1583200,
FSA,11.82,11.82,11.75,11.75,1200,
FSC,10.35,10.4,10.13,10.14,1450700,
FSG,1.7,1.7,1.7,1.7,0,
FSL,15.32,15.35,14.42,14.61,1590400,
FSLR,49.560001,51.66,46.630001,46.66,14003400,
FSM,3.55,3.72,3.55,3.62,254400,
FSP,13.66,13.7,13.25,13.31,417800,
FSS,8.78,8.83,8.63,8.66,77700,
FST,4.46,4.48,4.26,4.29,2263067,
FSTR,46.080002,46.080002,44.57,44.610001,19700,
FSYS,16.5,17.24,16.42,16.91,444400,
FTE,0.015,0.015,0.015,0.015,0,
FTEK,3.82,3.82,3.77,3.78,22500,
FTI,55.580002,55.639999,54.439999,54.560001,1283200,
FTK,17.84,17.940001,17.59,17.610001,432800,
FTNT,18.389999,18.549999,18,18.16,1571200,
FTR,4.05,4.15,4.02,4.15,9462200,
FU,3.76,3.8,3.5,3.56,73500,
FUBC,6.63,6.69,6.57,6.66,261200,
FUL,41.77,41.900002,40.959999,41.080002,83300,
FULT,11.31,11.33,11.04,11.06,416200,
FUN,39.889999,40.380001,39.810001,40.23,168300,
FUR,12.16,12.17,11.94,11.95,119300,
FURX,36.57,37,35.98,36.12,77400,
FVE,5.24,5.32,5.1,5.15,393000,
FWLT,23.21,23.25,22.77,22.89,866900,
FWM,22.549999,23.48,22.32,22.700001,340700,
FWRD,38.82,39.259998,38.25,38.459999,60000,
FXA,95.220001,95.410004,94.669998,94.68,160500,
FXB,154.75,154.949997,154.669998,154.789993,7600,
FXC,97.790001,97.790001,97.32,97.349998,71600,
FXCM,14.42,14.47,14.12,14.14,12900,
FXD,27.129999,27.129999,26.620001,26.67,53800,
FXE,131.800003,132.339996,131.740005,132.070007,390300,
FXEN,4.07,4.12,3.98,4.03,367900,
FXF,105.980003,107.029999,105.980003,106.580002,28800,
FXI,34.849998,34.900002,34.380001,34.59,21630200,
FXO,18.799999,18.92,18.549999,18.58,101900,
FXP,22.139999,22.690001,22.02,22.459999,91800,
FXS,153.350006,153.350006,152.380005,153.039993,2600,
FXY,101.459999,102.870003,101.379997,101.970001,1020600,
FXZ,27.18,27.35,26.85,26.889999,78000,
G,19.15,19.16,18.83,18.9,499900,
GA,7.44,7.615,7.37,7.57,1440441,
GAGA,3.68,3.68,3.66,3.68,14900,
GAIA,4.41,4.45,4.3,4.37,15500,
GAIN,7.41,7.41,7.28,7.31,100400,
GALE,2.15,2.17,2.04,2.06,1836000,
GAME,4.03,4.08,3.91,4.01,318600,
GAS,42.279999,42.439999,41.77,41.98,262800,
GASL,23.250001,23.630001,21.600001,21.800001,300,
GASS,10.53,10.64,10.3,10.37,104900,
GASX,11.48,12.3,11.34,12.19,28400,
GAZ,2.6,2.6,2.55,2.59,16200,
GB,33.23,33.23,32.599998,32.73,54200,
GBCI,19.889999,20.360001,19.65,20.26,778900,
GBDC,17.610001,17.74,17.33,17.700001,338900,
GBP,156.570007,156.990005,156.429993,156.800003,0,
GBX,24.610001,24.940001,24.35,24.5,537500,
GCA,6.55,6.55,6.42,6.42,280200,
GCC,26.98,27.040001,26.9,26.969999,100100,
GCI,20.370001,20.450001,19.82,19.85,1915800,
GCO,69.709999,69.989998,68.260002,68.470001,121600,
GCOM,13,13,12.81,12.95,26800,
GD,78.660004,79,77.910004,78.300003,1258500,
GDI,0.19,0.19,0.19,0.19,0,
GDOT,19.120001,19.299999,18.74,19.030001,550800,
GDP,12.34,12.4,11.9,11.94,539300,
GDRZF,3.02,3.02,2.95,2.95,9100,
GDX,28.17,28.85,28.07,28.35,17782700,
GDXJ,11.5,11.71,11.3,11.33,955500,
GE,23.700001,23.73,23.42,23.5,33842000,
GEF,53.400002,53.450001,52.650002,53.040001,158900,
GEL,51.580002,51.900002,50.98,51.07,189800,
GENE,2.77,2.78,2.6,2.63,16100,
GEO,34.669998,34.790001,33.98,34.099998,682700,
GEOS,74.760002,75.389999,72.510002,72.739998,212500,
GERN,1.16,1.16,1.13,1.14,467900,
GES,30.93,30.93,30.4,30.4,324600,
GEVA,41.02,41.02,40.02,40.799999,134300,
GEVO,1.689998,1.779998,1.649998,1.659998,1000,
GEX,15.229847,15.379846,15.04985,15.04985,17200,
GFA,3.12,3.14,2.93,3.02,2406000,
GFF,11.23,11.23,10.89,10.96,103800,
GFI,5.92,6.07,5.89,5.94,3621700,
GFIG,4.22,4.22,4.08,4.11,93700,
GG,27.75,28.549999,27.559999,28.030001,6362300,
GGB,5.79,5.79,5.59,5.65,5832600,
GGG,63.98,64,62.52,62.700001,94700,
GGP,20.540001,20.57,20.040001,20.15,2373500,
GGS,0.01,0.01,0.01,0.01,0,
GHDX,36.049999,36.049999,35.259998,35.290001,159700,
GHL,46.400002,46.400002,45.279999,45.450001,113700,
GHM,27.190001,27.4,27.02,27.02,14700,
GIFI,20.59,20.610001,20.129999,20.280001,18800,
GIGM,1.03,1.04,1,1.02,3200,
GIII,49.049999,49.060001,48,48.490002,312600,
GIL,40.689999,40.720001,39.220001,39.369999,509400,
GILD,52.830002,53.060001,51.139999,51.169998,9707600,
GILT,5.61,5.61,5.54,5.6,33100,
GIS,49.32,49.32,48.439999,48.459999,3372200,
GIVN,14,14.144,13.87,13.95,135000,
GK,48.619999,48.619999,47.639999,47.720001,33400,
GLAD,8.29,8.36,8.25,8.33,65200,
GLD,132.949997,134.830002,132.830002,134.25,6550600,
GLDD,8.5,8.52,8.25,8.27,172900,
GLF,46.68,46.709999,45.580002,45.619999,47100,
GLL,87.199997,87.330002,84.839996,85.529999,187300,
GLNG,33.25,33.459999,32.189999,32.419998,761600,
GLOG,13,13.13,12.64,12.74,135500,
GLP,36.950001,37.43,36.889999,37.209999,53300,
GLPW,15.84,15.92,15.69,15.8,19200,
GLRE,25.07,25.110001,24.940001,25.01,67300,
GLT,26.24,26.41,25.84,25.889999,147800,
GLUU,2.45,2.48,2.4,2.4,865500,
GLW,15.09,15.13,14.75,14.78,9574900,
GM,34.279999,34.459999,33.240002,33.450001,13642000,
GMAN,13.58,13.61,13.28,13.49,20600,
GMCR,76.760002,77.379997,75.900002,76.730003,2053400,
GME,38.02,38.209999,36.459999,36.59,3717200,
GMED,15.45,15.69,15.25,15.26,175900,
GMLP,33.450001,33.450001,32.5,32.66,50000,
GMO,1.96,2.16,1.95,2.04,235600,
GMT,49.240002,49.740002,48.150002,48.279999,197400,
GNC,46.080002,46.080002,45.18,45.619999,1129400,
GNCMA,8.67,8.67,8.4,8.49,73900,
GNE,9.2,9.2,8.79,8.94,30000,
GNK,1.38,1.48,1.36,1.39,484500,
GNMK,13.31,13.33,11.5,12.24,2024200,
GNRC,36.18,36.32,35.419998,35.560001,720300,
GNTX,23.02,23.030001,22.5,22.620001,897200,
GNW,11,11.03,10.68,10.7,5597100,
GOL,3.83,4.07,3.83,3.98,364700,
GOLD,75.440002,76.040001,74.949997,75.389999,560500,
GOOGL,885.46004,886.000026,869.649999,871.980003,4405100,
GORO,9.36,9.6,9.32,9.44,160000,
GOV,24.129999,24.280001,23.76,23.85,424900,
GPC,79.139999,79.139999,77.260002,77.440002,569000,
GPI,65.239998,65.309998,63.130001,63.32,106200,
GPK,7.67,7.69,7.55,7.56,1507000,
GPL,0.85,0.88,0.85,0.85,179900,
GPN,47.93,48,47.610001,47.700001,1220200,
GPOR,49.799999,50.299999,48.599998,48.630001,1094600,
GPRE,14.01,14.07,13.49,13.69,527800,
GPS,41.330002,41.560001,40.360001,40.630001,2553200,
GPT,9.34999,9.44999,9.30999,9.36999,208100,
GPX,24.200001,24.200001,23.75,23.92,53400,
GRA,83.800003,83.800003,82.18,82.199997,264400,
GRC,29.130001,29.130001,28.59,28.62,14600,
GREK,16.34,16.34,15.72,15.87,101100,
GRFS,27.200001,27.549999,26.379999,26.41,2018600,
GRMN,34.59,34.59,33.959999,34.09,1206400,
GROW,2.6,2.6,2.56,2.57,6000,
GRPN,7.24,7.26,6.89,6.95,9247600,
GRT,24.96,25.39,24.5,24.74,8415200,
GRU,6.87,6.87,6.81,6.83,8500,
GS,164.979996,164.979996,161.070007,161.860001,3243300,
GSG,31.43,31.459999,31.290001,31.370001,339200,
GSH,22.24,22.24,21.92,21.940001,16000,
GSI,0.97,1,0.97,1,6600,
GSK,52.939999,52.970001,52.240002,52.41,3418200,
GSM,11.94,12.14,11.7,11.81,274600,
GSS,0.62,0.62,0.56,0.58,3064800,
GST,2.58,2.61,2.45,2.5,321800,
GSVC,8.18,8.31,8.04,8.16,146300,
GT,15.34,15.35,14.79,14.93,8783700,
GTAT,4.14,4.21,3.92,3.94,2447300,
GTE,6.22,6.33,6.12,6.27,727200,
GTI,8.21,8.34,7.98,8.16,1186100,
GTIV,10.85,11.69,10.78,11.54,368700,
GTLS,97.339996,97.720001,94.580002,94.900002,169600,
GTN,5.63,5.67,5.35,5.44,393300,
GTXI,6.93,7.03,6.81,6.87,440500,
GTY,20.9,20.9,20.299999,20.4,50100,
GUID,8.9,8.94,8.69,8.79,35900,
GUR,38.529999,38.529999,38.189999,38.400002,5500,
GURE,1.22,1.22,1.18,1.21,31100,
GV,2.48,2.5,2.38,2.39,133600,
GVA,29.860001,29.860001,29.389999,29.51,116500,
GVZ,22.86,22.89,21.53,22.04,0,
GWAY,12,12,11.23,11.58,236100,
GWL,26.43,26.43,26.08,26.1,39600,
GWR,90,90.690002,88.93,89.290001,621500,
GWRE,40.040001,40.209999,38.810001,40.099998,753900,
GWW,256.209991,256.559998,252.059998,252.059998,245100,
GXC,67.75,67.790001,66.839996,67.25,266400,
GXG,18.879999,18.940001,18.629999,18.68,135200,
GXP,22.73,22.799999,22.25,22.32,643000,
GY,15.29,15.49,14.92,15.29,809700,
GZT,13.19,13.19,13.07,13.1,30600,
H,41.130001,41.310001,40.330002,40.59,194000,
HA,6.02,6.12,5.99,6.09,872400,
HAE,40.959999,41.16,40.709999,41.009998,197800,
HAFC,15.56,15.56,15.21,15.35,444400,
HAIN,66.510002,66.879997,65.709999,66.239998,517200,
HAL,42.369999,42.59,41.599998,41.610001,6973000,
HALO,6.7,6.73,6.35,6.4,875300,
HAO,23.290001,23.35,23.030001,23.120001,234100,
HAR,51.57,51.610001,50.23,50.34,723500,
HAS,44.900002,44.990002,43.799999,43.810001,961000,
HASI,11.25,11.25,10.99,11.12,93600,
HAWK,26.610001,27.200001,25.799999,26.58,67000,
HAYN,48.040001,48.259998,46.779999,47.240002,11200,
HBAN,7.73,7.77,7.59,7.59,12027900,
HBC,54.78,54.86,53.88,53.96,1519865,
HBHC,28.6,28.780001,28.120001,28.15,432200,
HBI,50.290001,50.830002,50.139999,50.380001,2604800,
HBIO,5.050003,5.100006,4.959994,4.980003,29400,
HBM,7.68,7.69,7.55,7.69,101100,
HCA,40.240002,40.290001,39.130001,39.529999,3204400,
HCBK,8.38,8.41,8.27,8.27,8600600,
HCC,42.869999,42.919998,42.299999,42.380001,174900,
HCI,34.689999,34.849998,33.25,33.389999,131500,
HCLP,23.110001,23.110001,21.52,22.040001,300600,
HCN,67.199997,67.300003,65.309998,65.5,1886100,
HCP,46.270002,46.450004,45.279999,45.360005,2704500,
HCSG,22.75,22.860001,22.35,22.440001,111900,
HD,78.040001,78.300003,76.360001,76.400002,7360200,
HDB,37.09,37.32,36.849998,36.900002,707000,
HDGE,16.27,16.41,16.18,16.389999,183400,
HDV,68.120003,68.260002,67.370003,67.370003,207100,
HDY,0.46,0.47,0.45,0.47,44000,
HE,24.940001,24.959999,24.25,24.35,694300,
HEDJ,50.419998,50.669998,49.77,49.830002,270400,
HEES,21.610001,21.700001,20.82,21.030001,130100,
HEI,52.020001,52.020001,50.85,51.020002,190100,
HELE,40.459999,40.529999,39.610001,39.700001,108700,
HEP,37.310001,37.52,36.939999,37.169998,99800,
HERO,6.9,6.93,6.69,6.73,1448700,
HES,68.120003,68.220001,66.459999,66.82,2370200,
HF,17.919995,17.919995,17.180002,17.190006,64600,
HFC,45.549999,46.099998,45.139999,45.27,3044000,
HGG,16.799999,17,16.620001,16.68,180800,
HGT,8.6,8.66,8.12,8.26,209100,
HGX,185.14,186.05,182.32,183.06,0,
HHC,105.970001,105.970001,100.290001,100.309998,414300,
HHS,8.91,8.91,8.6,8.76,63400,
HI,23.9,23.950001,23.530001,23.629999,64400,
HIBB,58.209999,58.299999,56.040001,56.130001,329300,
HIG,30.030001,30.200001,29.35,29.43,4274700,
HII,56.48,56.790001,55.07,55.27,101000,
HIMX,6.58,6.65,6.17,6.21,2684500,
HITK,33.55,33.66,32.69,32.81,96200,
HITT,52.96,53.27,52.48,53.13,144100,
HIW,35.25,35.34,34.82,34.959999,976100,
HK,5.23,5.3,5.09,5.13,18700,
HKTV,6.41,6.41,6.1,6.11,14300,
HL,3.5,3.64,3.48,3.5,8148200,
HLF,44.560001,46.75,44.549999,45.27,2518500,
HLIT,6.24,6.24,6.14,6.17,583900,
HLS,30.48,30.51,29.360001,29.469999,532400,
HLSS,24.190001,24.309999,23.559999,23.610001,264100,
HLX,23.950001,23.950001,23.02,23.1,276900,
HMA,15.3,15.71,15.01,15.51,14077000,
HMC,37.060001,37.060001,36.299999,36.419998,354100,
HME,60.189999,60.189999,59.619999,59.810001,421800,
HMIN,30,30,29.290001,29.709999,121200,
HMN,24.98,25.08,24.49,24.51,139600,
HMST,21.620001,21.629999,20.75,20.940001,80900,
HMSY,23.030001,23.030001,22.48,22.530001,732600,
HMY,3.92,4,3.89,3.91,1317800,
HNI,36.060001,36.349998,35.32,35.41,99200,
HNP,37.509998,37.75,37.07,37.169998,73900,
HNR,3.15,3.21,3.08,3.08,351600,
HNSN,1.68,1.69,1.57,1.57,28800,
HNT,31.24,31.4,30.52,30.6,490000,
HOFT,15.89,15.93,15.2,15.27,15600,
HOG,53.599998,53.700001,52.310001,52.450001,1102700,
HOGS,13.34,13.38,13.32,13.35,306200,
HOLI,11.9,11.93,11.61,11.86,54000,
HOLX,21.969999,22.23,21.959999,22.01,3050200,
HOMB,42.43,42.43,41.009998,41.18,231600,
HON,78.760002,78.940002,77.260002,77.32,2107400,
HOS,52.470001,52.5,51.02,51.700001,227800,
HOT,67.379997,67.889999,65.68,66.07,1824300,
HOTT,14,14.01,13.99,14,325400,
HOV,5.92,6.05,5.85,5.91,7224400,
HP,62.810001,63.110001,60.950001,60.970001,989300,
HPP,21.209999,21.41,20.84,20.870001,93600,
HPQ,24.689999,25.489999,24.689999,24.909998,48864500,
HPT,27.040001,27.07,26.370001,26.41,864300,
HPY,33.049999,33.060001,32.48,32.91,455700,
HR,25.709999,25.709999,25.030001,25.1,427200,
HRB,29.52,29.52,28.780001,28.83,2735700,
HRC,35.82,35.82,34.970001,34.98,96800,
HRG,8.46,8.53,8.19,8.19,201900,
HRL,39.880001,39.880001,39.439999,39.5,1173600,
HRS,50.07,50.18,48.990002,49.049999,408800,
HRZN,14.06,14.06,13.8,13.81,29700,
HSC,23.1,23.1,22.370001,22.48,235200,
HSH,33.85,34.07,33.46,33.53,689300,
HSIC,97.019997,97.150002,95.260002,95.650002,246000,
HSII,17.389999,17.5,16.98,17.27,32000,
HSNI,56.950001,57.169998,55.48,55.540001,105500,
HSOL,1.63,1.68,1.61,1.62,482400,
HSP,36.23,36.349998,34.610001,35.25,1789100,
HST,17.030001,17.030001,16.41,16.42,7520000,
HSTM,27.01,27.469999,26.34,26.549999,39800,
HSY,88.400002,88.440002,87.669998,87.669998,774300,
HT,5.61,5.64,5.44,5.48,312100,
HTA,11.41,11.52,11.3,11.4,1232300,
HTCH,6.37,6.69,6.25,6.37,583200,
HTGC,13.45,13.45,13.07,13.11,532500,
HTH,16.309999,16.32,16,16.030001,163300,
HTHT,15.36,15.6,15.2,15.27,16600,
HTLD,14,14.06,13.81,13.89,229800,
HTS,25.35,25.41,25.17,25.219999,770500,
HTSI,46.73,46.78,45.34,45.39,163900,
HTWR,91.669998,92.449997,89.980003,90.029999,128000,
HTZ,25.82,26.01,24.540001,24.73,9946500,
HUB.B,96.65,96.65,95.99,96.06,149100,
HUBG,35.869999,36.07,35.23,35.400002,99700,
HUM,81.779999,82,80.760002,80.910004,569500,
HUN,18.389999,18.42,17.719999,17.780001,1732500,
HURN,43.950001,43.950001,43.279999,43.48,47000,
HUSA,0.31,0.31,0.28,0.31,79400,
HVT,25.040001,25.040001,24.26,24.57,56200,
HW,9.9,10.09,9.84,10,626200,
HWAY,14.72,14.72,14.29,14.29,50300,
HWCC,14.03,14.16,14.03,14.1,55200,
HXL,35.400002,35.400002,34.450001,34.509998,394300,
HXM,4.07,4.24,3.99,4.18,667800,
HY,68.489998,69.669998,66.519997,67.279999,31900,
HYD,31.6,31.65,31.27,31.35,861100,
HYG,91.93,92.120003,91.629997,91.650002,9193300,
HYLD,50.650002,51,50.470001,50.48,52800,
HYS,102.870003,103.370003,102.779999,102.849998,280700,
HZNP,2.3,2.3,2.26,2.28,165000,
HZO,12.38,12.45,11.93,11.94,123100,
I,22.219999,22.459999,20.93,21,266300,
IACI,49.959999,50.529999,48.990002,49.07,742300,
IAG,5.17,5.35,5.15,5.28,5099400,
IAI,30.73,30.73,30.1,30.16,113500,
IART,36.360001,36.43,35.73,35.849998,253300,
IAT,28.6,28.690001,28.16,28.209999,83000,
IAU,13.36,13.55,13.35,13.49,4596500,
IBB,179.550003,180.029999,174.330002,174.429993,830500,
IBCP,6.03,6.1,5.9,6.02,18400,
IBKC,52,52,51.540001,51.790001,162500,
IBKR,16.129999,16.16,15.56,15.77,482100,
IBM,204.589996,205.229996,200.509995,201.199997,3409800,
IBN,41.18,41.490002,40.46,40.539999,5730500,
IBOC,21.42,21.42,20.860001,20.92,98900,
ICA,7.26,7.28,6.8,6.83,624600,
ICAD,6.17,6.26,5.77,5.81,24600,
ICE,171.259995,173.029995,171.000004,172.059994,2743000,
ICF,81.029999,81.089996,79.379997,79.580002,544000,
ICGE,11.27,11.27,11.04,11.12,69400,
ICLR,34.580002,35.209999,34.580002,34.959999,600600,
ICN,20.450001,20.719999,20.450001,20.459999,189700,
ICON,30,30.200001,29.59,29.77,421900,
ICUI,73.949997,74.879997,73.25,73.690002,159200,
IDA,48.490002,48.689999,47.529999,47.630001,299800,
IDCC,46.529999,46.529999,45.400002,45.580002,165700,
IDIX,5.28,5.45,5.11,5.12,629900,
IDSY,5,5.05,5,5,5900,
IDT,20.350001,21.030001,20.080006,20.380002,182100,
IDTI,8.26,8.28,8.04,8.08,708200,
IDU,94.779999,95.269997,93.550003,93.68,130800,
IDV,33.52,33.59,33.119999,33.150002,265500,
IDXX,85.629997,86.089996,84.779999,85.93,1013800,
IEF,104.489998,104.949997,104.410004,104.410004,528700,
IEI,121.870003,122.059998,121.769997,121.790001,59200,
IEMG,47.540001,47.540001,46.709999,46.849998,313100,
IEO,74.480003,74.510002,73.209999,73.360001,33000,
IEP,73.959999,74.68,71.480003,71.739998,1466500,
IEV,41.880001,41.880001,41.32,41.369999,193600,
IEX,54.599998,54.599998,53.299999,53.32,325900,
IEZ,57.599998,57.599998,56.459999,56.59,94100,
IFF,79.550003,79.660004,78.080002,78.220001,258700,
IFGL,31.82,31.870001,31.24,31.309999,34235700,
IFN,19.68,19.73,19.35,19.35,202800,
IFT,6.95,6.99,6.8,6.92,31400,
IGE,39.82,39.880001,39.209999,39.279999,153500,
IGT,17.73,17.73,17.27,17.27,2135700,
IGTE,14.99,15.04,14.65,14.86,145500,
IGV,68.720001,68.720001,67.650002,67.790001,31600,
IHF,84.269997,84.440002,83.410004,83.410004,14400,
IHS,112.089996,113.190002,111.32,111.379997,416900,
IIIN,18.120001,18.35,18.07,18.27,76000,
IIJI,19.540001,19.68,19.4,19.49,22500,
IILG,20.92,20.92,20.49,20.530001,87300,
IIVI,16.879999,16.940001,16.67,16.75,236500,
IJH,117.529999,117.68,115.449997,115.68,799100,
IJJ,102.629997,102.730003,100.82,101,77900,
IJK,131.279999,131.399994,128.929993,129.229996,101800,
IJR,91.279999,91.419998,89.769997,89.940002,1154600,
IJS,94.629997,94.660004,93.07,93.199997,99400,
IJT,97.980003,97.989998,96.43,96.599998,72300,
IL,6.29,6.32,6.2,6.28,165800,
ILF,38.610001,38.830002,37.779999,37.950001,766800,
ILMN,69.040001,69.080002,66.860001,67.470001,842100,
IM,19.1,19.200001,18.77,18.790001,849800,
IMAX,26.969999,27.049999,26.15,26.280001,346700,
IMGN,16.52,16.73,16.01,16.08,428200,
IMH,11.23,11.27,10.87,11.06,20000,
IMKTA,23.33,23.4,22.67,22.709999,27300,
IMMR,15,15.2,14.15,14.27,258800,
IMMU,4.49,4.52,4.19,4.26,762600,
IMN,4.37,4.39,4.3,4.36,54100,
IMO,38.810001,38.849998,38.029999,38.09,536300,
IMOS,18.559999,18.6,18.07,18.52,348200,
IMPV,39.080002,39.290001,38.310001,38.540001,81400,
IMUC,2.31,2.38,2.21,2.24,23400,
IN,9.93,9.93,9.87,9.88,459152,
INAP,8.13,8.13,7.82,7.88,49300,
INCY,20.610001,20.709999,19.9,20.549999,1969400,
INDB,32.779999,32.98,32.279999,32.369999,25100,
INDL,14.53,14.69,14,14.03,17700,
INFA,35.900002,35.970001,34.720001,35.060001,823100,
INFI,17.450001,17.610001,16.84,17.01,700900,
INFN,11.55,11.6,11.32,11.39,1270200,
INFY,42.279999,42.279999,41.5,41.779999,6370800,
ING,9.11,9.13,8.94,8.98,2093800,
INGR,68.739998,68.739998,67.860001,67.980003,252800,
ININ,52.25,52.25,50.880001,51.029999,72600,
INN,9.39,9.46,9.3,9.38,203100,
INP,54.279999,54.279999,53.450001,53.48,134000,
INSM,12.77,13.15,12.14,12.3,491700,
INT,40.119999,40.209999,39.23,39.43,258800,
INTC,24.959999,25,24.41,24.459999,24535200,
INTL,18,18,17.790001,17.950001,39700,
INTU,58.209999,58.209999,57.5,57.779999,1327800,
INTX,9.03,9.03,8.65,8.7,86500,
INVE,0.79,0.81,0.78,0.78,8900,
INVN,13.27,13.38,12.8,13.17,1476100,
INWK,10.36,10.64,10.25,10.6,382200,
INXN,26.77,27.450001,26.559999,26.870001,1146700,
IO,6.040003,6.110003,5.960003,6.000003,67500,
IOC,78.400002,78.989998,76.900002,77,286800,
IOO,71.120003,71.120003,70.07,70.129997,104000,
IOSP,41.880001,42.16,41.470001,41.759998,90700,
IP,45.790003,45.9,44.020005,44.03,3191300,
IPAR,32.880001,33.189999,31.950001,32.09,111900,
IPCM,49.869999,50.369999,49.450001,50.130001,70900,
IPG,14.46,14.51,14.23,14.29,4273900,
IPGP,63.91,64.25,61.41,61.990002,473100,
IPHI,10.72,10.91,10.47,10.63,175300,
IPHS,49.18,49.509998,48.669998,49.09,35600,
IPI,18.809999,18.969999,18.379999,18.540001,943500,
IPXL,18.799999,19,18.74,18.84,552900,
IQNT,4.62,4.96,4.61,4.84,1154600,
IR,57.159995,57.220006,55.789995,55.899995,2310400,
IRBT,34.93,34.990002,33.900002,34.200001,349700,
IRC,10.01,10.01,9.76,9.84,1044900,
IRDM,7.27,7.39,7.19,7.2,276600,
IRE,9.15,9.16,8.71,8.76,692900,
IRET,8.55,8.6,8.33,8.33,628600,
IRF,21.66,21.66,20.78,20.92,221500,
IRM,29.339999,29.349998,28.839997,28.879999,2828000,
IRWD,12.82,13,12.16,12.28,1052300,
ISBC,20.310001,20.310001,19.79,19.86,208500,
ISCA,34.610001,34.610001,33.990002,34.099998,117700,
ISIL,7.86,7.93,7.62,7.62,1071400,
ISIS,23.74,24.040001,22.870001,22.889999,920600,
ISLE,7.46,7.48,7.26,7.3,63500,
ISRG,501.179993,503.529999,494.070007,495.440002,148500,
ISS,5.35,5.42,5.35,5.39,489493,
ISSC,7.07,7.08,6.84,6.96,42300,
ISSI,11.07,11.07,10.85,10.91,200100,
IT,57.259998,57.259998,56.419998,56.619999,221700,
ITB,23.280001,23.32,22.799999,22.9,5772100,
ITC,89.120001,89.589998,86.349998,86.399998,842400,
ITG,14.15,14.23,13.81,13.99,511500,
ITMN,9.83,9.9,9.54,9.6,594800,
ITOT,74.910004,74.970001,73.730003,73.800003,164000,
ITRI,42.169998,42.439999,42.009998,42.25,234400,
ITT,29.889999,29.889999,29.23,29.290001,353300,
ITUB,14.250005,14.260005,13.789996,13.960002,20422500,
ITW,70.650002,70.739998,69.279999,69.400002,2023400,
IVAC,4.76,4.9,4.68,4.74,138200,
IVAN,1.09,1.11,1.04,1.05,74600,
IVC,15.96,16.030001,15.66,15.79,120200,
IVE,77.550003,77.639999,76.330002,76.440002,347900,
IVR,18.299999,18.360001,17.860001,18,2261800,
IVV,165.070007,165.210007,162.410004,162.600006,4588100,
IVW,86.269997,86.32,84.800003,84.870003,267900,
IVZ,33.959999,33.990002,33.07,33.16,2271800,
IWB,91.129997,91.230003,89.699997,89.800003,529900,
IWC,62.25,62.27,61.220001,61.330002,56200,
IWD,85.010002,85.010002,83.559998,83.68,1491300,
IWF,74.5,74.5,73.220001,73.290001,2801800,
IWM,98.330002,98.480003,96.629997,96.760002,58446900,
IWN,86.650002,86.699997,85,85.120003,539900,
IWO,113.309998,113.510002,111.43,111.559998,598500,
IWP,72.690002,72.690002,71.389999,71.440002,165200,
IWR,131.529999,131.529999,129.100006,129.300003,158200,
IWS,58.639999,58.669998,57.57,57.610001,368500,
IWV,97.57,97.660004,95.980003,96.089996,290400,
IXC,40.07,40.169998,39.450001,39.48,107000,
IXYS,11.66,11.66,11.31,11.33,25600,
IYE,45.830002,45.950001,45,45.099998,279000,
IYF,72.449997,72.449997,71.110001,71.199997,315900,
IYG,72.610001,72.669998,71.25,71.400002,44400,
IYH,102.389999,102.610001,100.760002,100.760002,57300,
IYJ,84.730003,84.809998,83.300003,83.419998,120100,
IYM,70.870003,71,69.879997,69.940002,75700,
IYR,67.410004,67.43,65.769997,65.93,16537000,
IYT,113.019997,113.230003,111.129997,111.300003,192700,
IYW,76.400002,76.550003,75.260002,75.360001,499100,
IYZ,26.08,26.16,25.83,25.889999,283300,
JACK,38.240002,38.369999,37.540001,37.540001,272500,
JAGGF,0.41,0.41,0.41,0.41,0,
JAH,45.400005,45.499995,44.290006,44.320006,2042600,
JAKK,10.1,10.19,9.9,9.95,50800,
JASO,7.13,7.26,6.69,6.72,1850200,
JAZZ,68.660004,69.400002,67.040001,67.089996,717700,
JBHT,72.739998,73.25,70.800003,71.010002,503100,
JBL,19.469999,19.57,18.9,18.940001,1537400,
JBLU,6.37,6.49,6.34,6.37,2523400,
JBT,21.559999,21.99,21.5,21.540001,127600,
JCI,33.900002,33.91,33.130001,33.310001,4251000,
JCOM,41.939999,41.939999,41.330002,41.48,150100,
JCP,18,18.18,17.66,17.799999,7760400,
JDSU,14.62,14.68,13.93,14.04,4895100,
JE,6.52,6.52,6.23,6.27,1173300,
JEC,56.5,56.740002,55.02,55.040001,1251500,
JIVE,17.34,17.43,16.68,16.950001,548500,
JJC,40.040001,40.040001,39.68,39.869999,14500,
JJG,51.709999,51.889999,50.880001,51.34,24400,
JKHY,47.369999,47.48,46.790001,46.869999,261300,
JKS,9,9.16,8.38,8.51,414400,
JLL,89.839996,89.839996,87.080002,87.230003,197500,
JMBA,17.43,17.5,16.719999,16.780001,162200,
JNJ,85.18,85.5,83.699997,83.739998,8413200,
JNK,40.099998,40.189999,39.860001,39.889999,12224600,
JNPR,18.43,18.700001,18.290001,18.389999,4429400,
JNS,8.66,8.69,8.29,8.33,3032700,
JNY,14.32,14.46,14.05,14.19,710000,
JO,26.99,27.059999,25.75,25.969999,163000,
JOBS,64.019997,64.019997,60.330002,60.830002,193200,
JOE,20.370001,20.48,19.950001,20.129999,1005000,
JOSB,41,41.13,40.1,40.34,377700,
JOY,52.759998,52.98,51.75,51.970001,1212600,
JPM,53.900002,54.099998,52.970001,53.18,18479100,
JRCC,2.41,2.5,2.36,2.41,757600,
JRN,6.43,6.47,6.28,6.44,120000,
JST,4.89,4.99,4.89,4.95,16100,
JW.A,40.650002,42.009998,39.880001,40.220001,290400,
JWN,59.200001,59.34,58.150002,58.240002,710800,
JXI,43.689999,43.689999,43.009998,43.110001,19100,
K,63.259998,63.299999,62.779999,62.84,1333900,
KAI,32.200001,32.200001,31.639999,31.799999,69100,
KALU,63.619999,63.98,62.919998,63.189999,78300,
KAMN,33.889999,33.889999,33.049999,33.139999,38900,
KAR,22.889999,22.889999,22.32,22.34,410800,
KB,32.200001,32.200001,31.58,31.629999,74100,
KBALB,10.61,10.8,10.33,10.46,62500,
KBE,28.299999,28.35,27.77,27.82,1749900,
KBH,20.67,20.84,20.01,20.15,3138400,
KBR,33.810001,33.91,33.16,33.330002,155600,
KBWB,31.59,31.59,30.98,31.059999,306300,
KCAP,10.2,10.35,9.93,10.04,321000,
KCE,41.34,41.34,40.360001,40.419998,64600,
KCG,3.68,3.69,3.66,3.68,700200,
KDN,26.83,26.83,26.3,26.33,48200,
KEG,6.13,6.17,5.96,6,7600,
KELYA,17.57,17.73,17.25,17.25,93200,
KEM,4.34,4.36,4.21,4.23,147800,
KEP,11.69,11.69,11.46,11.46,319900,
KERX,7.46,7.48,6.98,6.98,2848700,
KEX,78.559998,79.150002,78.010002,78.470001,347200,
KEY,10.81,10.84,10.48,10.48,11838600,
KEYN,12.57,12.7,12.42,12.63,32800,
KEYW,14.6,14.6,14.15,14.23,146700,
KFN,10.7,10.74,10.6,10.65,678500,
KFRC,14.85,14.86,14.56,14.58,96400,
KFY,17.6,17.6,17.25,17.35,185300,
KGC,5.81,6.05,5.77,5.88,10293300,
KIE,53.939999,54.200001,53.419998,53.470001,94600,
KIM,21.940001,21.959999,21.610001,21.690001,4194900,
KIOR,4.05,4.1,3.925,3.95,148700,
KIRK,17.219999,17.290001,16.99,17.02,109400,
KKD,17.73,17.870001,17.25,17.299999,653400,
KKR,19.360001,19.540001,19.219999,19.35,1788000,
KLAC,56.099998,56.099998,55.09,55.18,2047400,
KLIC,11.81,11.84,11.48,11.5,491800,
KMB,98.769994,98.949992,96.790004,96.809993,2378900,
KMI,38.490002,38.59,37.43,37.630001,3821900,
KMP,83.07,83.24,81.69,82.11,924500,
KMR,81.39,81.64,79.74,80.07,515700,
KMT,41.040001,41.09,39.66,39.849998,474000,
KMX,46.959999,47.099998,45.849998,45.880001,782900,
KND,13.61,13.66,13.36,13.45,347000,
KNDI,7.52,7.58,6.25,6.62,4347800,
KNL,14.54,14.7,14.38,14.38,51400,
KNOP,22.620001,22.74,22.51,22.6,20100,
KNX,16.969999,16.99,16.629999,16.709999,272300,
KO,40.790001,40.939999,40.279999,40.389999,11611100,
KOF,145,145.830002,141.509995,142,112800,
KOG,8.86,8.94,8.75,8.8,5331600,
KOL,19.469999,19.530001,19.02,19.09,79100,
KOLD,80.610003,80.639997,78.690004,79.129995,136200,
KONG,6.55,6.55,6.43,6.47,48300,
KOP,41.849998,42.259998,41.169998,41.360001,74000,
KOPN,3.59,3.63,3.51,3.54,69000,
KORS,61.48,61.73,59.77,60.529999,3514800,
KOS,10.42,10.43,10.25,10.43,428600,
KR,34.669998,34.799999,34.220001,34.299999,6369800,
KRA,19.879999,20.059999,19.389999,19.459999,98200,
KRC,52.150002,52.150002,51.27,51.48,643400,
KRE,32.77,32.959999,32.240002,32.32,1447100,
KRFT,54.5,54.599998,53.439999,53.450001,2318200,
KRG,6.02,6.03,5.9,5.92,104000,
KRO,15.59,16.16,15.56,15.63,188000,
KS,37.080002,37.099998,35.400002,36.07,2167200,
KSS,51.580002,51.900002,51.060001,51.200001,1502700,
KSU,110.629997,110.970001,107.18,107.529999,620600,
KT,16.940001,16.940001,16.68,16.700001,186100,
KTCC,11.1,11.25,10.92,10.99,37000,
KTOS,6.57,6.66,6.48,6.59,598700,
KUB,80.09,80.1,78.11,78.73,110000,
KVHI,12.77,12.85,12.35,12.76,38800,
KW,17.01,17.049999,16.799999,16.860001,379300,
KWK,2.18,2.25,2.08,2.12,1590100,
KWR,64.919998,64.919998,63.990002,64.150002,24100,
L,45.040001,45.209999,44.34,44.43,932200,
LABL,30,30.27,29.65,30,41900,
LAD,56.889999,56.889999,53.529999,53.549999,332300,
LAMR,42.990002,43.02,42.470001,42.509998,1136000,
LANC,81.150002,81.510002,79.989998,80.480003,47100,
LAYN,20.110001,20.219999,19.92,20.139999,143400,
LAZ,32.759998,32.849998,32.07,32.110001,466500,
LBAI,9.970002,9.970002,9.680002,9.810003,52200,
LBJ,24.34,24.34,23,23.32,1400,
LBTYA,73.56001,74.51,72.100009,72.590006,7008400,
LBTYK,68.290001,69.769997,67.580002,68.25,8235600,
LBY,23.02,23.17,22.780001,22.83,330600,
LCAV,3.09,3.11,3.02,3.07,11100,
LCC,16.97,17.2,16.645,16.88,3602200,
LCI,12.05,12.3,11.84,12,82500,
LDK,1.45,1.46,1.37,1.37,2093600,
LEA,59.759998,59.900002,58.830002,59.02,585200,
LEAP,5.84,5.9,5.75,5.81,1028100,
LECO,59.279999,59.279999,57.84,57.939999,190700,
LEE,1.68,1.68,1.6,1.67,54500,
LEG,31.93,31.969999,31.43,31.57,1072000,
LEI,1.25,1.34,1.24,1.26,5300,
LEN,37.360001,37.52,36.509998,36.720001,5749400,
LF,9.75,9.78,9.5,9.57,700000,
LFC,37.269991,37.410001,36.689999,36.830011,487500,
LFL,17.1,17.27,16.43,16.59,1135500,
LFUS,74.370003,74.970001,72.400002,72.93,53800,
LFVN,2.23,2.24,2.17,2.23,230238,
LG,45.919998,46.5,45.619999,45.66,278200,
LGCY,26.969999,27.23,26.280001,26.450001,108800,
LGF,28.51,28.66,26.559999,26.809999,2782800,
LGND,32.66,32.849998,31.719999,32.25,111000,
LH,100.889999,101.379997,99.669998,99.849998,441800,
LHCG,22.49,23.15,22.33,22.950001,60900,
LHO,25.040001,25.040001,24.16,24.25,362700,
LIFE,74.08,74.16,73.97,73.97,1591200,
LII,63.799999,63.830002,62.900002,63.16,335900,
LINC,6.89,6.96,6.68,6.69,121200,
LINE,33.049999,33.299999,32.5,32.689999,1242000,
LINTA,22.64,22.71,22.14,22.2,1862200,
LIOX,3,3.09,2.9,3.06,350500,
LIT,12.07,12.08,11.92,11.92,8200,
LIWA,5.5,5.6,5.4,5.41,90500,
LKQ,24.92,24.950001,24.33,24.58,1236700,
LL,82.459999,83.75,81.620003,81.940002,580400,
LLEN,3.95,4.03,3.73,3.87,273900,
LLL,86.709999,87.379997,85.910004,85.959999,419100,
LLNW,2.5,2.5,2.41,2.45,223900,
LLTC,36.630001,36.73,35.689999,35.700001,1550800,
LLY,52.310001,52.610001,51.759998,51.779999,3507000,
LM,32.419998,32.939999,32.25,32.439999,3741900,
LMCA,124.410091,125.16007,120.130042,120.850047,2957100,
LMNX,21.08,21.52,20.24,20.33,170400,
LMOS,15.89,16.059999,15.51,16,83100,
LMT,106.910004,107.400002,106.300003,107.050003,1597200,
LNC,35.689999,35.799999,34.66,34.759998,2681000,
LNCE,26.85,27.17,26.799999,26.959999,141400,
LNCO,37.919998,37.950001,37.139999,37.330002,350800,
LNDC,14.96,14.96,14.41,14.44,42500,
LNG,28,28.02,27.139999,27.379999,2726600,
LNKD,169.770004,169.889999,166.360001,167.119995,915900,
LNN,80.849998,81.160004,78.910004,79.120003,60400,
LNT,49.34,49.439999,48.419998,48.540001,388000,
LO,43.189999,43.450001,42.849998,42.919998,2760600,
LOCK,10.85,10.85,10.68,10.84,389700,
LOCM,1.59,1.63,1.58,1.63,49400,
LODE,1.95,2.02,1.95,2.01,141900,
LOGI,6.93,6.95,6.84,6.85,174200,
LOGM,25.700001,25.889999,24.870001,25.190001,87200,
LOPE,32.75,32.869999,32.07,32.110001,204500,
LORL,61.73,61.73,61.150002,61.349998,43400,
LOW,41.299999,41.52,40.580002,40.610001,6525200,
LPHI,3.07,3.07,3.02,3.03,17200,
LPI,20.030001,20.030001,19.469999,19.709999,288600,
LPL,13.72,13.77,13.53,13.6,408200,
LPLA,36.84,36.849998,36.279999,36.57,640800,
LPNT,52.119999,52.220001,51.349998,51.669998,280900,
LPR,0.5,0.51,0.5,0.51,7600,
LPS,32.7,32.73,31.84,31.87,1925100,
LPSN,9.41,9.41,9.08,9.14,344000,
LPX,16.469999,16.52,15.84,15.9,2021000,
LQD,115.800003,116.099998,115.5,115.610001,3469000,
LQDT,32.830002,33.060001,31.870001,31.98,509100,
LRCX,47.419998,47.59,46.200001,46.380001,1912100,
LRE,15.1,15.17,14.85,14.91,161800,
LRN,28.25,28.76,28.01,28.030001,120200,
LRY,16.82,16.82,16.82,16.82,0,
LSCC,5.04,5.07,4.8,4.81,592300,
LSE,8.6,8.61,8.51,8.51,1860900,
LSI,65.059998,65.059998,63.25,63.48,117100,
LSTR,53.240002,53.549999,52.400002,52.610001,247000,
LTBR,1.74,1.76,1.66,1.66,2200,
LTC,41.220001,41.240002,39.639999,39.77,256300,
LTD,36.87,36.87,36.87,36.87,0,
LTM,51.16,51.75,50.630001,50.810001,321100,
LTPZ,62.919998,63.130001,62.07,62.080002,363800,
LTXC,5.73,5.9,5.64,5.65,95100,
LUB,8.69,8.75,8.53,8.61,53900,
LUFK,88.43,88.53,88.39,88.48,530100,
LUK,28.59,28.65,27.719999,27.75,1692700,
LULU,68.589996,68.769997,63.52,64.300003,20953000,
LUV,14.07,14.1,13.77,13.87,5151900,
LUX,51.880001,52.119999,50.950001,50.950001,40500,
LVLT,21.719999,21.75,20.879999,21.07,1197900,
LVS,56.470001,56.75,55.119999,55.380001,4931800,
LXK,31.83,31.83,30.559999,30.83,838700,
LXP,12.02,12.03,11.67,11.68,1146700,
LXU,33.34,33.450001,32.209999,32.400002,105300,
LYB,65.040001,65.290001,64.029999,64.120003,2382100,
LYG,3.83,3.83,3.74,3.74,1881900,
LYV,13.95,16.309999,13.85,16.17,10272800,
LZB,18.34,18.6,18.139999,18.290001,322000,
M,48.68,48.93,47.970001,48.060001,3097000,
MA,564.770012,565.110016,557.980003,557.980003,5816000,
MAA,65.110001,65.190002,64.010002,64.230003,1939600,
MAC,61.830002,62.099998,60.650002,60.759998,489800,
MACK,5.49,5.56,5.33,5.47,222900,
MAIN,27.99,28.18,27.24,27.309999,223700,
MAKO,12.09,12.44,11.98,12.27,546700,
MAN,55.93,55.939999,54.290001,54.43,357100,
MANH,75.959999,76.339996,75.330002,75.629997,202400,
MANT,27.67,27.67,26.860001,26.9,88300,
MANU,16.549999,16.700001,14.87,15.16,129500,
MAR,41.130001,41.41,40.279999,40.59,2219800,
MAS,19.77,20.209999,19.530001,19.88,7855700,
MASI,21.84,21.870001,21.379999,21.860001,271800,
MAT,44.91,44.93,43.939999,43.970001,1703000,
MATW,38.119999,38.200001,37.490002,37.709999,43800,
MATX,25.120001,25.280001,24.98,25,164900,
MBB,105.989998,106.099998,105.739998,105.75,1211200,
MBFI,26.049999,26.049999,25.360001,25.469999,151400,
MBI,13.76,13.95,13.28,13.29,2436700,
MBLX,1.720034,1.720034,1.600032,1.620032,6400,
MBT,18.219999,18.32,18.110001,18.209999,1369300,
MCC,14.19,14.2,13,13.07,878100,
MCD,98.739998,99.099998,98.07,98.239998,4485200,
MCEP,23.16,23.5,22.610001,22.74,78700,
MCF,34.810001,35.48,33.939999,33.950001,44300,
MCGC,5.03,5.03,4.85,4.87,400600,
MCHI,43.189999,43.189999,42.630001,42.91,1127400,
MCHP,37.110001,37.110001,36.34,36.34,1992200,
MCHX,5.88,5.95,5.78,5.86,50400,
MCK,113.800003,114,111.989998,112.019997,737200,
MCO,64.209999,64.290001,60.439999,61.040001,2916900,
MCP,5.92,5.96,5.63,5.69,3737500,
MCRI,16.01,16.1,15.77,15.9,38600,
MCRL,9.85,9.86,9.57,9.59,123200,
MCRS,42.11,42.43,41.73,41.74,1067600,
MCY,43.009998,43.34,42.139999,42.25,157300,
MD,92.57,92.839996,91.040001,91.110001,295400,
MDAS,17.48,17.6,17.17,17.4,780800,
MDC,34.289998,34.79,33.639997,33.829998,661200,
MDCI,7.49,7.76,7.41,7.51,120100,
MDCO,33.709999,34.130001,32.860001,32.880001,418000,
MDIV,21.26,21.4,21.030001,21.08,163000,
MDLZ,30,30.049999,29.459999,29.530001,8441000,
MDP,41.5,41.650002,41.099998,41.220001,204100,
MDR,9.17,9.18,8.88,8.91,2225500,
MDRX,13.83,13.85,13.19,13.22,6804900,
MDSO,69.040001,69.040001,66.769997,67.870003,266200,
MDT,52.259998,52.48,51.540001,51.610001,4856600,
MDU,25.43,25.620001,24.959999,25.02,565900,
MDVN,52,52.169998,50.040001,50.09,1063400,
MDXG,7.25,7.25,7.06,7.14,140000,
MDY,214.160004,214.449997,210.369995,210.830002,1496100,
MEA,1.45,1.48,1.38,1.4,370700,
MEAS,47.27,47.27,46.13,46.75,124400,
MED,28.84,28.959999,28.440001,28.549999,79100,
MEET,1.55,1.56,1.49,1.51,170900,
MEG,8.91,9,8.61,8.76,90400,
MEI,15.41,15.41,14.94,14.97,49200,
MEIP,8.04,8.22,7.77,8.08,96600,
MELA,1.03,1.03,0.97,0.97,72000,
MELI,115.150002,115.150002,111.650002,111.900002,488000,
MEMP,19.15,19.18,18.610001,18.91,90900,
MEMS,4.11,4.11,4.1,4.1,48300,
MENT,19.35,19.42,19.15,19.25,479000,
MEOH,43.43,43.790001,42.919998,43.029999,333700,
MERC,6.62,6.96,6.62,6.71,245300,
MERU,4.25,4.35,4.22,4.33,125500,
MET,44.880001,45.110001,44.240002,44.470001,5605200,
MFA,8.57,8.6,8.46,8.48,4566000,
MFB,18.49,18.64,18.12,18.23,97300,
MFC,15.99,15.99,15.47,15.48,2120500,
MFG,4.01,4.03,3.95,3.97,750400,
MFLX,15.58,15.58,15.43,15.53,35300,
MFRM,38.299999,38.450001,37.59,37.810001,346600,
MG,21.57,21.65,21.23,21.42,69700,
MGA,68.919998,69.059998,67.900002,68.019997,1109400,
MGAM,27.31,27.6,26.82,26.91,236400,
MGC,56.16,56.16,55.310001,55.330002,39500,
MGI,19.59,19.59,19.26,19.309999,19400,
MGIC,5.41,5.41,5.35,5.4,28400,
MGK,62.200001,62.200001,61.119999,61.130001,63500,
MGLN,55.200001,55.25,54.740002,54.810001,111000,
MGM,14.96,15.06,14.68,14.76,8295100,
MGPI,5.51,5.52,5.22,5.32,3500,
MGV,50.169998,50.240002,49.509998,49.540001,49700,
MHFI,54.689999,55.139999,54.380001,54.540001,1554900,
MHGC,7.71,7.97,7.55,7.57,356700,
MHK,108.529999,108.919998,106.269997,106.449997,507300,
MHLD,10.77,10.87,10.71,10.82,306100,
MHO,24.15,24.389999,23.209999,23.450001,192700,
MHR,3.88,3.95,3.61,3.68,3258900,
MIC,54.150002,54.400002,52.540001,52.549999,382100,
MIDD,166.589996,168.009991,164.289986,166.01001,137700,
MIDU,56.919998,56.919998,53.860001,54.189999,148000,
MIDZ,29.879999,31.49,29.77,31.299999,5800,
MIG,8.08,8.08,7.89,7.93,254300,
MILL,3.95,4.02,3.92,3.98,133022,
MIND,16.67,16.67,16.27,16.360001,48900,
MINI,33.900002,34.099998,33.040001,33.139999,180300,
MITK,6.42,6.93,6.42,6.79,879068,
MITL,3.84,3.95,3.72,3.83,7000,
MITT,22.25,22.26,20.719999,20.77,1334200,
MJN,82.010002,82.639999,81.239998,81.290001,886600,
MKC,71.470001,71.75,71.139999,71.370003,963200,
MKSI,28.41,28.540001,27.709999,27.719999,154100,
MKTG,11.85,11.98,11.55,11.76,212800,
MKTX,45.880001,46.130001,45.049999,45.330002,133000,
MLHR,28.059999,28.110001,27.57,27.67,149800,
MLI,52.950001,52.950001,51.439999,51.540001,174000,
MLM,108.339996,108.769997,106,106.419998,139800,
MLNK,2.83,2.86,2.75,2.75,150000,
MLNX,47.209999,50.98,46.150002,47.799999,1676500,
MLPN,29.040001,29.209999,28.82,28.9,56700,
MLR,15.81,15.99,15.68,15.74,13500,
MM,8.6,8.75,8.25,8.38,1294200,
MMC,40.439999,40.459999,39.709999,39.82,1853700,
MMLP,42.330002,42.549999,42.02,42.200001,88300,
MMM,110.989998,111.059998,108.949997,109.029999,2400700,
MMP,51.25,52.09,50.919998,52.080002,462600,
MMS,72.18,72.18,70.629997,71.050003,357200,
MMSI,10.64,10.82,10.58,10.77,207800,
MMYT,12.92,13.37,12.75,13.33,27300,
MN,19.58,19.76,19.049999,19.200001,146200,
MNI,2.22,2.23,2.15,2.2,13200,
MNKD,7.8,7.98,7.6,7.64,6759500,
MNR,10.02,10.02,9.84,9.84,200600,
MNRO,48.459999,48.830002,47.32,47.459999,250800,
MNST,61.759998,62.49,61.690001,61.9,3683400,
MNTA,14.5,14.55,14,14.08,247200,
MNTG,3.96,3.96,3.78,3.8,72200,
MNTX,10.59,10.76,10.22,10.41,67000,
MNX,2959.800049,2978.600098,2921.899902,2926.100098,1630200000,
MO,36.060001,36.080002,35.580002,35.599998,8821800,
MOBI,3.11,3.14,2.99,3.01,54100,
MOD,10.45,10.46,10.18,10.34,159500,
MODN,20.790001,20.809999,19.99,20.34,46200,
MOH,37.360001,37.5,36.450001,36.529999,369200,
MOLX,29.59,29.59,28.93,29.04,295600,
MOLXA,24.83,24.92,24.38,24.51,57200,
MON,105.120003,105.760002,103.419998,103.459999,2244900,
MOO,53.389999,53.389999,52.52,52.540001,186100,
MORN,72.459999,73.400002,72.349998,73,71800,
MOS,58.310001,58.650002,57.310001,57.400002,2099400,
MOSY,4.54,4.58,4.25,4.28,151100,
MOV,34.73,34.860001,33.5,33.66,85800,
MOVE,12.03,12.39,11.67,11.75,211500,
MPAA,7.57,7.68,7.4,7.4,134200,
MPC,80.790001,80.949997,79.019997,79.279999,5115800,
MPEL,24,24.110001,23.799999,24,3417000,
MPG,3.12,3.13,3.11,3.11,1647000,
MPLX,37.310001,37.310001,35.68,37.25,93000,
MPO,6.26,6.35,6.05,6.06,30400,
MPW,14.95,15,14.56,14.62,1160400,
MPWR,24.66,24.780001,24.040001,24.049999,172700,
MR,41.689999,41.799999,41,41.209999,1155300,
MRC,27.4,27.43,26.76,26.959999,1063800,
MRCY,9.67,9.67,9.3,9.33,69600,
MRGE,3.64,3.66,3.54,3.62,184600,
MRH,25,25.32,24.870001,25.16,222000,
MRIN,11.1,11.1,10.65,10.7,44100,
MRK,47.889999,48.099998,47.23,47.25,16853900,
MRO,34.43,34.43,33.360001,33.400002,4696700,
MRTN,23.94,24.109995,22.98,23.290006,117700,
MRVL,11.02,11.19,10.84,10.96,9278600,
MS,26.58,26.620001,25.41,25.57,26046400,
MSA,46.610001,46.610001,44.990002,45.200001,149800,
MSB,19.559999,19.870001,18.85,19.09,51300,
MSCC,21.5,21.5,20.879999,20.93,183800,
MSCI,34.830002,34.939999,33.93,34.049999,300200,
MSFT,35.139999,35.27,34.849998,35,37372700,
MSG,59.849998,60.279999,58.790001,58.939999,350000,
MSI,56.59,56.68,56.029999,56.259998,1499900,
MSM,80.480003,80.739998,78.550003,78.800003,213100,
MSO,2.39,2.42,2.36,2.37,84300,
MSPD,3.2,3.23,3.12,3.15,211500,
MSTR,88.57,89.279999,86.989998,88.139999,110100,
MSTX,0.64,0.66,0.6135,0.615,493470,
MT,12.06,12.11,11.8,11.87,7016900,
MTB,103.389999,103.739998,102.059998,102.059998,666100,
MTD,214.610001,214.949997,211.970001,212.639999,134600,
MTDR,10.32,10.42,10.25,10.31,208400,
MTG,6.26,6.35,6.01,6.07,6646800,
MTGE,20.35,20.35,19.700001,19.790001,1393700,
MTH,45.139999,45.290001,43.869999,44.130001,304900,
MTL,2.98,3.09,2.9,2.94,852200,
MTN,64.400002,64.400002,63.310001,63.630001,131400,
MTOR,7.19,7.23,6.94,6.98,964300,
MTRN,30.25,30.42,29.559999,29.73,30300,
MTRX,16.49,16.52,16.120001,16.129999,82500,
MTSC,58.689999,58.77,56.470001,57.040001,113500,
MTSN,2.39,2.39,2.31,2.34,388200,
MTU,6.25,6.25,6.08,6.13,4520700,
MTW,19.350001,19.56,18.580001,18.590001,15012100,
MTX,42.75,42.759998,42.02,42.099998,71300,
MTZ,30.360001,30.43,30.049999,30.219999,552600,
MU,12.98,13.12,12.46,12.49,34199300,
MUB,107.43,107.639999,106.510002,106.529999,485100,
MUR,65.039994,65.300003,63.240001,63.360005,1357800,
MUX,2.28,2.35,2.2,2.27,2810500,
MVC,12.79,12.79,12.64,12.7,52400,
MVG,7.72,7.73,7.46,7.57,38100,
MVIS,3.21,3.37,3.21,3.3,201200,
MVO,28.76,28.76,28.1,28.17,27000,
MVV,97.610001,97.800003,94.150002,94.519997,98800,
MW,36.060001,36.18,35.290001,35.59,830100,
MWA,6.9,6.91,6.78,6.81,1773700,
MWE,67.230003,67.230003,65.059998,66.019997,556000,
MWIV,126.37,127.18,123.27,125.8,51700,
MWV,35.810001,35.810001,35.080002,35.139999,762800,
MWW,5.6,5.64,5.38,5.41,821900,
MX,18.780001,18.82,18,18.200001,491300,
MXIM,27.700001,27.809999,26.790001,26.91,5289600,
MXL,6.58,6.65,6.43,6.44,23000,
MXWL,7.56,7.67,7.39,7.42,283300,
MY,1.96,2.25,1.91,2.15,2475600,
MYE,15.45,15.61,15.13,15.26,47400,
MYGN,34.07,34.189999,33.549999,33.919998,1139000,
MYL,30.92,31.360001,30.73,30.82,4410500,
MYRG,20.09,20.09,19.799999,20.030001,350600,
MZZ,18.34,18.99,18.34,18.9,6900,
N,86.489998,87.059998,85,86.029999,202500,
NAFC,24.48,24.48,23.29,23.3,29200,
NAK,2.44,2.46,2.39,2.43,60800,
NANO,15.35,15.35,15.11,15.19,85100,
NAT,8.28,8.449997,8.18,8.189997,623500,
NATI,28,28.01,27.209999,27.33,278800,
NATR,16.4,17.41,16.4,16.559999,11200,
NAV,31.52,31.700001,30.459999,30.74,1724000,
NAVB,2.44,2.54,2.38,2.5,1288530,
NBG,5.4,5.63,5.33,5.58,3397700,
NBIX,13.01,13.1,12.51,12.65,581300,
NBL,58.330002,58.34,57,57.200001,2094700,
NBR,16.32,16.370001,15.8,15.83,2609500,
NBTB,20.4,20.48,19.99,20.040001,49500,
NCI,13.46,13.63,13.4,13.48,154000,
NCLH,31.700001,31.870001,30.860001,31.110001,218600,
NCMI,17.02,17.02,16.52,16.629999,146600,
NCQ,1.75,1.79,1.74,1.79,52800,
NCR,33.639999,33.75,32.799999,32.91,764900,
NCS,15.69,16.030001,15.66,15.71,198400,
NCT,5.200198,5.250189,5.00019,5.020193,42618600,
NCTY,4.5,4.5,4.15,4.25,62300,
NDAQ,32.169998,32.27,31.32,31.34,1286700,
NDO,79.879997,80.239998,79.440002,79.760002,0,
NDRO,16.24,16.24,15.85,16.01,12000,
NDSN,70.519997,70.519997,68.339996,68.449997,156900,
NDX,2977.679932,2978.76001,2921.879883,2926.139893,1630200000,
NDZ,7.61,7.67,7.52,7.62,91400,
NE,38.380001,38.510005,37.260003,37.299995,4159000,
NEE,79.25,79.440002,77.620003,77.75,1696900,
NEM,32.939999,33.540001,32.650002,33.330002,6374800,
NEO,4.09,4.09,3.77,4.01,119300,
NEOG,55.599998,55.74,54.549997,54.870003,48100,
NEON,5.35,5.39,5.1,5.17,217600,
NEPT,3.08,3.1,3.01,3.05,212000,
NES,3.47,3.47,3.16,3.28,365500,
NEU,280,280.98999,276.869995,277.089996,23200,
NEWP,13.46,13.46,13.02,13.03,84100,
NFBK,11.66,11.71,11.52,11.6,123100,
NFG,60.75,61.009998,59.599998,59.689999,134700,
NFLX,215.83,215.83,206.869995,207.639999,19108600,
NFP,25.27,25.29,25.26,25.28,378300,
NFX,23.049999,23.17,22.26,22.370001,1703900,
NG,2.4,2.44,2.31,2.36,2835900,
NGD,6.66,6.83,6.65,6.73,5588500,
NGG,58.790001,58.810001,58.200001,58.209999,667100,
NGL,28.209999,29,28.200001,29,1841900,
NGLS,47.529999,47.650002,46.959999,47.27,173700,
NGPC,6.56,6.61,6.47,6.5,151100,
NGS,23.190001,23.27,22.700001,22.82,26400,
NGVC,27.67,28.389999,27.08,27.309999,64200,
NHI,61.939999,61.939999,59.610001,59.619999,116900,
NI,28.600002,28.600002,28.030002,28.140001,5407400,
NIB,31.959999,32,31.780001,31.85,19800,
NICE,37.5,37.59,37.310001,37.560001,126600,
NIHD,86.07,86.07,86.07,86.07,0,
NILE,36.57,37.32,36.16,36.849998,286000,
NKA,14.29,14.3,14.01,14.12,39300,
NKE,62.57,62.57,61.349998,61.41,5442600,
NKTR,9.97,9.98,9.51,9.52,516800,
NKY,16.43,16.469999,16.120001,16.200001,1025300,
NLNK,20.35,20.879999,20.08,20.280001,196600,
NLS,8.22,8.29,8,8.04,249100,
NLSN,34.02,34.130001,33.869999,33.919998,1457400,
NLST,1.07,1.07,0.83,0.91,559300,
NLY,13.33,13.36,13.01,13.03,13576400,
NM,5.35,5.37,5.1,5.15,525700,
NMFC,15.09,15.09,14.51,14.52,277000,
NMM,13.91,14.1,13.9,14.07,266800,
NMR,7.85,7.87,7.59,7.65,1711700,
NMRX,11.02,11.02,10.78,10.88,5800,
NNBR,9.63,9.63,9.47,9.54,56000,
NNI,38.220001,38.240002,37.84,38.119999,62500,
NNN,35.75,35.75,34.860001,34.98,711000,
NOA,5.04,5.04,4.74,4.89,362200,
NOAH,12.6,12.6,11.92,12.44,94800,
NOC,83.510002,83.57,82.5,82.610001,969200,
NOG,13.97,13.97,13.54,13.63,334400,
NOK,3.47,3.51,3.42,3.49,16060500,
NOR,4.059996,4.069996,3.979996,3.999996,28400,
NOV,69.649999,70.029999,68.849999,69.209993,4493300,
NOW,40.34,40.490002,38.23,38.369999,2877500,
NP,31.74,31.74,31.110001,31.209999,42500,
NPD,1.63,1.68,1.63,1.68,5900,
NPO,51.049999,51.349998,50.009998,50.07,54400,
NPSP,15.76,16,15.37,15.5,1886900,
NPTN,8.13,8.28,7.97,8.11,81000,
NQ,8.15,8.17,7.98,8.03,316600,
NR,11.31,11.35,10.75,10.82,1062400,
NRF,8.509995,8.560003,8.260004,8.320005,1832700,
NRG,27.200001,27.309999,26.35,26.440001,3322700,
NRGM,22.25,22.32,21.97,22.18,80800,
NRGY,23.41,23.43,23.13,23.18,427700,
NRP,22.460001,22.6,22.12,22.22,12200,
NRT,25.110001,25.49,24.940001,25.49,32100,
NRZ,6.44,6.53,6.16,6.26,1220100,
NS,45.080002,45.099998,43.91,44.169998,388400,
NSC,77.330002,77.449997,75.559998,75.650002,1820000,
NSH,25.67,25.9,24.77,25.030001,258900,
NSIT,19.42,19.450001,18.940001,18.969999,81800,
NSM,42.080002,42.169998,40.939999,41.099998,609200,
NSP,31.059999,31.15,30.459999,30.67,57700,
NSPH,3.9,3.98,3.51,3.64,67800,
NSR,48.299999,48.650002,47.779999,48.060001,182800,
NSU,3.52,3.65,3.52,3.61,403700,
NTAP,38.650002,38.799999,38.209999,38.34,7442200,
NTCT,24.709999,24.709999,24.049999,24.07,92500,
NTE,6.99,7.15,6.9,6.9,320800,
NTES,63.43,63.740002,60.349998,60.939999,613400,
NTGR,33.060001,33.200001,32.450001,32.52,142400,
NTI,25.59,25.85,25.219999,25.65,693200,
NTLS,15.9,15.9,15.18,15.51,324400,
NTRI,9.18,9.21,9.05,9.17,197200,
NTRS,57.889999,57.98,56.759998,56.799999,870300,
NTSP,15.99,16.11,15.975,16.09,1319300,
NTT,26,26.09,25.82,25.879999,355200,
NTWK,10.37,10.64,9.57,9.71,200827,
NU,41.8,41.87,40.99,41.13,1534600,
NUAN,19.01,19.040001,18.75,18.889999,3757400,
NUE,43.900002,44.200001,43.490002,43.919998,2497500,
NUS,59.790001,61.509998,59.740002,60.779999,945900,
NUVA,22.09,22.4,21.9,22.120001,516600,
NVAX,1.94,1.96,1.88,1.91,1840700,
NVDA,14.24,14.36,13.97,14.05,7814700,
NVDQ,14.9,15.07,14.49,14.69,140200,
NVE,23.52,23.56,23.485,23.51,4452800,
NVMI,9.63,9.65,9.58,9.58,72200,
NVO,167.999992,168.549995,166.509991,167.749996,2208500,
NVS,73.120003,73.349998,72.480003,72.589996,1042700,
NVTL,3.95,3.99,3.74,3.79,201800,
NWBI,12.45,12.49,12.28,12.33,496000,
NWBO,3.57,3.58,3.39,3.44,87800,
NWE,40.77,40.779999,40.220001,40.220001,64200,
NWL,27.85,27.85,26.440001,26.530001,1696400,
NWN,43.23,43.279999,42.73,42.73,71400,
NWPX,27.459999,28,27.26,27.68,26200,
NWS,31.83,32,30.95,31.11,5037900,
NWSA,31.86,31.86,30.75,30.94,18224800,
NWY,5.58,5.59,5.5,5.5,92500,
NX,17.370001,17.549999,17.08,17.23,427900,
NXPI,29.940001,29.950001,29.15,29.379999,2464600,
NXST,28,28,27.120001,27.190001,333700,
NXTM,13.57,13.66,13.37,13.48,143500,
NYCB,13.34,13.35,13.06,13.13,1964000,
NYMT,6.91,6.93,6.62,6.72,1318900,
NYMX,5.2,5.2,5.08,5.08,28100,
NYT,10.33,10.33,10.1,10.14,770400,
NYX,40.28,40.4,39.96,40.21,1123600,
O,44.040001,44.040001,42.82,43.09,1918500,
OAK,52.950001,53.200001,51.290001,51.459999,281500,
OAS,40.740002,41.610001,40.439999,40.650002,2334600,
OB,15.07,15.14,14.99,15.08,23200,
OC,41.98,42.029999,40.970001,41.259998,898500,
OCLR,1.1,1.12,1.05,1.07,749900,
OCN,45.57,45.84,44.060001,44.16,2647100,
OCR,47.189999,47.43,46.400002,46.470001,805100,
OCZ,1.38,1.38,1.32,1.32,736500,
ODFL,43.400002,43.549999,42.57,42.75,333700,
ODP,4.31,4.35,4.14,4.19,8527100,
OEF,74.239998,74.309998,73.059998,73.139999,496800,
OEH,11.57,11.66,11.38,11.58,856800,
OEX,0.336,0.336,0.336,0.336,0,
OFC,25.790001,25.790001,25.190001,25.309999,380700,
OFG,17.440001,17.49,16.860001,16.950001,142700,
OFIX,28.1,28.34,27.969999,27.99,122700,
OGE,67.75,67.93,66.099998,66.480003,1044400,
OGXI,10.14,10.14,9.79,9.87,44800,
OHI,32.060001,32.119999,31.18,31.23,859200,
OI,27.16,27.23,26.530001,26.6,591900,
OIBR,2.09,2.12,1.95,1.96,282100,
OIH,43.060001,43.189999,42.290001,42.32,3042300,
OII,71.919998,72.400002,70.870003,71.129997,453100,
OIL,22.32,22.43,22.190001,22.27,430300,
OILT,48.39,48.57,47.75,47.87,33400,
OIS,91.499991,91.729997,90.180001,90.379992,1417000,
OKE,44.109998,44.489998,43.250002,43.319999,1312600,
OKS,50.669998,50.91,50,50.189999,605400,
OKSB,14.09,14.09,13.72,13.78,8000,
OLN,24.58,24.610001,24.049999,24.18,371300,
OMC,62.509998,62.509998,61.279999,61.43,1216500,
OMCL,19.299999,19.299999,19.15,19.18,144300,
OME,9.89,9.98,9.76,9.79,99000,
OMER,5.17,5.39,4.87,4.97,239000,
OMEX,3.479998,3.489999,3.369998,3.399999,11200,
OMG,30.809999,30.889999,30.309999,30.4,96800,
OMI,33.84,34.189999,33.799999,33.880001,214200,
OMN,7.62,7.75,7.53,7.56,73700,
OMX,11.2,11.36,10.82,10.89,1454700,
ONB,13.47,13.47,13.13,13.21,314100,
ONCY,2.5,2.54,2.45,2.5,259900,
ONE,10.69,10.69,10.42,10.45,89300,
ONNN,8,8.1,7.85,7.87,6125100,
ONP,1.6,1.67,1.6,1.62,32900,
ONTY,1.95,1.95,1.83,1.84,463900,
ONXX,90,90,86.21,87,601800,
OPEN,66.4,66.635,65.28,65.64,402800,
OPK,6.62,6.75,6.6,6.68,1447900,
OPLK,18.18,18.74,17.77,17.83,52800,
OPTR,14.78,14.83,14.365,14.38,404800,
ORA,24.040001,24.120001,23.25,23.389999,47100,
ORB,18.05,18.06,17.71,17.8,140300,
ORBC,4.22,4.23,4.15,4.16,116700,
ORBK,12.16,12.2,11.75,11.99,125400,
ORCL,33.830002,33.869999,33.5,33.52,13731100,
OREX,6.36,6.5,6.29,6.39,112900,
ORI,13.04,13.13,12.8,12.8,1101900,
ORIG,16.780001,17.120001,16.6,16.809999,562100,
ORIT,15.29,15.41,15.06,15.1,96200,
ORLY,110.769997,110.989998,109.980003,110.029999,384100,
ORN,12.24,12.28,12,12.19,73500,
OSGIQ,3.15,3.24,3.15,3.19,142900,
OSIR,10.65,10.71,10.28,10.28,31300,
OSIS,55.82,56.450001,54.919998,55.110001,338500,
OSK,38.25,38.330002,37.049999,37.110001,554100,
OSTK,27,27.5,26.559999,26.950001,186100,
OSUR,4.25,4.3,4.13,4.18,310200,
OSX,253.57,254.42,249.84,250.16,0,
OTEX,72.349998,72.720001,71.099998,71.309998,529200,
OTTR,28.219999,28.49,27.74,27.799999,158000,
OVTI,18.82,19.040001,18.620001,18.709999,717700,
OVX,21.98,24.1,21.68,22.72,0,
OWW,7.84,7.9,7.56,7.58,570700,
OXF,2.64,2.7,2.56,2.57,21700,
OXM,65.5,66.800003,62.799999,64,287500,
OXY,91.900005,92.290008,90.630004,90.950009,3155900,
OZM,10.88,11.01,10.56,10.58,538200,
OZRK,44.970001,44.970001,43.630001,43.73,181600,
P,15.89,15.95,15.02,15.1,6472600,
PAA,55.360001,55.360001,54.630001,54.880001,796700,
PAAS,12.06,12.42,11.99,12.09,1640600,
PAC,50.240002,50.470001,47.43,47.869999,61000,
PACB,2.74,2.74,2.65,2.68,1977700,
PACD,9.69,9.82,9.44,9.48,27500,
PACR,6.58,6.58,6.4301,6.51,82800,
PACT,6.87,6.88,6.79,6.79,192032,
PACW,28.52,28.52,27.92,28.02,249700,
PAG,32.630001,32.700001,31.379999,31.41,210700,
PAL,1.13,1.13,1.09,1.09,1003829,
PANL,28.14,28.25,26.8,27.09,579000,
PANW,46.990002,47.299999,45.16,45.59,822300,
PATH,2.8,2.93,2.8,2.85,55400,
PAY,16.879999,16.98,15.92,16.17,6104500,
PAYX,36.950001,37.009998,36.560001,36.560001,1862100,
PB,49.900002,50.220001,48.880001,48.98,144600,
PBA,31.950001,31.969999,31.209999,31.32,176900,
PBCT,13.99,13.99,13.53,13.64,4914700,
PBF,26.969999,26.969999,26.32,26.540001,994900,
PBH,30.34,30.34,29.82,30,237900,
PBI,14.92,14.92,14.25,14.31,2574300,
PBJ,24.57,24.700001,24.440001,24.440001,130700,
PBNY,9.34,9.36,9.15,9.22,84600,
PBR,16.33,16.4,15.57,15.68,16828600,
PBR.A,17.58,17.63,16.85,16.91,7996700,
PBT,13.17,13.37,13,13.01,103900,
PBTH,6.1,6.23,6.07,6.15,170300,
PBW,5.35,5.38,5.23,5.24,200400,
PBY,12.46,12.46,12.04,12.05,422200,
PCAR,53.759998,53.860001,52.59,52.650002,742700,
PCCC,16.110001,16.139999,15.31,15.62,52700,
PCEF,24.889999,24.889999,24.5,24.5,407800,
PCG,44.93,45.110001,44.290001,44.330002,1814800,
PCH,43.59,44.029999,41.900002,42,220800,
PCL,47.84,47.869999,46.66,46.700001,1211100,
PCLN,821.47998,821.580017,802.669983,807.900024,580700,
PCOM,19.75,19.85,19.709999,19.799999,43500,
PCP,221.050003,221.309998,215.660004,216.289993,372500,
PCRFY,7.8,7.8,7.57,7.61,135700,
PCRX,30,30,29.5,29.9,403800,
PCTI,7.85,7.85,7.75,7.81,76300,
PCXCQ,0.185,0.1925,0.16,0.166,587400,
PCY,27.709999,28.049999,27.709999,27.959999,2141800,
PCYC,89.48,89.98,88.11,88.13,399200,
PDCE,51.599998,52.009998,49.98,50.360001,336800,
PDCO,39.32,39.34,38.619999,38.669998,374300,
PDFS,18.690001,18.700001,18.32,18.5,93800,
PDH,12.35,12.51,11.98,12.07,196700,
PDLI,8,8.03,7.76,7.8,1392500,
PDM,17.98,17.99,17.629999,17.65,674200,
PDP,31.68,31.790001,31.18,31.219999,168800,
PDS,9.14,9.29,8.78,8.81,1327000,
PEB,25.6,25.6,25,25.030001,189200,
PEG,32.560001,32.66,31.969999,32.07,3124600,
PEGA,32.09,32.16,31.639999,31.82,157800,
PEI,19.219999,19.25,18.65,18.700001,374600,
PEIX,3.99,4.02,3.87,3.87,129900,
PENN,55.309998,55.609997,54.379999,54.599998,3571100,
PEP,82.809998,83.190002,82.040001,82.110001,4277900,
PER,14.83,14.98,14.66,14.71,126200,
PERI,12.88,13.02,12.31,12.72,490000,
PERY,22,22,21.639999,21.799999,75500,
PES,6.85,6.97,6.53,6.55,452300,
PETM,68.89,69,67.53,67.55,1189400,
PETS,13.17,13.31,12.95,12.99,195800,
PF,25.17,25.389999,24.68,25.290001,296400,
PFE,28.65,28.959999,28.4,28.43,87978600,
PFF,39.16,39.310001,38.490002,38.709999,9931000,
PFG,38.310001,38.459999,37.970001,38.029999,1381800,
PFMT,11.36,11.43,11.18,11.27,146900,
PFPT,22.25,22.66,21.9,22.49,170300,
PFS,15.26,15.29,14.91,14.95,79500,
PFSI,20.5,21.08,20.5,21.01,128500,
PFSW,4.31,4.31,4.09,4.09,29100,
PG,78.639999,78.889999,77.480003,77.599998,7834200,
PGF,17.870001,17.950001,17.549999,17.65,2380400,
PGH,5.1,5.14,4.97,5.02,1758200,
PGI,12.05,12.05,11.69,11.78,65800,
PGJ,21.469999,21.469999,21.110001,21.15,91000,
PGNX,4.85,4.85,4.56,4.76,567700,
PGR,24.83,25.309999,24.610001,24.65,3343200,
PGTI,8.15,8.31,8.11,8.19,276500,
PGX,14.29,14.36,14.04,14.11,4396000,
PH,98.879997,98.879997,96.800003,96.879997,913800,
PHB,18.98,19.049999,18.950001,18.959999,627400,
PHG,28.48,28.49,28.17,28.17,388000,
PHH,20.83,20.84,20.200001,20.219999,413100,
PHM,20.370001,20.41,19.92,20.01,6984200,
PHMD,16.810001,16.980001,16.680001,16.760001,14000,
PHO,22.559999,22.620001,22.33,22.370001,58700,
PICO,21.99,22.34,21.77,22.139999,139700,
PID,16.98,17,16.780001,16.799999,140900,
PIE,18.719999,18.790001,18.360001,18.41,1447200,
PII,95.260002,95.620003,93.690002,94,422900,
PIKE,12.51,12.555,12.23,12.28,233400,
PIN,16.889999,16.92,16.66,16.68,418400,
PIP,1.66,1.68,1.61,1.62,169300,
PIR,23.950001,24.15,23.459999,23.540001,1357700,
PJC,33.689999,33.689999,32.549999,32.709999,188300,
PKD,4.37,4.41,4.26,4.34,713700,
PKE,24.139999,24.139999,23.6,23.73,16700,
PKG,48.919998,48.919998,47.880001,48.029999,579100,
PKI,32.48,32.91,32.259998,32.59,1758900,
PKT,14.37,14.38,13.56,13.73,285700,
PKX,69.580002,69.660004,68.75,68.839996,159600,
PKY,17.209999,17.209999,16.459999,16.469999,641600,
PL,38.6,38.88,37.91,38.04,355100,
PLAB,7.44,7.64,7.31,7.33,205400,
PLCE,54.330002,54.93,54.279999,54.509998,223300,
PLCM,11.18,11.28,10.96,11.04,1067200,
PLD,38,38,36.990002,37.119999,3808300,
PLL,67.849998,67.849998,66.5,66.599998,270600,
PLOW,13.81,13.92,13.67,13.68,38400,
PLT,46.57,46.740002,45.330002,45.459999,92800,
PLTM,11.92,11.92,11.66,11.66,4500,
PLUG,0.53,0.53,0.47,0.5,7884200,
PLX,5.2,5.26,4.97,5.05,279100,
PLXS,29.629999,29.629999,28.780001,28.85,47100,
PLXT,4.66,4.71,4.61,4.69,276300,
PM,91.699997,92.150002,91.099998,91.650002,4194800,
PMC,15.72,15.86,15.43,15.5,109600,
PMCS,5.96,6.03,5.91,5.92,791800,
PMFG,6.26,6.3,6.1,6.11,31800,
PMT,21.030001,21.120001,20.629999,20.66,906900,
PMTC,24.75,24.77,24.11,24.25,419700,
PMTI,13.46,13.47,13.34,13.36,93700,
PNC,72.18,72.230003,70.440002,70.839996,2595300,
PNFP,25.41,25.41,24.950001,25.08,190400,
PNG,20.93,21.01,20.51,20.78,45600,
PNK,18.879999,18.98,18.49,18.51,266200,
PNM,22.41,22.469999,21.879999,21.940001,380000,
PNNT,11.38,11.4,11.07,11.11,430600,
PNR,59.119999,59.130001,57.919998,58.049999,567600,
PNRA,191,191.190002,187.710007,188.580002,287200,
PNW,56.959999,57.099998,55.98,56.18,491600,
PNY,34.279999,34.299999,33.599998,33.619999,146300,
PODD,30.860001,30.99,30.309999,30.43,318900,
POL,25.610001,25.610001,25.18,25.35,356600,
POM,20.309999,20.370001,19.959999,20.02,1962200,
POOL,53.360001,53.360001,52.57,52.68,195000,
POR,30.33,30.48,29.620001,29.700001,5262400,
POST,44.700001,45.130001,44.700001,44.990002,119700,
POT,40.939999,40.959999,40.220001,40.400002,3779600,
POWI,40.950001,41.200001,39.470001,39.849998,146300,
POWR,15.35,15.43,14.25,14.63,289500,
POZN,5.47,5.49,5.14,5.14,161900,
PPC,13.87,14.16,13.7,13.84,600100,
PPG,153.350006,153.690002,150.679993,150.949997,818600,
PPH,47.110001,47.279999,46.549999,46.549999,57300,
PPHM,1.68,1.68,1.61,1.62,1289800,
PPL,29.120001,29.120001,28.450001,28.450001,6964000,
PPO,43.880001,45,43.580002,44.330002,1315500,
PPP,5.07,5.18,5.01,5.13,410500,
PPS,46.950001,47.139999,46.610001,46.799999,360500,
PQ,4.83,4.83,4.72,4.74,51200,
PRA,50.849998,51.209999,50.799999,51.07,260500,
PRAA,152.499985,154.809986,152.060005,153.770016,227400,
PRCP,7.43,7.64,7.41,7.42,29700,
PRE,90,90.5,89.470001,89.519997,430100,
PRFT,13.42,13.53,13.12,13.23,101400,
PRGO,118.150002,118.57,115.889999,116.470001,798700,
PRGS,23.24,23.24,22.610001,22.620001,117800,
PRI,36.099998,36.099998,35.490002,35.68,111000,
PRIM,20.209999,20.360001,19.84,19.860001,79000,
PRKR,4.13,4.21,4.05,4.13,33500,
PRLB,55.580002,55.689999,53.400002,53.419998,155100,
PRMW,1.71,1.77,1.69,1.77,86300,
PRSC,28.440001,28.780001,27.879999,28.690001,102300,
PRSS,6.53,6.57,6.41,6.41,22300,
PRU,71.800003,71.980003,70.779999,71.010002,2935500,
PRXL,47.48,47.48,46.209999,46.259998,517000,
PSA,149.960007,149.960007,147.210007,147.710007,713700,
PSB,72.800003,73,70.669998,70.919998,34800,
PSDV,3.6,3.6,3.43,3.47,123500,
PSE,24.45,24.45,24.45,24.45,0,
PSEC,10.3,10.34,10.16,10.22,4768800,
PSEM,7.22,7.25,7,7.05,195900,
PSMI,11.08,11.2,10.35,10.4,127300,
PSMT,88.919998,88.919998,87.029999,87.080002,107200,
PSO,18.639999,18.690001,18.41,18.42,150500,
PSQ,22.440001,22.860001,22.440001,22.83,196000,
PST,28.469999,28.5,28.209999,28.49,101700,
PSTB,5.92,5.94,5.82,5.86,32900,
PSTI,2.94,2.95,2.87,2.87,124800,
PSUN,3.49,3.5,3.31,3.37,461000,
PSX,64.879997,65.209999,63.18,63.310001,3967600,
PT,4.27,4.29,4.17,4.17,577800,
PTEN,20.52,20.57,20.030001,20.059999,1521000,
PTIE,2.43,2.59,2.39,2.46,324400,
PTM,16.77,16.82,16.74,16.75,2900,
PTP,57.99,58.16,57.27,57.45,65300,
PTR,111.599998,111.660004,109.959999,110.300003,80700,
PTRY,13.85,13.98,13.69,13.8,286700,
PUK,33.59,33.689999,32.84,32.919998,196400,
PVA,4.76,4.84,4.7,4.74,1039100,
PVG,7.81,8.34,7.8,8.25,263700,
PVH,111.720001,112.199997,110.32,111.279999,1373600,
PVR,27.18,27.23,26.58,26.99,376600,
PVTB,19.68,19.75,19.09,19.16,198600,
PWE,10.8,11.18,10.8,11.12,5286800,
PWER,6.31,6.32,6.31,6.31,714000,
PWR,27,27,26.16,26.24,2265700,
PWRD,16.84,16.84,16.08,16.360001,376700,
PX,115.650002,115.839996,114.860001,114.980003,1238600,
PXD,144.570007,145.179993,142.360001,142.880005,1023700,
PZA,24.719999,24.76,24.290001,24.360001,937200,
PZE,4.15,4.18,4.03,4.05,119300,
PZG,1.41,1.44,1.34,1.35,653100,
PZO,127.389999,129.380005,127.32,129.270004,0,
PZZA,66.290001,66.900002,65.910004,66,304000,
Q,43.75,44.040001,42.889999,43,531500,
QCOM,61.970001,61.970001,61.009998,61.110001,14631700,
QCOR,42.58,46.77,42.5,45.22,5050200,
QDEL,26.219999,26.219999,25.389999,25.43,186200,
QEP,29.75,29.76,28.91,29.02,862800,
QGEN,19.23,19.380001,18.960001,18.970001,795600,
QID,22.76,23.620001,22.74,23.549999,1825000,
QIHU,44.759998,45.110001,44.040001,44.330002,930100,
QLD,68.529999,68.580002,65.980003,66.169998,6001600,
QLGC,9.85,9.89,9.64,9.66,706900,
QLIK,29.48,29.5,28.639999,28.959999,689200,
QLTI,8.14,8.17,7.97,8.05,175400,
QLTY,10.22,10.27,9.79,9.81,86000,
QLYS,14.91,14.96,14.64,14.7,79100,
QNST,7.51,7.55,7.44,7.5,167500,
QQEW,30.43,30.43,29.92,29.959999,20700,
QQQ,73.110001,73.139999,71.739998,71.849998,42081900,
QRE,16.89,16.89,16.52,16.64,195800,
QSII,17.91,17.99,17.43,17.530001,390600,
QTM,1.51,1.51,1.47,1.48,762700,
QTWW,0.62,0.63,0.59,0.59,62300,
QUAD,24.52,25,24.35,24.559999,110700,
QUIK,2.25,2.29,2.2,2.26,200100,
R,62.029999,62.369999,61.23,61.349998,430600,
RAD,3.05,3.09,2.97,3.02,15826300,
RAI,47.860001,48.040001,47.5,47.549999,3251400,
RAIL,17.49,17.49,17.07,17.27,42200,
RAS,7.78,7.78,7.5,7.52,593800,
RATE,14.14,14.24,14,14.03,186100,
RAVN,30.030001,30.190001,29.610001,29.940001,57500,
RAX,36.259998,36.41,34.66,34.830002,1333700,
RBA,20.700001,21,20.530001,20.59,522600,
RBC,68.339996,68.389999,66.93,66.980003,239600,
RBCAA,23.42,23.469999,23,23.049999,9400,
RBCN,8.68,8.72,8.14,8.21,186200,
RBS,10.38,10.42,9.8,9.84,3856600,
RBY,1.75,1.84,1.72,1.73,270800,
RCI,44.25,44.25,43.68,43.849998,361000,
RCII,38.490002,38.779999,38.02,38.25,458400,
RCL,33.830002,33.869999,33.279999,33.389999,1314600,
RDA,10.64,10.68,10.44,10.44,44000,
RDC,33.27,33.34,32.490002,32.52,644000,
RDEN,47.630001,47.720001,46.73,47.040001,55300,
RDI,6.06,6.11,6.02,6.11,31500,
RDN,13.15,13.22,12.75,12.88,4467200,
RDNT,2.625,2.66,2.61,2.61,36138,
RDS.A,66.55,66.55,65.7,65.72,1893700,
RDS.B,69.08,69.08,68.28,68.29,1278100,
RDWR,14.96,15.1,14.56,14.71,148000,
RDY,37.959999,38.080002,37.720001,37.77,80100,
RE,127.769997,128.009995,126.400002,126.860001,218400,
RECN,11.39,11.39,11.13,11.22,61700,
REDF,2.81,2.84,2.67,2.71,90300,
REE,1.93,1.97,1.86,1.86,119100,
REED,4.65,4.81,4.65,4.71,15100,
REFR,3.98,4.03,3.95,4.02,13800,
REG,50.849998,50.849998,50.080002,50.240002,577600,
REGI,13.08,13.2,12.73,12.73,334300,
REGN,251.75,253.320007,236.240005,237.490005,581900,
RELL,11.95,12,11.91,11.93,15700,
REM,13.41,13.44,13.17,13.2,1566300,
REMX,10.41,10.41,10.23,10.25,10100,
REN,8.13,8.13,7.76,7.88,108700,
RENN,3.41,3.43,3.34,3.37,2252700,
RENT,23.75,23.75,23.209999,23.25,13900,
RES,13.18,13.59,13.04,13.57,1009100,
REV,19.99,20.049999,19.77,19.91,21100,
REW,30.469999,31.32,30.469999,31.219999,2100,
REXI,8.84,8.88,8.5,8.58,9400,
REXX,16.93,17.110001,16.77,16.799999,327200,
RF,9.25,9.35,8.99,9.07,18000900,
RFMD,5.13,5.16,5,5,4597700,
RFP,14.49,14.49,14.33,14.34,386700,
RGA,66.720001,67.040001,65.900002,66.029999,563100,
RGC,17.860001,17.98,17.530001,17.629999,503000,
RGEN,8.09,8.09,7.69,7.74,207800,
RGLD,53.240002,54.23,52.709999,52.82,462600,
RGP,26.190001,26.309999,25.93,26.129999,282900,
RGR,47.099998,47.299999,45.369999,45.75,330600,
RGS,17.85,17.91,17.469999,17.51,200400,
RHI,33.75,33.75,33.220001,33.25,602100,
RHP,34.200001,34.59,33.880001,34.23,1777200,
RHT,46.68,46.740002,45.959999,46.400002,2234800,
RIC,1.77,1.84,1.77,1.8,52100,
RICK,8.68,8.74,8.6,8.68,72300,
RIG,49.810001,49.93,48.02,48.32,4546300,
RIGL,3.72,3.83,3.71,3.76,564000,
RIMG,8.09,8.14,7.98,8.05,3200,
RIO,42.439999,42.52,41.900002,42.09,3595500,
RIOM,2.39,2.45,2.3,2.36,79200,
RJA,8.64,8.66,8.59,8.64,429500,
RJET,10.43,10.45,10.19,10.3,207800,
RJF,42.32,42.369999,41.32,41.450001,912500,
RJI,8.22,8.24,8.2,8.21,590500,
RJN,6.53,6.58,6.53,6.54,18200,
RKT,102.75,102.75,99.82,100.010002,2062400,
RKUS,11.74,11.99,11.22,11.34,985500,
RL,175.210007,175.210007,172.220001,172.460007,254800,
RLD,15.63,15.63,15.27,15.41,130600,
RLGY,48.400002,48.48,46.470001,46.860001,2407400,
RLH,5.98,6.07,5.98,6.05,78400,
RLI,75.349998,75.989998,74.379997,74.739998,77800,
RLJ,23.09,23.18,22.58,22.639999,704000,
RLOC,14.45,14.5,13.65,13.68,128300,
RMBS,8.78,8.83,8.33,8.55,2443800,
RMD,47.259998,47.700001,46.709999,46.77,764500,
RMTI,4.04,4.09,3.94,3.99,508700,
RNDY,7.51,7.57,7.42,7.44,140500,
RNF,30.200001,30.530001,29.889999,30.040001,220400,
RNO,13.99,13.99,13.9,13.9,10500,
RNR,85.309998,85.809998,84.660004,84.879997,388800,
RNST,23.940001,24.01,23.42,23.65,41200,
ROC,65.32,65.34,63.97,64.03,470615,
ROCK,16.030001,16.200001,15.6,15.61,80000,
ROCM,14.85,14.85,14.62,14.64,11800,
ROG,48.639999,48.639999,47.73,47.990002,44100,
ROIC,14,14,13.6,13.83,300800,
ROK,86.099998,86.190002,84.07,84.260002,680200,
ROL,24.99,25.069994,24.739995,24.780001,183600,
ROLL,51.34,51.34,50.119999,50.41,126500,
ROM,82.07,82.07,79.32,79.440002,77000,
ROP,122.309998,122.519997,119.449997,119.57,525500,
ROSE,45.950001,46.220001,45,45.23,458900,
ROSG,3.88,3.9,3.75,3.82,174800,
ROST,64.230003,64.370003,63.360001,63.529999,1365000,
ROVI,25.129999,25.129999,24.51,24.610001,651400,
ROYL,2.53,3.34,2.52,2.87,4011400,
ROYT,18.200001,18.27,17.66,17.860001,155100,
RP,17.219999,17.35,16.889999,17.17,213500,
RPAI,15.74,15.8,14.99,15,1086100,
RPM,32.380001,32.43,31.889999,32.049999,236600,
RPRX,18.49,18.99,18.09,18.32,187600,
RPTP,7.66,7.9,7.57,7.58,296300,
RPXC,15.78,15.78,15.13,15.18,272700,
RRC,75.110001,75.339996,73.209999,73.489998,747000,
RRD,12.73,12.83,12.59,12.81,1067100,
RRGB,57.310001,57.849998,56.400002,56.610001,120600,
RRMS,35.939999,35.939999,35.080002,35.599998,35200,
RRTS,27.5,28,27.27,27.950001,234000,
RS,64.849998,65.370003,63.560001,63.939999,275400,
RSE,19.85,20.17,19.02,19.040001,255300,
RSG,33.93,33.93,33.57,33.59,1313600,
RSH,30.825,30.825,30.825,30.825,0,
RSO,6.23,6.23,6.05,6.09,246200,
RSOL,2.83,3.17,2.8,2.95,3699700,
RSP,62.380001,62.450001,61.310001,61.349998,471100,
RST,16,16,15.74,15.85,154300,
RSTI,27.299999,27.299999,26.719999,26.83,63700,
RSX,24.809999,24.809999,24.309999,24.49,9058000,
RSYS,5.1,5.1,5,5.03,42600,
RT,9.53,9.6,9.4,9.46,289400,
RTEC,12.31,12.55,12.21,12.23,100300,
RTH,52.259998,52.540001,51.880001,51.889999,116500,
RTI,28.76,28.83,28.18,28.280001,207900,
RTIX,4.44,4.48,4.33,4.37,318900,
RTK,2.21,2.23,2.11,2.15,278700,
RTN,67.050003,67.300003,66.559998,66.709999,1336800,
RUE,41.94,41.96,41.81,41.81,526100,
RUSHA,25.639999,26.01,25.440001,25.49,49100,
RUSL,19.640392,19.640392,18.500369,18.900378,2900,
RUSS,22.68,23.99,22.68,23.540001,7100,
RUT,986.049988,987.960022,971.409973,972.309998,32025500,
RUTH,11.61,12.13,11.6,11.95,439200,
RVBD,16.06,16.099,15.435,15.86,5031400,
RVLT,3.94,3.94,3.71,3.75,41700,
RVM,0.87,0.89,0.82,0.82,104700,
RWM,20.389999,20.77,20.370001,20.73,209200,
RWO,42.610001,42.610001,41.799999,41.84,367600,
RWR,76.480003,76.5,74.800003,75.059998,259300,
RWT,18.690001,19,18.450001,18.5,1847400,
RWX,40.41,40.459999,39.700001,39.84,563100,
RXN,18.93,19,18.74,18.809999,102500,
RY,58.73,58.73,57.650002,57.799999,661600,
RYAAY,49.920002,49.920002,49.230003,49.660002,191000,
RYL,41.130001,41.509998,39.880001,40.080002,1228600,
RYN,53.980005,53.980005,52.009998,52.07,1276200,
S,7.41,7.41,7.33,7.35,44834800,
SA,11.88,12.45,11.75,12.01,171200,
SAA,73.290001,73.290001,73.290001,73.290001,400,
SAAS,7.72,7.72,7.53,7.63,279500,
SABA,8.87,8.97,8.87,8.87,8300,
SAFM,71.339996,71.910004,70.459999,70.459999,208000,
SAFT,51.700001,51.98,50.700001,51.459999,49000,
SAH,22.950001,23.01,21.98,22.18,240200,
SAI,0.035,0.035,0.035,0.035,0,
SAIA,47.350004,47.88,45.900001,46.279996,123000,
SAM,162,167.160004,161.139999,165.059998,147200,
SAN,7.16,7.17,7.01,7.02,5610600,
SAND,7.24,7.46,7.22,7.26,345200,
SANM,14.05,14.05,13.62,13.68,441900,
SAP,77.040001,77.059998,75.989998,76.099998,916000,
SAPE,12.84,12.99,12.79,12.93,949800,
SATS,40.130001,40.290001,39.900002,40.02,62200,
SAVE,32.23,32.549999,31.33,31.450001,477800,
SB,5.18,5.18,5.08,5.14,53800,
SBAC,74.68,75.010002,73.93,73.980003,2125600,
SBGI,25.190001,25.34,24.040001,24.09,830700,
SBGL,3.91,3.97,3.87,3.92,267000,
SBH,30.440001,30.719999,30,30.08,1566400,
SBNY,77.720001,77.870003,76.879997,76.940002,123600,
SBS,11.97,12.01,11.57,11.68,1544000,
SBSI,22.659996,24.480002,22.57,24.010003,220400,
SBUX,65.82,66,64.260002,64.449997,10070000,
SBY,16.82,16.969999,16.57,16.940001,600000,
SCCO,29.950001,29.969999,29.26,29.27,2441400,
SCG,49.41,49.580002,48.529999,48.57,671700,
SCHA,44.509998,44.580002,43.77,43.849998,157800,
SCHB,39.709999,39.759998,39.060001,39.110001,311000,
SCHD,33.610001,33.610001,33.060001,33.080002,171800,
SCHE,23.690001,23.77,23.32,23.379999,307500,
SCHF,28.23,28.24,27.83,27.860001,280500,
SCHG,39.009998,39.029999,38.400002,38.450001,102500,
SCHH,32.169998,32.18,31.440001,31.57,648000,
SCHL,29.26,29.35,28.700001,28.799999,84400,
SCHM,32.48,32.48,31.84,31.889999,101900,
SCHN,24.4,24.82,23.83,24.01,287300,
SCHV,37.099998,37.099998,36.509998,36.549999,72100,
SCHW,19.969999,19.98,19.530001,19.59,8959200,
SCHX,39.110001,39.150002,38.470001,38.52,333200,
SCI,17.799999,17.83,17.4,17.57,1721100,
SCIF,7.9,7.98,7.77,7.79,71000,
SCLN,4.94,4.97,4.85,4.9,118600,
SCMP,7.28,7.37,6.91,7.14,159900,
SCO,36.700001,37.150002,36.41,36.900002,1508100,
SCOK,1.52,1.59,1.5,1.5101,37309,
SCOR,22.35,22.5,22,22.27,209200,
SCR,17.035,17.035,17.035,17.035,0,
SCS,14.01,14.11,13.89,13.96,438800,
SCSC,34.049999,34.380001,33.630001,33.75,36900,
SCSS,22.65,24.200001,22.52,23.450001,1611200,
SCTY,34.5,36.400002,33.73,34.279999,3091600,
SCVL,24.219999,24.65,23.690001,23.780001,43500,
SCZ,43.59,43.59,43.009998,43.080002,112100,
SD,4.85,4.9,4.66,4.67,8524400,
SDIV,21.860001,21.860001,21.530001,21.559999,247400,
SDLP,28.959999,29.299999,28.42,29.01,261300,
SDOW,41.029999,43.040001,40.889999,42.869999,522000,
SDR,13.65,13.72,13.25,13.35,141100,
SDRL,39.75,39.790001,39.16,39.299999,2206400,
SDS,39.560001,40.860001,39.490002,40.779999,14490800,
SDT,14.17,14.42,13.75,13.85,175100,
SDY,67.730003,67.93,66.839996,66.900002,1157200,
SE,33,33.959999,32.900002,33.68,19682100,
SEA,17.379999,17.42,17.15,17.219999,56100,
SEAC,11.14,11.33,11.04,11.25,89700,
SEAS,37.18,37.25,36.389999,36.630001,206000,
SEE,24.08,24.08,23.389999,23.450001,992200,
SEED,1.47,1.56,1.46,1.52,29400,
SEF,23.639999,23.93,23.549999,23.860001,18200,
SEIC,29.639999,29.67,28.860001,28.92,711700,
SEM,8.13,8.2,8.02,8.14,425500,
SEMG,52.73,52.73,51.75,51.93,183000,
SEP,38.419998,39.59,38.419998,39.48,856500,
SF,35.639999,35.639999,34.889999,34.970001,224300,
SFC,92.75,92.879997,91.739998,92.040001,0,
SFD,32.79,32.88,32.75,32.75,3966670,
SFE,15.73,15.73,15.55,15.58,85300,
SFG,46.299999,46.389999,45.610001,45.669998,90700,
SFI,21400,22000,21400,21400,0,
SFL,16.73,16.77,16.23,16.440001,605700,
SFLY,51.470001,51.470001,49.889999,50.139999,455200,
SFUN,27.060001,27.2,26.289999,26.359999,772500,
SFY,14.36,14.36,13.63,13.7,733100,
SGEN,33.810001,34.049999,32.220001,32.27,644200,
SGG,58.259998,58.290001,57.700001,57.759998,3500,
SGI,14.41,14.57,13.98,14.07,174100,
SGMO,8.24,8.24,7.71,7.77,459200,
SGMS,11.78,11.78,11.33,11.38,251900,
SGOL,135.5,137.360001,135.5,136.770004,23300,
SGU,4.93,4.93,4.85,4.86,28100,
SGY,23.01,23.029999,22.46,22.51,4500,
SGYP,4.740004,4.850003,4.509999,4.550001,646700,
SH,29.09,29.58,29.07,29.540001,1843400,
SHEN,17.139999,17.139999,16.559999,16.84,72600,
SHFL,18.13,18.185,17.63,17.66,129600,
SHLD,46.419878,46.419878,44.899882,45.069879,719300,
SHLM,27.65,27.65,27,27.030001,90500,
SHO,11.5,11.5,11.08,11.14,751700,
SHOO,48.460007,48.460007,47.599995,47.819999,880300,
SHOR,3.77,3.77,3.6,3.64,482500,
SHOS,44.549999,45.209999,41.779999,43.220001,566600,
SHPG,98.82,98.940002,97.239998,97.379997,165700,
SHW,181.740005,182.789993,177.940002,178.220001,503600,
SHY,84.32,84.360001,84.309998,84.330002,2149200,
SI,0.15,0.15,0.15,0.15,0,
SIAL,82.629997,82.629997,80.989998,81.360001,678900,
SID,2.79,2.84,2.75,2.79,5757000,
SIFY,1.88,1.91,1.88,1.88,21700,
SIG,67.82,68.220001,66.660004,66.690002,210600,
SIGA,3.25,3.25,3.08,3.11,236800,
SIGM,5.2,5.3,5.11,5.24,417000,
SIL,13.609986,13.849985,13.529986,13.579986,35800,
SIM,13.1,13.22,12.86,13.04,39600,
SIMG,5.79,5.79,5.52,5.59,890900,
SIMO,11.1,11.16,10.78,10.78,227200,
SINA,58.16,58.599998,55.470001,55.849998,2095700,
SIR,28.629999,28.66,27.790001,27.99,95700,
SIRI,3.35,3.36,3.21,3.24,74233200,
SIRO,69.5,69.650002,67.910004,68.059998,352300,
SIVB,76.870003,76.959999,74.980003,75.410004,108700,
SIVR,21.450001,21.77,21.450001,21.52,93800,
SIX,74.910004,75.57,74.360001,74.550003,602200,
SJB,31.65,31.700001,31.459999,31.639999,174300,
SJI,58.18,58.18,57.299999,57.299999,110000,
SJM,101.32,101.43,100.410004,100.830002,673900,
SJR,22.639999,22.639999,22,22.07,715400,
SJT,15.67,15.74,15.55,15.55,74700,
SKF,22.719999,23.629999,22.719999,23.52,226100,
SKH,7.03,7.07,6.89,6.92,50800,
SKM,20.950001,20.98,20.870001,20.889999,1628500,
SKS,14.55,14.6,14.335,14.36,753300,
SKT,33.720001,33.880001,33.049999,33.119999,487600,
SKUL,5.85,5.85,5.62,5.64,245400,
SKX,22.25,22.4,21.760001,21.870001,661200,
SKYW,13.88,14.05,13.77,13.93,249500,
SKYY,21.57,21.57,21.15,21.17,14500,
SLAB,42.279999,42.279999,40.869999,41.16,186800,
SLB,72.139999,72.190002,70.879997,70.949997,6256100,
SLCA,22.110001,22.25,21.379999,21.65,1101800,
SLF,29.540001,29.57,28.950001,29.059999,270200,
SLG,87.010002,87.169998,86.260002,87.010002,1568500,
SLGN,47.380001,47.709999,46.360001,46.689999,125500,
SLH,55.16,55.32,54.810001,54.849998,257000,
SLM,23.580006,23.580006,23.269989,23.339994,7691400,
SLRC,23.16,23.219999,22.65,22.82,388200,
SLT,36.66,36.66,36.66,36.66,0,
SLV,20.969999,21.26,20.870001,21.02,8216300,
SLW,22.92,23.559999,22.9,23.17,4035000,
SLX,39.119999,39.5,38.669998,38.799999,78200,
SLXP,68.62,68.62,64.43,65.04,1034600,
SM,62.610001,62.779999,61.369999,61.610001,377400,
SMA,1.38,1.38,1.33,1.38,2900,
SMFG,8.67,8.67,8.44,8.51,1732000,
SMG,47.299999,47.400002,46.919998,47,399800,
SMH,38.240002,38.439999,37.290001,37.360001,2156700,
SMLP,33.509998,34.490002,33.16,33.82,111000,
SMN,48.119999,50.029999,48.119999,49.939999,38200,
SMP,35.080002,35.080002,34.049999,34.32,109800,
SMRT,13.3,13.44,13.23,13.33,105200,
SMS,0.5,0.5,0.5,0.5,2000,
SMSI,1.22,1.25,1.21,1.22,5100,
SMT,1.38,1.38,1.29,1.36,126700,
SMTC,35.889999,36.040001,34.799999,35.009998,324900,
SN,21.860001,22.01,21.67,21.690001,251800,
SNA,90.889999,91.169998,88.690002,89.160004,301200,
SNAK,7.87,8,7.87,7.97,46300,
SNCR,31.700001,31.85,31.389999,31.52,155100,
SNDK,59.709999,60.169998,58.759998,58.93,1919200,
SNE,20.629999,20.66,20.18,20.280001,3401500,
SNH,26.07,26.129999,25.27,25.34,1862200,
SNHY,31.620001,31.620001,30.809999,30.84,22200,
SNI,66.089996,66.300003,64.220001,64.400002,715700,
SNP,94.999992,94.999992,93.149997,93.149997,55700,
SNPS,36.720001,36.720001,36.119999,36.200001,452100,
SNSS,5.06001,5.13001,4.85001,4.86001,76700,
SNTA,4.34,4.38,4.05,4.1,1549800,
SNTS,19200,19200,19200,19200,5700,
SNV,2.730055,2.750055,2.650053,2.650053,730500,
SNX,41.360001,41.709999,40.150002,41.389999,289700,
SNY,54.099998,54.23,53.439999,53.52,906400,
SO,44.459999,44.59,43.799999,43.919998,3768700,
SODA,73.93,75.669998,70.459999,70.639999,2111600,
SOHU,64.699997,65.360001,63.650002,64.099998,366200,
SOL,2.04,2.08,1.92,1.98,768200,
SON,34.98,35.040001,34.560001,34.599998,266100,
SONC,14.37,14.86,14.37,14.4,981700,
SONS,3.43,3.43,3.32,3.35,247200,
SORL,2.63,2.68,2.61,2.64,12300,
SOX,468.19,468.81,457.62,458.33,0,
SOXL,46.98,47.27,44.009998,44.169998,1156400,
SOXS,16.01,17.16,15.96,17.1,26500,
SOXX,63.59,63.720001,62.220001,62.279999,117100,
SOYB,25.23,25.23,24.57,24.93,19300,
SPAR,6.06,6.12,5.9,5.92,59000,
SPB,61.919998,61.98,60.529999,60.799999,112900,
SPF,8.57,8.63,8.35,8.38,4779000,
SPG,163.140001,163.249989,159.019984,159.669988,1763800,
SPH,46.889999,46.93,46,46.5,118100,
SPIL,5.85,5.85,5.69,5.71,425900,
SPLK,44.490002,44.790001,43.73,43.799999,1072900,
SPLS,15.64,15.76,15.48,15.54,7002000,
SPLV,31.18,31.25,30.82,30.83,1450700,
SPN,26.540001,26.67,25.92,26.219999,1985100,
SPNC,19.24,19.299999,19,19.09,129200,
SPP,2.06,2.15,2.04,2.13,4100,
SPPI,8.3,8.42,8,8,466700,
SPR,21.92,21.92,21.26,21.35,651200,
SPRD,19.27,19.45,18.91,18.95,1051500,
SPRT,4.49,4.61,4.47,4.55,213300,
SPSC,54.16,54.27,52.349998,52.669998,16500,
SPTN,19.27,19.27,18.620001,18.629999,43300,
SPU,2.16,2.16,2.16,2.16,100,
SPW,78.410004,78.419998,75.959999,76.300003,258000,
SPWR,20.049999,20.639999,18.91,19.120001,3905800,
SPX,1629.939941,1637.709961,1610.920044,1612.52002,3202550000,
SPXL,44.209999,44.330002,42.110001,42.27,3030200,
SPXS,10.4,10.92,10.37,10.88,995800,
SPXU,23.43,24.59,23.370001,24.51,2052400,
SPY,164.220001,164.389999,161.600006,161.75,177361500,
SQI,22.299999,22.299999,21.85,21.950001,23300,
SQM,43.409999,43.58,42.919998,42.999997,496800,
SQNM,4.07,4.25,4.07,4.21,4081200,
SQQQ,27.09,28.639999,27.049999,28.52,1145100,
SRC,19.990001,20.070002,19.390008,19.52001,1161900,
SRCL,106.660004,107.260002,105.669998,105.809998,329100,
SRDX,22.59,22.59,21.799999,22.040001,54400,
SRE,79.879997,79.900002,78.360001,78.360001,783000,
SREV,8.57,8.74,8.36,8.62,962700,
SRI,11.17,11.17,10.88,10.98,370100,
SRPT,38.900002,39.279999,37.049999,37.330002,978700,
SRS,21.360001,22.360001,21.360001,22.26,73300,
SRT,4.73,4.81,4.67,4.7,37800,
SRTY,19.49,20.530001,19.41,20.43,375300,
SSD,28.33,28.440001,27.889999,28.049999,155400,
SSG,27.570002,28.820002,27.570002,28.679999,1700,
SSH,5.63,5.67,5.53,5.58,27300,
SSI,23.209999,23.209999,22.549999,22.57,199400,
SSL,42.419998,42.580002,41.740002,41.849998,222500,
SSN,0.46,0.46,0.45,0.45,27200,
SSNC,31.91,32.189999,31.389999,31.85,301200,
SSO,79.940002,80.059998,77.370003,77.57,17835000,
SSP,13.670003,13.689996,13.380002,13.380002,198800,
SSRI,7.23,7.5,7.2,7.23,760900,
SSS,65.059998,65.059998,63.25,63.48,117100,
SSW,23.200001,23.26,22.57,22.709999,64500,
SSYS,83.040001,83.970001,81.019997,81.809998,352900,
ST,35.419998,35.5,34.759998,35.049999,874000,
STAA,9.06,9.07,8.91,8.97,63800,
STAG,21.26,21.26,20.209999,20.42,705200,
STB,6.38,6.4,6.23,6.25,59400,
STBA,19.66,19.66,19.209999,19.309999,21100,
STBZ,15.26,15.3,15.05,15.1,18600,
STC,27.75,27.799999,26.5,26.719999,162200,
STE,45.080002,45.279999,43.82,43.91,295200,
STEC,3.45,3.67,3.4201,3.5,602000,
STEI,13.05,13.06,13.04,13.05,811900,
STEL,18.89,18.97,18.75,18.89,98200,
STFC,18.879999,18.879999,18.299999,18.32,15700,
STI,31.940001,32,31.32,31.33,4081300,
STJ,45.310001,45.810001,44.599998,44.669998,2847400,
STKL,7.64,7.64,7.46,7.46,156700,
STLD,14.66,14.81,14.34,14.44,1751100,
STM,9.47,9.49,9.3,9.35,1713500,
STMP,38.290001,38.669998,37.060001,37.189999,63400,
STNG,8.82,8.83,8.65,8.71,485600,
STO,22.280001,22.280001,21.879999,21.91,1685600,
STON,26.049999,26.280001,25.459999,25.58,112800,
STP,0.5,0.52,0.495,0.51,810400,
STR,23.98,24.049999,23.48,23.49,931500,
STRA,55.439999,55.939999,53.720001,53.91,87900,
STRI,2.659973,2.659973,2.499975,2.529975,34400,
STRL,10.05,10.15,10.01,10.07,18500,
STRM,6.43,6.43,6.11,6.23,88800,
STRZA,22.290001,22.450001,21.58,21.709999,754800,
STSA,22.14,22.27,21.7,21.72,63800,
STSI,1.44,1.48,1.41,1.42,417200,
STT,66.669998,66.669998,64.830002,64.910004,3226700,
STV,1.59,1.59,1.51,1.54,52100,
STWD,25.270006,25.310004,24.389997,24.930006,2459600,
STX,44.360001,44.619999,43.41,43.57,3389700,
STZ,52.209999,52.360001,51.200001,51.509998,1771000,
SU,30.809999,30.870001,30.139999,30.26,3255800,
SUI,49.220001,49.279999,47.75,47.799999,116900,
SUNE,8.25,8.3,7.79,7.86,3584100,
SUP,18.16,18.4,17.74,17.77,62500,
SUPN,6.8,6.83,6.51,6.58,344800,
SUPX,21.91,22.1,21.78,22.01,24300,
SURG,3.75,3.8,3.55,3.69,195100,
SUSP,28.5,28.54,28.15,28.15,157900,
SUSQ,12,12.06,11.74,11.78,718200,
SUSS,48.62,48.915,47.32,47.33,173200,
SUTR,1.91,1.92,1.85,1.88,93200,
SVA,4.04,4.08,3.99,3.99,65600,
SVM,2.91,3,2.88,2.9,615400,
SVN,16.05,16.05,16.05,16.05,0,
SVNT,0.76,0.77,0.68,0.7,652900,
SVO,369.0656,370.5997,367.1421,368.7409,0,
SVU,6.48,6.5,6.18,6.18,2639700,
SVXY,85.389999,85.559998,77.669998,78.68,4799000,
SWC,12.03,12.18,11.95,12.06,1129100,
SWFT,16.93,17.200001,16.51,16.59,885200,
SWHC,9.17,9.26,9.08,9.09,1117900,
SWI,39.82,40.189999,39.48,39.540001,557900,
SWIR,11.55,11.98,11.55,11.89,106000,
SWK,80.32,80.360001,78.519997,78.68,687800,
SWKS,21.5,21.59,20.620001,20.719999,3656100,
SWM,49.82,50.09,49.470001,49.509998,176100,
SWN,37.459999,37.48,36.470001,36.560001,1555700,
SWSH,0.9,0.94,0.86,0.93,67500,
SWX,48,48.060001,47.34,47.389999,92200,
SWY,20.88,21.02,20.65,20.69,7969300,
SXC,15.34,15.36,14.86,14.88,374300,
SXCP,22.49,22.82,22.190001,22.540001,9700,
SXE,22.6,22.82,22.23,22.82,12100,
SXI,53.709999,53.709999,51.880001,52.380001,17600,
SXL,62.830002,63.580002,62.32,63.580002,314800,
SXT,40.880001,40.880001,40.080002,40.150002,77500,
SYA,15.04,15.18,15.04,15.11,500600,
SYK,67.220001,67.25,66.360001,66.370003,1043200,
SYKE,15.89,15.89,15.45,15.45,68100,
SYMC,22.23,22.51,22.120001,22.18,11250300,
SYNA,38.540001,39.119999,37.209999,37.689999,1674600,
SYNC,3.35,3.35,3.15,3.16,293700,
SYNT,65.279999,65.5,63.259998,64.139999,201200,
SYRG,6.58,6.58,6.3,6.39,262800,
SYT,79.790001,79.800003,78.610001,78.620003,159200,
SYX,9.52,9.52,9.41,9.42,12600,
SYY,34.27,34.450001,34.139999,34.16,2667200,
SZYM,11.95,11.99,11.42,11.63,358700,
T,36,36.139999,35.57,35.619999,16955600,
TA,10.79,10.84,10.5,10.5,169500,
TAHO,14.02,14.11,13.73,13.82,40500,
TAL,10.74,10.74,10.44,10.45,55800,
TAM,20.47,20.61,19.99,20.18,96800,
TAN,24.450001,24.790001,23.51,23.57,466100,
TAO,20.290001,20.309999,19.99,20.110001,54400,
TAOM,4.15,4.15,4.05,4.09,6100,
TAP,50.889999,51.07,49.599998,49.599998,1077600,
TASR,9.45,9.48,9.31,9.41,399400,
TAST,5.9,5.99,5.9,5.97,118300,
TAT,0.8,0.8,0.78,0.8,23200,
TAXI,14.04,14.09,13.49,13.71,187700,
TAYC,16.8,16.8,16.3,16.67,113300,
TBBK,14.05,14.23,13.8,13.84,102400,
TBF,30.77,30.99,30.52,30.940001,1885000,
TBI,22.799999,22.799999,22.219999,22.49,222200,
TBT,69.419998,70.25,68.410004,70.220001,7673700,
TC,3.4,3.46,3.25,3.3,1258500,
TCAP,28.35,28.35,27.209999,27.5,243000,
TCB,14.33,14.4,14.04,14.05,546800,
TCBI,44.5,44.720001,43.700001,43.900002,285400,
TCK,24.27,24.33,23.52,23.58,2537200,
TCO,77.989998,77.989998,76.620003,77.080002,511100,
TCP,43.619999,44.09,43,43.799999,239200,
TCRD,15.01,15.08,14.89,14.9,285600,
TD,80.690002,80.690002,78.809998,79.089996,1161400,
TDC,57.099998,57.18,55.669998,55.860001,1007300,
TDG,148.630005,148.630005,145.039993,145.229996,366700,
TDIV,22.450001,22.48,22.1,22.139999,197700,
TDS,23.08,23.190001,22.870001,22.940001,592800,
TDW,57.049999,57.18,55.82,56,412400,
TDY,75.5,75.580002,73.989998,74.279999,66100,
TE,17.370001,17.450001,17.120001,17.18,1328800,
TEAR,11.7,11.79,10.74,10.94,87700,
TECD,49.740002,50.98,49.169998,49.18,72700,
TECH,66.519997,66.660004,65.379997,66,92200,
TECL,62.509998,62.849998,59.919998,60.189999,380400,
TECS,33.259998,34.75,33.23,34.669998,13600,
TECUA,10.42,10.57,10.1,10.23,44600,
TEF,13.75,13.77,13.44,13.48,1061200,
TEG,57.349998,57.360001,56.41,56.470001,206600,
TEL,45.23,45.360001,44.619999,44.700001,1523900,
TEN,45.220001,45.360001,44.330002,44.5,324400,
TEO,15.8,15.86,15.3,15.42,106500,
TEP,21.25,21.459999,21.200001,21.299999,162000,
TER,17.709999,17.75,17.139999,17.200001,1621900,
TESO,12.53,12.62,12.42,12.5,232000,
TEU,4.03,4.1,4.02,4.03,91600,
TEVA,39.650002,39.889999,38.950001,39.080002,6479200,
TEX,33,33.130001,31.219999,31.440001,2277500,
TFM,52.790001,52.790001,51.700001,52.200001,343900,
TFSL,11.04,11.13,10.89,11.08,267100,
TFX,77.900002,78.040001,77.199997,77.400002,132100,
TG,25.139999,25.299999,24.91,24.92,45400,
TGA,7.18,7.23,7.08,7.1,54900,
TGB,1.97,2.02,1.94,1.95,464600,
TGH,37.860001,38.299999,37.689999,37.849998,160700,
TGI,79.809998,79.82,78.709999,78.709999,268700,
TGP,42.209999,42.369999,41.52,41.77,133000,
TGT,70.349998,70.650002,69.120003,69.43,4104200,
THC,46.82,47,45.990002,46.09,791000,
THG,48.759998,48.84,48.139999,48.18,182400,
THI,53.41,53.45,52.64,52.7,258000,
THLD,5.7,5.7,5.3,5.42,394800,
THM,0.81,0.83,0.78,0.78,82700,
THO,47.16,47.330002,46.59,46.93,564500,
THOR,31.540001,31.75,31.24,31.309999,502200,
THRM,18.450001,18.57,18.379999,18.49,313100,
THRX,36.470001,37.009997,35.81,35.81,1426700,
THS,67.120003,67.480003,66.099998,66.139999,92400,
TI,7.18,7.2,7.12,7.14,585900,
TIBX,21.3,21.49,20.61,20.7,2268700,
TICC,9.56,9.62,9.33,9.33,733900,
TIF,77.470001,77.860001,76.330002,76.400002,878600,
TILE,16.700001,17.02,16.440001,16.85,369300,
TINY,3.32,3.44,3.24,3.24,92300,
TIP,114.410004,114.610001,113.669998,113.699997,2283100,
TISI,36.619999,36.619999,35.84,36.049999,57200,
TITN,20.440001,20.610001,20.059999,20.059999,311300,
TIVO,25.129999,25.129999,24.51,24.610001,651400,
TJX,50.02,50.330002,49.919998,49.98,3506500,
TK,39.68,39.900002,38.970001,39.139999,88700,
TKC,14.22,14.93,14.14,14.88,1451500,
TKR,58.009988,58.189996,56.280003,56.5,1109100,
TLAB,2.27,2.27,2.16,2.17,2104200,
TLH,129.460007,130.059998,129.029999,129.029999,23100,
TLK,41.169998,41.23,40.009998,40.189999,338200,
TLLP,58.52,59.139999,57.93,58.759998,215300,
TLM,11.62,11.66,11.32,11.36,2299800,
TLP,41.970001,42.09,41.709999,41.709999,16400,
TLT,113,113.830002,112.269997,112.330002,10193200,
TLYS,16.25,16.389999,16.09,16.18,41500,
TM,120.959999,121.330002,118.370003,119.129997,595500,
TMF,58.490002,59.68,57.32,57.389999,469200,
TMH,40,40,39.48,39.720001,323900,
TMHC,24.4,25.09,23.4,23.940001,289200,
TMK,64.679998,65.410006,64.370012,64.5,1072800,
TMO,85.970001,86,84.239998,84.349998,2092400,
TMUS,21.5,21.540001,21.23,21.299999,3158400,
TMV,61.02,62.060001,59.68,62,509000,
TNA,49.27,49.5,46.759998,46.950001,16744600,
TNAV,5.14,5.23,5.11,5.17,189900,
TNC,50.330002,50.459999,50.009998,50.220001,35100,
TNGO,15.77,15.97,15.16,15.82,482700,
TNK,2.65,2.68,2.6,2.6,248400,
TNP,4.9,4.95,4.63,4.71,267400,
TOL,32.240002,32.400002,31.299999,31.75,4938800,
TOO,32.02,32.389999,31.610001,31.959999,191400,
TOT,50.09,50.110001,49.5,49.549999,971000,
TPC,17.280001,17.280001,16.719999,16.85,92000,
TPH,16.889999,17.049999,16.469999,16.610001,132600,
TPLM,6.8,6.88,6.53,6.61,652200,
TPX,43.5,43.880001,42.619999,42.77,670000,
TQNT,6.88,6.905,6.71,6.74,1526300,
TQQQ,71.730003,71.739998,67.669998,68,9312000,
TR,32.150092,32.230084,31.690082,31.740085,32100,
TRAK,33,33,32.419998,32.619999,82900,
TRC,30.129997,30.360002,29.750001,29.790003,24000,
TREX,50.619999,50.619999,49.5,49.860001,312600,
TRGP,66.040001,66.050003,64.879997,65.019997,103700,
TRGT,5.22,5.22,4.91,4.91,716100,
TRI,33.77,33.799999,32.82,32.880001,1044800,
TRIB,17.1,17.24,17.049999,17.08,53000,
TRIP,64.480003,64.82,63.18,63.18,1419100,
TRLA,30.35,30.57,29.2,29.35,337900,
TRLG,31.73,31.76,31.6999,31.71,120000,
TRMB,26.66,26.74,26.049999,26.15,1593900,
TRMK,24.85,24.85,24.209999,24.280001,156200,
TRN,39.23,39.5,38.009998,38.23,2135200,
TRNX,15.71,15.89,15.41,15.7,76200,
TROW,74.760002,74.809998,72.370003,72.459999,1178600,
TROX,21.530001,21.629999,21.049999,21.219999,303100,
TRP,45.450001,45.619999,45.09,45.189999,862900,
TRQ,6.230004,6.38,6.160001,6.199997,3240000,
TRS,34.290001,34.439999,33.619998,33.720001,228700,
TRV,82.559998,82.839996,81.440002,81.449997,1439200,
TRW,64.08,64.15,62.9,62.93,807200,
TRX,3.06,3.15,3.04,3.08,125200,
TS,41.720001,41.77,40.810001,40.889999,791600,
TSCO,115.07,115.25,112.57,112.690002,1005800,
TSL,5.74,5.81,5.49,5.52,2363700,
TSLA,96.800003,100.480003,95.75,97.730003,9192700,
TSM,18.639999,18.719999,18.290001,18.360001,8052500,
TSN,25.620001,25.85,25.42,25.42,3742200,
TSO,57.75,58.380001,57.16,57.279999,2242700,
TSPT,3.02,3.02,2.95,2.97,88900,
TSRA,20.969999,21.040001,20.440001,20.540001,154200,
TSRX,9.02,9.25,8.71,8.73,1841000,
TSS,23.360001,23.370001,22.91,22.940001,2118400,
TSU,18.74,18.75,18.4,18.549999,722900,
TSYS,2.31,2.32,2.26,2.31,59000,
TTC,47.189999,47.349998,46.380001,46.490002,312000,
TTCMY,6.2,6.35,6.01,6.26,170800,
TTEC,23.84,23.92,23.6,23.780001,110100,
TTEK,27.190001,27.190001,26.870001,26.92,203500,
TTI,10.75,10.82,10.43,10.44,355800,
TTM,25.41,25.48,24.870001,24.969999,1048600,
TTMI,8.24,8.29,8.06,8.06,127600,
TTS,29.129999,29.25,28.5,28.709999,242300,
TTT,79,80.239998,77.209999,80.120003,52000,
TTWO,16.6,16.65,15.25,15.37,7221300,
TU,33.759998,33.830002,32.799999,32.970001,157800,
TUES,10.4,10.49,10,10.13,218800,
TUMI,24.700001,24.82,23.870001,23.99,177900,
TUP,82.589996,82.910004,79.160004,79.43,571400,
TV,23.940001,23.99,23.01,23.299999,2611400,
TVL,2.69,2.7,2.45,2.45,4900,
TW,76.139999,76.139999,74.900002,74.93,107000,
TWC,96.470001,96.580002,93.800003,93.900002,1413000,
TWER,2.25,2.3,2.14,2.19,18200,
TWGP,19.82,20,19.53,19.56,264300,
TWI,18.34,18.379999,17.84,17.99,1766700,
TWIN,23.43,24.01,23.280001,23.65,23500,
TWM,17.700001,18.35,17.66,18.280001,1022500,
TWO,10.7,10.7,10.36,10.53,10251500,
TWTC,28.84,28.84,28.17,28.37,1234300,
TWX,57.319992,57.43,55.860001,56.160001,5619100,
TX,22.5,22.719999,22.15,22.309999,107400,
TXCC,0.48,0.48,0.42,0.44,391500,
TXI,66,66,64.75,64.95,130000,
TXN,35.5,35.529999,34.650002,34.790001,8378600,
TXRH,24.82,24.82,23.98,24.059999,537100,
TXT,26.92,26.98,25.99,26.120001,3303500,
TYC,33.9,33.91,33.130001,33.31,4059700,
TYD,40.41,40.43,40.07,40.07,3200,
TYL,68.860001,68.860001,67.419998,67.599998,153600,
TYO,23.84,23.92,23.610001,23.889999,56200,
TYPE,24,24.280001,23.65,23.73,110400,
TZA,31.110001,32.75,30.969999,32.57,5100800,
TZOO,27.65,28.18,27,27.85,62800,
UA,59.900002,60.009998,58.639999,59.040001,4852800,
UAL,32.470001,33,31.969999,32.040001,2200500,
UAM,9.33,9.38,9.18,9.2,97400,
UAN,24.450001,24.450001,23.370001,23.51,458500,
UBA,21.17,21.17,20.52,20.559999,56900,
UBNT,16.4,16.549999,16.030001,16.32,502200,
UBS,17.55,17.57,17.33,17.37,1696400,
UBSI,25.799999,25.959999,25.360001,25.379999,156200,
UBT,61.099998,62.139999,60.450001,60.450001,22000,
UCO,30.15,30.379999,29.820002,29.979999,257900,
UCTT,6.03,6.25,6.03,6.19,90200,
UDN,26.73,26.82,26.700001,26.780001,58400,
UDOW,87.110001,87.349998,82.970001,83.230003,569200,
UDR,23.91,24.02,23.6,23.74,2136000,
UEC,2.05,2.09,2,2,406200,
UEPS,7.1,7.14,7.04,7.12,169200,
UFCS,28.219999,28.219999,27.25,27.27,26900,
UFI,20.540001,20.83,20.49,20.709999,45700,
UFPI,39.610001,40.049999,39.439999,39.490002,50500,
UFS,71.580002,71.580002,70.470001,70.690002,179600,
UGA,56.439999,56.439999,55.900002,55.900002,6700,
UGI,38.800006,38.910001,38.080004,38.099999,576900,
UGL,55.830002,57.419998,55.830002,57.009998,75300,
UGP,24.59,24.59,23.879999,23.93,337800,
UHAL,170.600006,171.899994,169.720001,169.910004,35800,
UHS,71.010002,71.300003,69.5,69.870003,584500,
UIL,39.349998,39.470001,38.709999,38.73,219900,
UIS,21.33,21.35,20.25,20.43,424900,
UL,41.68,41.689999,41.419998,41.459999,808800,
ULE,24.549999,24.549999,24.389999,24.48,700,
ULTA,95.360001,98.879997,95.099998,96.639999,7492200,
ULTI,112.699997,112.980003,111.330002,112.589996,85700,
UMBF,53.02,53.02,52.07,52.189999,74400,
UMC,2.2,2.2,2.17,2.18,794100,
UMDD,63.5,63.880001,60.419998,60.77,54800,
UMPQ,14.18,14.34,13.91,14,588000,
UN,40.639999,40.669998,40.419998,40.43,1862700,
UNFI,52.330002,52.43,51.900002,51.950001,328700,
UNG,19.99,20.209999,19.959999,20.129999,2003100,
UNH,64.239998,64.510002,63.619999,63.830002,3891100,
UNIS,3.37,3.37,3.23,3.28,59300,
UNL,17.91,18.16,17.91,18.08,100400,
UNM,28.43,28.469999,27.83,28.01,1739800,
UNP,156.110001,156.850006,153.889999,154.320007,2300600,
UNS,46.74,46.815,45.86,45.94,102300,
UNT,44.98,44.98,44.110001,44.330002,174000,
UNTD,6.970028,7.020027,6.880023,6.950029,585400,
UNXL,16.389999,16.6,14.43,14.69,1308300,
UPI,2.4,2.55,2.4,2.51,24000,
UPL,21.68,21.76,20.959999,21.120001,1993700,
UPRO,66.760002,66.910004,63.560001,63.73,7459000,
UPS,86.220001,86.419998,85.139999,85.510002,2771200,
UQM,1.33,1.53,1.21,1.43,1834100,
URA,17.959999,18.040001,17.57,17.610001,21100,
URBN,42.540001,42.540001,40.599998,41.18,1878000,
URE,75.480003,75.529999,72,72.349998,157000,
URI,50.549999,50.73,48.48,48.82,2640500,
URRE,2.609999,2.669999,2.499999,2.529999,3900,
URS,47.17,47.26,46.42,46.7,388300,
URTY,55.259998,55.48,52.470001,52.709999,300400,
URZ,1.24,1.29,1.22,1.22,215800,
USAC,22.110001,22.5,21.530001,22.26,29600,
USB,35.450001,35.529999,35.200001,35.400002,10647400,
USD,42.150002,42.150002,40.630001,40.84,16000,
USEG,1.900004,1.940004,1.880004,1.910004,6500,
USG,24.639999,25.07,24.440001,24.799999,1632600,
USL,40.099998,40.41,40.099998,40.290001,3000,
USM,33.41,33.470001,32.93,33.240002,93800,
USMO,13.6,13.6,13.17,13.45,52400,
USNA,70.940002,71.589996,69.339996,69.489998,144900,
USO,34.099998,34.240002,33.91,34.029999,5527100,
UST,54.25,54.540001,54.049999,54.07,51500,
USTR,33.79,33.9,33.34,33.4,89200,
USU,0.35,0.35,0.32,0.32,20500,
UTEK,35.75,36.470001,35.560001,35.650002,177400,
UTHR,67.519997,67.839996,66.239998,66.339996,422400,
UTI,11.62,11.62,11.3,11.46,33800,
UTIW,15.25,15.37,15.01,15.08,301300,
UTSI,2.77,2.79,2.75,2.79,7200,
UTX,94.599998,94.839996,92.470001,92.68,2545900,
UUP,22,22.02,21.9,21.969999,634000,
UVE,7.12,7.18,6.91,6.94,253600,
UVV,59.82,59.82,59,59.41,72000,
UVXY,65.980003,78.770004,65.640003,77.250004,11200,
UWM,61.610001,61.810001,59.52,59.700001,1032000,
UXI,72.24,72.24,70.669996,70.679998,2100,
UYG,95.870003,95.870003,92,92.419998,782600,
UYM,38.029999,38.259998,37.02,37.139999,221500,
V,180.639999,180.639999,178.710007,179.149994,9994800,
VAC,43.91,43.990002,42.66,43.009998,102500,
VAL,69.639999,69.959999,67.760002,68.510002,380400,
VALE,14,14.03,13.6,13.71,20226500,
VALE.P,13.02,13.07,12.6,12.71,8660500,
VAR,69.199997,69.269997,67.919998,68.139999,562700,
VASC,15.18,15.29,15,15.05,24300,
VAW,90,90.040001,88.690002,88.800003,46800,
VB,94.510002,94.650002,92.919998,93.080002,206600,
VBK,103.809998,104.029999,102.029999,102.190002,243600,
VBR,84.5,84.610001,82.949997,83.120003,138500,
VC,63.970001,64.209999,63.02,63.189999,406500,
VCBI,13.63,13.67,13.41,13.44,38700,
VCI,26.07,26.71,25.99,26.06,439700,
VCIT,85.019997,85.089996,84.730003,84.730003,292400,
VCLK,25.16,25.51,24.8,24.84,938100,
VCLT,85.779999,86.43,85.489998,85.919998,91200,
VCR,91.050003,91.050003,89.230003,89.379997,50700,
VCRA,14.83,15.89,14.82,15.55,253500,
VDC,104,104.199997,102.959999,103.010002,43300,
VDE,114.970001,115.25,112.93,113.120003,85400,
VDSI,8.25,8.33,8.25,8.3,42300,
VE,12.48,12.48,12.24,12.29,167800,
VEA,37.310001,37.32,36.799999,36.849998,2009500,
VECO,39.779999,39.810001,38.84,38.98,387900,
VELT,1.64,1.65,1.51,1.55,2651800,
VEU,46.349998,46.360001,45.68,45.75,956500,
VFC,189.580002,189.850006,188.160004,189.580002,2353200,
VFH,40.560001,40.560001,39.73,39.830002,243200,
VG,2.86,2.87,2.81,2.81,779300,
VGK,51.630001,51.68,51.029999,51.099998,1488900,
VGR,15.900051,16.150044,15.830053,16.060058,432000,
VGT,76.25,76.25,74.889999,75.050003,172600,
VGZ,1.36,1.42,1.34,1.37,313100,
VHC,25.059999,25.549999,24,24.41,628900,
VHS,13.19,13.25,12.78,12.92,366500,
VHT,87.949997,88.190002,86.57,86.57,102200,
VIAB,67.139999,67.32,65.089996,65.260002,3383500,
VICL,3.02,3.08,2.95,2.95,130400,
VICR,5.43,5.49,5.32,5.32,77900,
VIG,68.059998,68.129997,67.050003,67.120003,1571900,
VIIX,10.59,11.59,10.57,11.46,127400,
VIP,9.95,9.96,9.81,9.89,714800,
VIPS,33.25,33.659999,32.019999,33.03,8197000,
VIS,83.059998,83.059998,81.57,81.639999,53800,
VIV,24.52,24.639999,23.91,24.17,1081200,
VIVO,21.85,21.860001,21.51,21.559999,167900,
VIX,16.51,18.6,16.43,18.59,0,
VIXM,26.280001,27.49,26.219999,27.26,50100,
VIXY,52.859998,57.850001,52.759998,57.209998,212700,
VLCCF,6.34,6.47,6.3,6.42,163000,
VLO,38.98,39.119999,37.93,37.959999,5483500,
VLTR,13.78,14.03,13.29,13.38,160900,
VLY,9.06,9.08,8.92,8.96,928700,
VMC,53.34,53.59,52.650002,53.09,600300,
VMED,0,0,0,51,0,
VMI,145.080002,145.080002,138.75,138.880005,230400,
VMW,71.68,72.260002,70.160004,70.540001,1978300,
VNDA,12.6,13.3,12.12,13,3126300,
VNET,11,11.12,10.79,10.99,281600,
VNO,80.590002,80.699987,79.070006,79.389998,990700,
VNQ,69.480003,69.620003,67.93,68.150002,3558600,
VNQI,53.299999,53.48,52.66,52.669998,167400,
VNR,27.799999,27.799999,27.25,27.48,680900,
VNTV,26.209999,26.48,26.16,26.25,445100,
VO,96.160004,96.25,94.400002,94.519997,143700,
VOC,13.2,13.25,13.04,13.07,24400,
VOCS,9.66,9.73,9.46,9.57,387700,
VOD,28.839996,28.880003,28.029995,28.120003,13776600,
VOE,69.690002,69.690002,68.440002,68.529999,101600,
VOLC,19.27,19.61,18.7,18.7,825400,
VOO,75.209999,75.260002,74,74.089996,1058300,
VOT,78.879997,78.900002,77.290001,77.379997,81300,
VOX,78.82,78.82,77.809998,78.019997,39700,
VOXX,11.87,11.87,11.32,11.35,103400,
VOYA,27.5,27.74,26.379999,26.57,883000,
VPFG,19.25,19.3,18.96,19.1,78300,
VPG,15.24,15.34,15.04,15.05,18200,
VPHM,28.02,28.21,27.35,27.36,619600,
VPL,56.330002,56.52,55.529999,55.619999,262900,
VPRT,48.27,48.88,47.37,47.65,271500,
VPU,82.760002,82.790001,81.309998,81.370003,113800,
VR,36.27,36.790001,36.27,36.560001,250400,
VRA,20.700001,21.23,20.51,20.85,501500,
VRML,3.17,3.25,2.87,2.95,379100,
VRNG,2.96,2.99,2.9,2.94,87400,
VRNM,2.25,2.3,2.25,2.3,11100,
VRNT,34.560001,34.68,33.950001,33.990002,217000,
VRS,1.05,1.06,1.03,1.03,36200,
VRSK,59.599998,59.740002,58.529999,58.650002,581800,
VRSN,45.970001,46.07,45.099998,45.259998,1362800,
VRTU,23.790001,23.799999,22.82,22.9,79600,
VRTX,82.080002,83.019997,79.790001,80.230003,928200,
VRX,84.410004,85.449997,82.629997,83.360001,1298700,
VSAT,71.629997,72.190002,69.75,70.199997,137800,
VSH,14.42,14.42,13.89,14.03,785100,
VSI,46.189999,46.580002,45.799999,46.290001,580100,
VSS,93.110001,93.989998,92.209999,92.220001,42000,
VT,53.25,53.389999,52.490002,52.560001,210300,
VTI,84.580002,84.629997,83.190002,83.290001,2568400,
VTR,70.110001,70.160004,68.419998,68.559998,1626300,
VTSS,2.3,2.44,2.23,2.37,479900,
VTUS,2.48,2.51,2.36,2.36,124100,
VTV,69.300003,69.330002,68.230003,68.309998,696600,
VUG,80.099998,80.120003,78.589996,78.68,514700,
VV,75.040001,75.099998,73.889999,73.959999,190200,
VVC,33.610001,33.689999,33.110001,33.279999,168600,
VVI,25.610001,25.610001,24.98,25.08,60200,
VVTV,4.95,5.02,4.85,5.01,229700,
VVUS,14.65,14.99,13.95,14.01,1760700,
VWO,40.07,40.080002,39.389999,39.459999,16641000,
VXEEM,25.63,28.06,25.49,27.98,0,
VXEWZ,30.51,32.99,30.19,32.59,0,
VXF,70.510002,70.610001,69.290001,69.470001,406400,
VXUS,47.959999,47.970001,47.110001,47.23,157100,
VXX,19.6,21.450001,19.549999,21.200001,5415800,
VXZ,21.42,22.4,21.389999,22.299999,265800,
VYM,57.549999,57.700001,56.799999,56.860001,522600,
VZ,50.470001,50.560001,49.740002,49.900002,8216000,
WAB,54.360001,55.099998,53.259998,53.419998,780500,
WABC,45.959999,46.099998,45.41,45.630001,161700,
WAC,36.720001,36.759998,35.150002,35.610001,474900,
WAFD,17.07,17.1,16.870001,16.969999,356500,
WAG,49.75,50,49.22,49.34,3328316,
WAGE,29.280001,30,29.25,29.66,343800,
WAIR,18.18,18.280001,18.01,18.09,301200,
WAL,14.66,14.66,14.22,14.31,242000,
WAT,97.910004,98.190002,97.169998,97.18,453100,
WBC,75.900002,75.900002,74.309998,74.510002,435400,
WBMD,30.23,30.33,29.469999,29.57,186300,
WBS,23.969999,24,23.450001,23.49,587300,
WBSN,24.67,24.76,24.67,24.73,334000,
WCC,71.82,72.239998,69.760002,69.860001,266200,
WCG,51.709999,51.939999,51.07,51.299999,282700,
WCN,40.439999,40.439999,39.889999,39.98,369300,
WCRX,19.65,19.89,19.33,19.51,4512800,
WD,18.35,18.41,18.25,18.27,54900,
WDAY,61.689999,62.68,60.220001,61.900002,4778400,
WDC,64.860001,65.260002,63.77,63.91,1613100,
WDFC,56.490002,56.490002,55.450001,55.450001,20200,
WDR,46.970001,46.970001,45.860001,46,577000,
WEAT,18.299999,18.469999,18.02,18.139999,9300,
WEC,41.16,41.189999,40.290001,40.380001,1092600,
WEN,5.97,5.99,5.89,5.93,3025700,
WERN,24.77,24.84,24.360001,24.469999,254100,
WES,59.75,60.41,59.25,60.380001,186700,
WETF,12.01,12.14,11.7,11.77,1282800,
WEX,75.480003,76.089996,74.339996,74.800003,145100,
WFC,40.790001,40.950001,40.119999,40.27,18320100,
WFM,51.490002,51.82,50.619999,50.720001,1437600,
WFT,13.74,13.8,13.5,13.55,2991100,
WG,7.07,7.07,6.91,6.98,291300,
WGL,43.220001,43.220001,42.5,42.740002,133700,
WGO,20.51,20.780001,20.469999,20.5,145700,
WHR,124.959999,125.379997,122.690002,122.849998,517500,
WHX,2.32,2.32,2.3,2.3,2200,
WHZ,13.14,13.27,13.08,13.08,98600,
WIBC,6.75,6.76,6.62,6.63,238500,
WIFI,6.25,6.51,6.22,6.39,143500,
WILN,4.28,4.28,4.12,4.27,7600,
WIN,8.05,8.115,7.995,8.09,6275178,
WIRE,34.169998,34.290001,33,33.27,25600,
WIT,7.45,7.53,7.35,7.39,345300,
WLB,12.02,12.13,11.66,11.73,12000,
WLH,24.4,24.74,23.665001,24.110001,453000,
WLK,94.43,94.709999,92.32,92.339996,726000,
WLL,47.740002,48.060001,47.330002,47.580002,1615400,
WLP,78.72,78.86,77.8,78.07,1449000,
WLT,14.7,14.89,13.97,14.03,6963000,
WM,40.48,40.48,40.099998,40.139999,1642400,
WMAR,11.73,11.73,11.59,11.64,22000,
WMB,34.360001,34.720001,33.950001,34.029999,4822600,
WMC,18.030001,18.15,17.32,17.41,932900,
WMGI,15.71,15.89,15.41,15.7,76200,
WMS,25.52,25.59,25.49,25.49,133000,
WMT,75.470001,75.709999,74.650002,74.839996,4731100,
WNC,10.14,10.17,9.74,9.77,568500,
WNR,31.200001,31.42,30.610001,30.65,1313500,
WOOF,26.309999,26.370001,25.809999,25.860001,374600,
WOR,34.07,34.07,33.209999,33.290001,234500,
WPC,65.160004,65.519997,64.019997,64.279999,233600,
WPP,12,12,11.78,11.81,181500,
WPPGY,87.980003,87.989998,86.330002,86.419998,66700,
WPRT,29.9,30.24,29.5,29.690001,286800,
WPX,19.49,19.49,18.67,18.91,1993300,
WPZ,44.840003,44.920004,44.430002,44.780004,216900,
WR,31.59,31.709999,30.98,31.059999,629800,
WRB,41.43,41.52,41.009998,41.080002,424500,
WRE,26.15,26.370001,26.01,26.08,362200,
WRES,2.72,2.76,2.69,2.7,529800,
WRI,32.07,32.07,31.09,31.16,746300,
WRLD,94.160004,94.239998,91.769997,92.690002,69100,
WRLS,12.58,12.61,12.57,12.57,88200,
WSH,39.48,39.5,39.130001,39.240002,720200,
WSM,54.259998,54.549999,53.849998,54,779600,
WSO,85.739998,86.25,84.389999,84.589996,81600,
WSR,16.280001,16.49,15.45,15.57,205800,
WST,66.580002,67.220001,65.860001,66.349998,438800,
WSTC,23.6,24.110001,23.07,23.5,190500,
WTFC,37.439999,37.439999,36.779999,36.880001,84300,
WTI,14.96,15,14.54,14.63,422200,
WTR,30.999999,30.999999,30.510001,30.73,649600,
WTS,47.759998,47.919998,46.610001,47.02,152800,
WTSL,5.02,5.07,4.93,4.97,759300,
WTW,44.209999,44.389999,43.369999,43.84,298300,
WU,16.68,16.68,16.5,16.540001,7182300,
WWAV,17.17,17.700001,16.950001,17.049999,2827700,
WWD,41,41,39.93,40.049999,299400,
WWE,9.76,9.87,9.67,9.72,143400,
WWW,52.459999,52.459999,51.32,51.509998,632000,
WWWW,22.139999,22.23,21.549999,21.549999,183600,
WX,21.27,21.84,21.25,21.52,589100,
WY,28.91,28.959999,27.73,27.790001,5804200,
WYN,58.43,58.689999,57.130001,57.439999,1255500,
WYNN,135.490005,136.300003,133.460007,133.889999,907300,
X,17.299999,17.690001,17.139999,17.200001,6444100,
XAU,102.66,104.93,102.37,103.27,0,
XBI,109.98,110.449997,106.749996,106.77,1262700,
XCO,7.990004,8.020001,7.650005,7.709998,1908800,
XDA,95.39,95.42,94.74,94.74,0,
XDB,156.46,157.01,156.43,156.79,0,
XDC,0.459,0.459,0.459,0.459,0,
XDE,132.73,133.59,132.68,133.34,0,
XDN,103.5,105.11,103.33,104.13,0,
XDS,107.73,109.02,107.68,108.58,0,
XEC,73.400002,73.400002,70.849998,71.110001,564000,
XEL,29.110001,29.15,28.700001,28.77,3410700,
XEO,734.710022,738.719971,726.840027,727.710022,0,
XES,39.610001,39.639999,38.91,38.990002,78400,
XHB,30.01,30.219999,29.610001,29.75,8214600,
XIDE,0.25,0.28,0.22,0.22,10358600,
XIN,4.61,4.72,4.38,4.44,247000,
XL,30.82,31.23,30.66,30.84,1951200,
XLB,40.110001,40.23,39.580002,39.610001,7729200,
XLE,80.650002,80.790001,79.18,79.360001,9344700,
XLF,19.779999,19.789999,19.399998,19.44,79030000,
XLI,43.59,43.619999,42.889999,42.959999,11072600,
XLK,31.639999,31.700001,31.190001,31.26,8950700,
XLNX,39.470001,39.52,37.720001,37.790001,9524500,
XLP,40.73,40.900002,40.380001,40.380001,14908400,
XLS,12.23,12.27,12.14,12.19,749300,
XLU,37.900002,37.990002,37.25,37.34,10092000,
XLV,48.59,48.810001,47.880001,47.880001,8582800,
XLY,56.490002,56.549999,55.41,55.490002,5304500,
XME,36.41,36.52,35.639999,35.810001,1848400,
XNPT,5.25,5.48,5.2,5.33,513100,
XOM,91.129997,91.32,89.589996,89.739998,10864500,
XOMA,4.13,4.2,3.95,4.01,650700,
XOOM,20.76,21.219999,20.139999,20.99,169400,
XOP,60.84,60.84,59.349998,59.450001,2917100,
XOXO,10.63,10.78,10.6,10.67,60900,
XPO,17.629999,18.02,17.6,17.77,184400,
XPP,45.880001,45.880001,44.740002,45.169998,39800,
XRA,0.8,0.85,0.8,0.83,149600,
XRAY,41.209999,41.32,40.82,40.919998,520700,
XRM,9.84,9.84,9.67,9.73,58900,
XRS,10.74,10.74,10.44,10.45,55800,
XRT,78.330002,78.400002,76.690002,76.809998,10089000,
XRTX,10.35,10.4,10.21,10.37,42100,
XRX,9.19,9.19,8.82,8.85,10317100,
XSD,53.209999,53.220001,51.75,51.84,65600,
XSP,162.99,163.77,161.09,161.25,0,
XTEX,20.3,20.3,20,20.05,751900,
XTXI,19.98,19.98,19.5,19.65,84800,
XUE,3,3,2.91,2.95,62500,
XXIA,16.32,16.379999,16.15,16.200001,439000,
XYL,27.48,27.48,26.959999,27.01,834400,
YANG,48.360001,50.750001,48.360001,50.599998,3600,
YAO,23.15,23.15,22.93,23.059999,56800,
YCL,22.59,22.92,22.5,22.65,3600,
YCS,60.889999,60.900002,59.110001,60.150002,989000,
YELP,29.57,29.99,29.139999,29.389999,665500,
YGE,2.85,2.91,2.72,2.74,298600,
YHOO,26.5,26.530001,25.889999,25.889999,11920800,
YINN,17,17.059999,16.280001,16.35,59300,
YNDX,26.52,26.940001,25.84,26.01,1854500,
YOKU,20.92,21.17,20.49,20.540001,592200,
YONG,5.32,5.32,5.32,5.32,0,
YPF,14.88,15,14.52,14.54,295700,
YRCW,21,22.58,20.99,21.889999,663800,
YUK,96.639999,96.779999,95.169998,96,0,
YUM,71.840001,72.670004,71.420002,71.700001,4801700,
YZC,9.1,9.2,8.85,8.95,440200,
Z,52.049999,52.43,50.66,50.790001,216300,
ZAGG,5.34,5.59,5.31,5.39,814500,
ZAZA,1.38,1.41,1.38,1.39,20800,
ZBRA,46.139999,46.529999,45.060001,45.130001,84500,
ZEP,16.129999,16.139999,16,16,32300,
ZEUS,25.030001,25.1,24.24,24.4,50900,
ZINC,12.08,12.1,11.87,12.01,349200,
ZION,28.040001,28.09,26.950001,27.139999,2049100,
ZIOP,2.24,2.31,2.04,2.08,1033600,
ZIXI,4.16,4.16,4.01,4.02,484400,
ZLC,9.07,9.26,8.91,8.93,897600,
ZLTQ,5.7,5.7,5.51,5.55,46500,
ZMH,78.050003,78.050003,76.870003,77.010002,1029000,
ZN,1.66,1.8,1.66,1.75,422500,
ZNGA,2.89,2.9,2.8,2.82,10162000,
ZNH,22.17,22.17,21.209999,21.27,26200,
ZOLT,13.24,13.24,12.84,13.01,212700,
ZQK,6.53,6.55,6.31,6.34,1918900,
ZROZ,98.43,99.290001,97.25,97.300003,37000,
ZSL,85.489998,85.849998,82.980003,85.089996,472800,
ZTS,31.950001,32.029999,31.4,31.530001,7648500,
ZUMZ,30.610001,30.65,29.59,29.809999,191500,
ZX,2.67,2.79,2.67,2.73,26300,
ABCB,16.33,16.629999,15.86,16.139999,41700,
ACCL,8.2,8.24,8.09,8.15,59600,
ACPW,4.28,4.46,4.22,4.43,19100,
ACWX,42.709999,42.740002,42.130001,42.189999,204000,
AKR,26.01,26.110001,25.48,25.49,809300,
AONEQ,0.032,0.0328,0.0281,0.029,4577400,
ARSD,7.82,7.88,7.67,7.78,21000,
ASTM,12.64,13.63,13.63,13.63,1000,
ASX,4.16,4.17,4.04,4.07,484500,
ATEC,1.949999,1.979999,1.899999,1.919999,16000,
ATRC,9.08,9.23,8.92,8.96,71000,
AVNW,2.899999,2.919999,2.819999,2.869999,10300,
BFIN,8.43,8.43,8.07,8.07,8100,
BFR,4.09,4.14,4,4.05,41900,
BIL,45.810001,45.810001,45.799999,45.799999,980100,
BIN,22.57,22.6,21.889999,21.99,81100,
BKEP,8.18,8.18,7.8,7.98,8800,
BRB,213.300003,215.789993,212.350006,215.600006,0,
BSQR,2.67,2.75,2.67,2.73,23000,
CBRX,0.66,0.7,0.66,0.67,39200,
CERP,0.03,0.03,0.02,0.02,14188100,
CHGS,0.17,0.17,0.16,0.1699,4900,
CIR,51.259998,51.720001,50.119999,50.439999,49700,
CIU,108.959999,109.019997,108.620003,108.620003,503500,
CLUB,10.75,10.76,10.57,10.64,58000,
CMLS,3.54,3.54,3.39,3.45,146400,
CNDA,20.77,20.77,20.639999,20.73,2900,
COBZ,8.64,8.64,8.42,8.49,72800,
COOL,0.580012,0.600012,0.580012,0.590012,2200,
CRAI,18.309999,18.440001,17.860001,18.360001,14300,
CRDC,1.25,1.25,1.2,1.22,5200,
CREG,1.03,1.4,1.03,1.15,97800,
CROP,26.059999,26.059999,25.940001,25.940001,1700,
CSFL,8.99,8.99,8.67,8.71,20200,
CSHZ,0.06,0.08,0.06,0.07,138700,
CSJ,105.199997,105.300003,105.139999,105.190002,382200,
CWB,42.98,43.09,42.490002,42.540001,318100,
DCOM,14.77,14.92,14.52,14.64,72500,
DGT,61.060001,61.060001,60.16,60.16,1400,
DQ,7.04,7.04,6.82,6.83,26500,
DRCO,5.05,5.14,4.92,5.06,38400,
EGI,0.34,0.38,0.34,0.38,67000,
ELS,78.5,78.5,77.379997,77.620003,218600,
EUFX,37.360001,37.360001,37.360001,37.360001,0,
FCBC,15.2,15.35,15.15,15.21,28000,
FCF,7.22,7.24,7.04,7.06,261300,
FDML,10.3,10.35,9.92,9.99,269000,
FELE,34.700001,34.880001,34.130001,34.259998,194200,
FMD,1.19,1.19,1.15,1.18,30300,
FOL,3.28,3.28,3.28,3.28,0,
FORX,47.84,48.669998,47.84,48.669998,37400,
FSCI,41.1,41.1,40.96,41,27700,
FTC,34.939999,34.939999,34.349998,34.349998,10100,
GBLI,23.620001,23.620001,22.92,22.99,4400,
GGAL,5.64,5.64,5.41,5.43,73200,
GIB,29.83,29.92,29.120001,29.290001,235300,
GLCH,14.1,14.1,13.95,14.1,29700,
GLDI,16.57,16.743999,16.566,16.743999,7100,
GLDX,15.82,16.110001,15.72,15.82,7600,
GMXRQ,0.21,0.21,0.2,0.21,13200,
GSE,1.153,1.153,1.15,1.15,0,
GSIG,8.41,8.45,8.14,8.14,55500,
GSIT,6.69,6.72,6.39,6.44,49600,
GTS,22.139999,22.610001,21.959999,22.299999,81900,
GUNR,33.240002,33.240002,32.779999,32.799999,177000,
GWX,29.870001,29.870001,29.43,29.48,83800,
HCKT,5.12,5.12,4.92,4.93,28400,
HDNG,14.03,14.12,13.95,13.98,64500,
HDSN,3.35,3.35,3.31,3.33,37765,
HGR,32.009998,32.139999,31.4,31.530001,93900,
HSON,2.52,2.52,2.47,2.48,120300,
IBCA,6.43,6.44,6.39,6.42,15300,
ICFI,30.530001,30.59,30.23,30.370001,91900,
IEFA,53.830002,53.830002,53.259998,53.299999,69000,
INOD,3.26,3.28,3.12,3.12,51000,
IPCC,57.48,58.040001,56.98,57.220001,13800,
ISIG,1.94,1.94,1.86,1.92,12900,
KIPO,6.32,6.5,6.32,6.45,10800,
KITDQ,0.4,0.44,0.34,0.4,119800,
KMPR,34.380001,34.380001,33.439999,33.48,128300,
LDL,14.51,14.53,14.3,14.3,22700,
LEDR,10.7,10.7,10.43,10.45,114600,
LEDS,1.99,2.09,1.66,1.74,157800,
LOJN,3.42,3.42,3.3,3.3,5300,
LPTN,4.680001,4.840002,4.650002,4.770002,1300,
LYTS,8.05,8.05,7.81,7.86,10100,
MCS,12.51,12.51,12.03,12.07,40600,
MGRC,33.349998,33.380001,32.849998,33.040001,48500,
MPX,7.3,7.35,6.99,7,10000,
NEWN,0.1,0.18,0.1,0.17,10300,
NJR,44.98,44.98,43.91,43.970001,144000,
NPBC,9.89,10.06,9.6,9.62,494500,
NZD,125.199997,125.870003,124.629997,125.379997,0,
OTEL,10.98,10.98,10.2,10.5,6000,
PPBI,11.6,11.69,11.5,11.5,13600,
PRGX,5.29,5.47,5.27,5.39,48600,
PRO,29.209999,29.5,29,29.190001,89300,
PWAVQ,0.0101,0.0126,0.0101,0.012,89800,
QRM,0.51,0.53,0.47,0.49,24200,
QTEC,29.33,29.33,28.74,28.74,31800,
RNWK,7.35,7.36,7.27,7.34,30200,
RPT,15.53,15.55,15.07,15.13,369300,
RWL,31.98,31.98,31.450001,31.450001,4600,
SBLK,5.72,5.77,5.51,5.72,3800,
SCMR,0.47,0.5,0.46,0.5,1128900,
SIGI,23.290001,23.360001,22.870001,22.91,68300,
SIJ,20.32,20.620001,20.32,20.5,500,
SKA,65.389999,65.43,64.849998,65.129997,0,
SMCI,10.94,10.94,10.38,10.41,120800,
SMTX,1.91,2.01,1.86,1.93,26700,
SNBC,3.06,3.09,2.98,2.99,22600,
SOCL,14.57,14.57,14.57,14.57,100,
STAN,21.95,22.11,21,21.17,100800,
STL,9.34,9.36,9.15,9.22,84600,
STNR,50.990002,51.91,50.32,50.700001,35900,
SWS,5.72,5.72,5.47,5.47,58600,
SYMX,0.9,0.95,0.9,0.95,15000,
SYPR,3.1,3.29,3.06,3.06,37200,
TACT,7.99,8,7.77,7.9,4600,
TFI,23.440001,23.440001,23.34,23.389999,270500,
TGE,7.27,7.27,7.27,7.27,0,
THR,20.76,20.9,20.35,20.370001,135200,
TMS,15.71,15.8,15.5,15.65,39700,
TPI,0.55,0.55,0.51,0.54,6500,
TRNO,18.790001,18.790001,18.25,18.34,251500,
TRST,5.5,5.52,5.38,5.39,277800,
TSTC,0.3,0.37,0.291,0.36,16500,
UAMY,0.97,1.02,0.96,0.96,389600,
UBNK,13.24,13.27,12.98,13.04,65600,
UCBI,12.07,12.14,11.93,11.99,111700,
ULBI,3.86,3.87,3.86,3.86,2100,
USMV,33.080002,33.119999,32.689999,32.720001,659300,
USPH,29.18,29.360001,28.77,28.9,43900,
UTY,0.02,0.02,0.02,0.02,5800,
WAVX,0.43,0.47,0.43,0.44,3800,
WWAV.B,16.98,17.44,16.68,16.75,3147100,
XDZ,79.92,80.02,79.44,79.81,0,
ZOOM,0.39,0.39,0.37,0.37,7000,