symbol,open,high,low,close,volume,adjust_close
A,45.160001,45.92,44.940001,45.150002,3888500,
AA,8.279991,8.349991,8.199992,8.329991,3255300,
AACC,6.98,7.09,6.86,7.09,426600,
AAMRQ,4.43,4.86,4.43,4.85,5016900,
AAN,27.85,27.940001,27.5,27.84,386200,
AAON,32.609993,33.040013,31.780012,31.830008,203000,
AAP,83.489998,84.529999,83.18,84.32,541500,
AAPL,436.500004,443.239998,432.770012,441.810005,101133900,
AAT,33.060001,33.060001,32.110001,32.540001,237500,
AAU,1.73,1.8,1.71,1.76,143100,
AAV,4.27,4.31,4.21,4.31,463600,
AAWW,45.880001,46.990002,45.650002,46.5,173600,
AAXJ,57.490002,57.779999,57.220001,57.490002,754600,
AB,24.059999,25.33,24,24.43,535900,
ABAX,44.5,45.27,44.150002,44.5,104900,
ABB,21.879999,21.99,21.75,21.85,1803700,
ABBV,43.720001,44.27,43.5,44,5463200,
ABC,52.700001,53.25,52.700001,52.939999,3489200,
ABCO,52.509998,52.740002,51.400002,52.52,195700,
ABFS,19.65,19.93,19.42,19.9,313100,
ABG,40.650002,41.66,40.509998,41.529999,251100,
ABM,24.85,24.9,24.51,24.66,198300,
ABMD,21.280001,21.280001,20.870001,21.129999,356600,
ABR,6.99,7,6.92,6.95,132200,
ABT,36.950001,37.549999,36.900002,37.509998,5996500,
ABV,37.3,37.78,36.64,37.01,19084100,
ABX,20.700001,20.719999,20.02,20.25,13200800,
ACAD,16.57,17.08,16.139999,17.01,5063400,
ACAS,13.47,13.51,13.32,13.33,3189600,
ACAT,47.25,47.419998,46.439999,46.900002,43500,
ACC,40.360001,40.52,39.450001,40.049999,1442700,
ACCO,6.73,7.02,6.64,6.95,657000,
ACE,89.809998,89.900002,88.839996,89.879997,2708100,
ACET,13.17,13.18,12.81,12.84,99200,
ACFN,8.49,8.75,8.43,8.63,64800,
ACGL,51.75,52.310001,51.490002,52.189999,459300,
ACH,9.38,9.43,9.29,9.37,69900,
ACHC,33.669998,34.279999,33.529999,34.23,216600,
ACHN,8.37,8.46,8.21,8.27,897400,
ACI,5.05,5.1,4.83,4.91,1391700,
ACIW,45.449999,45.599999,44.910001,45.150001,513600,
ACLS,1.68,1.84,1.66,1.79,695000,
ACM,30.690001,31.059999,30.379999,31,548200,
ACMP,43.72,44.35,43.3,44.16,248800,
ACN,80.839996,80.949997,80.059998,80.900002,2916700,
ACO,32.02,32.07,31.22,31.7,55600,
ACOR,33.720001,34.560001,33.720001,34.43,344700,
ACRE,16.23,16.379999,15.88,16.309999,39900,
ACRX,8.68,8.91,8.34,8.69,357900,
ACT,122.360001,124.120003,121.690002,124.120003,848800,
ACTG,25.139999,25.290001,24.639999,24.950001,439000,
ACTV,7.4,7.505,7.32,7.5,550400,
ACUR,2.14,2.21,2.14,2.21,263174,
ACW,5.11,5.13,4.91,5.1,81300,
ACWI,51.720001,52.119999,51.52,52.099998,814700,
ACXM,22.450001,22.6,22.049999,22.57,315700,
ADBE,43.860001,44.41,43.66,44.119999,2895300,
ADC,32.07,32.07,31.360001,31.52,78900,
ADES,39.34,39.34,38.38,38.58,120800,
ADI,45.73,46.259998,45.290001,46.209999,2423500,
ADM,32.98,33.27,32.709999,32.91,2991300,
ADNC,14.2,14.2,12.9,13.54,558500,
ADP,68.510004,69.050002,68.180005,68.910003,2335600,
ADS,178.529999,180.460007,177.25,178.369995,895100,
ADSK,36.32,36.919998,36.119999,36.650002,2315100,
ADT,40.18,40.669998,40.009998,40.209999,3439600,
ADTN,24.17,24.17,23.59,24.059999,616900,
ADVS,33,33.380001,32.709999,33.209999,108000,
ADY,7.36,7.36,7.34,7.35,70100,
AEC,16.48,16.48,16.059999,16.190001,407200,
AEE,34.299999,34.990002,34.259998,34.91,3483000,
AEG,6.84,6.89,6.76,6.89,598500,
AEGN,22.780001,23.139999,22.66,22.98,155900,
AEGR,73.82,75.669998,73,74,566900,
AEIS,17.82,18.18,17.82,18.120001,188300,
AEL,16.370001,16.52,16.27,16.41,410500,
AEM,32.389999,32.48,30.719999,31.07,2565700,
AEO,19.870001,20.02,19.790001,19.9,1587200,
AEP,45.75,46.349998,45.630001,46.150002,4548700,
AER,17.18,17.18,16.790001,16.9,206400,
AERL,3.79,3.9,3.77,3.85,209400,
AES,12.32,12.61,12.28,12.51,4139200,
AET,59.540001,60.290001,59.43,60.27,2418500,
AF,9.89,9.91,9.74,9.89,329200,
AFAM,20.02,20.040001,19.780001,19.98,16100,
AFCE,35.55,35.7,35.31,35.34,198500,
AFFX,3.69,3.73,3.63,3.66,195400,
AFFY,1.11,1.18,0.98,1.01,5194400,
AFG,48.540001,49.060001,48.200001,49,397900,
AFL,56.869999,57.240002,56.349998,57.029999,3708800,
AFSI,33.000001,33.33,32.97,33.09,446200,
AG,11.26,11.41,11.07,11.2,993600,
AGCO,55.049999,55.799999,54.599998,55.720001,572000,
AGEN,3.77,3.8,3.65,3.7,202900,
AGG,108.669998,108.910004,108.540001,108.610001,1337400,
AGII,40.450006,40.470002,40.069998,40.259997,40900,
AGM,29.860001,30.18,29.559999,29.85,13700,
AGN,122.360001,124.120003,121.690002,124.120003,848800,
AGNC,26.43,26.43,25.42,25.559999,8601100,
AGO,23.219999,23.48,22.940001,22.969999,2697200,
AGQ,21.719999,22.110001,20.85,20.870001,956300,
AGRO,7.21,7.25,7.13,7.24,170600,
AGU,91.230003,91.970001,90.440002,91.260002,416600,
AGX,16.209999,16.82,16,16.67,59300,
AGYS,12.63,12.72,12.58,12.67,79300,
AH,21.8,22.3,21.8,22,465000,
AHGP,61.27,62.98,60.75,62,50300,
AHH,11.67,11.68,11.52,11.6,52300,
AHL,36.759998,37.220001,36.549999,37.150002,397800,
AHS,14.45,15.16,14.4,14.93,676100,
AHT,13.259997,13.649993,13.070001,13.609994,561200,
AI,27.719999,27.889999,27.309999,27.450001,206200,
AIG,45.060001,45.439999,44.419998,45.279999,13346200,
AIMC,27.33,27.33,26.809999,26.84,95400,
AIN,32.240002,32.82,32.040001,32.509998,62000,
AINV,8.09,8.18,8.02,8.07,2218700,
AIR,20.780001,21.15,20.68,20.889999,195700,
AIRM,36.799999,37,36.310001,36.540001,541600,
AIT,48.43,48.689999,47.869999,48.540001,106000,
AIV,30.059999,30.24,29.6,29.790001,1538500,
AIXG,16.77,17,16.76,16.93,64800,
AIZ,49.740002,50.040001,49.349998,49.970001,481300,
AJG,43.380001,43.860001,43.18,43.77,450500,
AKAM,44.970001,45.279999,44.610001,45.259998,1038200,
AKG,2.73,2.79,2.6,2.63,77300,
AKRX,13.62,14.12,13.61,14.03,627300,
AKS,3.38,3.39,3.3,3.34,4142600,
AL,28,28.02,27.030001,27.059999,595000,
ALB,64.400002,64.529999,63.330002,64.139999,673400,
ALC,11.95,11.95,11.91,11.93,48900,
ALDW,25.35,25.85,25.200001,25.5,161500,
ALE,48.240002,48.650002,47.759998,48.220001,127000,
ALEX,37.040001,37.450001,35.41,35.540001,164100,
ALGN,35.540001,35.779999,35.09,35.450001,532100,
ALGT,96.660004,100.470001,96,99.980003,80600,
ALIM,4.4,4.5,4.3,4.49,32300,
ALJ,17.809999,17.91,17.299999,17.35,707700,
ALK,55.400002,57.610001,55.040001,57.41,1729800,
ALKS,31.450001,31.620001,30.370001,31.049999,1126900,
ALL,46.810001,47.52,46.630001,47.459999,3965000,
ALLT,11.56,11.62,11.38,11.55,225800,
ALNY,30.389999,31,30.33,30.92,361700,
ALOG,77.300003,77.449997,76.540001,77.360001,28600,
ALR,25.280001,25.889999,25.280001,25.83,331900,
ALSK,1.79,1.8,1.75,1.76,337900,
ALSN,23.309999,23.77,23.200001,23.530001,305200,
ALTR,32.099998,32.669998,31.68,32.610001,3890100,
ALU,1.81,1.84,1.77,1.84,16819100,
ALV,77.870003,79.43,77.5,79.379997,305800,
ALXA,4.4,4.55,4.4,4.55,192300,
ALXN,93.589996,95.970001,93.5,94.379997,1271800,
AM,18.42,18.45,18.39,18.45,123900,
AMAG,19.700001,20.23,19.67,19.790001,64900,
AMAT,15.03,15.52,15.01,15.49,12485500,
AMBA,16.49,16.629999,15.83,16.530001,1149100,
AMBC,25.379999,25.879999,25.379999,25.75,191300,
AMCC,7.87,7.99,7.8,7.96,354600,
AMCN,1.79,1.88,1.71,1.75,45300,
AMCX,63.98,65.489998,63.610001,65.379997,478700,
AMD,3.98,3.99,3.88,3.91,12026500,
AME,42.799999,43.259998,42.610001,43.099998,661100,
AMED,11.58,11.82,11.53,11.72,148400,
AMG,164.130005,166.669998,163.050003,166.179993,251200,
AMGN,98.769997,100.260002,98.32,98.809998,3576300,
AMJ,45.349998,45.990002,45.150002,45.900002,769100,
AMKR,4.42,4.45,4.31,4.42,541900,
AMLP,17.42,17.59,17.41,17.59,1915900,
AMP,81.739998,83.18,81.150002,83.07,1411100,
AMPE,5.91,6.1,5.68,5.73,908700,
AMRC,8.66,8.68,8.54,8.6,125000,
AMRI,10.36,10.75,10.36,10.5,228100,
AMRN,6.66,7.2,6.6,7.07,4995100,
AMRS,2.91,2.95,2.84,2.85,113300,
AMSC,2.57,2.62,2.51,2.52,62900,
AMSG,35.720001,36.130001,35.720001,35.84,88300,
AMSWA,8.45,8.7,8.42,8.55,68100,
AMT,78.790001,79.050003,77.269997,78.769997,3873600,
AMTD,23.49,24.059999,23.459999,24.01,6048400,
AMTG,18.26,18.33,18.02,18.26,772400,
AMWD,35.880001,37,35.330002,36.740002,131600,
AMX,20,20.620001,19.93,20.190001,7711600,
AMZN,269.73999,280.100006,269.130005,276.869995,4632600,
AN,46.669998,47.470001,46.669998,46.82,996200,
ANAC,5.17,5.45,5.09,5.27,292100,
ANAD,2,2.1,1.95,2.08,1319900,
ANDE,52.390005,53.059994,52.390005,52.720007,75000,
ANEN,24.06,24.2,23.79,24.13,10700,
ANF,51.110001,52.25,51.07,51.700001,2061600,
ANGI,23.629999,25.26,23.219999,25.120001,787500,
ANGO,11.07,11.07,10.84,11,31500,
ANH,5.74,5.74,5.61,5.7,1051900,
ANIK,15.13,15.36,14.8,15.33,38500,
ANN,31.809999,31.809999,30.950001,31.49,1588100,
ANR,6.59,6.64,6.33,6.39,12074800,
ANSS,74.519997,74.980003,74.010002,74.43,234700,
ANV,8.19,8.29,7.81,7.84,2893100,
ANW,9.87,9.97,9.75,9.89,235200,
AOI,3.95,3.95,3.86,3.95,18900,
AOL,35.400002,36.049999,35.02,35.580002,1134800,
AON,64.730003,65.610001,64.540001,65.550003,1756100,
AOS,38.82,39.049999,38.32,38.779999,1181200,
AOSL,8.1,8.22,8.05,8.12,37200,
APA,85.75,86.099998,84.589996,84.730003,4017500,
APAM,47.32,48.880001,47.009998,48.209999,232800,
APC,87.660004,88.779999,87.419998,87.980003,2307700,
APD,94.879999,95.139997,93.999996,95.089993,1530400,
APEI,38.619999,38.82,38.119999,38.580002,69900,
APH,77.620003,78.43,77.379997,77.720001,1486400,
APL,37.3,38.64,37.3,38.28,418500,
APO,23.98,24.67,23.48,24.030001,1294900,
APOG,25.940001,26.49,25.57,25.83,97400,
APOL,20.34,21.32,20.32,21.299999,3458300,
APP,2.17,2.17,2.04,2.05,1068300,
APRI,2.6,2.61,2.53,2.56,222100,
APU,45.580002,46.32,45.549999,45.860001,83800,
ARAY,5.4,5.76,5.4,5.72,2118300,
ARB,46.84,47.02,46.78,46.99,196200,
ARCC,17.09,17.129999,16.870001,16.92,3125300,
ARCO,13.55,13.81,13.46,13.61,597900,
ARCP,15.45,15.45,14.82,15.01,4138200,
ARE,68.190002,68.510002,66.269997,67.260002,421000,
AREX,25.5,25.84,25.26,25.389999,207700,
ARG,100.620003,101.5,100.389999,101.150002,354100,
ARI,16.77,16.940001,16.440001,16.67,237400,
ARIA,17.309999,18.959999,17.280001,18.889999,5146600,
ARII,33.060001,33.650002,33.02,33.5,136300,
ARLP,71.599998,72.980003,71.349998,71.669998,112800,
ARMH,40.48,40.700001,39.610001,40.169998,4681400,
ARNA,8.81,8.87,8.5,8.69,4260900,
ARO,14.66,14.85,14.6,14.71,1218000,
ARP,22.9,23.27,22.74,23.049999,111800,
ARPI,18.75,19.290001,18.65,19.07,414000,
ARQL,2.37,2.4,2.32,2.35,403400,
ARR,5.06,5.06,4.9,4.95,936000,
ARRS,14.78,14.82,14.59,14.73,656600,
ARRY,5.05,5.13,4.98,5.01,1246400,
ARTC,33.92,34,33.51,33.71,82600,
ARUN,14.48,14.68,14.12,14.48,2718800,
ARW,40.169998,40.509998,39.91,40.23,625900,
ARX,8.16,8.2,8.07,8.13,27200,
ASA,14.16,14.23,13.99,14.07,60600,
ASBC,15.14,15.33,15.01,15.33,788800,
ASCA,26.25,26.25,26.15,26.21,209300,
ASEI,60.560001,61.169998,59.759998,60.16,32000,
ASFI,9.1,9.1,8.67,8.74,17000,
ASGN,25.77,26.25,25.77,26.190001,496000,
ASH,86.120003,87.059998,85.459999,86.82,587000,
ASIA,11.65,11.68,11.63,11.67,84300,
ASMI,34.709999,34.759998,34.59,34.66,800,
ASML,79.760002,80.760002,79.510002,80.589996,1357200,
ASNA,18.200001,18.219999,17.790001,18.02,2700100,
ASPS,94.790001,95.760002,94.040001,94.889999,115700,
ASR,115.959999,119.459999,114.959999,114.959999,93500,
ASTE,35.099998,35.380001,34.330002,34.959999,35400,
ASTI,0.76,0.78,0.75,0.78,21400,
ASTX,4.52,4.59,4.44,4.57,962100,
ASYS,5.03,5.2,5.02,5.07,13400,
AT,4.75,4.76,4.65,4.7,580700,
ATAX,6.79,6.79,6.66,6.69,139100,
ATHN,85.660004,85.879997,84.419998,85.599998,277800,
ATHX,1.68,1.73,1.65,1.68,105300,
ATI,27.120001,27.610001,27.09,27.57,1755400,
ATK,78.65,79.87,78.47,79.74,218600,
ATLC,3.73,3.83,3.51,3.65,3400,
ATLS,13.52,13.54,13.41,13.46,424618,
ATMI,24.2,24.34,24,24.2,96200,
ATML,8.03,8.17,7.88,8,7114300,
ATNI,50.32,50.48,49.689999,50.049999,27800,
ATO,41.560001,41.830002,41.130001,41.419998,338600,
ATPAQ,0.088,0.09,0.088,0.088,148700,
ATR,56.470001,57.150002,56.450001,57,93900,
ATRS,4.16,4.17,4.06,4.08,742900,
ATSG,6.04,6.13,5.94,6.1,69700,
ATU,33.18,33.450001,32.93,33.310001,267400,
ATVI,14.67,14.85,14.57,14.73,5095900,
ATW,54.950001,55.43,54.349998,55.07,313300,
AU,17.17,17.219999,16.67,16.809999,2738800,
AUDC,4.27,4.47,4.27,4.4,267200,
AUM,95,95.75,94.32,94.949997,0,
AUMN,1.67,1.71,1.6,1.61,166400,
AUO,4.14,4.2,4.13,4.2,576200,
AUQ,5.37,5.4,5.04,5.11,2164300,
AUX,105.27,106.03,104.43,105.24,0,
AUXL,15.74,16,15.5985,15.97,786700,
AUY,11.78,11.8,11.37,11.49,7349900,
AVA,27.08,27.139999,26.629999,26.9,363600,
AVAV,19.870001,20,19.639999,19.809999,162600,
AVB,134.279999,134.770004,132.240005,134.479996,571900,
AVD,30.25,30.799999,30.25,30.450001,106400,
AVEO,2.4,2.45,2.32,2.34,2614300,
AVG,17.82,18.18,17.559999,18.040001,209500,
AVGO,36.759998,37.330002,36.150002,37.290001,3073300,
AVHI,13.89,14.1,13.74,14.08,24700,
AVID,6.55,6.62,6.5,6.62,46300,
AVIV,26.5,26.76,26.11,26.7,306700,
AVL,0.79,0.79,0.73,0.75,411700,
AVNR,3.85,3.85,3.7,3.77,1170400,
AVP,23.01,23.91,22.99,23.700001,5438100,
AVSPY,134.74,136.29,133.26,135.55,0,
AVT,33.490002,33.93,33.279999,33.709999,336600,
AVX,12.08,12.12,11.98,12.02,106100,
AVY,43.09,43.450001,42.650002,43.389999,470900,
AWAY,29.709999,30,29.24,29.65,304500,
AWC,29.946,30.553,29.946,30.553,0,
AWH,90.250002,91.409998,90.08,91.299997,310200,
AWI,50.779999,51.029999,50.23,50.779999,384400,
AWK,40.080002,40.299999,39.459999,39.869999,854300,
AWR,53.450001,53.98,52.759998,52.990002,512800,
AWRE,5.31,5.38,5.23,5.24,99000,
AXAS,2.32,2.32,2.25,2.26,418600,
AXE,77.269997,78.120003,76.860001,77.349998,197700,
AXL,18.030001,18.66,17.790001,18.57,1125700,
AXLL,43.34,43.540001,42.549999,43.09,1144600,
AXP,76.68,78.120003,76.449997,78.040001,6826100,
AXS,44.189999,45.189999,44.16,44.849998,1234900,
AXTI,2.82,2.83,2.76,2.83,110100,
AXU,1.5,1.57,1.5,1.54,340500,
AYI,74.43,76.019997,74.169998,75.559998,253000,
AYR,16.02,16.02,14.8,15.06,555200,
AZC,2.4,2.41,2.36,2.39,108300,
AZN,51.169998,51.619999,51.110001,51.450001,4926200,
AZO,417.769989,419.329987,413.420013,416.679993,171800,
AZPN,30.41,31.32,30.25,30.440001,508000,
AZZ,41.970001,42.09,41.16,41.900002,59700,
B,29.85,30.15,29.790001,29.959999,160500,
BA,100.25,102.589996,100.059998,102.489998,5732900,
BAA,1.16,1.2,1.11,1.16,801500,
BABY,14.46,14.66,14.46,14.54,78700,
BAC,13.33,13.39,13.15,13.38,121057300,
BAH,17.9,18.25,17.75,18,457500,
BAK,15.29,15.63,15.17,15.6,181800,
BAL,53.450001,54.09,53.150002,53.299999,13600,
BALT,3.54,3.54,3.45,3.53,114600,
BAM,35.530007,35.809996,35.290007,35.610002,993300,
BANR,33.18,33.389999,32.610001,32.939999,33700,
BAP,136.67001,138.000008,135.020001,136.81,151600,
BAS,12.58,12.85,12.52,12.81,664200,
BAX,69.779997,70.449999,69.509996,69.970001,5013000,
BAXS,2.18,2.18,2.16,2.18,56300,
BBBY,68.559998,69.580002,68.510002,69.360001,1669900,
BBCN,12.78,12.84,12.64,12.77,152800,
BBD,14.94,15.33,14.82,15.03,8154100,
BBEP,18.459999,18.67,18.35,18.549999,465400,
BBG,22.360001,23.18,22.030001,22.969999,836200,
BBH,69.800003,70.980003,69.800003,70.870003,145800,
BBL,56.549999,56.98,56.299999,56.91,802900,
BBOX,27.620001,27.620001,26.9,27.07,23900,
BBRG,18.030001,18.120001,17.83,17.93,110700,
BBRY,13.82,14.13,13.74,13.86,18496900,
BBT,32.900002,33.290001,32.669998,33.23,3089000,
BBVA,9.22,9.34,9.13,9.29,632100,
BBW,6.25,6.28,6.09,6.25,73600,
BBX,12.29,12.31,11.98,12.13,12000,
BBY,27.65,27.75,27.120001,27.360001,3495400,
BC,32.540001,33.290001,32.299999,33.220001,547600,
BCC,27.02,27.5,26.84,27.41,214900,
BCE,44.549999,44.610001,44.110001,44.610001,700900,
BCEI,36.68,37.799999,36.5,37.599998,479600,
BCO,26.709999,26.809999,26.15,26.719999,119300,
BCOR,18.57,18.610001,17.969999,18.110001,290300,
BCOV,7.8,7.85,7.54,7.75,325400,
BCPC,48.299999,48.32,47.119999,47.299999,59600,
BCR,105.25,105.879997,104.809998,105.400002,289100,
BCRX,1.67,1.69,1.63,1.68,357600,
BCS,19.03,19.2,18.88,19.18,2828232,
BDBD,10.62,11.73,10.47,11.65,976200,
BDC,52.049999,52.459999,51.68,52.139999,263300,
BDE,8.94,8.97,8.71,8.76,88800,
BDN,13.88,13.97,13.56,13.78,760200,
BDSI,4.34,4.36,4.25,4.33,91100,
BDX,98.160004,98.849998,97.739998,98.690002,886000,
BEAM,64.41,65.51,64.41,65.18,937200,
BEAT,3.23,3.25,3.09,3.24,166700,
BEAV,64.729999,65.55001,64.010003,65.240004,1049400,
BEBE,6,6.01,5.76,5.85,38100,
BECN,41.279999,41.549999,40.709999,41.23,225300,
BEE,8.03,8.25,7.97,8.24,1373400,
BEN,149.910004,150.669994,149.040001,150.459995,3617400,
BERY,22.969999,23.459999,22.5,23.4,645000,
BF.B,69.760002,70.800003,69.489998,69.889999,428100,
BFAM,35.990002,36.630001,35.939999,36.099998,54000,
BG,69.029999,69.589996,69.029999,69.489998,384100,
BGC,33.669998,34,33.18,33.790001,459300,
BGCP,5.79,5.96,5.78,5.85,2709700,
BGFV,20.559999,21,20.4,20.780001,250100,
BGG,21.43,21.549999,21.17,21.219999,469700,
BGS,28.85,29.32,28.690001,29.18,302400,
BHE,19.82,19.969999,19.549999,19.700001,366800,
BHI,45.740002,46.630001,45.5,46.490002,2572100,
BHP,63.560001,64.239998,63.290001,64.209999,2641700,
BID,38.5,39.349998,38.439999,38.869999,2158700,
BIDU,99.57,103.610001,99.300003,102.669998,6804500,
BIG,33.639999,33.98,33.549999,33.91,688300,
BIIB,223.570007,228.100006,223.300003,225.020004,1722400,
BIO,114.580002,114.690002,112.559998,113.080002,69800,
BIOD,4.09,4.27,4.09,4.22,144100,
BIOL,4.000009,4.090003,3.960006,4.070006,302900,
BIOS,14.49,14.56,14.3,14.52,271900,
BIP,35.57,35.979999,35.259999,35.709998,812900,
BIRT,6.78,6.85,6.67,6.83,82500,
BITA,10.92,11.24,10.85,11.14,128100,
BIV,85.830002,85.949997,85.589996,85.68,459300,
BJRI,37.91,37.91,37.400002,37.82,230100,
BK,29.76,29.92,29.450001,29.85,7610700,
BKCC,9.93,9.96,9.82,9.92,654500,
BKD,26.879999,27.51,26.75,27.370001,1683600,
BKE,55.540002,55.540002,54.600001,55.2,233400,
BKF,36.91,37.27,36.790001,36.990002,179900,
BKH,47.799999,48.369999,47.509998,48.200001,148500,
BKI,37.39,37.5,37.28,37.29,351000,
BKLN,24.93,24.959999,24.879999,24.959999,5139600,
BKMU,5.76,5.83,5.54,5.83,141200,
BKS,20.98,22.610001,20.86,22.52,1647400,
BKU,25.219999,25.4,25,25.370001,320000,
BKW,19.64,20.28,19.48,20.13,1698400,
BKX,60.89,61.66,60.71,61.58,0,
BLC,11.35,11.63,11.22,11.55,693300,
BLDP,1.68,1.92,1.63,1.89,2646900,
BLDR,6.65,6.84,6.55,6.7,222300,
BLK,272.98999,280.690002,269.769989,280.230011,899200,
BLKB,30.76,30.98,30.469999,30.77,79500,
BLL,43,43.630001,42.950001,43.580002,1047600,
BLMN,23.450001,23.65,23.110001,23.59,640300,
BLOX,25,25.799999,24.799999,25.620001,710500,
BLT,13.12,13.18,12.95,13.05,122100,
BLV,88.690002,89.089996,88.389999,88.419998,52200,
BLX,23.1,23.25,22.92,23.16,83500,
BMC,45.29,45.39,45.21,45.35,3092700,
BMI,44.790001,45.110001,44.57,44.779999,36400,
BMO,58.810001,59.299999,58.709999,58.950001,460700,
BMR,20.940001,21.01,20.450001,20.780001,1260400,
BMRN,59.02,59.880001,58.77,58.93,1106300,
BMS,39.23,39.740002,38.779999,39.610001,478700,
BMY,47.09,47.5,46.849998,47.5,11199700,
BNCL,8.620004,8.659996,8.500005,8.589999,173600,
BND,82.099998,82.260002,81.959999,82,1194600,
BNNY,38.4,39.39,38.17,39.17,108200,
BNO,78.230003,79.660004,78.129997,79.559998,35800,
BNS,56.43,56.470001,55.849998,56.110001,539100,
BOBE,48,48.470001,47.740002,47.990002,108500,
BODY,12.7,12.88,12.52,12.76,22900,
BOFI,47.32,47.450001,45.029999,45.66,1406400,
BOH,49.259998,49.490002,48.970001,49.169998,329000,
BOIL,42.639999,43.060001,42.48,42.630001,25200,
BOKF,64.540001,64.540001,63.849998,64.139999,52200,
BOLT,17.01,17.01,16.8,17,7700,
BONA,4.4,4.5,4.3,4.4,48600,
BOND,108,108,107.580002,107.599998,614100,
BONT,21.540001,21.889999,21.52,21.77,93000,
BOOM,17,17.110001,16.85,17.030001,30900,
BORN,1.33,1.35,1.33,1.33,21200,
BOTA,3.51,3.63,3.51,3.54,16700,
BP,43.009998,43.150002,42.759998,42.950001,5309000,
BPAX,1.21,1.22,1.16,1.2,176600,
BPFH,10.08,10.1,9.94,10.01,396200,
BPI,12.72,12.88,12.66,12.86,140100,
BPL,67.480003,68.209999,67.199997,67.940002,251800,
BPO,17.39,17.42,16.98,17.13,760600,
BPOP,29.1,29.389999,28.76,29.049999,370900,
BPT,92.010002,93.620003,92,93.07,135200,
BPX,64.220001,64.559998,64.089996,64.260002,0,
BPY,21.209999,21.290001,20.889999,21.1,179400,
BPZ,1.92,1.93,1.88,1.9,515200,
BR,26.450001,26.879999,26.290001,26.85,896700,
BRC,31.290001,31.440001,31.049999,31.34,146800,
BRCD,5.48,5.63,5.43,5.62,8013600,
BRCM,35.529999,35.650002,35.060001,35.389999,9598800,
BRE,49.3,49.34,48.19,48.85,639200,
BREW,7.65,7.68,7.45,7.5,18300,
BRF,36.139999,36.349998,35.580002,35.75,105100,
BRFS,22.74,23.34,22.709999,23.120001,1515400,
BRK.B,113.889999,115.550003,113.529999,115.309998,4725500,
BRKL,8.56,8.56,8.44,8.49,147100,
BRKR,16.33,16.51,16.129999,16.4,640300,
BRKS,10.37,10.44,10.15,10.42,143500,
BRLI,29.59,30.28,29.37,29.63,266700,
BRO,31.950001,32.299999,31.77,32.279999,328200,
BRS,62.860001,64.400002,62.630001,64.220001,265600,
BRY,44.93,45.4701,44.93,45.11,290800,
BSAC,24.1,24.35,23.83,23.84,218300,
BSBR,6.92,7.04,6.87,6.94,3686300,
BSDM,1.31,1.31,1.28,1.28,45900,
BSET,13.6,13.75,13.37,13.51,17400,
BSFT,29.76,29.76,29.15,29.66,204400,
BSMX,15.37,16.01,15.33,15.45,1506500,
BSRR,14.2,14.45,14.13,14.23,13400,
BSX,9.25,9.4,9.2,9.3,12822000,
BTE,37.669998,37.669998,37.23,37.419998,146000,
BTH,13.32,13.61,13.26,13.42,69900,
BTI,108.510002,110.129997,108.449997,110.120003,176900,
BTN,4.21,4.27,4.17,4.21,178200,
BTU,18.670009,18.79001,18.44001,18.74001,431800,
BTX,4.16,4.21,4.14,4.15,200400,
BUD,93.110001,95.349998,93.07,94.410004,1623200,
BUSE,4.549995,4.549995,4.399996,4.459995,40600,
BV,9.06,9.66,8.73,9.51,1831500,
BVN,18.07,18.129999,17.790001,17.889999,856100,
BWA,80,82.629997,78.43,82.620003,2519000,
BWC,29.780001,30.469999,29.780001,30.42,573400,
BWEN,4.37,4.39,4.25,4.26,36000,
BWLD,95.68,97.150002,95.160004,97.059998,191700,
BWP,29,29.65,28.91,29.27,477800,
BWS,21.71,21.91,21.43,21.9,278000,
BWX,58.220001,58.290001,58.099998,58.240002,1038200,
BX,21.26,21.940001,21.190001,21.67,4193500,
BXP,109.849998,110.489998,108.120003,109.809998,814200,
BXS,16.98,17.01,16.719999,16.950001,511300,
BYD,12.15,12.44,12.02,12.35,1546500,
BYI,56.5,56.99,56.26,56.9,342100,
BZ,8.47,8.53,8.3379,8.5,678100,
BZF,18.370001,18.51,18.370001,18.41,13400,
BZH,19.58,19.950001,19.280001,19.459999,935900,
BZQ,77.480003,78.410004,75,76.949997,37400,
C,51.27,51.810001,50.849998,51.599998,30885500,
CA,28.15,29.83,28.129999,29.139999,9362500,
CAAS,5.01,5.14,4.86,5.09,27600,
CAB,68.190002,69.75,67.870003,69.599998,478400,
CACI,64.870003,65.199997,64.300003,65.040001,172700,
CADX,7.73,7.8,7.39,7.43,408800,
CAG,33.289999,33.789998,33.289999,33.749999,3827400,
CAH,46.48,46.900002,46.400002,46.900002,2444600,
CAJ,33.02,33.639999,32.73,33.48,408500,
CAK,0.53001,0.57,0.53001,0.54001,72600,
CAKE,40.869999,41.599998,40.580002,41.459999,563300,
CALD,6.46,6.5,6.3,6.32,178800,
CALL,14.69,14.74,14.2,14.55,312450,
CALM,45.18,45.630001,44.939999,45.209999,113400,
CALX,10.35,10.39,10.24,10.31,213000,
CAM,62.310001,62.619999,61.91,62.549999,1341700,
CAMP,13.15,13.22,12.93,13.09,141500,
CAP,25.9,26.32,25.889999,26.219999,75300,
CAR,32.27,33.82,32.099998,33.580002,1920200,
CARB,10.95,11.45,10.66,11.4,62100,
CAS,17.25,17.35,17.16,17.23,88600,
CASY,62.060001,62.68,61.290001,62.259998,271100,
CAT,84.650002,85.370003,83.639999,84.650002,5474100,
CATM,29.16,29.24,28.969999,29.030001,88000,
CATO,25.690001,25.889999,25.299999,25.450001,91300,
CATY,20.389999,20.389999,20.129999,20.26,150000,
CAVM,32.849998,33.529999,32.34,33.110001,700600,
CB,89.809998,89.900002,88.839996,89.879997,2708100,
CBAK,1.14,1.21,1.08,1.14,139200,
CBB,3.33,3.33,3.26,3.29,247600,
CBD,49.48,50.689999,49.459999,49.73,455900,
CBEY,8.57,8.72,8.36,8.42,95200,
CBF,16.93,17.9,16.870001,17.719999,182800,
CBG,23.370001,23.49,23.08,23.440001,1765400,
CBI,60.509998,61.470001,59.740002,60.619999,2044200,
CBK,7.42,7.61,6.82,6.96,1169900,
CBL,22.629999,23.01,22.360001,22.99,2603800,
CBLI,1.59,1.61,1.55,1.6,2000,
CBM,13.67,13.77,13.47,13.57,207600,
CBOE,40.720001,41.34,40.360001,41.200001,660000,
CBR,3.97,4.01,3.81,4,120000,
CBRL,96.980003,98.489998,96.470001,97.93,167200,
CBS,47.84,48.959999,47.610001,48.029999,10327800,
CBS.A,47.919998,48.650002,47.799999,48.049999,4400,
CBSH,43.920134,44.010139,43.580131,43.93014,231300,
CBST,51.47,52.42,51.15,51.38,793700,
CBT,39.18,39.48,38.279999,39.07,150000,
CBU,29.52,29.75,29.32,29.6,100500,
CBZ,6.72,6.72,6.58,6.65,143300,
CCC,17.99,18.040001,17.639999,17.879999,429500,
CCE,36.959999,37.360001,36.939999,37.040001,1918100,
CCG,12.67,12.74,12.31,12.48,254400,
CCI,70.089996,70.82,70.089996,70.279999,4203300,
CCIX,20,20.09,19.47,19.83,180100,
CCJ,21.639999,21.68,21.5,21.629999,834800,
CCK,42.5,43.130001,42.360001,43.080002,1185400,
CCL,32.32,32.740002,32.220001,32.709999,3353400,
CCM,4.100004,4.18,4.100004,4.18,3100,
CCMP,35.349998,35.66,35.029999,35.259998,82000,
CCO,7.9,7.9,7.57,7.77,256700,
CCOI,26.629999,27.209999,26.620001,27.1,177300,
CCRN,5.15,5.18,5.07,5.13,98100,
CCUR,7.6,7.75,7.51,7.75,227600,
CDD,102.5,102.529999,101.690002,101.93,0,
CDE,14.38,14.42,13.71,13.78,1901200,
CDI,14.51,14.89,14.41,14.76,58400,
CDNS,15.09,15.23,14.99,15.17,2195200,
CDR,5.82,5.85,5.59,5.64,426400,
CDZI,6.05,6.1,6.05,6.06,28100,
CE,48.75,49.349998,48.009998,49.009998,582700,
CEB,60.540001,61.200001,58.860001,60.970001,70000,
CEC,0.73081,0.73081,0.72156,0.72156,10900,
CECE,11.78,12.25,11.78,12.05,25500,
CECO,3.07,3.15,2.97,3.02,649600,
CEL,8.94,9.04,8.93,9,53100,
CELG,116.93,120.580002,116.919998,120.410004,7099000,
CENTA,7.58,7.58,7.4,7.5,234700,
CENX,9.91,10.05,9.64,10.03,941600,
CEO,174.589996,176.470001,173.369995,175.619995,68400,
CERN,99.190002,100,98.360001,99.349998,1727800,
CERS,4.99,5.05,4.82,4.82,613100,
CETV,3.34,3.37,3.25,3.34,404900,
CEVA,16.5,16.5,16.25,16.290001,67900,
CF,193.099995,194.899998,192.269993,194.419994,3222000,
CFI,17.799999,17.799999,17.5,17.709999,14500,
CFN,37.7,38.37,37.37,38.17,2970600,
CFNL,15.49,15.49,15.28,15.38,61900,
CFR,64.449997,64.660004,63.810001,64.589996,246500,
CFX,49.580002,50.59,49.43,50.529999,276400,
CG,26.26,26.9,26.26,26.74,2130900,
CGA,2.82,2.84,2.8,2.8,24000,
CGEN,6.13,6.3,6.06,6.25,113800,
CGG,23.74,23.91,23.59,23.75,0,
CGI,19.139999,19.709999,19.040001,19.65,138100,
CGNX,45.98,45.98,44.419998,44.610001,427800,
CGX,47.77,48.3,47.63,48.04,18000,
CHCO,39.779999,39.990002,39,39.389999,31000,
CHD,60.599998,61.16,60.599998,61.09,1005800,
CHDN,81.489998,82.940002,81.120003,81.900002,25300,
CHDX,16.5,16.5,16.27,16.35,12300,
CHE,71.389999,72.019997,71,71.779999,204200,
CHEF,18.43,19.120001,18.26,18.799999,67000,
CHFC,25.92,26.24,25.68,25.940001,27400,
CHH,39.799999,40.189999,39.599998,39.869999,64800,
CHIQ,14.37,14.46,14.26,14.41,83000,
CHK,21.780001,22.140001,21.55,22.000001,7841500,
CHKP,49.57,51.009998,49.299999,50.91,1939900,
CHKR,14.95,15.18,14.91,14.96,64500,
CHL,50.970001,51.040001,50.700001,50.869999,745200,
CHLN,2.07,2.07,1.95,2.03,6800,
CHMT,20.91,21.620001,20.6,21.23,1929200,
CHOP,1.98,2.07,1.94,2.05,3000,
CHRW,56.810001,57.549999,56.400002,57.16,1252400,
CHS,18.110001,18.16,17.809999,17.93,1884100,
CHSP,22.16,22.16,21.49,21.950001,323400,
CHT,31.780001,31.92,31.74,31.870001,175800,
CHTP,2.59,2.59,2.45,2.47,1317700,
CHTR,113.360001,114.599998,112.389999,113.910004,526100,
CHU,13.38,13.56,13.35,13.45,277100,
CHUY,33.450001,35.34,33.400002,35.130001,201800,
CI,67.5,68.889999,67.410004,68.449997,1404900,
CIB,58.759998,59.73,58.700001,59.240002,284100,
CIE,25.83,26.43,25.66,26.35,3326800,
CIEN,19.120001,19.950001,18.969999,19.75,10429300,
CIG,9.859997,9.95,9.699999,9.800004,4959000,
CIM,3.09,3.1,3.05,3.1,1080000,
CINF,46.369999,46.610001,45.990002,46.459999,777400,
CIS,1.79,1.85,1.7601,1.85,216300,
CISG,6.14,6.25,6.1,6.23,49000,
CIT,46.4,46.7,45.839,46.5,1010290,
CJES,19.139999,19.559999,18.959999,19.280001,612500,
CKEC,17.870001,17.969999,17.690001,17.870001,42500,
CKH,78.599998,78.599998,78.07,78.349998,108000,
CKP,14.48,14.7,14.35,14.6,466700,
CKSW,7.92,7.92,7.71,7.83,60400,
CL,58.509998,59.139999,58.419998,59.099998,2980200,
CLB,137.720001,140.320007,135.960007,140,163800,
CLC,54.759998,54.98,54.259998,54.779999,90900,
CLD,18.690001,18.870001,18.26,18.469999,546400,
CLDT,18.5,18.5,17.809999,18.02,53600,
CLDX,13.62,14.6,13.54,14.57,2484800,
CLF,18.469999,18.5,17.91,17.940001,9771700,
CLGX,25.27,25.49,24.99,25.1,830400,
CLH,55.02,55.41,54.060001,54.790001,649400,
CLI,25.92,25.92,25.379999,25.85,690600,
CLMS,10.83,10.84,10.71,10.77,97500,
CLMT,34.580002,34.970001,34.209999,34.720001,363200,
CLNE,13.09,13.32,12.93,13.29,977600,
CLNY,21.450001,21.450001,20.870001,21.120001,961400,
CLP,4500,4500,4500,4500,0,
CLR,83.32,85.5,82.529999,84.589996,1366600,
CLS,9.53,9.64,9.5,9.53,91400,
CLSN,1.749999,1.749999,1.600001,1.680001,1728300,
CLW,48.970001,49.029999,48.240002,48.82,97100,
CLWR,4.29,4.4299,4.29,4.4,4643500,
CLX,84.349998,84.849998,83.860001,84.470001,505500,
CM,76,76.040001,75.18,75.599998,180800,
CMA,38.52,38.970001,38.290001,38.860001,2125800,
CMC,14.8,14.89,14.5,14.62,686600,
CMCO,21.42,21.440001,21.129999,21.219999,34200,
CMCSA,40.52,41.279999,40.330002,41.18,24826200,
CMCSK,38.98,39.720001,38.98,39.599998,1597800,
CME,69.360001,72.129997,69.360001,72,2655200,
CMG,361,365.799988,354.25,365.799988,560400,
CMI,118.25,119.629997,117.349998,118.540001,1105000,
CMLP,21.57,22.639999,21.57,22.57,59300,
CMN,34.369995,34.680001,34.099995,34.570006,65800,
CMO,12.55,12.59,12.34,12.5,850600,
CMP,85.739998,87.699997,85.739998,87.029999,90600,
CMRE,17.76,17.76,16.76,17.08,159300,
CMS,26.99,27.18,26.75,27.040001,1545900,
CMTL,27,27.299999,26.379999,27,121900,
CNA,33.880001,34.130001,33.639999,34.080002,113000,
CNC,48.599998,50.259998,48.599998,49.709999,583800,
CNDO,9.05,9.05,8.71,8.75,214400,
CNH,43.94,44.76,43.77,44.68,227300,
CNI,99.709999,100.529999,98.650002,99.800003,1622400,
CNIT,2.82,3.23,2.73,3.11,160700,
CNK,28.799999,29.040001,28.65,29,275600,
CNL,45.400002,45.599998,44.73,45.349998,145100,
CNMD,32.349998,32.580002,32.130001,32.380001,181300,
CNO,12.56,12.68,12.39,12.67,1270900,
CNP,23.209999,23.41,23.02,23.389999,1981000,
CNQ,29.290001,29.41,28.9,29.16,1606600,
CNQR,81.14,81.59,80.23,80.92,249400,
CNS,37.130001,37.130001,36.27,36.779999,128400,
CNSI,29.969999,30,29.540001,29.940001,18400,
CNSL,17.440001,17.610001,17.059999,17.09,165400,
CNW,38.599998,39.790001,38.240002,39.740002,1005500,
CNX,33.52,33.73,33.099998,33.630001,1628400,
COCO,2.72,2.73,2.63,2.64,408900,
CODE,1.12,1.12,1.12,1.12,0,
CODI,16.809999,17.1,16.77,17.040001,131500,
COF,61.310001,62.389999,61.25,62.330002,3684100,
COG,71.050003,72.620003,70.779999,72.309998,3033400,
COGO,1.8,1.94,1.8,1.88,18000,
COH,58,59,57.84,58.75,3348900,
COHR,57.490002,58.389999,57.330002,57.639999,20500,
COHU,11.22,11.51,11.12,11.43,59100,
COL,65.07,65.68,64.900002,65.510002,593500,
COLB,22.030001,22.16,21.84,22.08,142100,
COLM,60.790001,61.349998,60.310001,60.919998,55800,
CONE,21.5,21.76,21.25,21.290001,142400,
CONN,54.529999,54.73,52.84,53.330002,716200,
COO,116.610001,120.559998,116.610001,120,1143300,
COP,62.169998,62.380001,61.759998,62.32,5081700,
COR,32.689999,32.700001,31.33,31.52,142500,
CORE,60.779999,61.529999,60.349998,61.16,122000,
CORN,41.669998,42.080002,41.43,42,38000,
CORR,7.74,7.83,7.55,7.62,16200,
CORT,1.85,1.85,1.82,1.83,59800,
COST,111.239998,111.949997,110.169998,110.580002,2013400,
COT,8.16,8.25,8.02,8.05,321900,
COV,59.23,59.59,58.85,58.96,3332000,
COW,26.360001,26.360001,26.290001,26.33,6900,
COWN,3.17,3.24,3.17,3.21,280800,
CP,126.169998,129.080002,125.800003,126.68,840200,
CPA,133.309998,134.089996,130.380005,133.610001,272200,
CPB,43.459999,44.68,43.439999,44.669998,2637600,
CPE,3.79,3.84,3.58,3.6,458400,
CPF,17.93,18.389999,17.809999,18.33,92000,
CPHD,34.43,34.740002,34.130001,34.470001,434900,
CPIX,5.1,5.2,5.05,5.1,65200,
CPL,20.769939,20.979938,20.419934,20.909937,331700,
CPLA,45.09,46.049999,44.459999,45.82,115500,
CPLP,9.04,9.32,8.89,9.25,99600,
CPN,20.57,20.940001,20.459999,20.84,2897700,
CPRT,31.25,32.369999,31.139999,32.279999,5308300,
CPSI,50.599998,50.650002,49.860001,50.400002,54100,
CPSS,7.5,7.8,7.48,7.76,75400,
CPT,68.580002,68.949997,66.730003,67.690002,515300,
CPWR,10.5537,10.6689,10.4961,10.6497,1411400,
CQB,10.31,10.58,10.26,10.33,215500,
CQP,29.41,29.799999,28.549999,28.719999,164000,
CQQQ,26.690001,27.049999,26.690001,26.950001,14500,
CR,58.59,59.169998,58.369999,59.169998,234200,
CRAY,18.52,18.52,18.26,18.34,190000,
CREE,61.599998,63.060001,61.02,62.84,2009000,
CRH,20.809999,21.120001,20.709999,21.08,108300,
CRI,71.580002,71.809998,71.160004,71.650002,268200,
CRIS,3.52,3.58,3.37,3.47,393000,
CRK,16.57,17.22,16.55,17.22,137600,
CRL,41.889999,42.299999,41.849998,42.110001,188200,
CRM,38.380001,39.639999,38.27,39.610001,10146600,
CRME,1.91,1.92,1.91,1.91,1600,
CRMT,43.700001,44.07,43.330002,44.009998,70800,
CRNT,3.82,3.96,3.82,3.96,29500,
CROC,44,44,43.380001,43.439999,23300,
CROX,17.139999,17.200001,16.940001,17.120001,624200,
CRR,69.449997,69.449997,67.599998,67.839996,194000,
CRRC,13.5,13.55,13.35,13.37,49200,
CRS,48.279999,48.32,47.599998,47.950001,210200,
CRTX,10.26,10.37,10.04,10.1,164600,
CRUS,18.290001,18.299999,17.889999,18.1,1990900,
CRY,6.25,6.34,6.24,6.29,54400,
CRZO,26.24,26.65,26.08,26.51,380200,
CS,28.84,29.299999,28.68,29.190001,896800,
CSC,45.669996,46.809999,44.740002,46.739998,4362800,
CSCO,24.620001,24.780001,24.379999,24.49,42729400,
CSE,9.44,9.62,9.43,9.6,1015500,
CSGP,114.209999,115.800003,112.480003,115.260002,64700,
CSGS,20.889999,21.08,20.6,20.98,89300,
CSH,48.670007,49.200001,48.369999,48.899993,286100,
CSII,21.67,21.700001,21.25,21.450001,81400,
CSIQ,9.2,9.32,8.72,8.8,1313700,
CSL,65.639999,66.599998,65.269997,66.459999,359000,
CSOD,40.009998,41.139999,39.650002,40.959999,417000,
CST,31.9,33.029999,31.85,32.790001,1816900,
CSTE,26,27.799999,25.889999,27.18,186500,
CSTR,57.34,58.43,57.34,58.27,299000,
CSU,25.33,25.75,25.030001,25.67,155300,
CSUN,1.74,1.91,1.74,1.79,81400,
CSV,18.43,19.120001,18.209999,19.040001,139800,
CSX,24.959999,25.34,24.84,25.02,7539100,
CTAS,45.419998,45.869999,45.209999,45.799999,386900,
CTB,24.66,25.030001,24.42,24.959999,558100,
CTCM,11.94,12.2,11.87,12.16,608700,
CTCT,16.360001,16.48,15.97,16.139999,223100,
CTGX,24.39,24.7,24.08,24.27,139500,
CTIC,1.24,1.24,1.2,1.21,1081800,
CTL,35.630001,35.75,35.189999,35.43,5187100,
CTRN,13.94,13.99,13.73,13.89,31100,
CTRP,32.540001,34.790001,32.490002,33.869999,3008800,
CTRX,48.400002,50.540001,48.27,50.290001,1250500,
CTS,12.38,12.49,12.14,12.23,41400,
CTSH,65.790001,66.660004,65.599998,66.580002,7185400,
CTXS,62.460002,63.770002,62.460002,63.609999,2240500,
CU,23.48,23.48,23.110001,23.280001,7600,
CUB,48.189999,48.669998,48.080002,48.549999,76800,
CUBE,16.18,16.290001,15.96,16.200001,918700,
CUI,5.48,5.48,5.28,5.4,41699,
CUK,33.290001,33.549999,33.099998,33.52,66900,
CUTR,9.07,9.1,8.85,8.97,76400,
CUZ,9.86,9.87,9.58,9.65,1125900,
CVA,20.110001,20.25,19.870001,20,954300,
CVBF,11.5,11.52,11.37,11.48,320600,
CVC,14.72,14.92,14.59,14.65,3137000,
CVD,73.97,74.84,73.73,74.68,229100,
CVE,30.08,30.299999,29.780001,29.969999,1196800,
CVG,17.98,18.08,17.82,17.889999,317100,
CVGI,7.86,8,7.68,7.78,93900,
CVGW,28.790001,28.879999,28.1,28.73,36200,
CVI,60.060001,60.740002,58.889999,59.639999,296200,
CVLT,70.510002,71.5,69.370003,71.370003,207800,
CVO,2.2,2.21,2.12,2.21,34700,
CVRR,30.719999,30.74,30.35,30.48,481400,
CVS,58.490002,58.630001,57.919998,58.490002,3914100,
CVU,10.08,10.1,9.9,9.96,29400,
CVX,121.220001,121.970001,120.139999,121.699997,6089800,
CVY,24.15,24.190001,24.01,24.120001,185400,
CW,36.470001,37.119999,36.259998,36.82,87600,
CWCO,10.99,10.99,10.56,10.68,50700,
CWH,0.14,0.14,0.14,0.14,0,
CWST,4.12,4.13,3.98,4.06,169900,
CWT,20.040001,20.040001,19.6,19.780001,216400,
CWTR,2.99,3.05,2.96,2.97,299900,
CX,10.929963,11.149959,10.849957,10.949961,12548600,
CXDC,4.24,4.26,4.2,4.22,10000,
CXO,88.050003,89.5,87.760002,89.400002,858800,
CXPO,2.9,2.9564,2.88,2.93,49400,
CXW,35.93,36.279999,35.119999,35.849998,1774400,
CY,10.72,10.93,10.7,10.85,1348400,
CYB,26.09,26.219999,26.030001,26.049999,700100,
CYBX,51.75,53,51.16,52.16,420800,
CYC,1212.85,1212.85,1212.85,1212.85,0,
CYCC,3.199999,3.209999,3.149999,3.189999,7500,
CYD,17.799999,17.889999,17.75,17.75,18400,
CYH,48.840001,50.000003,48.599999,49.849999,1448900,
CYN,61.189999,61.900002,60.939999,61.82,393000,
CYNO,23.530001,23.530001,23.129999,23.389999,205700,
CYOU,30.57,31.99,30.48,31.690001,236200,
CYS,10.7,10.74,10.32,10.44,1732600,
CYT,70.730003,72.199997,70.449997,72.029999,1332000,
CYTR,2.25,2.28,2.18,2.2,141300,
CYTX,2.440001,2.460001,2.300001,2.360001,11700,
CZR,13.62,14.11,13.36,13.97,343000,
CZZ,17.68,18.139999,17.68,18.09,926200,
D,55.66,55.73,55.029999,55.639999,3467900,
DAKT,10.52,10.52,10.39,10.48,69100,
DAL,17.75,18.379999,17.65,18.379999,10492900,
DAN,18.57,19.120001,18.48,19,1246100,
DANG,7.17,7.46,7.13,7.34,1970300,
DAR,19.629999,19.719999,19.34,19.389999,432000,
DATA,53,56.540001,52.189999,56.209999,464100,
DATE,5.13,5.16,4.88,5.09,27300,
DAVE,12.24,12.43,12.12,12.36,17200,
DB,47.089997,48.149999,46.739998,47.74,1166700,
DBA,25.76,25.84,25.76,25.82,276900,
DBB,17.309999,17.459999,17.17,17.219999,98500,
DBC,26.110001,26.4,26.08,26.32,1316900,
DBD,32.099998,32.200001,31.73,32.16,218200,
DBE,27.709999,28.190001,27.709999,28.110001,47000,
DBJP,31.85,32.98,31.82,32.75,201700,
DBLE,4.16,4.18,3.95,4.01,101000,
DBO,25.950001,26.52,25.950001,26.43,66200,
DBP,45.779999,45.84,45.18,45.23,33900,
DBS,37.66,37.66,36.470001,36.470001,11600,
DBV,25.879999,25.99,25.83,25.950001,44800,
DCI,36.759998,37.240002,36.59,37.169998,565400,
DCIX,5.14,5.24,5.1,5.2,46400,
DCM,14.74,14.86,14.67,14.81,472400,
DCO,20,20.48,19.91,20.33,66700,
DCT,7.67,7.88,7.48,7.6,1264300,
DCTH,0.39,0.39,0.38,0.38,1800,
DD,55.18,55.719997,54.929998,55.44,3833600,
DDC,15.2,15.22,15.04,15.19,124400,
DDD,46.790001,46.880001,44.919998,45.23,4081600,
DDM,95.169998,96.769997,94.660004,96.599998,641800,
DDR,17.5,17.549999,17.309999,17.51,4395200,
DDS,85.209999,86.080002,84.889999,85.370003,490200,
DE,86.779999,87.07,85.949997,86.809998,2983200,
DECK,54.060001,54.200001,53.349998,53.419998,395500,
DEI,24.77,24.889999,24.370001,24.6,767200,
DELL,13.5,13.53,13.455,13.49,11453300,
DEM,52.73,52.959999,52.369999,52.630001,1112300,
DENN,6.19,6.23,6.11,6.22,422700,
DEO,119.43,121.879997,119.25,121.639999,926200,
DEPO,5.77,5.79,5.68,5.75,262700,
DES,58.25,58.549999,58.060001,58.389999,122400,
DEST,25.33,25.48,24.799999,24.870001,47800,
DF,10.4,10.47,10.15,10.25,1955900,
DFJ,45.060001,46.330002,44.900002,46.240002,69900,
DFRG,20.040001,20.559999,19.780001,20.51,153100,
DFS,49.099998,49.380001,48.529999,48.66,6219800,
DFT,24.799999,24.870001,23.98,24.74,1346700,
DG,51.490002,52.299999,50.869999,51.09,4334600,
DGI,30,31,29.76,30.93,1088800,
DGII,9.93,9.96,9.71,9.8,33600,
DGIT,6.88,7.1,6.88,7.01,365100,
DGL,47.049999,47.189999,46.720001,46.75,49000,
DGS,49.950001,50.189999,49.66,49.830002,165000,
DGX,62.549999,63,62.060001,62.220001,1278000,
DHI,23.540001,24.200001,23.139999,23.559999,8923900,
DHR,60.949998,62.170001,60.519999,62.100002,4465600,
DHT,4.41,4.45,4.37,4.43,12300,
DHX,9.22,9.25,9.13,9.18,240100,
DIA,151.160004,152.440002,150.699997,152.320007,8087900,
DIG,57.299999,58.200001,56.77,58.110001,99000,
DIN,73.209999,74.459999,73.199997,73.650002,117700,
DIOD,23.610001,23.75,23.389999,23.52,116200,
DIS,63.630001,64.870003,63.25,64.849998,7611300,
DISCA,75.450001,76.470001,74.970001,76.390002,2657400,
DISCK,67.290001,68.360001,67.010002,68.019997,1444400,
DISH,38.919998,39.41,38.549999,39.139999,2133200,
DJP,38.52,38.779999,38.52,38.630001,305400,
DJX,150.44,152.56,150.44,152.48,13738294272,
DK,34.779999,35.349998,34.650002,34.75,443400,
DKL,33.849998,34.400002,33.619999,34.400002,7800,
DKS,51.68,52.240002,51.41,52.18,874300,
DLB,34.889999,35.09,34.810001,34.959999,187300,
DLLR,14.93,15.365,14.81,15.27,184800,
DLN,60.939999,61.310001,60.779999,61.310001,479300,
DLPH,49.880001,50.419998,49.34,50.400002,1953800,
DLR,62.82,63.23,59.549999,60.400002,2936500,
DLTR,49.290001,50.130001,49.279999,49.689999,1199600,
DLX,36.830002,37.080002,36.529999,36.59,254400,
DM,1.75,1.77,1.62,1.67,165700,
DMD,8.219999,8.27,8.090001,8.2,349200,
DMLP,24.889999,25.200001,24.5,25.190001,22800,
DMND,15.74,16.34,15.58,16.24,302000,
DNB,99.5,99.760002,98.860001,99.239998,628300,
DNDN,3.94,3.95,3.87,3.9,1490111,
DNKN,41.09,41.490002,40.73,41.419998,761300,
DNN,1.33,1.34,1.28,1.3,536400,
DNO,36.939999,36.939999,36.240002,36.279999,13900,
DNR,18.77,18.860001,18.620001,18.790001,2115800,
DO,69.099998,69.699997,68.57,69.110001,576700,
DOG,29.27,29.360001,29.02,29.02,576100,
DOLE,9.8,9.87,9.7221,9.87,1139500,
DOM,5.03,5.06,4.95,5,26300,
DORM,45.759998,46.279999,45.380001,45.869999,106000,
DOV,79.830003,79.990005,78.940006,79.52,1430400,
DOW,33.959999,34.560001,33.82,34.349998,5928100,
DOX,35.84,36.130001,35.639999,36.130001,1012200,
DPK,13.84,13.91,13.31,13.32,9600,
DPM,47.82,48.369999,47.619999,48.099998,201600,
DPS,46.43,46.709999,46.139999,46.330002,1021600,
DPZ,59.93,60.66,59.389999,60.529999,500200,
DRC,60.75,61.419998,60.25,61.290001,346600,
DRD,6.14,6.2,6,6.02,43500,
DRE,16.24,16.35,15.91,16.17,1834400,
DRH,9.47,9.48,9.18,9.37,962600,
DRI,53.540001,54.330002,53.389999,54.23,922500,
DRIV,17.42,17.75,17.31,17.7,193300,
DRN,48.290001,49.09,45.970001,47.880001,2796400,
DRQ,90.730003,92.07,90.080002,91.860001,198700,
DRRX,0.87,0.88,0.81,0.81,394000,
DRV,15.23,16.049999,14.42,15.45,68400,
DRWI,2.84,2.9,2.8,2.84,2500,
DRYS,1.789999,1.809999,1.769999,1.809999,200,
DSCI,13.5,13.55,13.05,13.46,33300,
DSCO,1.790001,1.790001,1.730001,1.740001,24100,
DSS,2.77,2.85,2.73,2.78,24800,
DST,67.550003,68.260002,67.489998,68.080002,208300,
DSW,74.059998,74.059998,72.830002,73,1367800,
DSX,9.52,9.73,9.42,9.68,622600,
DTE,66.980003,67.559998,66.57,67.510002,3141800,
DTLK,11.26,11.33,10.99,11.1,39100,
DTN,63.009998,63.470001,62.950001,63.470001,62000,
DTSI,20.41,20.41,19.77,19.860001,51000,
DTV,62.32,62.34,61.43,62.200001,2479000,
DUG,15.75,15.97,15.57,15.61,71600,
DUK,67.669998,68.18,67.080002,67.690002,2740000,
DUST,77.849998,83.239998,77.019998,81.149998,38600,
DV,29.66,30.15,29.66,30.110001,331300,
DVA,125.720001,127.040001,125.07,126.419998,1290800,
DVAX,2.58,2.59,2.46,2.47,158000,
DVN,56.18,56.900002,55.799999,56.849998,3352700,
DVR,0.2,0.2,0.2,0.2,0,
DVY,64.510002,64.940002,64.349998,64.889999,774100,
DW,38.029999,38.84,37.59,38.689999,106100,
DWA,22.43,22.83,22.309999,22.790001,353900,
DWRE,31.389999,33.709999,31.280001,32.869999,631300,
DWSN,8.529915,8.629914,8.449916,8.569914,27900,
DWX,46.799999,47.200001,46.75,47.150002,209700,
DX,10.44,10.47,10.3,10.42,442400,
DXCM,21.969999,22.48,21.969999,22.4,381700,
DXD,34.57,34.759998,33.959999,34.040001,1223200,
DXJ,43.540001,45.080002,43.200001,44.860001,13775900,
DXLG,5.25,5.29,5.12,5.28,81200,
DXM,17.450001,17.75,16.719999,17,514600,
DXPE,63.630001,64.580002,62.669998,64.139999,107200,
DY,23.02,23.42,22.790001,23.35,203600,
DYAX,2.89,2.99,2.89,2.94,383700,
DYN,23.5,23.75,23.09,23.700001,1066900,
DZK,50.139999,51.880001,49.639999,51.880001,11700,
E,45.23,45.860001,45.009998,45.560001,114000,
EA,23.5,23.66,23.23,23.610001,3476200,
EAT,40.490002,41.470001,40.490002,41.18,1073400,
EBAY,51.950001,52.189999,51.42,51.450001,27889900,
EBF,17.299999,17.360001,17.1,17.16,24600,
EBIX,19.84,19.84,19.65,19.74,446600,
EBR,2.44,2.47,2.33,2.38,939900,
EBR.B,4.3,4.38,4.08,4.24,486100,
EBS,14.91,15.07,14.62,15,214200,
EC,42.990002,43.540001,42.990002,43.439999,379600,
ECA,18.58,18.700001,18.41,18.51,2950000,
ECH,56.27,56.959999,56.049999,56.259998,187400,
ECHO,17.620001,17.67,17.450001,17.530001,117100,
ECL,84.309998,84.82,83.980003,84.75,1388400,
ECOL,28.280001,28.379999,27.85,28.1,49400,
ECPG,36.75,37.5,36.34,37.27,149500,
ECT,10.07,10.67,10.07,10.6,138300,
ECYT,13.15,13.26,12.12,12.16,474600,
ED,57.41,57.75,56.880001,57.43,1433800,
EDAP,3.66,3.78,3.65,3.67,43100,
EDC,27.200001,27.77,26.700001,27.209999,123600,
EDE,21.950001,22.15,21.780001,21.959999,113600,
EDIV,42.389999,42.720001,42.290001,42.509998,136100,
EDMC,6.97,7.46,6.49,6.99,39000,
EDR,10.369897,10.379896,10.149899,10.319897,225600,
EDU,21.83,22.4,21.530001,22.35,579300,
EDZ,54.900002,55.849998,53.759998,54.91,378900,
EE,35.970001,36.209999,35.509998,35.950001,94000,
EEB,32.919998,33.240002,32.82,32.990002,29100,
EEFT,30.530001,31.389999,30.530001,31.280001,256800,
EEM,40.669998,40.970001,40.43,40.689999,83416900,
EEMV,59.52,59.84,59.290001,59.549999,466600,
EEP,29.459999,29.790001,29.34,29.6,615600,
EEQ,29.430099,29.8601,29.310099,29.780091,103700,
EET,70.980003,72,70.139999,71,33800,
EEV,24.360001,24.68,24.040001,24.379999,214000,
EFA,59.540001,60.310001,59.400002,60.299999,19245200,
EFAV,57.75,58.209999,57.59,58.18,91100,
EFC,23.16,23.27,23,23.059999,121600,
EFG,63.610001,64.449997,63.470001,64.349998,50100,
EFII,28.879999,29.120001,28.5,29.059999,275700,
EFU,14.64,14.68,14.24,14.24,2200,
EFV,50.669998,51.330002,50.580002,51.299999,84000,
EFX,60.119999,60.790001,59.880001,60.349998,521700,
EFZ,39.18,39.290001,38.700001,38.720001,131100,
EGAN,8.11,8.18,8.05,8.07,64500,
EGBN,22.74,22.799999,22.51,22.75,44800,
EGHT,8.1,8.23,8,8.22,582600,
EGLE,4.190007,4.230008,4.030007,4.060007,1200,
EGN,54.509998,55.139999,54.41,55.02,395600,
EGO,8.02,8.04,7.77,7.85,5657600,
EGOV,16.1,16.290001,15.91,16.27,244100,
EGP,58.32,59.490002,57.799999,58.580002,236000,
EGY,6.19,6.35,6.13,6.33,461200,
EHTH,24.84,25.5,24.59,25.209999,68500,
EIG,24.549999,24.91,24.440001,24.799999,73400,
EIX,46.34,47.650002,45.73,47.610001,6358000,
EJ,4.830001,4.880005,4.670001,4.730001,155000,
EKDKQ,0.1302,0.1367,0.13,0.1321,1890700,
EL,66.440002,68.610001,66.160004,68.120003,2414300,
ELD,49.889999,50.07,49.619999,49.619999,410800,
ELGX,12.73,13.25,12.68,12.86,723500,
ELLI,23.49,23.49,22.83,23.110001,361900,
ELN,13.3,13.5,13.2,13.44,30320900,
ELNK,6.04,6.04,5.92,5.97,518400,
ELON,2.39,2.43,2.3,2.32,9700,
ELOS,8.78,8.81,8.68,8.76,33400,
ELP,15.43,15.71,15.32,15.63,223700,
ELRC,17.32,17.6,17.290001,17.32,22400,
ELX,6.51,6.53,6.4,6.5,360500,
ELY,6.78,6.79,6.7,6.73,471600,
EMAN,3.84,3.91,3.81,3.81,48267,
EMB,113.650002,113.980003,113.019997,113.379997,1327300,
EMC,24.809999,24.889999,24.450001,24.74,26161900,
EME,38.549999,39.41,38.540001,39.290001,167200,
EMKR,3.58,3.75,3.5,3.72,316100,
EMLC,25.610001,25.629999,25.42,25.440001,1102300,
EMN,69.959999,71.019997,69.239998,70.419998,1171900,
EMR,56.869999,57.68,56.540001,57.630001,3390700,
ENB,42.759998,43.049999,42.419998,43.040001,1169500,
END,3.8,3.82,3.63,3.67,441100,
ENDP,37.57,38.759998,37.52,38.240002,1525100,
ENG,1.07,1.07,0.9,0.93,278700,
ENH,50.810001,51.07,50.439999,50.689999,221700,
ENI,16.5,16.67,16.23,16.280001,638600,
ENOC,13.2,13.48,12.94,13.34,341800,
ENPH,7.05,7.68,6.83,6.98,195400,
ENR,97.260002,99.519997,92.43,98.970001,520100,
ENS,49.959999,50.73,49.84,50.540001,243300,
ENSG,36.069992,36.359993,35.880003,35.92,126200,
ENTG,10.03,10.14,9.89,10.06,583900,
ENTR,4.43,4.48,4.364,4.45,490700,
ENVI,1.67,1.75,1.65,1.69,317300,
ENZ,2.26,2.31,2.18,2.27,57200,
ENZN,1.65,1.65,1.58,1.62,447000,
EOC,47.200001,47.610001,46.709999,46.970001,105300,
EOG,131.100006,133.649994,130.199997,132.679993,2235600,
EOPN,14.15,14.93,14.0085,14.53,43200,
EOX,6.5,6.5,6.38,6.43,9700,
EPAM,25.08,25.74,24.959999,25.549999,507900,
EPAX,3.68,3.7,3.62,3.62,74100,
EPAY,27.5,27.84,27.25,27.629999,141300,
EPB,41.6,42.7,41.48,42.5,548900,
EPD,59.369999,60.5,59.369999,60.299999,4779200,
EPI,17.41,17.540001,17.34,17.440001,3942800,
EPIQ,12.43,12.43,12.26,12.32,62000,
EPL,30.08,30.08,29.53,29.84,273500,
EPM,10.87,10.87,10.55,10.6,26500,
EPP,45.099998,45.43,44.970001,45.389999,747700,
EPR,52.560001,53.040001,51.860001,52.580002,457600,
EPU,35.66,35.860001,35.380001,35.790001,83300,
EPV,22.09,22.32,21.74,21.84,29900,
EPX,422.58,429.58,420.88,429.11,0,
EQIX,188.660004,194.850006,187.830002,192.570007,8139500,
EQM,45.77,46.450001,45.299999,45.779999,30600,
EQR,56.880001,56.959999,55.720001,56.689999,2320400,
EQT,78.800003,81.419998,78.57,81.419998,1205000,
EQU,3.68,3.68,3.66,3.68,18300,
EQY,23.59,23.77,23.33,23.74,823700,
ERF,15.26,15.33,15,15.13,502200,
ERIC,11.75,11.85,11.7,11.81,2402500,
ERII,4,4.02,3.92,4,93700,
ERJ,35.75,36.689999,35.669998,36.43,1154200,
EROC,8.74,8.9,8.72,8.87,368900,
ERX,68.5,69.809998,67.230003,69.589996,475300,
ERY,29.58,30.030001,28.879999,28.98,570000,
ESC,24.36,25.14,24.36,25.05,601800,
ESE,32.639999,33.18,32.560001,33.07,61200,
ESEA,1.04,1.04,1.02,1.04,3200,
ESI,24.540001,26.84,24.540001,26.82,753300,
ESIO,11.36,11.47,11.29,11.33,70200,
ESL,72.330002,72.739998,71.760002,72.360001,151200,
ESRX,62.740002,62.880001,61.779999,62.5,5436800,
ESS,156.259995,156.490005,153.679993,155.949997,219700,
ESV,60.209999,61.290001,59.73,60.259998,1319100,
ET,33.65,33.65,33.62,33.62,2479700,
ETE,57.900002,58.419998,57.529999,58.07,1300000,
ETFC,11.5,11.76,11.44,11.76,2985700,
ETH,31.9,32.48,30.9,31.42,206400,
ETM,9.97,10,9.74,9.99,65300,
ETN,64.870003,65.75,64.779999,65.620003,3174400,
ETP,49.220001,50.029999,49.220001,49.889999,1009800,
ETR,68.269997,68.980003,67.489998,68.190002,1107000,
ETRM,1.170001,1.280001,1.160001,1.240001,36100,
EUI,75.449997,75.800003,75.290001,75.629997,0,
EUO,18.75,18.790001,18.67,18.73,738600,
EUU,132.539993,132.820007,131.929993,132.229996,0,
EV,40.650002,41.27,40.43,40.950001,824800,
EVC,4.89,5.14,4.89,5.07,1030400,
EVEP,37.540001,37.98,36.82,36.950001,241900,
EVER,16.360001,16.5,16.1,16.360001,562600,
EVR,37.810001,38.529999,37.400002,37.59,679400,
EVTC,20.120001,20.17,19.790001,20.17,479400,
EW,66.849998,67.239998,66.349998,67.199997,2471600,
EWA,23.65,23.950001,23.59,23.879999,2730400,
EWBC,26.15,26.280001,26,26.16,563100,
EWC,27.719999,27.74,27.51,27.66,3073500,
EWD,32.560001,32.860001,32.509998,32.860001,260300,
EWG,26.15,26.549999,26.08,26.48,6046100,
EWH,19.16,19.209999,18.969999,19.200001,64668600,
EWI,13.26,13.38,13.16,13.3,1287400,
EWJ,10.7,11.02,10.67,11,23362500,
EWL,29.76,30.059999,29.700001,30.030001,1136600,
EWM,16.15,16.23,16.049999,16.200001,399100,
EWP,30.4,30.67,30.15,30.57,845400,
EWQ,24.950001,25.23,24.84,25.110001,437500,
EWS,13.38,13.45,13.32,13.38,1272400,
EWT,13.67,13.75,13.62,13.69,1698400,
EWU,18.629999,18.83,18.6,18.82,2635300,
EWV,22.74,22.82,21.299999,21.4,101200,
EWW,66.68,68.190002,65.959999,66.290001,8621700,
EWX,47.560001,47.810001,47.299999,47.5,97000,
EWY,56.34,56.529999,56.07,56.509998,2250100,
EWZ,49.560001,50.380001,49.150002,49.73,19374300,
EXA,9.12,9.2,8.87,9.16,30900,
EXAM,19.07,19.209999,18.959999,19.01,91400,
EXAR,11.22,11.5,11.22,11.43,82700,
EXAS,12.17,12.99,12,12.91,1695800,
EXC,31.52,31.709999,31.049999,31.360001,8881600,
EXEL,4.79,4.81,4.74,4.79,1005400,
EXH,28.75,29.35,28.51,29.02,420200,
EXK,4.29,4.32,4.11,4.14,851900,
EXL,13.52,13.52,13.21,13.36,218500,
EXLP,27.690001,28.809999,27.66,28.379999,134000,
EXLS,29.92,29.98,29.26,29.879999,68600,
EXM,2.21,2.21,2.21,2.21,0,
EXP,70.339996,71.330002,69.75,71.050003,437500,
EXPD,38.419998,38.889999,38.259998,38.619999,1406100,
EXPE,55.860001,56.200001,55.369999,55.84,1774600,
EXPO,57.25,58.369999,57,57.470001,72000,
EXPR,21.450001,21.98,21.309999,21.870001,1728100,
EXR,42.709999,42.990002,42.040001,42.919998,850700,
EXTR,3.52,3.53,3.46,3.47,464900,
EXXI,25.440001,25.65,25.129999,25.469999,520100,
EZA,57.66,58.48,57.540001,58.009998,356400,
EZCH,27.91,28.200001,27.719999,28.139999,98300,
EZJ,71.139999,75.529999,71,75.040001,100600,
EZPW,19.41,19.41,18.98,19.16,171700,
EZU,34.91,35.32,34.759998,35.189999,758700,
F,15.58,15.76,15.46,15.73,37099500,
FAF,22.84,22.84,22.4,22.74,1128000,
FALC,1.69,1.69,1.6,1.66,133000,
FARO,34.73,35.049999,33.810001,34.689999,477100,
FAS,65.959999,68,65.32,67.800003,39220800,
FAST,48.209999,48.68,48,48.41,1587400,
FAZ,33.349998,33.669998,32.259998,32.389999,3575900,
FB,23.030001,23.4,22.860001,23.290001,38699200,
FBC,13.32,13.6,13.3,13.49,253300,
FBHS,39.400002,40.18,38.779999,40.060001,2020500,
FBN,5.03,5.05,4.78,4.87,77443,
FBP,6.24,6.34,6.2,6.34,432200,
FBR,11.2,11.59,11.11,11.36,1169900,
FBRC,24.299999,24.77,24.01,24.5,49300,
FBT,57.240002,58.130001,57.009998,58.09,42600,
FCE.A,18.66,18.76,18.43,18.7,2128700,
FCEL,1.429999,1.499999,1.379999,1.479999,400600,
FCFS,56.330002,57.119999,55.66,56.959999,175400,
FCG,16.97,17.25,16.85,17.2,368200,
FCH,5.95,6.02,5.79,5.99,785500,
FCN,37.650002,37.650002,37.169998,37.459999,159800,
FCS,14.22,14.24,13.83,13.97,2099300,
FCX,31.299999,31.299999,30.469999,30.92,25197500,
FDEF,22.879999,23.040001,22.129999,22.33,40200,
FDN,45.040001,45.73,45,45.689999,101300,
FDO,61.860001,62.400002,61.549999,62.009998,1574000,
FDP,26.719999,26.959999,26.450001,26.73,195000,
FDS,100.260002,100.809998,99.82,100.760002,140100,
FDUS,19.059999,19.16,18.5,18.629999,85200,
FDX,97.739998,99.839996,97.480003,99.779999,2508400,
FE,39,39.209999,38.59,38.939999,1750500,
FEIC,72.07,74.230003,71.970001,73.860001,278700,
FET,30.469999,30.719999,30.17,30.34,186000,
FEZ,35.650002,36.16,35.470001,35.970001,1126500,
FF,14.54,14.56,14.27,14.36,102800,
FFBC,15.07,15.3,14.98,15.06,271400,
FFCH,21.31,21.31,20.93,21.06,46200,
FFG,42.5,43.009998,42.360001,42.860001,54600,
FFIC,15.62,15.68,15.47,15.64,78100,
FFIN,56.66,56.82,55.91,56.34,137000,
FFIV,79.18,79.199997,77.110001,78.07,1385400,
FFNW,10.31,10.35,10.23,10.28,18800,
FGP,22.120001,22.17,21.799999,22,337800,
FHCO,9.91,9.96,9.83,9.84,141400,
FHN,11.33,11.42,11.21,11.33,3630400,
FICO,48.490002,48.860001,47.950001,48.790001,308600,
FIG,7.24,7.47,7.07,7.4,906700,
FII,28.5,28.969999,28.110001,28.969999,1553700,
FINL,21.120001,21.33,20.91,21.209999,250500,
FIO,14.07,14.11,13.95,14.01,2267700,
FIRE,52.5,53.7,52.38,53.64,297100,
FIS,44.360001,44.709999,44.240002,44.529999,1431900,
FISV,86.099998,86.889999,85.949997,86.519997,1070200,
FITB,18.24,18.440001,18.09,18.42,8354000,
FIVE,36.5,37.669998,35.990002,36.240002,433800,
FIW,28.42,28.59,28.34,28.469999,15800,
FIX,14.88,14.98,14.6,14.75,335100,
FIZZ,17.959999,17.959999,17.530001,17.67,43600,
FL,34.740002,35.080002,34.490002,34.93,1867700,
FLDM,16,16.450001,15.86,16.27,113200,
FLEX,7.67,7.92,7.67,7.89,6554800,
FLIR,24.27,24.469999,24.17,24.4,2005300,
FLML,6.11,6.25,5.99,6.18,90100,
FLO,32.41,32.750001,32.270001,32.619999,492400,
FLOW,4,4,3.61,3.67,1945300,
FLR,62.5,63.150002,62.119999,62.860001,1015700,
FLS,166.169998,168.920002,165.959999,168.070004,959700,
FLT,86.529999,87.199997,85.529999,87.110001,557700,
FLTX,30.52,31.48,30.389999,31.440001,135500,
FLWS,5.91,6.03,5.81,5.97,99300,
FLY,16.110001,16.110001,15.68,15.78,94500,
FMBI,13.11,13.25,12.88,13.08,144000,
FMC,61.639999,62.919998,61.290001,62.869999,779400,
FMER,18.93,18.950001,18.65,18.92,993600,
FMS,33.939999,34.650002,33.900002,34.490002,242300,
FMX,104.550003,106.419998,103.57,103.949997,529500,
FN,14.71,14.82,14.42,14.47,279100,
FNB,11.38,11.41,11.25,11.4,580300,
FNF,26.000001,26.000001,25.519996,25.759998,2343200,
FNFG,9.66,9.78,9.54,9.76,1722900,
FNGN,43,44.75,42.77,44.610001,351000,
FNI,21.950001,22.17,21.91,22.17,2500,
FNP,21.66,21.92,21.48,21.86,572900,
FNSR,13.64,14.27,13.56,14.11,2200100,
FNV,42.919998,42.919998,41.16,41.630001,335800,
FOE,6.79,6.79,6.61,6.74,272200,
FOLD,3.23,3.31,3.16,3.23,500100,
FOR,21.959999,22.33,21.65,21.93,251600,
FORM,6.2,6.35,6.15,6.35,591200,
FORR,36.389999,36.68,36.150002,36.560001,101800,
FOSL,105.739998,107.989998,105.610001,105.809998,701700,
FPO,13.64,13.97,13.45,13.62,508500,
FR,16.76,16.82,16.5,16.73,534100,
FRAK,25.85,26.219999,25.85,26.200001,16300,
FRAN,27.66,27.74,27.030001,27.59,1132400,
FRC,38.099998,38.57,37.810001,38.369999,608100,
FRED,16.23,16.299999,15.94,16.110001,119200,
FRGI,35.049999,35.330002,34.369999,34.799999,122000,
FRM,7.29,7.29,7.04,7.09,327500,
FRME,17.280001,17.48,17.09,17.34,171900,
FRO,1.81,1.87,1.79,1.87,198300,
FRP,8.36,8.52,8.36,8.49,49500,
FRT,107.779999,107.82,105.959999,107.400002,646400,
FRX,40.32,40.7,40.15,40.45,800800,
FSA,11.75,11.75,11.75,11.75,0,
FSC,10.49,10.55,10.38,10.51,894500,
FSG,1.8,1.8,1.8,1.8,0,
FSL,15.6,15.83,15.47,15.79,961900,
FSLR,53.82,54.75,52.060001,53.09,3871300,
FSM,3.59,3.6,3.5,3.54,285100,
FSP,13.89,13.99,13.55,13.78,434300,
FSS,8.76,8.87,8.69,8.82,102600,
FST,4.28,4.51,4.23,4.51,3715120,
FSTR,45.02,45.720001,44.259998,45.119999,25200,
FSYS,15.63,16.02,15.63,15.98,95600,
FTE,0.015,0.015,0.015,0.015,0,
FTEK,3.87,3.88,3.81,3.88,23500,
FTI,56.029999,56.360001,55.73,56.220001,1394200,
FTK,17.66,18.1,17.559999,17.93,429500,
FTNT,18.5,18.719999,18.35,18.65,1392900,
FTR,4.15,4.17,4.08,4.16,6472300,
FU,3.4,3.54,3.27,3.52,54800,
FUBC,6.57,6.57,6.32,6.48,323700,
FUL,42.27,42.27,41.939999,42.110001,177600,
FULT,11.29,11.33,11.19,11.31,355600,
FUN,40.290001,40.490002,39.759998,39.919998,179400,
FUR,12.32,12.32,11.98,12.09,84100,
FURX,35.43,35.54,35.06,35.19,48100,
FVE,5.24,5.37,5.19,5.26,314600,
FWLT,23.76,24.25,23.34,23.74,1045500,
FWM,20.049999,20.299999,19.93,20.110001,159500,
FWRD,38.490002,38.939999,38.040001,38.720001,120300,
FXA,94.599998,95.139999,94.410004,95.040001,238200,
FXB,153.089996,153.660004,153.039993,153.589996,24800,
FXC,97.410004,97.589996,97.18,97.510002,76000,
FXCM,14.35,14.510001,14.24,14.39,30500,
FXD,27.02,27.370001,27.02,27.35,87300,
FXE,130.850006,131.190002,130.740005,130.960007,464600,
FXEN,4.1,4.1,3.98,4.02,259200,
FXF,105.120003,105.139999,104.800003,104.849998,9100,
FXI,35.619999,35.919998,35.369999,35.669998,17576800,
FXO,18.83,18.959999,18.719999,18.950001,201500,
FXP,21.139999,21.459999,20.83,21.120001,74600,
FXS,151.25,151.809998,151.25,151.660004,5300,
FXY,100.910004,101.279999,100.120003,100.5,1263100,
FXZ,27.42,27.540001,27.280001,27.459999,64900,
G,19.41,19.709999,19.26,19.690001,637500,
GA,7.15,7.44,7.1,7.33,2808434,
GAGA,3.78,3.78,3.7,3.7,83100,
GAIA,4.32,4.39,4.25,4.26,12800,
GAIN,7.36,7.42,7.35,7.4,75400,
GALE,2.23,2.24,2.17,2.21,901000,
GAME,3.87,3.96,3.87,3.94,386500,
GAS,42.57,42.75,42.130001,42.529999,249200,
GASL,23.130001,24.640001,22.990001,24.570001,200,
GASS,10.11,10.45,10.02,10.42,119300,
GASX,11.55,11.68,10.87,10.92,45300,
GAZ,2.64,2.67,2.62,2.63,14000,
GB,32.630001,33.040001,32.25,32.93,105600,
GBCI,19.209999,19.450001,19.030001,19.370001,723800,
GBDC,17.549999,17.799999,17.51,17.76,250500,
GBP,155.710007,156.020004,154.889999,155.589996,0,
GBX,23.35,24.389999,23.35,23.940001,261500,
GCA,6.57,6.57,6.46,6.53,826600,
GCC,27.030001,27.17,27.030001,27.1,79000,
GCI,20.440001,20.82,20.26,20.790001,1755500,
GCO,70.199997,70.970001,69.919998,70.669998,84200,
GCOM,12.88,12.93,12.82,12.86,32900,
GD,78.300003,79.459999,78.080002,79.120003,1914000,
GDI,0.19,0.19,0.19,0.19,0,
GDOT,17.469999,17.77,17.450001,17.57,104100,
GDP,12.24,12.68,12.09,12.63,762200,
GDRZF,3,3,2.9,2.9,48800,
GDX,29.51,29.639999,28.75,28.99,21212000,
GDXJ,12.2,12.29,11.7,11.78,943500,
GE,23.540001,23.950001,23.469999,23.860001,49041200,
GEF,54.560001,54.650002,53.43,53.939999,86400,
GEL,50.919998,51.040001,50.23,50.869999,253700,
GENE,2.8,2.94,2.73,2.74,7400,
GEO,35.240002,35.32,34.630001,34.759998,405500,
GEOS,79.209999,81.940002,79.209999,81.370003,112200,
GERN,1.16,1.16,1.06,1.11,1169300,
GES,31.469999,31.870001,31.389999,31.82,505300,
GEVA,40.669998,41.93,39.880001,41.080002,50700,
GEVO,1.659998,1.899998,1.639998,1.819998,1900,
GEX,15.289847,15.529845,15.289847,15.519846,13700,
GFA,3.79,3.81,3.36,3.38,4564700,
GFF,11.34,11.5,11.2,11.33,134000,
GFI,6.19,6.22,6,6.07,3396100,
GFIG,4.2,4.24,4.07,4.23,195100,
GG,29.129999,29.280001,28.290001,28.549999,7627600,
GGB,6.1,6.22,5.95,6.06,6230100,
GGG,63.970001,64.589996,63.330002,64.379997,239700,
GGP,20.76,20.93,20.440001,20.780001,3749800,
GGS,0.01,0.01,0.01,0.01,0,
GHDX,35.700001,36.23,35.360001,35.869999,342100,
GHL,47.290001,47.439999,46.869999,47.110001,210300,
GHM,27.25,27.5,26.76,27.27,9600,
GIFI,20.98,21,20.74,20.92,28800,
GIGM,0.97,0.99,0.97,0.98,10400,
GIII,49.220001,49.450001,48.240002,48.779999,578200,
GIL,41.040001,41.080002,40.580002,41.029999,1035000,
GILD,51.880001,53.41,51.810001,52.889999,12883500,
GILT,5.46,5.56,5.4,5.5,63400,
GIS,47.639999,48.130001,47.509998,48.080002,3431900,
GIVN,14.19,14.26,14.02,14.12,77100,
GK,47.490002,47.66,46.849998,47.389999,32600,
GLAD,8.4,8.56,8.4,8.48,67500,
GLD,134.110001,134.619995,133.179993,133.279999,11054400,
GLDD,8.41,8.46,8.2,8.31,293200,
GLF,46.220001,46.689999,46.080002,46.259998,116200,
GLL,85.82,86.940002,85.129997,86.82,289700,
GLNG,34.240002,34.540001,33.639999,34.32,378000,
GLOG,13.28,13.37,13.08,13.1,162000,
GLP,34.080002,35.330002,34.080002,35.150002,19000,
GLPW,16.51,16.51,16.030001,16.120001,13400,
GLRE,24.860001,24.98,24.549999,24.83,96600,
GLT,25.73,25.83,25.26,25.540001,97900,
GLUU,2.48,2.54,2.38,2.51,1767400,
GLW,15.1,15.41,15.1,15.38,15014100,
GM,34.790001,35.099998,34,35.029999,30683600,
GMAN,13.35,13.51,13.22,13.49,47600,
GMCR,75.580002,76.389999,74.099998,76.089996,3134100,
GME,35.599998,37.470001,35.540001,36.75,7103300,
GMED,15.73,16,15.52,15.99,443700,
GMLP,33.16,33.950001,33,33.73,50500,
GMO,2.05,2.06,2.01,2.03,136600,
GMT,49.349998,50.32,49.18,49.619999,181500,
GNC,44.279999,44.84,43.91,44.799999,923600,
GNCMA,8.94,8.94,8.76,8.77,58600,
GNE,8.93,8.98,8.7,8.74,21500,
GNK,1.5,1.52,1.43,1.44,414000,
GNMK,15.09,15.14,14.89,14.92,37000,
GNRC,40.869999,41.48,40.580002,40.93,1113500,
GNTX,22.99,23.370001,22.98,23.26,1511200,
GNW,10.68,10.96,10.59,10.92,6180500,
GOL,4.08,4.14,3.91,3.95,249500,
GOLD,78.07,78.839996,77.050003,77.300003,663200,
GOOGL,870.420041,879.99999,865.319982,879.729996,5343800,
GORO,9.56,9.68,9.34,9.56,256900,
GOV,24.860001,24.9,24.18,24.68,597200,
GPC,76.790001,77.559998,76.269997,77.470001,618700,
GPI,64.389999,65.440002,64.019997,64.779999,201200,
GPK,7.48,7.6,7.41,7.5,1708900,
GPL,0.93,0.96,0.89,0.9,302800,
GPN,47.48,47.779999,47.110001,47.25,1510000,
GPOR,47.849998,50,47.360001,49.66,975500,
GPRE,14.7,14.88,14.33,14.49,367100,
GPS,41.75,42.400002,41.330002,42.09,6423400,
GPT,9.43999,9.58999,9.39999,9.49999,283600,
GPX,25.17,25.17,24.219999,24.469999,23900,
GRA,83.389999,83.989998,82.389999,83.489998,314000,
GRC,29.31,29.6,29.070001,29.360001,12700,
GREK,17.889999,18.18,17.639999,17.93,73600,
GRFS,26.74,27.99,26.690001,27.35,1011400,
GRMN,34.860001,34.990002,34.450001,34.84,1808700,
GROW,2.6,2.64,2.57,2.59,8000,
GRPN,6.73,6.97,6.73,6.94,18644000,
GRT,25.65,26.7,25.37,26.7,17664800,
GRU,6.96,6.96,6.96,6.96,1900,
GS,160.970001,166.169998,160.589996,166.009995,5690300,
GSG,31.370001,31.780001,31.34,31.709999,269300,
GSH,21.540001,22,21.48,21.74,32700,
GSI,0.99,1,0.97,0.98,7600,
GSK,51.009998,51.869999,50.970001,51.709999,2089400,
GSM,12.32,12.32,12.07,12.15,787400,
GSS,0.67,0.68,0.64,0.65,1866500,
GST,2.42,2.61,2.41,2.58,651600,
GSVC,7.98,8.02,7.91,7.99,65000,
GT,14.85,14.9,14.64,14.82,2675900,
GTAT,4.39,4.42,4.23,4.26,2133900,
GTE,6.41,6.41,6.27,6.4,410700,
GTI,8.26,8.39,8.17,8.29,889100,
GTIV,10.16,10.31,10.05,10.09,64700,
GTLS,95.559998,96.709999,93.970001,95.779999,201600,
GTN,5.6,6,5.46,5.91,499800,
GTXI,6.28,6.68,6.24,6.67,682800,
GTY,21.469999,21.469999,20.77,21.1,31700,
GUID,9.05,9.05,8.89,8.92,30300,
GUR,39.25,39.529999,39.169998,39.279999,8800,
GURE,1.18,1.28,1.18,1.18,32800,
GV,2.47,2.55,2.46,2.48,139500,
GVA,30.059999,30.280001,29.74,29.940001,139100,
GVZ,22.33,23.65,22.33,23.58,0,
GWAY,12.02,12.24,11.74,11.93,101700,
GWL,26.280001,26.52,26.280001,26.49,59700,
GWR,87.220001,89.059998,86.440002,88.099998,298000,
GWRE,38.77,39.700001,38.380001,39.5,422500,
GWW,255.820007,260.76001,254.990005,260.609985,207300,
GXC,69.169998,69.919998,68.959999,69.459999,166800,
GXG,19.08,19.139999,18.99,19.129999,438300,
GXP,22.719999,23.01,22.67,22.84,1334200,
GY,13.87,14.43,13.78,14.37,1030300,
GZT,14.24,14.3,14.2,14.24,21100,
H,41.25,42.43,41,41.790001,319300,
HA,6.02,6.02,5.94,5.98,377700,
HAE,40.490002,40.740002,40.049999,40.27,327800,
HAFC,15.41,15.58,15.33,15.51,155100,
HAIN,64.739998,66.07,64.669998,65.470001,666800,
HAL,42.57,43.25,42.25,43.16,7278800,
HALO,6.4,6.69,6.3,6.56,670800,
HAO,23.889999,24.049999,23.77,23.91,50900,
HAR,52.68,53.040001,52.330002,52.990002,455100,
HAS,44.299999,45.040001,44.130001,45,972600,
HASI,11.35,11.4,11.05,11.08,57100,
HAWK,24.030001,25.15,24.01,25.1,80400,
HAYN,48.759998,48.759998,47.599998,48.009998,22700,
HBAN,7.61,7.69,7.56,7.68,7544400,
HBC,54.43,55.1,54.22,54.98,985506,
HBHC,27.950001,28.16,27.67,28.08,390800,
HBI,50,50.290001,49.630001,50.09,1371600,
HBIO,5.040005,5.040005,4.93,5.019995,81200,
HBM,8.11,8.11,7.8,7.91,57300,
HCA,38.619999,39.799999,38.48,39.599998,3024500,
HCBK,8.41,8.46,8.32,8.41,4139200,
HCC,42.849998,43.310001,42.66,43.259998,188900,
HCI,33.439999,34.68,33.389999,34.200001,214200,
HCLP,22.719999,22.99,22.299999,22.98,152800,
HCN,68.18,68.5,67.470001,68.290001,2241400,
HCP,47.770001,48.000002,46.840003,47.560005,3348500,
HCSG,22.450001,22.610001,22.040001,22.33,181300,
HD,77.730003,78.970001,77.589996,78.739998,6555900,
HDB,39.119999,39.349998,38.68,39.200001,410200,
HDGE,16.219999,16.299999,16.110001,16.129999,403000,
HDV,67.879997,68.050003,67.550003,67.919998,546600,
HDY,0.49,0.49,0.49,0.49,30200,
HE,25.09,25.200001,24.82,25,566500,
HEDJ,50.669998,51.189999,50.529999,50.98,32700,
HEES,21.98,22.209999,21.51,21.879999,225300,
HEI,51.52,52.080002,51.51,51.739998,98800,
HELE,40.990002,40.990002,40.549999,40.639999,79900,
HEP,36.619999,37.290001,36.16,37.279999,57900,
HERO,6.88,7.01,6.82,7,1336100,
HES,68.629997,69.339996,68.010002,69.18,2125700,
HF,18.250004,18.250004,17.8,17.869998,60600,
HFC,47.950001,48.02,47.110001,47.259998,1592900,
HGG,17.709999,17.709999,17.129999,17.200001,294300,
HGT,8.72,8.89,8.7,8.89,74800,
HGX,190.5,192.84,187.37,189.01,0,
HHC,101.919998,106.139999,100.739998,105.779999,192700,
HHS,9.01,9.13,8.93,9.05,56900,
HI,23.870001,24.030001,23.68,23.99,164900,
HIBB,57.860001,58.439999,57.619999,58.200001,185100,
HIG,29.68,30.5,29.6,30.5,5003600,
HII,55.189999,56.139999,52.41,56.02,135100,
HIMX,6.67,6.94,6.61,6.82,2124400,
HITK,31.16,32.32,30.74,31.85,91100,
HITT,54.47,54.58,53.97,54.46,190900,
HIW,36.330002,36.369999,35.650002,36.16,573900,
HK,5.34,5.34,5.16,5.33,17700,
HKTV,6.39,6.45,6.32,6.37,10700,
HL,3.7,3.74,3.54,3.55,12406200,
HLF,43.709999,44.52,43.27,43.630001,1222800,
HLIT,6.25,6.38,6.17,6.35,741600,
HLS,30.51,30.620001,30.27,30.549999,279000,
HLSS,24.139999,24.139999,23.76,23.91,231600,
HLX,23.690001,23.91,23.41,23.879999,403800,
HMA,13.88,14.01,13.8,14.01,3052900,
HMC,36.349998,37.189999,36.220001,37.139999,722200,
HME,61.189999,61.860001,59.970001,60.75,606500,
HMIN,29.09,29.98,29.08,29.83,100900,
HMN,24.73,24.75,24.309999,24.709999,78100,
HMST,21.530001,21.67,21.4,21.530001,70800,
HMSY,24.52,24.57,24.129999,24.34,334800,
HMY,4.18,4.23,4.02,4.08,2663100,
HNI,36.209999,36.41,35.299999,35.549999,209700,
HNP,39.080002,41.16,38.150002,41.040001,130600,
HNR,3.62,3.7,3.43,3.5,504800,
HNSN,1.67,1.75,1.64,1.71,28300,
HNT,30.700001,31.030001,30.540001,30.969999,351700,
HNZ,72.48,72.5,72.47,72.49,2463600,
HOFT,16.290001,16.32,15.9,15.96,29900,
HOG,54.259998,54.400002,52.970001,53.919998,1916600,
HOGS,13.34,13.35,13.31,13.34,285400,
HOLI,12.12,12.67,12.07,12.48,127000,
HOLX,21.1,21.799999,21.030001,21.629999,4658500,
HOMB,42.73,43.080002,42.240002,42.93,212800,
HON,78.389999,79.220001,77.879997,79.080002,3255800,
HOS,52.099998,52.950001,51.759998,52.709999,250200,
HOT,67.669998,69.25,67.349998,69.169998,3071900,
HOTT,14,14,13.99,13.99,97900,
HOV,6.19,6.24,6.07,6.14,6355200,
HP,62.91,64.230003,62.259998,64.120003,1181500,
HPP,21.879999,22.110001,21.280001,21.49,332800,
HPQ,24.329999,24.809998,24.259998,24.809998,28283100,
HPT,28.09,28.09,27.469999,27.790001,992200,
HPY,32.84,32.84,32.02,32.73,524300,
HR,26.799999,26.799999,25.889999,26.219999,580800,
HRB,29.370001,29.940001,29.290001,29.84,2070600,
HRC,35.220001,35.450001,35.09,35.389999,235200,
HRG,8.55,8.59,8.41,8.49,202700,
HRL,39.200001,39.639999,39.169998,39.599998,1899800,
HRS,50.32,50.439999,49.810001,50.349998,494400,
HRZN,13.91,13.92,13.8,13.87,43200,
HSC,22.879999,23.27,22.700001,23.26,438800,
HSH,33.94,34.94,33.94,34.92,2320700,
HSIC,94.160004,95.599998,93.989998,95.440002,302900,
HSII,17.41,17.620001,17.25,17.469999,219000,
HSNI,56.400002,56.790001,55.720001,56.599998,73700,
HSOL,1.64,1.72,1.58,1.61,545900,
HSP,35.169998,36.169998,35.169998,35.830002,919500,
HST,17.450001,17.48,17.18,17.42,6458000,
HSTM,27.43,27.790001,26.870001,26.9,82000,
HSY,88.400002,89.480003,88.330002,89.480003,1137400,
HT,5.72,5.72,5.55,5.61,477800,
HTA,11.56,11.65,11.02,11.59,1594100,
HTCH,5.6,5.84,5.6,5.8,346100,
HTGC,13.56,13.58,13.47,13.51,414400,
HTH,16.01,16.08,15.89,16.02,230800,
HTHT,15.72,15.74,15.49,15.66,33400,
HTLD,13.99,14.16,13.95,14.14,321700,
HTS,26.040001,26.139999,25.24,25.65,790700,
HTSI,46.01,47.05,45.76,46.94,164400,
HTWR,91.459999,91.860001,89.739998,91.220001,147100,
HTZ,24.82,25.809999,24.790001,25.58,9811300,
HUB.B,97.73,98.08,96.79,98.04,203100,
HUBG,35.869999,36.380001,35.669998,36.169998,87000,
HUM,80.440002,81.190002,79.82,81.019997,901400,
HUN,18.309999,18.870001,18.200001,18.48,1863000,
HURN,44.669998,44.700001,44.049999,44.48,62700,
HUSA,0.34,0.39,0.26,0.31,885500,
HVT,25.440001,25.440001,25.07,25.110001,71100,
HW,10.13,10.25,9.86,9.98,588200,
HWAY,14.43,14.59,14.3,14.51,75800,
HWCC,14.5,14.54,14.38,14.43,36200,
HXL,34.939999,35.52,34.700001,35.459999,583600,
HXM,4.11,4.2,4.02,4.03,346600,
HY,61.59,65.68,61.380001,65.169998,22100,
HYD,32.169998,32.34,32,32.060001,747500,
HYG,92.440002,92.970001,92.199997,92.339996,8879800,
HYLD,50.709999,51.150002,50.709999,50.82,67600,
HYS,103.5,103.940002,103.5,103.660004,118800,
HZNP,2.28,2.32,2.25,2.28,189900,
HZO,12.05,12.15,11.86,12.06,108800,
I,23.559999,23.82,22.77,22.969999,124200,
IACI,49.32,49.990002,48.810001,49.939999,618700,
IAG,5.48,5.48,5.23,5.29,6833900,
IAI,30.17,30.780001,30.17,30.75,99800,
IART,36.470001,36.75,36.049999,36.169998,108500,
IAT,28.379999,28.57,28.24,28.559999,20800,
IAU,13.48,13.53,13.38,13.4,4952600,
IBB,176.289993,179.389999,176.029999,179.190002,808200,
IBCP,6.06,6.12,5.99,6,24900,
IBKC,51.889999,51.889999,51.099998,51.720001,159800,
IBKR,16.209999,16.77,16.02,16.6,659700,
IBM,204.850006,206.350006,204.110001,206.350006,2953400,
IBN,43.699999,44.41,43.610001,44.250002,3653500,
IBOC,21.690001,21.76,21.389999,21.6,80600,
ICA,7.14,7.36,7.06,7.1,532400,
ICAD,6.01,6.22,6.01,6.18,39100,
ICE,169.860001,174.869995,166.870003,174.699993,3509000,
ICF,82.93,83.129997,81.370003,82.540001,525100,
ICGE,11.39,11.42,11.23,11.36,58000,
ICLR,34.189999,34.34,33.900002,34.099998,155300,
ICN,20.799999,20.82,20.559999,20.68,8500,
ICON,29.809999,30.040001,29.66,29.85,240100,
ICUI,67.779999,72,67.559998,71.760002,281900,
IDA,48.209999,48.610001,47.959999,48.52,422200,
IDCC,46.470001,46.98,45.5,46.25,394500,
IDIX,5.24,5.49,5.15,5.25,1394800,
IDSY,4.95,4.95,4.81,4.85,3700,
IDT,17.520004,19.969997,17.37,19.240005,465200,
IDTI,8.45,8.5,8.27,8.38,1172100,
IDU,94.610001,95.25,94.099998,94.940002,96100,
IDV,33.57,33.860001,33.48,33.799999,537200,
IDXX,84.660004,84.660004,83.620003,83.879997,808800,
IEF,105.349998,105.550003,104.879997,104.879997,652300,
IEI,122.290001,122.43,122.040001,122.080002,298700,
IEMG,48.650002,48.900002,48.34,48.59,543300,
IEO,75.019997,75.760002,74.660004,75.540001,103100,
IEP,72.5,74.400002,72.449997,73.699997,127400,
IEV,41.540001,41.959999,41.380001,41.900002,864900,
IEX,54.740002,55.09,54.34,55.049999,427400,
IEZ,58,58.529999,57.709999,58.5,64500,
IFF,78.980003,79.959999,78.839996,79.68,308700,
IFGL,32.630001,32.939999,32.560001,32.939999,242200,
IFN,20.48,20.5,20.360001,20.469999,112600,
IFT,6.95,7.29,6.89,7.17,20600,
IGE,40.119999,40.349998,39.939999,40.32,244100,
IGT,17.51,17.620001,17.370001,17.450001,1969500,
IGTE,14.44,14.53,14.27,14.48,105000,
IGV,68.779999,69.559998,68.669998,69.559998,13600,
IHF,82.25,83.080002,82.25,82.980003,19600,
IHS,105.970001,107.029999,105.349998,106.940002,265700,
IIIN,18.42,18.42,17.9,18.209999,60600,
IIJI,16.870001,16.959999,16.66,16.93,43800,
IILG,21.209999,21.309999,21.01,21.200001,103500,
IIVI,16.9,16.9,16.74,16.860001,74200,
IJH,117.720001,118.239998,116.75,118.139999,985700,
IJJ,102.669998,103.120003,102.019997,102.989998,81800,
IJK,131.570007,132.220001,130.399994,132.029999,74100,
IJR,90.919998,91.339996,90.360001,91.110001,1431200,
IJS,94.389999,94.75,93.940002,94.540001,65300,
IJT,97.410004,97.919998,96.809998,97.669998,58000,
IL,6.24,6.27,6.19,6.25,265200,
ILF,39.48,40.169998,39.330002,39.580002,540800,
ILMN,69.559998,70.410004,69.209999,69.989998,749600,
IM,18.950001,19.120001,18.889999,19.030001,573900,
IMAX,26.84,27.25,26.360001,26.709999,694700,
IMGN,16.84,17.040001,16.540001,16.58,844400,
IMH,11.2,11.35,11.2,11.24,6500,
IMKTA,22.370001,22.540001,21.73,22.42,14200,
IMMR,14.47,14.55,14.05,14.09,427500,
IMMU,4.06,4.1,4,4.07,394200,
IMN,4.21,4.32,4.21,4.3,219000,
IMO,38.779999,39.009998,38.290001,38.98,168100,
IMOS,18.549999,18.57,18.15,18.51,260900,
IMPV,37.59,38.900002,37.240002,38.669998,230000,
IMUC,2.61,2.78,2.56,2.68,32100,
IN,9.81,9.82,9.78,9.79,393640,
INAP,8.16,8.16,7.92,7.97,183600,
INCY,21.530001,22,21.33,21.4,1313800,
INDB,33.060001,33.259998,32.75,33.060001,40500,
INDL,16.049999,16.360001,15.95,16.09,44100,
INFA,36.48,36.860001,36.27,36.5,701200,
INFI,18.52,18.950001,18.09,18.129999,997600,
INFN,11.1,11.44,11.01,11.16,2037500,
INFY,42.939999,43.400002,42.619999,43.060001,5692800,
ING,9.11,9.21,9.01,9.17,1764300,
INGR,67.940002,68.18,67.010002,67.419998,380800,
ININ,51.950001,52,51,51.709999,24100,
INN,9.58,9.58,9.31,9.42,275400,
INP,56.16,56.450001,55.959999,56.189999,23800,
INSM,12.9,13.28,12.57,12.94,333000,
INT,40.619999,41.07,40.169998,40.759998,135600,
INTC,24.4,24.700001,24.219999,24.59,35539400,
INTL,18,18,17.83,17.98,30800,
INTU,58.830002,59.709999,58.540001,59.459999,2852300,
INTX,9.16,9.35,8.97,9.05,36000,
INVE,0.83,0.85,0.8,0.8,3800,
INVN,12.88,13.34,12.61,13.3,1859300,
INWK,10.49,10.5,10.21,10.25,193500,
INXN,27.16,27.51,26.709999,27.280001,501100,
IO,6.150003,6.300003,6.120003,6.270003,49500,
IOC,83.400002,84.230003,82.349998,82.519997,269500,
IOO,70.559998,71.089996,70.360001,71.07,36300,
IOSP,41.720001,42.119999,41.240002,41.720001,80600,
IP,45.33,45.690001,45.17,45.620004,4242800,
IPAR,31.59,31.75,31.24,31.540001,137800,
IPCM,48.130001,48.459999,47.650002,48.110001,59300,
IPG,14.17,14.69,14.17,14.66,4205700,
IPGP,62.52,64.620003,62.02,64.400002,647100,
IPHI,10.71,10.8,10.49,10.72,171000,
IPHS,48.330002,51.060001,48.099998,50.040001,77600,
IPI,18.870001,19.049999,18.620001,19.01,487700,
IPXL,19.030001,19.1,18.790001,18.9,528000,
IQNT,5.84,5.89,5.73,5.84,495300,
IR,57.21,58.07,57.070001,58.040002,4453600,
IRBT,33.740002,34.860001,33.220001,34.669998,351100,
IRC,10.26,10.26,10.12,10.19,931500,
IRDM,7.41,7.41,7.25,7.33,301000,
IRE,9.54,9.73,9.51,9.71,327300,
IRET,8.96,8.96,8.69,8.79,653900,
IRF,21.78,22.05,21.61,21.97,620000,
IRM,28.219999,29.349998,27.719997,28.950003,17970700,
IRWD,12.98,13.48,12.98,13.38,1127900,
ISBC,20.2,20.2,19.83,19.940001,565300,
ISCA,34.84,35.07,34.549999,34.970001,71500,
ISIL,8.1,8.22,8,8.08,772200,
ISIS,21.84,22.799999,21.809999,22.76,1268500,
ISLE,7.55,7.87,7.02,7.72,300500,
ISRG,508.429993,513.48999,507.410004,513.48999,278200,
ISS,5.24,5.44,5.225,5.4,1158559,
ISSC,7.01,7.16,6.93,7.03,17500,
ISSI,11,11,10.85,10.98,117700,
IT,57.5,57.93,56.880001,57.66,351300,
ITB,23.98,24.18,23.469999,23.82,5731200,
ITC,88.5,89.260002,88.359999,89.200001,568200,
ITG,13.72,14.28,13.64,14.21,631500,
ITMN,9.8,10.05,9.62,9.92,972200,
ITOT,74.739998,75.230003,74.389999,75.190002,197600,
ITRI,42.610001,43.110001,42.48,42.990002,195600,
ITT,29.389999,29.969999,29.25,29.940001,533400,
ITUB,14.549997,14.889996,14.42,14.730001,15601700,
ITW,70.050003,70.769997,69.769997,70.699997,1772700,
IVAC,4.79,4.79,4.65,4.7,47700,
IVAN,1.18,1.2,1.16,1.19,33300,
IVC,16.030001,16.17,15.93,16.07,161100,
IVE,77.269997,77.839996,76.980003,77.769997,385900,
IVR,18.98,19.01,18.450001,18.75,1634800,
IVV,164.690002,165.779999,163.990005,165.619995,5406100,
IVW,86.019997,86.639999,85.75,86.589996,382800,
IVZ,33.380001,34.490002,33.299999,34.439999,5681300,
IWB,90.980003,91.540001,90.559998,91.449997,286400,
IWC,61.68,61.990002,61.57,61.869999,81200,
IWD,84.809998,85.32,84.370003,85.209999,963000,
IWF,74.110001,74.75,73.910004,74.709999,2004200,
IWM,97.900002,98.449997,97.269997,98.199997,44757500,
IWN,86.620003,86.830002,85.93,86.639999,627600,
IWO,112.410004,113.209999,111.720001,112.959999,600800,
IWP,72.339996,72.970001,72.129997,72.900002,148000,
IWR,131.220001,132.160004,130.470001,132.100006,145900,
IWS,58.66,59,58.310001,58.919998,301800,
IWV,97.32,97.940002,96.949997,97.879997,158900,
IXC,40.02,40.369999,39.939999,40.279999,55600,
IXYS,11.5,11.63,11.24,11.36,33400,
IYE,45.970001,46.330002,45.790001,46.27,163100,
IYF,72.220001,73.110001,72.099998,73.050003,493700,
IYG,72.440002,73.139999,72.080002,73.080002,132600,
IYH,101.550003,102.379997,101.550003,101.989998,53400,
IYJ,84.239998,85.099998,84.089996,85,70000,
IYM,71.330002,71.470001,70.660004,71.330002,51400,
IYR,68.769997,68.830002,67.639999,68.550003,16045900,
IYT,111.889999,113.790001,111.150002,113.5,1083000,
IYW,76.25,76.889999,75.889999,76.870003,150700,
IYZ,26.280001,26.35,26.139999,26.209999,254000,
JACK,37.490002,37.869999,37.34,37.68,439800,
JAGGF,0.41,0.41,0.41,0.41,0,
JAH,44.73,45.520005,44.73,45.39,3237900,
JAKK,9.96,10.19,9.85,10.15,127900,
JASO,7.21,7.34,6.75,6.82,1389600,
JAZZ,68.489998,69.120003,68.209999,68.57,680400,
JBHT,71.410004,73.43,71.169998,73.360001,595400,
JBL,19.370001,19.860001,19.34,19.440001,2990400,
JBLU,6.18,6.45,6.16,6.43,4504200,
JBT,21.309999,21.690001,21.1,21.48,51600,
JCI,33.889999,34.82,33.790001,34.279999,3137100,
JCOM,41.580002,41.580002,40.689999,41.34,143500,
JCP,18.18,18.75,18.139999,18.73,7040900,
JDSU,14.26,14.68,14.14,14.65,5671700,
JE,6.77,6.91,6.7,6.87,434600,
JEC,56.41,57.150002,56.25,56.93,754400,
JIVE,16.370001,17.59,16.370001,17.4,1012000,
JJC,41.09,41.09,40.220001,40.459999,26500,
JJG,52.419998,52.509998,52.02,52.200001,11500,
JKHY,46.130001,46.970001,45.869999,46.900002,356700,
JKS,9.59,10.25,8.93,9.2,2096100,
JLL,91.419998,91.459999,89.970001,91.080002,248300,
JMBA,16.940001,17.040001,16.6,17,423400,
JNJ,84.959999,85.18,84.400002,84.910004,8907700,
JNK,40.369999,40.490002,40.18,40.240002,8436900,
JNPR,18.52,19.08,18.4,19.059999,7675300,
JNS,8.62,8.78,8.55,8.76,1016400,
JNY,14.37,14.5,14.24,14.29,1052800,
JO,27.25,27.4,26.950001,27.030001,71400,
JOBS,65,65,64.400002,64.889999,90000,
JOE,19.93,20.25,19.799999,20.209999,273400,
JOSB,42.85,42.87,42.1,42.19,341600,
JOY,53.490002,53.799999,52.709999,53.669998,1599300,
JPM,53.77,54.48,53.41,54.27,21691000,
JRCC,2.4,2.63,2.4,2.54,2012000,
JRN,6.6,6.62,6.43,6.54,119800,
JST,4.79,4.9,4.79,4.89,21400,
JW.A,39.700001,40.240002,39.540001,40.189999,278400,
JWN,58.830002,59.580002,58.650002,59.52,920200,
JXI,43.349998,43.720001,43.349998,43.619999,33900,
K,62.41,63.419998,62.32,63.389999,2353400,
KAI,32.080002,32.09,31.66,31.780001,60100,
KALU,62.919998,62.939999,61.75,62.639999,150800,
KAMN,34.029999,34.080002,33.639999,33.73,30000,
KAR,22.190001,22.940001,22.1,22.57,1506700,
KB,32.380001,32.529999,32.150002,32.470001,58300,
KBALB,10.13,10.27,10.09,10.2,69500,
KBE,28.129999,28.299999,27.91,28.290001,1268900,
KBH,21.690001,21.93,21.07,21.360001,3926000,
KBR,34.139999,34.599998,33.650002,34.529999,4288700,
KBWB,31.48,31.77,31.33,31.74,22200,
KCAP,10.52,10.57,10.32,10.47,251100,
KCE,41.130001,41.759998,41.049999,41.740002,11300,
KCG,3.65,3.68,3.57,3.61,662200,
KDN,27.07,27.35,26.98,27.08,98600,
KEG,6.43,6.43,6.28,6.38,10300,
KELYA,17.57,17.790001,17.469999,17.639999,98000,
KEM,4.46,4.48,4.35,4.35,133700,
KEP,11.6,11.6,11.38,11.44,276700,
KERX,7.68,7.79,7.61,7.65,1063700,
KEX,75.989998,76.620003,75.629997,76.349998,232500,
KEY,10.69,10.89,10.62,10.86,12458600,
KEYN,12.7,12.77,12.47,12.68,33900,
KEYW,14.84,14.84,14.58,14.67,151900,
KFN,10.63,10.75,10.6,10.69,507900,
KFRC,15.24,15.24,14.89,14.97,109600,
KFY,17.73,17.82,17.549999,17.68,133000,
KGC,6.42,6.49,6.17,6.27,9867000,
KIE,53.610001,54.290001,53.57,54.240002,253200,
KIM,22.09,22.15,21.65,22.129999,2660800,
KIOR,4.23,4.28,4.1,4.19,120000,
KIRK,15.9,16.48,15.88,16.34,112100,
KKD,17.99,18.690001,17.879999,18.040001,2855300,
KKR,18.59,19.66,18.51,19.559999,4345700,
KLAC,56.669998,56.880001,56.029999,56.77,1191600,
KLIC,12.02,12.02,11.76,11.94,416200,
KMB,97.179999,97.999999,96.560001,97.12,2098000,
KMI,39.169998,39.610001,38.66,39.540001,2961200,
KMP,84.5,84.99,84.25,84.69,850600,
KMR,83.01,83.2,82.43,83.04,377000,
KMT,41.619999,41.700001,41.27,41.619999,617200,
KMX,46.889999,47.240002,46.689999,47.200001,1337100,
KND,13.52,13.7,13.33,13.53,456300,
KNDI,5.62,5.8,5.42,5.69,1723200,
KNL,15,15.01,14.59,14.81,77800,
KNOP,23.07,23.07,22.700001,22.98,22900,
KNX,16.700001,17.02,16.6,16.91,762300,
KO,41.200001,41.73,40.98,41.41,14459600,
KOF,143.979996,147.309998,141.350006,144.820007,135000,
KOG,8.86,8.95,8.72,8.84,4522300,
KOL,20.059999,20.120001,19.950001,20.07,115900,
KOLD,19.25,19.299999,19.030001,19.24,51900,
KONG,6.55,6.64,6.3,6.62,128000,
KOP,41.48,41.779999,41.040001,41.580002,56200,
KOPN,3.7,3.7,3.58,3.61,75100,
KORS,62.560001,62.990002,61.970001,62.689999,2804500,
KOS,10.7,10.78,10.51,10.62,459200,
KR,33.400002,34.599998,33.389999,34.560001,13140600,
KRA,20.74,20.870001,20.26,20.43,184800,
KRC,53.5,53.5,52.380001,52.880001,352000,
KRE,32.509998,32.860001,32.419998,32.82,827100,
KRFT,54.07,54.470001,53.220001,54.369999,3110800,
KRG,6.1,6.47,5.99,6.14,141400,
KRO,15.68,16.24,15.62,15.83,158500,
KS,29.5,29.85,29.43,29.719999,191000,
KSS,51.709999,52.040001,51.540001,51.959999,2270500,
KSU,109.099998,111.300003,108.82,110.470001,514100,
KT,16.809999,16.82,16.690001,16.82,235100,
KTCC,11.2,11.25,11.01,11.1,29800,
KTOS,6.11,6.25,6.05,6.21,560400,
KUB,74.29,76.69,73.93,76.34,52000,
KVHI,13,13,12.8,12.83,27700,
KW,17.16,17.17,16.879999,17.120001,129300,
KWK,2.04,2.27,2,2.22,3076700,
KWR,65.220001,65.220001,63.779999,64.839996,51000,
L,45.27,45.810001,45.189999,45.740002,621200,
LABL,30.120001,30.120001,29.52,29.700001,25900,
LAD,52.880001,55,52.82,54.810001,188500,
LAMR,42.029999,44.779999,41.990002,43.619999,7696900,
LANC,81.470001,81.830002,80.800003,81.360001,52600,
LAYN,20.1,20.200001,19.85,20.01,260400,
LAZ,33.459999,34,33.080002,33.970001,575100,
LBAI,9.990004,9.990004,9.890002,9.929997,101600,
LBJ,26.450001,27.48,25.82,26.379999,1100,
LBTYA,73.699993,76.47999,73.330002,76.240001,16136400,
LBTYK,69.199997,71.529999,68.959999,71.510002,5354800,
LBY,21.49,21.940001,21.299999,21.84,90600,
LCAV,3.07,3.1,3.02,3.02,7100,
LCC,16.89,17.1,16.65,17.02,4036800,
LCI,11.74,11.93,11.6,11.8,91600,
LDK,1.39,1.48,1.39,1.44,1281200,
LEA,58.599998,60.09,58.439999,60.040001,943600,
LEAP,5.65,5.65,5.5,5.56,608300,
LECO,59.290001,60.290001,59.169998,60.009998,206000,
LEE,1.6,1.65,1.59,1.65,47500,
LEG,31.76,31.950001,31.34,31.860001,2748200,
LEI,1.28,1.28,1.25,1.27,1800,
LEN,39.040001,39.599998,37.880001,38.599998,6236500,
LF,9.68,9.93,9.62,9.91,934700,
LFC,37.71999,38.27001,37.469999,37.77,574200,
LFL,18.09,18.16,17.75,17.84,794500,
LFUS,74.510002,75.43,73.68,74.879997,77900,
LFVN,2.17,2.28,2.15,2.17,566620,
LG,47.09,47.209999,46.139999,46.450001,266200,
LGCY,27.02,28,26.950001,27.73,195000,
LGF,29,29.309999,28.75,29.27,928500,
LGND,31.459999,32.48,31.209999,32.169998,158100,
LH,98.959999,100.239998,98.82,99.870003,898200,
LHCG,22.16,22.389999,21.93,22.059999,22900,
LHO,25.84,26.040001,25.23,25.629999,567700,
LIFE,74.14,74.24,74,74.1,1363400,
LII,63.869999,64.339996,63.029999,64.150002,286900,
LINC,6.83,6.85,6.66,6.84,77200,
LINE,33.560001,34.029999,33.380001,33.959999,1316500,
LINTA,22.7,22.89,22.58,22.85,1873400,
LIOX,2.94,2.98,2.83,2.86,223700,
LIT,12.24,12.34,12.11,12.29,13300,
LIWA,5.35,5.49,5.3,5.34,90700,
LKQ,24.370001,24.76,24.110001,24.67,718200,
LL,82.529999,84.209999,82.010002,83.400002,770800,
LLEN,3.78,3.9,3.73,3.82,208400,
LLL,85.260002,86.879997,85.260002,86.809998,306100,
LLNW,2.44,2.45,2.37,2.45,430900,
LLTC,36.93,37.139999,36.560001,37.09,1558100,
LLY,52.580002,53.060001,52.279999,52.490002,4367400,
LM,34.259998,34.580002,33.700001,34.060001,2719900,
LMCA,125.060072,128.65005,124.050068,127.680074,4626100,
LMNX,19.34,19.49,19.200001,19.34,63700,
LMOS,15.19,15.53,15.07,15.51,63700,
LMT,104.559998,107.459999,104.419998,107.360001,1826600,
LNC,34.990002,35.959999,34.93,35.889999,3386200,
LNCE,26.67,26.85,26.459999,26.65,85000,
LNCO,38.110001,39.139999,37.869999,38.43,805900,
LNDC,14.22,14.32,14.08,14.3,69600,
LNG,28.15,28.709999,27.959999,28.35,3956700,
LNKD,170.759995,171.679993,168.199997,170.699997,1229000,
LNN,81.25,81.699997,80.349998,80.860001,135300,
LNT,49.200001,49.709999,49.080002,49.450001,886000,
LO,43.299999,43.900002,43.200001,43.610001,2516400,
LOCK,10.3,10.5,10.19,10.47,539800,
LOCM,1.62,1.64,1.62,1.63,49000,
LODE,2.07,2.07,1.92,1.96,244300,
LOGI,7.13,7.16,7.07,7.1,192300,
LOGM,26.459999,26.540001,25.700001,25.77,142300,
LOPE,32.09,32.700001,31.75,32.59,279700,
LORL,59.950001,59.990002,59.400002,59.650002,51200,
LOW,41.009998,41.669998,40.889999,41.599998,10925100,
LPHI,3.05,3.08,3.01,3.03,17800,
LPI,19.6,20.120001,19.43,20,361500,
LPL,13.68,13.69,13.56,13.69,305600,
LPLA,36.759998,37.189999,36.380001,37.130001,894900,
LPNT,51.490002,51.990002,50.889999,51.77,286700,
LPR,0.51,0.51,0.5,0.5,5900,
LPS,33.17,33.27,32.94,33.24,1253100,
LPSN,9.26,9.28,9.07,9.19,417600,
LPX,17.02,17.309999,16.57,16.73,5169300,
LQD,116.889999,117.199997,116.389999,116.589996,3159800,
LQDT,38.25,38.27,34.029999,35.060001,1190300,
LRCX,47.669998,48.5,47.529999,48.400002,1586700,
LRE,14.77,14.97,14.52,14.94,172600,
LRN,27.77,28.389999,27.620001,28.200001,372900,
LRY,16.92,16.92,16.92,16.92,0,
LSCC,5.23,5.24,5.1,5.2,336000,
LSE,8.65,8.69,8.58,8.59,1528800,
LSI,66.089996,66.68,65.150002,66.43,164600,
LSTR,53.360001,54.380001,52.849998,54.02,344300,
LTBR,1.59,1.59,1.53,1.55,2400,
LTC,42.610001,42.889999,41.459999,41.869999,115700,
LTD,36.87,36.87,36.87,36.87,0,
LTM,50.529999,50.669998,49.610001,50.549999,373200,
LTPZ,64.5,64.739998,64.059998,64.07,66100,
LTXC,5.87,5.91,5.73,5.89,238000,
LUB,8.64,8.68,8.53,8.6,37600,
LUFK,88.4,88.4,88.3,88.32,500800,
LUK,29.620001,29.780001,29.360001,29.52,1361400,
LULU,80.300003,81.959999,80.25,81.43,2744500,
LUV,13.65,13.94,13.63,13.88,8502300,
LUX,50.900002,51.400002,50.720001,51.18,69400,
LVLT,21.559999,21.610001,21.139999,21.57,846200,
LVS,57.290001,57.939999,56.959999,57.27,6303700,
LXK,31.02,32.130001,30.700001,32.099998,1058200,
LXP,12.53,12.54,12.16,12.23,1415600,
LXU,34.060001,34.32,33.5,33.849998,62100,
LYB,65.489998,65.599998,64.620003,64.870003,7591100,
LYG,3.8,3.89,3.77,3.89,1971000,
LYV,13.78,14.11,13.62,14.09,668700,
LZB,18.48,18.790001,18.030001,18.25,216700,
M,48.630001,49.009998,48.48,48.610001,2961500,
MA,567.750015,569.370003,563.670006,566.25,7163000,
MAA,67.019997,67.019997,65.059998,65.809998,539900,
MAC,63.18,63.34,62.25,62.75,1393100,
MACK,5,5.47,5,5.33,346600,
MAIN,28.219999,28.700001,28.01,28.09,305800,
MAKO,11.68,12.11,11.67,12.11,551900,
MAN,56.299999,57.139999,55.669998,56.990002,345800,
MANH,77,77,75.5,75.830002,469600,
MANT,27.450001,27.92,27.309999,27.76,109200,
MANU,16.879999,17.08,16.6,16.9,7800,
MAR,41.240002,41.700001,41.099998,41.66,2058800,
MAS,20.26,20.740001,19.899999,20.209999,4901500,
MASI,21.639999,21.67,21.290001,21.610001,156100,
MAT,44.779999,45.209999,44.5,45.18,1922700,
MATW,38.150002,38.41,37.799999,38,79800,
MATX,25.26,25.620001,25.190001,25.4,397800,
MBB,105.989998,106.199997,105.900002,105.900002,257300,
MBFI,26.07,26.27,25.780001,26.120001,171700,
MBI,13.49,14.07,13.47,14,4790600,
MBLX,1.560031,1.590032,1.530031,1.560031,17000,
MBT,18.6,19.08,18.280001,19,2876200,
MCC,14.78,14.88,14.05,14.26,468500,
MCD,97.059998,98.690002,97,98.279999,5036800,
MCEP,23.59,23.629999,23.17,23.17,53200,
MCF,35.310001,35.799999,35.060001,35.470001,35000,
MCGC,4.99,5.07,4.96,5.04,264400,
MCHI,44.27,44.57,43.950001,44.220001,417600,
MCHP,36.41,36.73,36.09,36.700001,1288800,
MCHX,5.75,5.75,5.59,5.71,122000,
MCK,112.68,114.849998,112.650002,113.959999,1037500,
MCO,65.43,65.830002,64.82,65.739998,998500,
MCP,5.87,5.97,5.75,5.92,3645400,
MCRI,15.71,15.77,15.42,15.48,66000,
MCRL,9.98,10.03,9.8,10.01,222100,
MCRS,42.84,43.68,42.66,43.57,885600,
MCY,43.869999,44.119999,43.610001,43.919998,114400,
MD,91,91.870003,90.300003,91.300003,294000,
MDAS,17.309999,17.48,17.16,17.360001,619800,
MDC,36.339998,36.799998,34.849998,35.490002,936900,
MDCI,8.15,8.21,7.81,7.96,155200,
MDCO,33.25,34.07,33.25,33.790001,490200,
MDIV,21.48,21.5,21.33,21.49,151200,
MDLZ,29.540001,29.959999,29.309999,29.860001,8802400,
MDP,40.580002,41.23,40.389999,41.09,124200,
MDR,9.01,9.31,8.96,9.26,3914000,
MDRX,13.69,13.76,13.55,13.71,1478900,
MDSO,68.370003,69.25,66.809998,66.889999,350600,
MDT,51.669998,52.130001,51.599998,52.080002,4558100,
MDU,25.34,25.530001,25.01,25.49,584100,
MDVN,49.009998,52.380001,49.009998,52.049999,2544600,
MDXG,7.29,7.3,7.08,7.14,169700,
MDY,214.479996,215.550003,212.740005,215.279999,1818100,
MEA,1.48,1.48,1.41,1.43,177200,
MEAS,46.98,47.93,46.49,47.33,40300,
MED,28.75,29.33,28.59,28.91,81500,
MEET,1.55,1.57,1.52,1.57,60300,
MEG,9.85,9.85,9,9.8,411200,
MEI,15.19,15.29,15.04,15.21,156000,
MEIP,7.69,8.09,7.56,8.09,97400,
MELA,1.06,1.08,1.04,1.05,28900,
MELI,115.349998,117.5,115.339996,116.870003,394800,
MEMP,19.15,19.34,19.07,19.23,107600,
MEMS,4.09,4.15,4.08,4.11,163300,
MENT,19.27,19.889999,19.16,19.799999,1000000,
MEOH,42.650002,42.849998,42.240002,42.66,270200,
MERC,6.75,6.75,6.68,6.7,70100,
MERU,4.06,4.3,4.03,4.28,254100,
MET,44.18,45.150002,43.919998,45.060001,7699100,
MFA,8.96,8.98,8.74,8.83,3283400,
MFB,18.45,18.52,18.26,18.3,56000,
MFC,15.74,16,15.64,16,2048700,
MFG,3.85,3.94,3.84,3.94,580400,
MFLX,15.76,15.79,15.32,15.46,56700,
MFRM,39.759998,40.259998,39.509998,40.209999,155600,
MG,21.85,22.059999,21.6,21.799999,116900,
MGA,67.199997,68.169998,66.959999,68.110001,1348200,
MGAM,26.22,27,25.94,26.89,319500,
MGC,56.029999,56.360001,55.82,56.360001,18700,
MGI,19.299999,19.5,19.110001,19.389999,62900,
MGIC,5.34,5.34,5.29,5.33,19000,
MGK,62,62.509998,61.860001,62.470001,53900,
MGLN,54.57,54.91,54.279999,54.580002,130200,
MGM,14.71,15.03,14.6,14.95,7146300,
MGPI,5.55,5.55,5.31,5.42,9200,
MGV,49.959999,50.330002,49.849998,50.299999,83000,
MHFI,54.380001,54.849998,54,54.740002,2031300,
MHGC,8,8,7.68,7.78,498000,
MHK,111.459999,111.870003,108.309998,111.639999,1001900,
MHLD,10.91,10.93,10.7,10.74,313700,
MHO,24.91,25.030001,23.93,24.4,305600,
MHR,3.94,4.06,3.89,4.05,5288100,
MIC,54.549999,55.209999,54.060001,54.529999,172000,
MIDD,166.950005,168.609993,165.320011,167.499985,133200,
MIDU,57.18,57.98,56,57.759998,434400,
MIDZ,29.74,30.440001,29.4,29.450001,10600,
MIG,8.18,8.23,8.1,8.22,279600,
MILL,3.97,4.07,3.86,3.92,223544,
MIND,16.530001,16.540001,16.299999,16.459999,96100,
MINI,33.98,34.189999,33.68,33.93,273600,
MITK,6.18,6.48,6.111,6.38,406832,
MITL,3.56,3.71,3.56,3.67,25000,
MITT,22.9,23.049999,22.6,22.76,545700,
MJN,80.330002,82.849998,80.330002,82.629997,1347100,
MKC,69.839996,70.959999,69.730003,70.919998,558300,
MKSI,27.700001,28.25,27.440001,28.15,191700,
MKTG,11.94,11.99,11.5,11.51,535600,
MKTX,44.200001,44.77,43.889999,44.619999,345100,
MLHR,28.23,28.52,27.860001,28.23,181600,
MLI,52.700001,52.950001,52.200001,52.560001,112800,
MLM,106.940002,107.779999,105.760002,106.610001,223000,
MLNK,2.9,2.95,2.85,2.85,90000,
MLNX,51.849998,51.849998,50.470001,50.73,232700,
MLPN,28.879999,29.27,28.780001,29.25,117700,
MLR,16.15,16.15,15.83,15.92,6400,
MM,8.05,8.08,7.87,7.94,851200,
MMC,40.279999,40.57,40.150002,40.450001,3426800,
MMLP,40.779999,42.130001,40.560001,41.77,111600,
MMM,109.379997,111.120003,108.970001,111.110001,3374900,
MMP,51.889999,52.540001,51.310001,52.290001,265200,
MMS,74.220001,74.419998,73.68,73.889999,282000,
MMSI,10.33,10.4,10.27,10.39,142700,
MMYT,12.85,13.08,12.71,12.85,12100,
MN,19.58,19.780001,19.42,19.48,145700,
MNI,2.27,2.27,2.22,2.24,20300,
MNKD,7.46,7.66,7.3,7.46,6633800,
MNR,10.12,10.12,10,10.08,150600,
MNRO,47.830002,48.290001,47.560001,47.91,125400,
MNST,59.820002,62.340002,59.589998,61.620003,9734700,
MNTA,13.68,14.34,13.67,14.2,379100,
MNTG,3.86,4.13,3.74,4.11,117900,
MNTX,10.41,10.6,10.15,10.21,44400,
MNX,2950.300049,2992.899902,2950.300049,2990.899902,1646810000,
MO,35.990002,36.189999,35.66,36.150002,26081400,
MOBI,3.22,3.29,3.15,3.23,25600,
MOD,10.2,10.2,9.98,10.08,206900,
MODN,20.15,20.33,19.950001,20.280001,44000,
MOH,36.110001,36.990002,35.900002,36.790001,550500,
MOLX,29.64,29.88,29.46,29.72,342300,
MOLXA,24.8,24.99,24.75,24.85,75200,
MON,99.82,101.949997,99.529999,101.650002,4094900,
MOO,53.110001,53.490002,53.040001,53.450001,134200,
MORN,70.629997,71.68,70.370003,71.510002,92200,
MOS,60.200001,60.720001,59.93,60.450001,1293300,
MOSY,4.51,4.55,4.38,4.48,63500,
MOV,34.529999,34.869999,33.349998,34.68,202000,
MOVE,11.95,12.01,11.77,11.97,253000,
MPAA,6.16,6.7,6.16,6.69,330400,
MPC,82.830002,83.769997,81.970001,83.629997,4276400,
MPEL,23.26,24.360001,23.26,24.33,3786200,
MPG,3.12,3.13,3.11,3.11,172300,
MPLX,34.669998,36.25,34.669998,36,90400,
MPO,6.68,6.68,6.26,6.37,41500,
MPW,15.25,15.25,14.92,15.21,909600,
MPWR,24.6,24.65,23.98,24.51,759400,
MR,40.860001,41.73,40.709999,41.450001,435000,
MRC,27.469999,27.799999,27.15,27.309999,1205900,
MRCY,9.43,9.46,9.31,9.32,86800,
MRGE,3.69,3.69,3.55,3.67,237500,
MRH,25.040001,25.27,24.83,25.18,278800,
MRIN,10.25,10.95,10.25,10.6,233300,
MRK,48.77,49.139999,48.099998,48.189999,50431900,
MRO,34.849998,35.23,34.549999,34.73,3967000,
MRTN,23.94,24.550006,23.830005,24.409996,70900,
MRVL,10.8,11.35,10.74,11.24,11184800,
MS,25.780001,27,25.59,27,32830300,
MSA,46.380001,46.830002,45.830002,46.18,84800,
MSB,20.129999,20.309999,19.950001,19.969999,62700,
MSCC,21.889999,21.889999,21.450001,21.66,263700,
MSCI,34.830002,35.040001,34.560001,34.700001,419400,
MSFT,35.25,35.779999,35.060001,35.669998,40757300,
MSG,59.049999,60,58.889999,59.959999,424300,
MSI,57.119999,57.419998,56.740002,56.939999,1581700,
MSM,80.519997,82.68,80.519997,81.529999,285000,
MSO,2.42,2.44,2.37,2.41,100100,
MSPD,3.27,3.36,3.19,3.35,306500,
MSTR,90.489998,90.489998,89.330002,89.709999,85000,
MSTX,0.6715,0.6899,0.6601,0.6678,181887,
MT,12.48,12.58,12.36,12.56,3949600,
MTB,103.150002,103.830002,102.730003,103.739998,405500,
MTD,218.289993,219.289993,215.880005,217.570007,130900,
MTDR,10.05,10.26,9.96,10.14,214500,
MTG,5.98,6.15,5.91,6.12,8267300,
MTGE,21.360001,21.370001,20.780001,20.91,1164400,
MTH,46.009998,47.259998,45.419998,46.27,559000,
MTL,2.92,3.04,2.87,2.91,2326300,
MTN,60.009998,64.660004,59.950001,63.889999,336300,
MTOR,7,7.2,6.95,7.08,1080300,
MTRN,31.469999,31.469999,30.440001,30.65,30800,
MTRX,16.92,17.15,16.809999,16.9,143900,
MTSC,59.380001,60.169998,58.91,59.66,28900,
MTSN,2.3,2.45,2.29,2.38,893200,
MTU,5.89,6.03,5.86,6.01,3454600,
MTW,19.39,20.07,19.139999,19.700002,7108600,
MTX,42.860001,42.860001,42.169998,42.360001,131500,
MTZ,30.83,31.4,30.52,31,548500,
MU,12.56,12.72,12.37,12.65,32419000,
MUB,108.050003,108.199997,107.660004,107.800003,338600,
MUR,64.179997,65.859999,63.560004,65.739996,2138800,
MUX,2.57,2.61,2.39,2.44,2530700,
MVC,12.81,12.83,12.74,12.77,120500,
MVG,7.46,7.8,7.44,7.46,20200,
MVIS,3.16,3.43,3.04,3.22,880400,
MVO,28.17,28.459999,28.040001,28.459999,29200,
MVV,97.839996,98.870003,96.419998,98.690002,119600,
MW,35.869999,36.009998,35.580002,35.880001,365100,
MWA,6.95,7.01,6.93,6.99,978400,
MWE,67.519997,68.610001,66.599998,68.199997,572400,
MWIV,121.76,123.87,121.49,123.18,24600,
MWV,35.369999,35.689999,35.220001,35.669998,572400,
MWW,5.37,5.45,5.3,5.42,1824700,
MX,19,19.1,18.5,18.879999,338800,
MXIM,28.950001,29.07,28.26,28.48,4111600,
MXL,6.55,6.65,6.02,6.56,110500,
MXWL,7.66,7.84,7.57,7.64,203500,
MY,1.83,1.85,1.79,1.81,288200,
MYE,15.18,15.49,15.12,15.36,80400,
MYGN,31.379999,32.959999,31.290001,32.919998,1134800,
MYL,30.52,30.959999,30.15,30.58,2540900,
MYRG,20.07,20.07,19.82,20.030001,453200,
MZZ,18.32,18.549999,18.120001,18.120001,3600,
N,84.5,88.389999,84,87.900002,457400,
NAFC,24.16,24.31,23.33,23.43,42600,
NAK,2.57,2.64,2.52,2.52,93300,
NANO,14.65,14.65,14.43,14.53,36700,
NAT,8.399997,8.449997,8.33,8.360005,437600,
NATI,28.190001,28.360001,28.030001,28.209999,159700,
NATR,15.78,15.87,15.4,15.85,41500,
NAV,34.330002,34.82,34.060001,34.66,1347800,
NAVB,2.44,2.48,2.42,2.46,403161,
NBG,5.75,5.79,5.43,5.5,3355200,
NBIX,13.08,13.18,12.75,12.87,577300,
NBL,57.799999,58.66,57.360001,58.610001,1257500,
NBR,16.25,16.709999,16.139999,16.690001,2557800,
NBTB,20.27,20.4,20.190001,20.32,56700,
NCI,13.72,13.72,13.57,13.65,62300,
NCLH,30.98,31.639999,30.51,31.24,425600,
NCMI,17.27,17.42,17.09,17.139999,170600,
NCQ,1.77,1.78,1.75,1.78,59200,
NCR,33.360001,33.849998,33.16,33.810001,896200,
NCS,14.93,15.53,14.75,15.46,329200,
NCT,5.550213,5.640221,5.470212,5.560208,8249300,
NCTY,3.87,4.19,3.69,4.06,177200,
NDAQ,32.18,32.889999,31.940001,32.880001,1293900,
NDO,79.540001,80.150002,78.599998,78.879997,0,
NDRO,15.86,16.129999,15.83,15.98,25000,
NDSN,69.690002,70.389999,69.080002,70.25,111500,
NDX,2960.899902,2993.129883,2955.100098,2990.870117,1646810000,
NDZ,7.8,7.8,7.64,7.7,75700,
NE,39.140007,39.330003,38.850001,39.230006,2887300,
NEE,78.010002,78.830002,77.529999,78.800003,3262100,
NEM,34.41,34.419998,33.700001,34.110001,6447800,
NEO,3.52,3.62,3.52,3.59,82500,
NEOG,54.440002,55.370001,54.440002,55.030003,53800,
NEON,5.3,5.5,5.22,5.44,202700,
NEPT,2.92,2.95,2.9,2.94,31800,
NES,3.69,3.69,3.57,3.64,126000,
NEU,279.100006,279.100006,275.700012,278.820007,51500,
NEWP,13.39,13.75,13.19,13.61,156900,
NFBK,11.6,11.69,11.51,11.67,111800,
NFG,60.950001,61.220001,60.349998,60.98,183200,
NFLX,218.639997,220.819994,215.649996,220.219994,15299200,
NFP,25.24,25.25,25.22,25.25,267600,
NFX,23.09,23.68,22.99,23.540001,1374700,
NG,2.62,2.67,2.51,2.51,1618700,
NGD,6.92,6.96,6.75,6.87,4045300,
NGG,57.919998,58.259998,57.75,58.23,540100,
NGL,27.99,28.98,27.969999,28.870001,75000,
NGLS,46.779999,47.66,46.509998,47.66,169000,
NGPC,6.7,6.7,6.58,6.61,57600,
NGS,23.290001,23.450001,22.9,23.190001,27400,
NGVC,27.040001,28.059999,26.860001,27.950001,118900,
NHI,64.099998,64.230003,61.849998,62.509998,134100,
NI,28.389999,28.65,28.15,28.530002,4173000,
NIB,31.68,31.780001,31.530001,31.639999,37000,
NICE,37.759998,37.790001,37.360001,37.619999,62700,
NIHD,94.5,97,94.5,96.75,20100,
NILE,36.540001,36.880001,36.360001,36.709999,97100,
NKA,14.24,14.45,14.13,14.32,61000,
NKE,62.48,63.09,62.25,62.75,5332000,
NKTR,9.25,9.31,9.11,9.3,568900,
NKY,15.95,16.33,15.87,16.280001,1375800,
NLNK,17.9,19.65,17.5,19.26,539700,
NLS,7.6,7.65,7.4,7.49,203100,
NLSN,33.599998,34.330002,33.419998,34.25,1267000,
NLST,1.19,1.29,1.01,1.08,3324900,
NLY,13.86,13.86,13.45,13.49,12406200,
NM,5.25,5.34,5.15,5.3,356900,
NMFC,15.25,15.34,15.1,15.32,123600,
NMM,14.13,14.24,14,14.1,157700,
NMR,7.39,7.6,7.32,7.57,1963800,
NMRX,11.01,11.01,10.45,10.66,16100,
NNBR,9.46,9.49,9.37,9.45,30600,
NNI,38.200001,38.68,36.959999,38.419998,138100,
NNN,36.52,36.529999,35.419998,35.700001,1407500,
NOA,4.16,4.32,4.16,4.28,70500,
NOAH,12.45,12.98,12.43,12.8,54700,
NOC,82.550003,84,82.550003,83.879997,1417500,
NOG,13.55,14.03,13.42,13.86,789200,
NOK,3.51,3.55,3.49,3.54,18297000,
NOR,4.069996,4.139996,3.949996,4.019996,58200,
NOV,70.449999,70.520001,69.509999,70.199997,3875300,
NOW,37,39.23,36.610001,39.16,1598600,
NP,31.25,31.4,30.92,31.33,102600,
NPD,1.7,1.71,1.68,1.68,12400,
NPO,51.220001,51.349998,50.439999,51.189999,78300,
NPSP,15.17,15.91,15.13,15.87,1566700,
NPTN,7.73,7.75,7.48,7.63,88300,
NQ,7.9,8.2,7.9,8.08,261900,
NR,11.53,11.68,11.33,11.45,677200,
NRF,8.999996,9.069996,8.790001,8.939995,1232400,
NRG,26.74,27.34,26.26,27.1,6391000,
NRGM,21.57,22.64,21.57,22.57,59300,
NRGY,23.4,23.5,22.96,23.22,354200,
NRP,21.830001,22.7,21.460001,22.5,26300,
NRT,24.940001,25.5,24.66,24.950001,12700,
NRZ,6.75,6.75,6.5,6.55,1198700,
NS,45.689999,47.16,45.639999,47.099998,423800,
NSC,77.080002,78.360001,77,77.410004,2275900,
NSH,26.77,27.32,26.620001,27.190001,125600,
NSIT,19.969999,19.969999,19.33,19.42,165200,
NSM,41.580002,42.150002,40.91,42.080002,896400,
NSP,30.18,30.26,29.870001,30.049999,56100,
NSPH,4.04,4.14,3.96,4.02,14100,
NSR,48.380001,48.41,47.959999,48.25,339700,
NSU,3.73,3.74,3.52,3.57,765600,
NTAP,37.68,38.16,37.549999,37.970001,5136200,
NTCT,24.120001,24.42,23.98,24.35,123800,
NTE,7.33,7.36,7.15,7.18,213500,
NTES,63.580002,63.84,63.09,63.82,303000,
NTGR,33.34,33.5,32.75,33.07,160100,
NTI,26.200001,26.26,25.9,26.190001,767500,
NTLS,16.43,16.6,16.200001,16.35,180300,
NTRI,8.97,9.09,8.75,9.01,90200,
NTRS,57.779999,58.279999,57.439999,58.23,949500,
NTSP,15.99,15.99,15.97,15.98,139500,
NTT,24.98,25.219999,24.93,25.200001,418300,
NTWK,10.07,10.8158,10.07,10.61,240298,
NU,41.73,42.4,41.71,42.38,1617500,
NUAN,18.98,19.25,18.870001,19.040001,3834100,
NUE,44.610001,44.950001,43.990002,44.490002,1534400,
NUS,57.5,59.400002,57.200001,59.09,807300,
NUVA,21.6,21.809999,21.52,21.68,148400,
NVAX,1.98,1.98,1.81,1.88,2445400,
NVDA,14.35,14.54,14.29,14.45,6864600,
NVDQ,13.11,13.72,13.11,13.6,521900,
NVE,23.58,23.6,23.52,23.6,5179600,
NVMI,9.55,9.62,9.48,9.5,74000,
NVO,162.240009,163.139992,161.819992,162.940006,1066000,
NVS,71.260002,72.040001,71.139999,71.980003,1521300,
NVTL,3.65,3.95,3.65,3.91,776100,
NWBI,12.58,12.58,12.42,12.54,332400,
NWBO,3.6,3.6,3.45,3.54,73300,
NWE,41.400002,41.669998,40.93,41.369999,116600,
NWL,26.92,27.33,26.84,27.280001,1409400,
NWN,43.25,43.400002,42.759998,43.130001,71200,
NWPX,27.82,28,27.209999,27.780001,25100,
NWS,31.92,32.36,31.54,32.29,6341600,
NWSA,31.9,32.24,31.4,32.17,14551200,
NWY,5.67,5.75,5.58,5.69,123200,
NX,18.49,18.950001,17.75,17.860001,660500,
NXPI,30.309999,30.73,29.99,30.59,1294900,
NXST,28.280001,29.110001,28.24,28.52,405100,
NXTM,13.62,13.73,13.34,13.59,402800,
NYCB,13.12,13.3,13.03,13.22,2926500,
NYMT,6.97,6.98,6.85,6.93,954200,
NYMX,5.2,5.25,5.08,5.1,18900,
NYT,10.22,10.4,10.16,10.29,670000,
NYX,40.35,41,39.87,40.97,810000,
O,45.5,45.529999,43.98,44.830002,2209100,
OAK,50.369999,52.299999,49.790001,52.299999,428600,
OAS,39.759998,40.959999,39.299999,40.810001,1972200,
OB,14.25,14.78,14.21,14.72,357900,
OC,42.560001,42.880001,41.93,42.509998,1031200,
OCLR,1.02,1.18,1.02,1.18,4050700,
OCN,43.200001,44.259998,42.610001,43.919998,1863200,
OCR,46.720001,47.48,46.720001,47.240002,603200,
OCZ,1.47,1.47,1.41,1.43,391900,
ODFL,42.580002,43.509998,42.380001,43.07,383900,
ODP,4.36,4.38,4.31,4.35,6311000,
OEF,74.059998,74.489998,73.730003,74.400002,433700,
OEH,11.73,12.03,11.63,11.96,585200,
OEX,0.42,0.42,0.42,0.42,0,
OFC,26.549999,26.57,25.99,26.33,379300,
OFG,17.84,17.889999,17.639999,17.66,112500,
OFIX,28.27,28.27,27.940001,28.059999,253600,
OGE,67.029999,68.139999,66.709999,67.900002,826800,
OGXI,10.17,10.21,10.03,10.16,32200,
OHI,32.689999,32.759998,31.940001,32.52,1013800,
OI,27.299999,27.790001,27.15,27.75,899600,
OIBR,2.17,2.28,2.14,2.26,297500,
OIH,43.66,43.919998,43.27,43.860001,2499700,
OII,72.190002,73.400002,71.080002,73.370003,577400,
OIL,21.83,22.41,21.77,22.360001,404300,
OILT,49,49,48.73,48.89,79800,
OIS,91.110003,94.170006,90.609998,93.580006,4850000,
OKE,44.280001,44.729998,43.959999,44.719998,985800,
OKS,50.990002,51.080002,50.709999,50.970001,374400,
OKSB,13.59,13.72,13.46,13.63,19800,
OLN,24.84,24.879999,24.48,24.709999,289400,
OMC,62.560001,63.950001,61.099998,63.93,5026500,
OMCL,18.82,18.83,18.49,18.780001,115200,
OME,9.36,9.47,9.06,9.41,233000,
OMER,4.96,5.08,4.78,5.05,153600,
OMEX,3.449999,3.489999,3.359999,3.479998,28000,
OMG,30.91,31.040001,30.559999,30.84,127600,
OMI,33.77,34.169998,33.200001,34.119999,379500,
OMN,7.88,7.88,7.44,7.5,73400,
OMX,12.79,12.9,12.69,12.82,2052800,
ONB,13.45,13.56,13.32,13.42,187300,
ONCY,2.43,2.47,2.4,2.44,158600,
ONE,10.5,10.5,10.28,10.37,76700,
ONNN,8.16,8.28,8.11,8.2,2808700,
ONP,1.65,1.7,1.62,1.66,23800,
ONTY,1.83,1.86,1.8,1.86,393100,
ONXX,91,93.18,90.56,92.3,929200,
OPEN,67.08,67.61,66.49,67.46,337000,
OPK,6.62,6.66,6.47,6.5,1226400,
OPLK,18.56,18.72,18.25,18.39,50600,
OPTR,14.64,14.97,14.6201,14.88,548300,
ORA,23.48,23.48,22.790001,23.01,55200,
ORB,18.04,18.11,17.72,17.85,389800,
ORBC,4.14,4.28,4.14,4.17,188600,
ORBK,12.31,12.49,12.11,12.13,137700,
ORCL,33.59,34.029999,33.32,33.810001,20548900,
OREX,6.21,6.27,6.06,6.14,71000,
ORI,13.3,13.34,13.17,13.24,1310100,
ORIG,17.299999,17.5,17.16,17.389999,190600,
ORIT,15.36,15.38,15.15,15.3,110100,
ORLY,110,111.510002,109.809998,110.989998,365200,
ORN,12.1,12.3,12,12.26,43700,
OSGIQ,3.15,3.4,3.136,3.39,164500,
OSIR,10.61,10.76,10.56,10.67,47000,
OSIS,54.099998,54.57,53.700001,53.900002,269300,
OSK,38,38.970001,37.77,38.900002,371600,
OSTK,27,28.370001,26.73,27.049999,628400,
OSUR,4.32,4.37,4.27,4.3,185300,
OSX,255.63,257.99,254.65,257.85,0,
OTEX,72.080002,73.449997,72.080002,73.330002,1256400,
OTTR,28.040001,28.25,27.75,28.09,95800,
OVTI,18.92,19.02,18.629999,18.93,1001000,
OVX,23.89,24.67,22.08,22.41,0,
OWW,7.75,7.8,7.61,7.7,878200,
OXF,2.69,2.74,2.61,2.7,17900,
OXM,63.970001,64.57,63.610001,63.959999,70000,
OXY,93.010008,93.620007,92.040002,93.120002,6719800,
OZM,10.64,10.77,10.54,10.67,1746100,
OZRK,43.380001,43.639999,42.98,43.509998,209600,
P,14.11,15.36,13.95,15.12,11724400,
PAA,56.169998,56.580002,55.82,55.939999,718500,
PAAS,12.67,12.69,12.13,12.26,2424900,
PAC,51.52,52.990002,50.080002,50.349998,43300,
PACB,2.73,2.82,2.66,2.72,784200,
PACD,9.66,9.97,9.51,9.94,30100,
PACR,6.48,6.57,6.345,6.56,195200,
PACT,6.71,6.92,6.7,6.92,156015,
PACW,28.33,28.75,28.040001,28.25,244800,
PAG,31.49,32.369999,31.459999,31.969999,442500,
PAL,1.13,1.34,1.05,1.07,8431019,
PANL,28.25,28.32,27.64,27.89,649800,
PANW,45.209999,46.27,44.57,46.200001,1433400,
PATH,2.97,2.986,2.76,2.83,273200,
PAY,17.379999,17.459999,16.91,17.09,7861700,
PAYX,36.900002,37.189999,36.700001,37.150002,1242000,
PB,49.759998,50.16,49.360001,50.02,312300,
PBA,31.799999,32.07,31.6,31.879999,119500,
PBCT,13.84,13.94,13.78,13.92,1507700,
PBF,27.02,27.110001,26.790001,27.040001,9701000,
PBH,30,30.139999,29.85,30,282000,
PBI,14.02,14.65,13.98,14.64,3661900,
PBJ,24.17,24.57,24.17,24.549999,10500,
PBNY,9.5,9.52,9.38,9.42,45000,
PBR,16.75,16.99,16.549999,16.65,15666400,
PBR.A,17.84,18.12,17.56,17.66,6985100,
PBT,13.38,13.5,13.17,13.39,77400,
PBTH,6.04,6.0539,5.94,6.02,142300,
PBW,5.39,5.44,5.34,5.37,396100,
PBY,12.47,12.57,12.44,12.55,258300,
PCAR,53.720001,54.43,53.419998,54.349998,1244400,
PCCC,16.33,16.469999,16.049999,16.34,19900,
PCEF,25.24,25.34,25.209999,25.32,202800,
PCG,45.099998,45.43,44.599998,45.299999,2173000,
PCH,45.25,45.25,43.950001,44.48,201800,
PCL,47.810001,48.360001,47.07,48.32,1135200,
PCLN,810.179993,819.23999,805.109985,816.450012,693100,
PCOM,19.5,19.66,19.290001,19.51,105900,
PCP,214.699997,219.419998,214.699997,218.380005,869400,
PCRFY,7.59,7.68,7.44,7.59,40100,
PCRX,28.790001,29.5,28.450001,29.459999,179500,
PCTI,7.66,7.7,7.61,7.65,75100,
PCXCQ,0.185,0.19,0.18,0.1855,254300,
PCY,28.690001,28.790001,28.530001,28.549999,921500,
PCYC,88,88.4,86.57,87.54,568100,
PDCE,50.889999,53.240002,50.310001,52.16,462900,
PDCO,38.59,38.98,38.57,38.98,628800,
PDFS,18.24,18.51,18.139999,18.43,51500,
PDH,11.93,12.2999,11.93,12.14,240800,
PDLI,7.89,8,7.89,7.95,1462400,
PDM,18.719999,18.75,18.309999,18.389999,1093500,
PDP,31.629999,31.950001,31.549999,31.92,202300,
PDS,8.93,9.41,8.87,9.38,2262000,
PEB,25.91,26.110001,25.610001,26.059999,188200,
PEG,32.709999,32.93,32.360001,32.68,2192900,
PEGA,32.41,32.41,31.92,32.049999,325800,
PEI,19.58,19.629999,19.139999,19.200001,748000,
PEIX,3.82,4.15,3.74,4.05,258900,
PENN,55.039997,55.749996,54.789998,55.039997,4418500,
PEP,81.980003,82.510002,81.489998,82.510002,6448200,
PER,14.89,15.11,14.79,14.91,165900,
PERI,13.16,13.54,13.15,13.4,239400,
PERY,21.75,21.9,21.370001,21.68,43000,
PES,6.96,7.34,6.89,7.3,439500,
PETM,67.91,69,67.91,68.93,1069200,
PETS,13.68,13.84,13.27,13.31,250700,
PF,24.25,24.34,23.98,24.18,258800,
PFE,28.24,28.620001,28.030001,28.26,83974500,
PFF,39.779999,39.900002,39.779999,39.82,1882100,
PFG,38.119999,38.68,38.009998,38.580002,1317800,
PFMT,11.23,11.23,11.03,11.14,463900,
PFPT,20.76,21.83,20.76,21.799999,333700,
PFS,15.31,15.31,14.85,15.27,72200,
PFSI,21.030001,21.049999,20.209999,20.48,155600,
PFSW,4.21,4.25,4.15,4.18,26900,
PG,77.440002,78.279999,77.269997,77.75,7839500,
PGF,18.129999,18.219999,18.129999,18.15,726900,
PGH,5.22,5.25,5.13,5.18,1155600,
PGI,12.06,12.06,11.76,11.89,79100,
PGJ,21.4,21.65,21.4,21.639999,17200,
PGNX,3.93,4.01,3.83,3.95,291500,
PGR,24.559999,24.83,24.49,24.790001,4041200,
PGTI,8.56,8.56,8.23,8.25,286900,
PGX,14.54,14.59,14.53,14.53,1078300,
PH,97.870003,98.809998,97.139999,98.339996,750300,
PHB,19.110001,19.209999,19.1,19.16,414800,
PHG,28.1,28.719999,27.99,28.51,794600,
PHH,20.15,20.9,20.059999,20.860001,766200,
PHM,21.32,21.73,20.68,21.059999,8728900,
PHMD,16.99,16.99,16.92,16.930001,11600,
PHO,22.58,22.76,22.549999,22.74,50700,
PICO,22.440001,22.440001,22.08,22.27,90700,
PID,16.889999,17.02,16.85,17.02,183800,
PIE,19.33,19.530001,19.280001,19.389999,573900,
PII,95.889999,96.25,94.730003,96.129997,678500,
PIKE,12.51,12.73,12.442,12.68,389000,
PIN,17.469999,17.52,17.379999,17.41,640100,
PIP,1.66,1.71,1.66,1.66,73600,
PIR,23.860001,24.27,23.809999,24.129999,1767800,
PJC,34.610001,35,34.18,34.799999,73000,
PKD,4.32,4.38,4.23,4.35,625000,
PKE,24.16,24.16,23.610001,23.860001,45900,
PKG,49.23,49.439999,48.810001,49.099998,745900,
PKI,32.5,32.790001,32.439999,32.68,808800,
PKT,14.57,14.71,14.07,14.59,319800,
PKX,71.470001,71.470001,70.400002,70.849998,230300,
PKY,17.34,17.4,17.09,17.27,564900,
PL,38.58,39.17,37.9,39.09,220600,
PLAB,7.78,7.8,7.51,7.57,286400,
PLCE,53.799999,54.610001,53.48,54.490002,209000,
PLCM,11.32,11.4,11.17,11.35,1298100,
PLD,39.110001,39.32,38.599998,39.029999,3363400,
PLL,67.040001,67.970001,66.760002,67.889999,983500,
PLOW,13.78,13.87,13.5,13.7,20000,
PLT,44.220001,46.68,44.220001,46.540001,154300,
PLTM,12.15,12.15,12.05,12.07,5100,
PLUG,0.39,0.39,0.36,0.38,3485900,
PLX,5.1,5.18,5.1,5.17,192100,
PLXS,29.98,30.16,29.59,29.610001,94600,
PLXT,4.66,4.69,4.59,4.63,97100,
PM,92.650002,93.07,91.07,92.089996,5650600,
PMC,15.23,15.51,15.23,15.45,189300,
PMCS,6.17,6.27,6.13,6.24,1131900,
PMFG,6.36,6.36,6.2,6.27,32500,
PMT,22.459999,22.49,21.709999,22.07,1075100,
PMTC,25.25,25.45,24.98,25.24,430900,
PMTI,13.47,13.47,13.304,13.4,152700,
PNC,70.790001,71.239998,70.410004,71.099998,2563900,
PNFP,25.58,25.75,25.309999,25.5,44100,
PNG,20.5,20.99,20.05,20.95,113800,
PNK,19.120001,19.200001,18.85,19.190001,474000,
PNM,22.690001,22.9,22.23,22.360001,679700,
PNNT,11.15,11.26,11.05,11.23,587200,
PNR,58.619999,59.330002,58.380001,59.049999,1259400,
PNRA,190.580002,192.490005,188.809998,190.410004,348400,
PNW,56.509998,57.02,55.93,56.669998,418100,
PNY,33.990002,34.09,33.490002,33.900002,206300,
PODD,30.34,30.92,29.93,30.700001,431200,
POL,24.98,25.32,24.75,25.059999,265500,
POM,20.59,20.74,20.309999,20.620001,2152900,
POOL,52.849998,53.849998,52.130001,53.259998,268800,
POR,31.17,31.299999,30.82,31.190001,469000,
POST,43.669998,44.639999,43.669998,44.259998,237100,
POT,41.68,41.93,41.43,41.68,3323200,
POWI,42.029999,42.16,41.59,41.880001,81800,
POWR,14.75,15.11,14.34,14.59,219900,
POZN,5.45,5.56,5.4,5.5,176300,
PPC,11.74,14.19,11.73,14.13,3123700,
PPG,153.089996,155.339996,152.520004,154.919998,1367000,
PPH,46.5,46.970001,46.5,46.82,151600,
PPHM,1.67,1.68,1.63,1.66,1603400,
PPL,29.49,29.73,29.25,29.290001,5672600,
PPO,39.73,41.349998,39.73,41.07,591600,
PPP,5.28,5.32,5.17,5.22,203400,
PPS,47.610001,47.610001,46.360001,47.380001,544400,
PQ,4.77,4.9,4.71,4.81,72700,
PRA,50.82,51.200001,50.650002,51.18,173600,
PRAA,150.879993,150.879993,147.009991,148.98999,336900,
PRCP,7.42,7.48,7.35,7.43,15400,
PRE,88.639999,88.919998,88.199997,88.650002,613500,
PRFT,13.1,13.29,13.06,13.21,118600,
PRGO,117.870003,118.400002,116.290001,116.809998,551200,
PRGS,23.24,23.42,23.01,23.33,174100,
PRI,36,36.400002,35.950001,36.18,148100,
PRIM,20.450001,20.549999,20.17,20.459999,134200,
PRKR,4.3,4.36,4.21,4.34,44600,
PRLB,55.060001,56.610001,54.400002,56.560001,506100,
PRMW,1.65,1.7,1.6,1.67,30900,
PRSC,27.860001,28.209999,27.379999,27.549999,146400,
PRSS,6.54,6.71,6.5,6.68,26000,
PRU,69.699997,71.809998,69.540001,71.720001,4538900,
PRXL,46.099998,46.669998,45.82,46.529999,534900,
PSA,154.320007,154.770004,151.669998,153.779999,743400,
PSB,75.279999,75.279999,74.309998,74.940002,68300,
PSDV,3.38,3.43,3.32,3.4,51900,
PSE,24.63,24.63,24.63,24.63,0,
PSEC,10.2,10.35,10.2,10.26,2237100,
PSEM,7.12,7.17,6.96,7.02,114400,
PSMI,11.06,11.23,10.65,10.91,177800,
PSMT,85.93,89.910004,85.93,88.779999,142000,
PSO,18.24,18.459999,18.16,18.459999,583000,
PSQ,22.57,22.629999,22.34,22.370001,104900,
PST,28.040001,28.25,27.93,28.25,229300,
PSTB,5.95,5.97,5.9,5.95,67200,
PSTI,2.99,3.03,2.93,3.03,219300,
PSUN,3.36,3.49,3.36,3.47,1249800,
PSX,65.440002,66.199997,65.18,65.870003,2774600,
PT,4.37,4.37,4.29,4.3,434600,
PTEN,21.040001,21.23,20.809999,21.09,2491500,
PTIE,2.51,2.6,2.45,2.46,242100,
PTM,17.27,17.27,16.950001,17.01,5800,
PTP,57.69,57.76,57.12,57.54,114400,
PTR,114.889999,115.980003,114.110001,115.199997,89800,
PTRY,12.97,13.13,12.73,12.86,47700,
PUK,34.110001,34.91,33.919998,34.900002,157400,
PVA,4.69,4.82,4.68,4.81,815300,
PVG,8.72,8.77,8.2,8.28,422000,
PVH,113.150002,113.900002,112.489998,113.699997,632100,
PVR,26.68,26.82,26.5,26.7,274500,
PVTB,19.34,19.709999,19.120001,19.6,379400,
PWE,10.21,10.27,10.13,10.2,1482600,
PWER,6.31,6.32,6.3,6.32,809800,
PWR,27.48,27.719999,27.33,27.66,1994500,
PWRD,15.91,16.48,15.78,16.4,795900,
PX,114.419998,115.089996,112.989998,114.209999,1855000,
PXD,142.149994,144.940002,141.710007,144.289993,770400,
PZA,25.049999,25.08,25,25.030001,678600,
PZE,4.33,4.34,4.22,4.22,25600,
PZG,1.39,1.46,1.39,1.41,480000,
PZO,128.550003,128.820007,126.730003,127.699997,0,
PZZA,65.129997,66.540001,65.040001,66.300003,241200,
Q,43.41,43.759998,42.720001,42.970001,471600,
QCOM,62.900002,63.110001,61.419998,62.099998,29483700,
QCOR,34.24,36.75,33.75,36.29,2136300,
QDEL,24.84,25.790001,24.620001,25.700001,156500,
QEP,29.870001,30.209999,29.52,30,1606900,
QGEN,18.410001,18.76,18.400001,18.75,1094000,
QID,23.030001,23.16,22.549999,22.6,1736300,
QIHU,44.029999,44.75,43.470001,44,1662700,
QLD,67.82,69.209999,67.449997,69.040001,4858800,
QLGC,10.08,10.15,9.91,10.09,903600,
QLIK,29.889999,29.93,28.68,29.719999,1122100,
QLTI,7.77,7.91,7.77,7.89,42300,
QLTY,9.65,9.96,9.54,9.89,176500,
QLYS,14.08,14.6,13.94,14.53,76300,
QNST,7.39,7.57,7.33,7.42,60400,
QQEW,30.370001,30.629999,30.370001,30.629999,14700,
QQQ,72.699997,73.470001,72.519997,73.389999,31969800,
QRE,16.7,16.96,16.42,16.89,194200,
QSII,18.469999,18.59,17.83,18.059999,480300,
QTM,1.51,1.52,1.47,1.51,927600,
QTWW,0.63,0.63,0.6,0.6,49100,
QUAD,23.33,23.49,22.84,23.41,85500,
QUIK,2.26,2.29,2.2,2.29,85200,
R,61.639999,63.41,61.450001,62.779999,349100,
RAD,2.94,3.08,2.93,3.03,46434900,
RAI,48,48.369999,47.34,47.82,3846000,
RAIL,17.809999,17.99,17.52,17.52,47600,
RAS,7.7,7.78,7.58,7.75,580600,
RATE,13.96,14.15,13.72,14.01,698200,
RAVN,30.620001,30.700001,30.08,30.49,59500,
RAX,34.869999,35.700001,34.610001,35.52,1408200,
RBA,21.15,21.35,20.870001,21.309999,444400,
RBC,67.690002,68.599998,67.25,68.349998,331100,
RBCAA,23.26,23.5,23,23.379999,27300,
RBCN,8.3,8.47,8.22,8.43,292600,
RBS,10.13,10.29,10.06,10.29,998500,
RBY,1.9,1.98,1.82,1.84,708100,
RCI,45.049999,45.18,44.52,44.77,379000,
RCII,37.5,38,37.450001,37.759998,255500,
RCL,33.490002,34.240002,33.220001,33.990002,2325000,
RDA,10.75,10.83,10.48,10.49,96700,
RDC,33.689999,33.959999,33.459999,33.720001,615300,
RDEN,46.75,46.900002,46.049999,46.450001,121700,
RDI,6.19,6.2,6.02,6.19,26100,
RDN,12.6,12.75,12.44,12.66,4828800,
RDNT,2.65,2.7,2.615,2.65,70020,
RDS.A,65.38,65.61,64.99,65.21,2935600,
RDS.B,67.72,68.03,67.38,67.75,809400,
RDWR,14.98,15.02,14.77,14.96,129800,
RDY,38.299999,38.73,38.209999,38.700001,98800,
RE,127.989998,128.639999,126.809998,127.790001,376100,
RECN,11.53,11.64,11.41,11.59,84500,
REDF,2.67,2.87,2.63,2.8,167800,
REE,1.88,1.92,1.85,1.85,140600,
REED,4.7,4.81,4.7,4.74,25600,
REFR,3.81,3.85,3.76,3.8,14400,
REG,51.639999,52.02,50.700001,51.25,782200,
REGI,13.2,13.27,12.88,12.89,538500,
REGN,252.059998,261.75,251.059998,257.5,907000,
RELL,12.11,12.11,11.98,12.02,5800,
REM,13.96,13.99,13.63,13.73,1710500,
REMX,10.63,10.67,10.57,10.64,6700,
REN,8.37,8.37,8.21,8.34,70900,
RENN,3.23,3.33,3.21,3.32,3263600,
RENT,23.23,23.450001,22.84,23.32,17900,
RES,13.29,13.59,13.09,13.51,620500,
REV,19.99,19.99,19.66,19.73,18600,
REW,30.76,30.76,29.959999,29.959999,2100,
REXI,9.5,9.5,9.3,9.31,10800,
REXX,17.24,17.370001,16.98,17.200001,393400,
RF,9.1,9.25,8.98,9.21,20071900,
RFMD,5.3,5.31,5.025,5.09,7245600,
RFP,14.81,14.98,14.34,14.43,352500,
RGA,66.120003,66.559998,65.550003,66.489998,360000,
RGC,17.9,18.110001,17.82,18.09,565400,
RGEN,8.17,8.26,8.08,8.09,207700,
RGLD,54.93,55,53.200001,53.68,652000,
RGP,26.129999,26.540001,25.98,26.280001,513400,
RGR,48.150002,48.5,47.889999,47.990002,257000,
RGS,18.16,18.290001,18.040001,18.24,337800,
RHI,34.240002,34.599998,33.869999,34.119999,1038100,
RHP,34.470001,34.560001,33.990002,34.27,1261000,
RHT,45.720001,46.529999,45.52,46.240002,1865700,
RIC,1.98,2.03,1.89,1.89,60800,
RICK,8.55,8.65,8.49,8.59,14800,
RIG,50.650002,50.860001,50.16,50.68,1660400,
RIGL,3.51,3.59,3.35,3.56,1975700,
RIMG,8.02,8.1,7.92,7.99,3700,
RIO,43.400002,43.700001,43.150002,43.349998,2957700,
RIOM,2.74,2.74,2.51,2.54,135400,
RJA,8.7,8.73,8.68,8.71,100700,
RJET,9.86,10.14,9.85,10.08,376500,
RJF,43.02,43.43,42.68,43.150002,922500,
RJI,8.25,8.32,8.22,8.31,908600,
RJN,6.48,6.6,6.48,6.59,38300,
RKT,100.029999,101.5,99.559998,101.349998,877000,
RKUS,11.75,11.93,11.65,11.74,705800,
RL,175.089996,177,174.889999,175.940002,495900,
RLD,15.95,16.049999,14.81,15.51,552300,
RLGY,49.049999,49.93,47.959999,49.41,1400400,
RLH,5.93,6.14,5.91,6.06,58600,
RLI,75.309998,76.099998,75.080002,75.779999,101800,
RLJ,23.25,23.42,22.950001,23.41,533400,
RLOC,14.69,15.16,14.62,15.06,99800,
RMBS,8.15,8.15,7.77,8.07,826500,
RMD,46.110001,46.470001,45.639999,45.740002,1299700,
RMTI,4.03,4.14,3.91,4.1,517300,
RNDY,7.54,7.6,7.47,7.48,220100,
RNF,31.389999,31.629999,31.01,31.27,90900,
RNO,13.91,14.08,13.85,14,65400,
RNR,85.160004,85.949997,84.709999,85.760002,445400,
RNST,24.6,24.6,24.139999,24.33,25800,
ROC,64.23,65.2,63.95,64.83,1280242,
ROCK,15.96,16.02,15.52,15.69,97700,
ROCM,14.41,14.6075,14.33,14.53,21000,
ROG,48.290001,48.389999,47.970001,48.299999,31700,
ROIC,14.35,14.59,14.29,14.41,432600,
ROK,85.970001,86.959999,85.690002,86.370003,1239400,
ROL,24.850004,24.979995,24.670006,24.790006,152100,
ROLL,49.98,50,49.450001,49.630001,45400,
ROM,81.550003,82.849998,80.629997,82.620003,43800,
ROP,122.690002,124.209999,122.440002,123.75,278800,
ROSE,46.16,46.810001,45.740002,46.720001,1063500,
ROSG,4.5,4.55,4.09,4.13,3035100,
ROST,64.129997,64.949997,63.68,64.870003,2376000,
ROVI,25.9,26.549999,25.799999,26.51,522000,
ROYL,2.59,2.73,2.5,2.72,601300,
ROYT,18.450001,18.5,18.360001,18.41,19100,
RP,17.67,18.1,17.190001,17.24,380800,
RPAI,15.23,15.38,14.97,15.36,859200,
RPM,32.48,32.75,32.240002,32.639999,213200,
RPRX,16.950001,17.93,16.58,17.879999,371600,
RPTP,7.69,7.94,7.5,7.7,739100,
RPXC,15.38,15.87,15.24,15.69,513000,
RRC,74.660004,76.370003,74.480003,76.160004,1055900,
RRD,12.38,12.51,12.3,12.49,777700,
RRGB,56.279999,56.669998,55.950001,56.580002,175900,
RRMS,35.639999,37.119999,35.599998,36.049999,10000,
RRTS,27.120001,28.129999,26.98,27.879999,412700,
RS,64.830002,65.830002,63.869999,65.169998,533300,
RSE,20.34,20.459999,20.02,20.4,125800,
RSG,33.43,33.950001,32.810001,33.919998,2539100,
RSH,31.685,31.685,31.685,31.685,0,
RSO,6.4,6.43,6.26,6.37,330300,
RSOL,2.7,2.8,2.54,2.58,1689900,
RSP,62.23,62.720001,62,62.68,689600,
RST,15.2,15.75,15.19,15.75,675300,
RSTI,26.49,26.98,26.209999,26.799999,63900,
RSX,25.49,25.620001,25.299999,25.379999,9402600,
RSYS,5.14,5.15,4.96,5,60200,
RT,9.46,9.59,9.43,9.59,198800,
RTEC,12.61,12.61,12.39,12.45,171700,
RTH,52.27,52.57,52.150002,52.529999,61600,
RTI,28.809999,28.950001,28.190001,28.58,176500,
RTIX,4.48,4.53,4.32,4.39,187800,
RTK,2.25,2.28,2.22,2.26,167300,
RTN,66.410004,67.489998,66.349998,67.410004,1907400,
RUE,41.91,42.01,41.91,41.94,180300,
RUSHA,26.23,26.549999,25.780001,26.02,60300,
RUSL,21.420428,21.640431,20.900418,20.99042,2700,
RUSS,21,21.33,20.639999,21.280001,6300,
RUT,984.090027,989.049988,979.890015,987.619995,33719900,
RUTH,11.41,11.63,11.3,11.39,183300,
RVBD,16.06,16.13,15.85,16.01,2189300,
RVLT,3.5,3.67,3.41,3.58,29500,
RVM,0.96,0.98,0.92,0.94,78000,
RWM,20.48,20.620001,20.389999,20.43,245700,
RWO,43.57,43.700001,43.23,43.650002,259200,
RWR,78.010002,78.480003,76.860001,77.970001,201100,
RWT,18.93,19.129999,18.49,18.67,611000,
RWX,41.240002,41.549999,41.130001,41.540001,492500,
RXN,19.299999,19.690001,19.09,19.610001,118700,
RY,58.740002,58.98,58.07,58.810001,587800,
RYAAY,49.170003,50.300002,49.020002,50.100003,162200,
RYL,43.110001,43.98,42,42.32,2412000,
RYN,54.610001,55.470004,54.31,54.790002,1060200,
S,7.35,7.37,7.18,7.24,55162900,
SA,12.46,12.55,11.9,12,259100,
SAA,72.599998,74.040001,72.599998,74.040001,5000,
SAAS,7.99,7.99,7.67,7.7,373900,
SABA,8.7,8.7,8.65,8.7,17200,
SAFM,68.870003,71.25,68.550003,71.059998,272000,
SAFT,51.720001,52.360001,51.34,51.759998,34500,
SAH,22.809999,23.27,22.780001,23,333000,
SAI,0.035,0.035,0.035,0.035,15000,
SAIA,47.380005,49.189997,47.200004,48.109995,258300,
SAM,154.149994,156.779999,153.100006,156.740005,23100,
SAN,7.24,7.3,7.18,7.22,3632000,
SAND,7.84,7.99,7.65,7.68,431400,
SANM,14,14.04,13.75,13.89,680100,
SAP,75.809998,76.760002,75.550003,76.339996,1511600,
SAPE,12.89,13.095,12.88,13,662400,
SATS,39.57,40.43,39.5,40.349998,214500,
SAVE,30.84,31.15,30.49,31.07,560400,
SB,5.03,5.22,4.97,5.15,111700,
SBAC,75,76.25,75,76.18,1125900,
SBGI,24.549999,25.530001,24.440001,25.389999,951100,
SBGL,3.69,3.74,3.59,3.61,239700,
SBH,30.1,30.34,29.93,30.049999,795300,
SBNY,77.419998,78.050003,76.809998,77.849998,311500,
SBS,12.07,12.3,11.96,12.24,2320500,
SBSI,22.949996,23.300002,22.759998,22.850004,40800,
SBUX,63.41,65.089996,63.41,65.040001,13753000,
SBY,17.43,17.5,16.92,17.16,1002700,
SCCO,31.290001,31.469999,30.870001,31.32,1437500,
SCG,49.849998,50.07,49.200001,49.869999,628700,
SCHA,44.389999,44.630001,44.119999,44.540001,180900,
SCHB,39.639999,39.880001,39.43,39.84,392100,
SCHD,33.400002,33.599998,33.279999,33.580002,314000,
SCHE,24.33,24.48,24.219999,24.35,150600,
SCHF,28.040001,28.219999,27.84,28.219999,220600,
SCHG,38.939999,39.240002,38.830002,39.240002,104200,
SCHH,32.860001,32.990002,32.299999,32.77,103500,
SCHL,29.59,29.98,29.59,29.809999,102500,
SCHM,32.43,32.59,32.200001,32.57,117000,
SCHN,24.42,24.48,23.68,23.91,219000,
SCHV,36.970001,37.200001,36.82,37.18,52200,
SCHW,19.700001,20.129999,19.65,20.120001,11527500,
SCHX,39.07,39.25,38.860001,39.23,313000,
SCI,17.77,18.08,17.65,17.99,1558200,
SCIF,8.56,8.62,8.52,8.54,101900,
SCLN,5.01,5.03,4.95,4.99,134000,
SCMP,7.82,7.82,7.29,7.49,166500,
SCO,38.34,38.540001,36.450001,36.650002,1831200,
SCOK,1.58,1.58,1.51,1.54,47950,
SCOR,21.639999,21.91,21.469999,21.860001,132100,
SCR,16.505,16.505,16.505,16.505,0,
SCS,13.72,13.85,13.49,13.7,339400,
SCSC,33.349998,34,33.32,33.779999,91600,
SCSS,21.790001,22.24,21.370001,22.200001,850300,
SCTY,38.049999,38.75,35.5,35.970001,2208700,
SCVL,24.66,24.700001,24.24,24.379999,32900,
SCZ,43.209999,43.759998,43.139999,43.700001,111000,
SD,4.97,5.08,4.92,5.05,5329900,
SDIV,21.969999,22.040001,21.85,21.98,509000,
SDLP,28.59,29.030001,28.43,28.75,41300,
SDOW,41.889999,42.279999,40.799999,40.950001,620500,
SDR,13.41,13.67,13.41,13.59,124300,
SDRL,39.66,40.080002,39.470001,40.009998,1682700,
SDS,39.779999,40.139999,39.25,39.34,18343400,
SDT,14.25,14.4,14.2,14.25,83600,
SDY,67.470001,67.93,67.300003,67.849998,998600,
SE,30.059999,30.65,30.059999,30.59,3227600,
SEA,17.24,17.459999,17.24,17.41,11500,
SEAC,10.98,11.13,10.43,10.95,387900,
SEAS,37.48,37.779999,37.150002,37.560001,105900,
SEE,23.799999,24.43,23.620001,24.41,1619600,
SEED,1.47,1.55,1.46,1.52,12900,
SEF,23.549999,23.610001,23.299999,23.299999,25400,
SEIC,29.98,30.24,29.74,30.129999,861100,
SEM,7.93,7.99,7.85,7.89,163200,
SEMG,52.25,52.419998,51.709999,52.130001,199600,
SEP,36.330002,37.490002,36.009998,37.009998,232000,
SF,35.360001,35.740002,35.189999,35.59,365700,
SFC,92.68,93.720001,92.510002,93.610001,0,
SFD,32.86,32.935,32.82,32.83,7093525,
SFE,15.54,15.62,15.44,15.55,152800,
SFG,45.990002,46.529999,45.59,46.439999,104600,
SFI,21800,23200,21800,21800,5800,
SFL,16.9,17.209999,16.75,17.190001,455700,
SFLY,49.360001,52.57,49.040001,52.189999,1008900,
SFUN,27,27.049999,26.52,26.94,3130500,
SFY,14.86,15.09,14.64,14.97,793800,
SGEN,34.09,34.59,33.959999,34.490002,652300,
SGG,58.529999,58.869999,58.5,58.700001,7900,
SGI,14.35,14.58,14.25,14.38,200000,
SGMO,7.92,8.03,7.77,8.01,354200,
SGMS,11.58,11.82,11.54,11.64,370300,
SGOL,136.639999,137.160004,135.759995,135.869995,55000,
SGU,4.93,4.93,4.8,4.83,49300,
SGY,22.88,23.21,22.649999,23.1,10100,
SGYP,4.769998,4.829997,4.650002,4.829997,370600,
SH,29.18,29.309999,28.98,29,2206100,
SHEN,17.639999,17.639999,17.26,17.360001,84800,
SHFL,17.82,17.85,17.61,17.78,161400,
SHLD,47.399871,48.079874,46.709876,47.559871,1021400,
SHLM,27.959999,28.23,27.65,28.07,73600,
SHO,11.8,11.83,11.6,11.79,597700,
SHOO,48.300001,48.499992,47.800006,47.950004,491700,
SHOR,4.06,4.08,3.91,3.95,90400,
SHOS,48.009998,52.450001,47,49,497900,
SHPG,97.82,98.790001,97.459999,97.699997,372600,
SHW,183.479996,183.869995,181.830002,183.259995,425100,
SHY,84.349998,84.379997,84.349998,84.379997,501800,
SI,0.15,0.15,0.15,0.15,27000,
SIAL,83.059998,83.139999,82.610001,82.870003,614500,
SID,2.97,3.01,2.9,2.94,3749400,
SIFY,1.9,1.95,1.9,1.92,62600,
SIG,68.129997,69.010002,67.639999,68.650002,424600,
SIGA,3.38,3.41,3.26,3.27,197500,
SIGM,4.92,5.13,4.9,5.1,280700,
SIL,14.359986,14.459985,14.019986,14.059985,84100,
SIM,13.58,13.96,13.28,13.4,6900,
SIMG,5.97,5.9901,5.84,5.85,566000,
SIMO,11.4,11.45,11.25,11.42,193200,
SINA,58.16,60.549999,58.16,60.029999,2116700,
SIR,28.43,28.43,28.02,28.32,121700,
SIRI,3.41,3.52,3.38,3.46,66813100,
SIRO,69.790001,70.529999,69.730003,70,426300,
SIVB,76.760002,76.760002,75.860001,76.559998,174000,
SIVR,21.77,21.940001,21.34,21.379999,440200,
SIX,76.419998,76.480003,75.75,76.050003,1000600,
SJB,31.49,31.49,31.1,31.440001,50600,
SJI,58.889999,59.139999,57.73,58.439999,201600,
SJM,98.980003,102.110001,98.970001,101.389999,1106900,
SJR,22.299999,22.309999,21.9,22.23,199100,
SJT,15.69,15.74,15.62,15.71,64100,
SKF,22.84,23.030001,22.379999,22.450001,192300,
SKH,6.83,6.96,6.82,6.92,50100,
SKM,20.35,20.610001,20.290001,20.610001,1854900,
SKS,14.73,14.9,14.7,14.78,1163200,
SKT,35.459999,35.5,34.540001,34.82,632700,
SKUL,5.56,5.58,5.4,5.55,261200,
SKX,22.629999,22.68,21.99,22.23,1979100,
SKYW,13.32,13.74,13.25,13.71,301100,
SKYY,21.33,21.59,21.23,21.59,26400,
SLAB,42.66,43.009998,42.169998,42.75,127200,
SLB,74.040001,74.349998,73.290001,73.93,6703700,
SLCA,20.5,21.76,20.299999,21.540001,2792500,
SLF,28.950001,29.73,28.83,29.6,379900,
SLG,87.790001,88.010002,85.57,86.910004,444200,
SLGN,47.009998,47.02,46.5,46.709999,186200,
SLH,55.040001,55.580002,54.75,55.470001,235500,
SLM,23.839995,23.880007,23.469989,23.559999,13159000,
SLRC,23.030001,23.059999,22.790001,22.98,261300,
SLT,35.5,35.5,35.5,35.5,0,
SLV,21.25,21.440001,20.84,20.860001,22059900,
SLW,23.68,23.799999,23.25,23.51,4086600,
SLX,40.32,40.48,39.91,40.16,25700,
SLXP,61.05,61.65,60.43,61.3,436600,
SM,62.450001,63.41,61.700001,63.16,455800,
SMA,1.35,1.5,1.35,1.48,1500,
SMFG,8.37,8.61,8.37,8.56,1718200,
SMG,46.25,47.34,46.25,46.32,446100,
SMH,38.16,38.380001,37.82,38.310001,1429400,
SMLP,32.34,33.09,32,32.549999,60400,
SMN,47.810001,48.98,47.810001,48.119999,40100,
SMP,34.669998,35.75,34.43,35.419998,241400,
SMRT,13.27,13.48,13.13,13.24,116600,
SMS,0.5,0.5,0.5,0.5,400,
SMSI,1.24,1.3,1.24,1.25,32400,
SMT,1.4,1.47,1.38,1.45,151400,
SMTC,36.029999,36.099998,35.290001,35.779999,533700,
SN,21.950001,22.110001,21.82,22.049999,479800,
SNA,91.330002,92.040001,91.029999,91.82,277900,
SNAK,7.6,7.67,7.53,7.63,39400,
SNCR,30.92,31.389999,30.700001,31.27,93500,
SNDK,58.77,58.98,57.830002,58.310001,3108000,
SNE,19.34,19.66,19.09,19.559999,3856800,
SNH,27,27.02,26.110001,26.5,1478500,
SNHY,31.76,31.98,30.790001,31.120001,92100,
SNI,65.849998,66.849998,65.43,66.800003,430300,
SNP,96.859994,99.419994,96.790001,99.329996,80300,
SNPS,36.560001,37,36.560001,36.98,945800,
SNSS,5.06001,5.09001,4.96001,5.04001,45900,
SNTA,4.71,4.76,4.44,4.55,2979700,
SNTS,19000,19000,19000,19000,4600,
SNV,2.660053,2.750055,2.630052,2.730055,1308600,
SNX,42.75,42.889999,42.470001,42.57,218600,
SNY,52.880001,53.860001,52.75,53.369999,693100,
SO,44.560001,44.860001,44.18,44.439999,6141000,
SODA,72.82,72.849998,70.599998,72.519997,1219700,
SOHU,63.470001,66.379997,63.470001,66,1163100,
SOL,1.98,2.02,1.9,1.97,681400,
SON,34.75,35.07,34.57,35,128900,
SONC,13.5,13.82,13.38,13.79,299100,
SONS,3.41,3.5,3.38,3.5,493700,
SORL,2.62,2.66,2.6,2.61,20200,
SOX,467.53,471.97,464.1,471.47,0,
SOXL,46.889999,48.299999,45.93,48.220001,782000,
SOXS,16.139999,16.549999,15.7,15.75,24500,
SOXX,63.490002,64.150002,63.099998,64.07,99600,
SOYB,24.940001,25.25,24.9,25.23,16900,
SPAR,5.97,6.04,5.89,5.99,91800,
SPB,62.57,62.810001,61.810001,62.099998,103000,
SPF,8.89,8.96,8.56,8.71,3589100,
SPG,167.490002,167.829992,164.389986,167.260001,1433000,
SPH,46.25,46.689999,45.5,46.080002,164700,
SPIL,5.84,5.86,5.79,5.82,606500,
SPLK,43,43.5,42.240002,43.419998,1418000,
SPLS,15.04,15.5,15.04,15.48,7367600,
SPLV,31.1,31.27,31,31.24,1344300,
SPN,26.940001,27.370001,26.549999,27.33,1214700,
SPNC,18.83,19.41,18.57,19.33,171500,
SPP,1.95,2.1,1.94,2.08,11500,
SPPI,7.79,8.19,7.79,8.11,852700,
SPR,21.719999,21.93,21.67,21.799999,2361200,
SPRD,19.9,19.9,19.06,19.24,878500,
SPRT,4.44,4.45,4.27,4.43,276200,
SPSC,52.970001,54,52.740002,53.669998,74500,
SPTN,18.620001,18.84,18.370001,18.690001,35400,
SPU,2.12,2.26,2.12,2.21,1500,
SPW,77.730003,79.449997,77.510002,79.150002,263100,
SPWR,19.57,19.9,19.209999,19.639999,3645500,
SPX,1625.27002,1644.400024,1625.27002,1643.380005,3371990000,
SPXL,43.950001,44.790001,43.400002,44.639999,1722300,
SPXS,10.47,10.63,10.28,10.32,926600,
SPXU,23.620001,23.950001,23.16,23.219999,2530600,
SPY,163.850006,164.949997,163.139999,164.800003,188337800,
SQI,22.049999,22.540001,21.58,22.469999,90200,
SQM,45.059999,45.589996,43.919997,44.279998,932300,
SQNM,3.88,4.12,3.85,4.1,2277400,
SQQQ,27.6,27.809999,26.719999,26.82,944300,
SRC,20.200004,20.320008,19.819996,19.889999,903800,
SRCL,108.230003,108.709999,106.110001,108.449997,362600,
SRDX,23.610001,23.92,23.35,23.809999,56500,
SRE,80.150002,80.529999,79.510002,80.190002,1039600,
SREV,8.15,8.34,7.93,8.28,380100,
SRI,11.1,11.3,11.01,11.25,388800,
SRPT,36.669998,37.900002,36.59,37.84,949400,
SRS,20.51,21.209999,20.43,20.67,91200,
SRT,4.82,4.82,4.72,4.73,40400,
SRTY,19.780001,20.15,19.459999,19.610001,224800,
SSD,29.120001,29.190001,28.48,28.74,114800,
SSG,27.960001,28.129999,27.39,27.5,1300,
SSH,5.6,5.74,5.55,5.7,34700,
SSI,23.290001,23.690001,23.209999,23.620001,366200,
SSL,43.91,44.630001,43.73,44.34,177100,
SSN,0.46,0.47,0.46,0.47,29300,
SSNC,31.950001,32.080002,31.379999,31.76,544200,
SSO,79.57,80.610001,78.900002,80.419998,16694200,
SSP,13.570004,13.830002,13.389999,13.809998,235200,
SSRI,7.78,7.78,7.33,7.38,1290800,
SSS,66.089996,66.68,65.150002,66.43,164600,
SSW,22.559999,23.219999,22.559999,23.18,114400,
SSYS,79.620003,81,78.169998,78.480003,471200,
ST,35.110001,35.689999,34.959999,35.619999,758800,
STAA,8.96,8.96,8.76,8.87,80100,
STAG,21.74,22,21.41,21.639999,175600,
STB,6.33,6.44,6.33,6.43,41300,
STBA,19.799999,19.799999,19.610001,19.77,33600,
STBZ,15.66,15.66,15.17,15.27,44900,
STC,27.73,28.030001,27.57,27.860001,90000,
STE,45,45.279999,44.84,45.200001,147000,
STEC,3.38,3.44,3.35,3.37,279400,
STEI,13.05,13.05,13.03,13.05,1043500,
STEL,16.24,16.32,16.12,16.21,26300,
STFC,18.950001,19.09,18.82,19.059999,8300,
STI,32.009998,32.299999,31.799999,32.25,3264600,
STJ,43.740002,44.009998,43.400002,43.990002,1524200,
STKL,7.84,7.96,7.84,7.91,114900,
STLD,14.83,15.16,14.72,14.83,2271300,
STM,9.47,9.63,9.45,9.58,1333800,
STMP,37.849998,39.330002,37.669998,38.959999,260700,
STNG,8.88,8.91,8.77,8.88,582500,
STO,22.4,22.58,22.33,22.379999,1623100,
STON,25.52,26.25,25.51,26.25,77000,
STP,0.52,0.53,0.5,0.51,352000,
STR,24.219999,24.49,24.120001,24.440001,879300,
STRA,54.349998,55.619999,54.029999,55.5,110300,
STRI,2.659973,2.789972,2.619974,2.679973,30200,
STRL,10.42,10.48,10.16,10.27,26500,
STRM,6.88,6.91,6.65,6.65,90900,
STRZA,22,22.9,22,22.870001,783100,
STSA,21.95,22.09,21.77,21.9,257000,
STSI,1.51,1.59,1.5,1.51,1242300,
STT,66.019997,67.529999,65.839996,67.440002,3090600,
STV,1.6,1.6,1.58,1.58,61000,
STWD,25.949995,25.990005,25.319998,25.550007,1515800,
STX,44.389999,44.459999,43.630001,44.009998,3292700,
STZ,52.59,53.490002,52.59,53.34,2679600,
SU,30.780001,31.07,30.49,31.040001,2745700,
SUI,50.34,50.59,49.130001,49.810001,81500,
SUNE,8.08,8.15,7.93,8.07,2543400,
SUP,18.450001,18.469999,18.18,18.34,82100,
SUPN,6.85,6.95,6.75,6.82,242900,
SUPX,22.48,22.48,21.89,22.09,40700,
SURG,3.23,3.43,3.22,3.3,114000,
SUSP,29.01,29.01,28.5,28.65,111200,
SUSQ,11.96,12.03,11.83,11.99,697800,
SUSS,48.8,49.01,47.87,48.63,283400,
SUTR,1.89,1.93,1.87,1.89,51700,
SVA,3.95,4.02,3.84,4.02,414500,
SVM,3.04,3.07,2.92,2.95,1050200,
SVN,17.5,17.5,17.5,17.5,0,
SVNT,0.8,0.8,0.7,0.7,1337600,
SVO,369.5837,374.2126,368.9739,373.3761,0,
SVU,6.29,6.47,6.25,6.33,3047400,
SVXY,86.830002,88.550003,85.610001,88.550003,2597000,
SWC,12.45,12.45,12.1,12.21,1243300,
SWFT,16.799999,17.4,16.77,17.34,1201400,
SWHC,9.23,9.25,9.1,9.21,849200,
SWI,41.34,41.439999,40.639999,40.73,447800,
SWIR,11.26,11.67,11.25,11.57,65700,
SWK,78.870003,79.870003,78.849998,79.690002,627900,
SWKS,22.629999,22.75,21.84,22.4,3956700,
SWM,49,49.529999,47.610001,49.32,149800,
SWN,37.299999,38.310001,37.200001,38.290001,2148800,
SWSH,1.02,1.02,0.91,0.93,95600,
SWX,48.41,48.43,47.869999,48.240002,95400,
SWY,20.1,20.51,20.07,20.33,7031300,
SXC,15.46,15.49,15.19,15.36,398100,
SXCP,22.65,22.700001,22.360001,22.629999,38800,
SXE,22.35,22.540001,22.200001,22.5,10500,
SXI,53.119999,54.060001,53.09,53.75,7700,
SXL,61,63.009998,60.57,62.709999,412000,
SXT,39.82,40.959999,39.439999,40.799999,170900,
SYA,14.5,14.83,14.4,14.81,432900,
SYK,66.68,67.199997,66.559998,67.150002,774000,
SYKE,15.9,15.99,15.68,15.77,144900,
SYMC,22.059999,22.33,21.92,22.190001,9648700,
SYNA,42.400002,42.5,39.389999,40.490002,1476000,
SYNC,3.58,3.64,3.48,3.51,230200,
SYNT,64.279999,64.769997,63.68,64.349998,158200,
SYRG,7.66,7.66,6.61,6.87,349200,
SYT,78.730003,79.25,78.610001,79.050003,123100,
SYX,9.53,9.66,9.47,9.64,13900,
SYY,33.560001,33.889999,33.529999,33.759998,3953900,
SZYM,11.12,11.43,11.1,11.41,333200,
T,35.970001,36.049999,35.380001,35.450001,26049300,
TA,11.01,11.05,10.82,11.04,142600,
TAHO,14.72,14.77,14.19,14.24,83500,
TAL,10.46,10.72,10.45,10.65,59100,
TAM,19.59,21.68,19.49,21.18,383000,
TAN,25.08,25.1,24.43,24.57,146500,
TAO,21.120001,21.26,20.99,21.200001,85600,
TAOM,3.84,4.13,3.79,4,143700,
TAP,49.869999,50.720001,49.599998,50.66,1052900,
TASR,9.45,9.48,9.31,9.43,268300,
TAST,5.86,5.86,5.72,5.77,97000,
TAT,0.8,0.81,0.79,0.8,8700,
TAXI,14.88,14.99,14.35,14.4,193000,
TAYC,16.67,16.77,16.46,16.6,43500,
TBBK,14.77,14.89,14.46,14.58,72300,
TBF,30.469999,30.75,30.280001,30.73,2655600,
TBI,22.870001,23.290001,22.66,22.959999,135300,
TBT,68.019997,69.160004,67.309998,69.150002,5485400,
TC,3.62,3.66,3.47,3.53,1081400,
TCAP,29,29.299999,28.84,29.030001,233000,
TCB,14.25,14.36,14.14,14.28,675500,
TCBI,44.439999,44.610001,44.040001,44.450001,250000,
TCK,26.040001,26.08,25.040001,25.17,3762400,
TCL,18900,19200,18900,19200,1900,
TCO,81.169998,81.279999,78.889999,80.650002,564000,
TCP,43.200001,44.040001,43.099998,43.779999,186700,
TCRD,15.27,15.31,15.02,15.19,170100,
TD,80.43,80.809998,79.709999,80.699997,1075000,
TDC,55.25,56.919998,54.830002,56.900002,1171500,
TDG,151.070007,151.600006,149.369995,149.860001,406700,
TDIV,22.41,22.559999,22.27,22.559999,122700,
TDS,22.709999,22.76,22.32,22.74,369400,
TDW,56.880001,57.029999,56.209999,56.860001,791000,
TDY,75,75.849998,74.529999,75.559998,146300,
TE,17.549999,17.639999,17.360001,17.5,1460600,
TEAR,12.59,12.59,11.63,11.84,79200,
TECD,49.84,49.869999,49.439999,49.720001,76700,
TECH,66.309998,66.75,65.949997,66.349998,94500,
TECL,62.299999,63.240002,61.459999,63.16,299600,
TECS,33.720001,34.049999,33.040001,33.09,11200,
TECUA,10.49,10.76,9.92,10.07,120000,
TEF,13.67,13.8,13.54,13.76,2282800,
TEG,56.91,57.389999,56.459999,57.040001,290800,
TEL,44.619999,45.689999,44.619999,45.529999,1672700,
TEN,44.299999,45.150002,44.099998,45.060001,396600,
TEO,15.33,15.96,15.18,15.89,121700,
TEP,21.15,21.629999,21.15,21.299999,125600,
TER,17.549999,17.9,17.440001,17.860001,2343300,
TESO,12.94,12.94,12.73,12.91,142500,
TEU,4.08,4.09,4.05,4.08,31300,
TEVA,39,39.720001,38.490002,39.490002,4939300,
TEX,32.66,34.150002,32.509998,33.150002,2471600,
TFM,51.419998,52.41,50.299999,52.169998,627400,
TFSL,11.04,11.04,10.91,11.02,125800,
TFX,78.339996,79.190002,78.089996,78.419998,265200,
TG,25.48,25.48,24.530001,24.76,56500,
TGA,7.13,7.25,7.12,7.16,47600,
TGB,2.11,2.11,2.01,2.11,613900,
TGH,37.32,37.689999,36.889999,37.52,114600,
TGI,79.230003,80.230003,78.629997,79.449997,669500,
TGP,41.150002,43.150002,40.869999,42.549999,174700,
TGT,70.489998,70.879997,69.889999,70.360001,5114900,
THC,46.139999,46.66,45.990002,46.580002,1184600,
THG,48.209999,48.290001,47.709999,48.080002,375000,
THI,53.12,53.34,52.51,53.13,293900,
THLD,5.67,5.67,5.33,5.48,729000,
THM,0.87,0.92,0.83,0.87,102000,
THO,43.25,46.93,43.25,46.16,2062900,
THOR,30.77,31.030001,30.41,30.969999,443200,
THRM,17.99,18.110001,17.75,18.059999,189700,
THRX,34.220005,35.580004,33.839999,35.51,2174100,
THS,66.080002,66.830002,65.720001,66.610001,77300,
TI,7.58,7.68,7.58,7.58,70000,
TIBX,20.76,21.41,20.66,21.17,2798900,
TICC,9.9,9.9,9.7,9.7,661900,
TIF,78.720001,79.459999,78.519997,79.300003,599600,
TILE,16.950001,16.950001,16.469999,16.719999,203500,
TINY,3.64,3.64,3.41,3.47,77000,
TIP,115.699997,115.940002,115.349998,115.440002,1275200,
TISI,36.779999,37.099998,36.470001,36.720001,231500,
TITN,20.76,20.76,20.27,20.4,683900,
TIVO,25.9,26.549999,25.799999,26.51,522000,
TJX,50.189999,50.57,49.950001,50.450001,3791300,
TK,38.619999,39.900002,38.549999,39.700001,281400,
TKC,13.98,14.21,13.92,14.07,268600,
TKR,57.000001,57.869997,56.720003,57.680003,592500,
TLAB,2.08,2.14,2.06,2.13,2194200,
TLH,130.619995,130.830002,129.820007,129.880005,22500,
TLK,44.450001,45.459999,44.369999,45.259998,263900,
TLLP,58.880001,60.810001,58.689999,59.900002,84700,
TLM,11.52,11.65,11.39,11.61,2785100,
TLP,42.02,42.43,41.82,42,82400,
TLT,114.220001,114.830002,113.160004,113.160004,10459300,
TLYS,16.25,16.43,16,16.25,93900,
TM,114.470001,117.540001,113.589996,117.059998,1392700,
TMF,60.400002,61.349998,58.880001,58.98,594800,
TMH,38.77,39.330002,38.34,39.27,426400,
TMHC,25.34,25.58,24.799999,25.030001,602100,
TMK,64.379997,64.999992,64.009993,64.960007,579500,
TMO,84.910004,85.550003,84.5,84.580002,15530800,
TMUS,20.75,21.969999,20.67,21.309999,6636300,
TMV,59.27,60.669998,58.279999,60.59,856100,
TNA,48.68,49.470001,47.77,49.049999,10564000,
TNAV,5.14,5.17,5.08,5.09,184300,
TNC,50.919998,51.110001,50.5,50.759998,24700,
TNGO,14.93,15.09,14.7,14.98,229400,
TNK,2.67,2.77,2.65,2.75,306100,
TNP,4.76,4.85,4.76,4.81,237100,
TOL,33.939999,34.509998,33.189999,33.57,4805800,
TOO,32.23,32.68,31.68,32.639999,229400,
TOT,49.619999,50.240002,49.389999,49.810001,955000,
TPC,17.459999,17.74,17.35,17.700001,328900,
TPH,16.299999,16.719999,16.26,16.67,243800,
TPLM,5.94,6.15,5.9,6.05,710600,
TPX,43.509998,44.740002,42.900002,44.099998,1123600,
TQNT,7,7.01,6.85,7.01,2746700,
TQQQ,70.610001,72.730003,70,72.510002,9712000,
TR,31.920088,32.080093,31.620086,32.010082,48900,
TRAK,32.669998,32.900002,32.360001,32.73,174200,
TRC,30.599998,30.790001,30.260004,30.64,21400,
TREX,53.5,53.5,50.740002,51.23,320800,
TRGP,64.440002,65.57,64.370003,65.419998,124900,
TRGT,5.29,5.34,5.18,5.23,590800,
TRI,33.560001,33.779999,33.23,33.77,1397000,
TRIB,17.299999,17.379999,17.190001,17.26,41300,
TRIP,62.619999,64.169998,62.400002,64.050003,1090300,
TRLA,29.78,31.25,29.76,31.07,464000,
TRLG,31.77,31.77,31.61,31.69,142200,
TRMB,26.799999,27.110001,26.67,27,1195900,
TRMK,25.129999,25.129999,24.77,24.889999,234900,
TRN,39.439999,40.32,39.119999,39.82,1638200,
TRNX,15.63,15.73,15.48,15.69,23100,
TROW,74.839996,75.769997,73.900002,75.68,934000,
TROX,21.120001,21.690001,20.809999,21.59,441500,
TRP,45.080002,45.099998,44.450001,44.880001,561300,
TRQ,6.749994,6.759996,6.489999,6.529995,1464600,
TRS,33.240002,33.360001,32.53,33.099998,144800,
TRV,82.139999,83.720001,81.5,83.440002,2970800,
TRW,62.41,64.27,62.34,64.25,996700,
TRX,3.29,3.36,3.06,3.13,351600,
TS,42.16,42.549999,41.759998,42.099998,514000,
TSCO,113.139999,114.629997,112.040001,113.519997,737000,
TSL,5.87,5.93,5.65,5.7,2693100,
TSLA,98,102.900002,96.699997,102.040001,10711600,
TSM,18.82,18.85,18.65,18.690001,9081200,
TSN,25.200001,25.34,24.790001,25.049999,4174300,
TSO,59.27,59.490002,58.23,58.68,1748800,
TSPT,2.98,3.06,2.93,3.03,57600,
TSRA,20.59,21.02,20.389999,20.93,235800,
TSRX,8.24,8.44,8.161,8.32,1071100,
TSS,23.280001,23.540001,23.25,23.43,976000,
TSU,18.65,19.110001,18.540001,18.790001,551700,
TSYS,2.29,2.31,2.2,2.26,164100,
TTC,46.669998,47.139999,45.599998,47.040001,396200,
TTEC,23.84,23.870001,23.620001,23.809999,167300,
TTEK,27.1,27.1,26.58,26.9,141700,
TTI,10.86,11.05,10.8,10.98,543100,
TTM,26.76,26.76,26.219999,26.440001,1618100,
TTMI,8.09,8.17,8.03,8.16,132900,
TTS,27.48,28.879999,27.43,28.780001,609100,
TTT,19.120001,19.6,18.860001,19.6,47700,
TTWO,16.43,17.200001,16.209999,16.98,2930900,
TU,33.990002,34.200001,33.639999,34.040001,165200,
TUES,9.08,9.08,8.84,9,295700,
TUMI,24.360001,24.389999,23.799999,24.32,145000,
TUP,81.82,82.970001,81.309998,82.870003,397400,
TV,24.280001,24.549999,23.940001,24.059999,1968900,
TVL,2.93,2.95,2.93,2.95,0,
TW,76.339996,76.769997,75.919998,76.599998,111100,
TWC,95.440002,95.550003,94.419998,94.93,1480600,
TWER,2.47,2.47,2.33,2.37,7300,
TWGP,19.59,19.84,19.44,19.75,133900,
TWI,22.27,22.4,19.43,20.709999,3509400,
TWIN,24.59,25.139999,24.389999,24.690001,18100,
TWM,17.879999,18.110001,17.690001,17.790001,601600,
TWO,11.06,11.1,10.83,10.98,5619300,
TWTC,28.5,28.78,28.33,28.74,849800,
TWX,58,58.810002,57.620004,58.770004,3514400,
TX,23.719999,24.059999,23.379999,23.76,67500,
TXCC,0.5,0.5,0.47,0.47,123500,
TXI,67.6,68.28,65.87,66.85,232000,
TXN,35.98,36.25,35.66,36.18,5828200,
TXRH,23.299999,24.559999,23.129999,24.33,586800,
TXT,26.620001,27.18,26.48,26.92,2628300,
TYC,33.89,34.819998,33.789999,34.279998,2995900,
TYD,40.990002,40.990002,40.84,40.849998,900,
TYL,69.779999,69.949997,69.269997,69.720001,210500,
TYO,23.35,23.549999,23.299999,23.549999,15700,
TYPE,23.49,23.67,23.299999,23.559999,87500,
TZA,31.57,32.18,31.049999,31.33,4283400,
TZOO,27.709999,27.969999,27.34,27.57,89500,
UA,59.73,60.330002,59,59.82,6784800,
UAL,31.309999,32.959999,31.299999,32.939999,5691000,
UAM,9.22,9.35,9.17,9.33,44800,
UAN,24.26,24.65,24.25,24.639999,325100,
UBA,21.309999,21.34,20.85,21.110001,43600,
UBNT,15.86,16.15,15.76,16.02,432200,
UBS,17.84,18.21,17.73,18.16,1427700,
UBSI,26,26,25.59,25.889999,123500,
UBT,62.310001,63,61.400002,61.400002,24700,
UCO,28.9,30.379999,28.75,30.210001,518300,
UCTT,5.71,5.94,5.54,5.88,234400,
UDN,26.549999,26.57,26.49,26.540001,60000,
UDOW,85.300003,87.550003,84.730003,87.279999,805400,
UDR,24.65,24.709999,24.08,24.49,1504100,
UEC,2.11,2.13,2.01,2.06,662000,
UEPS,7.12,7.14,7.04,7.08,69300,
UFCS,28.85,28.85,28.17,28.299999,33100,
UFI,20.389999,20.49,19.780001,19.93,59100,
UFPI,39.919998,40.060001,38.509998,39.669998,97600,
UFS,70.889999,71.940002,70.860001,71.559998,596200,
UGA,56.459999,57.450001,56.459999,57.240002,13200,
UGI,38.339999,38.819999,38.209994,38.73,1156200,
UGL,56.91,57.27,56.130001,56.169998,145500,
UGP,24.540001,24.870001,24.309999,24.379999,312000,
UHAL,172.919998,174.710007,171,171.899994,27900,
UHS,68.959999,70,68.940002,69.93,503900,
UIL,39.16,39.599998,39.060001,39.330002,192400,
UIS,20.34,20.809999,20.209999,20.74,431100,
UL,41.23,41.950001,41.200001,41.830002,751100,
ULE,24.51,24.51,23.940001,24.23,14100,
ULTA,87.160004,87.760002,85.510002,85.650002,938900,
ULTI,114.730003,114.730003,112.129997,113.440002,161400,
UMBF,52.860001,52.860001,52.349998,52.68,71900,
UMC,2.15,2.2,2.15,2.19,767400,
UMDD,127.75,129.770004,125.309998,129.770004,230000,
UMPQ,14.25,14.25,14.07,14.23,627700,
UN,40.150002,40.880001,40.150002,40.689999,1653000,
UNFI,52.279999,52.75,51.810001,51.93,322900,
UNG,20.440001,20.549999,20.4,20.43,2085900,
UNH,62.27,62.93,61.700001,62.57,5214700,
UNIS,3.54,3.58,3.4,3.43,77900,
UNL,18.34,18.379999,18.34,18.360001,10400,
UNM,28.33,28.790001,28.09,28.75,1894200,
UNP,156,159.210007,155.380005,158.130005,4727000,
UNS,46.84,47.07,45.93,46.65,166600,
UNT,45.049999,45.630001,44.82,45.360001,91100,
UNTD,6.820025,6.840024,6.740026,6.780026,621400,
UNXL,17.040001,18.67,17.040001,18.139999,2590200,
UPI,2.3,2.48,2.26,2.43,210100,
UPL,22.17,22.35,21.969999,22.27,3038300,
UPRO,132.669998,135.259995,130.910004,134.889999,26092000,
UPS,85.209999,86.5,85.099998,86.370003,4231900,
UQM,0.91,0.93,0.86,0.87,70000,
URA,18.450001,18.48,18.26,18.389999,23200,
URBN,42.240002,42.639999,42.02,42.580002,999400,
URE,78.790001,78.900002,76.169998,78.129997,208100,
URI,51.27,52.880001,50.349998,51.849998,2280000,
URRE,2.579999,2.619999,2.559999,2.569999,5000,
URS,47.37,47.79,47,47.72,253000,
URTY,109.239998,110.919998,107.260002,110.019997,573400,
URZ,1.33,1.34,1.31,1.33,203900,
USAC,20.84,21.25,20.68,21.17,39300,
USB,35.549999,35.91,35.41,35.869999,10408700,
USD,41.560001,42.919998,41.560001,42.66,17300,
USEG,1.900004,1.950004,1.890004,1.920004,15300,
USG,25.1,25.120001,24.309999,24.950001,1212600,
USL,39.389999,40.5,39.389999,40.380001,28400,
USM,34.669998,34.669998,33.07,33.48,200400,
USMO,13.91,13.94,13.57,13.58,49800,
USNA,67.160004,68.660004,66.970001,68.059998,38800,
USO,33.400002,34.240002,33.299999,34.16,6812500,
UST,55.02,55.259998,54.59,54.619999,52400,
USTR,33.85,34.05,33.51,33.72,168800,
USU,0.33,0.36,0.33,0.34,13500,
UTEK,36.619999,37.099998,36.099998,36.130001,328000,
UTHR,65.050003,67.120003,65.050003,67,445100,
UTI,11.6,11.63,11.45,11.53,32100,
UTIW,15.21,15.43,15.02,15.41,621400,
UTSI,2.82,2.83,2.77,2.79,24100,
UTX,93.720001,94.620003,91.779999,94.5,4810000,
UUP,22.17,22.209999,22.129999,22.16,1114000,
UVE,7.02,7.1,6.96,6.99,294100,
UVV,59.720001,60.18,59.18,59.57,100200,
UVXY,6.48,6.68,6.22,6.25,800,
UWM,61.139999,61.790001,60.380001,61.419998,754200,
UXI,72.949997,73.120005,72.67,72.67,7200,
UYG,95.529999,97.309998,94.669998,97.059998,875600,
UYM,38.580002,38.779999,37.93,38.619999,100100,
V,180.649994,181,179.550003,179.940002,13899200,
VAC,42.990002,44.16,42.619999,43.560001,228000,
VAL,69.779999,70.610001,69.5,70.410004,272200,
VALE,14.62,14.79,14.4,14.51,14308400,
VALE.P,13.75,13.92,13.51,13.6,4444500,
VAR,68.519997,69.660004,68.379997,69.550003,522100,
VASC,15.45,15.45,15.15,15.19,32100,
VAW,89.830002,90.25,89.330002,90.050003,42200,
VB,94.379997,94.900002,93.809998,94.75,383200,
VBK,103.389999,104.160004,102.82,104.010002,87400,
VBR,84.419998,84.800003,83.889999,84.690002,139800,
VC,62.599998,63.939999,62.240002,63.43,403100,
VCBI,13.5,13.65,13.45,13.56,40300,
VCI,25.91,26.32,25.82,26.28,260800,
VCIT,85.709999,85.839996,85.419998,85.529999,277600,
VCLK,25.11,25.34,24.72,25.2,1088900,
VCLT,87.199997,87.610001,86.830002,86.989998,84900,
VCR,90.43,91.5,90.239998,91.43,124700,
VCRA,14.77,15,14.56,14.97,188000,
VDC,102.769997,103.900002,102.769997,103.639999,115100,
VDE,115.150002,116.019997,114.720001,115.980003,85000,
VDSI,8.48,8.49,8.28,8.42,30100,
VE,12.39,12.52,12.31,12.39,127900,
VEA,36.919998,37.34,36.790001,37.32,3204300,
VECO,40.009998,40.330002,39.610001,39.990002,367300,
VELT,1.79,1.82,1.7,1.73,791700,
VEU,46.119999,46.59,46,46.580002,607300,
VFC,185,187.339996,175.75,187.169998,2067200,
VFH,40.57,40.900002,40.330002,40.849998,341700,
VG,2.74,2.85,2.72,2.85,923700,
VGK,51.299999,51.790001,51.099998,51.68,1799500,
VGR,16.450057,16.500056,16.260051,16.430057,421500,
VGT,75.779999,76.440002,75.5,76.419998,158200,
VGZ,1.47,1.49,1.42,1.44,413900,
VHC,23.809999,24.790001,23.59,24.76,563900,
VHS,13.07,13.38,12.94,13.19,765700,
VHT,87.169998,87.910004,87.169998,87.610001,118900,
VIAB,66.730003,68.050003,66.32,67.809998,2610800,
VICL,3.06,3.2,2.98,3.19,157100,
VICR,5.53,5.54,5.42,5.45,54900,
VIG,67.709999,68.190002,67.529999,68.129997,1223500,
VIIX,10.47,10.61,10.26,10.27,162100,
VIP,9.67,9.92,9.66,9.91,1475300,
VIPS,29.21,30.16,28.91,29.94,4721000,
VIS,82.169998,83.25,82.059998,83.18,127700,
VIV,24.85,25.07,24.610001,24.969999,723000,
VIVO,20.879999,21.48,20.75,21.379999,98200,
VIX,15.9,16.209999,14.96,15.14,0,
VIXM,26.18,26.33,25.940001,26.110001,15000,
VIXY,10.45,10.6,10.24,10.26,22900,
VLCCF,6.98,6.98,6.43,6.54,379500,
VLO,39.439999,40,39.220001,39.57,4513400,
VLTR,14.1,14.208,13.88,14.04,135500,
VLY,9.2,9.26,9.07,9.18,649000,
VMC,52.110001,52.529999,51.25,52.189999,368800,
VMED,50.03,51.09,49.49,51,10033900,
VMI,145.559998,146.610001,144.800003,146.350006,158100,
VMW,69.410004,71.830002,69.160004,71.269997,2740200,
VNDA,9.2,9.98,9,9.91,1309800,
VNET,9.84,10.9,9.83,10.87,636400,
VNO,80.590002,81.949997,80.329997,81.489992,2046700,
VNQ,70.949997,71.129997,69.75,70.739998,3588900,
VNQI,55.060001,55.369999,54.540001,55.360001,161600,
VNR,27.73,28.23,27.719999,28.120001,468700,
VNTV,26.68,26.959999,26.440001,26.65,461100,
VO,96.110001,96.650002,95.389999,96.57,245900,
VOC,13.36,13.43,13.07,13.36,26400,
VOCS,9.13,9.275,8.9501,9.25,349200,
VOD,29.700001,29.910003,29.62,29.659995,9467800,
VOE,69.480003,69.75,69,69.699997,126200,
VOLC,18.63,18.63,18.38,18.61,653500,
VOO,75.040001,75.529999,74.709999,75.470001,1464600,
VOT,78.830002,79.449997,78.480003,79.389999,104400,
VOX,78.300003,78.5,77.980003,78.269997,33000,
VOXX,11.09,11.39,10.93,11.35,116000,
VOYA,27.08,28.07,27.02,28.059999,636200,
VPFG,18.8,19.1,18.75,19.06,127700,
VPG,15.4,15.6,15.09,15.23,22500,
VPHM,27.27,27.5,26.87,27.19,438800,
VPL,55.5,56.560001,55.380001,56.450001,413800,
VPRT,47.53,48.26,46.97,47.76,364800,
VPU,82.57,83.150002,82.099998,82.879997,104600,
VR,36.5,36.810001,36.450001,36.669998,886000,
VRA,21,21,20.08,20.290001,1039600,
VRML,2.76,2.84,2.69,2.76,209200,
VRNG,3.04,3.07,2.93,3,82800,
VRNM,2.31,2.35,2.25,2.31,12100,
VRNT,35.529999,35.639999,34.700001,35.380001,426600,
VRS,1.15,1.15,1.12,1.12,6500,
VRSK,58.68,59.310001,58.23,59.18,368100,
VRSN,45.830002,46.32,45.509998,46.200001,1412400,
VRTU,23.75,23.98,23.5,23.889999,137000,
VRTX,77.989998,84.720001,77.970001,82.809998,3126500,
VRX,85.300003,86.529999,84.870003,85.589996,1284600,
VSAT,70.25,71,69.5,70.860001,125900,
VSH,14.33,14.62,14.2,14.57,1933100,
VSI,45.169998,46.119999,45.040001,46,397900,
VSS,93.699997,94.169998,93.260002,93.870003,27000,
VT,53.16,53.549999,53.009998,53.529999,96600,
VTI,84.349998,84.900002,83.970001,84.830002,2391500,
VTR,71.580002,71.790001,70.230003,71.25,1597300,
VTSS,2.22,2.325,2.22,2.29,46500,
VTUS,2.52,2.58,2.46,2.57,181000,
VTV,68.970001,69.459999,68.790001,69.379997,375100,
VUG,79.809998,80.489998,79.629997,80.410004,442700,
VV,74.889999,75.410004,74.57,75.400002,156600,
VVC,33.869999,34.150002,33.630001,33.98,186600,
VVI,26.059999,26.120001,25.42,25.879999,26700,
VVTV,4.95,4.97,4.84,4.89,155200,
VVUS,14.14,14.38,14.02,14.26,721700,
VWO,41.09,41.389999,40.860001,41.110001,14339100,
VXEEM,25.47,25.48,23.34,24.32,0,
VXEWZ,29.01,29.12,27.76,28.48,0,
VXF,70.349998,70.82,69.910004,70.699997,145400,
VXUS,47.73,48.060001,47.459999,48.02,170700,
VXX,19.370001,19.67,18.969999,19.040001,3932600,
VXZ,21.389999,21.469999,21.110001,21.299999,130400,
VYM,57.400002,57.700001,57.200001,57.66,462300,
VZ,50.169998,50.310001,49.77,50.240002,12000100,
WAB,109.849998,111.940002,109.660004,111.029999,541200,
WABC,45.5,45.669998,45.009998,45.52,112400,
WAC,36.41,36.610001,35.220001,36.599998,791000,
WAFD,17.219999,17.280001,17.040001,17.23,339700,
WAG,48.68,49.505,48.55,49.42,4579144,
WAGE,29.07,29.84,28.75,29.799999,87400,
WAIR,18.129999,18.41,17.879999,18.24,340200,
WAL,14.36,14.61,14.26,14.54,173600,
WAT,97.970001,98.440002,97.360001,98.379997,559300,
WBC,75.230003,76.580002,74.43,75.639999,567800,
WBMD,29.200001,30.16,28.99,29.99,258400,
WBS,23.77,23.92,23.51,23.780001,964400,
WBSN,24.73,24.75,24.69,24.7,592400,
WCC,71.75,72.269997,71.139999,71.779999,341700,
WCG,52,53.009998,51.77,52.650002,395000,
WCN,38.950001,39.610001,38.139999,39.549999,649800,
WCRX,19.09,19.55,18.96,19.52,4509000,
WD,18.34,18.34,18.18,18.24,82500,
WDAY,62.869999,66.169998,62.869999,65.459999,875700,
WDC,64.07,64.370003,63.349998,64.150002,1303300,
WDFC,56.360001,56.490002,55.950001,56.330002,15600,
WDR,46.18,47.040001,45.759998,46.939999,475100,
WEAT,18.700001,18.74,18.440001,18.639999,44900,
WEC,41,41.43,40.799999,41.259998,837200,
WEN,5.77,5.9,5.7,5.87,3459300,
WERN,24.5,24.9,24.309999,24.84,549000,
WES,58.349998,59.439999,58.060001,59.349998,85600,
WETF,11.92,12.55,11.73,12.26,2941500,
WEX,74.699997,75.870003,74.330002,75.480003,112600,
WFC,41.23,41.380001,40.810001,41.25,23459300,
WFM,51.169998,51.82,51.080002,51.509998,2209100,
WFT,13.95,14.18,13.76,14.12,8300800,
WG,6.78,6.95,6.58,6.94,394700,
WGL,43.349998,43.619999,42.77,43.240002,130800,
WGO,20.27,21.17,20.17,20.889999,348700,
WHR,123.489998,125.18,120.43,124.550003,528300,
WHX,2.36,2.36,2.36,2.36,0,
WHZ,13.39,13.7,13.25,13.62,142400,
WIBC,6.69,6.7,6.62,6.69,134600,
WIFI,6.87,6.96,6.76,6.8,184100,
WILN,4.06,4.22,4.06,4.22,5300,
WIN,7.98,8.02,7.84,7.89,6252087,
WIRE,33.970001,34.389999,33.52,33.93,30900,
WIT,7.55,7.6,7.49,7.57,241100,
WLB,12.17,12.17,11.87,12.04,11100,
WLH,24.42,24.75,23.448,24.6,374700,
WLK,93.489998,95.379997,92.389999,94.080002,538200,
WLL,46.599998,47.32,45.91,46.939999,768400,
WLP,76.9,77.87,76.59,77.39,1439500,
WLT,16.08,16.24,15.15,15.22,11104200,
WM,39.700001,40.52,38.82,40.470001,5462600,
WMAR,11.49,11.7,11.39,11.66,18700,
WMB,34.98,35.32,34.91,35.23,6363300,
WMC,18.68,18.82,18.299999,18.42,734300,
WMGI,15.63,15.73,15.48,15.69,23100,
WMS,25.4,25.43,25.31,25.36,368800,
WMT,76.379997,76.870003,76.190002,76.330002,8347200,
WNC,10.18,10.23,10.05,10.17,483100,
WNR,32,32.290001,31.200001,31.27,1837600,
WOOF,26.309999,26.639999,26.23,26.459999,757800,
WOR,34.080002,34.240002,33.509998,33.75,333100,
WPC,66.199997,66.599998,64.639999,65.540001,255200,
WPP,11.76,11.85,11.55,11.62,149000,
WPPGY,85.489998,86.699997,85.120003,86.599998,28000,
WPRT,30.15,30.68,30.040001,30.530001,431800,
WPX,19.02,19.4,18.91,19.299999,1762100,
WPZ,43.72,44.350001,43.300002,44.159996,248800,
WR,31.190001,31.49,31.07,31.440001,775200,
WRB,41.34,41.57,40.84,41.52,938900,
WRE,27.34,27.4,26.93,27.370001,336800,
WRES,2.91,2.93,2.88,2.91,169300,
WRI,32.599998,32.720001,32.009998,32.400002,1156200,
WRLD,94.599998,94.919998,93.550003,93.910004,68000,
WRLS,12.58,12.58,12.56,12.57,111700,
WSH,39.439999,39.68,39.139999,39.66,737200,
WSM,53.259998,54.150002,53.099998,54.049999,681000,
WSO,85.410004,85.75,84.43,85.419998,94500,
WSR,16.65,16.700001,16.17,16.469999,71100,
WST,65.660004,67.440002,63.66,66.970001,254800,
WSTC,22.299999,22.9,21.889999,22.85,45100,
WTFC,37.009998,37.48,36.860001,37.369999,303500,
WTI,14.97,15.35,14.7,15.08,397900,
WTR,30.840001,30.999999,30.599999,30.99,818600,
WTS,47.419998,47.869999,47.349998,47.619999,144100,
WTSL,4.95,5.03,4.91,4.98,1008900,
WTW,44.91,45.66,44.91,45.34,192900,
WU,16.52,16.690001,16.440001,16.65,3006900,
WWAV,17.27,17.67,16.92,17.540001,3184300,
WWD,40.029999,40.98,39.900002,40.860001,306600,
WWE,9.72,9.86,9.65,9.83,133200,
WWW,51.91,52.580002,51.740002,52.549999,479000,
WWWW,21.73,22.85,21.540001,22.549999,687000,
WX,20.91,20.950001,20.780001,20.9,338600,
WY,29.16,29.26,28.67,29.030001,4136400,
WYN,58.049999,59.02,57.849998,58.32,1446400,
WYNN,135.770004,138.100006,135.190002,137.5,1104600,
X,17.42,17.610001,17.23,17.35,5304200,
XAU,108.76,108.76,104.77,105.62,0,
XBI,108.799999,110.57,108.75,110.430004,558600,
XCO,8.150005,8.289998,8.070005,8.289998,2278600,
XDA,95.13,95.74,94.29,94.98,0,
XDB,155.71,156.04,154.89,155.59,0,
XDC,0.459,0.459,0.459,0.459,0,
XDE,132.57,132.85,131.92,132.19,0,
XDN,104.49,105.26,102.28,102.51,0,
XDS,107.92,108.11,106.68,106.84,0,
XEC,72.93,75.339996,72.779999,75.150002,783900,
XEL,29,29.23,28.85,29.15,7962100,
XEO,732.130005,741.080017,732.130005,740.599976,0,
XES,40.049999,40.279999,39.720001,40.27,53400,
XHB,30.4,30.73,30.09,30.51,6357500,
XIDE,0.25,0.27,0.2,0.2,20404100,
XIN,4.39,4.55,4.39,4.54,586600,
XL,31.219999,31.459999,31.049999,31.309999,2239900,
XLB,39.919998,40.23,39.77,40.18,9937700,
XLE,80.830002,81.379997,80.360001,81.309998,10582000,
XLF,19.74,19.999999,19.679999,19.969997,65529300,
XLI,43.34,43.810001,43.169998,43.790001,14067500,
XLK,31.6,31.76,31.440001,31.73,6511400,
XLNX,40.07,40.669998,39.75,40.599998,3385500,
XLP,40.389999,40.849998,40.389999,40.68,18700800,
XLS,12.39999,12.48,12.27,12.36,919900,
XLU,37.68,38.18,37.650002,37.970001,15375300,
XLV,48.299999,48.759998,48.290001,48.5,7663500,
XLY,56.150002,56.860001,56.029999,56.84,4755900,
XME,37.049999,37.18,36.439999,36.77,2770900,
XNPT,5.12,5.37,4.93,5.37,643100,
XOM,90.889999,91.5,90.489998,91.449997,12504700,
XOMA,4.13,4.16,4,4.12,525400,
XOOM,18.620001,19.030001,18.620001,18.709999,89400,
XOP,60.810001,61.549999,60.450001,61.419998,2936500,
XOXO,10.69,10.77,10.61,10.72,24700,
XPO,16.85,17.18,16.799999,16.99,59900,
XPP,48.049999,48.73,47.34,48.07,25600,
XRA,0.89,0.89,0.82,0.84,95100,
XRAY,41.290001,41.599998,41.16,41.41,883300,
XRM,9.47,9.75,9.37,9.46,70100,
XRS,10.46,10.72,10.45,10.65,59100,
XRT,77.709999,78.459999,77.610001,78.32,6086400,
XRTX,10.29,10.49,10.29,10.43,29600,
XRX,8.84,9.18,8.78,9.17,9852300,
XSD,53.84,53.84,53.380001,53.810001,7600,
XSP,162.53,164.44,162.53,164.34,0,
XTEX,20.33,20.87,20.08,20.75,345200,
XTXI,19.18,19.59,19.12,19.44,138100,
XUE,2.89,2.95,2.87,2.89,182600,
XXIA,16.120001,16.450001,16.02,16.120001,584500,
XYL,27.48,27.799999,27.33,27.549999,866300,
YANG,48.19,48.19,46.849998,46.880003,1200,
YAO,23.83,23.940001,23.780001,23.790001,7900,
YCL,22.25,22.26,21.809999,21.93,4500,
YCS,61.639999,62.639999,61.27,62.220001,1437200,
YELP,29,30.18,28.719999,30.110001,878200,
YGE,2.89,2.89,2.73,2.83,234600,
YHOO,26.389999,27.09,26.280001,27.040001,16948700,
YINN,16.940001,17.77,16.9,17.709999,126000,
YNDX,26.6,27.120001,26.030001,27.08,1779300,
YOKU,20.879999,21.120001,20.66,20.950001,1665700,
YONG,5.32,5.32,5.32,5.32,0,
YPF,14.75,15.17,14.51,15.17,653500,
YRCW,19.209999,19.75,18.73,19.639999,194800,
YUK,95.639999,97.75,95.18,97.540001,0,
YUM,72.240002,73.640001,72.120001,73.520001,7818300,
YZC,10.07,10.2,10,10.13,392800,
Z,53.919998,54.169998,51.91,53.619999,306700,
ZAGG,5.11,5.24,5.08,5.17,684500,
ZAZA,1.41,1.48,1.39,1.4,73800,
ZBRA,45.560001,45.66,45.139999,45.48,102500,
ZEP,16.51,16.51,16.129999,16.24,19000,
ZEUS,25.82,25.92,25.030001,25.709999,93900,
ZINC,11.98,12.17,11.74,11.95,449300,
ZION,27.190001,27.41,26.889999,27.370001,1191000,
ZIOP,1.97,1.98,1.88,1.97,962700,
ZIXI,3.97,4.04,3.92,4.03,164400,
ZLC,8.25,8.47,8.16,8.38,1160200,
ZLTQ,5.19,5.35,5.05,5.32,65700,
ZMH,78.68,79.089996,78.129997,78.730003,556000,
ZN,1.53,1.66,1.53,1.55,43800,
ZNGA,2.78,2.85,2.76,2.84,17713600,
ZNH,22.35,22.629999,22.280001,22.629999,9100,
ZOLT,13.22,13.45,12.94,13.03,144900,
ZQK,6.79,6.88,6.51,6.83,9579600,
ZROZ,99.809998,100.449997,98.230003,98.5,28400,
ZSL,83.279999,86.279999,82.010002,86.139999,1376000,
ZTS,32.259998,32.34,31.209999,31.5,5134200,
ZUMZ,30.700001,31.450001,30.450001,31.34,362600,
ZX,2.63,2.68,2.61,2.68,13200,
ABCB,16.450001,16.540001,16.290001,16.360001,48100,
ACCL,8.48,8.49,8.23,8.26,232300,
ACPW,4.4,4.43,4.3,4.43,53700,
ACWX,42.619999,42.939999,42.450001,42.919998,129600,
AKR,26.440001,26.639999,25.959999,26.4,415100,
AONEQ,0.0416,0.043,0.0385,0.04,3464600,
ARSD,7.69,7.78,7.62,7.71,17700,
ASTM,9.65,10.65,10.44,10.65,3000,
ASX,4.03,4.11,4.03,4.11,1083500,
ATEC,1.959999,1.979999,1.909999,1.909999,18600,
ATRC,9.16,9.16,8.95,9.04,32700,
AVNW,2.939999,2.939999,2.809999,2.929999,11000,
BFIN,8.59,8.59,8.42,8.52,20800,
BFR,4.08,4.19,4.05,4.08,19200,
BIL,45.790001,45.810001,45.790001,45.810001,550000,
BIN,22.280001,22.440001,22.1,22.43,89300,
BKEP,8.58,8.62,8.35,8.36,20700,
BRB,213.039993,215.25,212.490005,213.210007,0,
BSQR,2.75,2.75,2.7,2.71,52100,
CBRX,0.66,0.66,0.64,0.64,19600,
CERP,0.02,0.02,0.02,0.02,9491100,
CHGS,0.189,0.189,0.1887,0.189,1800,
CIR,50.939999,51.669998,50.689999,51.41,29600,
CIU,109.730003,109.800003,109.330002,109.339996,331400,
CLUB,11.04,11.04,10.75,10.79,31700,
CMLS,3.65,3.66,3.58,3.6,166300,
CNDA,21.25,21.25,21.25,21.25,0,
COBZ,8.65,8.69,8.54,8.55,108900,
COOL,0.600012,0.620012,0.600012,0.610012,2600,
CRAI,18.75,18.75,18.469999,18.68,9200,
CRDC,1.24,1.25,1.22,1.25,7300,
CREG,0.99,0.99,0.98,0.98,1000,
CROP,26.120001,26.18,26.120001,26.18,3200,
CSFL,9.3,9.39,9.06,9.11,42500,
CSHZ,0.07,0.09,0.07,0.08,84500,
CSJ,105.349998,105.440002,105.260002,105.32,1083800,
CWB,43.23,43.419998,42.98,43.259998,186200,
DCOM,14.73,14.82,14.49,14.78,92000,
DGT,60.5,61,60.5,61,1800,
DQ,7.02,7.54,6.86,6.98,65900,
DRCO,4.93,5.07,4.8924,5.07,12000,
EGI,0.38,0.38,0.37,0.38,104500,
ELS,78.639999,79.480003,77.839996,79.309998,576200,
EUFX,37.360001,37.360001,37.360001,37.360001,2500,
FCBC,15.19,15.37,15.01,15.18,17700,
FCF,7.29,7.31,7.21,7.28,197500,
FDML,9.63,9.78,9.53,9.6,178100,
FELE,34.599998,34.849998,34.099998,34.470001,154500,
FMD,1.24,1.24,1.19,1.23,41600,
FOL,3.14,3.14,3.14,3.14,0,
FORX,48.400002,48.450001,48.110001,48.220001,23000,
FSCI,41.26,41.28,41.14,41.16,9800,
FTC,34.860001,35.18,34.799999,35.18,14100,
GBLI,23.07,23.09,22.73,23.030001,7100,
GGAL,5.67,5.76,5.67,5.76,61400,
GIB,30.34,31.219999,30.25,30.85,123800,
GLCH,14.18,14.25,13.82,14.09,21400,
GLDI,16.76,16.76,16.610001,16.610001,5600,
GLDX,17.08,17.129999,16.5,16.5,28700,
GMXRQ,0.22,0.23,0.21,0.21,6400,
GSE,1.35,1.35,1.35,1.35,0,
GSIG,8.24,8.36,8.16,8.25,374600,
GSIT,5.76,6.05,5.7,6,41900,
GTS,21.309999,22.18,21.16,21.68,170800,
GUNR,33.700001,33.700001,33.43,33.57,197300,
GWX,29.49,29.799999,29.459999,29.77,81600,
HCKT,4.83,5.17,4.82,5.15,51900,
HDNG,14.12,14.36,13.95,13.96,53200,
HDSN,3.52,3.52,3.3965,3.49,48913,
HGR,32.119999,32.209999,31.67,31.84,107700,
HSON,2.58,2.6,2.49,2.5,147500,
IBCA,6.35,6.37,6.23,6.26,31600,
ICFI,30.690001,30.690001,29.75,30.379999,47400,
IEFA,53.349998,53.970001,53.23,53.959999,70100,
INOD,3.16,3.2,3.09,3.12,27600,
IPCC,57.700001,57.860001,56.75,57.290001,43900,
ISIG,2,2,1.97,1.97,2400,
KIPO,6.56,6.75,6.56,6.61,27000,
KITDQ,0.44,0.45,0.41,0.44,231800,
KMPR,34.240002,34.650002,34.049999,34.540001,132800,
LDL,14.63,14.65,14.45,14.49,40200,
LEDR,10.68,10.74,10.57,10.7,323200,
LEDS,1.64,1.75,1.61,1.71,105500,
LOJN,3.36,3.42,3.29,3.36,1900,
LPTN,5.000002,5.050002,4.800001,4.840002,900,
LYTS,7.97,8.16,7.88,8.14,24700,
MCS,12.86,12.87,12.75,12.8,25800,
MGRC,33.32,33.32,32.73,32.970001,95300,
MPX,7.67,7.67,7.37,7.48,12800,
NEWN,0.18,0.18,0.18,0.18,0,
NJR,45.700001,45.779999,45.169998,45.400002,311000,
NPBC,9.99,10.04,9.85,9.96,352500,
NZD,125.720001,127.230003,124.769997,126.779999,0,
PPBI,11.7,11.77,11.6,11.6,17400,
PRGX,5.44,5.48,5.37,5.47,26800,
PRO,29.940001,29.940001,28.370001,28.690001,163700,
PWAVQ,0.012,0.013,0.01,0.013,687700,
QRM,0.48,0.4998,0.46,0.498,93800,
QTEC,29.15,29.440001,29.01,29.440001,26900,
RNWK,7.38,7.38,7.29,7.37,35200,
RPT,15.47,15.57,15.32,15.56,287900,
RWL,31.82,32.060001,31.82,32.060001,12400,
SBLK,5.83,5.83,5.75,5.8,700,
SCMR,0.44,0.44,0.43,0.44,93100,
SIGI,23.110001,23.4,22.879999,23.32,127000,
SIJ,20.719999,20.719999,20.719999,20.719999,0,
SKA,65.459999,65.889999,65.379997,65.57,0,
SMCI,10.88,10.95,10.7,10.87,75700,
SMTX,2.01,2.03,1.91,1.99,28800,
SNBC,3.23,3.23,3.14,3.18,11000,
SOCL,14.38,14.38,14.38,14.38,300,
STAN,21.56,21.59,21,21.47,83000,
STL,9.5,9.52,9.38,9.42,45000,
STNR,52.490002,52.759998,52,52.290001,25900,
SWS,5.84,5.8654,5.75,5.8,30500,
SYMX,0.89,0.9,0.87,0.87,83300,
SYPR,3.17,3.18,3.06,3.07,33100,
TACT,7.98,8.14,7.98,8.02,1600,
TFI,23.610001,23.639999,23.57,23.58,166700,
TGE,7.3,7.3,7.3,7.3,0,
THR,19.84,20.84,19.780001,20.780001,451500,
TMS,15.28,15.395,15.15,15.33,19900,
TPI,0.55,0.56,0.55,0.56,4700,
TRNO,19.17,19.280001,18.77,18.98,95800,
TRST,5.57,5.58,5.51,5.58,134600,
TSTC,0.3,0.3,0.2,0.3,23200,
UAMY,1.23,1.23,1.16,1.19,59700,
UBNK,13.39,13.4,13.27,13.36,35400,
UCBI,11.92,12.05,11.78,11.93,93500,
ULBI,3.53,3.82,3.53,3.72,12400,
USMV,32.98,33.150002,32.939999,33.139999,272500,
USPH,29.290001,29.51,28.559999,29.120001,26500,
UTY,0.025,0.025,0.015,0.015,19400,
WAVX,0.46,0.46,0.42,0.44,8000,
WFR,6.01,6.01,6.01,6.01,0,
WWAV.B,16.29,16.77,16.07,16.62,2766500,
XDZ,79.67,80.16,78.59,78.89,0,
ZOOM,0.4,0.4,0.37,0.37,2300,