symbol,open,high,low,close,volume,adjust_close
A,43.110001,43.110001,41.850001,42.319999,8818400,
AA,8.039992,8.079991,7.969992,8.019991,13145500,
AAMRQ,4.55,4.58,4.25,4.26,5385900,
AAN,28.200001,28.299999,27.76,28.17,449500,
AAON,32.129999,32.579999,31.5,32.150002,243600,
AAP,83.690002,83.800003,82.730003,82.879997,704100,
AAPL,419.300011,425.980003,415.17001,416.840008,89327700,
AAT,30.76,30.809999,29.719999,29.879999,118500,
AAU,1.51,1.54,1.31,1.35,483700,
AAV,4.2,4.2,3.99,4.05,434600,
AAWW,45.610001,46,44.689999,45.169998,232400,
AAXJ,53.82,53.939999,52.119999,52.490002,1364500,
AB,23.620001,23.709999,22.34,22.870001,766900,
ABAX,45.299999,46.389999,44.849998,45.380001,110800,
ABB,21.870001,21.879999,21.41,21.5,2475000,
ABBV,42.650002,42.779999,40.91,41.060001,7474900,
ABC,55.470001,55.610001,54.009998,54.139999,3015200,
ABCO,53.279999,54.57,52.84,53.200001,176900,
ABFS,19.28,19.35,18.77,18.8,396500,
ABG,39.360001,39.360001,38.279999,38.700001,277700,
ABM,24.049999,24.379999,23.84,24.190001,198300,
ABMD,21.85,22.120001,21.41,21.610001,359600,
ABR,6.42,6.48,6.16,6.26,238600,
ABT,36.07,36.09,35.07,35.169998,8336800,
ABV,34.27,34.47,33.45,33.73,41674800,
ABX,17.209999,17.24,16.309999,16.6,32680800,
ACAD,17.77,18.200001,17.49,17.77,2997700,
ACAS,12.77,12.79,12.23,12.31,4049000,
ACAT,47.689999,48.080002,46.959999,46.970001,95800,
ACC,38.48,38.529999,37.32,37.560001,947000,
ACCO,6.54,6.59,6.42,6.52,780400,
ACE,87.709999,88.080002,86.339996,86.480003,2775700,
ACET,12.65,12.87,12.65,12.78,75600,
ACFN,8.37,8.48,8.18,8.4,123900,
ACGL,50.93,51.32,50.720001,50.720001,548600,
ACH,7.92,7.96,7.65,7.65,288300,
ACHC,34.389999,34.849998,33.810001,34.16,567700,
ACHN,8.04,8.04,7.72,7.9,893200,
ACI,4.03,4.16,3.91,3.96,1284700,
ACIW,44.45,45.129999,44.45,45,957000,
ACLS,1.72,1.76,1.65,1.7,214900,
ACM,31,31.120001,30.219999,30.280001,983300,
ACMP,46.34,46.76,45,46,325100,
ACN,81.110001,81.510002,79.370003,79.519997,2885900,
ACO,31.08,31.39,30.47,30.98,89300,
ACOR,34.439999,34.709999,32.470001,32.689999,360500,
ACRE,14.56,14.65,13.46,13.56,1481500,
ACRX,9.16,9.24,8.75,8.87,409300,
ACT,122.699997,123.230003,119.690002,120.220001,1624200,
ACTG,23.969999,24,23.33,23.6,613900,
ACTV,6.96,7.06,6.53,6.63,414100,
ACUR,2.04,2.05,2.01,2.02,332926,
ACW,4.88,5.29,4.86,5.02,311300,
ACWI,50.740002,50.740002,49.790001,49.919998,2294200,
ACXM,22.139999,22.65,22,22.059999,380300,
ADBE,45.279999,45.290001,44.450001,44.900002,5488700,
ADC,30.620001,30.620001,29.690001,29.83,108600,
ADES,38.12,39.26,36.86,37.78,141400,
ADI,45.599998,45.619999,44.59,44.669998,2047700,
ADM,32.990002,33.130001,32.599998,32.610001,3802400,
ADNC,13.68,13.68,13.22,13.32,111500,
ADP,68.440002,68.660004,68.080002,68.200005,2839400,
ADS,177.039993,177.869995,172.660004,173.089996,1060100,
ADSK,35.240002,35.43,34.490002,34.560001,2847300,
ADT,40.299999,40.299999,39.23,39.419998,3818800,
ADTN,24.110001,24.290001,23.700001,23.76,484300,
ADVS,33.82,34.540001,33.66,33.849998,234100,
ADY,7.38,7.38,7.35,7.36,35400,
AEC,15.95,15.95,15.4,15.49,1896500,
AEE,33.450001,33.52,32.580002,32.68,2029100,
AEG,6.73,6.81,6.66,6.7,1314400,
AEGN,22.360001,22.5,21.98,22.139999,149700,
AEGR,61.709999,61.869999,60.169998,61.450001,569400,
AEIS,17.299999,17.549999,17.01,17.290001,348800,
AEL,16.200001,16.33,15.97,16.15,711600,
AEM,27.1,27.27,26.02,26.469999,3735700,
AEO,18.450001,18.58,18.200001,18.27,4210300,
AEP,44.549999,44.549999,43.099998,43.189999,5732500,
AER,16.450001,16.610001,16.360001,16.5,418400,
AERL,3.53,3.53,3.3,3.42,488600,
AES,11.63,11.74,11.38,11.43,7258000,
AET,61.540001,61.91,60.68,60.82,2721100,
AF,10.21,10.34,10.18,10.28,880100,
AFAM,19.51,19.540001,19.32,19.469999,15700,
AFCE,34.78,35.01,34.04,34.21,137000,
AFFX,3.7,3.7,3.6,3.63,301700,
AFFY,1.08,1.08,1.03,1.07,445700,
AFG,48.220001,48.580002,47.880001,47.91,415200,
AFL,56.75,57.529999,56.720001,56.950001,2863700,
AFSI,35.619999,36.24,35.410002,35.61,847200,
AG,9.55,10.15,9.52,9.63,1886800,
AGCO,53.240002,53.27,52.119999,52.470001,651200,
AGEN,3.9,3.93,3.68,3.71,272600,
AGG,107.330002,107.529999,107.120003,107.209999,3057100,
AGII,41.320008,42.269996,41.230004,41.330005,105900,
AGM,28.360001,28.389999,26.870001,26.959999,35000,
AGN,122.699997,123.230003,119.690002,120.220001,1624200,
AGNC,24.129999,24.18,23.200001,23.4,19269400,
AGO,22.559999,22.610001,21.780001,22.190001,3243800,
AGQ,17.639999,18.139999,17.120001,17.129999,1303000,
AGRO,6.82,6.82,6.5,6.53,402300,
AGU,87.709999,88.68,85.769997,86.360001,731600,
AGX,16.780001,18.32,16.299999,16.4,65500,
AGYS,13.18,13.18,12.67,12.79,64000,
AH,19,19.4,18.7,18.8,404300,
AHGP,60.509998,61.889999,60.459999,61,31500,
AHH,11.25,11.3,11.13,11.13,203100,
AHL,36.700001,36.779999,36.330002,36.34,1000400,
AHS,13.97,14.07,13.7,13.99,263700,
AHT,13.009994,13.030002,12.330009,12.43999,2089100,
AI,27.51,27.559999,26.610001,26.92,343900,
AIG,44.57,45,44.02,44.27,21068600,
AIMC,26.24,26.530001,25.77,25.969999,81900,
AIN,33.139999,33.400002,32.950001,33.259998,111800,
AINV,7.71,7.85,7.56,7.62,3516200,
AIR,21.42,21.459999,21.110001,21.27,188000,
AIRM,37.259998,37.259998,36.650002,36.889999,256500,
AIT,47.799999,48.099998,47.43,47.689999,209600,
AIV,27.92,28,27.440001,27.559999,1825900,
AIXG,16.610001,16.75,16.42,16.51,136300,
AIZ,50.610001,51.119999,50.080002,50.220001,525300,
AJG,43.529999,43.639999,42.68,42.700001,864100,
AKAM,41.990002,42.48,41.119999,41.25,1769000,
AKG,2.2,2.22,2.05,2.07,195700,
AKRX,13.12,13.29,12.91,12.98,1036500,
AKS,3.41,3.48,3.32,3.4,6068200,
AL,27.85,27.85,26.959999,26.99,391900,
ALB,62.43,63.07,61.959999,62.25,851100,
ALC,11.88,11.92,11.87,11.89,190400,
ALDW,25.280001,25.42,24.559999,25.059999,211900,
ALE,48.310001,48.560001,47.23,47.419998,204700,
ALEX,38.900002,39.830002,38.470001,39.610001,233600,
ALGN,35.509998,36.400002,35.23,35.48,427600,
ALGT,104.209999,104.209999,101.379997,102,117300,
ALIM,5.3,5.3,4.85,5.02,231200,
ALJ,16.24,16.33,15.67,15.82,635800,
ALK,54.34,54.34,53.150002,53.560001,1327400,
ALKS,28.49,28.6,26.83,27,1443800,
ALL,46.740002,47.990002,46.470001,46.57,5456300,
ALLT,12.36,12.48,12.17,12.21,189100,
ALNY,29.85,30,28.049999,28.4,664300,
ALOG,74.160004,74.970001,73.440002,73.860001,31900,
ALR,24.99,25.09,24.440001,24.5,553300,
ALSK,1.76,1.78,1.72,1.72,201200,
ALSN,22.93,22.98,22.51,22.6,158500,
ALTR,32.189999,32.189999,31.57,31.790001,4020500,
ALU,1.99,2,1.93,1.94,14957300,
ALV,75.279999,75.879997,74.669998,75.330002,889100,
ALXA,4.5,4.53,4.36,4.48,238000,
ALXN,90.169998,91.010002,87.389999,88.470001,1678800,
AM,18.36,18.4,18.34,18.35,232700,
AMAG,20.280001,20.540001,19.780001,20.360001,156800,
AMAT,15.51,15.53,15.02,15.07,18635500,
AMBA,17.889999,17.9,16.6,16.93,1774000,
AMBC,24.530001,24.84,24.16,24.389999,1047800,
AMCC,9.43,9.68,9.27,9.3,828300,
AMCN,1.85,1.85,1.72,1.73,51100,
AMCX,64.309998,64.410004,63.34,63.450001,549900,
AMD,4.02,4.03,3.86,3.87,26704000,
AME,41.439999,41.439999,40.619999,40.66,758100,
AMED,13,13.12,12.6,12.67,329300,
AMG,165.690002,165.75,160.910004,161.470001,385900,
AMGN,98.519997,98.580002,95.910004,96.279999,3875100,
AMJ,45.18,45.73,43.900002,44.259998,1157500,
AMKR,4.25,4.25,4.04,4.15,1692600,
AMLP,17.6,17.629999,17.16,17.290001,8438400,
AMP,80.620003,81.260002,78.730003,79.059998,2207400,
AMPE,6.12,6.12,5.84,5.9,315900,
AMRC,9.28,9.48,9.18,9.31,157300,
AMRI,11.53,11.65,11,11.46,329600,
AMRN,6.39,6.51,6.26,6.3,2911700,
AMRS,2.65,2.66,2.6,2.61,206900,
AMSC,2.18,2.28,2.17,2.2,68100,
AMSG,35.439999,35.439999,34.509998,34.66,93700,
AMSWA,8.3,8.4,8.29,8.31,29400,
AMT,73.769997,73.769997,70.239998,70.440002,7500000,
AMTD,23.75,24.290001,23.620001,23.73,9466800,
AMTG,17.620001,17.620001,16.76,16.9,919600,
AMWD,35.189999,35.189999,33.259998,33.939999,285400,
AMX,19.219999,19.23,18.57,18.68,11635300,
AMZN,275.140015,278.600006,272.390015,273.440002,2984000,
AN,43.68,43.709999,42.48,42.869999,927200,
ANAC,5.11,5.22,5,5.2,367000,
ANAD,2.13,2.2,2.09,2.11,594500,
ANDE,52.789993,53.350004,52.549994,53.020002,180400,
ANEN,23.42,23.68,22.94,23.2,40000,
ANF,47.700001,47.700001,46.470001,46.990002,1856600,
ANGI,26.33,26.76,26.08,26.540001,1648600,
ANGO,11,11.04,10.53,11,91800,
ANH,5.58,5.62,5.5,5.53,2111200,
ANIK,17.209999,17.209999,16.25,16.76,119000,
ANN,32.099998,32.419998,31.65,31.67,1269400,
ANR,5.48,5.68,5.36,5.51,10191500,
ANSS,74.419998,74.940002,72.800003,72.889999,202700,
ANV,6.64,6.9,6.35,6.39,5184500,
ANW,9.12,9.12,8.39,8.63,696200,
AOI,3.68,3.71,3.62,3.67,24200,
AOL,36.18,36.299999,35.400002,35.5,659800,
AON,63.389999,63.82,62.700001,62.860001,1356400,
AOS,38.369999,38.41,36.509998,36.82,2320000,
AOSL,7.42,7.71,7.25,7.66,176300,
APA,85.610001,85.849998,84.199997,84.93,4891000,
APAM,54.959999,55.529999,53.709999,55.509998,446000,
APC,84.860001,85.239998,82.68,83.110001,3742300,
APD,95.379996,95.709998,94.139995,94.279994,2121500,
APEI,37.560001,38.029999,37.040001,37.740002,62300,
APH,77.190002,77.730003,75.449997,75.610001,1142000,
APL,37.95,38,36.29,36.63,910700,
APO,23.709999,23.82,22.549999,23.17,1437900,
APOG,24.35,24.360001,23.559999,23.66,201200,
APOL,19.67,20.299999,19.59,19.73,2024000,
APP,1.98,2,1.91,1.92,299100,
APRI,2.48,2.56,2.35,2.49,653800,
APU,47.790001,47.880001,46.799999,47.32,98900,
ARAY,5.71,5.81,5.65,5.76,725900,
ARB,46.76,46.8,46.68,46.72,259000,
ARCC,16.639999,16.639999,16.370001,16.440001,3117400,
ARCO,12.63,12.63,12,12.11,1305200,
ARCP,14.51,14.74,14.06,14.3,3449900,
ARE,64.809998,64.959999,63.07,63.279999,565400,
AREX,25.08,25.08,24.209999,24.709999,469600,
ARG,93.900002,95.910004,93.900002,95.269997,575400,
ARI,16.5,16.52,15.55,15.85,824700,
ARIA,17.08,17.219999,16.5,16.75,1918500,
ARII,32.560001,32.689999,31.879999,32.34,170800,
ARLP,71.5,71.629997,69.639999,70.300003,137400,
ARMH,37.380001,37.419998,36.400002,36.700001,3616500,
ARNA,7.6,7.61,7.35,7.51,6587800,
ARO,13.47,13.47,13.03,13.16,2499900,
ARP,22,22.049999,21.5,21.52,847200,
ARPI,18.1,18.309999,17.879999,17.92,272300,
ARQL,2.34,2.38,2.32,2.35,380800,
ARR,4.56,4.67,4.5,4.53,1410100,
ARRS,14.58,14.91,14.5,14.58,939500,
ARRY,4.82,4.83,4.6,4.66,2326700,
ARTC,35.07,35.63,34.54,34.72,132900,
ARUN,14.58,14.71,14.3,14.55,1693500,
ARW,39.259998,39.93,39.169998,39.259998,771300,
ARX,7.4,7.47,7.2,7.36,75500,
ASA,13,13.12,12.65,12.69,349300,
ASBC,14.97,15.22,14.88,15.05,854300,
ASCA,26.21,26.4,26.21,26.3,929100,
ASEI,58.310001,59.18,56.959999,56.970001,68700,
ASFI,8.66,8.81,8.5,8.63,34200,
ASGN,26.209999,26.219999,25.690001,25.75,258400,
ASH,84.769997,85.089996,83.93,84.360001,888500,
ASIA,11.52,11.57,11.45,11.45,596600,
ASMI,34.66,34.66,34.119999,34.349998,15100,
ASML,78.43,78.489998,76.669998,77.07,880500,
ASNA,17.639999,17.67,17.35,17.58,1436500,
ASPS,98.75,100.349998,95,95.919998,153700,
ASR,103.300003,105.459999,99.440002,99.959999,100800,
ASTE,34.07,34.23,33.509998,33.700001,58200,
ASTI,0.8,0.83,0.73,0.78,54700,
ASTX,4.71,4.85,4.43,4.5,1463100,
ASYS,5.73,6.85,5.59,6.35,251300,
AT,4.27,4.31,4,4.02,2088400,
ATAX,6.79,6.91,6.71,6.86,86500,
ATHN,89.349998,90.18,87.830002,88.120003,224300,
ATHX,1.64,1.66,1.56,1.59,293200,
ATI,27.559999,27.860001,27.09,27.290001,2210400,
ATK,78.91,79.5,78.43,78.55,345200,
ATLC,3.66,3.79,3.6,3.64,3700,
ATLS,14.3,14.35,13.74,13.76,822717,
ATMI,23.73,24.05,23.7,23.95,96600,
ATML,7.55,7.69,7.4,7.46,6671300,
ATNI,49.799999,50.529999,49.5,49.869999,44400,
ATO,39.740002,39.919998,38.630001,38.880001,459800,
ATPAQ,0.081,0.081,0.0775,0.0775,190800,
ATR,56.040001,56.349998,55.27,55.32,118400,
ATRS,4.07,4.1,4.02,4.08,850700,
ATSG,6.36,6.53,6.16,6.49,182300,
ATU,32.450001,32.709999,31.98,32.189999,849000,
ATVI,14.14,14.19,13.8,13.88,8925800,
ATW,54.700001,55.119999,54.040001,54.700001,718700,
AU,14.55,14.79,14.26,14.42,9318200,
AUDC,4.4,4.4,4.26,4.34,123700,
AUM,92.120003,92.330002,91.639999,91.970001,0,
AUMN,1.78,1.79,1.58,1.59,315000,
AUO,3.7,3.71,3.54,3.62,2721500,
AUQ,4.31,4.4,4.09,4.17,3636100,
AUXL,16.72,17.08,16.42,17.02,649600,
AUY,9.4,9.73,9.15,9.33,14428200,
AVA,26.23,26.41,25.68,25.76,449600,
AVAV,19.559999,19.73,19.35,19.42,237800,
AVB,129.979996,130.110001,126.910004,127.970001,904500,
AVD,28.5,28.76,28.200001,28.35,164200,
AVEO,2.53,2.6,2.51,2.52,445200,
AVG,18.6,19.5,18.24,19.110001,1682000,
AVGO,37.709999,37.939999,36.919998,37.060001,3163800,
AVHI,17.139999,17.139999,16.290001,16.700001,45800,
AVID,6.21,6.49,6.21,6.23,50100,
AVIV,25.6,25.67,24.51,24.66,730100,
AVL,0.65,0.66,0.6,0.62,231200,
AVNR,4.36,4.55,4.3,4.31,2291800,
AVP,22.41,22.42,21.15,21.280001,9479400,
AVSPY,130.75,133.23,129.56,132.24,0,
AVT,33.509998,33.990002,33.360001,33.400002,744900,
AVX,12,12,11.77,11.78,151800,
AVY,42.880001,42.900002,41.759998,41.869999,771800,
AWAY,29.73,30.200001,29.6,30.08,651400,
AWC,30.213,30.213,30.213,30.213,0,
AWH,91.700003,92.189999,91.26,91.469999,1032000,
AWI,48.939999,49.02,46.990002,47.700001,390800,
AWK,40.18,40.43,39.419998,39.57,787200,
AWR,53.060001,53.34,52.59,53.049999,333000,
AWRE,5.1,5.11,4.95,4.97,182400,
AXAS,2.27,2.3,2.17,2.19,611800,
AXE,76.480003,76.529999,74.739998,74.93,287600,
AXL,17.98,18.07,17.41,17.559999,1815900,
AXLL,43.470001,43.650002,42.439999,42.970001,1282500,
AXP,73.760002,74,72.809998,72.919998,5656500,
AXS,45.400002,45.830002,45.259998,45.389999,1227800,
AXTI,2.7,2.74,2.65,2.67,210100,
AXU,1.12,1.12,1.07,1.08,510800,
AYI,76.489998,76.699997,75.199997,75.870003,397700,
AYR,15.43,15.52,15.25,15.39,642500,
AZC,2.2,2.21,2.08,2.1,143900,
AZN,48.990002,49.060001,48.060001,48.279999,7253400,
AZO,417.630005,421.160004,412.290009,412.649994,304100,
AZPN,29.35,29.42,28.73,28.870001,373600,
AZZ,42.27,42.27,41.290001,41.5,93600,
B,28.76,29.139999,28.57,28.99,249500,
BA,101.459999,101.860001,99.379997,99.639999,7114800,
BAA,0.86,0.9,0.8,0.82,1006800,
BABY,13.68,13.76,13.48,13.58,93200,
BAC,13.08,13.14,12.8,12.89,185741100,
BAH,17.1,17.34,16.84,17.049999,493700,
BAK,13.83,14.37,13.55,14.08,577500,
BAL,54.18,54.740002,54.150002,54.689999,28500,
BALT,3.59,3.59,3.44,3.48,150200,
BAM,34.870006,35.020006,34.540006,34.620001,2585500,
BANR,32.900002,33.349998,32.650002,32.939999,113000,
BAP,128.080004,128.580004,123.400009,125.140005,435100,
BAS,13.06,13.18,12.63,12.68,453400,
BAX,69.239996,69.299999,67.91,68.099996,5776500,
BAXS,2.31,2.31,2.22,2.29,29200,
BBBY,70.440002,70.989998,69.349998,69.519997,1879200,
BBCN,12.64,12.89,12.58,12.8,315700,
BBD,12.66,12.979999,12.43,12.87,22391500,
BBEP,18.26,18.360001,17.73,17.950001,667500,
BBG,22.09,22.24,21.07,21.24,1019700,
BBH,66.68,67.059998,65.75,66.029999,206800,
BBL,53.799999,53.93,53.02,53.209999,1169700,
BBOX,25.370001,25.83,25.01,25.33,57800,
BBRG,18.51,18.6,17.959999,18.02,66700,
BBRY,13.92,14.18,13.82,13.98,16806700,
BBT,32.799999,33.459999,32.709999,32.98,5474600,
BBVA,8.59,8.6,8.44,8.49,1811600,
BBW,6.3,6.3,6.2,6.27,22300,
BBX,12.6,12.89,12.51,12.67,30800,
BBY,27.200001,27.4,26.27,26.59,4403400,
BC,30.77,31.08,30.5,30.790001,945400,
BCC,27.639999,28.040001,27.459999,27.620001,415300,
BCE,42.310001,42.34,41.360001,41.59,1650400,
BCEI,37.330002,37.5,35.630001,36.279999,529200,
BCO,26.08,26.09,25.129999,25.610001,293300,
BCOR,18.65,18.65,18.25,18.309999,279900,
BCOV,8.22,8.27,7.83,8.08,415900,
BCPC,45.310001,46.380001,44.52,44.799999,75300,
BCR,110.160004,110.440002,108.809998,109,696000,
BCRX,1.68,1.69,1.6,1.61,630300,
BCS,18.01,18.06,17.59,17.66,3906485,
BDBD,11.87,12.09,11.69,11.89,438100,
BDC,50.740002,51.310001,49.860001,50.150002,342500,
BDE,9.04,9.09,9,9.05,246800,
BDN,13.2,13.24,12.78,12.89,1013400,
BDSI,4.41,4.53,4.24,4.27,244700,
BDX,98.07,98.07,96.050003,96.25,1127600,
BEAM,63.38,63.58,61.64,61.75,827700,
BEAT,5.81,5.98,5.58,5.75,903100,
BEAV,64.430002,64.549999,63.330013,64.020002,1009500,
BEBE,5.63,5.67,5.37,5.39,47500,
BECN,39.610001,39.860001,38.450001,38.990002,357800,
BEE,8.82,8.82,8.56,8.65,4762900,
BEN,144,144,137.169994,137.430004,6586500,
BERY,23.389999,23.389999,22.780001,23.040001,300100,
BF.B,68.529999,68.610001,66.440002,66.5,391300,
BFAM,33.110001,33.27,32.080002,32.369999,267800,
BG,70.529999,70.830002,70.269997,70.349998,1070100,
BGC,32.310001,32.439999,31.209999,31.33,705500,
BGCP,5.73,5.78,5.67,5.72,1620600,
BGFV,21.43,21.450001,20.02,20.43,373400,
BGG,19.700001,19.700001,18.690001,19.129999,1573000,
BGS,32.720001,33.200001,32.720001,33,408000,
BHE,20.379999,20.379999,19.219999,19.709999,401700,
BHI,45.259998,45.529999,44.75,44.919998,4030500,
BHP,59.150002,59.34,58.18,58.279999,4366500,
BIB,88.010002,88.010002,83.459999,84.160004,473600,
BID,38.349998,38.349998,37.02,37.419998,1387800,
BIDU,93.989998,94.5,92.839996,93.230003,5011500,
BIG,32.98,32.98,32.150002,32.169998,824400,
BIIB,201.600006,202.970001,197.699997,199.580002,1937200,
BIO,112.209999,112.589996,111,112.25,92200,
BIOD,4.3,4.4,4.22,4.3,489700,
BIOL,3.88002,3.88002,3.650015,3.670012,476700,
BIOS,16.049999,16.33,15.93,16.24,530300,
BIP,35.939999,35.96,34.749999,34.849998,842700,
BIRT,6.55,6.58,6.47,6.52,137600,
BITA,11.77,11.85,11.35,11.5,128600,
BIV,83.839996,83.940002,83.57,83.82,523900,
BJRI,37,37.32,36.34,36.389999,216300,
BK,29.379999,29.379999,28.860001,28.969999,7825000,
BKCC,9.35,9.35,9.2,9.23,956400,
BKD,26.940001,27.059999,25.82,25.91,1842700,
BKE,52.369994,52.419999,51.569998,51.759997,292400,
BKF,33.990002,33.990002,33.110001,33.52,668700,
BKH,47.169998,47.25,45.709999,45.889999,190600,
BKI,37.25,37.3,37.19,37.21,344600,
BKLN,24.83,24.84,24.610001,24.709999,7774500,
BKMU,5.62,5.73,5.57,5.61,82200,
BKS,18.74,18.79,18.34,18.44,1576500,
BKU,25.360001,25.790001,25.09,25.58,588200,
BKW,20.52,20.68,20.02,20.27,1624200,
BKX,60.27,60.54,59.78,59.98,0,
BLC,13.86,14.14,13.86,14.09,2368700,
BLDP,1.6,1.64,1.56,1.61,911000,
BLDR,6.6,6.77,6.17,6.26,454400,
BLK,264.720001,265.920013,250.550003,252.009995,2373400,
BLKB,32.799999,33.110001,32.310001,32.5,126500,
BLL,42.889999,42.889999,42.369999,42.630001,1093500,
BLMN,25.01,25.5,24.68,25.049999,690200,
BLOX,28.969999,29.9,28.709999,29.530001,1128100,
BLT,12.52,12.58,12.27,12.46,576000,
BLV,85.459999,85.459999,84.110001,84.870003,404800,
BLX,22.09,22.35,21.809999,22.07,142300,
BMC,45.01,45.03,44.51,44.6,5123700,
BMI,43.939999,43.939999,42.669998,42.900002,81800,
BMO,57.740002,57.799999,56.630001,56.810001,917200,
BMR,19.65,19.700001,19.01,19.1,2015400,
BMRN,56.41,56.860001,54.889999,55.169998,1815800,
BMS,39.150002,39.330002,38.549999,38.630001,768100,
BMY,45.810001,45.869999,44.32,44.580002,12529600,
BNCL,8.439995,8.539998,8.439995,8.479998,75700,
BND,80.910004,81.080002,80.760002,80.769997,1505200,
BNNY,39.88,39.97,39.26,39.46,117100,
BNO,78.739998,78.790001,77.599998,77.68,70200,
BNS,54.57,54.59,53.349998,53.419998,1198700,
BOBE,46.549999,47.02,45.900002,45.970001,136800,
BODY,12.55,12.56,12.35,12.53,13400,
BOFI,48.990002,49.07,47.650002,47.98,812800,
BOH,48.75,49.689999,48.630001,49.25,364400,
BOIL,43.790001,44.529999,42.259998,43.48,17300,
BOKF,62.950001,63.200001,62.73,63.029999,120700,
BOLT,16.49,16.76,16.49,16.5,14000,
BONA,3.99,4.04,3.78,3.93,110700,
BOND,105.470001,106.050003,105.379997,105.379997,1592600,
BONT,20.18,20.370001,19.450001,19.5,204400,
BOOM,16.51,16.65,16.25,16.5,29300,
BORN,1.19,1.22,1.16,1.19,28600,
BOTA,3.35,3.4,3.25,3.25,77700,
BP,42.02,42.099998,41.5,41.68,9419400,
BPAX,1.22,1.28,1.21,1.26,355300,
BPFH,9.84,10.08,9.84,10.01,396600,
BPI,12.26,12.42,11.96,12.05,289300,
BPL,68,68.589996,66.300003,66.849998,658700,
BPO,16.66,16.73,16.18,16.3,1280500,
BPOP,28.77,28.940001,28.4,28.75,760600,
BPT,95,96.739998,94.07,94.68,205600,
BPX,64.669998,64.75,64.449997,64.480003,0,
BPY,20.6,20.620001,20,20.09,349700,
BPZ,1.79,1.85,1.75,1.75,844700,
BR,26.280001,26.66,25.879999,26.379999,889500,
BRC,30.360001,30.370001,29.959999,30.059999,190500,
BRCD,5.64,5.64,5.5,5.54,5949900,
BRCM,33.799999,34.110001,33.43,33.43,8342700,
BRE,47.48,47.89,45.82,46.21,732000,
BREW,7.89,7.89,7.56,7.62,22900,
BRF,30.99,31.23,30.139999,30.9,454000,
BRFS,19.950001,20.51,19.700001,20.49,3554000,
BRK.B,113.199997,113.910004,110.860001,111.410004,6299300,
BRKL,8.32,8.51,8.31,8.46,291500,
BRKR,16.299999,16.41,15.91,15.94,715500,
BRKS,9.85,9.86,9.68,9.72,194300,
BRLI,28.45,28.55,27.87,28.03,207100,
BRO,32.07,32.189999,31.57,31.629999,890100,
BRS,63.150002,63.380001,62.580002,63.02,208400,
BRY,42.71,43.69,42.14,42.91,602500,
BSAC,23,23,22.34,22.34,377800,
BSBR,6.32,6.35,6.13,6.26,6765500,
BSDM,1.29,1.33,1.27,1.27,151900,
BSET,14.62,14.88,14.24,14.36,30400,
BSFT,29.33,29.33,28.190001,28.24,212900,
BSMX,13.89,13.89,13.03,13.34,1909200,
BSRR,14.4,14.84,14.4,14.53,33000,
BSX,9.34,9.42,9.07,9.11,16457400,
BTE,36.799999,37.009998,35.889999,36.16,227800,
BTH,13.8,14.17,13.56,13.65,142900,
BTI,104.760002,105.010002,103.300003,103.519997,374600,
BTN,4.1,4.15,3.95,4.06,85600,
BTU,16.180008,16.490008,15.890008,16.020008,541300,
BTX,3.95,3.96,3.85,3.86,175500,
BUD,88.550003,89.269997,87.360001,87.480003,4033700,
BUSE,4.309996,4.389995,4.289995,4.299996,42300,
BV,9.41,9.58,8.98,9.02,521700,
BVN,16.610001,17.08,15.9,16.200001,2423600,
BWA,84.529999,84.800003,82.650002,83.120003,2004800,
BWC,29.82,29.93,29.48,29.49,611500,
BWEN,4.23,4.3,4.16,4.22,30800,
BWLD,98.360001,99.529999,97.400002,97.459999,362100,
BWP,29.860001,29.950001,29,29.84,990100,
BWS,20.93,21.2,20.66,20.79,267000,
BWX,57.279999,57.279999,56.639999,56.919998,1062400,
BX,21,21.08,20.26,20.360001,4408800,
BXP,106.790001,106.959999,99.809998,100.580002,2501000,
BXS,16.450001,16.940001,16.370001,16.76,777300,
BYD,11.68,11.77,10.75,10.84,1966700,
BYI,56.42,56.56,55.2,55.33,516700,
BZ,8.33,8.375,8.19,8.24,845800,
BZF,17.33,17.879999,17.26,17.379999,123000,
BZH,19.4,19.5,18.049999,18.51,2276900,
BZQ,97.480003,101.360001,95.900002,97.529999,133200,
C,48.900002,49.009998,47.540001,47.900002,48678600,
CA,27.98,28.049999,27.610001,27.629999,3301400,
CAAS,5.05,5.17,5,5.02,31300,
CAB,67.949997,68.440002,65.629997,66.43,963000,
CACI,61.5,61.779999,60.639999,60.939999,404800,
CADX,6.73,6.76,6.24,6.39,440400,
CAG,33.51,33.569999,32.799999,32.829998,5878200,
CAH,48.02,48.080002,46.91,47.07,3393500,
CAJ,32.799999,32.82,32.099998,32.369999,788500,
CAK,0.57,0.58,0.55002,0.55002,176400,
CAKE,41.93,42.09,41.439999,41.880001,1099300,
CALD,6.37,6.53,6.36,6.49,354200,
CALL,14.85,15.129,14.54,14.97,229155,
CALM,45.889999,46.490002,45.200001,45.630001,106400,
CALX,10.79,10.79,10.58,10.64,218000,
CAM,62.709999,62.959999,61.529999,61.869999,1874900,
CAMP,13.81,13.88,13.51,13.56,817500,
CAP,25.92,25.969999,25.040001,25.18,77100,
CAR,30.620001,30.889999,29.370001,29.65,2082200,
CARB,12.44,12.53,12.06,12.3,66600,
CAS,16.860001,17.190001,16.709999,16.84,180500,
CASY,60,60,58.349998,59.02,284800,
CAT,83.190002,83.68,82.349998,83.199997,7628100,
CATM,28.74,28.74,27.84,27.959999,402900,
CATO,24.690001,24.74,24.49,24.540001,110300,
CATY,19.4,19.92,19.4,19.49,222700,
CAVM,34.650002,35,33.5,33.849998,512600,
CB,87.709999,88.080002,86.339996,86.480003,2775700,
CBAK,1.15,1.19,1.1,1.12,83600,
CBB,3.05,3.1,3,3,303200,
CBD,43.470001,43.610001,42.34,43.029999,981700,
CBEY,7.74,8.38,7.41,7.83,224700,
CBF,18.6,19.07,18.290001,18.73,333200,
CBG,22.030001,22.030001,21.34,21.610001,5795700,
CBI,59.869999,60.220001,58.639999,59.419998,1541800,
CBK,6.08,6.14,5.9,5.99,394500,
CBL,21.9,21.92,21.280001,21.42,2588500,
CBLI,1.49,1.5,1.43,1.49,16400,
CBM,14.16,14.26,13.88,14,120800,
CBOE,42.580002,42.98,42.080002,42.580002,718000,
CBR,3.61,3.62,3.49,3.53,171800,
CBRL,93.75,93.989998,92.129997,92.410004,151900,
CBS,48,48.07,46.75,46.93,6302700,
CBS.A,47.919998,47.919998,46.889999,46.889999,5400,
CBSH,42.910136,43.270128,42.560127,43.020135,734900,
CBST,49.5,49.685,48.47,49,952900,
CBT,38.150002,38.150002,37.639999,37.810001,342600,
CBU,28.790001,29.52,28.73,29.16,168400,
CBZ,6.65,6.73,6.55,6.68,107500,
CCC,16.440001,16.76,16.23,16.280001,712300,
CCE,35.599998,35.650002,34.470001,34.580002,4876200,
CCG,11.61,11.64,11.3,11.43,386200,
CCI,68.889999,68.889999,67.349998,67.699997,3659900,
CCIX,19.93,20.06,18.7,19.05,182600,
CCJ,20.370001,20.68,20.25,20.66,1820300,
CCK,41.009998,41.119999,40.349998,40.470001,920000,
CCL,33.490002,33.630001,33.27,33.439999,5449500,
CCM,4.159998,4.159998,4.139996,4.139996,7700,
CCMP,34.240002,34.240002,33.549999,33.759998,72700,
CCO,7.38,7.46,7.31,7.41,124100,
CCOI,27.5,27.889999,27.17,27.49,247300,
CCRN,4.95,5.01,4.89,4.92,45900,
CCUR,7.85,7.9,7.52,7.63,62000,
CDD,103.470001,103.93,103.309998,103.699997,0,
CDE,12.52,12.86,12.3,12.52,2101900,
CDI,14.5,14.69,14.5,14.57,24900,
CDNS,14.77,14.79,14.35,14.4,2164800,
CDR,5.45,5.46,5.22,5.32,495500,
CDZI,5.12,5.16,5.05,5.08,95100,
CE,47.09,47.16,45.25,46.52,1666400,
CEB,59.5,60.130001,59.09,59.32,131200,
CEC,0.72156,0.73081,0.72156,0.73081,19200,
CECE,12.34,12.45,12.15,12.26,46600,
CECO,2.73,2.79,2.66,2.69,1088800,
CEL,9.11,9.12,8.84,8.98,124900,
CELG,115.860001,116.309998,113.07,113.510002,6500600,
CENTA,7.29,7.4,7.27,7.32,137300,
CENX,9.49,9.49,9.01,9.21,1527200,
CEO,168.190002,168.350006,162.429993,164.070007,274100,
CERN,96.459999,96.769997,94.050003,94.529999,2033800,
CERS,4.35,4.5,4.29,4.39,456500,
CETV,3.32,3.36,3.2,3.27,572800,
CEVA,17.950001,18.18,17.860001,18,167100,
CF,186.229992,187.080002,183.150005,184.419994,6656500,
CFI,17.780001,17.99,17.440001,17.51,41800,
CFN,37.3,37.39,36.03,36.14,2076500,
CFNL,14.78,15.1,14.78,14.9,82900,
CFR,63.540001,64.519997,63.02,63.919998,408100,
CFX,51.860001,52.049999,50.830002,51,550000,
CG,26.25,26.25,25.5,25.65,494300,
CGA,2.81,2.83,2.8,2.81,35700,
CGEN,6.15,6.22,5.8,5.91,148400,
CGG,23.74,23.74,23.35,23.469999,100,
CGI,18.870001,18.870001,18.49,18.65,195900,
CGNX,45.02,45.369999,44.599998,44.669998,199200,
CGX,46.7,47.18,46.18,46.81,23700,
CHCO,38.57,39.27,37.759998,38.779999,27200,
CHD,60.200001,60.25,59.369999,59.52,1258000,
CHDN,79.370003,79.959999,78.699997,78.949997,22500,
CHDX,15.63,15.75,15.06,15.52,36400,
CHE,72.32,73.629997,72.32,73.160004,354100,
CHEF,17.52,17.639999,17.120001,17.209999,52800,
CHFC,25.549999,25.98,25.1,25.43,32100,
CHH,40.330002,40.349998,39.060001,39.110001,81000,
CHIQ,13.62,13.66,13.25,13.36,347200,
CHK,20.530001,20.530001,19.85,20.080001,14066800,
CHKP,48.869999,49.459999,48.77,49.049999,1163100,
CHKR,14.95,14.95,14.63,14.66,164600,
CHL,48.380001,48.540001,47.740002,47.740002,1416300,
CHLN,2.02,2.09,1.86,1.94,14000,
CHMT,21.93,22.18,21.6,21.799999,486000,
CHOP,1.92,2,1.85,1.93,1400,
CHRW,56.119999,56.369999,55.310001,55.419998,1999300,
CHS,16.77,16.91,16.530001,16.549999,2559400,
CHSP,21.01,21.120001,20.43,20.450001,221100,
CHT,31.65,31.65,31.08,31.08,161700,
CHTP,2.26,2.44,2.15,2.28,1107900,
CHTR,117.540001,117.639999,113.790001,114.050003,865600,
CHU,12.98,13.02,12.65,12.69,824800,
CHUY,39.720001,39.720001,38.759998,38.830002,175400,
CI,68.459999,70.029999,68.019997,69.239998,3062500,
CIB,56.490002,57.119999,55.389999,55.490002,473300,
CIE,26.09,26.25,25.700001,25.870001,1882500,
CIEN,20.030001,20.450001,19.83,19.9,3468000,
CIG,8.800004,8.800004,8.489998,8.609997,4063700,
CIM,3.03,3.04,2.94,2.95,4746300,
CINF,45.779999,46.169998,45.220001,45.290001,864000,
CIS,1.73,1.73,1.7,1.73,61843,
CISG,6.07,6.2,6.05,6.1,95700,
CIT,47.11,47.68,46.67,46.78,3095768,
CJES,18.780001,18.91,18.299999,18.51,772200,
CKEC,17.120001,17.549999,17.1,17.469999,139100,
CKH,79.110001,80.110001,78.980003,79.669998,177600,
CKP,14.43,14.49,14.03,14.1,168400,
CKSW,8.18,8.2,7.98,8.03,46200,
CL,57.599998,57.720001,55.689999,55.869999,7546900,
CLB,150.320007,152.199997,148.259995,149.470001,360800,
CLC,52.73,52.939999,50.919998,51.349998,280200,
CLD,17.219999,17.35,16.700001,17.02,609400,
CLDT,16.25,16.6,16.25,16.33,224500,
CLDX,15.02,15.05,14.11,14.29,1962200,
CLF,17.73,18.049999,17.4,17.549999,12393600,
CLGX,23.23,23.379999,22.059999,22.1,1566100,
CLH,54.310001,54.400002,52.48,52.889999,767100,
CLI,23.860001,23.860001,22.940001,23.049999,740100,
CLMS,10.48,10.59,10.38,10.46,175400,
CLMT,35.77,35.900002,34.66,35.02,721100,
CLNE,12.78,12.95,12.45,12.52,1194200,
CLNY,19.9,19.950001,19.129999,19.27,2129200,
CLP,4400,4400,4400,4400,0,
CLR,85.639999,86.5,84.18,84.5,2379800,
CLS,9.32,9.39,9.18,9.25,129100,
CLSN,1.420001,1.440001,1.260001,1.33,1530400,
CLW,48.009998,48.330002,47.380001,47.869999,121500,
CLWR,4.67,5.08,4.64,5.045,51076300,
CLX,83.540001,83.949997,81.120003,81.690002,1296500,
CM,74.139999,74.220001,72.589996,72.75,510200,
CMA,37.119999,38,37,37.459999,4263100,
CMC,14.36,14.46,14.05,14.23,1437000,
CMCO,20.98,21.040001,20.629999,20.9,32300,
CMCSA,39.790001,39.790001,38.75,38.91,30334400,
CMCSK,38.099998,38.18,37.349998,37.490002,2229300,
CME,75.199997,79.449997,75.139999,77.089996,4894100,
CMG,363.619995,368.140015,360.070007,360.859985,438000,
CMI,114.559998,115.029999,111.860001,112.419998,2850600,
CMLP,22.6,22.629999,21.93,21.93,1242300,
CMN,33.340004,33.340004,32.689994,33.070006,89200,
CMO,12.28,12.35,12,12.1,1633000,
CMP,84.059998,84.290001,82.730003,83.459999,230100,
CMRE,17.469999,17.469999,17.129999,17.33,102200,
CMS,26.690001,26.74,25.879999,25.950001,3000100,
CMTL,26.129999,26.629999,25.74,25.940001,85000,
CNA,31.459999,31.51,31.02,31.07,452000,
CNC,51.080002,51.119999,50.16,50.380001,615800,
CNDO,7.99,8.03,7.32,7.55,862600,
CNH,41.88,41.88,40.79,41.7,308700,
CNI,96.260002,96.709999,95.529999,95.849998,1349400,
CNIT,2.69,2.8,2.6,2.63,24600,
CNK,28.450001,28.51,27.209999,27.4,1721100,
CNL,44.779999,44.98,43.75,43.970001,424200,
CNMD,31.1,31.1,30.299999,30.459999,108800,
CNO,12.56,12.92,12.48,12.73,1521300,
CNP,22.940001,22.99,22.41,22.49,2897100,
CNQ,28.700001,28.950001,28.41,28.549999,3005700,
CNQR,78.99,79.21,77.03,77.25,487400,
CNS,35.759998,35.98,33.75,34.43,264900,
CNSI,28.610001,29.049999,28.26,28.950001,70300,
CNSL,17.02,17.15,16.700001,16.82,164000,
CNW,38.73,38.860001,37.990002,38.630001,711400,
CNX,30.74,30.83,29.98,30.139999,3091800,
COCO,2.12,2.2,2.09,2.16,544600,
CODE,1.12,1.12,1.12,1.12,0,
CODI,17.049999,17.059999,16.610001,16.65,193000,
COF,61.720001,62.5,61.389999,61.619999,5222200,
COG,70.209999,70.419998,68.669998,68.940002,3523600,
COGO,1.91,2.14,1.91,1.95,29900,
COH,57.75,57.939999,57.09,57.290001,3298500,
COHR,55.330002,56.439999,54.5,55.099998,52000,
COHU,11.67,12,11.45,11.57,126400,
COL,63.16,63.360001,62.07,62.360001,825000,
COLB,21.809999,22.299999,21.77,21.98,219300,
COLM,61.740002,62,61.419998,61.57,123600,
CONE,20.639999,20.639999,19.440001,19.440001,371300,
CONN,53.09,53.470001,51.400002,51.75,385200,
COO,119.510002,119.919998,116.910004,117.309998,220800,
COP,61.130001,61.209999,60.119999,60.279999,7998200,
COR,30.950001,30.950001,29.459999,29.84,313400,
CORE,61.27,62.330002,61.049999,62,312400,
CORN,42.419998,42.48,41.59,42.09,76900,
CORR,7.32,7.32,7.15,7.23,24900,
CORT,1.76,1.77,1.69,1.69,128200,
COST,109.730003,109.730003,107.379997,107.559998,2211900,
COT,7.73,7.8,7.58,7.6,691700,
COV,57.43,57.44,55.69,55.84,5073000,
COW,26.879999,26.9,26.73,26.85,17800,
COWN,3.09,3.09,3,3.03,403100,
CP,121.690002,122.25,119.82,120.330002,1025100,
CPA,136.559998,137.360001,135.009995,135.449997,407000,
CPB,44.330002,44.450001,43.240002,43.360001,1936800,
CPE,3.39,3.49,3.19,3.41,258900,
CPF,17.49,17.68,17.41,17.610001,87700,
CPHD,32.299999,32.610001,31.559999,32.080002,700100,
CPIX,5.02,5.05,5.02,5.03,99000,
CPL,17.469942,17.669943,17.129951,17.339952,779600,
CPLA,40.849998,41.189999,39.759998,41,215500,
CPLP,9.1,9.26,9.04,9.06,178700,
CPN,21.23,21.34,20.99,21.049999,5515700,
CPRT,31.290001,31.52,30.950001,31.110001,681300,
CPSI,49.73,50.060001,48.580002,48.880001,67200,
CPSS,7.51,7.55,7.19,7.2,71000,
CPT,63.540001,63.630001,62.580002,62.98,1215000,
CPWR,10.4385,10.5345,10.2656,10.2656,1254500,
CQB,10.75,10.76,10.17,10.28,401600,
CQP,27.17,27.17,25.700001,26.290001,610300,
CQQQ,25.73,25.73,25.01,25.290001,31500,
CR,58.580002,58.580002,57.110001,57.34,152200,
CRAY,19.879999,19.879999,19.33,19.59,467500,
CREE,64.339996,64.419998,62.560001,62.939999,2472900,
CRH,20,20.07,19.790001,19.84,2317000,
CRI,71.870003,72.5,71.519997,71.75,308100,
CRIS,3.32,3.45,3.26,3.28,403800,
CRK,16.9,16.910001,16.060001,16.17,152100,
CRL,41.75,41.799999,41.389999,41.59,637300,
CRM,37.360001,37.790001,36.580002,36.75,5537300,
CRME,2,2.07,1.96,1.96,13800,
CRMT,42.799999,43.360001,42.400002,42.599998,18600,
CRNT,3.47,3.47,3.37,3.38,32100,
CROC,46.099998,46.459999,45,46,65400,
CROX,15.98,16,15.71,15.85,1005200,
CRR,69.720001,69.959999,68.019997,68.809998,274300,
CRRC,13.76,13.99,13.71,13.87,45800,
CRS,46.5,46.810001,45.849998,46.310001,373900,
CRTX,8.29,8.95,8.21,8.5,163400,
CRUS,17.620001,17.68,17.219999,17.34,1773400,
CRY,6,6.01,5.88,5.96,54600,
CRZO,28.67,29,27.74,28.030001,862000,
CS,27.370001,27.440001,26.969999,27.110001,1934800,
CSC,45.089999,45.229997,44.150002,44.360001,5724600,
CSCO,24.48,24.73,24.299999,24.440001,47759000,
CSE,9.4,9.51,9.32,9.36,1128400,
CSGP,120.309998,121.980003,119.370003,121.300003,138300,
CSGS,21.5,21.700001,21.33,21.42,127500,
CSH,47.009996,47.009996,46.3,46.759996,357000,
CSII,21.379999,21.5,20.6,20.799999,122900,
CSIQ,9.9,10.04,9.02,9.16,3543800,
CSL,65.099998,65.18,63.009998,63.450001,606700,
CSOD,44.98,45.619999,44.139999,44.380001,534300,
CST,32.740002,32.759998,32.099998,32.16,1890800,
CSTE,28.370001,28.370001,27.290001,27.35,172900,
CSTM,15.23,15.6,15.16,15.46,565000,
CSTR,57.53,58.52,56.91,57.09,561600,
CSU,24.209999,24.209999,23.379999,23.610001,191800,
CSUN,1.9,1.91,1.74,1.78,114200,
CSV,18.280001,18.35,16.719999,17.139999,192100,
CSX,24.280001,24.280001,23.799999,23.959999,12476500,
CTAS,45.169998,45.380001,44.799999,45.220001,494800,
CTB,32.189999,32.189999,30.889999,30.969999,4609400,
CTCM,11.73,11.78,11.47,11.7,453000,
CTCT,16.610001,16.85,16.51,16.629999,256300,
CTGX,23.35,23.62,22.85,22.91,123700,
CTIC,1.21,1.27,1.19,1.27,887100,
CTL,35.029999,35.060001,34.049999,34.130001,6231100,
CTRN,13.96,14.13,13.8,14.03,106400,
CTRP,34.200001,34.369999,32.209999,32.389999,2667700,
CTRX,51.900002,51.900002,50.07,50.400002,2284800,
CTS,11.88,12.04,11.63,11.96,401500,
CTSH,62.580002,63.400002,62.41,62.709999,6857400,
CTXS,61.099999,62.34,60.909999,61.27,2730000,
CU,21.559999,21.66,20.66,20.66,53700,
CUB,48.549999,49.16,48.23,48.849998,100500,
CUBE,16.139999,16.139999,15.53,15.65,798400,
CUI,5.38,5.44,5.26,5.34,72643,
CUK,34.57,34.650002,34.139999,34.279999,125700,
CUTR,8.79,8.87,8.57,8.62,78200,
CUZ,9.76,9.78,9.54,9.600001,1761000,
CVA,20.360001,20.360001,19.860001,19.98,1251900,
CVBF,11.13,11.43,11.11,11.31,537200,
CVC,15.05,15.11,14.68,14.8,3183300,
CVD,76.29,76.62,74.7,75,396700,
CVE,28.91,29.02,28.620001,28.780001,1863900,
CVG,17.75,17.809999,17.370001,17.440001,497100,
CVGI,7.82,7.82,7.48,7.6,196900,
CVGW,26.41,26.57,26.07,26.32,49000,
CVI,53.220001,53.220001,50.299999,50.549999,919100,
CVLT,76.150002,77.160004,75.459999,76,442100,
CVO,2.16,2.16,2.11,2.12,30500,
CVRR,30.5,30.6,29.67,30,716800,
CVS,58.540001,58.560001,56.82,56.990002,6733500,
CVU,10.18,10.3,10,10.1,123400,
CVX,119.540001,119.660004,117.57,117.949997,7624100,
CVY,23.620001,23.639999,23.120001,23.219999,580100,
CW,36.450001,36.610001,36.07,36.299999,130400,
CWCO,10.83,10.91,10.54,10.71,57500,
CWH,0.14,0.14,0.14,0.14,0,
CWST,4.09,4.13,4.01,4.07,151600,
CWT,19.540001,19.65,19.17,19.27,335600,
CWTR,2.36,2.36,2.16,2.23,336600,
CX,10.369955,10.449971,9.919968,9.929973,38946600,
CXDC,4.09,4.1,4.05,4.05,51700,
CXO,85.199997,85.900002,84.160004,84.589996,1462200,
CXPO,2.85,2.97,2.76,2.79,246300,
CXW,33.439999,33.869999,32.889999,33.07,2159600,
CY,10.82,10.93,10.47,10.61,2905300,
CYB,26,26.07,25.950001,25.99,148200,
CYBX,50.75,51.080002,50.220001,50.860001,180500,
CYC,1179.15,1179.15,1179.15,1179.15,0,
CYCC,3.059999,3.099999,2.999999,3.039999,16000,
CYD,17.780001,18.030001,17.75,17.82,52800,
CYH,46.680004,46.900001,45.700003,45.910003,1399200,
CYN,60.119999,61.810001,59.880001,61.599998,580200,
CYNO,23.700001,23.719999,23.1,23.120001,150900,
CYOU,31.549999,31.549999,29.139999,29.33,262000,
CYS,10.1,10.16,9.88,9.96,6286800,
CYT,74.860001,75.989998,74.510002,74.760002,1023200,
CYTR,2.11,2.11,2.04,2.07,50500,
CYTX,2.250001,2.280001,2.200001,2.210001,21400,
CZR,12.83,13,12.27,12.47,769800,
CZZ,16.02,16.059999,15.63,15.88,1650700,
D,55.610001,55.66,54.139999,54.240002,3794500,
DAKT,10.16,10.39,9.93,10,162800,
DAL,18.469999,18.75,18.23,18.41,11287500,
DAN,18.5,18.559999,17.98,18.34,3349500,
DANG,7.41,7.48,6.8,6.9,4659400,
DAR,19.43,19.469999,18.76,18.889999,847500,
DATA,54.27,55.970001,53.049999,55.400002,203200,
DATE,5.21,5.25,5.1,5.18,26200,
DAVE,13.61,14.72,13.16,14.09,52400,
DB,44.089998,44.29,43.259999,43.559998,1888800,
DBA,25.379999,25.389999,25.209999,25.219999,1011000,
DBB,16.290001,16.32,16.18,16.219999,84700,
DBC,25.9,25.92,25.559999,25.59,3419500,
DBD,32.209999,32.209999,31.59,31.77,535000,
DBE,28.02,28.02,27.49,27.549999,34900,
DBEF,24.16,24.16,23.469999,23.700001,442900,
DBJP,32.93,32.970001,32.009998,32.189999,60500,
DBLE,4.04,4.09,3.96,3.96,18800,
DBO,26.139999,26.25,25.690001,25.799999,326700,
DBP,42.599998,42.720001,41.66,41.689999,99700,
DBS,33.380001,33.860001,32.950001,33.029999,20700,
DBV,25.25,25.299999,25.040001,25.08,510000,
DCI,35.48,35.560001,34.939999,34.950001,570300,
DCIX,5.01,5.05,4.92,4.97,44300,
DCM,14.88,14.9,14.75,14.78,204300,
DCO,21.120001,21.200001,20.549999,20.879999,70300,
DCT,7.15,7.17,6.96,7.01,991700,
DCTH,0.46,0.48,0.45,0.47,5000,
DD,52.759997,53.129999,52.36,52.589999,9391200,
DDC,14.38,14.4,14.05,14.29,227400,
DDD,45.400002,45.98,43.610001,43.950001,6240100,
DDM,93.480003,93.480003,90.25,90.510002,1472600,
DDR,16.690001,16.700001,16.049999,16.120001,4527000,
DDS,84.25,84.720001,80.860001,81.169998,406600,
DE,84.279999,84.360001,82.629997,82.889999,4365200,
DECK,51.939999,52.529999,50.200001,50.709999,801100,
DEI,24.360001,24.4,23.58,23.74,941200,
DELL,13.38,13.401,13.33,13.365,17175000,
DEM,48.630001,48.84,47,47.400002,1741800,
DENN,5.76,5.81,5.47,5.47,1312600,
DEO,115.639999,115.889999,113.32,113.699997,1020200,
DEPO,5.74,5.82,5.66,5.76,288100,
DES,57.810001,57.93,56.970001,57.139999,182200,
DEST,25.309999,25.309999,24.870001,25.190001,34600,
DF,10.24,10.27,9.8,9.88,1619300,
DFJ,46.880001,46.91,45.900002,46.02,50100,
DFRG,20.360001,20.52,19.530001,20.08,163600,
DFS,47.43,47.669998,46.68,46.759998,4056300,
DFT,22.469999,22.549999,22.120001,22.299999,1190300,
DG,51.169998,51.189999,49.720001,49.880001,4553000,
DGI,31.110001,31.24,30.549999,30.790001,438300,
DGII,9.56,9.63,9.41,9.51,39800,
DGIT,6.64,6.81,6.4,6.51,951600,
DGL,43.790001,44.200001,43.169998,43.240002,67900,
DGRW,24.34,24.41,23.940001,24,81900,
DGS,46.330002,46.330002,44.75,45.099998,1299800,
DGX,61.490002,61.830002,60.75,60.810001,1056600,
DHI,23.09,23.09,21.059999,21.309999,17923600,
DHR,62.989999,63.230001,62.100002,62.260001,4312200,
DHT,4.4,4.46,4.35,4.46,32200,
DHX,9.06,9.12,8.92,8.99,242600,
DIA,149.839996,149.880005,147.289993,147.580002,14309900,
DIG,55.709999,55.900002,53.48,53.810001,329500,
DIN,70.970001,71.239998,69.660004,70.050003,131300,
DIOD,24.200001,24.780001,24.110001,24.540001,566500,
DIS,63.220001,63.52,61.82,61.98,12260800,
DISCA,75.629999,75.810003,74.089999,74.569999,2946200,
DISCK,68,68.050003,66.739998,67.160004,1444200,
DISH,38.209999,39.310001,37.970001,39.18,3699400,
DJP,37.919998,37.950001,37.560001,37.580002,332600,
DJX,151.06,151.06,147.32,147.58,17263185920,
DK,30.75,30.91,29.690001,29.950001,746600,
DKL,33.82,33.82,32.02,32.740002,22300,
DKS,51.209999,51.240002,50.23,50.310001,931700,
DLB,33.77,33.860001,33.040001,33.130001,159800,
DLLR,14.9,15.02,14.75,14.92,255600,
DLN,60.189999,60.209999,59,59.099998,459100,
DLPH,51.380001,51.459999,50.049999,50.25,2340100,
DLR,58.919998,59.009998,56.02,56.279999,2037600,
DLTR,49.84,50.07,49.259998,49.349998,1770300,
DLX,34.400002,34.860001,34.02,34.52,434400,
DM,1.59,1.68,1.58,1.61,203800,
DMD,8.299998,8.449998,8.170001,8.240002,163600,
DMLP,24.379999,24.379999,23.51,23.77,60500,
DMND,20.370001,20.690001,19.860001,20.379999,516200,
DNB,97.110001,97.360001,95.870003,96.300003,477500,
DNDN,3.99,4.03,3.85,3.88,3037351,
DNKN,42.560001,42.82,41.880001,42.119999,863900,
DNN,1.18,1.2,1.16,1.18,1206500,
DNO,36.419998,36.799999,36.360001,36.77,39000,
DNR,17.82,17.82,17.24,17.379999,4693400,
DO,66.739998,67.160004,65.610001,66.5,1220900,
DOG,29.51,29.98,29.48,29.92,706100,
DOLE,12.7,12.7,12.49,12.66,2593100,
DOM,5.06,5.06,4.92,4.95,36600,
DORM,45.119999,45.360001,44.580002,44.709999,124200,
DOV,78.510002,78.640006,76.910002,77.060002,1531500,
DOW,33.75,34.240002,33.060001,33.189999,10475700,
DOX,35.880001,36.099998,35.700001,35.959999,1080700,
DPK,14.29,15,14.27,14.92,58400,
DPM,53.139999,53.360001,51.66,52.110001,266600,
DPS,46.34,46.619999,45.360001,45.380001,1484900,
DPZ,59.150002,59.23,57.369999,57.529999,726300,
DRC,58.950001,60.200001,58.330002,59.560001,730600,
DRD,5.51,5.7,5.45,5.56,115800,
DRE,15.39,15.43,14.62,14.7,3240600,
DRH,9.15,9.17,8.76,8.81,1516400,
DRI,52.41,52.639999,50.98,51.23,2438700,
DRIV,18.09,18.48,17.67,18.15,300300,
DRN,41.790001,42.07,37.330002,38,4450400,
DRQ,90.050003,90.669998,89.449997,90.139999,413100,
DRRX,0.88,1.04,0.87,0.97,2996000,
DRV,17.24,19,17.040001,18.780001,196900,
DRWI,2.4,2.5,2.4,2.49,2500,
DRYS,1.779999,1.819999,1.759999,1.769999,300,
DSCI,13.27,13.49,13.01,13.04,19900,
DSCO,1.630001,1.680001,1.610001,1.610001,24400,
DSL,23,23.049999,22,22.4,552600,
DSS,2.88,2.88,2.51,2.72,235600,
DST,66.040001,66.260002,64.769997,64.870003,241300,
DSW,73.25,73.379997,72.199997,72.360001,409600,
DSX,10,10.08,9.5,9.59,1648200,
DTE,65.650002,65.720001,63.849998,64,1435300,
DTLK,11.11,11.13,10.81,10.97,52900,
DTN,62.619999,62.619999,61.32,61.450001,128500,
DTSI,21.58,21.75,20.780001,20.860001,149400,
DTV,61.630001,61.630001,59.970001,60.07,4730700,
DUG,64.800003,67.209999,64.800003,66.919998,259300,
DUK,66.5,66.529999,65.010002,65.099998,4726600,
DUST,120.029997,132.379997,117.299997,126.949997,50200,
DV,29.120001,29.33,28.92,29.07,347500,
DVA,125.900002,126.18,122.699997,122.889999,1646000,
DVAX,1.11,1.12,1.06,1.08,479600,
DVN,53.709999,53.790001,52.529999,52.709999,4162300,
DVR,0.16,0.16,0.145,0.15,14500,
DVY,64.050003,64.050003,62.759998,62.869999,2262800,
DW,40.169998,40.349998,39.77,39.98,102600,
DWA,24.690001,24.9,24.42,24.450001,593400,
DWRE,36.950001,37.41,35.48,36.360001,722900,
DWSN,8.119919,8.299917,8.119919,8.179919,9200,
DWX,45.32,45.32,44.279999,44.439999,559600,
DX,10.12,10.19,9.98,10.06,756400,
DXCM,21.27,21.49,20.07,20.18,942000,
DXD,35.099998,36.220001,35.040001,36.080002,2415000,
DXJ,44.57,44.700001,43.189999,43.299999,9612800,
DXLG,5.99,6,5.82,5.86,112000,
DXM,18.66,18.969999,18.139999,18.52,121000,
DXPE,64.970001,65.900002,63.48,65.110001,116200,
DY,23.25,23.27,22.440001,22.709999,171900,
DYAX,3.25,3.27,3.15,3.22,572700,
DYN,22.26,22.280001,21.57,22.01,936500,
DZK,47.66,47.669998,45.049999,45.279999,86700,
E,41.91,41.98,40.799999,40.91,531200,
EA,22.610001,22.77,22.139999,22.15,3922900,
EAT,40.23,40.360001,39.73,39.889999,935700,
EBAY,51.789999,51.829997,50.479997,50.739999,24812300,
EBF,16.67,16.76,16.26,16.51,39100,
EBIX,9.9,12.45,9.85,11,20394900,
EBR,2.1,2.16,2.01,2.11,1926700,
EBR.B,3.88,3.96,3.66,3.85,277500,
EBS,14.28,14.49,14.19,14.32,138200,
EC,41.810001,42.040001,40.52,40.599998,710600,
ECA,17.790001,17.870001,17.379999,17.48,4190900,
ECH,52.549999,52.950001,49.799999,50.150002,723800,
ECHO,18.25,18.370001,18.18,18.219999,110200,
ECL,85.209999,85.309998,83.830002,83.989998,1205200,
ECOL,28,28,27.32,27.530001,40400,
ECPG,34.169998,34.830002,34.130001,34.25,510700,
ECT,9.95,9.97,9.65,9.81,131900,
ECYT,12.79,12.93,12.64,12.75,185200,
ED,57,57.169998,55.700001,55.779999,2500300,
EDAP,2.79,2.86,2.64,2.7,130600,
EDC,21.43,21.450001,19.200001,20.01,769600,
EDE,21.65,21.74,21.26,21.309999,141800,
EDIV,39.330002,39.450001,38.259998,38.48,309700,
EDMC,6.83,7.02,6.18,6.93,55900,
EDR,9.679904,9.739903,9.369907,9.459905,506600,
EDU,21.5,21.700001,20.700001,20.99,1929000,
EDZ,67.82,74,67.82,71.839996,1779100,
EE,34.650002,34.700001,34.07,34.279999,139700,
EEB,30.17,30.26,29.719999,29.969999,270100,
EEFT,31.15,31.15,30.26,30.389999,159500,
EEM,37.689999,37.689999,36.43,36.880001,151378100,
EEMV,55.400002,55.75,54.299999,54.580002,1605500,
EEP,30.08,30.09,29.190001,29.43,1167000,
EEQ,29.650099,29.750096,28.810093,29.050093,256900,
EET,60.889999,60.939999,56.759998,58.32,35000,
EEV,28.15,29.889999,28.15,29.290001,929300,
EFA,58.709999,58.740002,57.66,57.75,40517100,
EFAV,57.299999,57.310001,56.310001,56.439999,154400,
EFC,23.299999,23.299999,22.67,22.940001,227200,
EFG,62.84,62.869999,61.73,61.810001,93000,
EFII,28.25,28.4,27.799999,27.959999,145900,
EFU,58.990002,61.740002,58.990002,61.52,4100,
EFV,49.93,49.950001,49,49.110001,115500,
EFX,59.950001,60.220001,59.27,59.400002,686200,
EFZ,39.68,40.950001,39.66,40.259998,609000,
EGAN,8.03,8.15,7.78,7.92,129200,
EGBN,22.709999,22.709999,21.860001,21.959999,71200,
EGHT,8.12,8.3,8.08,8.23,769500,
EGLE,3.580006,3.640007,3.340006,3.430006,1200,
EGN,54.209999,54.400002,52.549999,52.790001,540200,
EGO,6.38,6.57,6.01,6.15,10708100,
EGOV,15.98,16.26,15.88,16.190001,252500,
EGP,55.099998,55.290001,53.669998,53.959999,159500,
EGY,5.91,5.91,5.7,5.74,448700,
EHTH,23.190001,23.469999,22.9,22.959999,94500,
EIG,24.139999,24.33,23.959999,24.27,78700,
EIX,46.110001,46.169998,44.900002,45,3021800,
EJ,4.719996,4.759996,4.399998,4.399998,423900,
EKDKQ,0.095,0.184,0.0922,0.155,43029600,
EL,67.910004,67.910004,65.269997,65.510002,2393200,
ELD,47.41,47.540001,46.630001,46.98,794300,
ELGX,13.09,13.56,12.79,13.26,602800,
ELLI,23.98,23.98,22.9,22.940001,395000,
ELN,14,14.189,13.89,13.94,11833400,
ELNK,6.09,6.16,5.96,5.99,630300,
ELON,2.28,2.28,2.23,2.24,14300,
ELOS,8.36,8.45,8.26,8.34,45200,
ELP,14.31,14.31,13.72,13.93,772400,
ELRC,16.99,16.99,16.309999,16.48,37000,
ELX,6.3,6.38,6.24,6.32,629900,
ELY,6.6,6.64,6.51,6.59,401700,
EMAN,3.602,3.61,3.53,3.531,29553,
EMB,108.110001,108.120003,105.800003,107.25,3381800,
EMC,24.700001,25.129999,24.59,24.74,23610500,
EME,39.810001,40.439999,39.43,39.709999,225800,
EMKR,3.81,3.84,3.75,3.8,277700,
EMLC,24.190001,24.370001,23.58,24.25,1541000,
EMN,71.410004,71.970001,70.099998,70.459999,1541700,
EMR,55.799999,55.869999,54.27,54.380001,5846500,
ENB,42.84,42.869999,41.639999,41.860001,1940900,
END,3.58,3.6,3.36,3.39,423100,
ENDP,38.360001,38.360001,37.290001,37.52,1638000,
ENG,0.87,0.87,0.77,0.8,63000,
ENH,50.77,50.77,50.040001,50.09,303200,
ENI,15.43,15.5,14.9,14.94,1100900,
ENOC,12.73,12.8,12.11,12.29,327300,
ENPH,6.49,6.6,6.31,6.53,237100,
ENR,99.589996,99.839996,98.610001,99,637700,
ENS,49.25,49.5,48.529999,48.75,310200,
ENSG,35.520003,35.930006,35.399993,35.599992,206400,
ENTG,9.64,9.79,9.59,9.63,680900,
ENTR,4.33,4.398,4.16,4.2,881200,
ENVI,1.95,2.03,1.95,1.96,153300,
ENZ,2.26,2.3,2.24,2.27,31900,
ENZN,1.68,1.73,1.68,1.71,272800,
EOC,42.669998,42.84,41.169998,41.400002,145000,
EOG,133.720001,133.889999,129.789993,130.990005,4397600,
EOPN,16.99,17.49,16.25,16.85,85900,
EOX,6.3,6.68,6.3,6.37,20400,
EPAM,26.43,26.73,26.1,26.440001,321900,
EPAX,3.52,3.53,3.43,3.47,28900,
EPAY,25.889999,26.1,25.700001,25.709999,186900,
EPB,41.58,41.58,39.28,40.16,864500,
EPD,59.849998,59.900002,58.09,58.529999,9279200,
EPI,15.95,15.97,15.38,15.38,8267700,
EPIQ,13.36,13.44,12.95,13.05,60300,
EPL,29.23,29.23,28.031,28.22,252800,
EPM,11.08,11.25,10.8,10.87,184000,
EPP,43.759998,43.759998,42.540001,42.720001,3057000,
EPR,50.5,50.580002,48.419998,48.619999,466700,
EPU,35.509998,35.779999,34.240002,34.34,113900,
EPV,23.15,23.780001,23.139999,23.73,75200,
EPX,421.38,421.38,404.41,406.59,0,
EQIX,183.300003,183.869995,177,177.550003,2120200,
EQM,50.700001,50.950001,49.970001,50.5,138200,
EQR,54.34,54.34,52.709999,52.91,2242900,
EQT,81.190002,81.300003,78.720001,79.209999,1307600,
EQU,3.77,3.79,3.69,3.73,138400,
EQY,22.15,22.200001,21.32,21.459999,497600,
ERF,14.92,14.99,14.38,14.53,1276400,
ERIC,11.59,11.59,11.32,11.34,4470900,
ERII,4.21,4.21,3.87,3.97,218000,
ERJ,37.150002,37.759998,36.52,37.470001,2510700,
EROC,8.66,8.66,8.34,8.42,525100,
ERX,65.360001,65.410004,61.419998,62.060001,1403800,
ERY,30.459999,32.200001,30.459999,31.940001,1103800,
ESC,24.1,24.44,22.89,23.05,346600,
ESE,32.189999,32.259998,31.559999,31.620001,91400,
ESEA,1.01,1.03,1.01,1.01,7200,
ESI,24.5,25.52,24.35,24.93,376000,
ESIO,10.83,10.88,10.62,10.66,72000,
ESL,70.870003,71.330002,70.110001,70.279999,116600,
ESRX,61.900002,62.189999,61.18,61.279999,5107400,
ESS,150.990005,151.350006,147.559998,148.429993,266400,
ESV,57.790001,57.810001,56.84,57.07,1926400,
ET,33.63,33.65,33.59,33.59,2073200,
ETE,56,56.130001,53.880001,54.009998,6166000,
ETFC,11.94,12.21,11.82,12.14,5712900,
ETH,30.040001,30.25,28.139999,28.43,702100,
ETM,9.72,9.74,9.28,9.33,85800,
ETN,63.75,64.400002,63.169998,63.57,3599500,
ETP,48.830002,48.919998,47.200001,47.540001,1989200,
ETR,67.839996,68.099998,66.25,66.370003,1328200,
ETRM,1.210001,1.210001,1.150001,1.150001,34100,
EUI,75.75,75.970001,75.529999,75.639999,0,
EUO,18.719999,18.870001,18.66,18.719999,1347600,
EUU,132.009995,132.389999,131.630005,132.240005,0,
EV,38.48,38.77,37.84,37.959999,835800,
EVC,6.1,6.1,5.47,5.73,2085900,
EVEP,33.759998,34,33.27,33.880001,331800,
EVER,16.219999,16.219999,15.84,15.87,900500,
EVR,39.540001,39.720001,38.310001,38.490002,361000,
EVTC,22.16,22.83,22.09,22.33,518000,
EW,68.389999,68.489998,66.599998,66.690002,1596000,
EWA,22.889999,22.889999,22.450001,22.51,4031900,
EWBC,26.25,26.559999,26.129999,26.389999,1415300,
EWC,26.76,26.780001,26.360001,26.42,4037000,
EWD,31.59,31.59,31.07,31.129999,1540100,
EWG,25.65,25.68,25.32,25.379999,4323500,
EWH,18.66,18.780001,18.040001,18.280001,10369000,
EWI,12.51,12.52,12.27,12.28,1418700,
EWJ,10.97,10.98,10.7,10.74,13678800,
EWL,29.41,29.42,29.049999,29.08,471600,
EWM,15.37,15.41,14.97,15,830300,
EWP,29.25,29.290001,28.780001,28.85,658400,
EWQ,24.299999,24.34,23.93,24,913600,
EWS,12.76,12.8,12.31,12.44,5692900,
EWT,13.01,13.01,12.66,12.71,5111600,
EWU,18.18,18.190001,17.93,17.959999,1891100,
EWV,21.35,22.309999,21.219999,22.17,147800,
EWW,60.540001,60.810001,58.290001,58.810001,6803100,
EWX,44.619999,44.619999,42.540001,42.810001,923600,
EWY,51.610001,51.860001,50.669998,51.349998,6260300,
EWZ,43.57,44.360001,42.93,43.939999,41857000,
EXA,10.1,10.22,9.58,9.71,25800,
EXAM,19.959999,20.549999,19.85,20.4,217300,
EXAR,11.04,11.16,11.01,11.09,83600,
EXAS,12.72,12.86,12.47,12.6,1353600,
EXC,30.48,30.610001,29.84,29.9,8717500,
EXEL,4.7,4.71,4.52,4.56,2364100,
EXH,28.65,28.780001,28.030001,28.370001,553200,
EXK,3.47,3.63,3.35,3.37,1694700,
EXL,13.17,13.17,12.64,12.73,175900,
EXLP,28.799999,29.459999,28.66,29.059999,134400,
EXLS,30.4,30.790001,29.889999,30.23,175000,
EXMCF,0.05,0.07,0.05,0.07,995300,
EXP,69.629997,70.129997,67.760002,68.099998,847800,
EXPD,38.060001,38.060001,37.279999,37.290001,1591300,
EXPE,59.779999,60.509998,59.490002,59.700001,2097800,
EXPO,57.220001,57.650002,56.66,57.169998,74200,
EXPR,20.68,20.969999,20.57,20.799999,1128100,
EXR,41.98,41.98,40.220001,40.490002,1421400,
EXTR,3.53,3.54,3.46,3.46,787000,
EXXI,25.450001,25.75,24.92,25.15,935300,
EZA,55.709999,55.709999,53.380001,53.610001,712800,
EZCH,27.4,27.49,26.73,27.1,132100,
EZJ,74.470001,74.550003,70.809998,71.089996,76000,
EZPW,18.82,18.889999,18.25,18.379999,359500,
EZU,34.009998,34.02,33.490002,33.59,964600,
F,15.19,15.28,14.75,14.82,57313900,
FAF,21.799999,21.799999,21.379999,21.530001,1520200,
FALC,1.47,1.52,1.4,1.45,113200,
FARO,33.939999,34.150002,32.619999,33.099998,197700,
FAS,62.869999,63.200001,59.5,60.150002,66202400,
FAST,45.75,46.049999,44.799999,44.950001,2233000,
FAZ,34.470001,36.240002,34.330002,35.889999,3257400,
FB,24.280001,24.75,23.65,23.9,42765600,
FBC,13.44,13.51,12.91,13.03,535300,
FBHS,40.759998,40.849998,38.23,38.669998,1845600,
FBN,4.61,4.65,4.31,4.39,165781,
FBP,6.66,6.81,6.53,6.7,346800,
FBR,10.53,11.21,10.44,10.94,3761500,
FBRC,24.280001,24.59,23.57,24.32,40600,
FBT,56.099998,56.099998,54.889999,55.099998,92800,
FCE.A,18.13,18.15,17.44,17.75,1951000,
FCEL,1.16,1.22,1.119999,1.179999,837600,
FCFS,57.259998,58.400002,54.639999,55.080002,251600,
FCG,16.5,16.510001,15.95,16.07,286000,
FCH,5.88,5.89,5.55,5.57,1225100,
FCN,34.810001,34.810001,33.849998,33.950001,339200,
FCS,13.48,13.49,13.04,13.29,1838300,
FCSC,7.1,7.2,6.62,7,156300,
FCX,28.540001,28.549999,27.52,27.719999,30751200,
FDEF,22.790001,23.16,22.450001,22.52,22400,
FDN,45.470001,45.599998,44.709999,44.860001,125400,
FDO,62.740002,63.540001,61.470001,61.639999,2071500,
FDP,27.26,27.43,27.02,27.08,169700,
FDS,97.870003,98.690002,97.389999,98.239998,808200,
FDUS,18.110001,18.440001,17.530001,17.65,82300,
FDX,97.839996,97.970001,95.169998,95.709999,4945600,
FE,36.990002,37.209999,36.27,36.32,4089700,
FEIC,74.309998,74.75,72.779999,73.199997,183100,
FET,31.42,31.42,30.57,30.889999,551800,
FEZ,34.529999,34.560001,33.93,34,1343400,
FF,14.56,14.65,14.37,14.52,260300,
FFBC,14.37,14.59,14.31,14.52,482600,
FFCH,20.19,20.37,20.06,20.24,22200,
FFG,42.869999,43.380001,42.470001,43.18,32000,
FFIC,15.61,15.83,15.61,15.74,55600,
FFIN,53.73,54.669998,53.689999,54.049999,175600,
FFIV,73.949997,74.120003,72.029999,72.32,1970200,
FFNW,10.11,10.19,10.04,10.13,22700,
FGP,21.74,21.75,21.25,21.639999,393000,
FHCO,9.92,9.92,9.31,9.62,197000,
FHN,10.68,10.93,10.59,10.75,6635000,
FICO,45.900002,46.32,45.41,45.470001,387700,
FIG,7.06,7.09,6.74,6.91,1792800,
FII,27.5,27.709999,27.18,27.299999,701400,
FINL,20.709999,20.799999,20.469999,20.639999,738600,
FIO,13.04,13.75,13.01,13.32,3592300,
FIRE,54.22,55.32,52.98,53,503000,
FIS,43.43,43.66,42.549999,42.619999,1497600,
FISV,87.379997,87.379997,85.980003,86.029999,1099800,
FITB,17.9,17.959999,17.67,17.780001,18099400,
FIVE,38.5,38.689999,37.040001,37.41,603200,
FIW,27.709999,27.709999,27.219999,27.33,70000,
FIX,14.3,14.38,14.07,14.17,73100,
FIZZ,17.030001,17.209999,16.790001,16.85,15400,
FL,35.27,35.34,34.77,34.950001,3065200,
FLDM,16.17,16.280001,15.87,16.049999,75900,
FLEX,7.43,7.57,7.42,7.45,5424700,
FLIR,26,26.02,25.459999,25.58,1307800,
FLML,6.16,6.16,5.81,5.97,129700,
FLO,22.85,22.92,22.01,22.02,1119800,
FLOW,3.5,3.55,3.45,3.48,323300,
FLR,61.299999,61.310001,59.709999,60.009998,1927600,
FLS,162,162.799999,159.770004,160.190002,970500,
FLT,87.300003,87.480003,83.5,83.940002,1141100,
FLTX,32.23,32.34,31.040001,31.1,135100,
FLWS,5.96,6,5.77,5.89,116600,
FLY,16.43,16.540001,16.1,16.34,96200,
FMBI,12.5,13,12.47,12.88,637700,
FMC,61.959999,63.599998,61.959999,62.619999,819400,
FMER,19.16,19.469999,18.98,19.35,1409000,
FMS,34.900002,35.23,34.700001,34.950001,250800,
FMX,96.519997,97.07,92.139999,93.029999,843400,
FN,14.48,14.83,14.38,14.59,305700,
FNB,11.06,11.37,11.01,11.32,933400,
FNF,23.170003,23.379996,22.459994,22.490004,5731500,
FNFG,9.72,9.85,9.62,9.78,4353600,
FNGN,46.27,46.389999,45,45.189999,363400,
FNI,21.01,21.01,20.48,20.58,18500,
FNP,21.89,21.93,21.03,21.09,1131400,
FNSR,15.78,16.370001,15.23,15.8,15397000,
FNV,33.830002,34.43,32.689999,32.82,1081000,
FOE,7.08,7.08,6.78,6.96,623800,
FOLD,2.41,2.47,2.3,2.3,550200,
FOR,20.84,21.01,19.700001,20.049999,748300,
FORM,6.68,6.92,6.58,6.75,476800,
FORR,35.849998,36.049999,33.009998,35.709999,59500,
FOSL,104.660004,105.860001,102.209999,102.279999,874900,
FPO,13.1,13.13,12.82,12.9,543600,
FR,15.6,15.62,14.96,15.08,780900,
FRAK,25.719999,25.719999,24.93,25.040001,9700,
FRAN,24.690001,25.889999,24.43,25.74,2200100,
FRC,37.779999,38.529999,37.470001,37.700001,1954500,
FRED,15.76,15.79,15.41,15.46,142800,
FRGI,37.099998,37.099998,35.779999,36.119999,141100,
FRM,7.07,7.19,6.91,7.01,68700,
FRME,16.959999,17.110001,16.85,16.940001,65500,
FRO,2.06,2.06,1.88,1.88,236300,
FRP,8,8.08,7.77,7.91,79300,
FRT,99.510002,99.75,95.809998,96.209999,472200,
FRX,41.41,41.47,40.07,40.19,2199800,
FSA,11.16,11.32,11.16,11.32,300,
FSC,10.11,10.11,9.86,10,2279300,
FSG,1.6,1.6,1.6,1.6,9900,
FSL,14.64,14.66,13.82,14.08,1343500,
FSLR,43.459999,44.07,41.669998,41.970001,5428200,
FSM,3.1,3.13,2.95,2.98,494000,
FSP,12.9,12.98,12.45,12.59,705900,
FSS,8.6,8.62,8.42,8.47,170300,
FST,4.17,4.265,4.02,4.09,5628766,
FSTR,42.540001,43.84,42.080002,43.419998,28300,
FSYS,16.25,16.389999,15.94,16.1,149700,
FTE,0.015,0.015,0.015,0.015,0,
FTEK,3.79,3.79,3.6,3.6,117300,
FTI,55.84,55.860001,54.459999,54.66,2004200,
FTK,17.450001,17.48,17,17.17,586300,
FTNT,17.67,17.91,17.5,17.66,1879100,
FTR,4,4.01,3.85,3.89,12105200,
FU,3.48,3.6,3.46,3.6,42000,
FUBC,6.55,6.64,6.5,6.53,36100,
FUL,40.419998,40.529999,39.060001,39.240002,237500,
FULT,11.16,11.38,11.1,11.19,1104000,
FUN,40.759998,40.759998,38.889999,39.110001,544400,
FUR,12.05,12.05,11.75,11.79,143800,
FURX,35.31,35.59,33.12,33.45,58100,
FVE,5.22,5.28,5.18,5.23,504600,
FWLT,24.13,24.23,23.73,23.86,971400,
FWM,25.139999,25.950001,24.549999,24.99,436900,
FWRD,38.5,38.709999,37.950001,38.459999,65100,
FXA,92.080002,92.330002,91.709999,92.040001,408900,
FXB,152.830002,152.940002,152.529999,152.899994,37800,
FXC,96.010002,96.139999,95.669998,95.879997,279200,
FXCM,15.19,15.69,15.12,15.62,45500,
FXD,27.26,27.26,26.469999,26.58,178000,
FXE,130.880005,131.160004,130.410004,130.929993,688600,
FXEN,3.98,4.01,3.69,3.71,703100,
FXF,105.360001,105.879997,105.099998,105.769997,23800,
FXI,32.970001,33,31.83,32.209999,50501400,
FXO,18.59,18.610001,18.379999,18.42,184500,
FXP,24.48,26.1,24.42,25.549999,249700,
FXS,150.809998,151.580002,150.5,151.580002,2400,
FXY,100.120003,100.830002,99.650002,100.510002,1241400,
FXZ,26.85,27.01,26.639999,26.76,92900,
G,19.34,19.35,18.959999,18.98,814000,
GA,7.55,7.55,7.27,7.39,1443386,
GAGA,3.7,3.7,3.7,3.7,34900,
GAIA,4.49,4.5,4.45,4.45,7700,
GAIN,7.31,7.35,7.25,7.27,96100,
GALE,2.07,2.08,1.92,1.94,1628500,
GAME,3.99,4.02,3.83,3.91,576100,
GAS,42.41,42.560001,41.740002,41.860001,527900,
GASL,22.030001,22.030001,19.310001,19.790001,700,
GASS,10.58,10.58,10.33,10.52,196000,
GASX,12,13.35,11.99,13.08,106000,
GAZ,2.7,2.72,2.64,2.65,69400,
GB,32.990002,33.040001,32.459999,32.560001,105000,
GBCI,20.48,21.190001,20.469999,20.940001,359600,
GBDC,17.629999,17.629999,17.370001,17.459999,326000,
GBP,154.619995,155.160004,154.449997,155.130005,0,
GBX,24.030001,24.549999,23.6,24,544300,
GCA,6.26,6.33,6.16,6.24,488000,
GCC,26.49,26.52,26.27,26.280001,93100,
GCI,24.18,24.790001,23.809999,23.870001,3785600,
GCO,68.559998,68.959999,67.5,67.550003,178600,
GCOM,13.01,13.34,12.76,12.91,46200,
GD,76.980003,77.629997,76.129997,76.230003,2246400,
GDI,0.19,0.19,0.19,0.19,0,
GDOT,18.610001,18.9,18.43,18.639999,290000,
GDP,11.8,12,11.4,11.49,959100,
GDRZF,2.88,2.9,2.86,2.9,49400,
GDX,25.139999,25.440001,24.16,24.549999,67786300,
GDXJ,9.69,9.75,9.26,9.32,1718400,
GE,23.629999,23.690001,23.200001,23.25,62733200,
GEF,51.619999,51.990002,51.029999,51.189999,99400,
GEL,52.040001,52.549999,49.34,50,405700,
GENE,2.5,2.54,2.38,2.44,20300,
GEO,34.57,34.790001,34,34.080002,690300,
GEOS,71.720001,71.779999,68.010002,68.480003,129800,
GERN,1.19,1.23,1.11,1.11,1497900,
GES,31.780001,31.809999,30.6,30.68,556000,
GEVA,40.950001,41.360001,39.799999,40.599998,161200,
GEVO,2.169998,2.259998,2.079998,2.129998,6700,
GEX,15.179849,15.179849,14.629854,14.759852,18500,
GFA,2.44,2.6,2.34,2.56,4589400,
GFF,10.9,11.03,10.43,10.51,265900,
GFI,5.31,5.54,5.3,5.45,11153000,
GFIG,4.09,4.14,3.97,4.12,236500,
GG,24.77,24.940001,23.57,23.950001,15715700,
GGB,5.55,5.71,5.39,5.63,9953500,
GGG,63,63.23,62.25,62.5,238500,
GGP,20.35,20.4,19.42,19.59,3670100,
GGS,0.01,0.01,0.01,0.01,0,
GHDX,33.25,33.299999,32.779999,33.150002,256900,
GHL,48.57,48.57,46.43,46.689999,254500,
GHM,26.66,27.07,26.5,27,43500,
GIFI,20.77,21.809999,20.77,21.030001,32700,
GIGM,0.99,1,0.98,0.98,3100,
GIII,48.080002,49.080002,46.759998,46.990002,352200,
GIL,40.650002,40.810001,40.189999,40.540001,560400,
GILD,50.189999,50.450001,49.02,49.349998,11510700,
GILT,5.47,5.53,5.4,5.49,16200,
GIS,48.860001,49.119999,48.150002,48.209999,4301000,
GIVN,13.53,13.53,13.29,13.4,66900,
GK,48.259998,48.990002,46.259998,47.080002,94200,
GLAD,8.25,8.25,8.17,8.17,68700,
GLD,125.220001,126.379997,123.330002,123.599998,28872100,
GLDD,8.25,8.47,8.11,8.14,567800,
GLF,44.41,44.790001,43.560001,44.259998,157000,
GLL,97.300003,100.129997,95.790001,99.739998,972300,
GLNG,32.810001,33.040001,32.25,32.84,876500,
GLOG,12.8,12.98,12.57,12.68,201700,
GLP,38.049999,38.360001,36.889999,37.799999,98000,
GLPW,15.5,15.78,15.5,15.6,29500,
GLRE,24.959999,25.09,24.709999,24.98,179600,
GLT,25.42,25.450001,24.85,25.07,135900,
GLUU,2.39,2.39,2.24,2.26,1373400,
GLW,14.69,14.89,14.24,14.31,18666600,
GM,33.41,33.41,32.279999,32.560001,29107200,
GMAN,13.28,13.29,12.76,13.09,37700,
GMCR,81.019997,82,77.809998,78.32,3559400,
GME,40.32,41.369999,39.610001,40.939999,8606400,
GMED,15.46,15.55,15.16,15.27,333500,
GMLP,33.599998,33.990002,33.009998,33.75,80200,
GMO,1.86,1.9,1.83,1.86,369000,
GMT,46.82,47.02,46.41,46.669998,295700,
GNC,47.07,47.119999,46.619999,47.009998,957300,
GNCMA,8.03,8.18,7.89,7.94,197600,
GNE,9.5,9.51,8.69,8.79,55700,
GNK,1.54,1.56,1.45,1.48,515500,
GNMK,9.58,9.64,9.43,9.59,287000,
GNRC,34.07,34.540001,33.540001,33.860001,770400,
GNTX,22.75,22.780001,22.290001,22.4,1250800,
GNW,11.12,11.28,10.9,10.95,9365500,
GOL,3.43,3.44,3.22,3.24,656500,
GOLD,67.5,67.82,64.980003,65.669998,1290900,
GOOGL,893.990014,901.000026,883.310031,884.739996,6737200,
GORO,9.61,9.7,8.8,9.29,771400,
GOV,23.860001,24.110001,23.309999,23.459999,702100,
GPC,77.940002,78,76.330002,76.470001,752900,
GPI,64,64.419998,62.07,62.290001,270400,
GPK,7.83,7.91,7.65,7.69,1291800,
GPL,0.75,0.77,0.72,0.73,616800,
GPN,47.560001,47.799999,46.720001,46.720001,904400,
GPOR,51.619999,51.709999,48.439999,49.189999,1815500,
GPRE,13.81,13.91,13.27,13.38,306800,
GPS,41.459999,41.66,40.630001,40.740002,2804300,
GPT,9.39999,9.49999,9.039991,9.18999,341300,
GPX,23.620001,23.969999,23.25,23.83,54300,
GRA,82.330002,82.589996,80.279999,80.5,486200,
GRC,28.45,28.59,27.969999,28.080001,44800,
GREK,16,16.08,15.27,15.32,81200,
GRFS,26.01,26.17,25.309999,25.84,1032000,
GRMN,34.57,35.139999,34.110001,34.240002,1117200,
GROW,2.48,2.48,2.35,2.35,49400,
GRPN,7.62,7.8,7.53,7.54,12361200,
GRT,24.93,25.26,23.94,24.1,17195500,
GRU,6.99,6.99,6.94,6.94,12100,
GS,159.149994,159.990005,154.839996,155.410004,6488600,
GSG,31.370001,31.370001,31,31.07,405900,
GSH,21.049999,21.059999,20.110001,20.139999,24900,
GSI,0.98,1,0.96,0.98,35800,
GSK,50.360001,50.57,49.439999,49.52,3257900,
GSM,10.89,11.04,10.78,10.86,652800,
GSS,0.46,0.48,0.44,0.45,3628600,
GST,2.82,2.83,2.69,2.7,455600,
GSVC,8.06,8.14,7.93,7.98,110700,
GT,15.21,15.23,14.67,14.84,4716600,
GTAT,3.86,3.92,3.71,3.78,2026300,
GTE,6,6,5.68,5.74,949800,
GTI,7.98,8.09,7.77,7.87,1177800,
GTIV,11.07,11.2,10.25,10.44,244100,
GTLS,93.669998,94,91.010002,91.470001,392500,
GTN,7.04,7.18,6.9,7.16,724700,
GTXI,6.76,6.8,6.37,6.49,765900,
GTY,20.5,20.57,19.77,19.93,85200,
GUID,8.78,8.85,8.75,8.81,39600,
GUR,37.580002,37.580002,36.419998,36.560001,10200,
GURE,1.2,1.2,1.12,1.12,195300,
GV,2.23,2.29,2.2,2.26,205400,
GVA,29.4,29.549999,29.01,29.370001,210400,
GVZ,22.53,30.25,22.53,29.94,0,
GWAY,11.32,11.48,11.02,11.37,111500,
GWL,25.790001,25.790001,25.26,25.379999,131600,
GWR,87.099998,87.620003,83.940002,84.300003,822300,
GWRE,41.09,42.439999,38.150002,41.009998,559500,
GWW,249.470001,251.229996,248.270004,249.520004,294900,
GXC,64.790001,64.790001,62.43,63.119999,640600,
GXG,18.6,18.6,17.959999,18,261600,
GXP,22.42,22.43,21.91,21.940001,1290100,
GY,16.36,16.44,16.14,16.22,841100,
GZT,13.11,13.19,12.85,13.18,5500,
H,39.959999,40.02,38.779999,38.810001,340400,
HA,6.06,6.18,5.95,6.16,638000,
HAE,41.91,42.009998,41.470001,41.599998,302500,
HAFC,16.27,16.43,16,16.360001,182600,
HAIN,66.580002,66.75,63.830002,64.489998,1002800,
HAL,42.459999,42.59,41.619999,41.799999,11031200,
HALO,6.25,6.25,5.93,5.97,1202900,
HAO,22.5,22.59,21.879999,22.08,528000,
HAR,51.349998,51.759998,49.970001,50.139999,710800,
HAS,44.450001,44.549999,43.73,43.810001,1117300,
HASI,11.74,11.76,11.59,11.64,230800,
HAWK,25.07,25.379999,25,25.17,132300,
HAYN,46.950001,47.009998,45.419998,45.93,88600,
HBAN,7.4,7.65,7.38,7.51,17656900,
HBC,52.03,52.1078,51.34,51.4,2434143,
HBHC,28.25,28.99,27.959999,28.57,604200,
HBI,51.700001,51.720001,50.900002,51.25,3946400,
HBIO,4.830007,4.939998,4.790001,4.830007,99000,
HBM,6.98,6.98,6.32,6.83,86500,
HCA,38.27,38.490002,37.130001,37.68,5774100,
HCBK,8.38,8.57,8.31,8.5,3481200,
HCC,42.34,42.639999,42.139999,42.23,417000,
HCI,32.27,32.5,31.440001,31.76,154700,
HCLP,22.25,22.77,22.030001,22.16,154000,
HCN,65.07,65.07,61.849998,62.099998,3635300,
HCP,43.820001,43.960003,41.540004,41.890002,6359100,
HCSG,23.08,23.51,22.83,23.17,459600,
HD,75.43,75.43,73.800003,73.870003,12373500,
HDB,35.540001,35.59,34.73,34.849998,936700,
HDGE,16.32,16.559999,16.309999,16.530001,609000,
HDV,67.010002,67.07,65.690002,65.809998,921700,
HDY,0.46,0.47,0.44,0.44,23100,
HE,24.26,24.34,23.84,23.969999,703700,
HEDJ,49.130001,49.130001,48.220001,48.630001,39200,
HEES,22.129999,22.559999,21.440001,21.65,136400,
HEI,51.059999,52.020001,50.310001,50.650001,153100,
HELE,39.029999,39.369999,38.209999,38.549999,111700,
HEP,37.400002,37.540001,36.779999,36.91,73900,
HERO,6.78,6.82,6.5,6.51,3119900,
HES,65.260002,65.660004,64.040001,64.279999,3407600,
HF,17.529997,17.780003,17.340002,17.459999,175800,
HFC,43.630001,43.669998,42.27,42.84,3908700,
HGG,16.84,16.98,16.629999,16.68,284200,
HGT,9.3,9.39,9.04,9.05,209700,
HGX,186.71,186.71,176.12,177.41,0,
HHC,106.779999,107.830002,102.279999,102.529999,263700,
HHS,8.42,8.59,8.42,8.55,309000,
HI,23.32,23.450001,23.129999,23.35,215900,
HIBB,56.580002,56.830002,55.799999,56.259998,237200,
HIG,29.33,30.190001,29.17,29.66,6975100,
HII,56,56.639999,55.720001,55.93,210100,
HIMX,5.45,5.5,5.17,5.23,4681400,
HITK,33.51,34.32,32.65,32.98,114700,
HITT,52.92,53.51,52.45,53.29,139200,
HIW,34.040001,34.040001,32.779999,33.029999,1244200,
HK,5.82,5.82,5.53,5.58,24000,
HKTV,6.23,6.23,5.88,5.9,50100,
HL,3.06,3.09,2.9,2.98,13181200,
HLF,47.040001,47.970001,45.93,46.189999,2410500,
HLIT,6.15,6.27,6.1,6.16,805800,
HLS,28.780001,28.99,28.41,28.5,612100,
HLSS,23.549999,23.940001,23.030001,23.51,1764300,
HLX,23.42,23.42,22.83,23.059999,846000,
HMA,15.4,15.46,14.98,15.08,6370900,
HMC,36.119999,36.27,35.360001,35.48,870300,
HME,60.700001,61.040001,59.889999,60.369999,701400,
HMIN,28.41,28.74,26.190001,26.620001,316400,
HMN,24.620001,24.68,24.370001,24.5,111400,
HMST,20.370001,20.57,20.280001,20.360001,131000,
HMSY,22.33,22.67,22.15,22.440001,777400,
HMY,3.5,3.59,3.38,3.44,5793800,
HNI,35.889999,35.889999,35.080002,35.32,103500,
HNP,35.139999,35.59,33.799999,33.830002,103200,
HNR,3.26,3.26,3.14,3.15,321500,
HNSN,1.57,1.6,1.56,1.56,31100,
HNT,31.059999,31.059999,30.25,30.32,513500,
HOFT,16.040001,16.040001,15.45,15.54,34900,
HOG,52.900002,52.990002,51.700001,52.040001,1615000,
HOGS,13.36,13.36,13.3,13.35,1059000,
HOLI,12.24,12.24,10.89,11.12,233100,
HOLX,20.27,20.33,19.610001,19.68,3409500,
HOMB,20.98,21.809999,20.77,20.98,296600,
HON,79.010002,79.290001,77.489998,77.669998,3398300,
HOS,54.07,54.240002,52.639999,53.310001,477100,
HOT,64.830002,64.830002,62.619999,63.040001,3240900,
HOV,6.09,6.1,5.81,5.88,10504000,
HP,62.189999,62.349998,60.950001,61.23,1005200,
HPP,20.73,20.73,20.17,20.26,148900,
HPQ,25.619998,25.619998,24.569999,24.719999,39218500,
HPT,25.639999,25.639999,24.450001,24.58,1663500,
HPY,34.790001,35,34.299999,34.630001,323800,
HR,24.530001,24.530001,23.559999,23.790001,709500,
HRB,28.799999,28.83,28.139999,28.23,1927300,
HRC,34.490002,34.490002,32.880001,32.900002,332000,
HRG,7.94,8.05,7.59,7.63,842800,
HRL,38.779999,38.779999,37.540001,37.619999,2771000,
HRS,49.529999,49.560001,48.43,48.450001,691400,
HRZN,13.92,14,13.54,13.58,81700,
HSC,22.950001,23,22.459999,22.540001,374200,
HSH,33.28,33.32,32.11,32.29,1601100,
HSIC,95.860001,96.489998,93.519997,93.900002,453200,
HSII,16.76,16.950001,16.52,16.780001,55000,
HSNI,54.450001,54.849998,52.68,52.84,243600,
HSOL,1.76,1.78,1.7,1.71,586700,
HSP,35.560001,35.599998,34.310001,34.5,1003500,
HST,16.5,16.52,15.91,16.02,12763500,
HSTM,26.129999,26.129999,25,25.35,135500,
HSY,87.410004,87.82,85.139999,85.279999,1509100,
HT,5.65,5.65,5.38,5.44,512000,
HTA,11.15,11.17,10.8,10.86,1054900,
HTCH,5.68,5.91,5.57,5.67,422800,
HTGC,13.3,13.3,13.08,13.21,511900,
HTH,16.08,16.280001,16,16.209999,417800,
HTHT,15.51,15.88,15.01,15.07,140700,
HTLD,13.83,14.12,13.7,13.78,324900,
HTS,25.309999,25.58,24.790001,25.26,1393500,
HTSI,46.67,46.67,45.36,45.44,205500,
HTWR,91.290001,92.040001,89.360001,91.870003,195500,
HTZ,24.719999,24.959999,24.219999,24.33,6027500,
HUB.B,98.53,98.56,97.76,97.97,194300,
HUBG,35.209999,36,35.119999,35.540001,265000,
HUM,83.510002,84.790001,83.150002,83.629997,1895200,
HUN,17.51,17.6,17.059999,17.23,3103800,
HURN,43.740002,44.529999,43.619999,43.759998,67200,
HUSA,0.31,0.33,0.29,0.31,250800,
HVT,23.950001,24.1,22.99,23.219999,85700,
HW,9.63,9.69,8.88,9.13,1235300,
HWAY,14.89,15.01,14.51,14.71,301700,
HWCC,13.95,14.07,13.8,13.9,44000,
HXL,34.16,34.169998,33.450001,33.619999,780800,
HXM,3.44,3.45,3.16,3.18,819000,
HY,68.260002,70.120003,66.599998,67.959999,80100,
HYD,30.780001,31,30.049999,30.15,1129300,
HYG,91.089996,91.580002,90.279999,90.739998,11094000,
HYLD,50.369999,50.5,50.040001,50.130001,81300,
HYS,103.440002,103.440002,102.050003,102.370003,267200,
HZNP,2.35,2.42,2.35,2.39,185300,
HZO,11.72,11.86,11.23,11.37,98600,
I,20.85,21.24,19.84,20.58,342300,
IACI,48.740002,48.799999,47.110001,47.32,1446400,
IAG,4.71,4.77,4.41,4.47,12173700,
IAI,30.719999,30.83,30.42,30.52,270900,
IART,36.299999,36.68,35.740002,36.099998,240000,
IAT,28,28.48,28,28.290001,73700,
IAU,12.58,12.7,12.39,12.43,18732700,
IBB,171.240005,171.240005,167.029999,167.919998,1403100,
IBCP,6.17,6.41,6.17,6.26,25500,
IBKC,52.349998,52.810001,52.009998,52.299999,176700,
IBKR,16.440001,16.459999,16.110001,16.25,546300,
IBM,200.669998,201.699997,197.279999,197.350006,4514800,
IBN,38.610001,38.710001,37.449999,37.76,13282000,
IBOC,20.950001,21.540001,20.950001,21.290001,157500,
ICA,6.53,6.66,6.14,6.57,1500600,
ICAD,5.8,5.91,5.7,5.76,4200,
ICE,176.84,178.180008,172.339993,173.470001,4707000,
ICF,79.230003,79.309998,76.07,76.389999,729500,
ICGE,11.41,11.46,11.23,11.4,78300,
ICLR,35.810001,35.950001,34.82,35.029999,248400,
ICN,20.01,20.01,19.629999,19.66,38400,
ICON,29.950001,30.049999,29.219999,29.280001,587300,
ICUI,72.730003,73.730003,71.760002,73.519997,115300,
IDA,46.639999,47.009998,46.029999,46.220001,303500,
IDCC,45.439999,45.790001,44.77,44.849998,314100,
IDIX,5.21,5.25,5.08,5.13,1012900,
IDSY,4.98,5.06,4.95,4.95,4800,
IDT,19.960002,20.229997,19.449998,19.709998,258900,
IDTI,8.2,8.32,7.87,7.92,1702100,
IDU,93.610001,93.610001,91.379997,91.489998,217500,
IDV,32.869999,32.950001,32.27,32.41,662000,
IDXX,88.25,88.870003,87.790001,88.18,1098000,
IEF,103.220001,103.43,102.809998,103.120003,1982500,
IEI,121.139999,121.220001,120.5,121.099998,246000,
IEMG,45.209999,45.209999,43.68,44.09,1386000,
IEO,73.860001,74.080002,71.660004,72.010002,95700,
IEP,71.849998,72.25,70.699997,71.389999,141700,
IEV,40.490002,40.52,39.900002,39.959999,453600,
IEX,53.380001,53.52,52.52,52.610001,265600,
IEZ,57.459999,57.490002,56.580002,56.779999,156900,
IFF,78.089996,78.190002,76.300003,76.470001,363100,
IFGL,31.120001,31.120001,30.43,30.48,182800,
IFN,18.799999,18.799999,18.120001,18.15,363700,
IFT,6.94,6.99,6.82,6.9,23200,
IGE,39.040001,39.130001,38.310001,38.439999,239300,
IGT,16.77,16.790001,16.280001,16.309999,4971900,
IGTE,15.4,15.6,15.29,15.53,257900,
IGV,68.220001,68.370003,67.269997,67.379997,315200,
IHF,83.300003,83.440002,82.330002,82.629997,34900,
IHS,104,104.660004,99.959999,100.220001,1333800,
IIIN,18.82,18.82,18.18,18.49,50300,
IIJI,19.290001,19.290001,19.15,19.190001,7800,
IILG,20.610001,20.610001,20.030001,20.41,84600,
IIVI,16.209999,16.370001,16.129999,16.26,163800,
IJH,115.739998,116.010002,113.839996,114.190002,1113000,
IJJ,101.989998,101.989998,99.57,99.75,182700,
IJK,129.419998,129.889999,127,127.379997,242500,
IJR,89.75,90.360001,88.82,89.089996,2908000,
IJS,92.989998,93.220001,91.809998,92.120003,129700,
IJT,96.720001,97.110001,95.419998,95.809998,401500,
IL,6.2,6.42,6.16,6.39,232300,
ILF,35.849998,35.970001,35.189999,35.400002,1318500,
ILMN,69.68,70.07,68.839996,69.260002,1078100,
IM,18.780001,18.870001,18.6,18.66,865600,
IMAX,25.4,25.59,24.700001,24.879999,962200,
IMGN,15.76,15.8,15.18,15.37,682700,
IMH,11.25,11.25,10.71,10.8,43000,
IMKTA,23.75,24.48,22.719999,23.049999,32100,
IMMR,14.13,14.27,13.16,13.43,535500,
IMMU,4.35,4.42,4.19,4.31,768800,
IMN,4.2,4.28,4.03,4.04,117700,
IMO,38.93,38.990002,38.029999,38.200001,406200,
IMOS,18.23,18.360001,17.559999,18.049999,458600,
IMPV,41.75,42.130001,41.540001,42.029999,168000,
IMUC,2.15,2.2,2.14,2.17,13000,
IN,9.92,9.94,9.91,9.92,687982,
INAP,7.9,7.94,7.82,7.91,136000,
INCY,20.09,20.17,19.42,19.530001,1223000,
INDB,32.709999,33.450001,32.709999,33.310001,73000,
INDL,12.62,12.75,11.23,11.5,55300,
INFA,35.84,35.84,34.860001,34.889999,1144300,
INFI,18.32,18.99,18.030001,18.360001,1059600,
INFN,10.84,11.05,10.6,10.66,1481000,
INFY,40.200001,40.529999,39.52,39.799999,7056800,
ING,9.16,9.18,9,9.04,2248000,
INGR,67.959999,67.959999,65.980003,66.010002,440800,
ININ,50.720001,52,50.5,50.939999,54900,
INN,9.41,9.41,9.08,9.13,444200,
INP,51.450001,51.779999,49.700001,50.009998,59700,
INSM,12.18,12.3,11.82,12.11,378400,
INT,39.279999,39.369999,38.459999,38.59,273400,
INTC,24.73,24.75,24.1,24.190001,63565700,
INTL,17.040001,17.5,17.040001,17.41,69200,
INTU,58,58.580002,57.75,57.849998,2199600,
INTX,8.86,8.88,8.76,8.78,68700,
INVE,0.75,0.8,0.74,0.8,19400,
INVN,14.35,14.5,13.81,13.93,2247400,
INWK,11.28,11.46,11.15,11.35,445200,
INXN,26.110001,26.209999,24.940001,25.049999,249000,
IO,5.880003,6.040003,5.840003,6.000003,78000,
IOC,73.940002,75.120003,72.059998,72.470001,445500,
IOO,69.510002,69.510002,68.080002,68.239998,131500,
IOSP,41.439999,41.439999,40.080002,40.360001,91600,
IP,45.090008,45.370004,44.089999,44.259998,3221700,
IPAR,31,31.1,29.379999,29.99,200000,
IPCM,51.650002,52.400002,51.650002,52.18,160900,
IPG,14.42,14.47,14.19,14.28,4105300,
IPGP,61.43,61.68,60.16,60.18,317000,
IPHI,11.02,11.16,10.47,10.58,247600,
IPHS,48.119999,49.060001,47.889999,48.439999,107100,
IPI,18.49,18.84,18.42,18.719999,965400,
IPXL,18.43,18.43,17.860001,17.959999,400700,
IQNT,5.05,5.27,5.04,5.25,535200,
IR,56.289994,56.339999,54.929994,55.069993,2820800,
IRBT,37.5,38,36.099998,37.360001,833700,
IRC,9.83,9.87,9.57,9.66,1051900,
IRDM,7.06,7.18,6.92,7.15,534900,
IRE,8.4,8.4,8.12,8.19,638800,
IRET,8.26,8.28,8.07,8.09,577300,
IRF,20.93,21.07,20.57,20.64,279400,
IRM,28.409998,28.430004,27.460002,27.57,3015300,
IRWD,11.97,12.09,11.26,11.31,1135700,
ISBC,20.24,20.419999,20.12,20.36,393800,
ISCA,32.490002,32.490002,32.009998,32.080002,126100,
ISIL,7.36,7.71,7.28,7.59,1979300,
ISIS,22.290001,22.459999,20.67,20.75,1427400,
ISLE,7.28,7.31,6.8,7.28,83000,
ISRG,506.820007,509.179993,496.450012,497.51001,309400,
ISS,5.28,5.35,5.2,5.21,226609,
ISSC,6.65,6.85,6.35,6.44,27400,
ISSI,10.94,11.08,10.85,11,85900,
IT,56.880001,57.540001,56.369999,56.41,178500,
ITB,23.25,23.299999,22.139999,22.34,13524400,
ITC,87.220001,87.380001,84.719999,85.080002,1314300,
ITG,14.12,14.14,13.82,13.89,541700,
ITMN,9.85,9.86,9.36,9.44,1681200,
ITOT,73.910004,73.910004,72.550003,72.779999,684600,
ITRI,43.110001,43.110001,42.709999,42.849998,694300,
ITT,29.290001,29.389999,28.860001,28.9,733000,
ITUB,12.449998,12.840004,12.160006,12.730003,37017600,
ITW,69.800003,70.190002,68.879997,69.059998,3253500,
IVAC,5.11,5.17,5.01,5.06,101700,
IVAN,1.05,1.05,0.95,0.98,70300,
IVC,14.69,14.78,14.27,14.33,177200,
IVE,76.459999,76.510002,75.099998,75.25,1278100,
IVR,17.799999,17.9,17.280001,17.41,3439400,
IVV,162.690002,162.910004,159.770004,160.210007,7577600,
IVW,85.040001,85.099998,83.43,83.610001,848800,
IVZ,33.560001,33.580002,32.68,32.799999,3865600,
IWB,89.889999,89.910004,88.260002,88.510002,619800,
IWC,61.240002,61.240002,60.330002,60.689999,241300,
IWD,83.849998,83.889999,82.300003,82.5,2374400,
IWF,73.370003,73.370003,71.989998,72.190002,2647200,
IWM,96.709999,98.209999,95.290001,95.690002,76262300,
IWN,85.150002,85.279999,83.889999,84.239998,1454500,
IWO,111.519997,111.75,109.830002,110.279999,1404400,
IWP,71.989998,71.989998,70.459999,70.68,381400,
IWR,129.910004,130,127.260002,127.599998,327400,
IWS,57.790001,57.830002,56.66,56.84,554000,
IWV,96.190002,96.199997,94.449997,94.709999,463500,
IXC,39.380001,39.380001,38.669998,38.700001,146700,
IXYS,11.14,11.25,10.74,10.87,63800,
IYE,45.349998,45.360001,44.459999,44.549999,674200,
IYF,71.07,71.379997,70,70,1420100,
IYG,71.419998,71.699997,70.540001,70.800003,167000,
IYH,100.660004,100.669998,98.440002,98.730003,142700,
IYJ,84.190002,84.190002,82.589996,82.709999,141600,
IYM,69.610001,69.800003,68.470001,68.639999,526300,
IYR,65.489998,65.769997,63.380001,63.669998,31601500,
IYT,110.989998,111.129997,109.550003,109.82,433200,
IYW,75.480003,75.739998,74.269997,74.269997,330100,
IYZ,25.469999,25.52,25.139999,25.17,394500,
JACK,38.389999,38.990002,38.240002,38.389999,231000,
JAGGF,0.41,0.41,0.41,0.41,0,
JAH,44.059994,44.080004,43.02,43.11,2630900,
JAKK,9.75,9.82,9.75,9.76,95100,
JASO,6.53,6.64,6.13,6.19,1577700,
JAZZ,67.050003,67.879997,64.75,65.510002,1257200,
JBHT,71.860001,72,70.599998,70.800003,548900,
JBL,18.809999,20.379999,18.809999,20.120001,5258600,
JBLU,6.16,6.16,6.08,6.13,3125000,
JBT,21.51,21.51,21.049999,21.290001,90700,
JCI,33.099998,33.099998,32.150002,32.259998,7074700,
JCOM,41.080002,41.220001,40.779999,40.950001,232700,
JCP,16.91,16.92,16.17,16.27,9220900,
JDSU,14.38,14.84,13.82,13.94,7043800,
JE,6.25,6.29,5.97,6,1147600,
JEC,55.580002,56.189999,55.290001,55.529999,911100,
JIVE,17.129999,17.49,16.74,16.85,620800,
JJC,37.880001,37.889999,37.32,37.450001,170300,
JJG,52.09,52.360001,51.790001,51.970001,74100,
JKHY,47.07,47.5,46.860001,46.970001,417200,
JKS,8.41,8.75,7.97,8.06,465200,
JLL,89.510002,89.779999,87.199997,87.639999,456200,
JMBA,15.87,16.1,15.69,15.83,264400,
JNJ,84.209999,84.449997,82.120003,82.620003,15172600,
JNK,39.52,39.720001,39.330002,39.490002,15414900,
JNPR,19.07,19.43,18.969999,19.190001,10662900,
JNS,8.32,8.37,8.08,8.12,2358800,
JNY,14.56,14.76,14.39,14.46,832000,
JO,25.389999,25.440001,24.5,24.620001,179800,
JOBS,62.07,63,60.939999,61.560001,316800,
JOE,20.67,20.860001,20.33,20.540001,619600,
JOSB,38.88,40.12,38.87,39.94,638100,
JOY,52.09,52.119999,50.849998,51.119999,3148300,
JPM,53.080002,53.18,52.27,52.48,31857100,
JRCC,2.18,2.19,2.1,2.14,605300,
JRN,7.19,7.37,7.14,7.26,635600,
JST,5.1,5.15,4.84,4.84,34200,
JW.A,39.48,40,39.209999,39.470001,482200,
JWN,58.43,58.540001,57.650002,57.759998,1201600,
JXI,42.700001,42.759998,41.900002,42.060001,31100,
K,63.459999,63.66,62.560001,62.57,2470100,
KAI,31.01,31.01,30.09,30.389999,26500,
KALU,62.470001,63.419998,61.990002,63.07,165400,
KAMN,33.720001,34.290001,33.720001,33.970001,109000,
KAR,22.66,22.690001,22.17,22.27,689500,
KB,30.110001,30.110001,29.52,29.719999,141700,
KBALB,10.32,10.46,10.21,10.37,63500,
KBE,27.68,28.15,27.68,27.91,3159300,
KBH,20.73,20.73,19.41,19.780001,7988500,
KBR,33.220001,33.240002,32.389999,32.619999,2129100,
KBWB,31,31.15,30.83,30.83,31500,
KCAP,10.5,10.7,10.41,10.52,331000,
KCE,40.84,40.84,39.919998,39.990002,78300,
KCG,3.67,3.68,3.63,3.63,1154100,
KDN,26.93,27.15,26.83,26.99,152800,
KEG,5.91,6.06,5.78,5.97,21500,
KELYA,17.440001,17.58,17.23,17.34,143600,
KEM,4.15,4.21,4.03,4.03,165700,
KEP,11.38,11.38,11,11.01,449600,
KERX,8.1,8.13,7.75,7.9,3870000,
KEX,79.589996,79.720001,78.529999,78.839996,265800,
KEY,10.32,10.65,10.24,10.37,26917100,
KEYN,13.86,13.86,13.37,13.45,43700,
KEYW,13.85,13.98,13.71,13.88,148600,
KFN,10.55,10.73,10.3,10.39,1105600,
KFRC,14.95,15.01,14.72,14.86,126400,
KFY,17.450001,17.48,17.15,17.290001,290200,
KGC,5.1,5.27,4.95,5.05,40216600,
KIE,53.52,53.779999,52.98,53.119999,226500,
KIM,21.41,21.41,20.469999,20.59,5960500,
KIOR,4.2,4.2,3.95,3.99,284000,
KIRK,17.48,17.66,17.370001,17.450001,99200,
KKD,17.42,17.84,17.01,17.440001,1699000,
KKR,19.23,19.280001,18.58,18.66,2748200,
KLAC,55.549999,55.869999,54.220001,54.43,1741500,
KLIC,11.31,11.46,11.15,11.21,387700,
KMB,95.879997,95.879997,93.809991,94.659999,5664500,
KMI,37.700001,37.73,36.099998,36.299999,8171000,
KMP,83.26,83.32,81.03,81.51,1764200,
KMR,79,79.17,77,77.44,1021200,
KMT,39.779999,40.009998,39.040001,39.119999,434300,
KMX,47.07,47.189999,44.25,44.57,3445300,
KND,12.83,13.04,12.71,12.81,744100,
KNDI,7.12,7.35,6.8,6.9,2404300,
KNL,13.86,13.86,13.46,13.61,219900,
KNOP,22.299999,22.49,22.09,22.09,23900,
KNX,16.75,16.809999,16.549999,16.73,494400,
KO,40.27,40.349998,38.970001,39.130001,24899700,
KOF,136.929993,137.600006,131.389999,133.449997,156500,
KOG,8.91,8.91,8.66,8.72,4025000,
KOL,18.32,18.32,17.799999,17.870001,243000,
KOLD,74.019997,75.519997,73.230005,74.480003,148500,
KONG,6.39,6.39,6.25,6.33,39300,
KOP,40.049999,40.41,39.380001,39.5,98900,
KOPN,3.54,3.66,3.45,3.47,186200,
KORS,60.889999,61.080002,58.98,59.599998,2883300,
KOS,10.55,10.55,10.31,10.5,525500,
KR,34.810001,34.810001,32.830002,32.98,16900400,
KRA,19.27,20.200001,18.82,19.969999,241100,
KRC,51.470001,51.470001,49.939999,50.110001,847800,
KRE,32.400002,32.849998,32.220001,32.59,4541600,
KRFT,55.099998,55.150002,52.91,52.990002,4797800,
KRG,5.79,5.82,5.5,5.53,103200,
KRO,15.77,16.290001,15.68,15.69,176300,
KS,38.66,39.380001,38.16,39.02,694200,
KSS,51.389999,51.599998,50.470001,50.560001,2495800,
KSU,109.139999,109.910004,107.830002,107.989998,909700,
KT,16.030001,16.030001,15.5,15.5,970700,
KTCC,11.04,11.09,10.6,10.66,59100,
KTOS,6.5,6.5,6.21,6.23,548200,
KUB,72.76,73.01,71.08,71.61,160200,
KVHI,12.76,13.11,12.76,12.91,38200,
KW,17.200001,17.280001,16.889999,16.959999,450200,
KWK,1.78,1.79,1.62,1.71,9458500,
KWR,63,63.5,62.400002,62.860001,64300,
L,44.34,44.419998,43.470001,43.580002,1122900,
LABL,29.49,30,28.860001,29.16,38600,
LAD,54.25,54.490002,53.049999,53.57,485800,
LAMR,42.990002,43.139999,42.360001,42.450001,1586200,
LANC,78.519997,78.559998,76.870003,77.029999,77300,
LAYN,19.969999,20.16,19.66,20.07,113400,
LAZ,35.080002,35.080002,32.529999,33.169998,1283000,
LBAI,9.769998,9.879996,9.639997,9.680002,79900,
LBJ,19.59,19.6,18.299999,18.73,5500,
LBTYA,70.029991,72.45,68.830001,69.030006,8552200,
LBTYK,65.68,67.529999,64.419998,64.57,3642600,
LBY,23.6,23.700001,23.049999,23.450001,202700,
LCAV,3.07,3.09,3.01,3.05,21700,
LCC,16.73,17.18,16.53,16.73,5234900,
LCI,11.39,11.608,11,11.15,107600,
LDK,1.35,1.42,1.31,1.32,1963900,
LEA,59.509998,59.630001,58.09,58.560001,732300,
LEAP,5.96,6.11,5.86,6.05,1520400,
LECO,57.860001,58.16,55.759998,55.790001,638900,
LEE,2.07,2.18,1.73,1.92,1044600,
LEG,31.799999,31.799999,30.66,30.85,1583300,
LEI,1.27,1.27,1.22,1.23,5900,
LEN,37.299999,37.299999,34.459999,34.939999,17668800,
LF,9.64,9.8,9.58,9.68,1035600,
LFC,35.670001,35.78001,34.670011,34.98,1002000,
LFL,16.219999,16.25,15.33,15.53,916900,
LFUS,72.550003,72.980003,70.919998,71.129997,56500,
LFVN,2.21,2.3,2.2,2.26,348634,
LG,45.880001,45.880001,44.360001,44.52,162400,
LGCY,26.6,26.809999,25.75,25.92,231600,
LGF,28.120001,28.309999,27.68,28.129999,1282200,
LGND,31.860001,37.349998,31.35,35.049999,705000,
LH,99.529999,99.989998,98.709999,98.989998,1203200,
LHCG,21.549999,22.43,20.709999,21.17,28700,
LHO,24.120001,24.23,23.35,23.530001,715000,
LIFE,74.09,74.11,73.93,74,2779300,
LII,63.189999,63.349998,61.110001,61.200001,663100,
LINC,6.59,6.72,6.55,6.69,78300,
LINE,32.970001,33.919998,32.509998,33.310001,3305900,
LINTA,22.56,22.56,22.05,22.18,2148600,
LIOX,3.06,3.13,3.05,3.05,224900,
LIT,11.69,12.23,11.52,11.59,19300,
LIWA,5.35,5.5,5.29,5.48,110300,
LKQ,25.889999,26.030001,25.15,25.280001,1455900,
LL,84.360001,84.5,80.709999,82.160004,1863800,
LLEN,3.88,4.02,3.76,3.98,372000,
LLL,84.720001,85.279999,84.07,84.129997,486000,
LLNW,2.29,2.36,2.26,2.28,344700,
LLTC,36.43,36.490002,35.849998,35.919998,2333400,
LLY,50.959999,50.959999,49.209999,49.41,7952200,
LM,31.9,31.959999,30.620001,30.690001,3835500,
LMCA,127.790062,127.950039,123.800034,125.000041,4965200,
LMNX,20.139999,20.190001,19.73,19.780001,118200,
LMOS,16.450001,16.59,15.81,16.200001,48800,
LMT,106.260002,106.93,105,105.040001,2591400,
LNC,35.07,35.82,34.82,35.48,4464400,
LNCE,27.59,27.969999,27.33,27.469999,245700,
LNCO,36.970001,36.98,36.02,36.799999,560300,
LNDC,14.17,14.17,13.57,14.05,121200,
LNG,27.08,27.08,25.9,26.440001,5595700,
LNKD,179.289993,179.830002,172.5,175.259995,2393800,
LNN,78.139999,78.139999,76.290001,77,334000,
LNT,48.52,48.599998,47.16,47.310001,1129600,
LO,43.52,43.700001,42.619999,42.84,3734800,
LOCK,11.4,11.58,11.01,11.49,908500,
LOCM,1.69,1.72,1.66,1.68,53900,
LODE,1.96,1.96,1.81,1.84,563000,
LOGI,6.8,6.87,6.75,6.81,185600,
LOGM,25.309999,25.309999,24.67,24.950001,220500,
LOPE,31.059999,32.619999,30.629999,31.629999,294000,
LORL,61.459999,61.73,61.009998,61.59,52400,
LOW,40.59,40.630001,39.810001,39.82,12013600,
LPHI,3.05,3.08,2.9,2.95,35200,
LPI,20.57,20.77,20.07,20.139999,471000,
LPL,12.45,12.45,11.88,11.94,1119700,
LPLA,36.990002,37.619999,36.66,37.209999,747700,
LPNT,49.77,49.77,48.529999,48.689999,395400,
LPR,0.4,0.4,0.4,0.4,1500,
LPS,31.66,31.92,31.6201,31.75,2353400,
LPSN,8.84,8.91,8.74,8.79,556000,
LPX,16.110001,16.209999,15.65,15.93,3854600,
LQD,113.870003,113.889999,112.790001,113.139999,6649600,
LQDT,31.040001,32.040001,30.26,31.75,589400,
LRCX,46.459999,46.799999,44.490002,44.810001,4215500,
LRE,15.11,15.15,14.5,14.57,112900,
LRN,26.84,27.09,26.48,27.01,119600,
LRY,17.11,17.11,17.11,17.11,0,
LSCC,4.93,4.97,4.88,4.91,616700,
LSE,8.5,8.54,8.49,8.51,1502200,
LSI,64.620003,64.620003,62.25,62.73,132100,
LSTR,51.880001,52.110001,50.950001,51.689999,335100,
LTBR,1.57,1.66,1.55,1.59,900,
LTC,38.880001,39.169998,36.82,37.040001,302000,
LTD,36.87,36.87,36.87,36.87,0,
LTM,49.939999,50.220001,48.810001,49.700001,340200,
LTPZ,60.709999,60.91,59.5,59.790001,41800,
LTXC,5.61,5.72,5.59,5.6,121200,
LUB,8.38,8.45,8.33,8.39,24000,
LUFK,88.48,88.49,88.45,88.47,713500,
LUK,26.16,26.209999,25.309999,25.41,2366800,
LULU,64.559998,64.669998,62.099998,62.700001,3974800,
LUV,13.56,13.7,13.51,13.53,7671800,
LUX,51.5,51.650002,50.959999,51,81600,
LVLT,21.139999,21.23,20.65,20.790001,1832000,
LVS,55.259998,55.41,53.540001,53.880001,9242800,
LXK,30.35,30.85,29.92,30.059999,547300,
LXP,11.79,11.84,11.32,11.41,2236800,
LXU,32.360001,32.419998,31.610001,32,180100,
LYB,67.449997,68.160004,66.699997,67,3979700,
LYG,3.84,3.85,3.73,3.74,2240800,
LYV,15.05,15.17,14.77,14.86,1020700,
LZB,19.629999,20.049999,19.16,19.34,1009100,
M,47.98,48.259998,46.669998,46.82,4195200,
MA,579.599991,585.699997,572.190018,572.719994,9215000,
MAA,63.09,63.130001,61.150002,61.389999,626700,
MAC,60.189999,60.279999,57.73,57.98,1026200,
MACK,6.31,6.31,5.8,5.83,613100,
MAIN,27.540001,27.540001,26.549999,26.870001,487200,
MAKO,12.02,12.23,11.53,11.59,905700,
MAN,55.290001,55.360001,54.18,54.380001,321800,
MANH,77.5,78.110001,76.57,76.919998,285200,
MANT,25.92,26.23,25.25,25.66,816200,
MANU,16.1,16.1,15.81,15.95,45900,
MAR,39.98,40,38.98,39.049999,2795600,
MAS,20.600002,20.639999,19.510001,19.620001,7116500,
MASI,21.75,22.190001,21.15,21.18,249200,
MAT,44.84,45,43.98,44.02,2000200,
MATW,36.970001,37.080002,36.529999,36.860001,77600,
MATX,24.66,24.950001,24.33,24.860001,319800,
MBB,105.57,105.660004,104.959999,105,1081100,
MBFI,25.360001,26,25.209999,25.32,196800,
MBI,13.16,13.34,12.77,12.93,4076900,
MBLX,1.49003,1.560031,1.49003,1.51003,6300,
MBND,3.22,3.23,3.22,3.22,165100,
MBT,18.43,18.450001,17.780001,17.780001,2127500,
MCC,13.35,13.44,13.2,13.37,444200,
MCD,98.370003,98.68,96.620003,96.790001,5550100,
MCEP,22.959999,23.309999,22.42,22.58,47000,
MCF,34.470001,34.560001,33.639999,33.900002,64000,
MCGC,4.96,4.99,4.89,4.96,426300,
MCHI,41.07,41.080002,39.580002,40.119999,2065100,
MCHP,36.889999,37.049999,36.27,36.439999,1906800,
MCHX,5.83,5.93,5.8,5.86,59100,
MCK,113.279999,113.43,110.419998,110.790001,1718100,
MCO,60.360001,60.84,58.66,58.799999,1990300,
MCP,5.53,5.53,5.23,5.43,4816100,
MCRI,16.76,16.9,16.190001,16.43,55600,
MCRL,9.64,9.72,9.55,9.7,307900,
MCRS,42.75,42.86,42.32,42.32,876200,
MCY,42.240002,42.259998,41.66,41.669998,199500,
MD,89.800003,89.800003,88.440002,88.830002,399600,
MDAS,17.809999,17.83,17.360001,17.530001,378900,
MDC,34.490001,34.61,32.639999,33.080001,1338100,
MDCI,7.1,7.11,6.61,7.1,146100,
MDCO,33.25,34.049999,32.700001,33,971900,
MDIV,21.190001,21.190001,20.75,20.83,544600,
MDLZ,29.209999,29.440001,28.24,28.34,15787400,
MDP,45.119999,45.32,44.650002,45.09,355800,
MDR,8.72,8.74,8.5,8.52,4155800,
MDRX,13.54,13.6,13.02,13.15,3846200,
MDSO,72.489998,72.489998,69.470001,70.080002,353000,
MDT,51.66,51.98,51.060001,51.189999,7158700,
MDU,24.879999,24.889999,24.35,24.389999,776700,
MDVN,45.970001,46,44.700001,45.209999,2161400,
MDXG,7.15,7.25,7.11,7.22,515600,
MDY,211.020004,211.380005,207.410004,207.710007,5070500,
MEA,1.36,1.41,1.35,1.35,231700,
MEAS,45,45.14,44.22,44.32,41300,
MED,26.98,26.98,25.379999,25.540001,259900,
MEET,1.24,1.27,1.2,1.21,333500,
MEG,9.61,9.78,9.42,9.5,206700,
MEI,15.5,15.5,14.31,14.76,622900,
MEIP,7.69,7.84,7.27,7.35,57100,
MELA,0.81,0.81,0.77,0.79,49000,
MELI,114.540001,114.760002,110.07,110.779999,695500,
MEMP,19.190001,19.52,19.040001,19.25,331200,
MEMS,4.09,4.1,4.07,4.09,53300,
MENT,19.370001,19.43,19.139999,19.290001,572800,
MEOH,42.919998,42.919998,41.77,42.509998,399100,
MERC,6.94,7.03,6.81,6.86,120500,
MERU,4.54,4.55,4.24,4.35,122000,
MET,44.669998,46.139999,44.540001,45.119999,11040200,
MFA,8.44,8.45,8.16,8.24,4585500,
MFB,17.95,17.96,17.67,17.75,111100,
MFC,15.95,16.459999,15.77,16.209999,4797200,
MFG,3.97,3.98,3.88,3.92,1095900,
MFLX,15.11,15.11,14.62,14.69,36300,
MFRM,39.25,39.540001,38.279999,39,121200,
MG,21.85,21.98,21.280001,21.41,126800,
MGA,68.889999,69.129997,68.150002,68.620003,1813000,
MGAM,25.63,25.72,24.68,24.74,237900,
MGC,55.34,55.380001,54.360001,54.509998,50400,
MGI,20.280001,20.540001,20.23,20.360001,78500,
MGIC,5.65,5.65,5.47,5.54,64700,
MGK,61.27,61.34,60.150002,60.279999,160800,
MGLN,55.939999,56.43,55.490002,56.209999,242400,
MGM,14.8,14.8,13.96,14.06,16193300,
MGPI,5.56,5.6,5.28,5.3,5900,
MGV,49.470001,49.52,48.599998,48.700001,133700,
MHFI,54.869999,55.84,53.009998,54.57,2180100,
MHGC,7.49,7.58,7.23,7.53,428900,
MHK,112.900002,113.349998,108.889999,109.889999,937300,
MHLD,10.78,10.86,10.68,10.69,214200,
MHO,24.559999,24.559999,22.84,23.08,873500,
MHR,3.6,3.6,3.35,3.48,4945500,
MIC,53.18,53.240002,51.189999,51.200001,430500,
MIDD,166.839993,167.339996,163.869987,164.960014,210300,
MIDU,54.009998,54.540001,51.400002,51.860001,444400,
MIDZ,31.23,32.580002,31.1,32.360001,30800,
MIG,7.73,7.97,7.69,7.91,365000,
MILL,4.04,4.14,3.95,3.98,202822,
MIND,16.559999,16.809999,16.219999,16.23,84600,
MINI,32.939999,33.220001,31.59,31.709999,344000,
MITK,7.14,7.25,6.81,6.88,657856,
MITL,3.73,3.82,3.65,3.78,16700,
MITT,20.01,20.1,19.01,19.15,549500,
MJN,79.889999,80.010002,77.639999,78.110001,1897400,
MKC,71.589996,71.709999,69.900002,70,824800,
MKSI,27.43,27.59,27.040001,27.25,216700,
MKTG,12.76,13.36,12.48,13.09,370400,
MKTX,46.400002,46.810001,45.619999,45.77,108000,
MLHR,27.870001,27.870001,27.32,27.65,260000,
MLI,51.080002,51.080002,49.98,50.110001,442800,
MLM,106.449997,106.790001,104.370003,105.029999,392500,
MLNK,2.62,2.8,2.6,2.73,270000,
MLNX,46.880001,47.439999,44.82,45.669998,855700,
MLPN,29.1,29.110001,28.26,28.540001,66900,
MLR,15.59,15.71,15.39,15.55,19300,
MM,8.65,8.78,8.35,8.41,1269200,
MMC,39.189999,39.400002,38.830002,38.900002,3128000,
MMLP,43.310001,43.470001,42.09,42.5,155500,
MMM,110.709999,110.760002,108.519997,108.779999,2975600,
MMP,53.150002,53.150002,50.709999,51.810001,1115400,
MMS,75.959999,76.75,75.669998,76.5,442600,
MMSI,10.98,11.01,10.79,10.84,129200,
MMYT,14.16,14.26,13.68,13.69,58000,
MN,18.860001,18.969999,18.620001,18.91,66600,
MNI,2.31,2.37,2.26,2.28,21600,
MNKD,6.88,6.98,6.57,6.7,8693000,
MNR,9.77,9.81,9.62,9.67,170700,
MNRO,48.880001,49.529999,48.23,48.25,127700,
MNST,57.760002,57.929998,55.9,56.040001,4124700,
MNTA,13.93,14.11,13.51,13.59,359200,
MNTG,3.45,3.66,3.44,3.5,77700,
MNTX,10.5,10.68,10.32,10.47,85000,
MNX,2959.5,2959.5,2882.699951,2890.300049,2041500000,
MO,35.130001,35.23,34.25,34.34,13214200,
MOBI,2.77,3.04,2.48,2.52,349100,
MOD,10.37,10.37,10.19,10.26,100800,
MODN,21.450001,21.799999,21.17,21.67,101300,
MOH,37.389999,37.5,36.169998,36.23,340900,
MOLX,29.47,29.55,29.04,29.09,526400,
MOLXA,24.56,24.79,24.48,24.55,254300,
MON,104.849998,105.410004,103.199997,103.449997,3054400,
MOO,52.029999,52.139999,50.91,51.07,346600,
MORN,74.309998,75.230003,74.309998,74.440002,75100,
MOS,57.610001,57.610001,56.5,56.830002,3042400,
MOSY,4.22,4.25,3.98,4.04,277300,
MOV,33.59,33.75,32.34,32.490002,59700,
MOVE,11.99,12.04,11.71,12,331800,
MPAA,8.82,9.2,8.51,9.11,371800,
MPC,77.18,77.199997,72.860001,73.790001,10555200,
MPEL,24.4,24.49,23.35,23.459999,5309200,
MPG,3.11,3.12,3.1,3.11,599400,
MPLX,38.990002,39,37.369999,38.360001,190500,
MPO,6.08,6.19,5.78,6.04,65300,
MPW,14.49,14.54,13.97,14.07,2511600,
MPWR,24.299999,24.49,23.959999,24.15,172600,
MR,38.32,38.360001,37.380001,37.5,956400,
MRC,27.27,27.4,26.51,27.25,937400,
MRCY,9.26,9.44,9.17,9.36,136200,
MRGE,3.51,3.54,3.37,3.42,362800,
MRH,25.309999,25.4,24.690001,24.690001,406600,
MRIN,10.28,10.53,10.27,10.49,66500,
MRK,47.419998,47.419998,46.209999,46.310001,17824900,
MRO,35.169998,35.259998,34.150002,34.290001,5948700,
MRTN,15.76,16.059999,15.53,15.85,56900,
MRVL,11.07,11.22,11,11.17,7151200,
MS,25.719999,25.75,24.950001,25.15,25968000,
MSA,44.93,45.189999,43.970001,44.169998,120100,
MSB,18.85,19,18.530001,18.709999,64400,
MSCC,21.83,22.15,21.6,22.040001,578600,
MSCI,33.66,33.830002,33.27,33.450001,475200,
MSFT,34.259998,34.330002,33.369999,33.490002,54493700,
MSG,60.080002,60.380001,58.849998,58.950001,267500,
MSI,56.529999,56.84,55.360001,55.5,2725500,
MSM,79.660004,79.660004,77.889999,78.440002,341400,
MSO,2.41,2.41,2.36,2.36,66500,
MSPD,3.12,3.25,3.06,3.13,237500,
MSTR,87.040001,87.18,85.830002,86.639999,66400,
MSTX,0.455,0.4649,0.437,0.45,1478063,
MT,11.64,11.76,11.48,11.59,9160900,
MTB,102.900002,104.919998,102.379997,104.300003,1070900,
MTD,209.970001,211.520004,203.490005,203.910004,227600,
MTDR,11.35,11.54,11.09,11.17,439300,
MTG,6.19,6.21,5.92,6.04,13529100,
MTGE,19.790001,19.870001,18.879999,18.98,2460100,
MTH,45.529999,45.599998,42.689999,43.790001,1084100,
MTL,3.01,3.07,2.6,2.71,4102300,
MTN,63.099998,63.18,61.07,61.59,123300,
MTOR,6.99,6.99,6.76,6.9,1240400,
MTRN,28.77,28.77,28.190001,28.51,84200,
MTRX,16.200001,16.209999,15.8,15.88,94200,
MTSC,57.639999,57.959999,56.639999,56.860001,38000,
MTSN,2.18,2.31,2.18,2.23,828700,
MTU,5.98,5.99,5.84,5.85,4324200,
MTW,18.590001,18.590001,17.820001,17.940001,14638500,
MTX,41.959999,42.099998,41.349998,41.549999,164500,
MTZ,32.049999,32.41,31.469999,31.889999,622800,
MU,13.48,13.81,13.19,13.54,75247900,
MUB,105.410004,105.410004,103.760002,104.080002,787600,
MUR,61.959992,62.079996,60.910003,61.149997,2326500,
MUX,1.9,2.04,1.815,1.86,5183400,
MVC,12.71,12.78,12.6,12.69,73600,
MVG,6,6.04,5.53,5.78,122900,
MVIS,3.03,3.03,2.67,2.8,565000,
MVO,31.5,31.85,29.360001,29.719999,172400,
MVV,94.660004,94.949997,91.410004,91.410004,397400,
MW,36.759998,36.759998,36.040001,36.220001,650000,
MWA,6.36,6.42,6.13,6.23,1501400,
MWE,65.5,65.739998,63.009998,63.59,1249600,
MWIV,124.06,124.22,121,121.52,47000,
MWV,34.650002,35.009998,34.450001,34.52,1512400,
MWW,5.06,5.12,4.96,4.99,2024500,
MX,17.73,17.82,16.969999,17.23,558800,
MXIM,27.879999,27.959999,27.290001,27.360001,3537000,
MXL,6.62,6.82,6.3,6.39,41200,
MXWL,6.95,6.95,6.54,6.61,344700,
MY,1.87,1.88,1.71,1.71,873900,
MYE,15.02,15.1,14.48,14.62,91300,
MYGN,25.629999,26.76,25.209999,26.18,3741900,
MYL,31.040001,31.059999,30.18,30.35,5468800,
MYRG,19.469999,20.110001,19.309999,19.559999,175600,
MZZ,18.83,19.440001,18.709999,19.33,16800,
N,87.019997,87.019997,85.389999,85.550003,340100,
NAFC,23.16,23.29,22.01,22.31,35400,
NAK,2.27,2.35,2.2,2.2,176300,
NANO,15.21,15.21,14.97,15.04,106000,
NAT,8.139997,8.139997,7.850003,7.889996,1172400,
NATI,26.889999,27.290001,26.610001,26.77,250100,
NATR,16.16,16.549999,15.96,16.08,41600,
NAV,29.450001,29.49,26.4,26.57,6173100,
NAVB,2.53,2.57,2.46,2.49,460120,
NBG,4.86,4.9,4.6,4.67,4123700,
NBIX,12.71,12.8,12.11,12.38,576500,
NBL,59.580002,59.889999,58.48,58.790001,2310500,
NBR,16.190001,16.190001,15.6,15.67,4436300,
NBTB,20.299999,20.99,20.299999,20.73,140700,
NCI,13.4,13.52,13.17,13.3,134000,
NCLH,31.09,31.67,30.790001,31.280001,295500,
NCMI,16.5,16.940001,15.98,16.299999,246300,
NCQ,1.81,1.84,1.8,1.83,58800,
NCR,33.16,33.240002,32.130001,32.23,1468700,
NCS,16.129999,16.18,15.58,15.75,195400,
NCT,5.180195,5.210194,4.930185,5.010186,7714700,
NCTY,3.98,4.12,3.95,3.95,57700,
NDAQ,32.509998,32.990002,32.25,32.75,1954100,
NDO,77.889999,78.099998,77.129997,77.559998,0,
NDRO,16.17,16.200001,15.91,15.95,42700,
NDSN,69.260002,69.730003,67.489998,67.559998,285900,
NDX,2927.629883,2938.100098,2882.449951,2890.330078,2041500000,
NDZ,7.41,7.46,7.27,7.3,184600,
NE,37.490004,37.689998,37.000004,37.139997,3694900,
NEE,79.57,79.589996,77.199997,77.330002,2516000,
NEM,30.74,30.83,29.4,29.75,16749000,
NEO,3.99,3.99,3.73,3.78,136200,
NEOG,53.799997,54.330002,52.809998,52.880001,123100,
NEON,5.3,5.41,5.15,5.17,183100,
NEPT,3,3.04,3,3,84700,
NES,3.14,3.18,3.06,3.08,233000,
NEU,268.829987,272.480011,268.089996,269.98999,42600,
NEWP,13.49,13.65,13.3,13.45,115200,
NFBK,11.75,11.82,11.69,11.78,493300,
NFG,59.740002,59.740002,58.209999,58.41,619700,
NFLX,229.470005,231,220.540001,223.520002,21116200,
NFP,25.31,25.32,25.28,25.28,506400,
NFX,24.059999,24.059999,23.09,23.25,2936700,
NG,2.2,2.23,2.08,2.09,2998500,
NGD,6,6.1,5.89,5.96,8450700,
NGG,56.959999,57.049999,55.959999,56.09,807900,
NGL,29.360001,29.360001,28.6,28.83,73100,
NGLS,48.040001,48.040001,45.599998,46.310001,565800,
NGPC,6.66,6.68,6.42,6.49,98100,
NGS,23.030001,23.16,22.639999,22.809999,34100,
NGVC,32.41,32.490002,30.76,31.02,116600,
NHI,58.200001,58.34,56.200001,56.599998,144400,
NI,28.480001,28.480001,27.560001,27.620002,6088100,
NIB,28.9,28.9,28.709999,28.809999,9100,
NICE,37.009998,37.080002,36.720001,36.98,142900,
NIHD,90,90,81.5,81.5,52700,
NILE,38.25,38.25,36.860001,36.889999,179400,
NKA,14.26,14.38,14.01,14.31,119300,
NKE,61.330002,61.630001,60.639999,60.779999,9824200,
NKTR,10.74,10.95,10.5,10.59,1029800,
NKY,16.02,16.040001,15.71,15.74,1766200,
NLNK,21.59,21.879999,21.120001,21.68,185700,
NLS,8.13,8.28,7.98,8.03,407700,
NLSN,34.720001,34.880001,34.299999,34.439999,2095900,
NLST,0.95,0.96,0.88,0.88,109300,
NLY,12.87,12.88,12.46,12.55,22023300,
NM,5.18,5.25,5.05,5.13,434300,
NMFC,14.2,14.25,14.05,14.11,797700,
NMM,14.3,14.33,13.73,13.91,444000,
NMR,7.52,7.54,7.34,7.38,1972800,
NMRX,10.91,10.99,10.08,10.12,39100,
NNBR,10.22,10.32,10.11,10.19,114300,
NNI,35.77,36.259998,35.66,36.189999,130300,
NNN,35.330002,35.439999,32.810001,33.16,2208900,
NOA,4.62,4.63,4.37,4.43,111700,
NOAH,11.45,11.46,9.72,9.9,479100,
NOC,82.300003,83.160004,81.949997,81.970001,1455400,
NOG,13.76,13.86,13.19,13.31,636400,
NOK,3.88,3.98,3.78,3.83,60031900,
NOR,3.729996,3.789996,3.549997,3.609996,65100,
NOV,70.04,70.059998,68.4,68.550005,5831000,
NOW,38.310001,38.52,37.779999,38.330002,1137100,
NP,31.52,31.780001,31.34,31.629999,85200,
NPD,1.63,1.63,1.6,1.61,48100,
NPO,50.209999,50.48,49.459999,49.580002,214400,
NPSP,14.55,14.67,14.06,14.21,1637900,
NPTN,8.2,8.4,8.15,8.26,166800,
NQ,7.9,8,7.8,7.88,394400,
NR,10.94,10.97,10.61,10.93,573200,
NRF,8.680003,8.740003,8.449995,8.500003,2158500,
NRG,26.15,26.15,25.309999,25.440001,4321300,
NRGM,22.6,22.63,21.93,21.93,1242300,
NRGY,14.73,14.85,14.56,14.7,515400,
NRP,22.29,22.6,22.12,22.530001,34600,
NRT,25.01,25.1,24.75,24.950001,14900,
NRZ,6.66,6.66,6.4,6.46,1756500,
NS,44.900002,45.130001,43.27,43.5,443300,
NSC,74.449997,74.690002,73.059998,73.480003,3997900,
NSH,25.290001,25.690001,24.75,24.809999,346100,
NSIT,18.040001,19.18,17.48,17.530001,216500,
NSM,41.84,41.84,39.669998,39.959999,2152600,
NSP,30.65,30.74,30.190001,30.540001,77000,
NSPH,3.66,3.73,3.58,3.6,21200,
NSR,48.299999,48.52,47.400002,47.490002,255900,
NSU,2.93,2.98,2.79,2.81,4054800,
NTAP,38.450001,38.849998,38.02,38.310001,5380700,
NTCT,24.049999,24.309999,23.65,24.059999,145700,
NTE,6.52,6.55,6.12,6.15,585300,
NTES,60.25,61.049999,58.990002,59.450001,406800,
NTGR,31.93,32.490002,31.389999,31.780001,270400,
NTI,25.870001,25.940001,25.4,25.75,746300,
NTLS,15.41,15.57,15.2,15.45,155600,
NTRI,10.2,10.31,9.97,10.14,382300,
NTRS,57.470001,58.790001,57.34,58.110001,3001500,
NTSP,16,16,15.975,15.98,151900,
NTT,25.969999,25.99,25.66,25.67,522500,
NTWK,10.39,10.77,10.18,10.66,387463,
NU,41.05,41.05,39.43,39.61,2884900,
NUAN,18.629999,18.700001,18.440001,18.52,4240100,
NUE,44.23,45.25,43.779999,44,3213600,
NUS,61,61.060001,59.380001,59.610001,541100,
NUVA,22.639999,23.35,22.57,22.9,455200,
NVAX,1.9,1.92,1.84,1.9,1230600,
NVDA,14.72,14.74,14.34,14.44,15717400,
NVDQ,13.5,13.63,13.03,13.14,191600,
NVE,23.52,23.54,23.48,23.54,8131800,
NVMI,9.3,9.37,9.2,9.28,126500,
NVO,157.969999,158.000002,153.879995,154.750004,3110500,
NVS,70.760002,70.830002,69.849998,70.010002,1392700,
NVTL,3.79,3.79,3.52,3.6,254400,
NWBI,12.43,12.63,12.43,12.5,668000,
NWBO,3.54,3.55,3.46,3.46,74300,
NWE,39.619999,39.619999,38.360001,38.470001,283200,
NWL,26.5,26.52,25.99,26.059999,2517800,
NWN,42.400002,42.669998,41.84,41.98,230500,
NWPX,26.41,26.879999,26.02,26.24,31900,
NWS,16.25,16.299999,15.36,15.44,1874600,
NWSA,16.370001,16.370001,15.25,15.3,9274200,
NWY,6.17,6.2,6.09,6.16,252400,
NX,17.85,17.85,16.84,16.940001,759000,
NXPI,31.09,31.360001,30.190001,30.549999,4552100,
NXST,33.119999,34.02,32.709999,33.009998,637700,
NXTM,14.13,14.25,13.85,14.12,409100,
NYCB,13.53,13.63,13.41,13.53,4437200,
NYMT,6.94,6.94,6.59,6.65,2187500,
NYMX,5.36,5.36,5.22,5.22,22500,
NYT,10.31,10.48,10.17,10.43,1590000,
NYX,41.17,41.45,40.43,40.57,1455500,
O,43.009998,43.080002,40.740002,41.02,3743600,
OAK,50.549999,52.439999,50.549999,51.939999,384600,
OAS,41,41.060001,38.549999,38.830002,2714600,
OB,14.91,15.07,14.91,15.02,140200,
OC,42.220001,42.41,41.369999,41.709999,2087600,
OCLR,1.23,1.3,1.21,1.26,1480900,
OCN,43.869999,44.099998,41.919998,42.34,3501300,
OCR,46.860001,47.150002,46.52,46.689999,1317600,
OCZ,1.36,1.4,1.34,1.39,865000,
ODFL,42.459999,42.990002,41.790001,42.080002,354700,
ODP,4.2,4.2,4.09,4.1,5173000,
OEF,73.110001,73.239998,71.800003,72,1158000,
OEH,12.11,12.2,11.3,11.45,1208200,
OEX,0.276,0.276,0.276,0.276,0,
OFC,25.309999,25.33,24.469999,24.59,650800,
OFG,16.73,17.4,16.629999,17.07,280900,
OFIX,28.73,28.73,27.469999,27.5,192900,
OGE,67.279999,67.300003,65.089996,65.169998,729400,
OGXI,9.43,9.68,9.12,9.36,56200,
OHI,31.27,31.27,29.07,29.440001,2867600,
OI,27.110001,27.24,26.620001,26.91,2001700,
OIBR,1.66,1.74,1.64,1.74,349200,
OIH,43.119999,43.18,42.5,42.639999,6899100,
OII,72.360001,72.639999,71.120003,71.949997,508500,
OIL,22.24,22.26,21.92,22,457900,
OILT,49.3,49.5,48.8,48.82,29100,
OIS,91.729997,92.589996,89.860001,89.950003,2353400,
OKE,42.579999,42.709999,41.03,41.16,2769800,
OKS,49,49.18,47.099998,47.549999,927900,
OKSB,13.61,13.61,13.18,13.34,25100,
OLN,23.52,23.799999,23.219999,23.309999,748000,
OMC,62.259998,62.580002,61.32,61.66,1347100,
OMCL,18.84,19.129999,18.84,19.040001,185500,
OME,9.86,9.86,9.17,9.24,121800,
OMER,4.99,5.05,4.86,4.91,225300,
OMEX,3.109999,3.189999,2.919999,2.979999,95200,
OMG,30.76,31.190001,30.459999,30.84,182200,
OMI,33.82,34,33.380001,33.610001,439100,
OMN,8.08,8.19,7.88,7.95,60000,
OMX,11.01,11.01,10.67,10.75,1560600,
ONB,13.09,13.33,13.09,13.23,507100,
ONCY,2.45,2.45,2.29,2.4,204700,
ONE,11.11,11.18,10.96,10.98,173200,
ONNN,8.1,8.13,7.89,7.99,7967200,
ONP,1.66,1.66,1.51,1.56,68900,
ONTY,1.77,1.78,1.72,1.77,407600,
ONXX,84.96,85.23,82.53,83.018,865400,
OPEN,66.07,67.71,63.02,64.07,560900,
OPK,7.04,7.08,6.91,6.98,1791600,
OPLK,18.25,18.54,18.08,18.16,68200,
OPTR,14.23,14.33,13.68,13.72,728100,
ORA,22.610001,22.76,22.01,22.23,113000,
ORB,17.59,17.68,17.39,17.51,159300,
ORBC,4.37,4.44,4.37,4.42,263400,
ORBK,12.19,12.37,11.82,12.03,85300,
ORCL,33.880001,34.02,33.029999,33.209999,35222400,
OREX,6.29,6.29,6,6.01,164800,
ORI,12.83,12.88,12.45,12.5,1373700,
ORIG,16.780001,17.1,16.780001,17,419600,
ORIT,15.02,15.37,15.02,15.3,179500,
ORLY,112.029999,112.580002,110.470001,110.82,609900,
ORN,12.03,12.03,11.67,11.75,130300,
OSGIQ,3.39,3.45,3.3,3.3,34100,
OSIR,10.33,10.61,10.15,10.19,94000,
OSIS,57.099998,57.599998,55.5,55.860001,185300,
OSK,36.869999,36.869999,35.470001,35.900002,802700,
OSTK,26.799999,27,26.030001,26.540001,251400,
OSUR,4,4.01,3.79,3.8,515700,
OSX,256.49,256.5,250.55,251.35,0,
OTEX,70.610001,71.239998,69.239998,69.419998,929200,
OTTR,27.549999,27.700001,26.9,27.01,115700,
OVTI,19.559999,19.559999,18.75,18.959999,1439500,
OVX,19.98,26.1,19.98,25.9,0,
OWW,7.9,7.98,7.68,7.75,951600,
OXF,2.28,2.34,2.25,2.33,43000,
OXM,62.790001,63.169998,61.049999,61.169998,46700,
OXY,90.820005,90.940008,88.490006,88.940006,5671300,
OZM,10.59,10.64,10.05,10.16,740200,
OZRK,42.709999,43.650002,42.709999,43.450001,343000,
P,15.4,15.78,14.8,14.93,5563200,
PAA,56.220001,56.220001,53.639999,54.66,2548400,
PAAS,10.92,11.31,10.85,10.97,3462500,
PAC,43.189999,43.91,41.919998,42.549999,118400,
PACB,2.72,2.74,2.61,2.65,316500,
PACD,9.49,9.49,9.09,9.16,64800,
PACR,6.51,6.51,6.26,6.33,173100,
PACT,6.8,6.85,6.75,6.76,161465,
PACW,28.26,28.879999,28.26,28.66,204700,
PAG,30.48,30.549999,29.73,29.969999,453200,
PAL,0.98,1,0.96,0.98,2088706,
PANL,27.51,27.79,26.79,26.79,598800,
PANW,41.360001,42.34,41.07,41.860001,1359300,
PATH,2.73,2.79,2.62,2.67,113400,
PAY,16.23,16.469999,16.01,16.299999,4046300,
PAYX,36.950001,37.189999,36.689999,36.740002,2798600,
PB,49.5,50.259998,49.279999,49.950001,466900,
PBA,31.24,31.379999,30.440001,30.65,365500,
PBCT,14.06,14.38,14,14.25,6663600,
PBF,26.379999,26.389999,25.559999,25.639999,1469400,
PBH,29.1,29.1,27.77,27.860001,381800,
PBI,14.08,14.16,13.63,13.78,2970300,
PBJ,24.559999,24.57,24,24.02,30400,
PBNY,9.13,9.25,9.11,9.19,120500,
PBR,14.08,14.48,13.88,14.07,37789200,
PBR.A,15.03,15.4,14.68,14.97,13843900,
PBT,13.01,13.09,12.67,12.96,334100,
PBTH,6.26,6.35,6.21,6.24,150600,
PBW,5.31,5.31,5.14,5.16,451700,
PBY,11.8,11.88,11.57,11.59,405700,
PCAR,53.139999,53.259998,52.02,52.209999,1672000,
PCCC,16.049999,16.290001,15.5,15.65,21300,
PCEF,24.450001,24.549999,23.950001,24.01,325500,
PCG,44.360001,44.400002,43.490002,43.59,2299300,
PCH,40.18,40.52,39.66,39.93,342100,
PCL,44.740002,45.779999,44.139999,44.509998,2264000,
PCLN,822.5,830.380005,812.450012,815.690002,873300,
PCOM,20.9,20.959999,20.15,20.35,66400,
PCP,215.039993,218.029999,213,213.479996,786500,
PCRFY,7.4,7.4,7.28,7.3,58400,
PCRX,29.190001,29.58,28.440001,28.84,328800,
PCTI,8,8.17,7.95,8.01,49100,
PCXCQ,0.155,0.179,0.155,0.17,219700,
PCY,27.08,27.139999,26.51,27,3043400,
PCYC,83.4,84.22,79.08,81.29,1174500,
PDCE,53.259998,53.259998,51.009998,52.110001,782800,
PDCO,37.900002,37.959999,37.169998,37.310001,1075500,
PDFS,18.08,18.110001,17.42,17.49,60000,
PDH,12.89,12.89,12.54,12.68,129700,
PDLI,7.64,7.87,7.38,7.44,2812300,
PDM,17.43,17.459999,16.889999,17,1700700,
PDP,31.389999,31.389999,30.68,30.77,455800,
PDS,8.91,8.97,8.7,8.73,3069000,
PEB,25.040001,25.27,24.52,24.9,396400,
PEG,32.169998,32.25,31.120001,31.209999,4105800,
PEGA,31.98,32.700001,31.98,32.41,223400,
PEI,18.84,18.860001,17.950001,18.280001,631200,
PEIX,3.62,3.65,3.42,3.55,316400,
PENN,52.459999,52.469996,51.149996,51.199998,7579600,
PEP,80.480003,80.879997,78.769997,78.910004,7031200,
PER,15,15.15,14.75,14.78,291100,
PERI,11.84,11.95,11.35,11.62,370800,
PERY,21.52,21.6,21.42,21.52,54500,
PES,7.01,7.01,6.65,6.68,344000,
PETM,67.9,67.92,66.3,66.54,1308100,
PETS,13.28,13.28,12.8,12.87,201400,
PF,24.77,25.26,24.57,24.959999,907400,
PFE,29.02,29.23,28.450001,28.639999,95693800,
PFF,38.869999,38.91,38.669998,38.75,6495900,
PFG,37.82,38.009998,37.060001,37.23,2651700,
PFMT,11.03,11.06,10.62,11.01,191500,
PFPT,22.940001,23.309999,22.639999,23.049999,231200,
PFS,14.93,15.23,14.9,15.13,197900,
PFSI,21.57,21.639999,21.209999,21.42,113600,
PFSW,3.99,4,3.92,3.94,42900,
PG,77.209999,77.330002,75.099998,75.25,15555700,
PGEM,23.08,23.690001,22.92,23.25,206800,
PGF,17.780001,17.809999,17.559999,17.639999,1074700,
PGH,4.95,4.98,4.81,4.86,2409800,
PGI,12.09,12.26,12.02,12.2,238100,
PGJ,20.969999,20.969999,20.34,20.360001,121300,
PGNX,4.4,4.4,4.1,4.28,3353400,
PGR,24.870001,24.99,24.52,24.610001,3221900,
PGTI,8.57,8.63,8.17,8.3,474300,
PGX,14.12,14.14,14.05,14.1,3364500,
PH,96.879997,96.879997,95.309998,95.709999,1651600,
PHB,18.709999,18.780001,18.639999,18.700001,675300,
PHG,28.639999,28.67,28.02,28.190001,1270400,
PHH,19.66,19.84,18.82,19.01,2259900,
PHM,20.129999,20.190001,18.33,18.870001,28389200,
PHMD,16.12,16.24,15.55,15.57,30800,
PHO,22.09,22.09,21.690001,21.74,221500,
PICO,21.459999,21.690001,20.700001,20.709999,208700,
PID,16.629999,16.629999,16.33,16.4,416000,
PIE,17.77,17.780001,16.959999,17.1,664200,
PII,95.660004,96.32,94.57,95.040001,1294300,
PIKE,12.35,12.35,11.96,12.13,233300,
PIN,16.059999,16.08,15.53,15.59,815000,
PIP,1.59,1.61,1.56,1.6,366900,
PIR,24,24,22.809999,23.15,3095900,
PJC,33.580002,33.580002,32.490002,32.759998,137700,
PKD,4.99,5.02,4.89,5,1172500,
PKE,23.85,24.219999,23.75,24.049999,35100,
PKG,49.009998,49.110001,48.5,48.619999,526500,
PKI,33.299999,33.310001,32.639999,32.759998,1313100,
PKT,13.87,13.92,13.31,13.5,256000,
PKX,67.5,67.5,66.209999,66.82,302300,
PKY,16.82,16.91,16.08,16.200001,292800,
PL,38.41,38.91,38.03,38.31,296800,
PLAB,7.48,7.61,7.39,7.54,258800,
PLCE,54.52,54.669998,52.939999,53.209999,355200,
PLCM,10.69,10.77,10.51,10.65,1606100,
PLD,36.740002,36.75,35.450001,35.599998,5613700,
PLL,66.540001,66.769997,65.75,66.099998,668100,
PLOW,13.29,13.38,13.11,13.2,74400,
PLT,45.369999,45.459999,44.82,44.959999,144400,
PLTM,11.34,11.49,10.94,10.94,18100,
PLUG,0.46,0.46,0.42,0.42,3624000,
PLX,5.11,5.14,5,5.04,493400,
PLXS,28.889999,28.950001,28.200001,28.459999,249500,
PLXT,4.66,4.76,4.58,4.7,326700,
PM,89.860001,89.860001,86.330002,86.629997,9511400,
PMC,16.030001,16.040001,15.72,15.81,126600,
PMCS,6.11,6.14,6.01,6.03,1216800,
PMFG,6.28,6.63,6.23,6.29,36000,
PMT,20.9,20.940001,20.08,20.17,1198600,
PMTC,24.56,24.67,24.18,24.26,805600,
PMTI,13.43,13.47,13.25,13.29,120100,
PNC,70.349998,71.690002,70.150002,71.050003,4514000,
PNFP,24.76,25.139999,24.76,24.85,94400,
PNG,20.56,20.73,20.04,20.06,91000,
PNK,19.35,19.35,18.549999,18.65,746000,
PNM,21.76,21.82,21.23,21.35,553000,
PNNT,11.2,11.2,10.94,10.99,808600,
PNR,58.169998,58.169998,56.610001,56.709999,1613200,
PNRA,185.199997,185.940002,182.880005,183.050003,481400,
PNW,53.889999,53.939999,52.040001,52.25,2191500,
PNY,33.919998,34.040001,32.740002,32.849998,453600,
PODD,30.030001,30.370001,28.73,28.790001,523000,
POL,25.780001,25.92,24.68,24.84,748300,
POM,19.77,19.799999,19.370001,19.42,2858700,
POOL,50.799999,51.200001,50.189999,50.560001,321600,
POR,30.059999,30.18,29.469999,29.559999,849000,
POST,46.009998,46.490002,44.790001,45.130001,156800,
POT,40.439999,40.439999,39.439999,39.66,6945700,
POWI,39.77,40.299999,39.380001,39.650002,132100,
POWR,15.28,15.43,15,15.04,214800,
POZN,4.91,5,4.83,4.91,154000,
PPC,13.29,13.56,12.76,12.77,874700,
PPG,152.25,152.759995,149.610001,150.080002,2130400,
PPH,46.389999,46.389999,45.18,45.43,606600,
PPHM,1.45,1.48,1.4,1.42,1322100,
PPL,28.879999,28.93,28.440001,28.52,6498600,
PPO,40.18,40.540001,39.619999,40.279999,470400,
PPP,4.63,4.66,4.33,4.47,494800,
PPS,46.369999,46.43,45.23,45.439999,462300,
PQ,4.52,4.52,4.05,4.09,247300,
PRA,51.759998,51.939999,51.130001,51.189999,237700,
PRAA,158.480015,159.899998,156,156.699989,225600,
PRCP,7.48,7.48,7.4,7.47,10900,
PRE,89.830002,89.980003,88.260002,88.279999,575400,
PRFT,13.26,13.37,13,13.28,106500,
PRGO,119.790001,119.790001,118.139999,118.449997,619600,
PRGS,22.139999,22.26,21.610001,21.66,560400,
PRI,36.970001,37.549999,36.810001,37.27,284400,
PRIM,20.190001,20.26,19.82,20.01,203900,
PRKR,4.17,4.25,4.04,4.07,53600,
PRLB,62.599998,63.75,60.049999,61.009998,798400,
PRMW,1.74,1.79,1.61,1.76,172100,
PRSC,26.620001,27.280001,26.190001,27.049999,106200,
PRSS,6.06,6.12,5.95,6.05,32900,
PRU,71.470001,73.050003,70.839996,71.910004,3369200,
PRXL,47.860001,48.189999,47.27,47.650002,1059500,
PSA,148.520004,148.649994,145.039993,145.899994,1012100,
PSB,70.919998,70.919998,68.059998,68.300003,80700,
PSDV,3.94,3.98,3.85,3.91,168900,
PSE,24.35,24.35,24.35,24.35,0,
PSEC,10.45,10.57,10.32,10.45,3654600,
PSEM,7.17,7.27,7.16,7.2,89700,
PSMI,10.82,10.97,10.53,10.93,177800,
PSMT,89.160004,89.419998,86.989998,87.540001,161700,
PSO,17.959999,18.15,17.940001,17.98,824400,
PSQ,22.780001,23.15,22.719999,23.09,491500,
PST,29.200001,29.33,29.030001,29.17,753800,
PSTB,5.6,5.7,5.49,5.57,75000,
PSTI,2.68,2.81,2.64,2.81,163300,
PSUN,3.21,3.24,3.02,3.06,596800,
PSX,62.580002,62.689999,60.060001,60.389999,5087000,
PT,3.98,4.01,3.91,3.92,591900,
PTEN,20.290001,20.5,19.76,19.790001,3249100,
PTIE,2.36,2.4,2.27,2.28,302400,
PTM,15.73,15.73,15.32,15.36,45800,
PTP,57.42,57.7,56.35,56.47,195500,
PTR,105.57,105.629997,102.400002,103.059998,336400,
PTRY,13.12,13.28,12.76,12.86,94000,
PUK,32.119999,32.41,31.93,32.029999,224100,
PVA,4.74,4.74,4.53,4.6,950500,
PVG,6.86,6.92,6.2,6.26,583100,
PVH,123.540001,123.629997,119.510002,120.32,779100,
PVR,26.8,26.98,26.23,26.89,651900,
PVTB,19.49,19.809999,19.26,19.629999,411800,
PWE,11.07,11.17,10.84,10.93,3649200,
PWER,6.31,6.31,6.27,6.285,6353800,
PWR,26.59,26.639999,26.08,26.17,2313000,
PWRD,16.059999,16.07,15.54,15.74,631600,
PX,118.330002,119.18,116.010002,116.360001,1306400,
PXD,150.419998,150.440002,145.820007,146.289993,2374600,
PZA,24,24.02,23.58,23.610001,677200,
PZE,3.83,3.88,3.54,3.54,224400,
PZG,1.36,1.4,1.31,1.32,1364500,
PZO,133.179993,134.559998,132.470001,133.660004,0,
PZZA,65.300003,65.419998,63.669998,63.689999,208800,
Q,43.310001,43.73,42.5,43.34,322800,
QCOM,61.400002,61.860001,60.669998,60.919998,14425500,
QCOR,47.14,47.68,45.32,45.79,1559400,
QDEL,24.68,24.879999,24.360001,24.43,247800,
QEP,28.5,28.58,27.82,28.049999,1267300,
QGEN,19.09,19.1,18.830001,18.999999,772000,
QID,23.450001,24.17,23.309999,24.049999,1707000,
QIHU,47.400002,47.509998,45.060001,45.400002,2656000,
QLD,66.25,66.690002,64.150002,64.459999,10004000,
QLGC,9.66,9.71,9.57,9.6,1166300,
QLIK,29.02,29.379999,28.57,28.719999,1088400,
QLTI,8.28,8.28,8.03,8.13,107200,
QLTY,9.4,9.41,9.11,9.24,128300,
QLYS,15.13,15.16,14.7,15.1,122600,
QNST,7.77,7.84,7.63,7.66,116900,
QQEW,30.129999,30.129999,29.59,29.68,169000,
QQQ,71.919998,72.160004,70.790001,71.029999,60908400,
QRE,16.55,16.6,16.3,16.4,341200,
QSII,18.030001,18.23,17.700001,17.83,306900,
QTM,1.38,1.41,1.36,1.37,2146300,
QTWW,0.59,0.59,0.56,0.57,48500,
QUAD,23.719999,24.4,23.559999,24.049999,204700,
QUIK,2.26,2.39,2.26,2.31,328000,
R,60.790001,61,59.720001,60.099998,581000,
RAD,3.03,3.05,2.8,2.88,52372100,
RAI,47.34,47.419998,46.049999,46.279999,5471000,
RAIL,17.24,17.299999,16.98,17.129999,73800,
RAS,7.52,7.54,7.11,7.23,1108500,
RATE,14.07,14.32,13.81,13.88,267200,
RAVN,30.16,30.68,29.57,29.73,58700,
RAX,36.009998,36.139999,35,35.119999,1777700,
RBA,20.59,20.639999,19.799999,20.07,1565800,
RBC,65.370003,65.5,64.010002,65.150002,432400,
RBCAA,22.32,22.32,22.059999,22.110001,16900,
RBCN,7.26,7.32,6.95,7.09,399400,
RBS,9.68,9.71,9.29,9.34,2588600,
RBY,1.4,1.46,1.36,1.38,951300,
RCI,44.310001,44.48,43.009998,43.169998,763300,
RCII,37.75,38.27,36.950001,37.16,624800,
RCL,32.98,33.049999,32.09,32.23,2727500,
RDA,10.44,10.62,10.21,10.23,73000,
RDC,33.439999,34.279999,33.25,33.82,2082800,
RDEN,46.619999,46.619999,45.099998,45.470001,168100,
RDI,6.14,6.15,6.04,6.06,29400,
RDN,12.37,12.45,11.97,12.07,9645700,
RDNT,2.535,2.56,2.51,2.54,46579,
RDS.A,64.54,64.65,64.16,64.29,3381400,
RDS.B,66.75,66.83,66.24,66.42,1638400,
RDWR,14.8,14.91,14.4,14.52,309900,
RDY,34.720001,34.889999,34.310001,34.669998,342100,
RE,126.910004,127.379997,125.82,125.940002,413200,
RECN,11.03,11.08,10.86,11.05,120900,
REDF,2.62,2.66,2.5,2.51,136900,
REE,1.87,1.87,1.78,1.81,353200,
REED,4.98,5,4.68,4.87,25300,
REFR,4.11,4.17,3.98,4.01,134200,
REG,48.610001,48.73,46.610001,46.82,469800,
REGI,12.98,13.14,12.76,12.87,261000,
REGN,228.009995,228.300003,218.279999,219.610001,988900,
RELL,11.59,11.73,11.52,11.59,72500,
REM,13.25,13.25,12.79,12.88,2584900,
REMX,9.93,9.99,9.55,9.59,40800,
REN,8.22,8.27,7.76,7.79,120000,
RENN,3.12,3.13,3,3.05,2488800,
RENT,20.25,20.559999,20.25,20.450001,25400,
RES,13.95,13.95,13.36,13.4,841400,
REV,19.620001,20,19.5,19.860001,63100,
REW,31.030001,31.940001,30.91,31.73,1500,
REXI,8.12,8.19,8.01,8.03,10900,
REXX,17.9,17.9,17.33,17.450001,467500,
RF,8.96,9.16,8.95,9.06,29187500,
RFMD,5.4,5.425,5.28,5.32,4034100,
RFP,13.66,13.66,12.73,12.77,507700,
RGA,66.650002,67.559998,66.470001,66.709999,626600,
RGC,17.610001,17.620001,17.09,17.15,530600,
RGEN,7.58,7.68,7.37,7.58,249100,
RGLD,48.32,48.349998,44.450001,44.790001,1798800,
RGP,25.969999,25.98,25.25,25.66,1077800,
RGR,48.279999,48.98,47.880001,48.330002,249000,
RGS,17.02,17.07,16.639999,16.66,489800,
RHI,33.509998,33.57,32.860001,32.93,1216800,
RHP,36.689999,36.689999,35.25,35.529999,1681300,
RHT,47.849998,48.150002,45.66,45.880001,4977500,
RIC,1.53,1.68,1.53,1.58,131100,
RICK,8.74,8.74,8.47,8.6,37100,
RIG,48.66,48.849998,48.099998,48.400002,3212300,
RIGL,3.8,3.96,3.72,3.75,874700,
RIMG,8.29,8.51,8.26,8.36,14800,
RIO,41.48,42.02,41.27,41.669998,8445900,
RIOM,2.21,2.21,1.89,1.92,530500,
RJA,8.62,8.63,8.57,8.59,168300,
RJET,11.32,11.32,11.09,11.26,365000,
RJF,42.709999,42.82,42.119999,42.490002,1107000,
RJI,8.13,8.14,8.06,8.07,633300,
RJN,6.56,6.56,6.46,6.46,62700,
RKT,104.449997,104.57,102.349998,102.629997,765200,
RKUS,11.91,12.22,11.61,12.02,2268100,
RL,176.440002,176.610001,169.729996,170.330002,757700,
RLD,14.65,14.92,14.06,14.9,451200,
RLGY,49.189999,49.509998,46.84,47.73,2655300,
RLH,6.1,6.15,6.08,6.1,153300,
RLI,73.849998,74.540001,73.330002,73.760002,122400,
RLJ,22.540001,22.59,21.9,22.02,1143200,
RLOC,13.47,13.51,12.98,13,79000,
RMBS,8.81,8.92,8.56,8.61,1014200,
RMD,46.880001,47.779999,45.32,47.240002,1578100,
RMTI,3.94,3.97,3.82,3.9,625500,
RNDY,7.54,7.63,7.29,7.33,341200,
RNF,27.530001,28.290001,27.530001,28,300500,
RNO,13.57,13.71,13.43,13.57,39200,
RNR,84.790001,85.120003,84,84.230003,627400,
RNST,23.48,23.950001,23.48,23.73,72400,
ROC,65.01,65.31,64.07,64.46,627727,
ROCK,15.37,15.56,15.1,15.47,134300,
ROCM,14.25,14.35,14.01,14.11,25000,
ROG,47.110001,47.27,46.43,46.689999,42400,
ROIC,13.57,13.74,13.13,13.23,729600,
ROK,85.839996,85.940002,83.32,83.589996,1171200,
ROL,24.51,24.810001,24.499995,24.63,314400,
ROLL,52.369999,53.279999,52.369999,53.099998,144700,
ROM,79.75,80,77.040001,77.330002,133800,
ROP,122.93,122.93,120.870003,121.269997,569400,
ROSE,45.759998,46.240002,43.900002,44.130001,771200,
ROSG,3.74,3.83,3.65,3.7,298000,
ROST,63.75,63.869999,63.029999,63.400002,2320800,
ROVI,24.4,24.700001,24.200001,24.26,1931700,
ROYL,2.63,2.68,2.52,2.56,362000,
ROYT,18.110001,18.209999,17.82,17.950001,121600,
RP,17.68,18.32,17.68,18.25,298000,
RPAI,14.99,15.02,14.53,14.63,1652000,
RPM,32.009998,32.209999,31.459999,31.51,409900,
RPRX,19.6,20.5,18.549999,20.4,2795300,
RPTP,7.7,7.86,7.41,7.43,273500,
RPXC,16.09,16.33,15.8,15.92,310200,
RRC,77.959999,78.449997,75.989998,77.519997,2393900,
RRD,13.04,13.3,12.8,12.8,1905700,
RRGB,55.91,55.939999,54.330002,54.419998,115400,
RRMS,36.689999,36.75,35.669998,36.23,7200,
RRTS,27.16,27.360001,26.870001,27.299999,84000,
RS,65.029999,65.989998,64.169998,64.989998,554700,
RSE,19.51,19.51,18.459999,18.57,163500,
RSG,33.869999,33.869999,33.310001,33.389999,1275400,
RSH,32.08,32.08,32.08,32.08,0,
RSO,6.16,6.21,6.03,6.16,621300,
RSOL,2.56,2.61,2.25,2.33,2607400,
RSP,61.5,61.610001,60.43,60.630001,1235200,
RST,15.5,15.54,15.08,15.09,241600,
RSTI,26.57,26.709999,25.549999,25.82,49500,
RSX,24.690001,24.74,23.940001,24.139999,9472500,
RSYS,4.98,5.08,4.9,4.94,33300,
RT,9.32,9.41,9.12,9.16,463700,
RTEC,12.26,12.27,11.76,11.88,256000,
RTH,52.380001,52.380001,51.080002,51.209999,35300,
RTI,28.290001,28.52,27.75,28.07,344000,
RTIX,4.22,4.28,4.2,4.25,166300,
RTK,2.01,2.07,1.95,1.97,324200,
RTN,66.589996,66.959999,66.010002,66.110001,1925300,
RUE,41.51,41.7399,41.49,41.5,340600,
RUSHA,24.540001,26.190001,24.389999,24.5,108400,
RUSL,19.260384,19.260384,17.500349,17.710351,8200,
RUSS,22.549999,24.5,22.42,23.969999,29500,
RUT,977.809998,977.809998,957.51001,960.52002,48588500,
RUTH,12.32,12.72,12.1,12.17,171400,
RVBD,16.47,16.4896,16.01,16.09,2022100,
RVLT,4.08,4.08,3.75,3.85,89500,
RVM,0.75,0.76,0.73,0.73,211500,
RWM,20.709999,21.01,20.68,20.940001,512500,
RWO,41.799999,41.799999,40.48,40.689999,325000,
RWR,74.760002,74.760002,71.970001,72.32,442000,
RWT,18.23,18.23,17.35,17.49,1995800,
RWX,39.59,39.599998,38.630001,38.779999,611700,
RXN,16.219999,16.35,15.88,16.17,810000,
RY,58.099998,58.189999,56.740002,56.790001,1955400,
RYAAY,51.000002,51.000002,49.38,49.620001,478200,
RYL,42.389999,42.389999,38.23,38.650002,4206600,
RYN,52.150005,52.590003,51.210002,52.090003,1928000,
S,7.01,7.17,6.97,7.07,104444700,
SA,9.61,10.08,9.61,9.91,655100,
SAA,72.099998,72.099998,70,70.5,20200,
SAAS,7.83,7.85,7.62,7.79,238600,
SABA,8.85,8.9,8.85,8.88,102300,
SAFM,67.599998,67.959999,65.160004,65.230003,379300,
SAFT,49.52,50,49.150002,49.220001,28400,
SAH,21.620001,21.639999,20.700001,20.870001,415900,
SAI,0.025,0.025,0.025,0.025,0,
SAIA,31.58,31.690001,30.540001,31.26,175600,
SAM,169.929993,169.990005,165.440002,165.960007,51500,
SAN,6.79,6.84,6.63,6.65,28097100,
SAND,6.54,6.69,6.32,6.56,1244500,
SANM,13.68,13.85,13.28,13.53,747900,
SAP,75.339996,75.43,74.080002,74.559998,1629200,
SAPE,12.76,13.06,12.67,12.815,455900,
SATS,39.200001,39.68,38.68,38.830002,154500,
SAVE,33.099998,33.400002,32.650002,32.700001,439000,
SB,5.06,5.11,4.95,5,196900,
SBAC,73.050003,73.089996,71.349998,71.919998,3222600,
SBGI,28.59,29.67,27.889999,27.93,2230400,
SBGL,3.13,3.15,2.95,2.95,827800,
SBH,30.01,30.01,29.5,29.530001,692000,
SBNY,78.010002,80.330002,77.879997,79.400002,456400,
SBS,10.76,10.79,10.14,10.23,3827200,
SBSI,23.809998,24.029994,23.469999,23.850004,96900,
SBUX,65.82,66.32,65.040001,65.220001,11606600,
SBY,16.41,16.469999,16.07,16.26,1177100,
SCCO,28.309999,28.58,27.9,28.26,2180800,
SCG,48.299999,48.299999,47.400002,47.5,1004100,
SCHA,43.860001,44,43.240002,43.400002,425900,
SCHB,39.200001,39.240002,38.459999,38.580002,1161500,
SCHD,33.029999,33.029999,32.380001,32.470001,635200,
SCHE,22.65,22.67,21.9,22.139999,906800,
SCHF,27.52,27.540001,27.02,27.129999,627500,
SCHG,38.560001,38.59,37.860001,37.990002,213500,
SCHH,31.5,31.5,30.25,30.41,241100,
SCHL,29.26,30.02,28.790001,28.83,128600,
SCHM,32.02,32.02,31.41,31.5,269300,
SCHN,24.23,24.92,23.9,24.75,301100,
SCHV,36.57,36.59,35.869999,35.950001,216600,
SCHW,20.200001,20.950001,20.16,20.48,20952900,
SCHX,38.580002,38.619999,37.860001,37.959999,751100,
SCI,17.6,17.66,17.35,17.43,1228300,
SCIF,7.43,7.46,7.19,7.22,192800,
SCLN,4.8,4.84,4.68,4.74,268200,
SCMP,6.79,6.79,6.41,6.47,302800,
SCO,36.82,37.790001,36.73,37.529999,3153400,
SCOK,1.48,1.4999,1.41,1.43,33900,
SCOR,23.25,23.25,22.870001,23.17,145300,
SCR,17.185,17.185,17.185,17.185,0,
SCS,14.02,14.39,13.51,14.06,1981400,
SCSC,33.669998,34.009998,33.130001,33.290001,65700,
SCSS,25.389999,25.620001,24.190001,24.42,1677700,
SCTY,35.5,35.73,34.830002,35.169998,1434600,
SCVL,23.639999,24.110001,23.35,23.610001,45000,
SCZ,42.919998,43.029999,42.16,42.25,236000,
SD,5.15,5.16,4.78,4.83,16960400,
SDIV,21.23,21.25,20.77,20.84,984000,
SDLP,29.799999,29.9,29.15,29.68,38600,
SDOW,42.82,44.889999,42.77,44.619999,977800,
SDR,13.2,13.45,12.96,12.98,246800,
SDRL,39.669998,39.700001,39.099998,39.349998,3995400,
SDS,40.639999,42.029999,40.52,41.84,20476300,
SDT,13.71,13.96,13.5,13.6,140400,
SDY,66.879997,66.970001,65.449997,65.599998,2399800,
SE,34.009998,34.009998,33.130001,33.59,6768500,
SEA,17.73,17.73,17.27,17.389999,19200,
SEAC,11.55,11.68,11.42,11.63,118700,
SEAS,37.98,38.369999,37.720001,38,580900,
SEE,24.01,24.049999,23.309999,23.530001,1979800,
SEED,1.51,1.51,1.48,1.48,60500,
SEF,23.9,24.200001,23.799999,24.16,110200,
SEIC,28.540001,28.6,27.889999,27.92,852600,
SEM,7.93,7.96,7.8,7.83,384600,
SEMG,54.139999,54.16,52.119999,52.5,657200,
SEP,42.380001,42.509998,41.389999,41.75,371500,
SF,35.509998,35.66,34.950001,35.060001,420300,
SFC,93.25,93.43,92.650002,92.720001,0,
SFD,32.98,33.03,32.8,32.84,8328746,
SFE,15.97,15.97,15.63,15.67,113100,
SFG,49.93,49.93,46.099998,47.66,378600,
SFI,21000,21200,21000,21000,12400,
SFL,15.48,15.6,15.1,15.24,1272700,
SFLY,52.52,52.919998,50.68,51.150002,587700,
SFUN,26.270001,26.429999,24.9,24.960001,2038500,
SFY,12.74,13,12.03,12.16,1484100,
SGEN,31.1,31.950001,30.57,31.01,1411500,
SGG,59.150002,59.259998,57.98,58.09,21100,
SGI,14.11,14.31,13.94,14.07,272900,
SGMO,7.8,7.9,7.56,7.75,755800,
SGMS,11.14,11.33,10.9,10.93,280000,
SGOL,127.699997,128.740005,125.730003,125.980003,307900,
SGU,4.86,4.87,4.74,4.84,90600,
SGY,22.6,22.629999,21.69,21.76,15300,
SGYP,4.76,4.76,4.550001,4.550001,736900,
SH,29.5,30.02,29.459999,29.950001,5253100,
SHEN,16.5,17.030001,16.5,16.91,101400,
SHFL,18.01,18.25,17.8,17.94,551300,
SHLD,45.999877,46.139877,44.059884,44.319881,1178900,
SHLM,27.16,27.16,26.290001,26.42,108400,
SHO,11.67,11.75,11.23,11.35,1532200,
SHOO,47.400001,47.929994,47.149996,47.329994,394200,
SHOR,3.78,3.92,3.75,3.85,414800,
SHOS,44.43,45.189999,43.25,44.23,150700,
SHPG,94.720001,94.900002,93.510002,93.669998,384100,
SHW,179.5,181.410004,175.619995,175.899994,875700,
SHY,84.300003,84.339996,84.290001,84.32,3282200,
SI,0.115,0.115,0.115,0.115,8000,
SIAL,80.339996,81.129997,79.860001,80.400002,786600,
SID,2.9,3.04,2.81,2.97,8143500,
SIFY,1.85,1.86,1.8,1.83,45500,
SIG,68.580002,68.580002,66.559998,66.760002,627300,
SIGA,3.04,3.05,2.91,2.93,184500,
SIGM,4.84,4.88,4.78,4.79,142100,
SIL,12.109988,12.219987,11.179989,11.309988,341900,
SIM,12.14,12.16,11.32,11.56,26800,
SIMG,5.38,5.53,5.35,5.51,1250000,
SIMO,11.04,11.11,10.91,10.98,193700,
SINA,56.060001,56.27,54.560001,55.049999,1792800,
SIR,28.290001,28.530001,27.549999,27.629999,127100,
SIRI,3.33,3.33,3.25,3.27,65868800,
SIRO,64.050003,64.129997,62.48,62.82,483200,
SIVB,74.550003,76.830002,74.43,76.290001,408300,
SIVR,19.67,19.93,19.41,19.42,690100,
SIX,73.110001,73.519997,72.599998,73,1178800,
SJB,31.83,32.060001,31.549999,31.879999,402900,
SJI,57.110001,57.439999,55.810001,55.919998,134800,
SJM,101.779999,102.290001,99.879997,99.980003,801500,
SJR,21.98,22.08,21.65,21.73,657200,
SJT,15.6,15.6,15.28,15.4,186300,
SKF,23.48,24.219999,23.360001,24.09,379000,
SKH,6.88,6.9,6.76,6.87,176600,
SKM,20.629999,20.719999,20.49,20.540001,2187100,
SKS,14.08,14.12,13.67,13.75,2024200,
SKT,33.060001,33.299999,32.150002,32.259998,467200,
SKUL,5.63,5.67,5.42,5.45,284900,
SKX,22.5,22.66,22.17,22.28,1413000,
SKYW,14.1,14.1,13.7,13.76,191100,
SKYY,21.42,21.49,21.08,21.139999,37700,
SLAB,41.860001,42.959999,41.040001,41.259998,185000,
SLB,72.610001,72.82,71.809998,72.139999,8916000,
SLCA,20.26,20.74,20.110001,20.58,1959600,
SLF,29.34,30.18,29.26,29.73,619300,
SLG,88,88.07,83.68,84.360001,1155100,
SLGN,46.599998,47.48,46.330002,46.869999,232400,
SLH,52.650002,52.650002,51.48,52.209999,314500,
SLM,22.759997,22.970015,22.470011,22.480001,11660400,
SLRC,22.84,22.870001,22.59,22.700001,423400,
SLT,36.055,36.055,36.055,36.055,0,
SLV,19.209999,19.469999,18.879999,18.969999,36200700,
SLW,21.02,21.23,19.74,20.18,10175300,
SLX,38.490002,38.98,38.169998,38.52,58700,
SLXP,65.88,66.91,65.31,66.6,764400,
SM,61.09,61.509998,60.139999,60.459999,1139000,
SMA,1.34,1.37,1.34,1.37,100,
SMFG,8.71,8.75,8.53,8.6,2069800,
SMG,48.66,48.77,47.580002,47.970001,459600,
SMH,37.630001,37.75,36.939999,37.040001,2585400,
SMLP,33.799999,33.799999,33.110001,33.419998,98300,
SMN,50.299999,51.830002,50.150002,51.43,101300,
SMP,34.5,35.23,34.110001,34.889999,159100,
SMRT,13.45,13.88,13.44,13.56,142500,
SMS,0.5,0.5,0.5,0.5,0,
SMSI,1.17,1.2,1.16,1.16,5100,
SMT,1.3,1.34,1.29,1.33,37300,
SMTC,36.029999,36.5,35.66,35.84,410800,
SN,22.76,23.209999,22.360001,22.879999,628300,
SNA,90.150002,90.629997,88.769997,89.010002,365000,
SNAK,7.73,7.86,7.71,7.81,58400,
SNCR,31.290001,31.530001,30.610001,31.049999,268000,
SNDK,60.950001,61.450001,58.939999,59.380001,4636600,
SNE,20.610001,20.620001,19.950001,20.040001,5459900,
SNH,25.139999,25.139999,24.25,24.379999,2406100,
SNHY,30.42,30.42,29.34,29.639999,53400,
SNI,67.239998,67.610001,66.220001,66.25,1107300,
SNP,90.489992,90.489992,87.279993,87.340008,184200,
SNPS,36.119999,36.240002,35.639999,35.66,571300,
SNSS,5.10001,5.15001,4.95001,5.10001,43600,
SNTA,3.87,4,3.77,3.85,1539600,
SNTS,19005,19005,19005,19005,8200,
SNV,2.800056,2.810056,2.680054,2.720054,2928000,
SNX,43.029999,43.119999,41.860001,42.560001,306900,
SNY,51.950001,52.040001,50.779999,50.900002,1499800,
SO,43.419998,43.529999,42.32,42.48,6965400,
SODA,68.199997,70.989998,66.720001,70.279999,1656100,
SOHU,65.949997,65.949997,63.369999,64.360001,1074200,
SOL,2.06,2.11,1.97,2,757500,
SON,34.68,34.720001,34.130001,34.16,238900,
SONC,14.62,14.66,14.27,14.51,537800,
SONS,3.23,3.25,3.08,3.09,405800,
SORL,2.65,2.81,2.65,2.68,14200,
SOX,468.2,468.26,458.22,459.72,0,
SOXL,47.189999,47.189999,43.98,44.450001,1283200,
SOXS,15.79,16.82,15.79,16.73,52100,
SOXX,63.689999,63.720001,62.349998,62.459999,128800,
SOYB,24.370001,24.459999,24.309999,24.309999,2800,
SPAR,5.89,5.95,5.7,5.76,76500,
SPB,58.939999,59.240002,56.720001,57.82,284700,
SPF,8.74,8.78,8.2,8.36,11157300,
SPG,160.810001,160.909998,153.680005,154.579993,3090500,
SPH,46.970001,47.130001,45.060001,45.68,251200,
SPIL,5.99,6.02,5.92,5.93,851100,
SPLK,43.66,43.790001,43.049999,43.59,1352900,
SPLS,15.95,15.99,15.55,15.61,9494500,
SPLV,30.74,30.76,30.09,30.139999,3405600,
SPN,27.74,28.059999,27.33,27.49,3674900,
SPNC,17.5,17.6,16.85,16.940001,367000,
SPP,2.09,2.09,2,2.03,1600,
SPPI,8.06,8.23,7.64,7.73,1026400,
SPR,21.280001,21.5,21.01,21.25,849200,
SPRD,23.46,23.5,22,22.29,1681200,
SPRT,4.59,4.71,4.56,4.59,380100,
SPSC,54.619999,56.380001,53.040001,53.349998,62700,
SPTN,18.309999,18.51,18.02,18.24,36100,
SPU,2.13,2.13,2.1,2.11,5700,
SPW,74.690002,74.790001,73.010002,73.089996,565400,
SPWR,18.73,18.959999,17.790001,17.93,3866200,
SPX,1624.619995,1624.619995,1584.319946,1588.189941,4858850000,
SPXL,42.220001,42.400002,39.91,40.259998,4463200,
SPXS,10.82,11.37,10.77,11.29,1734600,
SPXU,24.370001,25.610001,24.27,25.450001,3895800,
SPY,161.860001,163.470001,158.979996,159.399994,321255900,
SQI,23.16,23.16,22.34,22.58,35100,
SQM,41.399999,41.639997,39.9,39.949998,1197500,
SQNM,4.17,4.3,4.1,4.11,1842900,
SQQQ,28.34,29.6,28.059999,29.41,1375800,
SRC,19.070001,19.190003,18.400007,18.450008,2988200,
SRCL,107.510002,108.129997,106.360001,106.68,299500,
SRDX,21.82,21.98,21.23,21.35,53400,
SRE,80.290001,80.309998,78.480003,78.709999,1259900,
SREV,8.96,9.12,8.94,9.01,602000,
SRI,11.73,11.81,10.87,10.88,381400,
SRPT,39.650002,40.389999,38.52,39.509998,1924200,
SRS,22.34,23.84,22.309999,23.629999,143300,
SRT,4.65,4.7,4.63,4.63,22900,
SRTY,20.33,21.18,20.25,20.940001,528800,
SSD,28.23,28.23,27.49,27.940001,183700,
SSG,27.279999,28.520002,27.279999,28.25,1900,
SSH,5.84,5.89,5.6,5.62,67700,
SSI,22.139999,22.549999,21.73,22.27,624700,
SSL,42.139999,42.139999,41.150002,41.360001,298100,
SSN,0.42,0.44,0.42,0.43,40300,
SSNC,32.650002,32.77,32.09,32.41,398600,
SSO,77.540001,77.769997,74.769997,75.18,31334800,
SSP,15.219999,15.280001,14.850006,14.899999,286400,
SSRI,6.46,6.57,6.19,6.23,2330300,
SSS,64.620003,64.620003,62.25,62.73,132100,
SSW,22.110001,22.219999,21.5,21.799999,143000,
SSYS,85.910004,87.989998,84.050003,85.599998,1374100,
ST,35.450001,35.709999,34.610001,34.849998,1832800,
STAA,10.22,10.25,9.9,10.01,237800,
STAG,20.35,20.379999,19.76,20,546800,
STB,6.2,6.21,6.07,6.09,152000,
STBA,18.91,19.290001,18.809999,18.92,53400,
STBZ,14.86,15.11,14.86,14.99,52200,
STC,26.690001,26.700001,25.74,26.139999,280300,
STE,43.580002,43.610001,42.799999,42.939999,273600,
STEC,3.42,3.47,3.35,3.38,404700,
STEI,13.06,13.08,13.05,13.06,663400,
STEL,18.87,19.1,18.791,18.99,74800,
STFC,17.700001,18.379999,17.360001,17.469999,62500,
STI,30.950001,31.48,30.75,30.940001,7121800,
STJ,45.02,45.02,43.970001,44.07,2546600,
STKL,8.06,8.1,7.93,8.02,534600,
STLD,14.63,14.82,14.34,14.63,2323500,
STM,9.41,9.43,9.23,9.27,1370600,
STMP,38.119999,39.040001,37.830002,38.169998,86600,
STNG,8.73,8.84,8.49,8.53,1060800,
STO,21.110001,21.27,20.93,21.01,6102200,
STON,25.6,25.91,24.77,24.799999,130900,
STP,0.42,0.445,0.42,0.425,513300,
STR,23.530001,23.530001,23.030001,23.16,998700,
STRA,50.27,51.630001,49.700001,50.25,124500,
STRI,2.409976,2.409976,2.279977,2.309977,48100,
STRL,9.21,9.24,9.07,9.18,35600,
STRM,6.02,6.03,5.92,6.02,147700,
STRZA,22.440001,22.440001,21.790001,21.969999,706500,
STSA,22.4,22.96,22.18,22.65,202700,
STSI,1.37,1.37,1.27,1.31,1632600,
STT,66.150002,66.779999,65.760002,65.970001,4898200,
STV,1.52,1.53,1.51,1.51,71300,
STWD,24.579996,24.579996,23.42,23.530005,3882300,
STX,43.860001,44.060001,42.400002,42.84,5166500,
STZ,51.299999,51.310001,50.110001,50.380001,2288400,
SU,29.889999,30.129999,29.469999,29.75,5362400,
SUI,49.25,49.720001,47.25,47.560001,172500,
SUNE,8.35,8.36,8.04,8.07,3956900,
SUP,17.4,17.469999,17.059999,17.290001,87900,
SUPN,6.63,6.64,6.27,6.44,323500,
SUPX,23.33,23.91,22.8,23.06,34800,
SURG,3.68,3.74,3.61,3.66,94600,
SUSP,28.23,28.5,28.06,28.12,15700,
SUSQ,11.98,12.13,11.9,12.01,1012700,
SUSS,49.89,49.9,49.05,49.15,275500,
SUTR,1.68,1.78,1.66,1.67,40300,
SVA,3.97,3.99,3.85,3.9,239600,
SVM,2.51,2.59,2.43,2.47,2002300,
SVN,16.05,16.05,16.05,16.05,0,
SVNT,0.7,0.76,0.69,0.71,468300,
SVO,374.0782,374.0879,363.9836,366.3984,0,
SVU,6.27,6.27,5.94,6.02,6412700,
SVXY,79.199997,79.589996,70.709999,73.389999,7203200,
SWC,11.28,11.31,10.43,10.7,3154300,
SWFT,16.110001,16.209999,15.77,15.84,1413500,
SWHC,9.9,9.96,9.71,9.87,2094300,
SWI,40.889999,40.889999,39.950001,40.110001,647800,
SWIR,12.2,12.34,12,12.16,78800,
SWK,78.760002,78.760002,76.940002,77.160004,1034500,
SWKS,21.879999,22.09,21.549999,21.620001,3954600,
SWM,49.98,50.48,49.540001,49.700001,223300,
SWN,37.049999,37.049999,35.860001,35.98,2754000,
SWSH,0.83,0.85,0.75,0.75,64300,
SWX,46.66,46.700001,45.57,45.759998,184200,
SWY,20.91,21.16,20.41,20.52,7600000,
SXC,14.5,14.69,14.15,14.43,712100,
SXCP,22.799999,23.09,22.4,22.5,13800,
SXE,22.809999,22.969999,22.6,22.879999,27900,
SXI,52.799999,53.91,52.209999,53.139999,61100,
SXL,63.830002,63.830002,61.009998,62.080002,584200,
SXT,40.080002,40.259998,39.389999,39.540001,154400,
SYA,15.35,15.55,15.25,15.43,530700,
SYK,65.720001,65.860001,64.599998,64.75,1733500,
SYKE,15.62,15.78,15.57,15.7,169300,
SYMC,22.5,22.629999,22.290001,22.389999,9023600,
SYNA,36.720001,37.259998,36.48,36.529999,825700,
SYNC,3.02,3.14,3,3.03,276700,
SYNT,64.169998,64.800003,63.68,63.889999,192000,
SYRG,7,7,6.82,6.93,472800,
SYT,77.129997,77.209999,75.730003,76,238400,
SYX,9.52,9.54,9.4,9.42,26200,
SYY,34,34.049999,33.349998,33.400002,3817500,
SZYM,12.45,12.64,12.14,12.29,682300,
T,35,35.200001,34.32,34.349998,31797500,
TA,10.37,10.51,10.31,10.39,205700,
TAHO,13.07,13.56,12.66,12.77,136100,
TAL,10.13,10.21,9.89,10.01,228100,
TAM,19.26,20.8,19.26,20.76,230400,
TAN,23.540001,23.540001,22.59,22.629999,207900,
TAO,19.92,19.99,19.25,19.469999,200100,
TAOM,4.8,4.98,4.74,4.96,104500,
TAP,48.720001,48.869999,47.52,47.619999,2125800,
TASR,9.1,9.12,8.82,8.86,370100,
TAST,6.56,6.64,6.39,6.51,185700,
TAT,0.74,0.74,0.71,0.73,17000,
TAXI,14,14,13.72,13.77,102200,
TAYC,17.74,17.8,17.08,17.16,145000,
TBBK,13.77,13.89,13.52,13.8,83600,
TBF,31.35,31.77,31.23,31.469999,2826300,
TBI,22.610001,22.610001,21.77,21.889999,196100,
TBT,72.169998,73.989998,71.550003,72.709999,9811900,
TC,3,3.14,3,3.02,2585900,
TCAP,26.75,26.75,25.709999,26.09,505000,
TCB,13.94,14.16,13.83,13.85,981700,
TCBI,43.040001,43.400002,42.220001,42.380001,410700,
TCK,21.360001,22,20.92,21.74,4710900,
TCO,76.519997,76.559998,73.699997,74.099998,612400,
TCP,44.349998,44.43,43.5,43.810001,276200,
TCPC,16.200001,16.370001,15.96,16.219999,413300,
TCRD,14.6,14.94,14.55,14.89,2136400,
TD,78.540001,78.940002,77.510002,77.699997,2627200,
TDC,54.919998,54.98,52.889999,52.919998,2703100,
TDG,154.479996,157.339996,153.729996,157.139999,899800,
TDIV,22.16,22.16,21.719999,21.799999,322100,
TDS,23.01,23.01,22.15,22.5,730100,
TDW,56.790001,57.18,55.869999,56.380001,435400,
TDY,75.050003,75.519997,74.510002,74.790001,72800,
TE,16.91,16.940001,16.51,16.52,3032200,
TEAR,11,11.350001,10.75,10.96,50500,
TECD,48.25,48.25,47.279999,47.41,150200,
TECH,67.599998,68.389999,67.300003,67.699997,127300,
TECL,60.189999,60.799999,57.310001,57.73,657600,
TECS,34.619999,35.959999,34.150002,35.759998,21200,
TECUA,10.95,11.23,10.7,10.96,93500,
TEF,13.1,13.35,12.81,12.96,3409500,
TEG,56.549999,56.799999,55.450001,55.619999,859500,
TEL,45.5,45.599998,44.669998,44.77,1884200,
TEN,46.09,46.580002,44.700001,45.07,811900,
TEO,15.64,15.74,13.28,13.4,372500,
TEP,22.08,22.08,21.51,21.610001,86300,
TER,17.219999,17.27,16.889999,17.01,2901200,
TESO,12.4,12.55,12.36,12.49,340400,
TEU,4.02,4.06,3.9,3.93,287600,
TEVA,38.740002,39.07,38.5,38.880001,4525500,
TEX,28.6,28.82,27.700001,27.9,3631200,
TFM,51.619999,51.93,49.240002,49.279999,731300,
TFSL,11,11,10.85,10.87,201400,
TFX,76.410004,76.589996,75.230003,75.639999,181900,
TG,25.84,26.02,25.450001,25.98,105300,
TGA,7,7.01,6.07,6.09,281200,
TGB,1.95,2,1.92,1.95,427800,
TGH,37.509998,37.509998,36.509998,36.790001,201800,
TGI,77.57,77.779999,76.260002,77.510002,632700,
TGP,42.060001,42.509998,41.790001,42.389999,165700,
TGT,68.410004,69.089996,68.370003,68.660004,5632600,
THC,43.790001,43.799999,42.380001,42.529999,1555000,
THG,48.099998,48.110001,47.009998,47.009998,240900,
THI,53.49,53.77,53.29,53.32,564900,
THLD,5.41,5.41,5.1,5.19,569700,
THM,0.6,0.61,0.55,0.55,713100,
THO,47.310001,47.48,46.299999,46.490002,379900,
THOR,31.459999,31.59,30.82,31.290001,520400,
THRM,18.629999,18.66,18.32,18.41,256100,
THRX,34.910003,35.599999,33.900003,34.120005,1705000,
THS,65.440002,65.68,64.300003,64.639999,109000,
TI,6.86,6.86,6.66,6.66,402100,
TIBX,21.26,21.48,20.92,21.01,3846300,
TICC,9.48,9.48,9.34,9.41,671900,
TIF,74.209999,74.279999,71.779999,72.110001,1645200,
TILE,17.43,17.43,16.809999,16.91,746800,
TINY,3.24,3.31,3.23,3.23,96600,
TIP,112.470001,112.650002,111.260002,111.75,3001500,
TISI,37.040001,38.380001,36.689999,37.939999,104600,
TITN,19.34,19.950001,19.129999,19.629999,374200,
TIVO,24.4,24.700001,24.200001,24.26,1931700,
TJX,49.540001,49.720001,48.91,48.970001,3187200,
TK,39.759998,39.810001,38.419998,38.93,285900,
TKC,14.28,14.33,14.07,14.08,632100,
TKR,57.790007,58.120003,57.309996,57.469993,1460100,
TLAB,2.13,2.16,2.1,2.1,2243000,
TLH,127.199997,127.57,126.169998,127.169998,85400,
TLK,41.32,41.77,39.299999,39.75,361800,
TLLP,58.200001,59.080002,55.349998,56,551800,
TLM,11.59,11.6,11.33,11.42,5273600,
TLP,41.77,42.189999,40.419998,41.380001,54800,
TLT,110.75,111.209999,109.279999,110.269997,27898500,
TLYS,15.49,15.57,15.09,15.18,143100,
TM,118.970001,119.139999,116.57,117.059998,747000,
TMF,54.709999,55.5,52.610001,54.150002,1699600,
TMH,41.389999,41.66,40.91,41.119999,855700,
TMHC,26.110001,26.639999,24.530001,25.450001,1409000,
TMK,64.370012,65.209997,64.099995,64.629988,906000,
TMO,83.730003,83.739998,81.18,81.660004,3701800,
TMUS,22.25,22.98,21.6,22.93,7574400,
TMV,64.389999,66.879997,63.619999,65.139999,1592300,
TNA,46.779999,47,44.630001,45.189999,25182200,
TNAV,5.18,5.22,5.15,5.15,86000,
TNC,49.919998,50.509998,49.799999,50.279999,71600,
TNGO,15.34,15.48,14.7,15.04,311700,
TNK,2.68,2.71,2.57,2.57,526900,
TNP,4.68,4.74,4.44,4.48,198400,
TOL,32.66,32.669998,30.959999,31.700001,12209600,
TOO,32.610001,32.740002,32.099998,32.349998,266700,
TOT,48.41,48.689999,48.009998,48.349998,2281000,
TPC,18.07,18.15,17.629999,17.639999,187300,
TPH,16.299999,16.58,15.85,16.15,164000,
TPLM,7.22,7.45,6.91,7.15,1234000,
TPX,44.07,44.07,41.07,41.490002,1947500,
TQNT,6.85,6.92,6.75,6.83,1888600,
TQQQ,68.029999,68.75,64.760002,65.309998,10052400,
TR,31.68009,31.68009,30.77009,30.82009,106400,
TRAK,34.400002,35.119999,33.5,33.560001,254100,
TRC,30.100004,30.329999,29.030001,29.389996,51500,
TREX,55.509998,56.189999,54.130001,56,794000,
TRGP,65.010002,65.209999,62.759998,62.810001,530800,
TRGT,4.71,4.72,4.55,4.63,720300,
TRI,33.169998,33.189999,32.369999,32.48,1766800,
TRIB,16.93,17.040001,16.77,16.9,26600,
TRIP,62.700001,63.689999,61.32,61.52,1496600,
TRLA,30.2,30.27,29.27,30.12,352600,
TRLG,31.66,31.71,31.31,31.33,406900,
TRMB,25.98,26.1,25.41,25.57,2275700,
TRMK,24.059999,24.74,24.059999,24.4,342100,
TRN,37.290001,37.290001,36.169998,36.5,3119400,
TRNX,16.5,16.639999,16.120001,16.42,199400,
TROW,73.720001,74.25,72.470001,72.68,1594500,
TROX,21.469999,21.469999,20.48,20.66,920300,
TRP,45.150002,45.32,44.57,44.77,1008900,
TRQ,5.890004,5.900006,5.650001,5.689997,4931000,
TRS,34.860001,35.240002,34.639999,34.909999,245900,
TRV,81.519997,81.709999,79.68,79.779999,2842600,
TRW,64.02,64.62,62.55,63.15,1444000,
TRX,2.52,2.6,2.35,2.36,783900,
TS,40.439999,40.490002,39.799999,40.040001,1077700,
TSCO,114.540001,115.639999,112.300003,112.540001,1076800,
TSL,5.91,5.96,5.4,5.44,4430600,
TSLA,104.650002,107.129997,99.449997,100.650002,10106500,
TSM,17.68,17.700001,17.360001,17.41,12639600,
TSN,25.370001,25.610001,25.139999,25.219999,4325100,
TSO,56.400002,56.470001,54.580002,55.32,4772100,
TSPT,2.98,2.99,2.9,2.92,192600,
TSRA,20.700001,20.889999,20.58,20.75,188900,
TSRX,8.44,8.46,8.021,8.05,1194800,
TSS,22.82,22.9,22.58,22.620001,1306400,
TSU,17.719999,18.290001,17.639999,18.030001,1015000,
TSYS,2.15,2.17,2.08,2.11,134700,
TTC,46.360001,46.360001,45.639999,45.84,893400,
TTCMY,6.2,6.2,5.85,5.85,32700,
TTEC,23.75,23.75,23.27,23.42,117300,
TTEK,22.889999,23.76,22.799999,23.66,1449600,
TTI,11,11.1,10.44,10.57,780500,
TTM,24.35,24.35,23.24,23.5,1711500,
TTMI,8.09,8.23,8.08,8.19,296300,
TTS,28.879999,28.99,27.25,27.809999,372200,
TTT,83.400002,86.589996,82.459999,84.400002,148100,
TTWO,15.21,15.43,14.93,15.12,2144200,
TU,32.939999,33.080002,32.25,32.25,412100,
TUES,10.14,10.3,9.88,9.9,215200,
TUMI,24.18,24.33,23.33,23.34,476600,
TUP,78.580002,78.760002,74.650002,76.129997,1062500,
TV,23.15,23.23,22.43,22.610001,5139500,
TVL,2.28,2.28,2.02,2.24,6100,
TW,78,78,77.260002,77.760002,447000,
TWC,101.989998,102.199997,99.809998,100.410004,1961700,
TWER,2.15,2.23,2.15,2.2,19100,
TWGP,20.41,20.75,20.24,20.33,657100,
TWI,16.969999,17.08,16.700001,16.780001,1373100,
TWIN,22.84,22.84,22.18,22.33,35000,
TWM,18.23,18.75,18.190001,18.620001,2086300,
TWO,10.68,10.7,10.5,10.59,10003600,
TWTC,28.38,28.53,27.665,27.741,1451500,
TWX,57.43,57.569999,56.089995,56.319998,4794700,
TX,21.459999,21.780001,21.209999,21.639999,342800,
TXCC,0.37,0.38,0.35,0.35,206400,
TXI,65.88,66,63.04,63.4,227000,
TXN,35.41,35.5,34.52,34.630001,8734600,
TXRH,24.84,24.969999,24.35,24.52,516700,
TXT,26.559999,26.559999,26.08,26.09,3152400,
TYC,33.099997,33.099997,32.150002,32.259997,6756300,
TYD,37.709999,38.82,37.709999,38.360001,7100,
TYL,68.5,69.110001,67.889999,68.019997,93300,
TYO,24.83,24.93,24.5,24.68,72800,
TYPE,24.620001,25.15,24.25,24.82,111100,
TZA,32.439999,33.779999,32.290001,33.32,4962500,
TZOO,26.969999,26.969999,26.139999,26.43,50600,
UA,59.23,59.23,57.400002,57.720001,6532000,
UAL,31.559999,31.6,30.879999,31.16,2909300,
UAM,9.54,9.63,9.39,9.49,271800,
UAN,22.700001,22.92,22.559999,22.790001,176900,
UBA,20.5,20.530001,19.799999,19.950001,60100,
UBNT,16.860001,17.02,16.5,16.76,377100,
UBS,17.45,17.48,17.13,17.18,2904900,
UBSI,25.209999,25.790001,25.059999,25.459999,218500,
UBT,57.939999,59.200001,57.209999,58.450001,69000,
UCO,29.910001,30,29.070002,29.270002,432000,
UCTT,6.27,6.27,6.07,6.22,69700,
UDN,26.440001,26.49,26.35,26.469999,75000,
UDOW,83.199997,83.199997,78.699997,79.360001,819800,
UDR,23.74,23.74,23.02,23.15,2646700,
UEC,2,2.01,1.87,1.87,1098100,
UEPS,7.04,7.05,6.75,6.8,371800,
UFCS,27,27.549999,26.530001,26.76,35200,
UFI,21.41,21.59,21.08,21.33,52200,
UFPI,42.439999,43.459999,41.5,42.779999,237500,
UFS,70.660004,71.300003,69.800003,70,943400,
UGA,56.139999,56.25,55.330002,55.41,47100,
UGI,38.140005,38.179994,37.050001,37.219995,949400,
UGL,49.41,50.330002,47.91,48.18,505800,
UGP,22.23,22.549999,22.01,22.27,1571100,
UHAL,167.600006,168.149994,162.75,163.990005,62200,
UHS,68.120003,68.269997,66.18,66.379997,655900,
UIL,38.16,38.16,37.009998,37.150002,268100,
UIS,21.43,21.43,20.299999,20.5,690100,
UL,40.130001,40.290001,39.509998,39.540001,1295800,
ULE,23.969999,24.370001,23.959999,23.959999,4200,
ULTA,94.449997,94.730003,92.970001,93.400002,645500,
ULTI,113.800003,114.739998,112.260002,112.720001,162500,
UMBF,51.360001,52.560001,51.360001,51.880001,164600,
UMC,2.11,2.11,2.05,2.06,3351200,
UMDD,62.400002,62.419998,57.540001,58.209999,130400,
UMPQ,14.38,14.64,14.29,14.52,713200,
UN,39.240002,39.380001,38.5,38.52,1899400,
UNFI,53.380001,54.139999,52.419998,52.560001,276600,
UNG,20.75,21.01,20.440001,20.700001,4980500,
UNH,64.800003,64.82,63.650002,63.799999,5748300,
UNIS,2.96,2.99,2.85,2.9,125300,
UNL,18.65,18.66,18.459999,18.49,39000,
UNM,28.030001,29.129999,27.91,28.9,3738500,
UNP,154.059998,154.809998,152.429993,153.179993,4776000,
UNS,43.39,44.14,42.51,43.55,1158700,
UNT,43.779999,43.869999,42.900002,43.18,210700,
UNTD,7.630028,7.790031,7.510031,7.570029,850600,
UNXL,15.33,15.35,14.21,14.33,1225600,
UPI,2.1,2.19,2.05,2.07,20000,
UPL,21.450001,21.450001,20.440001,20.549999,3121200,
UPRO,63.75,64.019997,60.27,60.759998,16005800,
UPS,85.82,85.839996,84.379997,84.889999,4213900,
UQM,1.25,1.29,1.21,1.23,211500,
URA,17.379999,17.389999,17.01,17.059999,56700,
URBN,39.66,39.869999,38.849998,39.16,1918300,
URE,71.209999,71.849998,66.550003,67.07,481200,
URI,50.43,52.380001,49.25,50.759998,3887900,
URRE,2.409999,2.519999,2.399999,2.479999,6000,
URS,47.11,47.11,46.27,46.55,477700,
URTY,52.950001,52.950001,50.080002,50.740002,409800,
URZ,1.19,1.21,1.15,1.15,386700,
USAC,23.32,23.379999,22.77,23.049999,83200,
USB,34.959999,35.310001,34.849998,35.060001,13474300,
USD,42.220001,42.220001,40.439999,40.799999,20900,
USEG,2.150004,2.230004,2.010004,2.070004,47300,
USG,24.639999,24.67,23.6,23.91,2314700,
USL,40.060001,40.209999,39.619999,39.740002,9300,
USM,33.029999,33.16,32.299999,32.720001,58800,
USMO,12.96,13.07,12.86,12.91,99500,
USNA,72.57,72.57,69.57,69.980003,153500,
USO,33.98,34.029999,33.52,33.630001,9095000,
UST,52.860001,53.040001,52.470001,52.810001,57700,
USTR,32.85,33.2,32.66,32.92,119100,
USU,0.31,0.32,0.3,0.3,11300,
UTEK,35.790001,36.580002,35.27,36.23,310800,
UTHR,64.5,64.849998,62.860001,63.220001,458800,
UTI,11.11,11.17,11.03,11.07,40600,
UTIW,15.25,15.55,15.07,15.17,464900,
UTSI,2.74,2.74,2.68,2.68,44700,
UTX,93.239998,93.470001,92.199997,92.349998,3757000,
UUP,22.200001,22.27,22.18,22.190001,3540400,
UVE,7.17,7.3,7.06,7.16,296600,
UVV,58.73,59.130001,58.5,58.900002,146700,
UVXY,74.180004,88.750004,73.600003,84.400004,17100,
UWM,59.599998,59.75,57.799999,58.299999,896000,
UXI,70.000002,71.139999,68.949995,68.949995,15600,
UYG,92.099998,92.779999,89.220001,89.779999,2686800,
UYM,36.669998,36.939999,35.509998,35.759998,169200,
V,181.529999,182.479996,178.460007,178.460007,15534000,
VAC,44,44.25,43.209999,43.59,187800,
VAL,67.099998,67.269997,65.269997,65.5,605200,
VALE,13.43,13.86,13.3,13.61,25552400,
VALE.P,12.37,12.73,12.17,12.62,13560300,
VAR,68.209999,68.32,66.779999,66.980003,555200,
VASC,15.01,15.62,14.72,14.85,41600,
VAW,88.949997,89.089996,87.480003,87.809998,50300,
VB,93.300003,93.43,91.699997,92.050003,452200,
VBK,102.449997,102.830002,100.690002,101.029999,148500,
VBR,83.389999,83.440002,81.940002,82.209999,188000,
VC,63.810001,63.810001,60.880001,61.360001,484900,
VCBI,13.32,13.62,13.1995,13.43,79500,
VCI,25.5,25.5,24.27,24.4,486300,
VCIT,83.510002,83.809998,83.150002,83.389999,730100,
VCLK,24.62,25.09,23.97,24.16,740600,
VCLT,83.830002,83.830002,82.209999,82.760002,204400,
VCR,90.330002,90.330002,88.470001,88.739998,97400,
VCRA,15.48,15.54,15.15,15.28,220400,
VDC,102.720001,102.720001,99.800003,100.019997,185400,
VDE,113.809998,113.809998,111.470001,111.809998,156600,
VDSI,8.21,8.32,8.21,8.25,102000,
VE,11.86,11.89,11.63,11.68,393400,
VEA,36.18,36.25,35.599998,35.669998,5257800,
VECO,37.509998,37.709999,36.07,36.599998,844100,
VELT,1.44,1.47,1.42,1.45,615300,
VEU,44.889999,44.919998,44.009998,44.150002,1708900,
VFC,191.5,191.75,186.240005,186.830002,2281600,
VFH,39.779999,39.830002,39.099998,39.27,457700,
VG,2.73,2.75,2.7,2.74,812300,
VGK,50.029999,50.040001,49.310001,49.369999,4899300,
VGR,15.610048,15.660058,15.340045,15.400054,829800,
VGT,75.330002,75.57,74.160004,74.360001,311800,
VGZ,1.16,1.21,1.06,1.09,1114400,
VHC,22.35,22.84,21.799999,22.02,924800,
VHS,12.66,12.85,12.44,12.77,223000,
VHT,86.510002,86.510002,84.650002,84.940002,269700,
VIAB,66.349998,66.449997,65.059998,65.25,2443800,
VICL,3.09,3.13,2.96,2.98,87900,
VICR,5.19,5.21,5.15,5.17,52300,
VIG,67.059998,67.18,65.870003,66.029999,2945000,
VIIX,11.3,12.45,11.25,12.12,330700,
VIP,10.12,10.14,9.8,9.99,1728200,
VIPS,29.01,29.01,26.12,26.440001,13007000,
VIS,82.120003,82.120003,80.709999,80.940002,108400,
VIV,22.65,22.85,21.879999,22,3255800,
VIVO,21.200001,21.379999,21.1,21.280001,127500,
VIX,18.4,21.32,18.01,20.49,0,
VIXM,27.85,28.77,27.530001,28.32,115200,
VIXY,56.38,62.109998,56.109998,60.490003,296700,
VLCCF,6.5,6.54,6.3,6.34,130600,
VLO,37.080002,37.09,35.700001,35.73,11998700,
VLTR,13.8,14.09,13.4601,13.82,186600,
VLY,8.83,9.09,8.82,8.91,1426400,
VMC,52.700001,52.950001,51.360001,51.549999,632500,
VMI,138.050003,140.139999,136.399994,139.580002,300500,
VMW,70.730003,70.730003,69.690002,69.830002,2613000,
VNDA,8.61,8.98,8.34,8.39,2016100,
VNET,11.69,12,11.32,11.39,457500,
VNO,80.350001,80.350001,76.349997,76.729994,1242000,
VNQ,67.779999,67.910004,65.389999,65.720001,8148100,
VNQI,52.110001,52.18,50.66,50.919998,184200,
VNR,27.5,27.610001,27.08,27.49,669100,
VNTV,26.639999,26.709999,26.15,26.5,880100,
VO,95.050003,95.050003,93.129997,93.419998,363800,
VOC,13.87,13.96,13.52,13.82,94600,
VOCS,10.33,10.45,10.14,10.26,501500,
VOD,27.760005,27.859998,27.330002,27.410003,11309300,
VOE,68.690002,68.690002,67.419998,67.580002,182700,
VOLC,17.44,17.93,17.174,17.89,884900,
VOO,74.110001,74.220001,72.779999,72.970001,1686200,
VOT,78.120003,78.120003,76.419998,76.580002,171800,
VOX,77.370003,77.43,76.370003,76.5,150000,
VOXX,11.62,11.73,11.32,11.37,109300,
VOYA,27.08,27.5,26.540001,27,1259700,
VPFG,19.61,19.92,19.55,19.88,480100,
VPG,15.34,15.56,15.02,15.05,23800,
VPHM,28.48,28.51,27.55,27.9,848300,
VPL,55.060001,55.07,53.830002,53.939999,682300,
VPRT,46.86,47.82,46.48,46.95,195600,
VPU,81.040001,81.300003,79.370003,79.660004,193500,
VR,35.990002,36.139999,35.240002,35.240002,1135900,
VRA,21.85,22.02,21.57,21.85,832800,
VRML,2.76,2.91,2.63,2.7,213400,
VRNG,2.99,3.03,2.94,2.97,100000,
VRNM,2.25,2.3,2.25,2.2747,1100,
VRNT,33.990002,34.040001,33.759998,33.93,251200,
VRS,1.08,1.12,1.07,1.09,16100,
VRSK,59.099998,59.099998,57.43,57.700001,673100,
VRSN,44.759998,44.880001,43.68,43.75,1888600,
VRTU,22.25,22.42,21.370001,22.299999,229300,
VRTX,76.800003,77.730003,75.300003,76.160004,1877200,
VRX,85.269997,86.400002,83.379997,83.839996,3789900,
VSAT,69.879997,71.580002,69.480003,70.709999,238000,
VSH,14.4,14.4,14,14.06,1233600,
VSI,46.139999,46.139999,44.869999,45.310001,269300,
VSS,90.809998,90.889999,88.93,89.18,120100,
VT,52.139999,52.150002,51.150002,51.27,368300,
VTI,83.470001,83.470001,81.900002,82.150002,4933200,
VTR,68.220001,68.220001,64.019997,64.379997,3166100,
VTSS,2.35,2.42,2.26,2.34,3652300,
VTUS,2.21,2.29,2.14,2.14,235600,
VTV,68.300003,68.309998,67.040001,67.25,1218700,
VUG,79.040001,79.07,77.519997,77.739998,1147900,
VV,74.080002,74.110001,72.699997,72.870003,337000,
VVC,33.330002,33.330002,32.32,32.48,322200,
VVI,25.43,25.51,25.030001,25.360001,58400,
VVTV,5.33,5.36,5.06,5.14,438800,
VVUS,14.15,14.28,13.52,13.69,2375300,
VWO,38,38.02,36.75,37.189999,79385400,
VXEEM,29.73,36.15,29.73,35.48,0,
VXEWZ,37.41,40.68,37.2,40.35,0,
VXF,69.550003,70,68.400002,68.639999,270200,
VXUS,46.529999,46.529999,45.41,45.740002,358200,
VXX,20.91,23.030001,20.799999,22.41,8537700,
VXZ,22.65,23.469999,22.48,23.08,294400,
VYM,56.84,56.990002,55.799999,55.889999,1723000,
VZ,49.689999,49.860001,48.860001,48.959999,14661600,
WAB,53.009998,53.139999,51.450001,51.560001,619600,
WABC,44.549999,45.59,44.459999,44.970001,166700,
WAC,35.900002,36,34.459999,34.57,857400,
WAFD,17.15,17.440001,17.08,17.299999,449500,
WAG,49.97,50,48.22,48.34,5499519,
WAGE,32.580002,33.619999,31.610001,31.780001,838900,
WAIR,18.379999,18.49,18.209999,18.309999,374400,
WAL,14.17,14.76,14.08,14.57,569000,
WAT,99.260002,99.260002,97.040001,97.360001,392700,
WBC,75.309998,75.379997,73.370003,73.730003,691700,
WBMD,27,27,25.879999,25.889999,516000,
WBS,24.17,24.700001,23.92,24.469999,1218100,
WBSN,24.71,24.72,24.69,24.71,1491000,
WCC,67.910004,67.989998,66.650002,66.889999,745500,
WCG,52.799999,53.290001,52.419998,52.599998,514000,
WCN,40.5,40.509998,39.98,40.049999,813100,
WCRX,19.3,19.44,18.92,19.08,5028300,
WD,17.860001,17.93,17.58,17.66,114300,
WDAY,62.209999,63.990002,61.450001,62.560001,1073300,
WDC,62.84,62.849998,60.970001,61.490002,3366900,
WDFC,55.080002,55.5,53.990002,54.009998,63400,
WDR,45.459999,45.459999,43.84,44,825400,
WEAT,18.73,18.74,18.33,18.42,15300,
WEC,40.200001,40.240002,39.040001,39.18,2155600,
WEN,5.95,5.96,5.75,5.77,3446500,
WERN,24.129999,24.26,23.809999,24.059999,380200,
WES,62.740002,63.23,60.470001,61.09,249800,
WETF,11.75,11.86,10.45,10.53,4565600,
WEX,76,76.459999,74.949997,75.690002,204200,
WFC,40.290001,40.66,39.98,40.09,29302200,
WFM,51.549999,51.82,50.560001,50.709999,2757100,
WFT,13.72,13.79,13.49,13.5,12663100,
WG,6.59,6.64,6.36,6.43,447600,
WGL,42.490002,42.490002,41.509998,41.779999,224300,
WGO,20.35,20.469999,19.93,20.08,172600,
WHR,125.150002,125.150002,119.25,120.300003,1330700,
WHX,2.29,2.29,2.29,2.29,0,
WHZ,13.5,13.61,13.25,13.26,89900,
WIBC,6.5,6.51,6.43,6.44,437900,
WIFI,6.37,6.49,6.08,6.37,109100,
WILN,4.2,4.2,4.11,4.12,22300,
WIN,7.94,7.95,7.78,7.8,9971846,
WIRE,34.669998,35.509998,34.130001,34.41,50000,
WIT,7.27,7.31,7.07,7.09,670700,
WLB,11.14,11.6,10.96,11.18,37000,
WLH,24.91,24.98,23.98,24.139999,234800,
WLK,94.449997,94.879997,93.269997,93.739998,1191200,
WLL,47.650002,47.68,46,46.209999,1831100,
WLP,77.81,79.27,77.4,77.48,2717100,
WLT,12.51,12.77,11.95,12.57,10876900,
WM,39.950001,39.950001,39.470001,39.540001,2009000,
WMAR,11.72,11.72,11.42,11.57,16200,
WMB,32.220001,32.240002,31.67,31.75,9034800,
WMC,18,18.049999,17.26,17.280001,1308700,
WMGI,16.5,16.639999,16.120001,16.42,199400,
WMS,25.46,25.55,25.39,25.39,487900,
WMT,74.5,74.660004,73.010002,73.029999,9069700,
WNC,9.56,9.71,9.35,9.5,760900,
WNR,29.59,29.6,28.42,28.51,2233800,
WOOF,25.559999,25.73,25.059999,25.1,674200,
WOR,33.16,33.759998,32.23,33.060001,373200,
WPC,66.690002,66.699997,64.089996,64.349998,635500,
WPP,11.54,11.66,11.39,11.41,206700,
WPPGY,85.050003,85.809998,84.639999,84.949997,35400,
WPRT,29.5,29.5,28.58,28.780001,664600,
WPX,19.690001,19.690001,18.74,18.799999,3142800,
WPZ,46.340003,46.759997,45,46.000006,325100,
WR,31.17,31.18,30.35,30.440001,1044000,
WRB,40.880001,41.02,40.18,40.220001,576400,
WRE,26.200001,26.32,25.360001,25.49,454400,
WRES,2.63,2.68,2.58,2.58,558100,
WRI,30.25,30.25,28.65,28.790001,1966600,
WRLD,88.519997,89.43,86.629997,86.959999,186100,
WRLS,12.55,12.58,12.52,12.54,380100,
WSH,41.48,41.990002,41.16,41.34,2331600,
WSM,55.720001,55.759998,54.400002,54.619999,961500,
WSO,85.010002,85.010002,82.739998,83.010002,252800,
WSR,16.09,16.09,15.51,15.67,198800,
WST,66.779999,66.989998,66.379997,66.650002,179800,
WSTC,23.27,23.67,21.5,23.379999,339600,
WTFC,36.5,37.619999,36.5,37.220001,335500,
WTI,14.41,14.41,13.7,13.77,773200,
WTR,30.99,31.05,30.13,30.179999,565800,
WTS,45.32,45.43,44.470001,44.650002,165500,
WTSL,4.78,4.8,4.6,4.61,1217700,
WTW,44,44.189999,43.75,43.869999,678900,
WU,16.67,16.76,16.42,16.48,7184500,
WWAV,16.780001,16.959999,16.01,16.049999,1572700,
WWD,40.490002,40.669998,39.700001,40.16,509900,
WWE,9.88,10.02,9.78,9.86,565000,
WWW,51.119999,51.639999,50.5,50.68,494000,
WWWW,22.35,23.129999,21.59,22.940001,724800,
WX,21.17,21.25,20.17,20.219999,579800,
WY,27.26,27.52,26.85,27.030001,16053300,
WYN,57.860001,57.900002,55.490002,55.669998,1820800,
WYNN,136.479996,136.509995,130.619995,132.169998,2678100,
X,17.389999,17.83,17.110001,17.360001,7674500,
XAU,96.84,96.85,89.09,90.21,0,
XBI,103.680004,103.690006,100.639996,101.289997,2616900,
XCO,7.639996,7.639996,7.340002,7.410003,2582800,
XDA,92.18,92.27,91.64,91.9,0,
XDB,154.64,155.18,154.45,155.02,0,
XDC,0.459,0.459,0.459,0.459,0,
XDE,132.13,132.39,131.62,132.22,0,
XDN,102.19,102.96,101.81,102.79,0,
XDS,107.26,107.93,107.01,107.85,0,
XEC,69.330002,69.419998,65.989998,66.940002,1645800,
XEL,28.32,28.42,27.690001,27.709999,5558000,
XEO,732.02002,732.02002,713.950012,715.690002,0,
XES,39.700001,39.700001,39.02,39.169998,54000,
XHB,30.49,30.700001,29.110001,29.370001,18801800,
XIDE,0.21,0.23,0.2,0.21,6651600,
XIN,4.5,4.5,4.2,4.21,559300,
XL,30.57,30.719999,29.879999,29.98,2846600,
XLB,39.650002,39.849998,39.080002,39.220001,13191500,
XLE,79.709999,79.75,78.169998,78.410004,25489800,
XLF,19.419999,19.489999,19.1,19.179999,126575900,
XLI,43.060001,43.139999,42.439999,42.490002,19493200,
XLK,31.219999,31.370001,30.780001,30.85,15781500,
XLNX,39.25,39.41,38.439999,38.560001,3193900,
XLP,40.049999,40.279999,39.099998,39.169998,32296500,
XLS,12.94,13.11,12.84,12.99,1063800,
XLU,37.240002,37.27,36.360001,36.439999,25649300,
XLV,48.009998,48.009998,46.900002,47.040001,28952100,
XLY,56.009998,56.09,54.950001,55.110001,12942500,
XME,34.48,34.740002,33.759998,34.200001,6010800,
XNPT,5.21,5.29,5.06,5.08,424900,
XOM,90.239998,90.519997,88.790001,89.050003,21077700,
XOMA,3.62,3.7,3.5,3.5,756000,
XOOM,22.4,23.309999,22.32,23.23,141800,
XOP,59.970001,59.970001,58.119999,58.419998,6984600,
XOXO,11.08,11.18,10.62,10.64,59200,
XPO,16.860001,16.879999,16.549999,16.610001,132800,
XPP,41.040001,41.060001,38.119999,39.099998,88700,
XRA,0.75,0.76,0.67,0.7,261600,
XRAY,40.610001,40.68,40.189999,40.439999,1012100,
XRM,10.6,10.66,10.22,10.46,153600,
XRS,10.13,10.21,9.89,10.01,228100,
XRT,76.910004,77.150002,75.650002,75.889999,10119400,
XRTX,10.1,10.28,10.1,10.24,33000,
XRX,9.34,9.42,9.19,9.23,11118100,
XSD,53.080002,53.16,52.150002,52.330002,233200,
XSP,162.46,162.46,158.43,158.82,0,
XTEX,20.09,20.25,19.48,19.86,459000,
XTXI,20.31,20.59,19.39,19.74,178800,
XUE,3.16,3.22,3.1,3.21,103800,
XXIA,16.610001,17.43,16.51,17.129999,774700,
XYL,26.99,27.120001,26.389999,26.41,1268200,
YANG,52.009998,56.970002,52.009998,56.48,10800,
YAO,22.26,22.26,21.5,21.76,62200,
YCL,21.84,21.98,21.6,21.98,1200,
YCS,62.310001,62.849998,61.490002,61.880001,1140700,
YELP,32.360001,32.470001,30.85,31,1444100,
YGE,3.05,3.07,2.79,2.82,485500,
YHOO,26.030001,26.049999,25.23,25.35,19115500,
YINN,15.35,15.61,14.25,14.25,249700,
YNDX,26.950001,26.950001,25.549999,25.98,4244400,
YOKU,19.799999,19.9,18.719999,18.85,2430000,
YONG,5.6,5.66,5.51,5.59,696300,
YPF,14.25,14.59,14.08,14.51,439500,
YRCW,23.48,25.5,22.950001,23.790001,660700,
YUK,97.800003,98.239998,97.209999,97.43,0,
YUM,70.810001,71.000002,69.230003,69.390002,4347400,
YZC,7.97,7.99,7.65,7.68,802000,
Z,54.810001,56.439999,52.970001,54.23,806300,
ZAGG,5.51,5.52,5.28,5.32,538500,
ZAZA,1.38,1.42,1.37,1.37,18600,
ZBRA,44.669998,44.77,44.009998,44.040001,135200,
ZEP,16.15,16.370001,16,16.17,38300,
ZEUS,24.809999,24.969999,24.35,24.440001,93700,
ZINC,12.12,12.26,11.79,12,765200,
ZION,26.700001,27.65,26.690001,27.459999,2818100,
ZIOP,2,2.05,1.89,1.9,656900,
ZIXI,4.06,4.11,4.02,4.06,211200,
ZLC,9.1,9.1,8.68,8.9,886800,
ZLTQ,6.19,6.19,5.8,5.81,82800,
ZMH,77.080002,77.300003,75.220001,75.440002,1093700,
ZN,2.05,2.34,2.04,2.26,412600,
ZNGA,2.85,2.9,2.85,2.86,7725800,
ZNH,20.709999,20.709999,20.129999,20.24,43000,
ZOLT,13.05,13.06,12.78,12.9,202700,
ZQK,6.31,6.36,6.15,6.19,2254000,
ZROZ,95.5,96.080002,93.489998,95,67900,
ZSL,100.300003,102.989998,97.650002,102.989998,1237400,
ZTS,30.889999,31.040001,30.049999,30.190001,14938500,
ZUMZ,28.450001,28.450001,27.389999,27.450001,295600,
ZX,2.8,2.8,2.54,2.54,32900,
ABCB,15.89,16.120001,15.73,15.78,32400,
ACCL,8.13,8.3,8.13,8.26,150500,
ACPW,4.27,4.34,4.2,4.2,10600,
ACWX,41.400002,41.400002,40.549999,40.639999,412000,
AKR,24.93,25.02,24.219999,24.24,416000,
AONEQ,0.0271,0.03,0.0271,0.0285,1419200,
ARSD,8.16,8.26,7.85,7.95,43900,
ASTM,15.65,15.65,15.65,15.65,0,
ASX,4.03,4.05,3.94,3.94,348900,
ATEC,2.039999,2.039999,1.969999,2.009999,19800,
ATRC,8.88,9.1,8.82,9.05,48200,
AUX,0,0,0,108.7,0,
AVNW,2.789999,2.809999,2.729999,2.789999,16400,
BFIN,7.85,7.85,7.67,7.76,18400,
BFR,3.95,4,3.9,3.93,10100,
BIL,45.810001,45.810001,45.799999,45.799999,3040800,
BIN,21.4,21.4,20.85,21,154300,
BIS,39.950001,41.369999,39.910001,41.29,3400,
BKEP,8.67,8.73,8.11,8.24,14300,
BRB,222.740005,227.630005,222.350006,225.589996,0,
BSQR,2.65,2.7,2.65,2.7,12000,
CBRX,0.66,0.66,0.63,0.64,28000,
CERP,0.02,0.02,0.02,0.02,11028000,
CHGS,0.18,0.18,0.1521,0.18,45800,
CIR,51.91,52.450001,50.709999,52.16,112700,
CIU,107.730003,107.879997,107.349998,107.639999,708800,
CLUB,10.65,10.92,10.53,10.68,44100,
CMLS,3.37,3.42,3.28,3.33,187700,
CNDA,20.129999,20.129999,19.6,19.6,4100,
COBZ,8.3,8.35,8.21,8.25,94100,
COOL,0.640013,0.640013,0.580012,0.600012,3700,
CRAI,18.26,18.549999,18.26,18.459999,18100,
CRDC,1.16,1.16,1.16,1.16,200,
CREG,1.14,1.14,1.07,1.08,2800,
CROP,25.639999,25.639999,25.209999,25.26,15700,
CSFL,8.7,8.84,8.5,8.58,33800,
CSHZ,0.07,0.08,0.06,0.06,213000,
CSJ,105,105,104.5,104.849998,1156100,
CWB,42.669998,42.939999,42.049999,42.209999,383100,
DCOM,14.37,14.69,14.35,14.56,70700,
DGT,59.779999,59.779999,58.540001,58.57,600,
DMB,12.15,12.25,11.73,11.98,122500,
DQ,9.4,9.4,7.81,7.97,149400,
DRCO,5.18,5.24,5.17,5.18,1700,
EGI,0.31,0.34,0.31,0.33,80700,
ELS,76.449997,76.650002,74.419998,74.660004,306000,
EUFX,37.5,37.5,37.41,37.41,1000,
FCBC,15.4,15.54,15.27,15.33,15600,
FCF,6.87,6.98,6.85,6.9,673000,
FDML,10.2,10.3,9.8,9.88,261900,
FELE,34.400002,35.09,33.799999,33.970001,211500,
FMD,1.16,1.18,1.13,1.14,23600,
FOL,3.14,3.14,3.14,3.14,0,
FORX,46.720001,46.919998,46.07,46.07,25100,
FSCI,41.17,41.22,41.05,41.06,24600,
FTC,34.689999,34.689999,33.91,34,33200,
GBLI,23.15,23.32,22.32,22.700001,29300,
GGAL,5.19,5.26,5.16,5.22,25400,
GIB,30.129999,30.469999,29.59,29.67,181500,
GLDI,15.99,15.99,15.37,15.428,62600,
GLDX,13.45,13.6,12.95,13.04,30700,
GMXRQ,0.21,0.24,0.2,0.24,10400,
GSE,1.1,1.1,1.1,1.1,0,
GSIG,8.54,8.65,8.45,8.57,84300,
GSIT,6.28,6.4,6.2,6.27,51400,
GTS,21.92,22.190001,21.559999,21.709999,250800,
GUNR,32.279999,32.279999,31.540001,31.68,439300,
GWX,29.129999,29.129999,28.540001,28.6,161800,
HCKT,4.96,5.04,4.96,4.99,64400,
HDNG,14.14,14.2,14,14.11,39600,
HDSN,3.5,3.5,3.42,3.44,98489,
HGR,31.690001,32.400002,31.690001,32.040001,208100,
HSON,2.44,2.52,2.4,2.44,64800,
IBCA,6.69,6.7,6.56,6.64,35800,
ICFI,30.469999,31.110001,30.309999,30.950001,108000,
IEFA,52.599998,52.66,51.619999,51.779999,817900,
INOD,3.06,3.21,3.06,3.2,74300,
IPCC,56.400002,58,56.400002,57.009998,46800,
ISIG,1.91,1.91,1.85,1.9,8400,
KIPO,6.37,6.65,6.37,6.44,13000,
KITDQ,0.36,0.4,0.36,0.4,243100,
KMPR,32.66,32.830002,32.119999,32.130001,184800,
LDL,14.03,14.28,13.82,13.87,38600,
LEDR,10.56,10.61,10.46,10.56,127700,
LEDS,1.72,1.72,1.62,1.65,45300,
LOJN,3.24,3.27,3.08,3.2,3500,
LPTN,4.580002,4.650002,4.580002,4.600002,700,
LYTS,7.7,7.83,7.61,7.65,23400,
MCS,12.11,12.19,11.9,12.04,43900,
MGEE,53.869995,53.989992,52.169998,52.339994,71400,
MGRC,33.5,33.990002,33.380001,33.650002,50000,
MPX,6.94,6.97,6.89,6.89,11400,
NEWN,0.11,0.13,0.11,0.13,500,
NJR,42.830002,42.91,41.799999,41.919998,374600,
NPBC,9.61,9.88,9.59,9.74,518600,
NZD,128.380005,129.649994,128.050003,128.929993,0,
OTEL,9.57,9.99,9.48,9.8,2900,
PPBI,11.62,11.74,11.61,11.63,30300,
PRGX,5.52,5.63,5.49,5.53,34900,
PRO,30.309999,30.559999,30.299999,30.4,67400,
PWAVQ,0.0103,0.014,0.0103,0.0104,142800,
QRM,0.44,0.4764,0.44,0.45,123100,
QTEC,29.01,29.030001,28.530001,28.629999,36800,
RNWK,7.25,7.33,7.16,7.27,106000,
RPT,15.14,15.14,14.57,14.65,433200,
RWL,31.4,31.540001,30.959999,31.01,21000,
SBLK,5.73,5.78,5.52,5.66,29000,
SCMR,0.5,0.51,0.48,0.5,40700,
SIGI,22.74,23.049999,22.209999,22.57,98000,
SIJ,20.49,20.809999,20.49,20.73,3500,
SKA,65.360001,66.120003,65.360001,65.660004,0,
SMCI,11.03,11.2,10.77,10.86,93000,
SMTX,2,2.03,1.92,2.02,37100,
SNBC,3.07,3.13,3.01,3.04,8500,
SOCL,14.54,14.54,14.23,14.36,1900,
STAN,21.23,21.42,21.03,21.34,34100,
STL,9.13,9.25,9.11,9.19,120500,
STNR,49.860001,50.68,49.43,49.869999,30600,
SWS,5.67,5.67,5.5,5.53,75900,
SYMX,0.98,1.03,0.97,0.97,64200,
SYPR,3.16,3.23,3.11,3.16,112800,
TACT,7.88,7.9,7.75,7.81,7500,
TFI,23.08,23.09,22.860001,22.950001,775600,
TGE,7.27,7.27,7.27,7.27,0,
THR,20.83,20.9,20.1,20.360001,194500,
TMS,15.11,15.11,14.23,14.25,147000,
TPI,0.55,0.55,0.52,0.53,22600,
TRNO,18.09,18.24,17.889999,17.98,63900,
TRST,5.34,5.38,5.32,5.33,233600,
TSTC,0.4,0.41,0.39,0.39,5000,
UAMY,1.25,1.35,1.06,1.06,386200,
UBNK,13.04,13.2,13.01,13.14,49700,
UCBI,11.81,12.01,11.7,11.79,166100,
ULBI,3.71,3.71,3.6,3.6,12100,
USMV,32.700001,32.700001,32,32.060001,1197300,
USPH,29.860001,30.17,29.32,29.49,55700,
UTY,0.02,0.02,0.02,0.02,0,
WAVX,0.44,0.44,0.4,0.4,3100,
WWAV.B,16.5,16.7,15.72,15.77,1191300,
XDZ,77.96,77.99,77.13,77.33,0,
ZOOM,0.4,0.4,0.38,0.38,1800,