symbol,open,high,low,close,volume,adjust_close
A,43.869999,44.559999,43.660001,44.489999,3627300,
AA,8.179992,8.269991,8.159991,8.199992,5033800,
AACC,6.52,6.53,6.5,6.51,84800,
AAMRQ,4.6,4.63,4.41,4.62,8936800,
AAN,27.530001,28.26,27.48,28.18,368200,
AAON,31.939987,33.000007,31.77,32.590013,163800,
AAP,82.440002,83.309998,82.199997,82.75,466500,
AAPL,432.499992,437.139992,428.75,435.959991,71458100,
AAT,31.309999,32.169998,31.309999,31.969999,135800,
AAU,1.67,1.74,1.67,1.71,50900,
AAV,4.28,4.48,4.28,4.38,254900,
AAWW,45.5,47.369999,45.200001,47.099998,150000,
AAXJ,55.400002,56.560001,55.34,56.490002,904400,
AB,24.450001,24.860001,24.41,24.809999,215300,
ABAX,45.240002,46.439999,45.240002,46.389999,107500,
ABB,21.639999,21.969999,21.59,21.92,1532800,
ABBV,42.419998,43.200001,40.099998,43.150002,6096500,
ABC,54.610001,54.689999,54.040001,54.560001,2551400,
ABCO,52.459999,53.529999,52.139999,53.369999,87700,
ABFS,19.31,19.95,19.09,19.89,348800,
ABG,39.610001,40.880001,39.200001,40.82,182100,
ABM,24.58,24.629999,24.450001,24.5,164000,
ABMD,20.82,21.6,20.780001,21.49,335200,
ABR,6.76,6.89,6.69,6.84,140900,
ABT,36.330002,36.799999,36.119999,36.700001,6472000,
ABV,35.64,36.03,35.6,35.92,14676800,
ABX,19.6,19.83,19.209999,19.809999,14190400,
ACAD,17.870001,18.780001,17.309999,18.549999,3711900,
ACAS,13.02,13.44,13.02,13.39,3727200,
ACAT,45.799999,46.400002,45.799999,46.279999,60900,
ACC,38.639999,39.580002,38.5,39.439999,828100,
ACCO,7.13,7.17,7.02,7.13,729300,
ACE,88.25,89.82,87.82,89.779999,1139600,
ACET,12.88,13.14,12.75,13.05,114400,
ACFN,7.78,8.3,7.78,8.18,115200,
ACGL,51.400002,51.990002,51.220001,51.919998,337100,
ACH,9.01,9.24,8.96,9.19,89500,
ACHC,34.720001,34.779999,33.470001,34.119999,363600,
ACHN,7.8,7.8,7.61,7.72,1264900,
ACI,4.43,4.48,4.32,4.38,1155300,
ACIW,42.999999,43.709999,42.770001,43.570001,582000,
ACLS,1.77,1.82,1.74,1.79,137300,
ACM,30,30.75,29.9,30.610001,457700,
ACMP,44.56,44.77,44.13,44.59,164200,
ACN,79.889999,81.379997,79.440002,81.080002,2150500,
ACO,30.79,31.83,30.79,31.62,48000,
ACOR,33.560001,33.959999,33.119999,33.849998,245100,
ACRE,15.8,16.040001,15.71,15.77,114200,
ACRX,9.54,9.65,8.94,9.29,577700,
ACT,123.510002,126.650002,122.639999,126.459999,1230700,
ACTG,24.610001,25.040001,24.43,25.01,309300,
ACTV,7.44,7.67,7.16,7.46,295200,
ACUR,2.17,2.17,2.13,2.16,197639,
ACW,5.11,5.33,5.07,5.29,109900,
ACWI,51.110001,52.029999,51.110001,51.939999,866300,
ACXM,22.370001,22.940001,22.209999,22.870001,221300,
ADBE,42.740002,43.360001,42.389999,43.299999,2002400,
ADC,30.73,31.610001,29.200001,31.530001,168200,
ADES,38.11,39.12,37.65,38.27,198200,
ADI,44.119999,45.220001,43.860001,45.099998,1527400,
ADM,32.860001,33.470001,32.599998,33.389999,2912000,
ADNC,13.45,13.65,13.38,13.56,140900,
ADP,67.330005,68.490004,67.160005,68.280004,1762300,
ADS,178.330002,180.889999,177.029999,180.350006,718300,
ADSK,34.799999,36.02,34.599998,35.880001,4112800,
ADT,39.060001,39.299999,38.09,38.77,8204700,
ADTN,23.5,24.309999,23.25,24.190001,506400,
ADVS,34.93,35,32.060001,32.990002,861400,
ADY,7.36,7.39,7.3,7.39,385000,
AEC,15.48,15.85,15.41,15.84,933500,
AEE,33.150002,33.91,33.130001,33.889999,1284300,
AEG,6.7,6.8,6.66,6.78,625600,
AEGN,22.620001,23.219999,22.620001,23.190001,79600,
AEGR,72.050003,72.050003,69.099998,69.470001,588200,
AEIS,17.51,18.08,17.34,18.01,138700,
AEL,16.120001,16.42,16.030001,16.34,281500,
AEM,30.74,31.059999,30.299999,31.01,1254700,
AEO,18.98,19.34,18.91,19.25,2639100,
AEP,45.23,45.950001,44.860001,45.919998,3010200,
AER,16.48,16.74,16.35,16.639999,310100,
AERL,3.82,3.82,3.75,3.77,107500,
AES,12.17,12.41,12.12,12.39,3163100,
AET,61.299999,61.889999,60.75,61.59,2630100,
AF,9.82,10.03,9.76,10.01,362600,
AFAM,19.83,20.01,19.530001,19.9,32900,
AFCE,34.46,34.57,34.25,34.48,165600,
AFFX,3.55,3.67,3.55,3.66,254100,
AFFY,1.15,1.26,1.11,1.18,3099200,
AFG,48.130001,49.389999,48.009998,49.310001,434700,
AFL,56.099998,57.630001,56.060001,57.459999,2731800,
AFSI,33.33,34.250001,33.100002,34.19,602000,
AG,10.98,11.2,10.83,11.09,832600,
AGCO,53.150002,54.540001,53.150002,54.41,678700,
AGEN,3.62,3.76,3.55,3.61,175200,
AGG,108.239998,108.75,108.239998,108.75,999000,
AGII,40.200006,41.540005,40.000004,41.440004,74600,
AGM,29.67,29.67,29,29.49,22600,
AGN,123.510002,126.650002,122.639999,126.459999,1230700,
AGNC,24.4,26,24.26,25.790001,14428200,
AGO,22.4,22.66,22,22.58,2495500,
AGQ,21.1,21.57,20.83,21.24,466000,
AGRO,6.9,6.94,6.75,6.81,324700,
AGU,89.019997,89.970001,88.459999,89.889999,531200,
AGX,16.5,16.66,16.360001,16.559999,61800,
AGYS,13.91,13.91,13.6,13.82,130500,
AH,19.5,20.4,18.6,19.9,1553000,
AHGP,60.490002,61.540001,60.110001,61.509998,82700,
AHH,11.48,11.55,11.3,11.49,63600,
AHL,36.709999,37.220001,36.439999,37.169998,438900,
AHS,14.5,14.84,14.25,14.8,158000,
AHT,13.489994,13.710002,13.419998,13.649993,667000,
AI,27.18,28.129999,27.110001,28.030001,178100,
AIG,44.490002,45.970001,44.23,45.939999,15254500,
AIMC,26.67,27.780001,26.450001,27.629999,69900,
AIN,32.470001,33.630001,32.400002,33.5,79200,
AINV,7.98,8.07,7.94,8.06,2970600,
AIR,20.889999,21.75,20.809999,21.68,178800,
AIRM,37.619999,38.77,37.450001,38.709999,395000,
AIT,47.279999,48.470001,47.279999,48.349998,62100,
AIV,28.18,29.25,28.120001,29.16,1325100,
AIXG,16.280001,16.700001,16.18,16.65,39700,
AIZ,50.080002,51.049999,49.919998,50.860001,435800,
AJG,43.439999,44.43,43.119999,44.369999,452600,
AKAM,42.419998,42.860001,41.66,42.639999,2620700,
AKG,2.58,2.58,2.45,2.58,60600,
AKRX,13.65,13.69,13.41,13.61,767300,
AKS,3.43,3.64,3.43,3.62,7633500,
AL,27.540001,28.129999,27.26,28.01,697000,
ALB,61.669998,63.560001,61.52,63.360001,398800,
ALC,11.89,11.93,11.88,11.92,165100,
ALDW,25.209999,25.5,24.9,25.27,186700,
ALE,47.66,48.599998,47.540001,48.509998,80900,
ALEX,35.119999,37.459999,34.990002,37.41,167100,
ALGN,34.279999,34.68,33.84,34.669998,963400,
ALGT,100.480003,101.809998,100.480003,101.720001,57300,
ALIM,4.76,4.9,4.76,4.88,49400,
ALJ,16.370001,16.66,16.09,16.629999,645300,
ALK,56.400002,57.299999,55.900002,56.93,996600,
ALKS,29.360001,29.77,27.719999,29.49,1735100,
ALL,46.970001,47.52,46.529999,47.41,3063800,
ALLT,12.1,12.32,11.98,12.29,240800,
ALNY,30.01,30.379999,29.49,30.360001,219900,
ALOG,75.199997,75.809998,74.830002,75.43,17500,
ALR,25.530001,25.690001,25.360001,25.610001,404700,
ALSK,1.74,1.77,1.71,1.73,128900,
ALSN,22.83,23.360001,22.83,23.27,205600,
ALTR,31.52,32.57,31.42,32.490002,3255800,
ALU,1.81,1.86,1.8,1.84,14804600,
ALV,77.32,78.970001,77.199997,78.769997,449900,
ALXA,4.56,4.74,4.5,4.61,373300,
ALXN,91.309998,93.730003,90.610001,93.410004,811300,
AM,18.42,18.42,18.36,18.4,81300,
AMAG,20.42,21.4,20.35,21.15,64800,
AMAT,15.29,15.61,15.24,15.6,11424400,
AMBA,16.9,17.280001,16.530001,17.040001,659800,
AMBC,25.08,25.790001,24.790001,25.1,536900,
AMCC,7.66,7.93,7.64,7.92,430700,
AMCN,1.81,1.83,1.8,1.8,36300,
AMCX,61.009998,64.43,61.009998,64,728800,
AMD,3.9,3.96,3.87,3.95,14192300,
AME,42.25,42.849998,41.970001,42.73,975500,
AMED,13.72,13.84,13.4,13.58,350800,
AMG,164.490005,170.399994,163.229996,169.850006,408800,
AMGN,96.379997,98.699997,95.940002,98.510002,2958100,
AMJ,45.990002,46,45.41,45.73,755900,
AMKR,4.38,4.45,4.29,4.44,593900,
AMLP,17.360001,17.48,17.309999,17.48,3125800,
AMP,81.089996,83.209999,80.849998,82.989998,782600,
AMPE,5.89,6,5.75,5.97,278500,
AMRC,8.73,8.83,8.62,8.82,174500,
AMRI,11.79,12.1,11.65,11.86,504100,
AMRN,6.88,6.88,6.7,6.81,1779700,
AMRS,2.66,2.76,2.63,2.75,219000,
AMSC,2.51,2.65,2.47,2.65,52900,
AMSG,35.950001,36.52,35.509998,36.470001,81500,
AMSWA,8.43,8.5,8.36,8.48,25900,
AMT,74.43,76.629997,74.330002,76.480003,3548200,
AMTD,23.450001,23.93,23.450001,23.82,3050700,
AMTG,17.700001,18.450001,17.68,18.35,427600,
AMWD,35,35.580002,34.110001,35.18,174500,
AMX,19.860001,20.049999,19.860001,19.969999,14146700,
AMZN,271.5,276.799988,270.290009,275.790009,2649800,
AN,43.369999,43.869999,42.799999,43.869999,2081900,
ANAC,5.6,5.65,5.35,5.65,249000,
ANAD,2.08,2.14,2.06,2.13,316400,
ANDE,52.159996,53.290003,51.48,53.290003,89500,
ANEN,23.88,24.1,23.6,23.99,14800,
ANF,49.209999,49.810001,48.939999,49.59,1173700,
ANGI,25.51,26.110001,25.27,26.01,621500,
ANGO,11.04,11.15,10.91,11.13,25100,
ANH,5.55,5.84,5.53,5.83,1013000,
ANIK,15.26,15.86,15.26,15.73,65400,
ANN,31.030001,32.299999,31.030001,32.279999,1519900,
ANR,6.16,6.3,6.06,6.23,9616800,
ANSS,72.410004,74.25,72.129997,73.959999,236300,
ANV,7.46,7.75,7.46,7.74,1593600,
ANW,9.6,9.83,9.5,9.8,375600,
AOI,3.87,3.9,3.81,3.88,17900,
AOL,35.27,35.91,35.189999,35.740002,1016000,
AON,64.849998,65.720001,64.519997,65.529999,1287500,
AOS,38.139999,38.869999,37.880001,38.66,892800,
AOSL,7.4,7.64,6.9,7.46,600600,
APA,84.139999,85.239998,83.900002,85.120003,2531000,
APAM,52.27,54.110001,52.119999,53.599998,107100,
APC,85.989998,87.650002,85.809998,87.449997,2409900,
APD,94.68,95.599995,94.309998,95.339996,1505200,
APEI,39.009998,39.740002,38.560001,39.66,95600,
APH,76.099998,77.160004,75.709999,77.040001,1031200,
APL,37.83,38.33,37.23,38.27,313100,
APO,23.620001,24.35,23.540001,24.030001,746400,
APOG,24.77,26.1,24.6,26.040001,104000,
APOL,21.27,21.58,21.030001,21.52,1585100,
APP,1.97,2,1.95,1.99,138200,
APRI,2.78,2.88,2.72,2.82,558500,
APU,46.830002,47.09,46.599998,47.02,88200,
ARAY,5.75,5.89,5.67,5.88,456200,
ARB,46.88,46.98,46.82,46.94,120800,
ARCC,16.639999,16.889999,16.57,16.85,3213600,
ARCO,12.98,13.03,12.81,13.01,1054500,
ARCP,14.04,14.78,13.99,14.72,3700700,
ARE,65.029999,67.440002,65.019997,67.239998,550900,
AREX,24.309999,24.809999,24.219999,24.76,202600,
ARG,96.809998,96.900002,96.080002,96.309998,926200,
ARI,16.25,16.82,16.07,16.700001,244300,
ARIA,17.99,18.280001,17.799999,18.110001,1061300,
ARII,32.5,33.400002,32.049999,33.290001,248400,
ARLP,70.230003,71.389999,69.300003,69.379997,119000,
ARMH,40.040001,40.950001,39.900002,40.84,2042000,
ARNA,8.38,8.46,8.28,8.34,3793600,
ARO,14.25,14.43,14.12,14.18,1766000,
ARP,22.389999,22.49,22.35,22.48,865400,
ARPI,19.09,19.790001,18.92,19.620001,377900,
ARQL,2.34,2.4,2.3,2.37,392200,
ARR,4.6,4.95,4.59,4.92,1517300,
ARRS,14.17,14.46,14.07,14.41,1116000,
ARRY,4.54,4.84,4.42,4.79,1697400,
ARTC,34.84,35.05,34.62,35.01,140700,
ARUN,14.1,14.5,14,14.35,2294300,
ARW,39.099998,39.810001,38.959999,39.689999,571600,
ARX,7.43,7.75,7.43,7.74,14700,
ASA,13.69,13.85,13.6,13.85,31600,
ASBC,15.14,15.4,15.06,15.39,581900,
ASCA,26.25,26.33,26.18,26.25,181700,
ASEI,59.849998,60.099998,59.290001,60,21200,
ASFI,8.78,8.85,8.58,8.69,14500,
ASGN,26.360001,26.450001,25.780001,26.35,281800,
ASH,85.260002,87.519997,85.07,86.970001,513500,
ASIA,11.635,11.68,11.61,11.67,114100,
ASMI,33.810001,34.200001,33.759998,34.169998,3500,
ASML,78.540001,80.400002,78.389999,80.18,1435600,
ASNA,17.790001,18,17.68,17.950001,1759100,
ASPS,95.239998,96.720001,94.699997,96.010002,198200,
ASR,108.349998,109.279999,107.900002,108.25,73000,
ASTE,33.919998,35.150002,33.919998,35.139999,36500,
ASTI,0.79,0.83,0.75,0.76,13400,
ASTX,4.47,4.63,4.38,4.6,605500,
ASYS,5.25,5.28,5.25,5.28,19100,
AT,4.7,4.8,4.65,4.79,433100,
ATAX,6.75,6.89,6.55,6.84,97300,
ATHN,86.559998,89.330002,86.290001,89.239998,260600,
ATHX,1.62,1.65,1.6,1.63,122900,
ATI,27.1,28.110001,27.02,28.01,1165400,
ATK,79,80,78.7,79.89,141300,
ATLC,3.52,3.85,3.52,3.68,1400,
ATLS,14.48,14.85,14.48,14.73,569667,
ATMI,23.93,24.37,23.87,24.36,58700,
ATML,7.54,7.72,7.46,7.64,4915800,
ATNI,49.139999,50.419998,48.959999,50.259998,38500,
ATO,40.75,41.040001,40.529999,40.869999,512400,
ATPAQ,0.081,0.084,0.0765,0.082,130900,
ATR,55.919998,57.349998,55.919998,57.290001,96200,
ATRS,4.06,4.1,4.01,4.03,932600,
ATSG,6.16,6.85,6.15,6.8,658700,
ATU,32.889999,33.59,32.84,33.459999,528500,
ATVI,14.18,14.53,14.1,14.51,6799300,
ATW,53.900002,55.110001,53.880001,54.93,418300,
AU,16.139999,16.48,16.110001,16.48,2853700,
AUDC,4.39,4.5,4.32,4.49,139800,
AUM,95.75,96.57,95.43,96.489998,0,
AUMN,1.57,1.61,1.51,1.61,197300,
AUO,4.1,4.13,4.06,4.11,1369900,
AUQ,4.93,4.99,4.83,4.95,1474400,
AUX,104.43,104.78,103.58,103.58,0,
AUXL,16.71,17.02,16.475,16.96,500000,
AUY,11.05,11.35,10.98,11.33,4987600,
AVA,26.49,27.15,26.450001,27.030001,492500,
AVAV,19.75,19.9,19.6,19.68,229200,
AVB,129.710007,135.039993,129.600006,134.559998,822200,
AVD,29.360001,30.129999,28.709999,30.040001,185300,
AVEO,2.54,2.66,2.5,2.66,544700,
AVG,17.870001,18.360001,17.549999,18.33,166300,
AVGO,35.740002,37.16,35.619999,37.110001,2910600,
AVHI,14,14.25,14,14.2,10500,
AVID,6.22,6.33,6.21,6.32,37300,
AVIV,25.97,26.52,25.81,26.44,162400,
AVL,0.71,0.72,0.69,0.69,231500,
AVNR,4.18,4.28,4.11,4.26,1777500,
AVP,22.690001,23.059999,22.68,22.93,5420300,
AVSPY,135.07,135.85,133.75,134.21,0,
AVT,33.23,33.799999,33.060001,33.66,560100,
AVX,11.85,12.02,11.85,11.98,204000,
AVY,42.66,43.34,42.540001,43.200001,437100,
AWAY,29.43,30.51,29.219999,30.27,706400,
AWC,29.839,30.6,29.839,30.6,0,
AWH,91.66,92.92,91.02,92.76,428100,
AWI,49.07,50.259998,48.299999,50.18,458300,
AWK,40.400002,40.990002,40.259998,40.880001,1075700,
AWR,52.790001,54.169998,52.580002,53.98,217400,
AWRE,5.28,5.29,5.16,5.23,138900,
AXAS,2.14,2.21,2.11,2.18,489500,
AXE,75.660004,77.209999,74.580002,77.07,203200,
AXL,17.610001,18.469999,17.4,18.43,1859300,
AXLL,42.02,44.18,42.02,43.889999,1404100,
AXP,74.459999,75.260002,73.790001,75.209999,6738900,
AXS,45.139999,45.779999,44.970001,45.73,566800,
AXTI,2.74,2.78,2.72,2.78,82600,
AXU,1.36,1.36,1.24,1.3,447500,
AYI,74.900002,76.699997,74.059998,76.449997,203700,
AYR,15.01,15.09,14.86,15.04,472900,
AZC,2.23,2.25,2.2,2.23,45600,
AZN,50.82,51.130001,50.73,51.07,3848800,
AZO,416.869995,419.910004,415.070007,419.5,238200,
AZPN,29.35,29.77,29.1,29.559999,459900,
AZZ,42.060001,43.02,41.889999,42.91,88100,
B,29.17,29.620001,29.1,29.59,194700,
BA,100.959999,102.339996,100.849998,102.160004,4076500,
BAA,1.06,1.09,1.02,1.09,592700,
BABY,14,14.36,13.96,14.26,199500,
BAC,13,13.26,12.97,13.21,103636400,
BAH,16.5,17.139999,16.5,16.76,521000,
BAK,14.66,15.02,14.45,14.98,171200,
BAL,56.32,57.290001,56.18,57.029999,76400,
BALT,3.46,3.66,3.46,3.65,180000,
BAM,34.720004,35.650005,34.410002,35.580001,1642800,
BANR,31.639999,32.369999,31.200001,32.360001,79000,
BAP,132.089998,133.919996,128.440014,130.259992,875400,
BAS,12.4,12.79,12.35,12.74,398400,
BAX,69.649997,70.919997,68.820001,70.750001,5474000,
BAXS,2.14,2.24,2.14,2.24,43700,
BBBY,68.980003,71.290001,68.889999,71.029999,2220300,
BBCN,12.6,12.77,12.52,12.76,162000,
BBD,14.41,14.470001,14.18,14.19,7790000,
BBEP,18.200001,18.370001,18.07,18.18,308500,
BBG,22.309999,22.84,21.969999,22.709999,555400,
BBH,68.5,69.690002,67.690002,69.459999,62200,
BBL,56.16,56.939999,55.950001,56.84,734300,
BBOX,26.32,26.51,25.860001,26.49,56500,
BBRG,18.82,18.950001,18.299999,18.49,96300,
BBRY,13.95,14.49,13.83,14.42,32443000,
BBT,32.939999,33.450001,32.82,33.419998,2869000,
BBVA,8.93,9.07,8.89,9.06,1311800,
BBW,6.31,6.32,6.14,6.24,46500,
BBX,12.55,12.89,12.48,12.79,28700,
BBY,26.790001,27.59,26.780001,27.559999,6204100,
BC,31.549999,32.02,31.02,31.9,794400,
BCC,26.26,26.57,25.875999,26.469999,294500,
BCE,43.119999,43.919998,42.880001,43.919998,982200,
BCEI,36,37.349998,35.82,37.220001,248800,
BCO,26.280001,26.950001,26.030001,26.860001,86400,
BCOR,18.18,18.5,17.93,18.4,336800,
BCOV,8.08,8.27,7.86,8.16,344000,
BCPC,45.98,46.43,45.869999,46,87200,
BCR,105.300003,109.370003,105.18,109.309998,931300,
BCRX,1.69,1.71,1.65,1.7,300100,
BCS,18.48,18.885,18.4,18.87,2338659,
BDBD,11.93,12.13,11.75,12.1,258600,
BDC,49.98,51.349998,49.689999,51.27,91000,
BDE,8.8,8.93,8.64,8.92,132500,
BDN,12.99,13.61,12.99,13.6,1343300,
BDSI,4.28,4.47,4.26,4.44,108100,
BDX,97.260002,98.830002,96.82,98.599998,827500,
BEAM,64.36,65.43,63.926,65.22,770800,
BEAT,5.26,5.95,5.14,5.65,4334900,
BEAV,62.820008,63.920003,62.25,63.620006,796000,
BEBE,5.62,5.86,5.55,5.85,31300,
BECN,40.299999,41.209999,39.830002,40.830002,221700,
BEE,7.69,9.69,7.63,8.44,6554300,
BEN,143.25,147.569996,142.670002,147.099998,4645800,
BERY,22.200001,23.190001,21.93,23.190001,490800,
BF.B,69.019997,70.309998,68.279999,70.190002,277600,
BFAM,33.450001,33.549999,32.75,33.5,3786500,
BG,70.93,72.099998,70.220001,71.839996,1025900,
BGC,32,33.169998,31.790001,33.139999,420800,
BGCP,5.78,5.9,5.77,5.83,2031900,
BGFV,21.790001,21.9,21.35,21.809999,309800,
BGG,20.469999,20.809999,20.34,20.77,445700,
BGS,31.540001,32.389999,31.540001,32.310001,311100,
BHE,19.34,19.809999,19.219999,19.68,288500,
BHI,45.459999,47.009998,45.459999,46.950001,3901400,
BHP,62.610001,63.689999,62.5,63.599998,3345400,
BIB,91.129997,94.879997,89.610001,94.150002,112800,
BID,37.209999,38.119999,36.869999,38.049999,703900,
BIDU,97.519997,99.769997,96.699997,99.660004,2970300,
BIG,32.709999,33.18,32.470001,33.130001,516100,
BIIB,205.860001,210.869995,204.559998,209.580002,2011600,
BIO,111.059998,113.040001,111.059998,112.93,55100,
BIOD,4.23,4.42,4.2,4.26,273200,
BIOL,3.780011,3.940013,3.750014,3.870011,175800,
BIOS,14.84,15.12,14.73,15.05,487900,
BIP,35.21,35.509998,34.7,35.37,385500,
BIRT,6.77,6.89,6.7139,6.84,93900,
BITA,11.97,11.97,11.46,11.82,38000,
BIV,85.269997,85.639999,85.169998,85.519997,345200,
BJRI,37.66,38.25,37.169998,38.209999,166400,
BK,28.99,29.51,28.889999,29.48,4946500,
BKCC,9.8,9.85,9.77,9.84,806600,
BKD,26.6,27.02,26.41,26.85,807400,
BKE,54.92,55.03,54.029996,54.829992,292200,
BKF,35.380001,36.150002,35.330002,36.049999,176500,
BKH,47.23,48.32,47.040001,48.209999,110600,
BKI,37.24,37.3,37.22,37.27,278200,
BKLN,24.940001,24.959999,24.9,24.959999,4795600,
BKMU,5.63,5.75,5.54,5.74,64300,
BKS,21.25,21.320001,19.330001,19.44,5178000,
BKU,25.129999,25.360001,25,25.299999,264500,
BKW,19.88,20.51,19.72,20.44,970700,
BKX,60.19,61.21,60.09,61.14,0,
BLC,13.67,13.77,13.62,13.77,71121800,
BLDP,1.9,1.98,1.8,1.84,1344000,
BLDR,6.4,6.67,6.34,6.65,191900,
BLK,268.779999,272.700012,264.709991,272.429993,1162700,
BLKB,30.58,32,30.379999,31.85,219900,
BLL,42.360001,43.509998,42.360001,43.400002,1037500,
BLMN,23.18,23.51,22.969999,23.459999,341100,
BLOX,27.33,27.700001,26.52,27.040001,581400,
BLT,12.96,13.09,12.79,13.05,331900,
BLV,87.459999,88.220001,87.300003,87.900002,76100,
BLX,22.309999,22.41,21.950001,22.120001,198300,
BMC,45.1,45.19,45.05,45.09,2319700,
BMI,43.25,44.029999,42.860001,43.970001,101800,
BMO,58.630001,59.849998,58.360001,59.59,546700,
BMR,19.950001,20.58,19.9,20.5,1977800,
BMRN,57.259998,59.040001,57.009998,58.970001,846900,
BMS,38.810001,39.59,38.810001,39.52,349200,
BMY,46.27,47.25,46.25,47.169998,8511600,
BNCL,8.47,8.609995,8.429997,8.609995,30200,
BND,81.779999,82.059998,81.739998,82.029999,1600400,
BNNY,41.85,41.85,39.13,39.69,208900,
BNO,79.019997,80,79.019997,79.879997,28600,
BNS,55.459999,56.459999,55.23,56.279999,424500,
BOBE,47.279999,47.900002,47.099998,47.860001,120300,
BODY,12.35,12.69,12.29,12.64,21600,
BOFI,45.330002,46.529999,44.779999,46.290001,355600,
BOH,48.91,49.650002,48.91,49.580002,218500,
BOIL,40.360001,42.959999,40.299999,42.279999,33200,
BOKF,63.259998,63.919998,63.220001,63.59,40200,
BOLT,16.4,16.77,16.26,16.77,7700,
BONA,4.21,4.23,4.21,4.22,1800,
BOND,107.010002,107.610001,107.010002,107.580002,822000,
BONT,20.6,21.16,20.23,21.07,246600,
BOOM,16.65,16.92,16.49,16.92,20300,
BORN,1.2,1.24,1.2,1.23,34000,
BOTA,3.5,3.5,3.46,3.48,7400,
BP,42.66,43.169998,42.639999,43.09,3933100,
BPAX,1.3,1.33,1.25,1.27,207000,
BPFH,9.87,9.99,9.84,9.98,291100,
BPI,12.71,12.81,12.58,12.74,141800,
BPL,67.139999,67.18,66.5,66.75,494200,
BPO,16.7,17.23,16.7,17.17,662700,
BPOP,28.459999,29.17,28.34,29.120001,376600,
BPT,91.5,92.830002,90.269997,92.129997,152600,
BPX,63.779999,63.91,63.560001,63.619999,0,
BPY,21.01,21.34,20.690001,21.23,262500,
BPZ,1.83,1.86,1.81,1.85,293900,
BR,26.42,26.76,26.25,26.719999,604800,
BRC,30.540001,30.860001,30.32,30.809999,210500,
BRCD,5.81,5.98,5.72,5.97,8994600,
BRCM,33.400002,33.619999,33.139999,33.540001,9270900,
BRE,47.09,48.79,46.98,48.6,810100,
BREW,7.49,7.55,7.44,7.53,16900,
BRF,34.400002,35.07,34.330002,35.049999,78100,
BRFS,21.700001,21.9,21.610001,21.68,1661300,
BRK.B,112.889999,115.139999,112.269997,114.989998,4018900,
BRKL,8.31,8.47,8.3,8.47,124800,
BRKR,16.049999,16.52,16.049999,16.459999,518800,
BRKS,10.04,10.34,9.97,10.32,108200,
BRLI,28.74,29.07,28.49,28.99,758100,
BRO,32.16,32.650002,31.99,32.59,682800,
BRS,64.209999,65.160004,63.810001,65.010002,104700,
BRY,43.84,44.25,43.58,44.01,571200,
BSAC,23.299999,24.27,23.27,24.16,360500,
BSBR,6.73,6.87,6.7,6.84,2692600,
BSDM,1.27,1.27,1.25,1.26,67400,
BSET,13.76,14.68,13.75,14.59,20400,
BSFT,29.35,29.35,28.6,29.120001,195800,
BSMX,14.49,15.09,14.41,15.01,2495700,
BSRR,14.27,14.49,14.11,14.46,9100,
BSX,9.39,9.6,9.33,9.58,9989600,
BTE,36.439999,37.09,36.290001,36.98,91600,
BTH,13.95,14.85,13.91,14.53,225400,
BTI,108.870003,110.199997,108.870003,110.050003,79400,
BTN,4.23,4.25,4.23,4.23,54400,
BTU,17.060008,17.550009,17.000008,17.37001,658200,
BTX,3.97,3.97,3.85,3.94,145000,
BUD,91.75,93.400002,91.75,93.269997,1008100,
BUSE,4.409995,4.449995,4.309996,4.449995,42400,
BV,9.29,9.49,9.14,9.3,320900,
BVN,17.49,17.879999,17.309999,17.84,891800,
BWA,83.07,85.889999,82.940002,85.699997,1385200,
BWC,29.75,30.27,29.6,30.01,771400,
BWEN,4.05,4.24,3.99,4.18,60900,
BWLD,96.800003,98.489998,96.339996,98.150002,239100,
BWP,28.959999,29.6,28.77,29.33,602600,
BWS,20.88,21.47,20.88,21.44,184600,
BWX,58.689999,58.900002,58.66,58.869999,346200,
BX,20.74,21.200001,20.469999,21.139999,3327200,
BXP,106.660004,111.32,106.260002,110.779999,1225700,
BXS,16.57,16.93,16.52,16.870001,536600,
BYD,11.82,11.95,11.72,11.87,1341200,
BYI,56.43,57.08,56.1,56.79,235800,
BZ,8.47,8.57,8.34,8.56,824100,
BZF,18.18,18.49,18.059999,18.49,18800,
BZH,18.719999,19.469999,18.700001,19.27,1036200,
BZQ,83.650002,84.410004,80.849998,81.239998,27400,
C,49.279999,50.290001,48.799999,50.290001,34191300,
CA,28.299999,28.700001,28.129999,28.530001,4684800,
CAAS,5.09,5.13,5.05,5.11,16400,
CAB,66.650002,67.699997,66.5,67.519997,433900,
CACI,62.950001,64.550003,62.91,64.300003,213100,
CADX,7.2,7.3599,7.05,7.18,1029100,
CAG,33.809998,34.259998,33.579999,34.189999,2975000,
CAH,47.130001,47.950001,46.849998,47.900002,2224100,
CAJ,33.610001,34.02,33.310001,33.939999,614800,
CAK,0.55002,0.57,0.55002,0.55999,34200,
CAKE,41.509998,41.689999,40.939999,41.619999,360300,
CALD,6.17,6.36,6.15,6.26,173900,
CALL,15.18,15.38,14.84,15.34,105145,
CALM,46.419998,46.810001,46.25,46.619999,113400,
CALX,10.2,10.49,10.12,10.45,158000,
CAM,60.889999,62.48,60.73,62.380001,1162500,
CAMP,13.37,13.5,13.3,13.4,252100,
CAP,26.34,26.879999,26.280001,26.690001,76900,
CAR,31.299999,31.75,30.93,31.700001,1911400,
CARB,12,12.84,11.76,12.76,122100,
CAS,16.82,17.17,16.82,17.110001,158400,
CASY,61.75,63.66,61.75,63.290001,335800,
CAT,83.32,85.279999,83.190002,85.139999,6352100,
CATM,28.66,29.25,28.59,29.200001,78800,
CATO,24.940001,25.309999,24.879999,25.26,116000,
CATY,19.73,20.24,19.690001,20.190001,108000,
CAVM,32.77,33.950001,32.41,33.939999,572100,
CB,88.25,89.82,87.82,89.779999,1139600,
CBAK,1.23,1.25,1.13,1.19,59100,
CBB,3.13,3.25,3.12,3.22,246600,
CBD,47.279999,47.84,46.540001,46.919998,406700,
CBEY,8.39,8.5,8.29,8.49,168300,
CBF,17.690001,18.059999,17.49,18,217300,
CBG,22.51,22.98,22.42,22.92,2982800,
CBI,57.740002,58.709999,57.689999,58.610001,1302100,
CBK,6.96,7.07,6.64,6.9,517900,
CBL,22.09,22.74,22.049999,22.66,1371500,
CBLI,1.64,1.64,1.57,1.61,3700,
CBM,13.81,14.27,13.7,14.26,70800,
CBOE,41.360001,42.349998,41.080002,42.27,371700,
CBR,3.8,3.84,3.71,3.83,152300,
CBRL,96.529999,96.68,95.540001,96.330002,221300,
CBS,46.049999,47.5,45.77,47.360001,9504500,
CBS.A,46.040001,47.400002,45.84,47.32,3300,
CBSH,43.290127,43.770133,43.020135,43.760132,1229800,
CBST,50.12,51.3525,50.045,50.66,612600,
CBT,37.560001,38.240002,37.380001,38.009998,234100,
CBU,28.82,29.360001,28.700001,29.35,113100,
CBZ,6.63,6.76,6.55,6.74,159600,
CCC,17.09,17.530001,16.809999,17.43,526600,
CCE,35.93,36.400002,35.610001,36.259998,1485700,
CCG,11.8,12.19,11.73,12.12,697300,
CCI,68.279999,69.779999,67.699997,69.739998,5231800,
CCIX,19.75,20.24,19.41,20,296800,
CCJ,20.559999,20.950001,20.440001,20.870001,1709900,
CCK,41.950001,42.91,41.950001,42.5,1758600,
CCL,32.950001,33.93,32.82,33.919998,4720700,
CCM,4.150003,4.189995,4.150003,4.189995,2800,
CCMP,34.029999,34.59,33.849998,34.48,64100,
CCO,7.32,7.47,7.29,7.46,170500,
CCOI,26.959999,28.059999,26.940001,27.959999,274100,
CCRN,5,5.13,4.94,5.08,73200,
CCUR,7.77,8,7.77,7.92,78600,
CDD,101.639999,101.860001,101.459999,101.540001,0,
CDE,13.84,14.22,13.82,14.17,930800,
CDI,14.49,14.87,14.44,14.74,66200,
CDNS,14.71,14.93,14.6,14.88,1614000,
CDR,5.38,5.55,5.35,5.51,166100,
CDZI,5.51,5.66,5.5,5.61,47300,
CE,46.919998,47.830002,46.549999,47.490002,1095400,
CEB,59.900002,61.130001,59.540001,61,63700,
CEC,0.74006,0.72156,0.74006,0.72156,9700,
CECE,12,12.05,11.94,12.05,23500,
CECO,2.95,3.03,2.91,2.91,597900,
CEL,9.2,9.31,9.2,9.3,62600,
CELG,118.980003,120.529999,117.080002,120.260002,4610800,
CENTA,7.31,7.57,7.29,7.52,206800,
CENX,9.57,9.84,9.49,9.77,1022600,
CEO,168.139999,171.220001,167.580002,170.589996,100800,
CERN,97.239998,98.989998,96.410004,98.900002,834000,
CERS,4.68,4.79,4.16,4.75,768800,
CETV,3.14,3.34,3.03,3.28,405500,
CEVA,16.309999,17.77,16.309999,17.440001,622000,
CF,181.720009,185.830002,181.679993,185.639992,3792500,
CFI,17.700001,17.99,17.129999,17.870001,59200,
CFN,37.39,38.12,36.85,38.02,1513600,
CFNL,15.02,15.12,14.8,15.08,112900,
CFR,64.269997,64.940002,64,64.800003,398400,
CFX,51.02,51.93,50.790001,51.799999,340400,
CG,26.4,27.08,26.1,26.860001,989500,
CGA,2.8,2.9,2.8,2.9,54400,
CGEN,6.3,6.49,6.15,6.35,71400,
CGG,22.860001,23.42,22.860001,23.4,200,
CGI,19.280001,19.639999,19.280001,19.559999,95200,
CGNX,44.540001,45.720001,44.48,45.540001,225000,
CGX,47.48,49.38,47.37,49.24,22000,
CHCO,38.759998,39.310001,38.75,39.119999,20300,
CHD,60.950001,61.470001,60.59,61.25,1103000,
CHDN,79.660004,81.099998,78.580002,80.150002,34500,
CHDX,16.28,16.28,15.85,16.09,17800,
CHE,71.989998,72.949997,71.730003,72.830002,134200,
CHEF,17.98,18.16,17.389999,17.450001,88500,
CHFC,25.549999,26.25,25.52,26.219999,22400,
CHH,39.450001,40.919998,39.380001,40.66,118400,
CHIQ,13.78,14.1,13.78,14.09,108800,
CHK,21.010001,21.120001,20.810001,21.000001,19284800,
CHKP,49,49.349998,48,48.689999,1857200,
CHKR,14.25,14.39,14.15,14.35,145600,
CHL,49.419998,50.049999,49.200001,49.950001,866400,
CHLN,2.12,2.13,2.04,2.12,6900,
CHMT,21.610001,22.08,21.51,22.030001,423400,
CHOP,2.12,2.19,2.12,2.19,3800,
CHRW,55.84,56.950001,55.84,56.720001,1380300,
CHS,16.93,17.379999,16.860001,17.27,2351200,
CHSP,21.51,21.700001,21.309999,21.65,546100,
CHT,31.68,31.83,31.469999,31.719999,119200,
CHTP,2.43,2.5,2.38,2.49,341900,
CHTR,111.620003,111.940002,110.860001,110.889999,1123500,
CHU,13.13,13.43,13.11,13.38,404000,
CHUY,37.220001,38.740002,36.77,38.59,141500,
CI,69.290001,69.529999,68.07,69.43,2100900,
CIB,57.68,57.98,57.32,57.540001,181200,
CIE,25.23,26,25.139999,25.76,3277000,
CIEN,19.84,20.58,19.66,20.52,3818300,
CIG,9.349994,9.529998,9.269995,9.529998,2809100,
CIM,2.99,3.11,2.98,3.08,1315500,
CINF,45.540001,46.439999,45.380001,46.439999,480900,
CIS,1.74,1.77,1.72,1.73,70086,
CISG,6.29,6.37,6.18,6.3,33100,
CIT,45.46,46.36,45.27,46.28,1042403,
CJES,18.860001,19.469999,18.809999,19.33,275200,
CKEC,17.129999,17.129999,16.77,17.059999,64600,
CKH,77.589996,79.760002,77.589996,79.760002,237900,
CKP,14.39,14.71,14.27,14.67,79200,
CKSW,7.98,8.04,7.98,8.02,25300,
CL,58.119999,58.650002,57.189999,58.459999,2516500,
CLB,137.050003,140.839996,137.050003,140.580002,112700,
CLC,53.869999,55,53.77,54.869999,143000,
CLD,17.85,18.370001,17.77,18.16,599800,
CLDT,16.35,16.4,16.18,16.35,1709600,
CLDX,15.78,16.16,15.1,16.09,2124000,
CLF,17.52,18.790001,17.5,18.700001,12252500,
CLGX,23.860001,24.129999,23.709999,24.07,688300,
CLH,53.709999,54.740002,53.400002,54.57,243400,
CLI,24.23,24.780001,24.23,24.74,1079400,
CLMS,10.72,10.81,10.66,10.78,176400,
CLMT,35.599998,36,35.419998,35.869999,380400,
CLNE,12.8,13.16,12.73,13.1,755400,
CLNY,20.129999,20.9,20.09,20.889999,849800,
CLP,4000,4000,4000,4000,0,
CLR,85.57,87.690002,85.209999,87.559998,2243400,
CLS,9.42,9.68,9.38,9.62,263900,
CLSN,1.520001,1.649999,1.37,1.500001,1712700,
CLW,48.200001,48.68,48,48.290001,85800,
CLWR,4.38,4.48,4.37,4.47,27393300,
CLX,84.300003,85.529999,84.160004,85.349998,622200,
CM,75.230003,76.57,75.029999,76.300003,171500,
CMA,37.610001,38.029999,37.450001,37.93,1648900,
CMC,14.08,14.78,14,14.72,1158700,
CMCO,20.9,21.139999,20.84,21.129999,99400,
CMCSA,39.400002,39.900002,38.91,39.75,24529000,
CMCSK,38.470001,38.470001,37.720001,38.220001,2580800,
CME,72.370003,74.309998,72.050003,74.139999,2050900,
CMG,369.5,372.559998,365.440002,371.429993,309600,
CMI,115.110001,118.449997,114.910004,118.269997,1557200,
CMLP,22.15,22.530001,22.01,22.379999,57900,
CMN,33.959999,34.129995,33.679994,33.949994,189100,
CMO,12.05,12.68,12.01,12.59,1126200,
CMP,84.730003,85.580002,84.709999,85.440002,131700,
CMRE,17.24,17.389999,17.16,17.370001,85900,
CMS,26.51,27.23,26.459999,27.200001,2666200,
CMTL,26.51,26.889999,26.51,26.809999,47900,
CNA,32.580002,32.790001,32.110001,32.740002,445600,
CNC,49.279999,50.299999,48.77,50.169998,1425400,
CNDO,9.08,9.31,8.85,9.08,409600,
CNH,42.17,42.85,42.11,42.75,159700,
CNI,97.849998,99.610001,97.349998,99.540001,831000,
CNIT,2.82,3,2.8,2.81,17500,
CNK,27.969999,27.99,27.709999,27.92,629400,
CNL,44.389999,45.259998,44.189999,45.169998,192700,
CNMD,31.91,32.68,31.530001,32.639999,69000,
CNO,12.56,12.89,12.5,12.87,940800,
CNP,23.030001,23.68,22.950001,23.620001,2950700,
CNQ,28.440001,29.049999,28.290001,28.969999,1809700,
CNQR,78.88,79.37,78.21,78.97,888800,
CNS,35.880001,36.25,35.43,36.200001,174800,
CNSI,30.139999,30.719999,29.25,30.5,114900,
CNSL,17.09,17.52,17.09,17.49,151900,
CNW,38.700001,39.740002,38.549999,39.610001,506200,
CNX,31.73,32.560001,31.559999,32.439999,1273900,
COCO,2.35,2.43,2.3,2.3,770700,
CODE,1.12,1.12,1.12,1.12,0,
CODI,16.85,17.24,16.84,17.16,108600,
COF,61.43,62.490002,61.16,62.349998,2414700,
COG,69.309998,70.699997,68.839996,70.57,4141400,
COGO,1.79,1.85,1.77,1.83,128100,
COH,57.82,58.93,57.450001,58.700001,3576300,
COHR,56.360001,59,56.139999,58.700001,41500,
COHU,11.36,11.61,11.27,11.55,20800,
COL,64.489998,65.029999,64.190002,64.870003,723700,
COLB,21.620001,22.08,21.549999,22.049999,95900,
COLM,60.919998,62.099998,60.68,61.990002,95000,
CONE,21.15,21.66,20.9,21.66,163400,
CONN,50.830002,52.450001,50.830002,52.299999,449100,
COO,120.5,121.43,119.720001,121.220001,269900,
COP,60.669998,61.720001,60.380001,61.650002,5346900,
COR,30.200001,31.139999,29.889999,31,247600,
CORE,59.32,61.330002,58.810001,61.290001,104000,
CORN,40.669998,40.669998,40.049999,40.59,23000,
CORR,7.33,7.66,7.33,7.66,6700,
CORT,1.81,1.9,1.81,1.83,91800,
COST,109.169998,111.139999,109.019997,110.879997,1230500,
COT,8.11,8.11,8.03,8.09,164200,
COV,57.83,59.24,57.42,59.17,1829600,
COW,26.690001,26.690001,26.57,26.629999,5600,
COWN,3.22,3.24,3.16,3.19,348600,
CP,122.470001,124.739998,121.209999,124.470001,701300,
CPA,134.639999,136.570007,133.210007,135.559998,144700,
CPB,44.130001,44.610001,43.799999,44.540001,1158600,
CPE,3.57,3.58,3.52,3.55,184700,
CPF,17.940001,18.049999,17.780001,18.01,61100,
CPHD,33.34,33.810001,32.98,33.599998,390700,
CPIX,5.09,5.11,5.04,5.09,65600,
CPL,19.979934,20.309935,19.929943,20.309935,235100,
CPLA,44.41,44.41,43.279999,43.459999,119700,
CPLP,8.91,9.3,8.9,9.3,147500,
CPN,20.950001,21.370001,20.790001,21.309999,4934200,
CPRT,30.700001,31.469999,30.51,31.24,1453800,
CPSI,50.049999,51.169998,49.580002,51.07,82200,
CPSS,7.6,7.79,7.32,7.64,289800,
CPT,64.800003,66.760002,64.629997,66.589996,807600,
CPWR,10.4289,10.5825,10.3136,10.5441,1157400,
CQB,10.88,11.23,10.7,11.08,402200,
CQP,28.07,28.4,27.9,28.4,210100,
CQQQ,26.299999,26.66,26.129999,26.66,12900,
CR,57.77,59.540001,57.369999,59.330002,231800,
CRAY,18.559999,18.85,18.4,18.809999,243200,
CREE,61.029999,62.330002,60.290001,62.279999,1483400,
CRH,20.379999,20.780001,20.33,20.77,87100,
CRI,71.93,72.699997,71.470001,72.650002,397200,
CRIS,3.4,3.56,3.36,3.55,262200,
CRK,16.710001,17.260001,16.6,17.19,109300,
CRL,42.040001,42.66,41.75,42.52,336100,
CRM,37.459999,37.98,36.869999,37.799999,5839000,
CRME,2.05,2.06,2,2.05,5900,
CRMT,42.16,43.439999,41.889999,43.27,26300,
CRNT,3.86,3.86,3.65,3.77,45700,
CROC,43,43.34,41.639999,42.200001,53100,
CROX,16.42,16.639999,16.27,16.559999,763200,
CRR,65.760002,67.779999,65.57,67.690002,343600,
CRRC,13.68,14.1,13.58,13.75,62700,
CRS,47.34,48.299999,47.139999,47.790001,305400,
CRTX,9.81,9.81,8.6,8.76,220400,
CRUS,17.65,18.200001,17.559999,18.09,1834100,
CRY,6.17,6.26,6.13,6.25,30000,
CRZO,26.1,26.74,25.870001,26.66,426300,
CS,28.360001,28.879999,28.309999,28.860001,1425600,
CSC,44.08,44.7,43.729999,44.609998,2097500,
CSCO,23.93,24.4,23.879999,24.35,27238900,
CSE,9.16,9.3,9.01,9.26,1047600,
CSGP,115.5,115.610001,114.910004,115.389999,99300,
CSGS,20.790001,21.27,20.790001,21.26,114500,
CSH,47.719996,48.640009,47.579997,48.420008,165700,
CSII,21.719999,21.77,21.290001,21.700001,116300,
CSIQ,8.99,9.41,8.8,9.35,1465000,
CSL,65.050003,66.349998,64.849998,66.150002,253100,
CSOD,41.759998,42.529999,41.540001,42.490002,639600,
CST,32.16,32.700001,32.029999,32.650002,1049900,
CSTE,27.23,27.75,27.200001,27.620001,104000,
CSTR,57.31,59.09,56.62,58.46,386400,
CSU,25.780001,25.940001,25.450001,25.870001,100300,
CSUN,1.83,1.98,1.83,1.98,77900,
CSV,18.66,19.389999,18.66,19.27,87800,
CSX,24.799999,25.110001,24.76,25.059999,6833300,
CTAS,45.02,46,44.869999,45.919998,446100,
CTB,34.419998,34.450001,33.689999,33.82,8850600,
CTCM,11.56,12.15,11.53,12.11,707500,
CTCT,15.75,16.299999,15.41,16.23,257400,
CTGX,23.63,23.64,23.4,23.61,52300,
CTIC,1.2,1.2,1.16,1.19,764700,
CTL,35.369999,36.029999,35.299999,35.93,3301700,
CTRN,14.14,14.33,14.02,14.33,56300,
CTRP,33.16,33.77,32.889999,33.66,1396600,
CTRX,53.73,55.139999,53.389999,54.91,2489600,
CTS,12.19,12.71,12.19,12.67,102600,
CTSH,63.849998,64.269997,63.18,63.91,6217400,
CTXS,61.840002,62.160002,61.319998,61.959999,2313800,
CU,22.719999,22.879999,22.530001,22.860001,2600,
CUB,47.52,48.599998,47.52,48.52,74400,
CUBE,15.47,15.82,15.36,15.76,773500,
CUI,5.43,5.579,5.38,5.5,16198,
CUK,34.169998,35.049999,34.080002,35.02,122300,
CUTR,8.82,9.26,8.7,9.11,133300,
CUZ,9.36,9.620001,9.300001,9.57,897200,
CVA,19.879999,20.040001,19.610001,20.01,770700,
CVBF,11,11.05,10.97,11,854900,
CVC,13.94,14.26,13.88,14.17,2283600,
CVD,73.97,75.42,73.95,75.16,168800,
CVE,28.790001,29.370001,28.549999,29.290001,1053600,
CVG,17.66,18.200001,17.620001,18.18,481100,
CVGI,8.14,8.5,8.09,8.45,163400,
CVGW,28.120001,28.33,28.01,28.23,59800,
CVI,55.549999,56.950001,55.080002,56.610001,415700,
CVLT,72.099998,74.339996,71.410004,74.040001,397000,
CVO,2.13,2.18,2.12,2.15,26000,
CVRR,30.4,30.530001,30.35,30.459999,517000,
CVS,58.450001,59.369999,58.34,59.27,4031800,
CVU,9.95,10.15,9.83,10.15,57600,
CVX,119.900002,121.830002,119.809998,121.660004,4656700,
CVY,23.629999,24.059999,23.59,24.049999,213600,
CW,35.790001,36.799999,35.790001,36.689999,67800,
CWCO,11.36,11.4,10.9,11.31,97800,
CWH,0.14,0.14,0.14,0.14,0,
CWST,4.02,4.17,4,4.16,58900,
CWT,19.65,19.940001,19.57,19.91,179700,
CWTR,2.86,2.86,2.78,2.8,257900,
CX,10.279966,10.609961,10.269961,10.549966,16741000,
CXDC,4.07,4.11,3.99,4,46600,
CXO,85.459999,87.279999,85.150002,86.949997,983600,
CXPO,2.8,2.86,2.79,2.85,21000,
CXW,33.639999,34.18,33.560001,34.07,1780800,
CY,10.34,10.8,10.26,10.77,1785100,
CYB,26.030001,26.07,25.99,26.01,50300,
CYBX,52.41,52.5,51.939999,52.330002,222800,
CYC,1224.89,1224.89,1224.89,1224.89,0,
CYCC,3.139999,3.219999,3.119999,3.209999,9700,
CYD,17.809999,18,17.809999,17.98,16000,
CYH,49.89,51.290004,49.45,51.18,1719700,
CYN,61.02,62.169998,60.830002,61.98,191200,
CYNO,23.5,23.73,23.209999,23.540001,268200,
CYOU,31.389999,31.549999,30.940001,31.43,67600,
CYS,9.86,10.69,9.82,10.65,4453500,
CYT,72.82,75,72.610001,74.809998,1181200,
CYTR,2.19,2.2,2.16,2.16,31100,
CYTX,2.250001,2.330001,2.210001,2.330001,13200,
CZR,13.5,13.69,13.33,13.62,176800,
CZZ,17.02,17.469999,16.9,17.32,1747500,
D,55.299999,56.490002,55.220001,56.400002,3287300,
DAKT,10.15,10.39,10.15,10.38,111000,
DAL,18.09,18.799999,17.91,18.709999,12372400,
DAN,18.48,19.129999,18.389999,19.1,1168400,
DANG,7.33,7.64,7.29,7.54,2547200,
DAR,19.440001,19.690001,19.299999,19.67,436600,
DATA,56.240002,58.59,54.349998,56.970001,384000,
DATE,5.1,5.18,5.1,5.16,2500,
DAVE,12.53,12.7,12.49,12.59,7500,
DB,45.82,46.7,45.579999,46.679999,1129300,
DBA,25.48,25.5,25.370001,25.48,1223800,
DBB,16.719999,16.84,16.620001,16.809999,290800,
DBC,25.99,26.219999,25.959999,26.190001,2189600,
DBD,31.84,32.299999,31.639999,32.25,276500,
DBE,27.780001,28.25,27.780001,28.219999,103100,
DBEF,24.030001,24.469999,24.030001,24.459999,48200,
DBJP,31.77,32.630001,31.540001,32.470001,245400,
DBLE,4.21,4.21,4.01,4.02,14200,
DBO,26.309999,26.68,26.299999,26.5,480500,
DBP,45.259998,45.560001,45.080002,45.5,65800,
DBS,36.630001,36.91,36.439999,36.639999,4300,
DBV,25.67,25.9,25.639999,25.889999,362300,
DCI,36.259998,36.700001,36.23,36.630001,395000,
DCIX,5.24,5.24,5.06,5.08,57600,
DCM,15.22,15.29,15.19,15.26,227700,
DCO,20.309999,20.959999,20.309999,20.879999,33800,
DCT,7.08,7.26,7.03,7.24,1028400,
DCTH,0.43,0.48,0.41,0.47,8500,
DD,53.459998,54.489997,53.359998,53.879998,10617200,
DDC,14.64,14.8,14.63,14.77,211000,
DDD,45.5,47.029999,44.27,46.560001,3003500,
DDM,93.379997,96.099998,93.150002,95.849998,417400,
DDR,16.83,17.34,16.809999,17.309999,2586200,
DDS,83.160004,84.739998,82.870003,84.650002,401300,
DE,84.339996,85.870003,84.019997,85.599998,2160700,
DECK,52.080002,54.360001,51.57,53.830002,621200,
DEI,24.24,24.950001,24.16,24.9,938400,
DELL,13.37,13.58,13.36,13.45,8737100,
DEM,50.619999,51.73,50.59,51.709999,1013900,
DENN,5.96,6.05,5.94,6.02,856000,
DEO,118.080002,119.709999,117.830002,119.470001,376300,
DEPO,5.55,5.75,5.5,5.73,496000,
DES,57.669998,58.84,57.549999,58.77,39100,
DEST,24.75,24.940001,24.48,24.83,55900,
DF,9.68,9.99,9.53,9.96,3431300,
DFJ,47.110001,47.950001,46.830002,47.869999,113000,
DFRG,19.5,20.219999,19.5,19.98,72300,
DFS,47.689999,48.200001,47.25,48.099998,2267700,
DFT,23.4,23.73,23.15,23.4,1084300,
DG,51.18,51.5,50.849998,51.200001,2163900,
DGI,30.129999,30.9,30.129999,30.68,552000,
DGII,9.55,9.62,9.36,9.62,32300,
DGIT,6.9,7.04,6.78,6.94,171400,
DGL,46.73,47.040001,46.59,46.889999,30600,
DGRW,24.35,24.67,24.32,24.67,34900,
DGS,47.689999,48.580002,47.619999,48.509998,172200,
DGX,62,62.98,61.709999,62.889999,866200,
DHI,22.450001,23.73,22.450001,23.66,7234000,
DHR,61.419998,62.679998,61.169999,62.480002,2964900,
DHT,4.35,4.4,4.35,4.37,9600,
DHX,9.09,9.3,9.06,9.27,221100,
DIA,149.740005,151.990005,149.479996,151.759995,6208200,
DIG,54.98,57.25,54.98,57.07,173700,
DIN,71.669998,72.519997,71.309998,72.160004,59200,
DIOD,23.09,23.73,22.870001,23.639999,192400,
DIS,62.990002,64.400002,62.52,64.300003,5584900,
DISCA,73.810003,76.169998,73.200001,76.060003,3249900,
DISCK,65.080002,67.599998,65,67.309998,2050600,
DISH,37.709999,38.59,37.299999,38.470001,2562700,
DJP,38.060001,38.369999,38.040001,38.349998,161500,
DJX,149.93,152.02,149.53,151.76,10448612352,
DK,33.029999,33.34,32.529999,33.25,620700,
DKL,35.200001,35.200001,34.119999,34.470001,9000,
DKS,50.650002,51.290001,50.200001,51.259998,1317800,
DLB,33.740002,34.259998,33.419998,34.169998,254500,
DLLR,15.46,15.75,15.31,15.69,198900,
DLN,60.220001,61.200001,60.189999,61.150002,59200,
DLPH,50.02,51.110001,49.84,51.060001,1740300,
DLR,58.400002,59.93,58.290001,59.619999,1076100,
DLTR,48.610001,49.59,48.299999,49.32,968800,
DLX,35.07,35.59,34.75,35.490002,392000,
DM,1.68,1.69,1.63,1.64,118800,
DMD,8.139998,8.279999,8.059998,8.219999,290900,
DMLP,24.459999,24.84,24.26,24.27,37600,
DMND,19.02,19.65,18.82,19.4,554700,
DNB,97.980003,99.870003,97.709999,99.620003,592600,
DNDN,4.21,4.34,4.05,4.06,4968840,
DNKN,41.220001,42.07,41.110001,41.970001,603700,
DNN,1.21,1.24,1.2,1.21,402600,
DNO,36.509998,36.529999,36,36.07,19900,
DNR,17.870001,18.24,17.74,18.18,2693900,
DO,66.650002,67.940002,66.360001,67.779999,737000,
DOG,29.530001,29.57,29.08,29.139999,397700,
DOLE,12.55,12.73,12.54,12.72,2608900,
DOM,5.04,5.04,5.02,5.04,33500,
DORM,45.990002,46.970001,45.509998,46.84,119200,
DOV,77.26,78.909999,77.090005,78.609999,904500,
DOW,33.689999,34.779999,33.540001,34.650002,6231900,
DOX,35.389999,35.830002,35.130001,35.720001,477400,
DPK,13.72,13.77,13.1,13.16,7700,
DPM,49.080002,50.439999,48.849998,50.25,169300,
DPS,46.779999,46.919998,46.139999,46.810001,1238600,
DPZ,59.25,60.23,58.889999,60.02,448800,
DRC,58.240002,59.84,58.240002,59.639999,595800,
DRD,6.22,6.47,6.19,6.45,186100,
DRE,15.27,15.67,15.26,15.58,4156300,
DRH,9.06,9.41,9.06,9.36,1179500,
DRI,52.709999,53.490002,52.439999,53.279999,1284800,
DRIV,17.71,18.08,17.41,18.02,175700,
DRN,42.16,46.549999,42.130001,46.150002,3193200,
DRQ,89.25,90.540001,88.900002,89.900002,593300,
DRRX,0.82,0.84,0.79,0.8,206100,
DRV,17.610001,17.610001,15.67,15.81,116200,
DRWI,2.61,2.7,2.61,2.69,2500,
DRYS,1.799999,1.879999,1.769999,1.869999,300,
DSCI,13.13,13.31,13,13.17,24700,
DSCO,1.650001,1.660001,1.610001,1.620001,19400,
DSL,23,23.5,23,23.440001,347500,
DSS,2.95,2.95,2.88,2.95,21600,
DST,66.169998,66.790001,65.489998,66.68,237800,
DSW,73.989998,74.919998,73.43,74.650002,564400,
DSX,9.77,10.24,9.68,10.06,918800,
DTE,65.989998,67.120003,65.400002,67.040001,901600,
DTLK,11.04,11.7,11.02,11.67,34600,
DTN,62.529999,63.59,62.529999,63.5,43000,
DTSI,19.799999,20.879999,19.639999,20.719999,132400,
DTV,59.939999,61.34,59.560001,61.16,3866300,
DUG,65.650002,65.790001,63.189999,63.470001,150600,
DUK,66.690002,67.57,66.529999,67.489998,3312700,
DUST,88.529998,90.269998,83.999998,84.199998,19700,
DV,29.639999,29.639999,29.17,29.41,381400,
DVA,129.710007,130.149994,128.360001,129.860001,1214400,
DVAX,1.38,1.38,1.18,1.2,973100,
DVN,54.52,55.150002,54.220001,55.040001,2298000,
DVR,0.2,0.2,0.2,0.2,1500,
DVY,63.889999,65.120003,63.869999,65.019997,734600,
DW,39.459999,40.689999,39.459999,40.610001,135400,
DWA,22.43,22.82,22.049999,22.52,733200,
DWRE,32.580002,33.799999,32.360001,33.619999,168800,
DWSN,8.269917,8.509915,8.269917,8.479916,6600,
DWX,46.310001,47,46.259998,46.98,232800,
DX,10.02,10.52,10,10.48,452200,
DXCM,22.280001,22.280001,21.23,22.1,535000,
DXD,35.189999,35.290001,34.119999,34.25,971100,
DXJ,43.73,44.689999,43.189999,44.580002,15335600,
DXLG,5.57,6,5.55,5.89,653600,
DXM,17.51,17.68,17,17.49,129300,
DXPE,62.540001,64.139999,62.490002,63.990002,42900,
DY,22.24,22.74,21.889999,22.66,103500,
DYAX,3.11,3.16,3.01,3.16,457600,
DYN,22.08,22.790001,21.73,22.719999,1196700,
DZK,50.299999,52.040001,50.130001,52.040001,7500,
E,44.049999,44.580002,44.049999,44.5,287700,
EA,21.530001,21.65,20.950001,21.49,7727700,
EAT,40.439999,40.970001,40.060001,40.82,627000,
EBAY,50.709998,51.62,50.639999,51.479997,25334100,
EBF,16.780001,17.120001,16.719999,16.940001,36400,
EBIX,19.65,19.65,19.530001,19.530001,418200,
EBR,2.24,2.38,2.24,2.38,780600,
EBR.B,4.03,4.22,4.03,4.19,88400,
EBS,14.87,15.23,14.73,15.18,93800,
EC,41.419998,42.369999,41.369999,42.16,618800,
ECA,17.639999,17.799999,17.549999,17.74,4688800,
ECH,53.830002,55.77,53.700001,55.66,303100,
ECHO,17.9,18.42,17.9,18.379999,108900,
ECL,84.040001,84.879997,83.400002,84.760002,1292800,
ECOL,28.530001,28.969999,28.360001,28.799999,57600,
ECPG,37.389999,38.66,36.959999,38.299999,556900,
ECT,10.07,10.11,9.9,10,67000,
ECYT,12.61,12.87,12.48,12.78,201200,
ED,56.759998,57.580002,56.5,57.560001,2033200,
EDAP,3.65,3.68,3.6,3.68,20300,
EDC,24.09,25.639999,23.969999,25.620001,185600,
EDE,21.66,22.120001,21.610001,22.08,147500,
EDIV,41.080002,41.880001,41.080002,41.849998,147900,
EDMC,6.98,7.1,6.94,7.1,21600,
EDR,9.749903,9.859902,9.749903,9.829902,404500,
EDU,21.719999,22.01,21.530001,21.93,949800,
EDZ,61.75,62,57.669998,57.68,456700,
EE,35.080002,35.880001,35.029999,35.740002,105600,
EEB,31.559999,32.209999,31.540001,32.130001,58400,
EEFT,30.799999,31.209999,30.59,31.120001,97800,
EEM,39.09,39.950001,39.029999,39.939999,109955800,
EEMV,57.189999,57.91,57,57.830002,976900,
EEP,29.91,30.1,29.74,30,705800,
EEQ,29.790108,29.990096,29.560102,29.840102,120700,
EET,65.470001,68.370003,65.470001,68.360001,11600,
EEV,26.4,26.459999,25.18,25.18,960200,
EFA,59.689999,60.57,59.59,60.459999,20158400,
EFAV,58.009998,58.639999,57.950001,58.549999,143700,
EFC,22.43,23.110001,22.27,23.110001,267600,
EFG,63.939999,64.800003,63.799999,64.709999,41100,
EFII,28.690001,29.15,28.459999,29.110001,130800,
EFU,58.169998,58.419998,56.389999,56.580002,7300,
EFV,50.790001,51.509998,50.689999,51.450001,499300,
EFX,59.700001,60.810001,59.389999,60.740002,603100,
EFZ,39.099998,39.110001,38.509998,38.549999,58200,
EGAN,8.08,8.21,8.02,8.1,14800,
EGBN,22.4,22.51,22.01,22.459999,45600,
EGHT,7.75,7.94,7.71,7.91,340800,
EGLE,3.880007,4.020007,3.780007,3.930007,1000,
EGN,52.599998,54.16,52.400002,53.93,830600,
EGO,7.26,7.52,7.23,7.49,3816200,
EGOV,16,16.41,16,16.379999,165700,
EGP,55.189999,57.060001,55.150002,56.759998,183900,
EGY,5.9,6.09,5.87,6.06,176400,
EHTH,25.190001,25.49,24.969999,25.280001,113500,
EIG,24.280001,24.620001,24.07,24.49,54700,
EIX,46.310001,46.830002,46.189999,46.75,2866800,
EJ,4.599996,4.650002,4.490002,4.519997,795600,
EKDKQ,0.1356,0.136,0.1301,0.1326,762300,
EL,67.290001,68.349998,66.889999,68.050003,1067500,
ELD,48.84,49.630001,48.779999,49.509998,837800,
ELGX,12.72,12.93,12.48,12.93,471300,
ELLI,23.82,23.82,23.450001,23.610001,319300,
ELN,12.61,13.24,12.4,12.61,34337200,
ELNK,6.02,6.11,5.96,6.1,471700,
ELON,2.44,2.44,2.38,2.4,8000,
ELOS,8.74,8.87,8.73,8.8,22600,
ELP,15.51,16.08,15.48,16.030001,360500,
ELRC,17.299999,17.85,17.299999,17.799999,18900,
ELX,6.43,6.6,6.39,6.59,406200,
ELY,6.54,6.59,6.48,6.57,296200,
EMAN,3.78,3.79,3.68,3.78,47205,
EMB,111.32,113.519997,111.239998,113.220001,1531000,
EMC,24.450001,24.77,24.370001,24.709999,20218200,
EME,38.32,38.91,38.119999,38.700001,233200,
EMKR,3.55,3.87,3.55,3.79,287600,
EMLC,25.09,25.530001,25.09,25.530001,313300,
EMN,68.470001,71.559998,68.32,71.360001,1234900,
EMR,55.880001,56.919998,55.5,56.75,2380900,
ENB,42.91,44.049999,42.709999,43.93,1042600,
END,3.35,3.39,3.26,3.37,251700,
ENDP,38.130001,38.52,37.75,38.48,885800,
ENG,0.78,0.82,0.73,0.82,44100,
ENH,49.82,50.27,49.330002,50.049999,269900,
ENI,15.54,16.26,15.54,16.18,760500,
ENOC,12.56,12.93,12.4,12.9,295600,
ENPH,6.15,6.69,6.15,6.66,248100,
ENR,99.769997,101.540001,99.220001,101.290001,338700,
ENS,49.779999,50.080002,49.419998,50.009998,324700,
ENSG,35.799994,35.92,35.250001,35.860005,270200,
ENTG,9.74,10.02,9.67,9.96,548100,
ENTR,4.4,4.58,4.4,4.58,769500,
ENVI,2.01,2.3,1.95,2.18,973400,
ENZ,2.23,2.25,2.15,2.17,39800,
ENZN,1.8,1.83,1.71,1.79,243600,
EOC,44.84,45.509998,44.529999,45.220001,162400,
EOG,129.679993,133.5,129.350006,133.330002,3135000,
EOPN,14.45,14.48,14.03,14.48,27600,
EOX,6.24,6.3,6.15,6.29,10800,
EPAM,25.530001,25.700001,25.030001,25.52,211700,
EPAX,3.65,3.75,3.62,3.69,35000,
EPAY,26.5,26.98,26.379999,26.790001,153800,
EPB,41.3,41.45,40.79,41.35,319900,
EPD,59.200001,59.98,58.57,59.82,5103600,
EPI,16.48,16.77,16.450001,16.76,5810600,
EPIQ,12.33,12.65,12.33,12.65,56900,
EPL,29.39,30.52,29.28,30.09,243600,
EPM,10.78,10.94,10.59,10.93,38300,
EPP,44.709999,45.5,44.68,45.389999,583200,
EPR,50.5,52.459999,50.5,52.200001,367900,
EPU,35.450001,36.240002,35.450001,36.02,643500,
EPV,22.360001,22.42,21.76,21.809999,17300,
EPX,414.44,421.74,413.26,421.07,0,
EQIX,188.279999,191.869995,186.570007,191.470001,1132400,
EQM,46.490002,47.09,45.799999,46.639999,47900,
EQR,54.630001,56.57,54.599998,56.439999,1692900,
EQT,78.629997,80.120003,78.550003,80.029999,980100,
EQU,3.59,3.65,3.55,3.65,61000,
EQY,22.59,23.16,22.540001,23.02,552700,
ERF,14.84,15.08,14.77,15.01,521000,
ERIC,11.59,11.92,11.5,11.9,2456400,
ERII,4.01,4.19,3.91,4.18,119000,
ERJ,35.240002,35.549999,34.889999,35.459999,766200,
EROC,8.67,8.75,8.58,8.71,300100,
ERX,64.540001,68.379997,64.370003,67.849998,484400,
ERY,31.15,31.23,29.280001,29.49,451900,
ESC,24.41,24.75,24.22,24.69,127800,
ESE,31.790001,32.349998,31.629999,32.18,53700,
ESEA,1,1.02,1,1.01,7200,
ESI,27.67,28.120001,26.58,27.43,669400,
ESIO,11,11.3,10.98,11.25,68100,
ESL,72.239998,73.059998,71.989998,72.589996,118500,
ESRX,61.98,62.110001,61.259998,62,4292200,
ESS,152.669998,157.630005,152.5,157.089996,158900,
ESV,57.639999,59.02,57.540001,58.939999,2319000,
ET,33.58,33.63,33.58,33.6,1650400,
ETE,57.77,58.049999,56.830002,57.900002,2561200,
ETFC,11.46,11.69,11.41,11.68,4617400,
ETH,30.790001,32.02,30.639999,31.84,150600,
ETM,9.83,10.04,9.72,10.01,58800,
ETN,63.389999,65.199997,63.119999,64.830002,2936400,
ETP,49.380001,49.400002,48.98,49.18,1262200,
ETR,67.68,68.93,67.18,68.879997,950100,
ETRM,1.170001,1.170001,1.120001,1.150001,25800,
EUI,74.989998,75.300003,74.75,74.75,0,
EUO,18.48,18.549999,18.280001,18.32,854700,
EUU,133.350006,133.789993,132.789993,133.770004,0,
EV,38.880001,39.77,38.709999,39.66,530000,
EVC,5.38,5.5,5.18,5.47,1564500,
EVEP,34.669998,34.669998,34.169998,34.299999,432900,
EVER,16.200001,16.25,15.96,16.139999,618400,
EVR,36.400002,38.369999,36.220001,38.02,705600,
EVTC,20.51,21.370001,20.41,21.290001,207700,
EW,68.699997,72.639999,68.699997,71.949997,3991800,
EWA,23.66,24.07,23.58,24,3160700,
EWBC,26.33,26.67,26.15,26.629999,1054000,
EWC,27.120001,27.68,27.049999,27.629999,1572200,
EWD,32.169998,32.869999,32.169998,32.830002,71900,
EWG,26.09,26.530001,26.040001,26.52,9658700,
EWH,18.809999,19.200001,18.799999,19.129999,5370300,
EWI,12.86,13.08,12.84,13.08,796000,
EWJ,11.05,11.24,10.97,11.21,17034800,
EWL,29.709999,30.01,29.65,29.959999,497200,
EWM,15.73,15.95,15.62,15.93,522500,
EWP,29.959999,30.379999,29.93,30.35,359000,
EWQ,24.809999,25.18,24.76,25.16,310600,
EWS,13.08,13.28,13.07,13.22,1240500,
EWT,13.32,13.48,13.3,13.46,3148700,
EWU,18.6,18.85,18.58,18.83,406800,
EWV,21.129999,21.440001,20.440001,20.49,34000,
EWW,64.269997,65.5,64.269997,65.480003,3444200,
EWX,45.540001,46.400002,45.540001,46.259998,188100,
EWY,54.349998,55.040001,54.150002,54.939999,2668300,
EWZ,47.630001,48.450001,47.369999,48.27,16509300,
EXA,9.88,9.88,9.21,9.36,20700,
EXAM,19.42,20.08,19.309999,20.01,229200,
EXAR,10.93,11.26,10.93,11.18,79600,
EXAS,12.84,13.21,12.61,13.05,988600,
EXC,30.48,30.709999,30.120001,30.709999,7421200,
EXEL,4.61,4.71,4.58,4.67,1670100,
EXH,28.65,29.32,28.65,29.139999,1261400,
EXK,4.04,4.16,4,4.14,407600,
EXL,13.24,13.76,13.23,13.68,198100,
EXLP,28.139999,28.5,27.639999,27.9,63800,
EXLS,29.780001,29.92,29.370001,29.82,83400,
EXMCQ,0.12,0.12,0.07,0.08,6045500,
EXP,68.760002,72.160004,68.279999,72,710000,
EXPD,37.669998,38.66,37.470001,38.57,889800,
EXPE,56.27,58.299999,56.110001,58.150002,2150000,
EXPO,57,58.639999,56.02,58.639999,79800,
EXPR,21.42,21.73,21.23,21.700001,642700,
EXR,40.98,42.029999,40.959999,41.970001,709300,
EXTR,3.52,3.59,3.5,3.57,499900,
EXXI,24.66,25.41,24.51,25.309999,545900,
EZA,56.34,58.110001,56.299999,58.09,645800,
EZCH,28.84,28.969999,28,28.41,195000,
EZJ,75.610001,78.199997,74.790001,78.080002,77600,
EZPW,18.870001,19.290001,18.690001,19.280001,137100,
EZU,34.669998,35.16,34.580002,35.110001,3161100,
F,15.31,15.6,15.18,15.58,34327500,
FAF,22.139999,22.780001,21.98,22.76,967000,
FALC,1.5,1.55,1.47,1.52,141300,
FARO,34.450001,36,34.400002,35.68,232900,
FAS,62.810001,66.68,62.25,66.419998,31094800,
FAST,47.779999,48.709999,47.599998,48.560001,846100,
FAZ,34.82,35.130001,32.68,32.900002,2032800,
FB,23.719999,23.83,23.27,23.73,31189300,
FBC,13.22,13.64,13.15,13.6,202800,
FBHS,38.400002,39.669998,38.400002,39.5,641500,
FBN,4.72,4.7472,4.6,4.63,104696,
FBP,6.61,6.75,6.56,6.74,237300,
FBR,10.53,10.59,10.29,10.46,1390600,
FBRC,25.4,25.870001,25.4,25.799999,68800,
FBT,56.950001,58.09,56.619999,57.610001,24500,
FCE.A,18.1,18.37,18.05,18.25,1636700,
FCEL,1.409999,1.449999,1.379999,1.419999,124700,
FCFS,56.700001,57.700001,56.41,57.529999,187600,
FCG,16.5,16.82,16.480001,16.77,114500,
FCH,5.65,5.89,5.6,5.83,757500,
FCN,36.200001,37.169998,35.330002,37.029999,221400,
FCS,12.76,13.4,12.75,13.36,1734700,
FCSC,5.55,5.69,5.31,5.64,62100,
FCX,29.59,29.76,29.24,29.709999,15225000,
FDEF,23.34,23.690001,23.34,23.690001,21400,
FDN,44.77,45.560001,44.66,45.490002,196200,
FDO,62.220001,62.810001,61.830002,62.709999,784900,
FDP,27.24,27.84,27.120001,27.809999,178800,
FDS,100.169998,102.120003,99.540001,101.980003,367400,
FDUS,18.280001,18.469999,18.139999,18.34,55400,
FDX,97.410004,99.849998,97.099998,99.580002,1424300,
FE,37.919998,38.599998,37.84,38.580002,2112700,
FEIC,72.300003,73.93,71.779999,73.75,122800,
FET,30.040001,30.559999,29.719999,30.49,245300,
FEZ,35.32,35.889999,35.27,35.84,1177100,
FF,14.33,14.6,14.1,14.55,99600,
FFBC,14.91,15.06,14.78,15.06,128500,
FFCH,20.26,20.55,20.06,20.45,25400,
FFG,42.369999,43.25,42.259998,42.939999,49500,
FFIC,15.45,15.76,15.39,15.69,71100,
FFIN,54.919998,56.080002,54.610001,56.009998,73000,
FFIV,73.860001,75.269997,73.419998,74.970001,2132500,
FFNW,9.95,10.19,9.95,10.14,47100,
FGP,22.200001,22.24,21.870001,22.209999,265900,
FHCO,9.8,9.9,9.75,9.87,49700,
FHN,11.11,11.28,10.98,11.22,2959700,
FICO,47.029999,48.009998,46.889999,47.77,132500,
FIG,7.13,7.28,7.05,7.27,509200,
FII,27.370001,28.08,27.32,27.870001,792500,
FINL,20.940001,21.32,20.860001,21.309999,314600,
FIO,13.88,14.16,13.56,14.1,2942800,
FIRE,52.42,53.78,51.74,53.64,322700,
FIS,43.849998,44.77,43.599998,44.709999,961400,
FISV,86.050003,88.07,85.550003,87.889999,894600,
FITB,18.25,18.49,18.15,18.450001,8225900,
FIVE,36.400002,37.099998,35.200001,36.799999,966500,
FIW,27.98,28.450001,27.98,28.4,23600,
FIX,14.42,14.95,14.37,14.87,38200,
FIZZ,17.700001,17.9,17.5,17.889999,30900,
FL,34.25,34.57,33.990002,34.459999,2459000,
FLDM,16.049999,16.459999,15.92,16.43,104500,
FLEX,7.64,7.74,7.57,7.74,2982900,
FLIR,23.75,24.209999,23.58,24.139999,834300,
FLML,6.34,6.34,6.05,6.16,81900,
FLO,32.910001,33.569999,32.76,33.35,829900,
FLOW,3.63,3.63,3.55,3.56,278500,
FLR,60.099998,61.349998,60,61.139999,1611400,
FLS,164.050003,166.529995,162.839996,165.959999,714600,
FLT,87.220001,88.18,86.410004,87.790001,484700,
FLTX,31.440001,31.440001,30.809999,30.83,118200,
FLWS,5.48,5.76,5.29,5.71,155500,
FLY,16.51,16.51,16.16,16.209999,83900,
FMBI,12.54,12.91,12.46,12.9,152000,
FMC,61.93,63.32,61.400002,63.07,745100,
FMER,18.709999,19.030001,18.610001,19.01,724800,
FMS,34.950001,35.220001,34.900002,35.119999,263500,
FMX,101.449997,102.559998,100.410004,101.290001,655700,
FN,14.47,14.8,14.4,14.77,163800,
FNB,11.25,11.45,11.18,11.43,417000,
FNF,23.910001,24.409996,23.790005,24.409996,3321000,
FNFG,9.51,9.8,9.47,9.78,2611500,
FNGN,45.23,46.290001,44.77,46.139999,171200,
FNI,21.35,21.59,21.35,21.59,2700,
FNP,21.28,21.72,21.1,21.66,463800,
FNSR,13.75,14.59,13.54,14.59,3244900,
FNV,39.450001,39.939999,38.959999,39.799999,506600,
FOE,6.48,7.1,6.45,7.08,704600,
FOLD,3.24,3.33,3.24,3.32,353000,
FOR,21.01,21.85,20.870001,21.75,200200,
FORM,6.75,6.78,6.59,6.74,316000,
FORR,35.689999,36.09,35.380001,36.02,86400,
FOSL,102.800003,104.800003,101.639999,104.57,817200,
FPO,13.02,13.41,12.89,13.37,534600,
FR,15.84,16.27,15.79,16.18,465700,
FRAK,25.16,25.85,25,25.67,11900,
FRAN,26.030001,26.43,25.9,26.34,606600,
FRC,38.169998,38.75,38.139999,38.73,867700,
FRED,15.83,16.07,15.72,15.92,147500,
FRGI,35.419998,35.419998,34.5,34.889999,386700,
FRM,6.93,7.28,6.93,7.26,47600,
FRME,17,17.26,16.83,17.200001,153400,
FRO,1.81,1.83,1.77,1.8,84500,
FRP,8.03,8.31,7.98,8.29,53400,
FRT,103.18,105.800003,103.18,105.459999,556000,
FRX,39.87,40.73,39.47,40.65,1428700,
FSA,11.75,11.75,11.75,11.75,0,
FSC,10.09,10.34,9.66,10.32,2540100,
FSG,1.7,1.7,1.7,1.7,0,
FSL,14.61,14.97,14.33,14.91,1454200,
FSLR,45.43,46.490002,45.150002,45.849998,18865200,
FSM,3.61,3.68,3.56,3.63,156000,
FSP,13.27,13.58,13.01,13.53,516000,
FSS,8.67,8.9,8.58,8.86,99900,
FST,4.26,4.41,4.23,4.41,2293358,
FSTR,44.599998,45.610001,44.290001,45.52,7800,
FSYS,17,17.17,16.780001,17.16,172600,
FTE,0.015,0.015,0.015,0.015,0,
FTEK,3.86,3.86,3.75,3.79,49000,
FTI,54.689999,56.080002,54.5,55.970001,1415800,
FTK,17.6,17.790001,17.33,17.620001,622000,
FTNT,18.110001,18.139999,17.68,18.07,2094700,
FTR,4.12,4.24,4.1,4.24,12401100,
FU,3.58,3.58,3.4,3.55,35300,
FUBC,6.68,6.73,6.59,6.73,23800,
FUL,40.98,41.919998,40.810001,41.799999,81500,
FULT,11.07,11.33,11.03,11.32,675100,
FUN,40.080002,40.48,39.919998,40.400002,93500,
FUR,11.95,12.06,11.91,12,96100,
FURX,36.24,36.24,35.28,35.91,38200,
FVE,5.16,5.32,5.13,5.3,486100,
FWLT,22.9,23.64,22.75,23.48,683200,
FWM,22.540001,23.49,22.26,23.059999,153800,
FWRD,38.369999,39,38.369999,38.939999,64200,
FXA,95.800003,96.470001,95.730003,96.389999,369300,
FXB,154.800003,155.380005,154.710007,155.020004,35200,
FXC,97.790001,97.900002,97.610001,97.790001,126000,
FXCM,14.130001,14.3,13.99,14.29,8300,
FXD,26.709999,27.32,26.66,27.25,265400,
FXE,131.809998,132.529999,131.550003,132.360001,732300,
FXEN,4.01,4.15,3.91,4.12,428100,
FXF,106.309998,106.599998,106.150002,106.440002,42400,
FXI,34.299999,35.060001,34.220001,34.939999,25341700,
FXO,18.68,18.92,18.540001,18.9,116200,
FXP,22.91,22.92,21.84,21.98,124700,
FXS,152.720001,153.649994,152.720001,153.440002,2800,
FXY,103.610001,104.199997,102.739998,102.860001,1544100,
FXZ,26.92,27.58,26.92,27.51,78500,
G,18.92,18.99,18.83,18.93,455800,
GA,7.55,7.65,7.46,7.59,1262120,
GAGA,3.74,3.75,3.66,3.68,24900,
GAIA,4.3,4.4,4.3,4.33,9900,
GAIN,7.33,7.39,7.28,7.35,73000,
GALE,2.05,2.1,2.05,2.09,740100,
GAME,3.99,4.01,3.87,3.97,315200,
GAS,41.98,42.849998,41.939999,42.779999,431800,
GASL,21.540001,22.750001,21.540001,22.690001,100,
GASS,10.33,10.48,10.32,10.39,100100,
GASX,12.1,12.34,11.64,11.71,25000,
GAZ,2.55,2.64,2.54,2.6,17000,
GB,32.639999,33.599998,32.470001,33.52,70600,
GBCI,20.26,20.719999,20.049999,20.67,326700,
GBDC,17.77,17.77,17.5,17.610001,199700,
GBP,156.779999,157.339996,156.479996,157.190002,0,
GBX,24.43,25.33,24.34,24.82,637200,
GCA,6.44,6.5,6.39,6.5,338700,
GCC,26.870001,26.98,26.809999,26.98,95100,
GCI,25.5,26.75,24.1,26.6,36109300,
GCO,68.690002,71.120003,68.480003,71,310800,
GCOM,12.96,13.13,12.89,13.09,25000,
GD,78.150002,78.589996,77.690002,78.07,2498400,
GDI,0.19,0.19,0.19,0.19,0,
GDOT,19,19.610001,18.959999,19.540001,265900,
GDP,11.85,12.18,11.81,12.14,337200,
GDRZF,2.989,2.989,2.85,2.9,84800,
GDX,28.139999,28.66,27.950001,28.629999,17264300,
GDXJ,11.3,11.46,11.15,11.39,462200,
GE,23.450001,23.790001,23.34,23.68,34930500,
GEF,53.040001,54.240002,52.799999,54.099998,69900,
GEL,50.889999,51.25,50.360001,51.110001,164600,
GENE,2.65,2.86,2.64,2.72,19200,
GEO,34.139999,35.259998,34.139999,35.110001,548400,
GEOS,72.709999,72.980003,71.300003,72.139999,176700,
GERN,1.12,1.15,1.07,1.15,582900,
GES,30.610001,31.559999,30.549999,31.5,623100,
GEVA,40.700001,41.700001,40.59,41.259998,38300,
GEVO,1.659998,1.699998,1.649998,1.669998,500,
GEX,15.02985,15.259847,14.929851,15.229847,12300,
GFA,3.18,3.3,3.15,3.29,1433300,
GFF,10.98,11.17,10.97,11.15,184200,
GFI,5.86,5.99,5.81,5.98,2758700,
GFIG,4.12,4.23,4.07,4.21,160200,
GG,27.76,28.48,27.68,28.469999,5905500,
GGB,5.74,6.05,5.69,6.01,7512200,
GGG,62.700001,63.529999,62.139999,63.369999,231000,
GGP,20.299999,20.85,20.200001,20.76,2760800,
GGS,0.01,0.01,0.01,0.01,0,
GHDX,35.220001,35.720001,34.669998,35.400002,118900,
GHL,45.310001,47.619999,45.099998,47.5,184100,
GHM,27.01,27.43,27,27.190001,24900,
GIFI,20.280001,20.75,20.139999,20.74,9200,
GIGM,1,1.03,0.98,1,5100,
GIII,48.360001,48.869999,47.290001,48.830002,408400,
GIL,39.360001,40.439999,38.919998,40.380001,474800,
GILD,51.25,52.099998,50.68,51.950001,9292700,
GILT,5.56,5.65,5.56,5.6,51300,
GIS,48.450001,49.07,48.099998,49.02,2969800,
GIVN,13.89,14.07,13.8401,13.9,54100,
GK,47.889999,49.259998,47.610001,49.18,42300,
GLAD,8.31,8.43,8.26,8.39,125000,
GLD,133.309998,134.199997,132.820007,133.740005,7161800,
GLDD,8.25,8.42,8.19,8.36,158100,
GLF,45.400002,46.700001,45.139999,46.59,58700,
GLL,86.790001,87.400002,85.650002,86.260002,116800,
GLNG,32.369999,33.43,32.369999,33.41,423000,
GLOG,12.79,12.89,12.7,12.82,75000,
GLP,37,38.16,36.650002,37.880001,118200,
GLPW,15.86,16.129999,15.84,16,17700,
GLRE,25.129999,25.200001,25,25.17,100200,
GLT,26.01,26.440001,25.98,26.33,116700,
GLUU,2.42,2.45,2.37,2.44,614200,
GLW,14.7,15.18,14.52,15.09,11531800,
GM,33.360001,34.509998,33.099998,34.5,15604800,
GMAN,13.56,13.9,13.56,13.82,51900,
GMCR,76.349998,78.629997,75.150002,78.400002,2983500,
GME,36.66,38.200001,36.200001,37.529999,3296500,
GMED,15.25,15.7,15.25,15.48,210600,
GMLP,32.5,33.610001,32.119999,33,45000,
GMO,2.03,2.05,2,2,148100,
GMT,48.150002,49.610001,48.150002,49.470001,232400,
GNC,45.490002,46.060001,45.009998,46,571700,
GNCMA,8.49,8.56,8.43,8.47,134500,
GNE,8.98,9.84,8.98,9.79,145900,
GNK,1.39,1.42,1.35,1.36,459800,
GNMK,12.28,12.47,11.86,12.03,436000,
GNRC,35.470001,35.75,35.220001,35.639999,761000,
GNTX,22.6,23.290001,22.370001,23.27,1254400,
GNW,10.66,11.08,10.63,11.06,8105500,
GOL,4.08,4.1,3.89,4.07,252100,
GOLD,75.260002,75.650002,74.379997,75.489998,651900,
GOOGL,868.980015,879.659998,865.500039,877.000002,4135600,
GORO,9.38,9.59,9.31,9.59,154000,
GOV,23.83,24.690001,23.809999,24.610001,455700,
GPC,77.57,78.690002,77.300003,78.620003,411900,
GPI,63.400002,64.5,62.98,64.360001,127700,
GPK,7.54,7.67,7.53,7.62,1158300,
GPL,0.85,0.85,0.81,0.84,231100,
GPN,47.619999,48.52,47.150002,48.43,1844200,
GPOR,48.5,50.759998,47.889999,50.450001,956800,
GPRE,13.63,14.08,13.59,13.96,359600,
GPS,40.66,41.470001,40.619999,41.389999,4718800,
GPT,9.31999,9.46999,9.29999,9.44999,303700,
GPX,23.940001,24.08,23.870001,23.99,30000,
GRA,82.040001,83.360001,81.870003,83.150002,475400,
GRC,28.399999,29.38,28.399999,29.349999,11200,
GREK,15.98,16.969999,15.98,16.440001,76600,
GRFS,26.389999,26.610001,26.02,26.360001,813000,
GRMN,33.970001,34.709999,33.91,34.610001,1160600,
GROW,2.6,2.6,2.53,2.56,16900,
GRPN,6.97,7.15,6.8,6.86,12603400,
GRT,24.26,25.47,24.1,25.27,6454800,
GRU,6.8,6.85,6.78,6.85,6700,
GS,161.199997,166.389999,161.070007,165.820007,3768500,
GSG,31.299999,31.639999,31.280001,31.629999,109200,
GSH,21.059999,21.360001,21,21.25,19300,
GSI,1,1.02,0.97,1.02,10700,
GSK,52.619999,52.880001,52.529999,52.860001,3032300,
GSM,11.83,11.96,11.61,11.73,547800,
GSS,0.57,0.59,0.55,0.58,1736900,
GST,2.5,2.62,2.45,2.59,528100,
GSVC,8.14,8.18,8.03,8.14,131000,
GT,14.85,15.53,14.7,15.49,5110500,
GTAT,3.91,4.07,3.91,4.06,1747500,
GTE,6.29,6.39,6.21,6.32,794700,
GTI,8.13,8.39,8.06,8.39,949700,
GTIV,11.52,11.55,11.25,11.5,161400,
GTLS,94.209999,97.080002,94.169998,96.879997,280900,
GTN,5.65,6.39,5.64,6.39,1624900,
GTXI,6.86,6.98,6.77,6.92,432900,
GTY,20.34,21.1,20.34,21.02,41300,
GUID,8.8,8.97,8.75,8.9,63100,
GUR,38.23,39.09,38.23,39.09,9100,
GURE,1.19,1.21,1.18,1.2,45300,
GV,2.39,2.4,2.35,2.4,138800,
GVA,29.43,30.440001,29.360001,30.32,109900,
GVZ,22.04,22.97,22.03,22.69,0,
GWAY,11.56,11.56,11.13,11.16,203100,
GWL,26.15,26.57,26.08,26.57,59700,
GWR,89,91.440002,88,91.059998,433500,
GWRE,40,40.580002,39.540001,40.5,294300,
GWW,252.149994,254.649994,251.449997,253.75,381300,
GXC,66.599998,68.129997,66.599998,68.029999,208100,
GXG,18.59,18.940001,18.5,18.879999,321400,
GXP,22.309999,22.799999,22.24,22.74,1072800,
GY,15.29,15.61,15.2,15.46,999000,
GZT,12.91,13.09,12.91,13.09,17400,
H,40.52,40.869999,40.16,40.619999,332700,
HA,6.1,6.41,6.09,6.32,2458200,
HAE,41.130001,42.040001,40.830002,42.02,254600,
HAFC,15.3,15.69,15.29,15.67,277400,
HAIN,66.330002,67.489998,65.660004,67.269997,412400,
HAL,41.66,43.200001,41.66,43.080002,7249600,
HALO,6.37,6.58,6.35,6.54,623900,
HAO,22.98,23.440001,22.98,23.4,206800,
HAR,50.380001,51.759998,50.07,51.68,910000,
HAS,43.889999,44.439999,43.73,44.32,800900,
HASI,11.03,11.1,10.83,10.87,278900,
HAWK,26.51,26.74,26.07,26.299999,79200,
HAYN,47.439999,49.240002,47.349998,48.75,29900,
HBAN,7.54,7.75,7.52,7.73,11088100,
HBC,53.93,54.6,53.75,54.52,1181964,
HBHC,28.09,28.6,27.950001,28.57,320400,
HBI,50.549999,51.560001,50.41,51.34,2967200,
HBIO,4.959994,4.990001,4.700006,4.970005,98300,
HBM,7.67,7.89,7.65,7.89,85300,
HCA,39.419998,40.439999,39.209999,40.290001,2917800,
HCBK,8.26,8.4,8.23,8.4,4430100,
HCC,42.380001,43.09,42.09,42.98,244600,
HCI,33.400002,35.119999,33.34,34.93,135300,
HCLP,22.129999,22.33,21.360001,21.440001,165100,
HCN,65.160004,67.160004,65.010002,66.959999,2985600,
HCP,45.360005,46.140002,45.200002,45.990002,4874000,
HCSG,22.379999,22.530001,22.27,22.450001,118200,
HD,76.349998,76.830002,76.080002,76.529999,9194600,
HDB,36.959999,37.709999,36.900002,37.560001,1165600,
HDGE,16.370001,16.4,16.030001,16.059999,409200,
HDV,67.239998,68.300003,67.239998,68.209999,154200,
HDY,0.48,0.5,0.47,0.49,32000,
HE,24.360001,24.76,24.219999,24.75,604600,
HEDJ,49.630001,50.389999,49.540001,50.360001,102200,
HEES,20.969999,21.49,20.6,21.43,304500,
HEI,50.900002,51.890001,50.650001,51.570001,136600,
HELE,39.599998,40.5,39.23,40.389999,101200,
HEP,37.02,37.310001,36.509998,36.880001,88400,
HERO,6.83,7.04,6.76,7.02,2634700,
HES,66.669998,67.110001,66,66.849998,3233400,
HF,17.139996,17.750001,17.030003,17.730003,89000,
HFC,45.09,45.98,44.52,45.610001,3009700,
HGG,16.65,17.290001,16.32,17.209999,213400,
HGT,8.16,8.48,8.12,8.45,112900,
HGX,183.1,188.43,182.98,188.43,0,
HHC,100.330002,105.150002,100.330002,103.459999,255700,
HHS,8.74,9.13,8.64,9.09,91600,
HI,23.57,24.01,23.450001,23.870001,164800,
HIBB,56.23,57.459999,55.990002,57.32,271900,
HIG,29.379999,30.059999,29.049999,30.049999,4426500,
HII,55.09,56.080002,55.02,55.990002,187000,
HIMX,6.08,6.09,5.71,5.85,7453700,
HITK,32.79,33.3,32.6,33.2,58900,
HITT,53.08,54.29,52.88,54.01,251300,
HIW,34.919998,35.900002,34.869999,35.82,891500,
HK,5.03,5.39,4.92,5.34,26600,
HKTV,6.15,6.22,6.09,6.14,13000,
HL,3.46,3.57,3.46,3.53,5187400,
HLF,44.59,46.950001,44.330002,46.860001,2240700,
HLIT,6.17,6.27,6.13,6.24,1029300,
HLS,29.42,30.110001,29.32,30.040001,471500,
HLSS,23.719999,24.15,23.57,24.049999,290100,
HLX,23.040001,23.82,23.030001,23.76,319300,
HMA,15.97,16.2,15.5,16.02,6291400,
HMC,36.82,37.439999,36.759998,37.439999,445700,
HME,59.669998,61.52,59.509998,61.34,326900,
HMIN,29.43,30.09,29.17,30,186800,
HMN,24.65,25.309999,24.58,25.280001,161500,
HMST,21,21.16,20.83,21,54600,
HMSY,22.57,22.889999,22.299999,22.73,742900,
HMY,3.88,3.92,3.8,3.9,1988400,
HNI,35.41,36.830002,35.41,36.700001,77500,
HNP,36.709999,37.360001,36.709999,37.310001,49200,
HNR,3.11,3.42,3.11,3.39,443600,
HNSN,1.58,1.7,1.57,1.67,27700,
HNT,30.58,31.200001,30.18,31.09,409000,
HOFT,15.2,15.7,15.17,15.64,11300,
HOG,52.5,53.560001,52.189999,53.470001,905400,
HOGS,13.34,13.38,13.34,13.36,191200,
HOLI,11.83,12.24,11.61,12.06,42800,
HOLX,21.93,21.969999,21.43,21.639999,3162700,
HOMB,20.66,21.08,20.549999,20.93,461200,
HON,77.339996,78.510002,77.18,78.309998,2388200,
HOS,51.700001,52.450001,51.43,52.23,182000,
HOT,66.099998,67.050003,65.279999,66.940002,2772600,
HOTT,14,14,14,14,0,
HOV,5.87,6.2,5.87,6.16,7239300,
HP,60.990002,62,60.700001,61.91,1392100,
HPP,20.93,21.24,20.67,21.139999,217700,
HPQ,24.779998,25.279999,24.599999,24.929998,30180800,
HPT,26.440001,26.879999,26.35,26.76,1574300,
HPY,32.889999,34.580002,32.619999,34.279999,752700,
HR,25.02,25.59,24.84,25.469999,561400,
HRB,28.58,29.209999,27.700001,28.91,6569800,
HRC,34.919998,35.650002,34.689999,35.580002,131200,
HRG,8.2,8.3,8.16,8.23,264400,
HRL,39.450001,39.900002,39.200001,39.82,974200,
HRS,49.09,50.130001,48.880001,49.990002,388800,
HRZN,13.83,13.98,13.67,13.93,26600,
HSC,22.360001,23.1,22.309999,23.07,324800,
HSH,33.39,33.52,32.8,33.13,1697800,
HSIC,97.099998,97.279999,95.349998,96.949997,375100,
HSII,17.25,17.889999,17.25,17.75,67200,
HSNI,55.59,57.27,55.189999,57.200001,107500,
HSOL,1.6,1.78,1.6,1.75,919400,
HSP,35.150002,36.560001,34.84,36.459999,963700,
HST,16.42,17.07,16.35,17.02,9182600,
HSTM,26.639999,26.709999,26.09,26.629999,56100,
HSY,87.540001,87.949997,86.860001,87.889999,981100,
HT,5.47,5.59,5.47,5.57,1914100,
HTA,11.27,11.69,11.27,11.66,1063400,
HTCH,6.08,6.55,6.06,6.49,402300,
HTGC,13.17,13.38,13.1,13.38,356900,
HTH,15.98,16.290001,15.86,16.26,506800,
HTHT,15.1,15.24,14.75,14.8,65700,
HTLD,13.86,14.06,13.8,14.04,199100,
HTS,25.200001,26.35,25.02,26.25,1090000,
HTSI,45.83,46.66,45.66,46.63,300800,
HTWR,89.93,91.860001,88.32,91.669998,248300,
HTZ,24.68,25.24,24.610001,25.18,5814200,
HUB.B,96.14,97.96,95.92,97.82,159000,
HUBG,35.299999,35.669998,35.130001,35.580002,208500,
HUM,80.900002,81.870003,80.150002,81.459999,867100,
HUN,17.75,18.459999,17.67,18.379999,2733800,
HURN,43.369999,44.130001,43.049999,43.990002,76400,
HUSA,0.3,0.3,0.28,0.29,50700,
HVT,24.51,25.129999,24.02,25,63600,
HW,9.96,10.29,9.92,10.23,367300,
HWAY,14.22,14.49,14.15,14.42,56800,
HWCC,14.06,14.19,14.03,14.18,66800,
HXL,34.540001,35.169998,34.509998,34.889999,1044700,
HXM,4.21,4.3,4.19,4.3,295200,
HY,66.910004,68.949997,65.93,68.669998,21200,
HYD,31.01,31.389999,31,31.23,603300,
HYG,91.650002,92.82,91.650002,92.699997,7526400,
HYLD,50.48,51.130001,50.349998,51.029999,173400,
HYS,102.860001,103.730003,102.860001,103.699997,350300,
HZNP,2.27,2.29,2.24,2.28,84600,
HZO,11.9,12.07,11.71,12.05,61700,
I,20.85,21.25,20.26,21,552500,
IACI,49.169998,50.139999,48.869999,49.700001,962200,
IAG,5.23,5.29,5.15,5.25,3911900,
IAI,30.120001,30.860001,30.120001,30.84,58100,
IART,35.77,36.209999,35.540001,36.029999,160800,
IAT,28.17,28.58,28.15,28.559999,19300,
IAU,13.4,13.48,13.35,13.45,3760700,
IBB,174.199997,177.25,173.160004,176.830002,550100,
IBCP,6.08,6.12,6.02,6.06,11400,
IBKC,51.939999,52.41,51.509998,52.360001,94500,
IBKR,15.72,16.01,15.63,15.95,249000,
IBM,201.009995,204.399994,200.339996,203.770004,2899500,
IBN,40.33,40.809999,40.209999,40.59,7020000,
IBOC,20.959999,21.48,20.860001,21.469999,175500,
ICA,6.85,7,6.71,6.88,438500,
ICAD,5.7,5.8,5.67,5.73,25300,
ICE,171.599998,175.499992,170.540009,175.389996,2835000,
ICF,79.559998,82.029999,79.440002,81.860001,449400,
ICGE,11.07,11.43,11.07,11.41,74700,
ICLR,35,35.549999,34.830002,35.52,282700,
ICN,20.51,20.530001,20.33,20.389999,17500,
ICON,29.780001,30.34,29.620001,30.280001,448100,
ICUI,73.5,76.639999,73.25,75.699997,317200,
IDA,47.560001,48.580002,47.48,48.470001,166000,
IDCC,45.470001,46.84,45.23,46.75,185400,
IDIX,5.12,5.27,5.05,5.18,525700,
IDSY,5.05,5.15,5.05,5.1,36800,
IDT,20.380002,20.559995,20.099997,20.399994,302600,
IDTI,8.06,8.35,8.03,8.34,685600,
IDU,93.610001,95.25,93.419998,95.209999,95300,
IDV,33.290001,33.82,33.25,33.799999,204500,
IDXX,86.029999,89.639999,85.510002,89.360001,1378000,
IEF,104.669998,105.32,104.660004,105.199997,1180100,
IEI,121.889999,122.239998,121.879997,122.209999,101000,
IEMG,46.799999,47.650002,46.700001,47.619999,430400,
IEO,73.260002,74.839996,73.199997,74.639999,44200,
IEP,71.860001,73.5,71.290001,72.68,285200,
IEV,41.27,41.900002,41.25,41.869999,380300,
IEX,53.099998,54.139999,53.080002,53.900002,484000,
IEZ,56.509998,57.889999,56.43,57.830002,45300,
IFF,78.209999,79.169998,77.620003,79.080002,282700,
IFGL,31.530001,32.110001,31.530001,32.080002,1218300,
IFN,19.25,19.51,19.25,19.459999,151200,
IFT,6.95,7.1,6.95,7,25600,
IGE,39.169998,40,39.169998,39.950001,398000,
IGT,17.25,17.5,17.120001,17.450001,2444500,
IGTE,14.81,15.04,14.77,15.03,109300,
IGV,67.730003,68.5,67.440002,68.43,437100,
IHF,83.389999,84.309998,82.889999,84.25,19700,
IHS,110.940002,111.199997,110.040001,110.75,402900,
IIIN,18.23,18.5,18,18.450001,20700,
IIJI,19.290001,19.370001,19.200001,19.35,16000,
IILG,20.48,21.07,20.469999,21.049999,99900,
IIVI,16.700001,17,16.65,17,158300,
IJH,115.550003,117.970001,115.370003,117.760002,997400,
IJJ,100.870003,103,100.809998,102.860001,112800,
IJK,129.119995,131.759995,128.869995,131.520004,99700,
IJR,89.940002,91.629997,89.580002,91.419998,870600,
IJS,93.050003,94.889999,92.839996,94.75,56900,
IJT,96.57,98.419998,96.199997,98.260002,51400,
IL,6.23,6.36,6.23,6.32,123100,
ILF,38.099998,38.740002,38.029999,38.66,820000,
ILMN,66.550003,68.419998,66.110001,67.889999,1357900,
IM,18.76,19,18.690001,18.950001,673000,
IMAX,26.27,26.280001,25.17,25.75,848100,
IMGN,16.030001,16.48,15.62,16.42,627900,
IMH,11,11.2,10.94,11.11,15500,
IMKTA,22.790001,23.379999,22.59,23.290001,15700,
IMMR,14.18,15.04,14.13,14.91,479300,
IMMU,4.27,4.32,4.12,4.3,575900,
IMN,4.35,4.39,4.32,4.36,38200,
IMO,38.259998,39.080002,38.23,38.93,206200,
IMOS,18.700001,18.92,18.35,18.809999,234300,
IMPV,38.540001,39.060001,37.93,38.939999,129300,
IMUC,2.21,2.26,2.15,2.2,13700,
IN,9.86,9.895,9.84,9.89,159049,
INAP,7.92,7.98,7.76,7.98,160600,
INCY,20.83,21.940001,20.440001,21.6,1615200,
INDB,32.48,32.970001,32.27,32.900002,32200,
INDL,13.89,14.58,13.89,14.52,16900,
INFA,35.080002,35.82,34.599998,35.73,1359800,
INFI,16.959999,17.33,16.790001,17.25,713100,
INFN,11.41,11.58,11.21,11.53,1153500,
INFY,41.290001,41.810001,41.150002,41.669998,5992800,
ING,9.13,9.31,9.08,9.29,2171800,
INGR,67.730003,69.019997,67.360001,68.839996,242500,
ININ,50.57,52.200001,50.57,52.16,22200,
INN,9.48,9.69,9.39,9.64,305100,
INP,53.150002,54.119999,53.150002,54.080002,22300,
INSM,12.3,12.81,11.82,12.69,417200,
INT,39.349998,40.130001,39.23,40,167500,
INTC,24.459999,25.01,24.4,24.99,27707000,
INTL,17.93,18,17.83,17.959999,38900,
INTU,57.59,58.09,57.169998,57.970001,2423500,
INTX,8.78,8.89,8.66,8.76,96400,
INVE,0.79,0.81,0.76,0.76,10600,
INVN,13.21,13.7,13.01,13.6,1953800,
INWK,10.67,11.13,10.67,10.91,369600,
INXN,26.790001,27.030001,26.190001,26.370001,237400,
IO,6.000003,6.080003,5.910003,6.050003,45000,
IOC,76.629997,79.629997,74.300003,79.410004,706900,
IOO,70.160004,71.059998,70,70.970001,30500,
IOSP,41.73,42.869999,41.66,42.580002,92300,
IP,44.6,45.7,44.070004,45.610008,3706800,
IPAR,32.200001,32.57,31.719999,32.450001,101600,
IPCM,50.110001,51.279999,50.049999,50.509998,66000,
IPG,14.29,14.79,14.25,14.71,3865800,
IPGP,61.860001,63.080002,61.389999,62.919998,316500,
IPHI,10.66,10.9,10.43,10.87,114200,
IPHS,49.290001,49.43,49,49.16,58900,
IPI,18.5,19.02,18.190001,19,782600,
IPXL,18.889999,19,18.700001,18.969999,531800,
IQNT,4.84,5.16,4.83,5.14,828800,
IR,55.839999,56.359991,55.7,56.250005,2825300,
IRBT,33.869999,35.080002,33.720001,34.869999,277400,
IRC,9.79,10.08,9.73,10.03,566500,
IRDM,7.21,7.35,7.21,7.29,221100,
IRE,8.76,8.84,8.53,8.72,475800,
IRET,8.35,8.44,8.3,8.42,699600,
IRF,20.87,21.39,20.77,21.35,285900,
IRM,28.789997,29.069998,28.559996,28.889996,2828000,
IRWD,12.25,12.25,11.95,12.08,561700,
ISBC,19.82,20.18,19.75,20.15,172000,
ISCA,34.139999,34.639999,33.77,34.5,175600,
ISIL,7.55,7.73,7.46,7.73,900900,
ISIS,22.83,23.67,22.33,23.629999,710500,
ISLE,7.28,7.47,7.2,7.47,51800,
ISRG,492.700012,505.339996,491.890015,504.5,196400,
ISS,5.36,5.36,5.23,5.33,431542,
ISSC,6.93,7.1,6.89,6.97,25800,
ISSI,10.84,11.02,10.64,11,112400,
IT,56.529999,57.560001,56.380001,57.34,246600,
ITB,22.799999,23.950001,22.75,23.9,5689000,
ITC,86.260002,87.490002,85.629999,87.32,746100,
ITG,14.06,14.18,13.87,14.15,325900,
ITMN,9.58,9.72,9.41,9.7,1062500,
ITOT,73.68,75.019997,73.57,74.93,101800,
ITRI,42.25,42.560001,41.91,42.52,349200,
ITT,29.24,29.889999,29.200001,29.83,221900,
ITUB,14.019996,14.119997,13.850001,14.009996,22467000,
ITW,69.269997,70.709999,69.220001,70.489998,2158500,
IVAC,4.92,5.02,4.72,4.97,128000,
IVAN,1.04,1.17,1.04,1.16,55300,
IVC,15.68,15.78,15.46,15.63,219400,
IVE,76.400002,77.769997,76.260002,77.650002,369500,
IVR,17.93,18.91,17.9,18.84,2189300,
IVV,162.449997,165.330002,162.119995,165.070007,3503700,
IVW,84.860001,86.260002,84.610001,86.120003,259400,
IVZ,33.110001,34.060001,33,34.009998,2865300,
IWB,89.769997,91.290001,89.57,91.169998,550500,
IWC,61.57,62.279999,61.040001,62.110001,57500,
IWD,83.68,85.230003,83.480003,85.110001,1634400,
IWF,73.309998,74.389999,73.059998,74.269997,1920800,
IWM,96.730003,98.699997,96.370003,98.470001,47768600,
IWN,85.150002,87.019997,84.82,86.839996,648500,
IWO,111.599998,113.529999,111.059998,113.32,976000,
IWP,71.389999,72.82,71.309998,72.690002,312400,
IWR,129.119995,131.800003,129.100006,131.580002,172500,
IWS,57.57,58.84,57.540001,58.73,221200,
IWV,95.959999,97.68,95.839996,97.519997,107000,
IXC,39.509998,40.279999,39.459999,40.259998,279200,
IXYS,11.37,11.64,11.28,11.62,39000,
IYE,45.080002,45.939999,45.049999,45.869999,169400,
IYF,71.309998,72.669998,70.980003,72.620003,224000,
IYG,71.32,72.610001,71.139999,72.559998,157100,
IYH,100.550003,102.330002,100.010002,102.269997,45100,
IYJ,83.269997,84.82,83.199997,84.669998,62600,
IYM,70.059998,71.290001,69.610001,71.120003,107200,
IYR,65.839996,68.120003,65.790001,67.940002,21085000,
IYT,111.25,113.650002,110.940002,113.43,396200,
IYW,75.32,76.279999,75.120003,76.18,63700,
IYZ,25.889999,26.43,25.809999,26.42,551600,
JACK,37.650002,38.470001,37.529999,38.299999,224300,
JAGGF,0.41,0.41,0.41,0.41,0,
JAH,44.25,44.410006,43.800001,44.179994,2646600,
JAKK,9.92,10.01,9.86,10.01,71400,
JASO,6.67,6.96,6.59,6.88,1231800,
JAZZ,67.300003,70.099998,65.599998,69.790001,812900,
JBHT,70.849998,72.769997,70.459999,72.610001,382300,
JBL,18.959999,19.73,18.799999,19.709999,1916300,
JBLU,6.35,6.41,6.27,6.39,2646000,
JBT,21.620001,22.129999,21.51,22.02,98700,
JCI,33.25,33.540001,33,33.450001,2961300,
JCOM,41.599998,42.619999,41.27,42.59,221300,
JCP,17.790001,18.25,17.780001,18.15,4680300,
JDSU,13.98,14.36,13.94,14.29,3362800,
JE,6.2,6.24,6.09,6.24,945500,
JEC,55,55.700001,54.619999,55.529999,1015100,
JIVE,16.940001,17.08,16.73,17.07,322100,
JJC,39.52,39.790001,39.080002,39.740002,43100,
JJG,51.23,51.25,50.580002,51.07,31100,
JKHY,46.77,47.610001,46.740002,47.5,317700,
JKS,8.5,9.05,8.41,8.96,325700,
JLL,87.139999,89.830002,87.139999,89.610001,375000,
JMBA,16.73,17.08,16.280001,17.049999,166500,
JNJ,83.599998,84.959999,83.080002,84.910004,8570000,
JNK,39.939999,40.360001,39.919998,40.310001,12075200,
JNPR,18.34,19.309999,18.33,19.27,8390800,
JNS,8.3,8.69,8.29,8.69,1452500,
JNY,14.27,14.47,14.11,14.36,876700,
JO,26.09,26.370001,26.040001,26.299999,150000,
JOBS,61.080002,61.380001,59.200001,61.110001,215600,
JOE,20.049999,20.709999,20.030001,20.700001,510900,
JOSB,40.53,41.27,40.23,40.48,526300,
JOY,52,53.959999,51.98,53.84,1536700,
JPM,53,54.240002,52.970001,54.169998,17090200,
JRCC,2.4,2.45,2.27,2.29,709300,
JRN,6.45,7.25,6.45,7.16,275800,
JST,4.95,4.95,4.86,4.92,5900,
JW.A,40.369999,41.189999,40.25,41.139999,126800,
JWN,58.330002,59.619999,58.209999,59.459999,1023900,
JXI,43.169998,43.830002,43.169998,43.799999,86200,
K,62.98,64.239998,62.529999,64.230003,2215200,
KAI,31.85,32,31.58,31.790001,49900,
KALU,63.049999,63.98,63.040001,63.419998,88700,
KAMN,33.240002,33.5,33.099998,33.34,96100,
KAR,22.280001,22.99,22.23,22.940001,720500,
KB,31.389999,31.84,31.33,31.790001,93400,
KBALB,10.43,10.64,10.24,10.64,101300,
KBE,27.82,28.27,27.74,28.23,1278900,
KBH,20.120001,21.65,20.1,21.57,5592400,
KBR,33.200001,33.82,32.919998,33.689999,1143300,
KBWB,30.969999,31.530001,30.969999,31.530001,9300,
KCAP,10,10.29,9.84,10.24,266900,
KCE,40.52,41.439999,40.299999,41.349998,75400,
KCG,3.67,3.69,3.66,3.69,728000,
KDN,26.36,27.12,26.31,27.03,142900,
KEG,5.97,6.07,5.97,6.06,9500,
KELYA,17.309999,17.85,17.299999,17.790001,82100,
KEM,4.24,4.33,4.19,4.3,185800,
KEP,11.42,11.53,11.42,11.5,248400,
KERX,7,7.02,6.61,6.97,4264200,
KEX,78.169998,80.099998,77.949997,79.75,351900,
KEY,10.48,10.69,10.41,10.68,9976400,
KEYN,12.69,13.1,12.57,13.07,109100,
KEYW,14.19,14.39,14.09,14.18,219200,
KFN,10.65,10.9,10.63,10.84,482400,
KFRC,14.51,15.07,14.5,15.04,48300,
KFY,17.290001,17.74,17.280001,17.73,303600,
KGC,5.77,6.03,5.75,6.01,8952200,
KIE,53.400002,54.34,53.25,54.259998,314100,
KIM,21.690001,22.110001,21.639999,22.08,4926000,
KIOR,3.99,4,3.9,3.96,94300,
KIRK,16.940001,17.5,16.93,17.450001,159000,
KKD,17.280001,17.299999,16.93,17.26,1012100,
KKR,19.33,19.389999,19.219999,19.25,1656200,
KLAC,55.34,56.830002,55.029999,56.610001,1340400,
KLIC,11.45,11.6,11.38,11.57,456300,
KMB,96.929991,98.049996,96.570004,97.570002,2601500,
KMI,37.630001,38.029999,36.950001,37.959999,5421300,
KMP,81.9,83.39,81.5,83.33,1415100,
KMR,79.9,81.38,79.5,81.34,674400,
KMT,39.799999,40.189999,39.759998,39.779999,1412300,
KMX,45.849998,47.09,45.779999,46.990002,993300,
KND,13.49,13.84,13.35,13.78,292200,
KNDI,6.46,6.9,6.06,6.44,2404900,
KNL,14.42,14.68,14.4,14.66,113900,
KNOP,22.52,22.74,22.309999,22.74,43700,
KNX,16.700001,17,16.66,16.959999,316400,
KO,40.310001,40.48,39.68,40.41,17861200,
KOF,142.199997,145.210007,142.199997,145.020004,109800,
KOG,8.77,8.93,8.65,8.9,5285700,
KOL,19.09,19.450001,19.08,19.389999,72600,
KOLD,80.639997,81.169996,76.210001,77.17,209700,
KONG,6.44,6.67,6.25,6.62,43800,
KOP,41.25,41.779999,41,41.419998,142200,
KOPN,3.55,3.61,3.51,3.57,139100,
KORS,60.330002,60.650002,57.959999,59.5,6265900,
KOS,10.4,10.54,10.35,10.5,540100,
KR,34.779999,35.09,34.470001,35.060001,7895600,
KRA,19.41,19.610001,19.139999,19.43,312700,
KRC,51.470001,52.82,51.32,52.810001,1033000,
KRE,32.25,32.860001,32.130001,32.849998,4157500,
KRFT,53.599998,56.119999,53.549999,55.990002,4916700,
KRG,5.9,6.04,5.9,6.01,56100,
KRO,15.63,16.059999,15.61,16.02,111500,
KS,36.23,36.610001,35.369999,36.5,972200,
KSS,51.130001,51.959999,51.040001,51.91,1041900,
KSU,107.529999,111.75,106.940002,111.449997,784600,
KT,16.559999,16.65,16.540001,16.620001,205100,
KTCC,11.03,11.29,10.88,11.28,44600,
KTOS,6.63,6.64,6.51,6.54,351300,
KUB,78.34,79.29,77.68,79.03,51600,
KVHI,12.82,13.03,12.8,12.94,44100,
KW,16.91,17.34,16.799999,17.24,176900,
KWK,2.08,2.12,2.03,2.09,2034500,
KWR,63.98,65.410004,63.98,64.93,65700,
L,44.349998,44.990002,44.25,44.990002,900600,
LABL,29.790001,30.969999,29.77,30.76,49200,
LAD,53.490002,55.290001,53.18,55.150002,200000,
LAMR,42.619999,43.119999,42.220001,43.080002,922900,
LANC,80.470001,81.739998,80.230003,81.660004,52700,
LAYN,20.09,20.75,20.09,20.700001,81300,
LAZ,32.060001,33.25,31.76,33.029999,600100,
LBAI,9.79,10.009996,9.700005,9.990004,101200,
LBJ,23.52,24.5,23.469999,24.5,1400,
LBTYA,72.600002,73.769996,72.119994,73.619994,5814200,
LBTYK,67.870003,69.660004,67.870003,69.309998,3689000,
LBY,22.870001,23.469999,22.67,23.34,122400,
LCAV,3.1,3.1,3.03,3.08,26400,
LCC,16.85,17.07,16.64,17.01,5387100,
LCI,11.97,12.1,11.66,12.1,39400,
LDK,1.38,1.43,1.35,1.41,1161000,
LEA,59.110001,60.880001,58.68,60.759998,878700,
LEAP,5.8,5.99,5.8,5.92,1186900,
LECO,57.93,59.549999,57.369999,59.400002,223000,
LEE,1.64,1.68,1.62,1.67,46700,
LEG,31.51,32.43,31.469999,32.290001,1020900,
LEI,1.26,1.35,1.26,1.29,7400,
LEN,36.759998,39.09,36.75,38.73,7572900,
LF,9.56,9.9,9.46,9.85,762800,
LFC,36.75,37.64001,36.75,37.5,796500,
LFL,16.540001,17.51,16.42,17.41,802000,
LFUS,73,74.949997,72.599998,74.190002,47700,
LFVN,2.2,2.25,2.17,2.23,213023,
LG,45.66,46.23,45.380001,46.060001,244100,
LGCY,26.299999,26.799999,26.280001,26.280001,154100,
LGF,26.73,27.940001,26.57,27.74,1213800,
LGND,32.299999,33.799999,31.879999,33.790001,291800,
LH,99.879997,100.330002,98.790001,100.080002,888000,
LHCG,23,23.120001,21.639999,23.1,65800,
LHO,24.200001,25.139999,24.1,25.030001,701300,
LIFE,74.02,74.23,73.94,74.2,1648900,
LII,63.139999,64.040001,62.959999,63.700001,519500,
LINC,6.71,6.92,6.67,6.88,69100,
LINE,32.529999,32.59,31.450001,31.77,5698300,
LINTA,22.24,22.62,22.05,22.45,2219400,
LIOX,3.05,3.09,3.01,3.07,367500,
LIT,11.9,12.15,11.78,12.15,26700,
LIWA,5.46,5.52,5.41,5.49,62800,
LKQ,25.209999,25.389999,24.33,25.030001,861000,
LL,81.690002,85.959999,81.690002,85.279999,696000,
LLEN,3.79,3.95,3.73,3.95,90100,
LLL,85.980003,86.559998,85.599998,85.800003,754800,
LLNW,2.42,2.5,2.38,2.48,556500,
LLTC,35.709999,36.639999,35.509998,36.599998,1909400,
LLY,51.68,51.889999,50.830002,51.849998,7099100,
LM,32.400002,33.41,32.110001,33.360001,2479100,
LMCA,120.460039,124.530061,119.860056,123.860024,4064100,
LMNX,20.299999,20.65,20.059999,20.610001,100500,
LMOS,15.96,15.96,15.4,15.69,97100,
LMT,107.040001,108.290001,106.620003,107.970001,1831000,
LNC,34.700001,35.560001,34.490002,35.419998,2812600,
LNCE,27.030001,27.25,26.83,27.219999,133400,
LNCO,37.220001,37.5,36.470001,37.049999,691600,
LNDC,14.4,14.71,14.21,14.64,77800,
LNG,27.23,27.73,26.65,27.73,4341300,
LNKD,166.429993,172.389999,165.139999,172.020004,1118600,
LNN,78.900002,79.75,78.620003,79.169998,154000,
LNT,48.529999,49.470001,48.369999,49.349998,391600,
LO,42.950001,44.130001,42.919998,44.07,3539400,
LOCK,10.79,10.92,10.51,10.9,577300,
LOCM,1.6,1.67,1.6,1.66,41400,
LODE,1.99,2.02,1.93,1.94,77500,
LOGI,6.83,6.93,6.81,6.93,126700,
LOGM,25.43,26.18,25.09,26.059999,267500,
LOPE,31.93,32.07,31.6,32,271400,
LORL,61.18,62.139999,61.139999,62.040001,29200,
LOW,40.599998,41.349998,40.52,41.18,5622400,
LPHI,3.01,3.04,3,3.04,23200,
LPI,19.620001,19.99,19.4,19.93,372800,
LPL,13.55,13.76,13.48,13.73,365400,
LPLA,36.400002,37.049999,36.25,36.939999,584000,
LPNT,51.799999,53.290001,51.459999,53.07,419600,
LPR,0.55,0.55,0.48,0.48,4500,
LPS,31.92,32.12,31.84,32.03,1498600,
LPSN,9.11,9.14,8.77,8.92,675000,
LPX,15.92,17.25,15.88,17.129999,4154400,
LQD,115.839996,116.910004,115.790001,116.849998,2474400,
LQDT,32.049999,32.189999,31.16,31.459999,693800,
LRCX,46.130001,47.689999,46.119999,47.459999,2054800,
LRE,14.82,14.95,14.65,14.78,190100,
LRN,28.07,28.42,27.82,28.34,139900,
LRY,16.67,16.67,16.67,16.67,0,
LSCC,4.8,4.93,4.78,4.92,518000,
LSE,8.51,8.54,8.5,8.51,1456100,
LSI,63.419998,65.650002,63.200001,65.410004,78400,
LSTR,52.549999,53.849998,52.470001,53.66,229000,
LTBR,1.71,1.79,1.69,1.78,1100,
LTC,39.639999,40.75,39.5,40.439999,217300,
LTD,36.87,36.87,36.87,36.87,0,
LTM,50.82,51.98,50.700001,51.82,233500,
LTPZ,62.459999,63.029999,62.080002,63.029999,56000,
LTXC,5.64,5.69,5.59,5.68,256000,
LUB,8.55,8.75,7.85,8.67,105000,
LUFK,88.48,88.48,88.46,88.46,216400,
LUK,27.719999,28.18,27.700001,28.15,1335600,
LULU,64.849998,67.57,64.080002,66.839996,14399200,
LUV,13.85,14.06,13.81,13.98,5776400,
LUX,50.700001,51.560001,50.25,51.560001,96700,
LVLT,21.1,21.799999,21.049999,21.59,1218000,
LVS,55.330002,56.66,54.799999,56.57,5095700,
LXK,30.76,31.07,30.43,30.99,454100,
LXP,11.54,11.72,11.43,11.69,3777100,
LXU,32.400002,33.380001,32.23,33.25,37600,
LYB,64.050003,66.900002,64,66.589996,7208400,
LYG,3.83,3.88,3.81,3.87,1907300,
LYV,15.94,15.96,15.21,15.56,4224000,
LZB,18.290001,19.07,18.120001,19.030001,223100,
M,48.169998,48.919998,47.919998,48.759998,3378500,
MA,557.560005,575.540009,557.060013,573.720016,8606000,
MAA,64.209999,65.419998,64.059998,65.260002,596600,
MAC,61.139999,62.93,60.849998,62.799999,1020300,
MACK,5.5,5.6,5.38,5.59,201700,
MAIN,27.190001,27.93,27,27.879999,271000,
MAKO,12.26,12.55,12.02,12.53,529600,
MAN,54.459999,56.68,54.150002,56.470001,490700,
MANH,75.769997,77.290001,75.519997,76.919998,259200,
MANT,26.83,27.129999,26.68,26.9,139500,
MANU,15.27,15.99,15.25,15.76,101600,
MAR,40.540001,41.18,40.259998,41.09,1751000,
MAS,19.790002,20.97,19.790002,20.940001,6264300,
MASI,21.85,22.18,21.620001,22.139999,210800,
MAT,43.900002,44.970001,43.900002,44.889999,1370600,
MATW,37.669998,38.560001,37.48,38.509998,53800,
MATX,25.120001,25.16,24.73,25.120001,432600,
MBB,105.839996,106.260002,105.779999,106.260002,525200,
MBFI,25.469999,26.24,25.389999,26.17,155100,
MBI,13.27,13.86,13.16,13.83,2653100,
MBLX,1.600032,1.670033,1.600032,1.620032,3400,
MBND,3.24,3.24,3.22,3.23,57600,
MBT,18.09,18.67,18.02,18.65,2793400,
MCC,13.16,13.86,13.16,13.83,835400,
MCD,98.099998,99.07,97.870003,98.879997,2927800,
MCEP,22.74,23.200001,22.5,23.02,30000,
MCF,34.150002,34.41,33.959999,34.389999,27800,
MCGC,4.89,4.92,4.8,4.88,250000,
MCHI,42.439999,43.459999,42.439999,43.380001,1300300,
MCHP,36.369999,37.32,36.16,37.25,1539100,
MCHX,5.88,5.93,5.79,5.93,61600,
MCK,112.18,113.949997,111.309998,113.849998,769900,
MCO,61.040001,63.080002,60.509998,62.860001,1638000,
MCP,5.66,5.88,5.63,5.88,3319500,
MCRI,15.84,16.209999,15.84,16.15,59200,
MCRL,9.59,9.7,9.41,9.68,221300,
MCRS,41.78,42.36,41.35,42.19,745000,
MCY,42.150002,42.790001,41.91,42.77,128100,
MD,91.099998,92.239998,90.220001,92.040001,241800,
MDAS,17.43,17.639999,17.280001,17.610001,584300,
MDC,33.950001,35.900002,33.869997,35.720002,735900,
MDCI,7.45,7.55,7.29,7.33,165200,
MDCO,32.759998,33.580002,32.43,33.389999,255700,
MDIV,21.16,21.43,21.030001,21.42,160900,
MDLZ,29.48,30,29.190001,29.969999,7881100,
MDP,41.310001,45.099998,41.189999,44.84,681800,
MDR,8.91,9.06,8.73,9.04,4091900,
MDRX,13.19,13.26,13,13.25,7619400,
MDSO,67.730003,70.769997,67.150002,70.449997,275800,
MDT,51.470001,52.849998,51.09,52.779999,5175400,
MDU,24.969999,25.16,24.860001,25.059999,847700,
MDVN,50,50.580002,48.939999,50.25,1566800,
MDXG,7.06,7.24,7.04,7.15,179200,
MDY,210.479996,214.990005,210.220001,214.690002,2204400,
MEA,1.4,1.47,1.38,1.4,199500,
MEAS,46.63,48.02,46.26,47.78,50000,
MED,28.629999,29.33,28.49,29.040001,117200,
MEET,1.5,1.52,1.47,1.49,67700,
MEG,9.02,9.6,8.9,9.53,275600,
MEI,14.93,15.24,14.79,15.14,150900,
MEIP,8.07,8.22,7.66,7.88,56000,
MELA,0.98,1.01,0.86,0.88,155400,
MELI,111.419998,113.400002,109.599998,112.989998,387600,
MEMP,18.959999,19.09,18.68,19.040001,114900,
MEMS,4.1,4.11,4.1,4.1,7600,
MENT,19.209999,19.49,19.09,19.48,405400,
MEOH,43.110001,44.27,42.610001,43.970001,294500,
MERC,6.67,6.75,6.65,6.7,79200,
MERU,4.29,4.44,4.1,4.36,222800,
MET,44.32,45.040001,43.900002,44.91,5525400,
MFA,8.44,8.81,8.38,8.74,4479500,
MFB,18.23,18.56,18.13,18.44,103200,
MFC,15.48,15.81,15.44,15.72,2154500,
MFG,4.04,4.08,4.02,4.08,566500,
MFLX,15.49,15.58,15.37,15.56,62900,
MFRM,37.759998,38.470001,37.400002,38.349998,234100,
MG,21.360001,21.610001,21.290001,21.49,97000,
MGA,68.139999,69.629997,67.940002,69.480003,1278600,
MGAM,26.91,27.16,26.52,26.94,228100,
MGC,55.23,56.209999,55.139999,56.139999,60500,
MGI,19.379999,19.549999,19.200001,19.52,84700,
MGIC,5.38,5.4,5.37,5.4,38300,
MGK,61.029999,62.110001,60.919998,62.02,34100,
MGLN,54.669998,55.82,54.400002,55.580002,186100,
MGM,14.69,15,14.51,14.96,8071400,
MGPI,5.49,5.52,5.32,5.5,7100,
MGV,49.43,50.27,49.380001,50.240002,23400,
MHFI,54.369999,55.130001,54.16,55.07,1295300,
MHGC,7.6,7.6,7.35,7.56,1105600,
MHK,106.339996,111.599998,106.339996,111.160004,632100,
MHLD,10.85,11.12,10.71,11.05,394300,
MHO,23.450001,24.780001,23.219999,24.58,242600,
MHR,3.67,3.93,3.65,3.9,2225800,
MIC,52.689999,54.150002,52.689999,54.040001,200200,
MIDD,165.569996,167.939999,164.199989,167.319992,164400,
MIDU,53.790001,57.349998,53.779999,57.110001,165200,
MIDZ,31.6,31.6,29.41,29.610001,5000,
MIG,7.92,8.13,7.86,8.13,149700,
MILL,3.99,4.13,3.94,4.1,126481,
MIND,16.059999,16.559999,16.059999,16.49,55300,
MINI,33.07,33.509998,32.669998,33.459999,242800,
MITK,6.79,7.58,6.7601,7.36,2119848,
MITL,3.9,3.99,3.86,3.91,16400,
MITT,20.75,21.719999,20.58,21.52,950800,
MJN,81.099998,82.339996,80.580002,82.230003,852500,
MKC,71.510002,72.309998,71,72.129997,523800,
MKSI,27.67,28.34,27.42,28.33,248000,
MKTG,11.74,12.05,11.73,12.03,296600,
MKTX,45.330002,47.580002,44.93,47.470001,144400,
MLHR,27.620001,28.5,27.469999,28.41,247600,
MLI,51.630001,51.990002,51.400002,51.740002,197400,
MLM,106.849998,109.580002,106.400002,109.5,268700,
MLNK,2.75,2.84,2.75,2.82,120000,
MLNX,48.650002,50.889999,48.099998,50.860001,1974900,
MLPN,28.879999,29.049999,28.620001,29.049999,67300,
MLR,15.65,16.83,15.57,16.42,27700,
MM,8.36,8.36,8.03,8.17,825400,
MMC,39.810001,40.380001,39.59,40.310001,1992600,
MMLP,42.080002,42.470001,41.540001,42.23,95400,
MMM,108.949997,111.440002,108.580002,111.199997,2604200,
MMP,51.880001,52.130001,50.599998,51.619999,2307700,
MMS,71.160004,72.860001,70.669998,72.720001,331800,
MMSI,10.75,10.83,10.65,10.78,156500,
MMYT,13.31,13.4,13.21,13.38,17900,
MN,19.200001,19.52,19.08,19.34,83700,
MNI,2.21,2.33,2.18,2.31,36100,
MNKD,7.67,7.7,7.4,7.47,5460800,
MNR,9.81,10.04,9.76,10,169200,
MNRO,47.52,47.790001,47.240002,47.689999,196000,
MNST,61.709999,62.100002,61.299997,61.999998,4354200,
MNTA,14.05,14.26,13.78,14.2,138900,
MNTG,3.81,3.86,3.64,3.71,47000,
MNTX,10.37,10.7,10.37,10.52,46100,
MNX,2926.100098,2968.699951,2914.199951,2962.899902,1584740000,
MO,35.57,35.990002,35.48,35.759998,7440500,
MOBI,3,3,2.68,2.88,107500,
MOD,10.37,10.63,10.29,10.59,111700,
MODN,20.25,20.860001,19.110001,20.860001,41000,
MOH,36.52,37.77,36.240002,37.41,601600,
MOLX,29.02,29.63,28.78,29.58,403600,
MOLXA,24.51,24.88,24.2,24.82,68300,
MON,103.389999,105.449997,102.589996,105.440002,2802600,
MOO,52.540001,53.349998,52.07,53.310001,121800,
MORN,74.529999,75.139999,72.860001,74.760002,85200,
MOS,57.25,58.93,56.75,58.700001,2525400,
MOSY,4.27,4.41,4.2,4.41,99000,
MOV,33.470001,34.529999,33.139999,34.470001,81800,
MOVE,11.75,12.03,11.66,12,136600,
MPAA,7.39,7.55,7.3,7.34,131900,
MPC,79.129997,81.019997,79.029999,80.790001,4457200,
MPEL,23.870001,24.16,23.459999,24.1,5816800,
MPG,3.12,3.13,3.11,3.13,228300,
MPLX,37.080002,38.529999,36.740002,37.599998,177600,
MPO,6.05,6.36,6.01,6.32,21700,
MPW,14.19,14.85,13.93,14.78,2207600,
MPWR,24.07,24.74,23.91,24.629999,256400,
MR,41,41.200001,40.040001,40.48,1156600,
MRC,26.9,27.24,26.870001,27.01,1102400,
MRCY,9.26,9.51,9.2,9.51,114100,
MRGE,3.62,3.65,3.58,3.63,141700,
MRH,25.16,25.450001,24.950001,25.42,184400,
MRIN,10.67,10.7,10.37,10.51,42100,
MRK,46.740002,47.939999,46.490002,47.900002,14773200,
MRO,33.380001,34.5,33.349998,34.369999,5526300,
MRTN,23.359995,24.259995,23.320005,23.689995,134200,
MRVL,11,11.09,10.88,11.03,6069200,
MS,25.549999,26.49,25.42,26.370001,19571900,
MSA,45.209999,46.59,45.139999,46.48,88700,
MSB,19.17,19.450001,19,19.389999,28200,
MSCC,20.92,21.549999,20.629999,21.51,580300,
MSCI,34.040001,34.450001,33.959999,34.34,416200,
MSFT,34.990002,35.02,34.59,34.720001,45654900,
MSG,58.709999,59.779999,58.200001,59.459999,373900,
MSI,56.25,57.290001,56.040001,57.189999,1659600,
MSM,78.790001,81.059998,78.540001,80.860001,337700,
MSO,2.35,2.42,2.35,2.42,79800,
MSPD,3.14,3.29,3.12,3.28,162900,
MSTR,88.269997,90.169998,87.660004,90.050003,91900,
MSTX,0.61,0.633,0.61,0.63,188542,
MT,12.12,12.34,12.06,12.28,6206500,
MTB,102.080002,103.650002,101.57,103.559998,552300,
MTD,212.050003,215.419998,211.830002,215.110001,197300,
MTDR,10.37,11.03,10.32,10.8,465500,
MTG,5.98,6.14,5.82,6.13,6898100,
MTGE,19.719999,20.540001,19.51,20.34,1270600,
MTH,44.110001,46.990002,43.77,46.799999,631100,
MTL,2.98,3.06,2.95,2.98,1765100,
MTN,63.490002,64.370003,63.23,64.080002,171800,
MTOR,6.96,7.25,6.87,7.2,1418600,
MTRN,29.870001,30.440001,29.870001,30.030001,54900,
MTRX,16.07,16.459999,16.059999,16.389999,84100,
MTSC,56.939999,58.41,56.860001,58.099998,38000,
MTSN,2.34,2.43,2.31,2.41,362500,
MTU,6.16,6.29,6.15,6.28,2821600,
MTW,18.440002,19.550001,18.3,19.440002,7163800,
MTX,42.169998,43.16,42.040001,43.040001,92900,
MTZ,30.309999,31.1,30.120001,30.940001,524300,
MU,12.53,12.92,12.47,12.91,30212000,
MUB,106.410004,107.230003,106.400002,107.230003,409900,
MUR,63.220004,64.240004,62.889996,63.959997,1590800,
MUX,2.25,2.33,2.17,2.23,1969700,
MVC,12.68,12.69,12.62,12.65,143100,
MVG,7.51,7.68,7.51,7.63,51800,
MVIS,3.27,3.36,3.27,3.36,84900,
MVO,28.030001,28.68,28.02,28.610001,33100,
MVV,94.360001,98.209999,94.150002,97.949997,135800,
MW,37.5,37.810001,35.779999,37.610001,1550100,
MWA,6.79,6.93,6.78,6.91,1127300,
MWE,66.230003,66.230003,64.269997,66.080002,406700,
MWIV,126.76,128.15,124.87,127.48,30400,
MWV,35.080002,35.790001,34.959999,35.709999,537700,
MWW,5.4,5.6,5.38,5.54,779700,
MX,17.969999,18.33,17.65,18.280001,328700,
MXIM,26.870001,27.49,26.700001,27.469999,4406700,
MXL,6.42,6.65,6.42,6.6,35700,
MXWL,7.45,7.66,7.15,7.34,360600,
MY,2.2,2.26,2.05,2.12,1775600,
MYE,15.21,15.58,15.18,15.54,54100,
MYGN,33.869999,38.27,30.52,32.009998,16253900,
MYL,30.809999,31.42,30.440001,31.34,3451300,
MYRG,20.1,20.440001,19.83,20.33,74900,
MZZ,19.02,19.040001,18.23,18.23,4200,
N,85.82,86.5,84.849998,86.339996,159400,
NAFC,23.38,24.05,23.25,24.03,19800,
NAK,2.45,2.49,2.36,2.43,60800,
NANO,15.15,15.39,15.15,15.35,35400,
NAT,8.220002,8.380001,8.170002,8.320002,445200,
NATI,27.26,27.68,27,27.52,230800,
NATR,16.6,17.450001,16.41,17.25,32200,
NAV,30.700001,31.23,30.52,31.09,1155500,
NAVB,2.52,2.58,2.46,2.58,542588,
NBG,5.64,5.97,5.42,5.63,5262300,
NBIX,12.61,13,12.55,12.95,474900,
NBL,57.169998,58.419998,56.919998,58.34,1258700,
NBR,15.79,16.299999,15.76,16.24,3207100,
NBTB,20,20.440001,19.98,20.4,87200,
NCI,13.44,13.66,13.35,13.58,130000,
NCLH,30.940001,31.5,30.51,31.08,414900,
NCMI,16.68,17.02,16.59,17.01,206000,
NCQ,1.79,2.02,1.78,2,1177800,
NCR,32.849998,33.630001,32.75,33.57,770800,
NCS,15.66,16.639999,15.62,16.52,172200,
NCT,5.010186,5.310198,5.00019,5.270192,12471300,
NCTY,4.29,4.33,4.07,4.13,34900,
NDAQ,31.200001,32.740002,31.190001,32.580002,2188600,
NDO,79.959999,81.110001,79.68,80.989998,0,
NDRO,15.86,16,15.66,15.72,24200,
NDSN,68.230003,69.139999,68.199997,69.050003,300900,
NDX,2924.889893,2968.97998,2914.199951,2962.899902,1584740000,
NDZ,7.61,7.64,7.56,7.63,264300,
NE,37.270001,38.099997,37.270001,38.030007,3719100,
NEE,77.860001,79.309998,77.589996,79.129997,1692100,
NEM,33.049999,33.700001,32.709999,33.66,5896800,
NEO,4,4.06,3.97,4.06,58700,
NEOG,54.200003,55.459997,53.500002,55.370001,75400,
NEON,5.15,5.38,5.14,5.27,188200,
NEPT,3.07,3.11,3.01,3.06,154500,
NES,3.16,3.33,3.15,3.3,264300,
NEU,276.660004,280.359985,276.660004,278.329987,41300,
NEWP,13,13.63,12.91,13.59,120800,
NFBK,11.64,11.71,11.48,11.71,186200,
NFG,59.560001,61.240002,59.400002,61.139999,192600,
NFLX,207.989994,215.549994,205.749996,215.390003,18511500,
NFP,25.27,25.3,25.27,25.28,638000,
NFX,22.309999,22.860001,22.15,22.83,1455300,
NG,2.35,2.48,2.31,2.47,1315400,
NGD,6.63,6.84,6.6,6.82,3441200,
NGG,57.98,58.779999,57.830002,58.709999,1473500,
NGL,28.73,29.5,28.5,29.4,188500,
NGLS,47.110001,47.84,46.869999,47.77,139800,
NGPC,6.5,6.59,6.5,6.54,57800,
NGS,22.709999,23.459999,22.67,23.379999,28600,
NGVC,27.49,27.790001,27.18,27.690001,49900,
NHI,59.389999,60.610001,59.290001,60.200001,211200,
NI,28.110002,28.850001,28.030002,28.81,5415000,
NIB,31.040001,31.190001,30.870001,30.889999,82900,
NICE,37.68,37.720001,37.349998,37.5,148000,
NIHD,92.3,94.5,92.3,94.5,900,
NILE,36.849998,37.580002,36.490002,37.48,149300,
NKA,14.02,14.17,13.56,14.05,157800,
NKE,61.299999,61.919998,61.029999,61.759998,7832600,
NKTR,9.5,9.61,9.33,9.43,518000,
NKY,16.129999,16.34,16.030001,16.299999,844300,
NLNK,20.25,20.4,19.370001,19.860001,192200,
NLS,8.05,8.28,8,8.25,168500,
NLSN,33.98,34.41,33.790001,34.34,1287700,
NLST,0.91,0.91,0.85,0.9,189800,
NLY,12.96,13.8,12.9,13.73,22626300,
NM,5.15,5.32,5.12,5.25,382700,
NMFC,14.49,14.88,14.42,14.84,158200,
NMM,14.05,14.44,13.95,14.35,221700,
NMR,7.8,7.95,7.73,7.92,1745300,
NMRX,10.92,11.21,10.81,11.17,19600,
NNBR,9.56,9.87,9.46,9.71,98300,
NNI,38,38.77,37.900002,38.57,62600,
NNN,35.02,35.400002,34.889999,35.290001,1635200,
NOA,4.8,4.9,4.73,4.77,93800,
NOAH,12.14,12.27,11.72,12.18,107200,
NOC,82.669998,84.139999,82.5,82.860001,1793400,
NOG,13.59,13.99,13.52,13.91,286600,
NOK,3.51,3.54,3.46,3.53,13280400,
NOR,3.959996,4.129996,3.949996,4.029996,44200,
NOV,69.209993,70.180004,69.12999,70.099997,2565400,
NOW,38.330002,38.330002,35.900002,37.93,2042700,
NP,31.120001,31.809999,31,31.65,56000,
NPD,1.68,1.68,1.63,1.68,26600,
NPO,50.009998,50.549999,49.669998,50.330002,147400,
NPSP,15.46,15.57,15.1,15.3,1243900,
NPTN,8.09,8.3,7.82,8.3,71000,
NQ,8.02,8.44,7.98,8.39,510300,
NR,10.81,11.28,10.73,11.26,579800,
NRF,8.500003,8.959999,8.500003,8.850001,6154800,
NRG,26.41,26.790001,26.030001,26.690001,3960000,
NRGM,22.15,22.53,22.01,22.38,57900,
NRGY,23.08,23.37,22.8,23.34,264900,
NRP,22.22,22.54,21.910001,22.44,10800,
NRT,25.5,25.58,25.209999,25.27,37500,
NRZ,6.01,6.53,5.85,6.49,2691500,
NS,44.09,44.23,42.900002,44.049999,455700,
NSC,75.610001,77.07,75.25,77,1576800,
NSH,25.139999,25.629999,24.67,25.450001,246400,
NSIT,18.93,19.459999,18.82,19.370001,70200,
NSM,40.779999,42.27,40.779999,41.970001,547200,
NSP,30.66,31.129999,30.52,31.030001,55500,
NSPH,3.65,3.83,3.6,3.77,27700,
NSR,47.869999,49,47.849998,48.939999,291600,
NSU,3.59,3.61,3.43,3.51,724400,
NTAP,38.23,38.540001,37.700001,38.450001,5715300,
NTCT,24.08,24.25,23.93,24.25,131800,
NTE,6.9,7.09,6.9,7.06,238600,
NTES,60.610001,61.689999,59.830002,61.299999,651500,
NTGR,32.459999,33.040001,32.150002,32.889999,177900,
NTI,25.5,25.780001,25.18,25.530001,673000,
NTLS,15.49,16.02,15.4,15.81,159300,
NTRI,9.16,9.58,9.1,9.45,261800,
NTRS,56.560001,57.689999,56.509998,57.66,937100,
NTSP,16.08,16.08,15.98,16.03,165900,
NTT,25.34,25.57,25.27,25.559999,369500,
NTWK,10.3,10.44,9.91,10.42,181980,
NU,41.13,41.97,41.11,41.93,1162900,
NUAN,18.799999,19.059999,18.610001,18.98,3925300,
NUE,43.560001,45.450001,43.560001,45.240002,3576300,
NUS,60.740002,61.709999,60,61.610001,524400,
NUVA,21.799999,22.059999,21.6,22.059999,356000,
NVAX,1.93,1.95,1.88,1.95,1613900,
NVDA,14,14.44,13.99,14.37,5906400,
NVDQ,14.7,14.89,14.43,14.44,94600,
NVE,23.51,23.62,23.505,23.58,5144100,
NVMI,9.63,9.76,9.6,9.74,172800,
NVO,165.569992,168.579998,165.240002,167.369995,823000,
NVS,72.379997,72.900002,72.260002,72.769997,979400,
NVTL,3.82,3.96,3.74,3.93,188900,
NWBI,12.31,12.56,12.3,12.5,353200,
NWBO,3.47,3.6,3.43,3.53,121900,
NWE,40.150002,40.73,40.02,40.619999,134800,
NWL,26.57,27.27,26.360001,27.139999,1510900,
NWN,42.68,43.130001,42.52,43.040001,90100,
NWPX,27.65,28.07,27.59,27.99,15700,
NWS,30.7,31.96,30.46,31.8,6685000,
NWSA,30.8,31.83,30.33,31.68,23425300,
NWY,5.49,5.58,5.4,5.55,135700,
NX,17.190001,17.83,17.07,17.76,162500,
NXPI,29.190001,30.360001,29.139999,30.309999,1254000,
NXST,28,30.290001,28,29.969999,1458200,
NXTM,13.47,13.92,13.32,13.91,223200,
NYCB,13.09,13.25,13.07,13.23,2041500,
NYMT,6.68,6.99,6.6,6.97,1247500,
NYMX,5.14,5.21,5.1,5.13,12400,
NYT,10.2,10.87,10.14,10.75,2557600,
NYX,40.13,40.82,39.97,40.81,915600,
O,43.09,44.32,43.009998,44.099998,2645800,
OAK,51.459999,52.209999,50.970001,51.889999,303500,
OAS,40.549999,41.349998,40.049999,41.18,1933200,
OB,15.15,15.31,15,15.27,100300,
OC,41.650002,42.630001,41.290001,42.43,1691500,
OCLR,1.07,1.16,1.05,1.15,992400,
OCN,44.189999,46.290001,43.810001,45.740002,2093700,
OCR,46.360001,46.919998,46.130001,46.75,782700,
OCZ,1.32,1.43,1.32,1.41,839800,
ODFL,42.700001,43.41,42.259998,43.150002,473200,
ODP,4.2,4.28,4.15,4.27,5002400,
OEF,73.029999,74.269997,72.919998,74.150002,830200,
OEH,11.6,11.85,11.5,11.72,740000,
OEX,0.345,0.345,0.345,0.345,0,
OFC,25.27,26.209999,25.23,26.16,524900,
OFG,16.969999,17.16,16.879999,17.129999,257800,
OFIX,27.82,28.219999,27.620001,28.16,143600,
OGE,66.489998,67.519997,66.110001,67.480003,876200,
OGXI,9.9,10.05,9.87,10.02,25900,
OHI,31.139999,32.150002,30.57,32.029999,1685700,
OI,26.6,28.25,26.58,28.17,1819800,
OIBR,1.98,2.01,1.91,2,191800,
OIH,42.43,43.369999,42.380001,43.310001,3597400,
OII,71.32,72.769997,70.910004,72.690002,522000,
OIL,22.17,22.540001,22.17,22.459999,288400,
OILT,47.9,48.16,47.63,47.76,11700,
OIS,90.010011,92.399999,90.010011,92.099998,1397600,
OKE,43.319999,44.69,43.219998,44.630002,1383000,
OKS,50.209999,50.209999,49.75,50.099998,483800,
OKSB,13.83,13.83,13.52,13.79,24400,
OLN,24.1,24.709999,24.040001,24.67,301000,
OMC,61.48,63.110001,61.349998,62.939999,1470200,
OMCL,19.15,19.25,18.860001,19.09,132500,
OME,9.8,9.96,9.56,9.93,52700,
OMER,4.9,5.09,4.85,5.03,114400,
OMEX,3.389999,3.449999,3.349999,3.419999,18400,
OMG,30.4,31.25,30.35,31.15,130300,
OMI,33.830002,34.59,33.630001,34.48,273600,
OMN,7.53,7.83,7.53,7.81,63900,
OMX,10.92,11.17,10.8,11.15,1419700,
ONB,13.21,13.49,13.12,13.45,233300,
ONCY,2.48,2.53,2.45,2.46,86900,
ONE,10.42,10.63,10.42,10.58,225400,
ONNN,7.88,8.18,7.82,8.18,7378400,
ONP,1.6,1.69,1.6,1.62,16900,
ONTY,1.83,1.89,1.8,1.87,266300,
ONXX,87.13,89.4,87.1,89.34,807300,
OPEN,65.83,67.525,65.29,67.14,434300,
OPK,6.66,6.8,6.61,6.8,929000,
OPLK,17.89,18.28,17.73,18.2,24800,
OPTR,14.36,14.79,14.28,14.64,508400,
ORA,23.35,23.57,22.65,23.379999,68900,
ORB,17.82,18.09,17.7565,17.98,198000,
ORBC,4.11,4.2,4.03,4.18,119600,
ORBK,11.91,12.3,11.84,12.09,117500,
ORCL,33.470001,34.32,33.41,34.25,15727400,
OREX,6.37,6.46,6.2,6.44,64000,
ORI,12.79,13.06,12.75,13.05,1221900,
ORIG,16.75,17.049999,16.6,16.91,201900,
ORIT,15.03,15.35,15.01,15.34,58400,
ORLY,110.290001,111.809998,109.860001,111.449997,470400,
ORN,12.19,12.39,12.06,12.3,97300,
OSGIQ,3.18,3.2,3.1,3.18,861000,
OSIR,10.22,10.22,10.04,10.19,50900,
OSIS,54.950001,56.75,54.380001,56.709999,303100,
OSK,37.110001,38.27,36.73,38.060001,368600,
OSTK,26.85,27.75,26.6,26.99,271800,
OSUR,4.19,4.22,4.1,4.15,299000,
OSX,250.27,255.29,250.24,255.01,0,
OTEX,71.669998,73.639999,70.959999,73.239998,704400,
OTTR,27.85,28.24,27.51,28.190001,73700,
OVTI,18.799999,19.08,18.68,19.049999,673000,
OVX,22.72,23.43,21.47,21.47,0,
OWW,7.55,7.8,7.4,7.75,625900,
OXF,2.57,2.62,2.51,2.55,29000,
OXM,64.190002,66.139999,63.880001,65.730003,95500,
OXY,91.010006,93.530007,90.810004,93.040003,4156800,
OZM,10.57,10.95,10.52,10.9,542100,
OZRK,43.619999,44.130001,43.400002,43.900002,204400,
P,14.92,15.28,14.71,15.23,4523300,
PAA,54.75,55.040001,54.41,54.939999,673900,
PAAS,12.01,12.3,11.98,12.28,1626000,
PAC,47.75,48,47.049999,47.380001,74100,
PACB,2.66,2.72,2.57,2.72,630700,
PACD,9.47,9.6,9.35,9.59,18100,
PACR,6.54,6.6,6.4599,6.6,108400,
PACT,6.76,6.84,6.72,6.79,145806,
PACW,28,28.5,27.83,28.469999,156600,
PAG,31.32,32.060001,31.25,32.049999,195200,
PAL,1.1,1.12,1.09,1.1,812418,
PANL,26.95,27.8,26.8,27.72,434900,
PANW,45.290001,45.75,45,45.209999,457800,
PATH,2.85,2.9,2.8,2.81,99700,
PAY,16.09,16.459999,16.059999,16.4,3208400,
PAYX,36.630001,37.209999,36.48,37.110001,1602900,
PB,48.790001,49.860001,48.41,49.790001,156000,
PBA,31.25,31.83,31.200001,31.790001,171400,
PBCT,13.63,13.87,13.58,13.86,1890000,
PBF,26.77,26.91,26.25,26.75,965600,
PBH,30.02,30.299999,29.83,30.120001,239100,
PBI,14.27,14.65,14.09,14.59,1813800,
PBJ,24.540001,24.84,24.41,24.83,28200,
PBNY,9.2,9.2,9.15,9.19,62300,
PBR,15.68,16.440001,15.65,16.360001,16048700,
PBR.A,17.01,17.86,16.93,17.74,5427400,
PBT,13.05,13.12,12.95,13.1,84000,
PBTH,6.12,6.29,6.08,6.23,197900,
PBW,5.21,5.34,5.2,5.33,507800,
PBY,12,12.1,11.95,12,406500,
PCAR,52.439999,54.130001,52.330002,53.900002,1065700,
PCCC,15.66,16,15.01,15.8,53600,
PCEF,24.34,24.85,24.059999,24.85,196500,
PCG,44.279999,44.939999,44.23,44.869999,1838400,
PCH,42.080002,42.98,41.52,42.82,198400,
PCL,46.68,47.889999,46.259998,47.790001,843200,
PCLN,805.429993,815.890015,803.48999,814.820007,460500,
PCOM,19.719999,19.84,19.6,19.68,15200,
PCP,216,220.550003,215.960007,220.220001,487200,
PCRFY,7.71,7.92,7.7,7.88,105300,
PCRX,29.82,30.530001,29.290001,30.26,341700,
PCTI,7.81,7.88,7.75,7.84,33300,
PCXCQ,0.1661,0.1685,0.142,0.16,478500,
PCY,27.93,28.5,27.92,28.459999,1627000,
PCYC,87.91,88.65,87.02,87.82,387700,
PDCE,50.099998,52.209999,49.48,52.09,275800,
PDCO,38.540001,39.139999,38.470001,39.049999,502200,
PDFS,18.5,18.74,18.48,18.74,79200,
PDH,12.14,12.39,12.02,12.31,131100,
PDLI,7.82,7.97,7.74,7.91,1349400,
PDM,17.639999,18.290001,17.620001,18.219999,738100,
PDP,31.209999,31.85,31.18,31.799999,234000,
PDS,8.79,8.87,8.74,8.81,1496900,
PEB,25.07,25.940001,25.040001,25.709999,347900,
PEG,32.060001,32.619999,32.060001,32.580002,2901000,
PEGA,31.780001,33.099998,31.780001,32.650002,451800,
PEI,18.68,19.309999,18.57,19.23,338100,
PEIX,3.83,3.84,3.68,3.79,248400,
PENN,54.719999,54.84,54.2,54.469996,2571500,
PEP,82.059998,82.239998,81.25,81.980003,5410700,
PER,14.72,14.94,14.68,14.9,142600,
PERI,12.71,12.9,12.38,12.74,296700,
PERY,21.82,22,21.66,21.959999,38100,
PES,6.54,6.82,6.52,6.79,420100,
PETM,67.64,69,67.23,68.93,785000,
PETS,13,13.05,12.75,12.88,213200,
PF,25.1,25.219999,24.530001,25.120001,241800,
PFE,28.370001,29.15,28.35,29.08,72314600,
PFF,38.5,39.290001,38.130001,39.189999,6354000,
PFG,38.02,38.77,37.889999,38.669998,1167900,
PFMT,11.24,11.35,11.16,11.29,75200,
PFPT,22.549999,22.959999,21.9,22.93,201000,
PFS,14.99,15.23,14.87,15.22,84700,
PFSI,20.969999,21.030001,20.5,21.030001,285100,
PFSW,4.13,4.13,3.97,4.04,47900,
PG,77.540001,78.690002,77.139999,78.43,6927700,
PGF,17.57,17.9,17.379999,17.889999,1995900,
PGH,5,5.07,4.98,5.05,1260500,
PGI,11.75,12,11.71,11.96,80800,
PGJ,20.950001,21.299999,20.950001,21.299999,24600,
PGNX,4.78,5.05,4.65,5,513000,
PGR,24.6,24.870001,24.5,24.83,3665700,
PGTI,8.15,8.42,8.1,8.39,284600,
PGX,14.06,14.33,13.92,14.29,2410500,
PH,96.919998,98.410004,96.290001,98.019997,837400,
PHB,19,19.120001,18.959999,19.110001,357800,
PHG,28.200001,28.66,28.139999,28.6,385300,
PHH,20.200001,20.690001,20.17,20.639999,375000,
PHM,20,21.02,19.98,20.940001,6870900,
PHMD,16.710001,16.95,16.54,16.94,11900,
PHO,22.26,22.73,22.26,22.68,90200,
PICO,22.15,22.27,22,22.1,122100,
PID,16.77,17.02,16.73,17.01,186000,
PIE,18.280001,18.67,18.25,18.67,601300,
PII,94.07,95.269997,92.769997,95.010002,416100,
PIKE,12.32,12.5,12.25,12.45,502600,
PIN,16.57,16.9,16.57,16.889999,877500,
PIP,1.61,1.62,1.56,1.59,305400,
PIR,23.549999,24.370001,23.549999,24.26,1301700,
PJC,32.700001,34.23,32.630001,34.200001,76200,
PKD,4.33,4.63,4.33,4.62,793800,
PKE,23.66,24.08,23.58,23.879999,24000,
PKG,48.279999,49.09,48.139999,48.919998,604200,
PKI,32.599998,33.52,32.200001,33.419998,1435100,
PKT,13.76,13.92,13.47,13.86,206100,
PKX,68.949997,69.940002,68.900002,69.800003,291300,
PKY,16.530001,16.93,16.440001,16.73,1023100,
PL,38.04,38.8,37.69,38.7,262800,
PLAB,7.31,7.64,7.27,7.59,297000,
PLCE,54.66,55.41,54.290001,55.330002,351800,
PLCM,11.01,11.57,11,11.55,1789300,
PLD,37.34,38.380001,37,38.27,3632400,
PLL,66.639999,68.199997,66.410004,68.050003,478800,
PLOW,13.71,13.88,13.61,13.68,35900,
PLT,45.490002,46.380001,45.240002,46.310001,134700,
PLTM,11.71,11.82,11.61,11.73,5500,
PLUG,0.48,0.49,0.42,0.46,6204900,
PLX,5.02,5.14,5.01,5.01,76700,
PLXS,28.940001,29.559999,28.700001,29.4,102200,
PLXT,4.68,4.75,4.66,4.73,669100,
PM,91.739998,92.769997,91.360001,92.580002,3899900,
PMC,15.49,15.85,15.25,15.83,207200,
PMCS,5.94,6.15,5.88,6.14,940600,
PMFG,6.13,6.3,6.1,6.3,47700,
PMT,20.799999,22.030001,20.75,21.969999,1138300,
PMTC,24.26,24.69,24.17,24.62,566200,
PMTI,13.37,13.43,13.31,13.43,61000,
PNC,70.839996,71.849998,70.110001,71.760002,2016600,
PNFP,25.02,25.1,24.9,25.07,103200,
PNG,20.78,20.78,20.5,20.59,72200,
PNK,18.450001,18.870001,18.23,18.75,495500,
PNM,21.9,22.15,21.68,22.030001,597400,
PNNT,11.09,11.23,11.02,11.18,413000,
PNR,57.950001,59.540001,57.299999,59.389999,1288500,
PNRA,186.509995,186.889999,184.5,185.100006,522000,
PNW,56.18,57.380001,55.880001,57.32,563800,
PNY,33.66,34.119999,33.470001,34,212500,
PODD,30.24,31.139999,30.16,30.92,414100,
POL,25.26,25.690001,25.129999,25.549999,494300,
POM,20,20.35,19.860001,20.299999,1972900,
POOL,52.720001,53.610001,52.43,53.549999,158200,
POR,29.790001,30.629999,29.709999,30.530001,1714200,
POST,44.880001,45.400002,44.59,45.02,265400,
POT,40.330002,40.84,40.099998,40.779999,3708200,
POWI,39.880001,40.360001,39.509998,40.209999,137100,
POWR,14.63,15.82,14.59,15.55,363300,
POZN,5.13,5.18,4.96,5.06,211600,
PPC,13.8,13.89,13.6,13.73,498300,
PPG,150.460007,155.899994,150.460007,155.270004,1655200,
PPH,46.32,47.16,46.23,47.150002,82300,
PPHM,1.6,1.6,1.53,1.57,1700700,
PPL,28.459999,29.01,28.450001,28.99,6441700,
PPO,43.5,43.880001,41.75,42.75,883300,
PPP,5.12,5.28,5.08,5.25,132600,
PPS,46.639999,48.189999,46.630001,48.009998,315800,
PQ,4.74,4.85,4.71,4.8,56800,
PRA,51.02,51.779999,50.919998,51.709999,237800,
PRAA,154.290001,154.700008,153.050011,154.029991,254700,
PRCP,7.46,7.51,7.38,7.42,9400,
PRE,89.400002,90.5,88.910004,90.139999,599800,
PRFT,13.28,13.75,13.28,13.7,146900,
PRGO,116.18,118.209999,115.43,118.07,804300,
PRGS,22.690001,23.370001,22.639999,23.309999,129600,
PRI,35.57,36.290001,35.5,36.189999,143300,
PRIM,19.809999,20.469999,19.790001,20.370001,143500,
PRKR,4.12,4.2,4.02,4.19,35400,
PRLB,53.860001,55.689999,53.52,55.369999,244400,
PRMW,1.75,2.07,1.74,1.94,1158200,
PRSC,28.75,29.4,28.65,29.040001,215000,
PRSS,6.41,6.42,6.28,6.32,16800,
PRU,70.870003,71.849998,70.410004,71.699997,2402000,
PRXL,46.240002,46.529999,45.759998,46.450001,410000,
PSA,147.380005,152.690002,147.050003,152.350006,632500,
PSB,70.739998,73.82,70.739998,73.580002,73200,
PSDV,3.44,3.51,3.24,3.37,117000,
PSE,23.94,23.94,23.94,23.94,0,
PSEC,10.23,10.32,10.17,10.29,3146400,
PSEM,7.05,7.3,7.05,7.25,838100,
PSMI,10.5,10.57,10.25,10.49,120900,
PSMT,87.239998,87.550003,86.300003,87.43,58200,
PSO,18.51,18.76,18.49,18.73,137000,
PSQ,22.860001,22.92,22.5,22.549999,126200,
PST,28.360001,28.370001,28.02,28.09,74300,
PSTB,5.88,5.89,5.81,5.89,31000,
PSTI,2.82,2.86,2.81,2.82,144400,
PSUN,3.35,3.5,3.31,3.49,386500,
PSX,63.09,64.82,62.369999,64.510002,3336300,
PT,4.15,4.15,4.1,4.14,403900,
PTEN,20.02,20.809999,19.98,20.719999,1247500,
PTIE,2.39,2.46,2.37,2.39,223000,
PTM,16.620001,16.620001,16.370001,16.450001,6200,
PTP,57.32,58.14,57.04,57.98,73200,
PTR,108.25,110.360001,108.099998,110.050003,153700,
PTRY,13.76,13.98,13.68,13.93,123000,
PUK,33.360001,34.130001,33.220001,34.09,110800,
PVA,4.74,4.85,4.73,4.84,969800,
PVG,8.14,8.44,7.8,8.13,263300,
PVH,121.480003,123.199997,120.25,122.599998,3068600,
PVR,27.08,27.2299,26.55,26.93,316600,
PVTB,19.110001,19.65,19.08,19.65,213800,
PWE,11.02,11.18,10.81,11.16,2515200,
PWER,6.32,6.32,6.31,6.32,893900,
PWR,26.18,26.379999,25.77,26.26,3364800,
PWRD,16.200001,16.299999,15.81,16.1,535600,
PX,114.650002,116.889999,113.889999,116.690002,1362200,
PXD,142.800003,147.990005,142.389999,146.949997,1126500,
PZA,24.27,24.389999,24.07,24.26,743900,
PZE,4.14,4.25,4.05,4.19,95100,
PZG,1.35,1.49,1.31,1.48,676300,
PZO,128.149994,128.610001,126.339996,126.43,0,
PZZA,65.82,66.730003,65.650002,66.529999,138400,
Q,42.849998,43.09,42.529999,42.900002,500100,
QCOM,61.220001,62.119999,60.75,61.959999,11578600,
QCOR,45.1,45.75,43.5001,45.63,1966400,
QDEL,25.35,25.370001,24.940001,25.23,214100,
QEP,29.07,29.700001,28.74,29.530001,1612500,
QGEN,18.990001,19.13,18.860001,19.05,473800,
QID,23.620001,23.75,22.860001,22.969999,1216500,
QIHU,44.150002,44.299999,42.799999,43.549999,1275100,
QLD,66,68.120003,65.629997,67.790001,5190600,
QLGC,9.63,9.91,9.5,9.91,923500,
QLIK,29,29.49,28.59,29.440001,531500,
QLTI,8.15,8.15,8,8.1,55600,
QLTY,9.86,9.86,9.51,9.6,128600,
QLYS,14.83,14.84,14.48,14.56,75100,
QNST,7.53,7.78,7.5,7.77,77000,
QQEW,29.889999,30.469999,29.879999,30.43,36700,
QQQ,71.75,72.919998,71.550003,72.760002,28221500,
QRE,16.6,16.62,16.32,16.59,473900,
QSII,17.530001,18.129999,17.450001,18.120001,376800,
QTM,1.48,1.48,1.39,1.44,1929900,
QTWW,0.6,0.6,0.59,0.6,44200,
QUAD,24.629999,24.629999,24.35,24.540001,86100,
QUIK,2.27,2.35,2.25,2.35,263900,
R,61.349998,62.450001,61.099998,62.299999,679000,
RAD,3,3.16,2.99,3.15,15544500,
RAI,47.639999,48.549999,47.619999,48.16,3503600,
RAIL,17.309999,17.559999,17.190001,17.41,70500,
RAS,7.53,7.84,7.5,7.8,461000,
RATE,14,14.13,13.82,14.08,343800,
RAVN,29.860001,30.18,29.719999,30.15,41600,
RAX,34.759998,34.91,34.16,34.5,1963900,
RBA,20.66,20.93,20.459999,20.799999,774600,
RBC,67,67.32,66.529999,67.080002,443100,
RBCAA,23,23.43,22.91,23.43,17900,
RBCN,8.18,8.2,7.76,7.88,349100,
RBS,9.83,10.08,9.76,10.05,1965600,
RBY,1.72,1.76,1.67,1.72,376400,
RCI,44.009998,45.330002,43.52,45.139999,477600,
RCII,38.150002,39.220001,38.049999,39.150002,376200,
RCL,33.5,34.490002,33.490002,34.380001,1436200,
RDA,10.66,10.9,10.46,10.53,369800,
RDC,32.509998,33.689999,32.48,33.619999,1196800,
RDEN,46.919998,47.970001,46.25,47.810001,163200,
RDI,6.15,6.29,6.15,6.29,36300,
RDN,12.82,12.88,12.4,12.86,5580200,
RDNT,2.63,2.67,2.59,2.63,84556,
RDS.A,65.81,66.47,65.76,66.34,1867300,
RDS.B,68.3,68.89,68.22,68.87,1177500,
RDWR,14.65,14.82,14.57,14.76,85200,
RDY,37.5,37.799999,37.34,37.720001,135000,
RE,126.809998,129.660004,126.43,129.550003,279500,
RECN,11.19,11.71,11.19,11.69,94100,
REDF,2.76,2.76,2.6,2.71,180900,
REE,1.86,1.92,1.86,1.9,93600,
REED,4.59,4.72,4.59,4.63,9300,
REFR,4.02,4.1,3.93,4.07,31800,
REG,50.189999,51.630001,50.119999,51.459999,593200,
REGI,12.68,13.06,12.55,12.96,292400,
REGN,237.839996,244.460007,236.279999,239.520004,551100,
RELL,11.88,12.02,11.85,11.98,25000,
REM,13.16,13.88,13.13,13.83,1594400,
REMX,10.25,10.44,10.24,10.41,17600,
REN,7.83,7.99,7.76,7.97,55900,
RENN,3.33,3.39,3.32,3.34,1624000,
RENT,23.190001,23.360001,22.700001,23.299999,50900,
RES,13.57,13.81,13.32,13.79,917200,
REV,20,20.74,19.620001,20.639999,81600,
REW,31.299999,31.299999,30.41,30.41,1200,
REXI,8.71,8.82,8.67,8.77,17500,
REXX,16.799999,17.469999,16.66,17.370001,397200,
RF,9.06,9.18,8.97,9.17,11367700,
RFMD,5.11,5.305,5.06,5.25,8179300,
RFP,14.36,14.69,14.36,14.58,148100,
RGA,65.889999,67.550003,65.769997,67.32,557900,
RGC,17.66,17.99,17.42,17.950001,555100,
RGEN,7.7,7.78,7.5,7.69,249800,
RGLD,52.369999,53.990002,52.02,53.830002,529000,
RGP,26.02,26.26,25.91,26.049999,420100,
RGR,45.700001,46.669998,44.759998,46.470001,325000,
RGS,17.51,17.65,17.370001,17.629999,384400,
RHI,33.299999,34.290001,33.139999,34.200001,661500,
RHP,34.240002,35.049999,34.18,35.02,3736300,
RHT,46.23,46.34,45.080002,45.849998,3224800,
RIC,1.83,1.83,1.73,1.78,49600,
RICK,8.7,8.82,8.7,8.76,47600,
RIG,48.369999,48.830002,48.150002,48.740002,4817200,
RIGL,3.75,3.78,3.67,3.76,486100,
RIMG,8.06,8.13,8.05,8.13,2000,
RIO,43.279999,43.799999,43.080002,43.599998,3877400,
RIOM,2.36,2.52,2.34,2.51,53500,
RJA,8.59,8.61,8.53,8.61,1361800,
RJET,10.27,10.51,10.05,10.49,195700,
RJF,41.34,42.630001,41.32,42.549999,629400,
RJI,8.19,8.25,8.17,8.25,501000,
RJN,6.55,6.62,6.52,6.61,81200,
RKT,100.400002,104.010002,100.190002,103.720001,1403000,
RKUS,11.3,11.36,10.24,10.68,1722900,
RL,173.259995,174.940002,172.75,174.429993,569100,
RLD,15.37,15.51,15.14,15.24,296200,
RLGY,46.939999,50.119999,46.720001,50.040001,2203900,
RLH,6.02,6.2,6.02,6.16,180900,
RLI,74.650002,76.150002,74.489998,76,111200,
RLJ,23.09,23.639999,22.870001,23.58,687800,
RLOC,13.67,13.67,12.89,13.05,192700,
RMBS,8.58,8.7,8.46,8.63,1121700,
RMD,46.880001,47.91,46.41,47.810001,651100,
RMTI,4.01,4.05,3.93,4,422400,
RNDY,7.42,7.67,7.42,7.59,353800,
RNF,29.91,30.08,29.129999,29.200001,298900,
RNO,13.81,13.98,13.76,13.83,34600,
RNR,84.82,85.639999,84.68,85.360001,620700,
RNST,23.6,23.68,23.360001,23.65,107100,
ROC,63.83,65.45,63.81,65.25,315911,
ROCK,15.67,16.290001,15.61,16.200001,96800,
ROCM,14.6,14.85,14.5,14.85,14700,
ROG,47.849998,48.470001,47.740002,48.290001,31700,
ROIC,13.79,14.11,13.75,14.05,531800,
ROK,84.309998,86.769997,83.260002,86.639999,760700,
ROL,24.730004,25.170001,24.689999,25.090004,148400,
ROLL,50.279999,52,49.939999,51.900002,96000,
ROM,79.300003,81.690002,78.769997,81.18,42800,
ROP,119.379997,121.790001,119.099998,121.5,244800,
ROSE,45.310001,46.540001,45.09,46.389999,463500,
ROSG,3.83,4.47,3.75,4.1,1729300,
ROST,64.199997,65.660004,63.919998,65.339996,3429800,
ROVI,24.559999,25.16,24.33,25.08,628300,
ROYL,2.78,2.97,2.71,2.71,779400,
ROYT,17.799999,18.15,17.65,18.049999,88500,
RP,17.200001,17.93,17.059999,17.459999,488300,
RPAI,14.96,14.99,14.71,14.79,1047100,
RPM,31.940001,32.779999,31.860001,32.720001,376600,
RPRX,18.280001,18.77,18.07,18.370001,127500,
RPTP,7.59,7.79,7.34,7.78,322300,
RPXC,15.24,15.95,15.2,15.95,419000,
RRC,73.239998,74.849998,72.790001,74.790001,1229100,
RRD,12.79,13.31,12.79,13.25,1521100,
RRGB,56.84,57.57,56.150002,57.119999,94900,
RRMS,35.630001,36.639999,35.119999,36.209999,2500,
RRTS,27.98,28.35,27.879999,28.209999,92100,
RS,63.970001,65.660004,63.93,65.379997,370100,
RSE,19.1,19.67,19.02,19.290001,283900,
RSG,33.330002,34.060001,33.330002,33.98,1713800,
RSH,30.515,30.515,30.515,30.515,0,
RSO,6.05,6.36,6.02,6.32,248000,
RSOL,3.01,3.14,2.84,2.87,2208100,
RSP,61.349998,62.57,61.27,62.450001,548600,
RST,15.75,15.79,15.52,15.65,220500,
RSTI,26.6,27.700001,26.549999,27.65,51000,
RSX,24.49,25.139999,24.440001,25.09,4530400,
RSYS,5.02,5.05,4.99,5.05,28000,
RT,9.49,9.78,9.4,9.67,440100,
RTEC,12.23,12.39,12.13,12.35,68100,
RTH,51.860001,52.610001,51.849998,52.560001,38400,
RTI,28.34,29.15,28.34,29.049999,146700,
RTIX,4.35,4.35,4.2,4.33,239100,
RTK,2.14,2.22,2.13,2.18,194000,
RTN,66.690002,68.129997,66.660004,67.669998,1873900,
RUE,41.95,41.95,41.73,41.83,191000,
RUSHA,25.24,26.110001,25.24,26.040001,63800,
RUSL,18.900378,20.330406,18.770375,20.290407,2000,
RUSS,23.629999,23.629999,21.67,21.67,12200,
RUT,971.75,990.869995,969.789978,989.690002,33786200,
RUTH,11.99,12.29,11.67,12.26,351800,
RVBD,15.81,16.12,15.63,16.07,1920700,
RVLT,3.72,3.99,3.61,3.94,63800,
RVM,0.81,0.84,0.77,0.79,356200,
RWM,20.73,20.809999,20.32,20.379999,340200,
RWO,42.099998,43.09,42.09,43.009998,214900,
RWR,74.910004,77.269997,74.669998,77.07,207800,
RWT,18.530001,19.370001,18.52,19.280001,1756500,
RWX,40.209999,40.93,40.209999,40.860001,357400,
RXN,18.75,18.75,18.040001,18.200001,238000,
RY,57.91,59.849998,57.66,59.529999,720300,
RYAAY,49.450001,49.690002,49.050002,49.520003,169900,
RYL,40.07,43,39.950001,42.950001,2471200,
RYN,52.049998,54.059994,51.759993,53.920003,1257900,
S,7.34,7.41,7.3,7.32,75516500,
SA,11.83,12.29,11.8,12.2,182200,
SAA,72.330002,74.330002,71.220001,74.330002,4800,
SAAS,7.63,7.66,7.42,7.61,325600,
SABA,8.87,8.97,8.84,8.9,57300,
SAFM,70.510002,70.510002,69.139999,70.019997,254900,
SAFT,51.419998,52.09,51.400002,51.93,31100,
SAH,22.23,22.68,22.139999,22.639999,156100,
SAI,0.03,0.03,0.03,0.03,10000,
SAIA,46.02,47.029996,45.700004,46.990005,153100,
SAM,165.820007,169.929993,164.240005,167.330002,64600,
SAN,7.02,7.12,7,7.09,5087200,
SAND,7.3,7.43,7.17,7.41,250700,
SANM,13.71,14.08,13.53,14.03,337500,
SAP,75.809998,76.860001,75.75,76.760002,1178700,
SAPE,12.9,13.25,12.86,13.22,668300,
SATS,39.91,40.23,39.84,40.02,105900,
SAVE,31.299999,32.299999,31.15,32.299999,331700,
SB,5.15,5.29,5.15,5.26,96700,
SBAC,73.75,75.760002,73.279999,75.629997,2183200,
SBGI,25.120001,27.379999,25.07,27.15,2948000,
SBGL,3.92,4.02,3.89,3.95,174200,
SBH,30.139999,30.530001,29.82,30.49,859600,
SBNY,76.75,78,76.5,77.989998,169600,
SBS,11.72,11.89,11.66,11.81,1310300,
SBSI,23.979994,24.190003,23.720004,24.049997,41500,
SBUX,64.540001,66.190002,64.07,65.970001,11909800,
SBY,16.84,17.700001,16.809999,17.34,575700,
SCCO,29.25,30.33,29.200001,30.24,2213400,
SCG,48.580002,49.549999,48.509998,49.459999,618900,
SCHA,43.799999,44.689999,43.68,44.57,104800,
SCHB,39.09,39.75,39,39.709999,313100,
SCHD,33.07,33.5,32.970001,33.450001,191100,
SCHE,23.379999,23.85,23.34,23.85,241800,
SCHF,27.879999,28.35,27.860001,28.33,175200,
SCHG,38.400002,39.040001,38.330002,39.02,122200,
SCHH,31.51,32.490002,31.5,32.419998,75000,
SCHL,28.82,29.57,28.77,29.450001,70700,
SCHM,31.870001,32.549999,31.84,32.509998,129300,
SCHN,24.049999,25.200001,24.049999,25.040001,197700,
SCHV,36.5,37.16,36.439999,37.130001,77100,
SCHW,19.57,20.15,19.549999,20.040001,15370900,
SCHX,38.5,39.16,38.41,39.09,305400,
SCI,17.52,17.950001,17.43,17.84,893700,
SCIF,7.81,7.89,7.69,7.88,51000,
SCLN,4.88,4.91,4.8,4.88,144800,
SCMP,7.15,7.27,7.04,7.24,87200,
SCO,37.16,37.169998,36.060001,36.27,987000,
SCOK,1.54,1.54,1.47,1.53,29500,
SCOR,22.35,23.059999,22.309999,22.940001,139500,
SCR,16.965,16.965,16.965,16.965,0,
SCS,14.02,14.38,13.91,14.33,460600,
SCSC,33.669998,34.099998,33.630001,33.91,69200,
SCSS,23.52,24.610001,23.42,24.43,1212500,
SCTY,33.950001,35.849998,33.799999,34.029999,1927900,
SCVL,23.860001,24.700001,23.860001,24.66,47300,
SCZ,43.27,43.779999,43.16,43.720001,422600,
SD,4.68,4.94,4.67,4.83,6416700,
SDIV,21.57,22.01,21.540001,21.99,606800,
SDLP,28.75,29.049999,28.42,28.709999,32400,
SDOW,43.07,43.25,41.110001,41.330002,424300,
SDR,13.27,13.38,13.04,13.19,152900,
SDRL,38.990002,39.720001,38.880001,39.619999,1977200,
SDS,40.84,41.02,39.400002,39.540001,14120400,
SDT,13.82,14.18,13.6,13.86,196400,
SDY,66.800003,67.980003,66.68,67.860001,1043200,
SE,33.610001,34.150002,33.200001,34.080002,7479200,
SEA,17.280001,17.530001,17.280001,17.52,9100,
SEAC,11.22,11.35,11.19,11.32,71400,
SEAS,36.490002,37.130001,35.639999,37.130001,232300,
SEE,23.440001,23.91,23.299999,23.860001,1142100,
SEED,1.49,1.55,1.48,1.53,27100,
SEF,23.950001,23.950001,23.41,23.41,27600,
SEIC,28.84,29.280001,28.540001,29.190001,652700,
SEM,8.16,8.26,8.1,8.24,722100,
SEMG,51.810001,53.549999,51.470001,53.310001,284400,
SEP,39.82,41.25,39.75,40.919998,659000,
SF,35.049999,35.75,34.68,35.68,204400,
SFC,92.059998,92.589996,92.019997,92.18,0,
SFD,32.71,32.87,32.71,32.81,6758291,
SFE,15.5,15.92,15.47,15.9,45100,
SFG,45.599998,46.470001,45.439999,46.330002,229000,
SFI,21400,21900,21400,21900,7100,
SFL,16.4,16.940001,16.4,16.879999,491400,
SFLY,50.259998,51.009998,49.799999,50.98,462300,
SFUN,26.359999,26.440001,25.63,25.86,753000,
SFY,13.61,13.85,13.44,13.74,803400,
SGEN,32.110001,33.130001,31.75,32.810001,878200,
SGG,57.869999,57.869999,57.5,57.5,6300,
SGI,14.07,14.18,13.9,14.07,312700,
SGMO,7.75,7.9,7.62,7.84,312200,
SGMS,11.35,11.64,11.22,11.62,334600,
SGOL,135.830002,136.710007,135.389999,136.289993,32200,
SGU,4.89,4.89,4.8,4.86,57500,
SGY,22.46,23.32,22.409999,23.26,7700,
SGYP,4.590003,4.590003,4.299999,4.390002,835400,
SH,29.57,29.629999,29.040001,29.1,2653600,
SHEN,16.799999,17.5,16.799999,17.209999,115800,
SHFL,17.62,17.95,17.55,17.89,118400,
SHLD,45.069879,47.419876,44.839879,47.209875,1126400,
SHLM,27.02,27.77,26.870001,27.76,150100,
SHO,11.11,11.82,11.08,11.79,1447800,
SHOO,48.049994,49.159996,47.73,49.150005,625600,
SHOR,3.64,3.7,3.62,3.67,620300,
SHOS,42.82,44.360001,42.049999,43.709999,390800,
SHPG,97.18,98.699997,96.959999,98.529999,163800,
SHW,178.210007,184.789993,177.5,184.479996,499800,
SHY,84.309998,84.389999,84.309998,84.370003,1568700,
SI,0.15,0.15,0.15,0.15,0,
SIAL,81.18,82.339996,80.68,82.209999,824600,
SID,2.79,3.05,2.78,3.04,20096200,
SIFY,1.87,1.88,1.86,1.88,39800,
SIG,67.029999,67.769997,67.019997,67.629997,622700,
SIGA,3.15,3.22,3.09,3.18,247200,
SIGM,5,5.04,4.71,4.94,568300,
SIL,13.509986,13.839986,13.509986,13.839986,32000,
SIM,13.12,13.63,12.97,13.53,27600,
SIMG,5.62,5.83,5.53,5.81,875500,
SIMO,10.78,11,10.65,10.94,273500,
SINA,55.509998,57.119999,55.16,56.91,1549000,
SIR,28.07,28.35,27.290001,28.26,114100,
SIRI,3.23,3.33,3.21,3.29,77079100,
SIRO,67.610001,67.610001,66.199997,66.800003,1303900,
SIVB,75.190002,76.739998,74.660004,76.610001,141300,
SIVR,21.459999,21.690001,21.35,21.559999,126900,
SIX,74.5,74.879997,73.760002,74.68,707000,
SJB,31.639999,31.639999,31.120001,31.120001,124800,
SJI,57.34,58.419998,57.07,58.349998,138400,
SJM,100.959999,102.440002,100.589996,102.169998,616800,
SJR,22.110001,22.4,21.879999,22.309999,262200,
SJT,15.5,15.68,15.4,15.66,94700,
SKF,23.629999,23.690001,22.58,22.66,161500,
SKH,6.94,7.09,6.91,7.07,132400,
SKM,20.969999,21.030001,20.73,21.02,2004200,
SKS,14.4,14.76,14.27,14.74,831500,
SKT,33.060001,34.189999,33.060001,34.189999,721000,
SKUL,5.66,5.76,5.51,5.7,212500,
SKX,21.870001,22.64,21.680001,22.6,1405500,
SKYW,13.98,14.32,13.85,14.28,202700,
SKYY,21.129999,21.469999,21.110001,21.440001,42300,
SLAB,41.07,41.459999,40.689999,41.419998,286100,
SLB,71.110001,72.57,71,72.459999,6800300,
SLCA,21.700001,21.860001,21.09,21.780001,959800,
SLF,29.1,29.700001,28.879999,29.540001,295000,
SLG,87.589996,89.959999,87.080002,89.669998,1012900,
SLGN,46.580002,47.68,46.470001,47.5,131800,
SLH,54.68,55.5,54.599998,55.349998,178100,
SLM,23.300011,23.339994,23.189993,23.259998,20173000,
SLRC,22.879999,23.15,22.67,23.07,241100,
SLT,36.67,36.67,36.67,36.67,0,
SLV,20.98,21.200001,20.84,21.040001,10104400,
SLW,22.99,23.450001,22.77,23.219999,4044200,
SLX,39,40.400002,39,40.279999,37900,
SLXP,65.5,66.98,65.1,66.79,525000,
SM,61.43,62.59,61.360001,62.349998,441000,
SMA,1.35,1.37,1.35,1.35,5200,
SMFG,8.62,8.75,8.55,8.74,881800,
SMG,46.849998,47.849998,46.73,47.810001,189800,
SMH,37.349998,38.110001,37.169998,38.02,1944800,
SMLP,33.98,34.310001,33.360001,33.939999,42900,
SMN,49.889999,50.419998,48,48.290001,45400,
SMP,34.27,34.830002,33.799999,34.790001,106500,
SMRT,13.26,13.58,13.18,13.58,148700,
SMS,0.52,0.52,0.5,0.5,500,
SMSI,1.24,1.24,1.21,1.23,9800,
SMT,1.35,1.36,1.3,1.32,127200,
SMTC,34.919998,35.75,34.73,35.66,237600,
SN,21.540001,22.639999,21.51,22.48,791000,
SNA,89.199997,91.169998,88.779999,90.879997,207500,
SNAK,7.99,8,7.85,8,25300,
SNCR,31.52,31.870001,31.26,31.809999,78100,
SNDK,58.599998,59.669998,58.009998,59.419998,2262600,
SNE,20.73,21.059999,20.27,21.030001,10546500,
SNH,25.280001,26.059999,25.219999,25.98,1484800,
SNHY,30.82,31.66,30.66,31.4,45600,
SNI,64.400002,66.980003,64.019997,66.75,1218500,
SNP,92.65,94.43999,92.65,93.769995,108900,
SNPS,36.110001,36.779999,35.91,36.630001,552700,
SNSS,4.88001,5.07001,4.710009,5.04001,103200,
SNTA,4.11,4.14,4.01,4.07,1415200,
SNTS,19200,19200,19200,19200,6900,
SNV,2.650053,2.710054,2.650053,2.700054,609700,
SNX,41.450001,42.41,40.970001,42.139999,232200,
SNY,53.209999,53.990002,53.060001,53.990002,371300,
SO,43.91,44.66,43.779999,44.650002,4084300,
SODA,70.529999,72.309998,68.800003,71.980003,718400,
SOHU,63.639999,64.059998,62.689999,63.810001,459500,
SOL,1.91,2.07,1.91,2.07,572200,
SON,34.549999,35.369999,34.549999,35.290001,213700,
SONC,14.43,14.66,14.21,14.59,380800,
SONS,3.34,3.41,3.25,3.38,277100,
SORL,2.62,2.68,2.6,2.68,6700,
SOX,458.83,468.08,456.5,467.38,0,
SOXL,43.919998,47.029999,43.709999,46.84,946000,
SOXS,17.25,17.290001,15.98,16.07,30100,
SOXX,62.259998,63.639999,62.119999,63.549999,128800,
SOYB,24.700001,24.84,24.469999,24.84,10200,
SPAR,5.91,6.08,5.9,6.07,67800,
SPB,60.630001,62.119999,60.119999,61.799999,103100,
SPF,8.36,8.94,8.33,8.9,4649300,
SPG,159.799992,165.749992,158.860005,165.100004,1979000,
SPH,46.279999,46.799999,46.060001,46.450001,113700,
SPIL,5.76,5.83,5.73,5.81,1085900,
SPLK,43.650002,43.869999,43.110001,43.810001,751400,
SPLS,15.51,15.85,15.49,15.69,6842400,
SPLV,30.799999,31.34,30.780001,31.309999,1708300,
SPN,26.219999,26.959999,26.09,26.889999,1339800,
SPNC,19.040001,19.1,18.57,18.75,243400,
SPP,2.08,2.17,2.01,2.01,2200,
SPPI,8.03,8.29,7.91,8.24,445600,
SPR,21.18,21.469999,21.129999,21.389999,1274200,
SPRD,21.83,22.01,20.48,20.97,5953300,
SPRT,4.54,4.61,4.44,4.61,110000,
SPSC,52.540001,53.380001,52.490002,52.919998,58400,
SPTN,18.690001,19.51,18.690001,19.440001,44700,
SPU,2.14,2.17,2.12,2.14,1900,
SPW,76.139999,77.169998,76.139999,76.82,444900,
SPWR,19.09,19.950001,18.76,19.73,2596600,
SPX,1612.150024,1639.25,1608.069946,1636.359985,3378620000,
SPXL,42.16,44.369999,41.889999,44.130001,2445200,
SPXS,10.91,10.98,10.33,10.4,1037100,
SPXU,24.559999,24.73,23.280001,23.42,1776200,
SPY,161.660004,164.5,161.300003,164.210007,163587800,
SQI,21.9,22.280001,21.23,22.1,44800,
SQM,42.909996,44.449998,42.830001,44.369995,541300,
SQNM,4.21,4.56,4.18,4.41,4980900,
SQQQ,28.639999,28.879999,27.26,27.459999,740100,
SRC,19.470009,19.709995,19.350007,19.549992,2180900,
SRCL,105.629997,106.959999,105.5,106.870003,416300,
SRDX,21.950001,22.620001,21.530001,22.49,55500,
SRE,78.360001,80.07,78.129997,79.980003,629200,
SREV,8.6,8.79,8.46,8.77,290300,
SRI,10.93,11.31,10.87,11.23,322900,
SRPT,37.259998,38.77,36.91,38.48,760200,
SRS,22.35,22.379999,20.809999,20.93,113100,
SRT,4.7,4.79,4.7,4.75,9400,
SRTY,20.469999,20.700001,19.24,19.389999,286400,
SSD,28.049999,28.74,28.030001,28.559999,274200,
SSG,29.24,29.24,27.460001,27.460001,1800,
SSH,5.58,5.59,5.43,5.47,33700,
SSI,22.610001,22.690001,22.299999,22.639999,246900,
SSL,41.950001,43.259998,41.93,43.189999,387800,
SSN,0.45,0.46,0.42,0.45,39100,
SSNC,31.77,32.200001,31.32,31.969999,489800,
SSO,77.440002,80.139999,77.089996,79.870003,10927800,
SSP,13.519999,15.159998,13.429996,15.099997,790100,
SSRI,7.19,7.46,7.15,7.46,755300,
SSS,63.419998,65.650002,63.200001,65.410004,78400,
SSW,22.700001,22.969999,22.51,22.889999,56500,
SSYS,81.629997,83.459999,81,83.239998,470000,
ST,34.959999,35.59,34.75,35.459999,647800,
STAA,9,9.08,8.92,8.98,70400,
STAG,20.5,20.940001,20.48,20.799999,349400,
STB,6.35,6.35,6.25,6.33,34800,
STBA,19.34,19.620001,19.27,19.51,40100,
STBZ,15.06,15.24,15,15.14,63000,
STC,26.299999,26.969999,26.18,26.92,170900,
STE,43.799999,43.919998,43.48,43.799999,514800,
STEC,3.51,3.5745,3.48,3.49,283000,
STEI,13.06,13.08,13.05,13.06,1104200,
STEL,18.55,19.405,18.55,19.4,140200,
STFC,18.280001,18.41,18.02,18.299999,27300,
STI,31.360001,32.02,31.280001,31.950001,3749800,
STJ,44.459999,45.099998,43.720001,45.060001,1493200,
STKL,7.45,7.62,7.45,7.62,165100,
STLD,14.44,15.14,14.41,15.05,2580800,
STM,9.28,9.63,9.22,9.62,1490100,
STMP,37.240002,38.57,36.889999,38.34,148900,
STNG,8.66,8.86,8.59,8.82,519600,
STO,21.98,22.15,21.91,22.1,1214600,
STON,25.65,25.99,25.09,25.91,113500,
STP,0.5,0.5,0.47,0.485,477600,
STR,23.5,24.02,23.5,23.98,1119900,
STRA,53.790001,54.560001,53.18,54.5,84500,
STRI,2.529975,2.719973,2.449976,2.679973,31900,
STRL,10.08,10.14,10,10.12,20000,
STRM,6.27,6.27,6.03,6.2,98000,
STRZA,21.940001,22.99,21.940001,22.85,1822000,
STSA,21.67,22.25,21.62,22.1,129900,
STSI,1.43,1.46,1.38,1.41,772700,
STT,64.739998,66.470001,64.660004,66.410004,3715200,
STV,1.55,1.61,1.51,1.61,305000,
STWD,24.859997,25.900003,24.829995,25.740005,2410800,
STX,43.669998,44.099998,43.150002,43.98,2932100,
STZ,51.5,52.110001,51.09,52.009998,1220900,
SU,30.17,30.9,30.07,30.790001,3998800,
SUI,47.889999,49.279999,47.75,49.099998,152900,
SUNE,7.83,7.99,7.67,7.97,4049100,
SUP,17.75,18.25,17.33,18.15,60500,
SUPN,6.53,6.62,6.4,6.48,151200,
SUPX,22.22,22.83,21.92,22.8,31200,
SURG,3.72,3.72,3.59,3.61,61800,
SUSP,28.02,28.43,27.72,28.24,35100,
SUSQ,11.75,12.05,11.67,12.05,567000,
SUSS,47.46,49.14,47.21,49.12,158300,
SUTR,1.85,1.87,1.75,1.79,117200,
SVA,3.99,4.07,3.98,4.03,101400,
SVM,2.9,2.96,2.85,2.95,417200,
SVN,16.05,16.05,16.05,16.05,0,
SVNT,0.68,0.88,0.68,0.79,2431900,
SVO,368.0719,369.693,365.2741,369.3919,0,
SVU,6.31,6.41,6.05,6.41,3186800,
SVXY,78.540001,82.790001,77.580002,82.419998,3555200,
SWC,12.02,12.37,11.88,12.3,1294400,
SWFT,16.6,16.91,16.5,16.639999,1424700,
SWHC,9.11,9.31,9.09,9.3,1568000,
SWI,39.5,39.57,39,39.48,796900,
SWIR,11.88,12.48,11.64,12.31,257200,
SWK,78.589996,79.68,78.029999,79.449997,1021600,
SWKS,20.940001,22.09,20.870001,21.98,4660400,
SWM,49.619999,50.639999,49.509998,50.48,100800,
SWN,36.549999,37.119999,36.330002,36.959999,2298000,
SWSH,0.93,0.96,0.9,0.94,35400,
SWX,47.330002,48.23,47.23,48.150002,138000,
SWY,24.5,24.57,22.02,22.22,46915500,
SXC,14.91,15.29,14.82,15.29,700500,
SXCP,21.91,22.809999,21.76,22.65,61600,
SXE,22.860001,22.98,22.74,22.85,19000,
SXI,52.450001,53.759998,51.880001,53.07,45700,
SXL,63.290001,63.900002,62.549999,63.57,264400,
SXT,40.150002,40.98,39.740002,40.889999,80500,
SYA,15.13,15.48,15.06,15.45,440300,
SYK,66.32,67.790001,65.809998,67.720001,783100,
SYKE,15.5,15.79,15.31,15.76,218100,
SYMC,22.1,22.540001,21.98,22.49,9999700,
SYNA,37.68,38.34,36.009998,38.25,1337000,
SYNC,3.17,3.3,3.1,3.27,153400,
SYNT,63.970001,65.419998,63.650002,65.290001,177800,
SYRG,6.4,6.43,6.23,6.37,534300,
SYT,77.68,78.959999,77.540001,78.879997,158400,
SYX,9.45,9.59,9.4,9.57,20000,
SYY,34.290001,34.599998,34.060001,34.549999,3116700,
SZYM,11.54,11.75,11.21,11.64,357400,
T,35.610001,36.389999,35.610001,36.299999,20142600,
TA,10.5,10.62,10.38,10.49,147400,
TAHO,13.78,13.98,13.57,13.88,73800,
TAL,10.4,10.57,10.25,10.41,52100,
TAM,20.02,20.34,19.68,20.01,74300,
TAN,23.450001,24,23.35,23.9,146700,
TAO,20.16,20.700001,20.16,20.68,92800,
TAOM,3.96,4.02,3.95,4.01,17900,
TAP,49.560001,49.939999,49.18,49.84,1466700,
TASR,9.38,9.47,9.33,9.41,237600,
TAST,6.01,6.15,5.98,6.14,166100,
TAT,0.8,0.8,0.79,0.79,8900,
TAXI,13.67,13.95,13.46,13.89,176200,
TAYC,16.65,16.79,16.49,16.79,110100,
TBBK,13.85,14.18,13.79,14.13,98900,
TBF,30.75,30.83,30.43,30.440001,1312700,
TBI,22.530001,23.219999,22.530001,23.110001,158700,
TBT,69.32,69.760002,67.949997,68.18,6760200,
TC,3.29,3.42,3.28,3.42,822600,
TCAP,27.41,27.790001,27.01,27.66,225600,
TCB,14.02,14.24,13.97,14.23,711900,
TCBI,44,44.549999,43.41,44.540001,236700,
TCK,23.5,24.43,23.41,24.34,3838100,
TCO,77.019997,79.5,76.720001,79.209999,517200,
TCP,43.950001,44.009998,43.450001,43.77,158300,
TCPC,15.58,16,15.55,15.94,180500,
TCRD,14.93,15.12,14.64,15.01,329100,
TD,79.589996,81.309998,79.209999,80.93,1429800,
TDC,55.66,57.099998,55.41,56.93,876700,
TDG,142.919998,146.580002,142.919998,145.679993,751700,
TDIV,22.110001,22.48,22.059999,22.459999,85000,
TDS,22.969999,23.629999,22.969999,23.540001,462100,
TDW,55.98,57.509998,55.98,57.400002,274200,
TDY,73.769997,75.769997,73.360001,75.669998,66500,
TE,17.190001,17.360001,17.01,17.35,3136500,
TEAR,10.850001,11.84,10.720001,11.720001,127000,
TECD,49.049999,49.959999,48.470001,49.689999,115700,
TECH,65.889999,67.07,65.779999,66.970001,129000,
TECL,59.880001,62.639999,59.700001,62.27,314400,
TECS,34.900002,34.900002,33.310001,33.439999,9500,
TECUA,10.16,10.5,10.05,10.42,41200,
TEF,13.44,13.55,13.38,13.52,938200,
TEG,56.48,57.529999,56.419998,57.400002,425500,
TEL,44.669998,45.740002,44.490002,45.619999,867200,
TEN,44.389999,45.970001,44.25,45.790001,480100,
TEO,15.41,15.79,15.11,15.42,287800,
TEP,21.209999,21.4,21.209999,21.389999,111900,
TER,17.15,17.620001,17.030001,17.6,1671600,
TESO,12.47,12.76,12.41,12.72,165400,
TEU,4.02,4.05,4.02,4.04,83000,
TEVA,38.939999,39.52,38.509998,39.389999,2719100,
TEX,31.18,32.490002,30.93,32.389999,1799000,
TFM,52.040001,52.549999,51.32,52.299999,337200,
TFSL,11.11,11.11,10.96,11.05,171600,
TFX,77.269997,77.860001,76.739998,77.779999,171300,
TG,24.92,25.809999,24.92,25.700001,46400,
TGA,7.05,7.2,7.05,7.17,32400,
TGB,1.95,1.99,1.93,1.98,356500,
TGH,37.939999,38.259998,37.720001,37.939999,80500,
TGI,78.5,79.470001,78.279999,79.120003,240000,
TGP,41.52,42.09,41.5,41.970001,143800,
TGT,69.43,69.809998,69.110001,69.589996,3183600,
THC,46,47.200001,45.41,47.130001,1475000,
THG,48.209999,48.669998,48,48.490002,257800,
THI,52.69,53.13,52.4,53.13,454600,
THLD,5.43,5.52,5.29,5.44,343600,
THM,0.8,0.81,0.78,0.8,119700,
THO,47.040001,47.880001,47,47.77,415300,
THOR,31.200001,32.549999,31,32.529999,703500,
THRM,18.559999,19.18,18.4,19.15,631300,
THRX,35.820001,36.209998,34.939998,35.380005,1952300,
THS,66.129997,67.400002,65.650002,67.160004,70200,
TI,7.23,7.27,7.15,7.27,143100,
TIBX,20.7,21.42,20.52,21.24,3368800,
TICC,9.33,9.58,9.26,9.48,746800,
TIF,76.07,76.209999,74.279999,75.339996,2099100,
TILE,16.85,17.6,16.77,17.48,387100,
TINY,3.23,3.27,3.21,3.27,83500,
TIP,113.980003,114.589996,113.519997,114.57,2234400,
TISI,35.98,36.709999,35.799999,36.68,90000,
TITN,20.1,20.65,20,20.629999,225100,
TIVO,24.559999,25.16,24.33,25.08,628300,
TJX,50.049999,51.25,49.830002,51.18,4126900,
TK,39.099998,39.610001,39.049999,39.48,213000,
TKC,14.87,14.93,14.66,14.84,483000,
TKR,56.379999,57.900006,56.340004,57.719998,773800,
TLAB,2.16,2.22,2.15,2.21,1789700,
TLH,129.539993,130.479996,129.539993,130.399994,32600,
TLK,40.189999,41.169998,40,40.990002,478300,
TLLP,58.709999,59.549999,57.740002,57.799999,69800,
TLM,11.34,11.62,11.34,11.58,2773400,
TLP,41.709999,41.709999,40.580002,40.900002,41500,
TLT,113.07,114.169998,112.889999,114.089996,12506300,
TLYS,16.24,16.25,15.91,15.98,46900,
TM,119.169998,121.349998,119.010002,121.300003,449600,
TMF,58.549999,60.18,58.240002,59.990002,496000,
TMH,39.639999,40.450001,39.299999,40.389999,290800,
TMHC,23.719999,25.139999,23.700001,24.870001,555100,
TMK,64.540003,65.440006,64.199999,65.290003,585800,
TMO,84.989998,85.550003,83.370003,85.349998,2426500,
TMUS,21.049999,21.99,20.950001,21.84,4448900,
TMV,60.779999,61,58.990002,59.220001,885800,
TNA,46.900002,49.73,46.380001,49.41,11234200,
TNAV,5.17,5.25,5.12,5.15,322400,
TNC,50.060001,51.610001,50.060001,51.5,28400,
TNGO,15.78,15.86,15.44,15.75,323000,
TNK,2.62,2.78,2.61,2.78,280200,
TNP,4.77,4.88,4.73,4.86,107300,
TOL,31.719999,33.240002,31.59,33.040001,4742900,
TOO,32,32.43,31.74,32.310001,93800,
TOT,49.68,50.099998,49.59,49.950001,938000,
TPC,16.799999,17.48,16.790001,17.43,77600,
TPH,16.549999,16.84,16.200001,16.719999,123400,
TPLM,6.53,6.91,6.5,6.87,730800,
TPX,42.669998,44.759998,42.279999,44.48,952000,
TQNT,6.73,6.94,6.66,6.91,2204700,
TQQQ,67.699997,70.970001,67.150002,70.440002,6320800,
TR,31.63009,32.450084,31.63009,32.360097,46100,
TRAK,32.610001,33.150002,32.450001,33.110001,128200,
TRC,29.879998,30.510002,29.879998,30.439998,27900,
TREX,49.889999,50.740002,47.689999,50.549999,423600,
TRGP,65.050003,66.059998,64.889999,65.959999,163600,
TRGT,4.91,5.21,4.78,5.18,578200,
TRI,32.849998,33.200001,32.68,33.16,1087800,
TRIB,17.139999,17.139999,16.950001,17.02,22900,
TRIP,63.59,64.540001,63.200001,64.510002,1208100,
TRLA,28.14,30.18,27.52,29.8,713200,
TRLG,31.74,31.87,31.71,31.84,133200,
TRMB,26.059999,26.200001,25.639999,26,2107600,
TRMK,24.299999,24.77,24.17,24.700001,289300,
TRN,38.130001,39.110001,38.130001,38.990002,1679200,
TRNX,15.98,16.35,15.42,16.35,169700,
TROW,72.459999,74.370003,72.239998,74.349998,1033000,
TROX,21.209999,21.73,20.469999,21.68,494200,
TRP,45.200001,46.560001,44.889999,46.439999,969000,
TRQ,6.149998,6.400004,6.149998,6.350006,2958000,
TRS,33.810002,34.240001,33.609999,34.090001,200300,
TRV,81.519997,82.830002,80.910004,82.800003,1655100,
TRW,62.77,65.04,62.75,64.9,781700,
TRX,3.05,3.16,3.05,3.13,206400,
TS,40.75,41.549999,40.75,41.509998,1178600,
TSCO,112.5,114.639999,112.010002,114.5,447400,
TSL,5.45,5.68,5.4,5.64,2014400,
TSLA,99,99.279999,95.120003,98.18,5961600,
TSM,18.17,18.309999,17.99,18.27,10935400,
TSN,25.4,25.790001,25.370001,25.709999,2340700,
TSO,57.139999,58.389999,56.540001,58.32,2535000,
TSPT,2.99,3,2.9,2.96,85900,
TSRA,20.49,20.889999,20.209999,20.85,210700,
TSRX,8.71,8.81,8.45,8.7,924200,
TSS,22.940001,23.950001,22.91,23.76,2675600,
TSU,18.65,19.16,18.639999,19.120001,1009500,
TSYS,2.3,2.34,2.27,2.33,85900,
TTC,46.380001,47.740002,46.310001,47.619999,369000,
TTCMY,6.25,6.25,6.16,6.17,26500,
TTEC,23.73,24.280001,23.65,24.26,140900,
TTEK,26.98,27.15,26.57,26.68,425900,
TTI,10.41,10.86,10.33,10.86,367100,
TTM,24.77,25.17,24.559999,25.1,841500,
TTMI,8.05,8.26,8,8.26,117700,
TTS,28.51,29.58,28.299999,29.219999,243400,
TTT,78.620003,78.620003,76.300003,76.510002,129200,
TTWO,15.35,15.52,15.06,15.5,4388500,
TU,32.990002,34.32,32.860001,34.139999,214400,
TUES,10.07,10.6,10.07,10.52,797600,
TUMI,23.969999,24.309999,23.67,24.23,199600,
TUP,79.400002,81.050003,79.080002,80.889999,410100,
TV,23.42,23.73,23,23.709999,2841400,
TVL,2.45,2.69,2.45,2.69,3300,
TW,74.93,76.080002,74.870003,75.919998,152300,
TWC,94.07,96.400002,93.57,96.150002,1523900,
TWER,2.2,2.23,2.13,2.23,26300,
TWGP,19.51,19.94,19.49,19.88,270700,
TWI,17.889999,18.24,17.84,18.02,1090300,
TWIN,23.74,24.49,23.74,24.34,4300,
TWM,18.33,18.450001,17.559999,17.66,797100,
TWO,10.38,11.01,10.33,10.92,6939400,
TWTC,28.33,28.85,28.33,28.85,861900,
TWX,56.210002,58,55.860001,57.909997,6399800,
TX,22.34,22.85,22.34,22.799999,255400,
TXCC,0.42,0.43,0.42,0.42,249000,
TXI,64.67,68.01,64.08,67.91,135300,
TXN,34.849998,35.580002,34.580002,35.48,7036400,
TXRH,24.059999,24.440001,23.85,24.4,316900,
TXT,26.129999,26.73,25.93,26.6,2252400,
TYC,33.249999,33.539999,32.999999,33.450002,2828000,
TYD,40.450001,40.900002,40.369999,40.759998,9500,
TYL,67.330002,67.959999,66.650002,67.82,167900,
TYO,23.690001,23.73,23.299999,23.389999,27500,
TYPE,23.67,24.120001,23.379999,24.040001,118200,
TZA,32.669998,33.02,30.690001,30.950001,4846600,
TZOO,27.799999,27.93,27.389999,27.76,28400,
UA,59.299999,59.610001,58.650002,59.389999,2595200,
UAL,32.099998,32.790001,31.82,32.66,4300800,
UAM,9.19,9.37,9.13,9.35,79900,
UAN,23.41,23.41,22.67,23.190001,580300,
UBA,20.559999,21.110001,20.540001,21.02,73900,
UBNT,16.129999,16.370001,16.059999,16.290001,371700,
UBS,17.55,17.89,17.48,17.88,1846500,
UBSI,25.32,25.68,25.290001,25.629999,131700,
UBT,61.139999,62.18,61.080002,62.049999,7600,
UCO,29.8,30.679999,29.779999,30.520002,183700,
UCTT,6.21,6.34,6.19,6.31,70600,
UDN,26.809999,26.879999,26.799999,26.84,48400,
UDOW,83,86.669998,82.550003,86.239998,504000,
UDR,23.690001,24.459999,23.690001,24.280001,2115600,
UEC,2,2.07,2,2.05,184400,
UEPS,7.11,7.15,7.06,7.09,69100,
UFCS,27.370001,27.59,27,27.440001,57300,
UFI,20.540001,21.27,20.540001,21.190001,57100,
UFPI,39.630001,40.25,39.5,40,61900,
UFS,70.470001,72.07,70.470001,71.830002,423600,
UGA,56.040001,57.02,56.040001,57.009998,8500,
UGI,38.069999,38.969999,37.920001,38.88,826200,
UGL,56.220001,56.91,55.799999,56.57,94700,
UGP,23.940001,24.049999,23.799999,23.82,424200,
UHAL,170.960007,174.880005,170.429993,173.410004,32300,
UHS,69.769997,71.32,69.239998,71.199997,399700,
UIL,38.549999,39.09,38.18,38.990002,151100,
UIS,20.42,20.93,20.290001,20.870001,259100,
UL,41.040001,41.560001,40.98,41.48,929300,
ULE,24.059999,24.84,24.059999,24.73,2300,
ULTA,96.360001,97.449997,95.25,97.010002,1521300,
ULTI,112.339996,113.580002,111.919998,113.260002,79100,
UMBF,52.18,53.220001,51.900002,53.209999,89000,
UMC,2.14,2.17,2.14,2.16,1102000,
UMDD,60.5,64.330002,60.5,64.010002,55200,
UMPQ,13.98,14.38,13.87,14.33,898300,
UN,39.970001,40.549999,39.93,40.52,2325600,
UNFI,51.830002,54.34,51.830002,54.200001,483000,
UNG,19.91,20.530001,19.870001,20.35,4266900,
UNH,63.700001,64.209999,63.150002,64.150002,4379500,
UNIS,3.29,3.29,3.02,3.02,136400,
UNL,17.809999,18.299999,17.809999,18.27,18900,
UNM,27.950001,28.459999,27.77,28.389999,1382500,
UNP,154.029999,157.380005,153.360001,156.949997,2528600,
UNS,45.93,46.74,45.75,46.59,124900,
UNT,44.18,45.490002,44.18,45.380001,109200,
UNTD,6.920022,7.190023,6.900023,7.170023,633100,
UNXL,14.47,14.77,13.68,14.19,882400,
UPI,2.54,2.54,2.43,2.48,4600,
UPL,20.879999,21.309999,20.84,21.27,1936500,
UPRO,63.619999,66.980003,63.200001,66.68,7764400,
UPS,85.510002,86.480003,85.110001,86.32,2282000,
UQM,1.4,1.43,1.26,1.34,591800,
URA,17.52,17.959999,17.52,17.85,42000,
URBN,41.310001,41.549999,40.799999,41.41,971300,
URE,72.010002,77.099998,72.010002,76.730003,240300,
URI,48.650002,50.169998,48.220001,49.880001,2563400,
URRE,2.509999,2.519999,2.399999,2.429999,5200,
URS,46.59,47.5,46.57,47.39,344300,
URTY,52.66,55.799999,52.040001,55.389999,307700,
URZ,1.22,1.24,1.19,1.22,196600,
USAC,22.120001,22.65,21.67,22.620001,27500,
USB,35.349998,35.52,35.080002,35.459999,11286400,
USD,40.48,42.41,40.43,42.41,9600,
USEG,1.900004,1.950004,1.880004,1.940004,12300,
USG,24.73,26.129999,24.639999,26.049999,1662700,
USL,39.84,40.66,39.84,40.57,25000,
USM,33.330002,33.830002,33.060001,33.700001,96400,
USMO,13.41,13.69,13.34,13.58,81800,
USNA,69.699997,73.32,69.279999,72.790001,108500,
USO,33.91,34.41,33.900002,34.330002,2741700,
UST,54.330002,54.990002,54.330002,54.82,78500,
USTR,33.43,34.06,33.13,33.94,95400,
USU,0.32,0.33,0.32,0.32,13500,
UTEK,35.59,36.75,35.18,36.57,173700,
UTHR,65.809998,66.480003,65.209999,65.870003,517600,
UTI,11.47,11.54,11.32,11.52,43500,
UTIW,15.07,15.68,15.07,15.68,387200,
UTSI,2.75,2.82,2.71,2.81,39700,
UTX,92.82,94.459999,92.190002,94.290001,4092200,
UUP,21.93,21.959999,21.860001,21.9,587100,
UVE,6.95,7.18,6.87,7.18,289900,
UVV,59.48,60.549999,58.619999,60.389999,102600,
UVXY,77.160004,79.200004,69.020003,69.770003,10500,
UWM,59.619999,62.040001,59.209999,61.75,737100,
UXI,70.000002,70.82,70.000002,70.82,900,
UYG,92.089996,96.139999,91.75,95.889999,1177400,
UYM,36.790001,38.529999,36.709999,38.34,129300,
V,179.149994,182.759995,178.710007,182.25,9760400,
VAC,43.009998,44.970001,42.799999,44.860001,227000,
VAL,68.290001,70.110001,67.940002,70.010002,324800,
VALE,13.86,14.52,13.83,14.47,24760800,
VALE.P,12.87,13.45,12.84,13.41,5050000,
VAR,68.220001,69.660004,67.730003,69.580002,429700,
VASC,15,15,14.72,14.95,40400,
VAW,88.620003,90.5,88.5,90.470001,26700,
VB,93.099998,94.93,92.769997,94.760002,204100,
VBK,102.019997,104.050003,101.760002,103.82,61800,
VBR,83.169998,84.889999,82.93,84.720001,84700,
VC,63.18,65.160004,62.889999,65.110001,569900,
VCBI,13.4,13.61,13.38,13.54,30300,
VCI,26.19,26.98,25.99,26.91,544100,
VCIT,84.989998,85.43,84.980003,85.339996,288900,
VCLK,24.8,25.22,24.76,25.03,881100,
VCLT,85.57,86.839996,85.57,86.75,182600,
VCR,89.349998,91.129997,89.230003,90.989998,78700,
VCRA,15.62,15.62,15.3,15.6,128900,
VDC,102.980003,104.169998,102.610001,104.07,75100,
VDE,112.910004,115.209999,112.910004,115.080002,52100,
VDSI,8.3,8.49,8.3,8.49,41300,
VE,12.46,12.48,12.36,12.47,186800,
VEA,36.98,37.459999,36.869999,37.419998,1923700,
VECO,38.799999,39.439999,38.610001,39.360001,290200,
VELT,1.52,1.53,1.38,1.43,4093900,
VEU,45.849998,46.48,45.740002,46.450001,1027300,
VFC,190.210007,190.619995,187.389999,188.5,3056400,
VFH,39.84,40.619999,39.66,40.560001,228200,
VG,2.82,2.95,2.81,2.9,1069400,
VGK,51.049999,51.720001,50.950001,51.700001,1313200,
VGR,16.100045,16.250052,15.900051,16.040046,541000,
VGT,74.93,76.029999,74.769997,75.900002,162300,
VGZ,1.38,1.38,1.3,1.35,311600,
VHC,24.34,24.75,24.02,24.639999,296900,
VHS,12.89,13.76,12.889,13.74,488900,
VHT,86.470001,87.900002,85.93,87.849998,92400,
VIAB,65.519997,66.989998,65.099998,66.949997,2830000,
VICL,2.95,3.06,2.93,2.94,60700,
VICR,5.31,5.48,5.31,5.44,35700,
VIG,67.019997,68.129997,66.889999,68,1199400,
VIIX,11.47,11.61,10.85,10.92,162500,
VIP,9.83,10.08,9.78,10.04,731100,
VIPS,32.520001,33.989999,32.520001,33.559999,3650000,
VIS,81.660004,82.940002,81.43,82.809998,41900,
VIV,24.07,24.66,24.07,24.540001,1306400,
VIVO,21.5,21.879999,21.32,21.73,227400,
VIX,18.379999,18.58,16.370001,16.41,0,
VIXM,27.209999,27.209999,26.66,26.82,20700,
VIXY,57.290003,57.990003,54.150001,54.450001,179900,
VLCCF,6.45,6.48,6.3,6.36,153500,
VLO,37.849998,38.900002,37.849998,38.66,5730400,
VLTR,13.25,13.71,13.14,13.71,181100,
VLY,8.98,9.05,8.88,9.05,1010600,
VMC,53.060001,54.57,52.740002,54.490002,515900,
VMED,0,0,0,51,0,
VMI,138.869995,141.449997,138.360001,141.259995,335400,
VMW,70.519997,71.120003,69.559998,70.540001,2086600,
VNDA,12.87,13.19,11.76,11.85,1902600,
VNET,10.92,11.4,10.92,11.35,559900,
VNO,79.309998,82.610004,79.309998,82.509999,1221200,
VNQ,67.860001,70.139999,67.800003,69.919998,4603500,
VNQI,53.009998,53.970001,52.990002,53.950001,96500,
VNR,27.35,27.65,27.24,27.639999,525500,
VNTV,26.33,26.389999,25.889999,26.33,582900,
VO,94.440002,96.410004,94.370003,96.269997,136100,
VOC,13.02,13.24,13,13.1,22600,
VOCS,9.55,9.84,9.51,9.8,373900,
VOD,28.010002,28.379997,27.999996,28.319998,10233100,
VOE,68.43,69.800003,68.370003,69.699997,65900,
VOLC,18.65,19.02,18.45,18.99,477100,
VOO,74.010002,75.300003,73.860001,75.160004,1280100,
VOT,77.349998,79.019997,77.25,78.910004,58800,
VOX,77.989998,79.349998,77.989998,79.230003,19700,
VOXX,11.32,11.75,11.18,11.73,66400,
VOYA,26.459999,26.799999,26.209999,26.67,588500,
VPFG,19.09,19.42,19.02,19.4,88900,
VPG,15.1,17.700001,15.1,16.780001,233600,
VPHM,27.39,27.68,27.06,27.42,481500,
VPL,56.099998,56.950001,55.91,56.779999,314800,
VPRT,47.53,48.44,46.84,48.18,126200,
VPU,81.330002,82.809998,81.220001,82.720001,76600,
VR,36.5,36.84,36.290001,36.709999,712400,
VRA,20.92,21.33,20.85,21.23,353000,
VRML,2.99,3.1,2.87,3.07,144500,
VRNG,2.91,3.05,2.91,2.97,76400,
VRNM,2.29,2.3,2.25,2.29,11700,
VRNT,33.900002,34.540001,33.75,34.52,508600,
VRS,1.03,1.04,1.03,1.04,10000,
VRSK,58.759998,58.970001,58.09,58.75,543100,
VRSN,45.240002,45.77,45.009998,45.380001,1591600,
VRTU,22.84,23.26,22.41,23.209999,245300,
VRTX,82.25,84.620003,78.790001,82.660004,1945900,
VRX,83.5,85.919998,82,85.809998,1131400,
VSAT,70.32,71.32,70.32,70.830002,208900,
VSH,13.99,14.22,13.9,14.21,690100,
VSI,46.220001,47.330002,45.830002,47.25,409900,
VSS,92.18,93.470001,92.18,93.470001,61000,
VT,52.630001,53.41,52.470001,53.34,132300,
VTI,83.220001,84.720001,83.029999,84.580002,4100100,
VTR,68.080002,69.800003,67.760002,69.5,2236800,
VTSS,2.37,2.4299,2.34,2.35,78300,
VTUS,2.35,2.38,2.19,2.31,102300,
VTV,68.279999,69.410004,68.099998,69.300003,1503300,
VUG,78.690002,80.050003,78.440002,79.940002,339300,
VV,73.949997,75.199997,73.800003,75.110001,225700,
VVC,33.279999,33.830002,33.130001,33.759998,176200,
VVI,25.01,25.66,24.85,25.52,23600,
VVTV,4.97,5.06,4.86,5.02,480200,
VVUS,14,14.4,13.67,13.95,1438900,
VWO,39.459999,40.369999,39.43,40.369999,20134600,
VXEEM,27.93,28.08,25.8,26.05,0,
VXEWZ,32.37,32.39,30.54,30.87,0,
VXF,69.32,70.730003,69.129997,70.620003,267500,
VXUS,47.189999,47.959999,47.119999,47.950001,135300,
VXX,21.219999,21.5,20.08,20.219999,4588000,
VXZ,22.18,22.25,21.75,21.92,171900,
VYM,56.779999,57.740002,56.73,57.639999,433800,
VZ,49.889999,50.709999,49.799999,50.639999,7147000,
WAB,53.540001,53.919998,51.279999,53.709999,994300,
WABC,45.700001,46.560001,45.650002,46.450001,131400,
WAC,35.5,38.040001,34.970001,37.990002,739000,
WAFD,16.99,17.379999,16.950001,17.32,262900,
WAG,49.38,50.165,49.23,50.07,2905042,
WAGE,29.709999,30,29.35,29.42,166400,
WAIR,17.91,18.139999,17.76,18.139999,209700,
WAL,14.31,14.53,14.14,14.52,296400,
WAT,97.239998,99.239998,96.760002,99.019997,319100,
WBC,74.550003,76.07,74.260002,75.690002,513600,
WBMD,29.620001,30.389999,29.59,30.33,195200,
WBS,23.43,24.040001,23.280001,23.98,506400,
WBSN,24.75,24.7701,24.72,24.74,252400,
WCC,69.690002,71.370003,69.43,70.989998,472500,
WCG,51.25,52.330002,50.900002,51.970001,529200,
WCN,39.759998,40.599998,39.720001,40.529999,390200,
WCRX,19.55,20.04,19.35,20.03,4286000,
WD,18.24,18.459999,17.799999,18.35,336300,
WDAY,61.970001,61.970001,60.950001,61.09,993900,
WDC,64.150002,64.5,63.32,64.260002,1867100,
WDFC,55.299999,56.52,54.77,56.5,42900,
WDR,45.880001,47.189999,45.75,47.07,448800,
WEAT,18.139999,18.139999,17.9,17.99,14000,
WEC,40.299999,41.27,40.299999,41.189999,919200,
WEN,5.9,5.99,5.85,5.98,2459400,
WERN,24.48,24.959999,24.41,24.9,365700,
WES,60.16,61.16,59.59,60.900002,112900,
WETF,11.7,12.26,11.52,12.26,1390700,
WEX,74.800003,76.730003,74.669998,76.660004,187300,
WFC,40.290001,40.990002,40.200001,40.939999,17377700,
WFM,50.619999,51.52,50.560001,51.349998,1496200,
WFT,13.48,13.94,13.47,13.88,4317000,
WG,6.95,6.99,6.87,6.89,287700,
WGL,42.779999,43.779999,42.709999,43.740002,128800,
WGO,20.440001,21.459999,20.35,21.370001,172400,
WHR,122.839996,128.259995,122.269997,127.82,834000,
WHX,2.3,2.3,2.3,2.3,0,
WHZ,13.06,13.13,12.95,13.02,115600,
WIBC,6.65,6.66,6.58,6.65,298800,
WIFI,6.37,6.6,6.36,6.53,84400,
WILN,4.24,4.24,4.19,4.21,3300,
WIN,8.05,8.23,8.05,8.2,6552013,
WIRE,33.18,34.400002,33.18,34.169998,21800,
WIT,7.29,7.37,7.26,7.36,854300,
WLB,11.65,11.83,11.51,11.8,12400,
WLH,24.1,24.9,23.85,24.73,325900,
WLK,92,96.989998,91.550003,96.120003,1479600,
WLL,47.459999,48.860001,47.360001,48.720001,1182400,
WLP,77.84,79.03,77.12,78.93,1157200,
WLT,13.94,14.89,13.94,14.69,8332000,
WM,39.68,40,39.59,39.84,3272700,
WMAR,11.61,11.8,11.6,11.8,17700,
WMB,34.009998,34.25,32.540001,33.700001,20606200,
WMC,17.389999,18.92,17.379999,18.83,1350400,
WMGI,15.98,16.35,15.42,16.35,169700,
WMS,25.5,25.58,25.5,25.53,216900,
WMT,74.779999,75.330002,74.559998,75,7239500,
WNC,9.74,10.04,9.61,10.01,413200,
WNR,30.559999,31.110001,30.280001,31.02,849200,
WOOF,25.82,26.5,25.67,26.389999,785700,
WOR,33.299999,34.389999,33.040001,34.23,621300,
WPC,63.939999,66.889999,62.279999,66.489998,308800,
WPP,11.8,11.95,11.68,11.92,109200,
WPPGY,86.550003,89.190002,86.199997,89.089996,79300,
WPRT,29.709999,30.120001,29.450001,29.940001,407400,
WPX,18.85,19.299999,18.77,19.219999,1797000,
WPZ,44.560004,44.769999,44.130001,44.589999,164200,
WR,30.969999,31.610001,30.68,31.58,688400,
WRB,41.060001,41.610001,40.860001,41.57,440200,
WRE,26.129999,26.549999,26.1,26.41,468700,
WRES,2.69,2.72,2.67,2.7,286700,
WRI,31.07,31.809999,31.07,31.549999,1102800,
WRLD,92.480003,93.760002,91.669998,93.540001,44400,
WRLS,12.58,12.59,12.57,12.58,174300,
WSH,39.200001,40.029999,39.150002,40.029999,809700,
WSM,54.07,56.049999,53.950001,55.860001,1076300,
WSO,84.589996,87.129997,84.010002,86.949997,104800,
WSR,15.61,16.110001,15.55,16.1,81400,
WST,66.349998,67.709999,65.900002,67.370003,204600,
WSTC,23.370001,23.5,22.9,23.49,65100,
WTFC,36.860001,37.419998,36.740002,37.41,107700,
WTI,14.55,14.9,14.51,14.8,380600,
WTR,30.69,31.370001,30.599999,31.32,636200,
WTS,46.98,48.23,46.799999,47.950001,171000,
WTSL,4.93,4.96,4.77,4.8,1515300,
WTW,43.900002,44.66,43.720001,44.290001,259900,
WU,16.530001,17.16,16.469999,16.889999,6592500,
WWAV,17.01,17.299999,16.879999,17.219999,3013500,
WWD,40.099998,41,39.950001,40.939999,247900,
WWE,9.66,9.95,9.64,9.94,168500,
WWW,51.57,52.509998,51.130001,52.290001,405400,
WWWW,21.549999,21.99,21.190001,21.950001,229500,
WX,21.459999,21.59,21.35,21.540001,344800,
WY,27.73,28.700001,27.610001,28.610001,6409600,
WYN,57.540001,59.34,57.099998,59.299999,1883800,
WYNN,133.559998,137.050003,132.160004,136.520004,1137900,
X,17.299999,18.25,17.27,18.15,10624000,
XAU,102.82,104.31,101.99,104.25,0,
XBI,106.34,107.950001,105.519997,107.320004,967500,
XCO,7.650005,7.869998,7.580003,7.719996,2995500,
XDA,95.76,96.22,95.42,96.04,0,
XDB,156.64,157.38,156.48,157.19,0,
XDC,0.459,0.459,0.459,0.459,0,
XDE,133.14,133.79,132.79,133.69,0,
XDN,106.2,106.47,104.7,104.83,0,
XDS,108.34,108.68,108,108.49,0,
XEC,71.07,72.089996,70.800003,71.769997,843700,
XEL,28.76,29.299999,28.610001,29.280001,5756200,
XEO,727.580017,738.590027,725.25,737.25,0,
XES,38.919998,39.860001,38.919998,39.84,20700,
XHB,29.6,30.889999,29.6,30.83,6402800,
XIDE,0.23,0.25,0.22,0.23,5211600,
XIN,4.4,4.53,4.28,4.47,411700,
XL,30.809999,31.360001,30.57,31.299999,1813300,
XLB,39.509998,40.41,39.459999,40.34,9385600,
XLE,79.339996,80.900002,79.239998,80.690002,12393000,
XLF,19.429999,19.829999,19.379998,19.809999,85934800,
XLI,42.919998,43.669998,42.830002,43.59,12985500,
XLK,31.200001,31.68,31.15,31.620001,7608600,
XLNX,37.630001,38.950001,37.630001,38.810001,5032200,
XLP,40.470001,41.880001,40.220001,40.799999,13048700,
XLS,12.23,12.71,12.2,12.66,3059500,
XLU,37.25,37.98,37.209999,37.950001,16735500,
XLV,47.759998,48.68,47.52,48.619999,6904900,
XLY,55.48,56.619999,55.400002,56.529999,6316600,
XME,35.689999,36.700001,35.68,36.540001,3723800,
XNPT,5.36,5.44,5.15,5.41,326500,
XOM,89.629997,91.709999,89.610001,91.330002,13501300,
XOMA,4.01,4.08,3.97,4.06,584500,
XOOM,20.91,21.139999,20.76,20.99,47800,
XOP,59.41,60.73,59.220001,60.540001,2822600,
XOXO,10.64,10.76,10.52,10.58,203600,
XPO,17.82,17.82,17.42,17.48,121100,
XPP,44.419998,46.43,44.360001,46.139999,84100,
XRA,0.82,0.83,0.78,0.79,65100,
XRAY,41.560001,41.650002,40.610001,41.380001,658900,
XRM,9.74,9.85,9.71,9.83,63800,
XRS,10.4,10.57,10.25,10.41,52100,
XRT,76.949997,78.160004,76.849998,78.07,5216800,
XRTX,10.33,10.55,10.21,10.54,72200,
XRX,8.83,9.13,8.77,9.1,6511300,
XSD,51.810001,53.07,51.529999,53,23200,
XSP,161.22,163.93,160.81,163.64,0,
XTEX,20,20.1,19.85,20.01,405200,
XTXI,19.65,20,19.51,19.97,81200,
XUE,2.91,2.97,2.91,2.95,12800,
XXIA,16.209999,16.309999,16,16.200001,384600,
XYL,26.940001,27.389999,26.91,27.27,805800,
YANG,50.950001,51.909998,49.300001,49.630003,2000,
YAO,22.99,23.309999,22.99,23.309999,14600,
YCL,23.82,23.82,21.42,23.059999,8900,
YCS,58.380001,59.25,57.599998,59.139999,1764300,
YELP,29.360001,29.99,29.07,29.48,603300,
YGE,2.75,2.83,2.72,2.82,156500,
YHOO,25.790001,26.459999,25.709999,26.370001,9763800,
YINN,16.01,16.77,16,16.709999,98200,
YNDX,25.98,26.639999,25.959999,26.469999,2643400,
YOKU,20.379999,20.43,19.66,20.379999,1407600,
YONG,5.32,5.32,5.32,5.32,0,
YPF,14.49,14.71,14.21,14.69,360200,
YRCW,21.700001,22.85,21.629999,22.6,348300,
YUK,94.220001,95.519997,93.989998,95.379997,0,
YUM,71.53,71.850004,71.050003,71.610002,4023600,
YZC,8.84,9.05,8.82,8.99,397300,
Z,50.669998,53.279999,50.119999,52.939999,361700,
ZAGG,5.41,5.86,5.31,5.78,1169200,
ZAZA,1.39,1.41,1.38,1.41,16300,
ZBRA,44.970001,45.91,44.759998,45.73,82100,
ZEP,16,16.66,15.86,16.559999,243800,
ZEUS,24.309999,25.299999,24.120001,25.190001,55400,
ZINC,11.99,12.24,11.91,12.18,396000,
ZION,27.17,27.59,27.08,27.530001,1539700,
ZIOP,2.12,2.17,2.1,2.17,436400,
ZIXI,4.03,4.03,3.95,4,310600,
ZLC,8.87,9.25,8.75,9.23,750100,
ZLTQ,5.52,5.79,5.5,5.76,61700,
ZMH,76.949997,78.599998,76.019997,78.440002,714300,
ZN,1.85,1.9,1.77,1.85,371200,
ZNGA,2.8,2.81,2.76,2.8,7248400,
ZNH,21.450001,22.459999,21.389999,22.209999,30900,
ZOLT,13.03,13.35,12.92,13.32,215200,
ZQK,6.34,6.42,6.22,6.39,1980700,
ZROZ,98.800003,99.519997,98.339996,99.220001,14100,
ZSL,85.260002,86.360001,83.510002,84.699997,311200,
ZTS,31.469999,31.549999,30.870001,31.17,5849800,
ZUMZ,29.959999,30.33,29.469999,30.299999,130100,
ZX,2.74,2.8,2.68,2.73,13700,
ABCB,16.139999,16.59,16.049999,16.469999,19200,
ACCL,8.13,8.26,8.1,8.26,75000,
ACPW,4.39,4.46,4.27,4.37,19600,
ACWX,42.240002,42.880001,42.209999,42.830002,193400,
AKR,25.530001,25.82,25.42,25.629999,645000,
AONEQ,0.0299,0.031,0.028,0.0298,2751400,
ARSD,7.78,8.1,7.7,8.05,28600,
ASTM,13.63,14.63,14.63,14.63,2000,
ASX,4.05,4.06,3.99,4.05,334200,
ATEC,1.869999,1.939999,1.869999,1.939999,3700,
ATRC,8.99,9.05,8.83,9.04,118200,
AVNW,2.829999,2.969999,2.829999,2.949999,10100,
BFIN,8.06,8.1,7.87,8.09,11400,
BFR,4,4.1,3.99,4.07,12100,
BIL,45.799999,45.810001,45.799999,45.810001,4266400,
BIN,22.040001,22.219999,21.870001,22.07,79200,
BIS,38.599998,38.950001,37.070002,37.400004,3100,
BKEP,8.04,8.72,8.04,8.64,24700,
BRB,215.580002,215.580002,212.210007,212.389999,0,
BSQR,2.72,2.82,2.71,2.8,15400,
CBRX,0.67,0.68,0.66,0.66,31600,
CERP,0.03,0.03,0.02,0.02,11562300,
CHGS,0.1699,0.17,0.16,0.16,4200,
CIR,50.290001,51.43,50.290001,51.369999,35900,
CIU,108.959999,109.370003,108.720001,109.360001,505300,
CLUB,10.61,10.91,10.53,10.91,40300,
CMLS,3.44,3.46,3.21,3.45,202000,
CNDA,20.75,20.76,20.719999,20.75,900,
COBZ,8.52,8.58,8.37,8.58,86700,
COOL,0.580012,0.600012,0.580012,0.590012,2700,
CRAI,18.360001,18.68,18.360001,18.5,19300,
CRDC,1.2,1.27,1.18,1.2,13600,
CREG,1.15,1.15,0.98,1.03,44000,
CROP,26.09,26.379999,26.08,26.35,4100,
CSFL,8.74,9,8.68,8.99,23700,
CSHZ,0.07,0.08,0.07,0.08,32400,
CSJ,105.190002,105.32,105.169998,105.269997,491500,
CWB,42.470001,43,42.41,42.959999,182100,
DCOM,14.69,14.94,14.55,14.93,54500,
DGT,59.970001,60.91,59.970001,60.91,1400,
DMB,14.16,14.39,13.87,14.12,25400,
DQ,6.83,7.27,6.83,7.21,32000,
DRCO,5.04,5.08,4.98,5.02,3000,
EGI,0.36,0.38,0.35,0.38,48600,
ELS,77.43,79.209999,77.309998,78.760002,320000,
EUFX,37.18,37.18,37.029999,37.029999,800,
FCBC,15.2,15.39,15,15.36,25800,
FCF,7.07,7.16,7.02,7.14,258800,
FDML,9.95,10.33,9.65,10.3,281000,
FELE,34.189999,34.880001,34.009998,34.799999,104800,
FMD,1.17,1.19,1.16,1.18,26800,
FOL,3.12,3.12,3.12,3.12,0,
FORX,48.59,48.599998,48.220001,48.599998,21600,
FSCI,41.05,41.26,40.96,41.11,19200,
FTC,34.459999,35.07,34.380001,35.07,5300,
GBLI,22.85,23.809999,22.74,23.75,22400,
GGAL,5.47,5.64,5.47,5.58,22200,
GIB,29.23,30.35,29.120001,30.23,181400,
GLDI,16.629999,16.629999,16.611,16.611,200,
GLDX,15.76,15.97,15.63,15.92,4700,
GMXRQ,0.2,0.24,0.2,0.24,25500,
GSE,1.1,1.1,1.1,1.1,0,
GSIG,8.17,8.32,8.04,8.31,122300,
GSIT,6.4,6.6,6.26,6.6,63400,
GTS,22.360001,22.83,22.17,22.67,114100,
GUNR,32.720001,33.389999,32.720001,33.360001,256700,
GWX,29.620001,29.98,29.540001,29.959999,42600,
HCKT,4.95,4.95,4.86,4.9,34000,
HDNG,13.95,14.38,13.51,14.21,24800,
HDSN,3.31,3.4,3.31,3.34,145329,
HGR,31.49,32.080002,31.27,32.009998,69800,
HSON,2.48,2.57,2.47,2.55,62500,
IBCA,6.45,6.69,6.37,6.66,37800,
ICFI,30.469999,30.9,30.24,30.77,166900,
IEFA,53.580002,54.16,53.349998,54.16,97500,
INOD,3.13,3.19,3.05,3.17,48700,
IPCC,57.389999,58.209999,57.040001,58.099998,15400,
ISIG,1.97,1.97,1.95,1.97,4900,
KIPO,6.36,6.48,6.19,6.2,15100,
KITDQ,0.38,0.44,0.35,0.39,288100,
KMPR,33.59,34.189999,33.34,34.040001,209900,
LDL,14.23,14.66,14.23,14.58,33300,
LEDR,10.42,10.58,10.24,10.53,382200,
LEDS,1.77,1.9,1.66,1.89,81300,
LOJN,3.33,3.41,3.33,3.38,10100,
LPTN,4.730002,4.830002,4.710002,4.790002,1000,
LYTS,7.85,8,7.72,7.89,36700,
MCS,12.04,12.62,12.01,12.58,44700,
MGEE,53.629995,54.840002,53.52,54.640005,56500,
MGRC,33,33.560001,32.880001,33.450001,43000,
MPX,7.03,7.17,6.93,7.14,6700,
NEWN,0.1,0.18,0.1,0.18,13400,
NJR,43.959999,45.009998,43.810001,44.880001,176800,
NPBC,9.64,9.86,9.55,9.86,432900,
NZD,125.059998,125.489998,123.290001,123.480003,0,
OTEL,10.5,10.5,9.83,10.05,5500,
PPBI,11.5,11.73,11.5,11.63,21700,
PRGX,5.37,5.48,5.34,5.48,39100,
PRO,29.200001,29.719999,29.200001,29.459999,119600,
PWAVQ,0.0106,0.013,0.0106,0.011,30700,
QRM,0.47,0.49,0.47,0.4879,33400,
QTEC,28.6,29.18,28.6,29.16,25100,
RNWK,7.32,7.45,7.32,7.42,21100,
RPT,15.06,15.46,15,15.45,682200,
RWL,31.43,32.009998,31.42,31.92,11200,
SBLK,5.64,5.74,5.5,5.61,2900,
SCMR,0.49,0.5,0.49,0.5,102800,
SIGI,23.190001,23.33,22.73,23.290001,83800,
SIJ,20.84,20.84,19.879999,19.879999,400,
SKA,65.040001,65.330002,64.739998,64.769997,0,
SMCI,10.43,10.77,10.34,10.72,73900,
SMTX,1.91,1.98,1.91,1.98,20400,
SNBC,3,3.1,3,3.09,8900,
SOCL,14.38,14.53,14.38,14.48,1700,
STAN,21.22,21.62,21.07,21.62,73300,
STL,9.2,9.2,9.15,9.19,62300,
STNR,50.700001,51.5,50.119999,51.25,40700,
SWS,5.45,5.63,5.4,5.61,221200,
SYMX,0.9,0.95,0.9,0.92,26600,
SYPR,3.07,3.16,3,3.06,51200,
TACT,7.94,8.01,7.84,7.94,4000,
TFI,23.309999,23.379999,23.27,23.370001,177600,
TGE,7.32,7.32,7.32,7.32,0,
THR,20.48,20.969999,20.23,20.77,143900,
TMS,15.65,16.189,15.5675,16.04,33300,
TPI,0.52,0.55,0.52,0.54,39100,
TRNO,18.4,18.639999,18.25,18.6,43500,
TRST,5.41,5.43,5.38,5.41,366500,
TSTC,0.365,0.395,0.33,0.36,53300,
UAMY,0.99,1.24,0.99,1.15,461400,
UBNK,13.01,13.32,13.01,13.31,34800,
UCBI,11.96,12.11,11.95,11.98,250700,
ULBI,3.79,4.06,3.79,3.9,18600,
USMV,32.650002,33.209999,32.599998,33.18,791400,
USPH,28.91,29.450001,28.91,29.09,71700,
UTY,0.02,0.02,0.02,0.02,0,
WAVX,0.44,0.45,0.43,0.43,2700,
WWAV.B,16.77,17.03,16.61,16.94,2436100,
XDZ,79.88,80.61,79.67,80.41,0,
ZOOM,0.4,0.4,0.37,0.38,1500,