symbol,open,high,low,close,volume,adjust_close
A,42.56,43.290001,42.520001,43.08,4816200,
AA,7.799992,7.869992,7.759992,7.869992,4630800,
AAMRQ,3.98,4.04,3.76,3.99,2466800,
AAN,28.1,28.299999,28.030001,28.24,338100,
AAON,32.440005,33.500003,32.269996,33.279998,145500,
AAP,80.220001,80.75,79.860001,80.019997,672900,
AAPL,399.249992,401.389988,393.540009,393.779987,84311500,
AAT,30.290001,31.120001,30.15,31.110001,117800,
AAU,1.16,1.28,1.16,1.26,267000,
AAV,3.97,4,3.87,3.88,109000,
AAWW,44,44.560001,43.560001,44,237500,
AAXJ,54.049999,54.59,54.049999,54.450001,381400,
AB,21.4,21.84,21.219999,21.700001,422100,
ABAX,46.73,46.779999,46.259998,46.700001,107000,
ABB,21.52,21.719999,21.51,21.690001,2143500,
ABBV,43.560001,43.98,42.740002,43.130001,5163900,
ABC,55.369999,55.759998,55.099998,55.310001,2446300,
ABCO,54.470001,54.709999,53.93,54.650002,96500,
ABFS,19.53,20.15,19.53,19.99,453600,
ABG,39.389999,40.27,39.310001,40.099998,163000,
ABM,24.4,24.77,24.35,24.639999,202300,
ABMD,21.32,21.43,21.049999,21.370001,314600,
ABR,6.15,6.29,6.02,6.25,151600,
ABT,35.77,35.779999,35.220001,35.360001,5625400,
ABV,36.5,37.275,36.36,37.11,30684500,
ABX,15.03,15.3,14.78,14.87,30697400,
ACAD,17.879999,18.73,17.879999,18.43,3105500,
ACAS,12.3,12.63,12.25,12.6,3053200,
ACAT,45.799999,46.349998,45.779999,46.040001,101900,
ACC,39.91,40.84,39.830002,40.790001,795300,
ACCO,6.4,6.51,6.33,6.5,940200,
ACE,88.769997,89.550003,88.529999,89.519997,1670900,
ACET,13.21,13.84,13.15,13.81,237500,
ACFN,8.66,8.75,8.54,8.63,103500,
ACGL,51.16,51.619999,51,51.540001,269100,
ACH,7.8,7.84,7.72,7.8,114900,
ACHC,34.259998,34.57,34.09,34.150002,223100,
ACHN,8.21,8.35,8.15,8.24,830400,
ACI,3.66,3.68,3.59,3.6,723700,
ACIW,45.169999,46.27,44.899999,46.06,657300,
ACLS,1.79,1.85,1.78,1.79,266700,
ACM,31,31.83,30.9,31.58,860800,
ACMP,48,48.74,47.47,48.17,246800,
ACN,80.220001,80.919998,79.839996,80.220001,4106900,
ACO,31.06,31.8299,30.9601,31.62,80800,
ACOR,32.59,33.549999,32.59,33.34,179700,
ACRE,12.81,12.9,12.6,12.75,803300,
ACRX,8.79,9.03,8.64,8.96,314400,
ACT,123.919998,126.470001,123.699997,125.860001,1633500,
ACTG,22,22.09,20.370001,22,1031500,
ACTV,7.04,7.27,6.979,7.27,513700,
ACUR,2.01,2.03,1.9,1.94,434206,
ACW,4.97,5.13,4.95,5.09,236300,
ACWI,50.09,50.290001,50.029999,50.130001,1849100,
ACXM,22.690001,22.93,22.41,22.91,323200,
ADBE,45.900002,46.27,45.59,45.93,2916500,
ADC,29.389999,30,29.219999,30,62300,
ADES,39.3,42.2,39.07,41.17,401800,
ADI,45.419998,45.509998,45.119999,45.369999,1627800,
ADM,33.790001,34.029999,33.650002,33.709999,2144700,
ADNC,13.42,14.02,13.42,13.95,179900,
ADP,69.680005,69.920002,69.190004,69.370002,1571500,
ADS,179.100006,180.820007,178.75,180.070007,812100,
ADSK,34.709999,35.259998,34.630001,34.919998,1680600,
ADT,41.169998,41.279999,40.16,40.349998,2368900,
ADTN,24.09,24.66,24.09,24.4,631800,
ADVS,34.5,35.09,34.119999,35,212000,
ADY,7.38,7.4,7.37,7.38,158100,
AEC,15.81,16.370001,15.75,16.040001,1991600,
AEE,33.950001,34.43,33.950001,34.380001,2293700,
AEG,6.75,6.8,6.69,6.71,1409100,
AEGN,22.17,22.74,21.969999,22.67,202200,
AEGR,64.510002,66.879997,64.300003,66.519997,414900,
AEIS,16.92,17.51,16.290001,17.459999,262800,
AEL,15.88,15.92,15.74,15.75,710900,
AEM,25.59,26,25.030001,25.389999,2451400,
AEO,17.950001,18.26,17.879999,18.15,1771100,
AEP,44.709999,45.240002,44.389999,44.48,2815700,
AER,16.969999,17.299999,16.860001,17.299999,480300,
AERL,3.96,4.07,3.9,3.94,299700,
AES,11.97,12.1,11.9,11.96,7370700,
AET,63.209999,63.82,63.080002,63.59,2518200,
AF,10.57,10.82,10.52,10.72,622000,
AFAM,19.969999,20.200001,19.950001,20.02,194100,
AFCE,34.14,35.35,34.14,35.23,243100,
AFFX,4.34,4.49,4.18,4.41,1608600,
AFFY,1.05,1.05,1,1.02,736900,
AFG,48.32,48.799999,48.009998,48.73,336200,
AFL,57.650002,58.32,57.41,58.200001,2742700,
AFSI,34.94,35.260002,34.82,35.06,697800,
AG,8.97,9.55,8.9,9.47,1418000,
AGCO,51.450001,51.549999,50.990002,51.310001,817800,
AGEN,3.66,3.92,3.65,3.82,256200,
AGG,106.980003,107.199997,106.900002,107.199997,1333700,
AGII,42.100006,42.699998,41.890006,42.69,94500,
AGM,28.209999,28.99,28.09,28.93,26800,
AGN,123.919998,126.470001,123.699997,125.860001,1633500,
AGNC,22.68,23.049999,22.59,22.780001,9418500,
AGO,21.969999,22.280001,21.889999,22.139999,777500,
AGQ,15.65,15.83,15.01,15.17,770600,
AGRO,6.26,6.42,6.26,6.4,193600,
AGU,87.790001,87.910004,86,86.519997,1636000,
AGX,15.85,16.16,15.75,16.059999,237100,
AGYS,12.1,12.18,11.73,11.94,47200,
AH,19.2,19.4,18.9,19.2,332300,
AHGP,61.549999,63.119999,61.360001,62.919998,29500,
AHH,11.33,11.54,11.2,11.46,153300,
AHL,36.959999,37.360001,36.849998,37.189999,251700,
AHS,14.18,14.38,14.12,14.32,133700,
AHT,11.360005,11.410009,11.059997,11.299997,2140300,
AI,25.82,26.41,25.58,26.379999,170700,
AIG,43.950001,44.73,43.830002,44.48,16681200,
AIMC,26.99,27.549999,26.74,27.51,63300,
AIN,33.25,33.779999,33.130001,33.599998,133200,
AINV,7.6,7.74,7.56,7.74,1743900,
AIR,21.58,22,21.43,21.84,271500,
AIRM,35.290001,35.310001,34.41,34.919998,715000,
AIT,48.099998,48.610001,47.919998,48.470001,108400,
AIV,29.559999,30.23,29.459999,29.98,1196100,
AIXG,16.639999,16.780001,16.610001,16.76,106300,
AIZ,50.560001,51.09,50.509998,50.91,519900,
AJG,43.369999,44.029999,43.23,43.869999,323600,
AKAM,42.900002,43.099998,42.669998,42.689999,1136900,
AKG,1.99,2.09,1.98,2.01,95000,
AKRX,13.69,13.75,13.49,13.69,447000,
AKS,3.05,3.08,3,3.01,5191100,
AL,26.870001,27.360001,26.85,27.35,395000,
ALB,63.02,63.299999,62.549999,62.75,430300,
ALC,11.97,11.97,11.94,11.94,113700,
ALDW,24.23,24.23,23.459999,23.65,370500,
ALE,48.889999,49.720001,48.889999,49.389999,148900,
ALEX,40.02,40.27,39.52,39.990002,227100,
ALGN,36.009998,36.959999,35.740002,36.689999,748400,
ALGT,105.699997,105.919998,103.470001,105.400002,91000,
ALIM,4.77,4.95,4.71,4.81,124000,
ALJ,15.18,15.18,14.76,14.9,839400,
ALK,50.880001,52.130001,50.52,52.09,2371800,
ALKS,28.969999,29.08,28.459999,28.969999,1153600,
ALL,48.060001,48.419998,48,48.299999,2486200,
ALLT,13.86,13.86,13.42,13.7,216800,
ALNY,30.58,30.9,30.18,30.84,231100,
ALOG,72.470001,73,72.099998,72.730003,38900,
ALR,24.9,25.17,24.469999,24.549999,852400,
ALSK,1.74,1.74,1.72,1.74,87600,
ALSN,22.790001,23.52,22.790001,23.24,464900,
ALTR,32.880001,33.310001,32.650002,33.029999,3807700,
ALU,1.81,1.92,1.79,1.85,34190700,
ALV,75.470001,77.300003,75.459999,76.769997,816400,
ALXA,4.32,4.38,4.25,4.34,74100,
ALXN,93.669998,94.199997,92.849998,93.790001,968900,
AM,18.2,18.25,18.2,18.24,135200,
AMAG,21.92,23.940001,21.92,23.23,159100,
AMAT,15.13,15.14,14.88,14.91,9374800,
AMBA,16.5,16.73,16.01,16.18,796300,
AMBC,23,23.559999,22.68,23.4,479600,
AMCC,9.72,9.72,8.55,9.15,2011700,
AMCN,1.62,1.85,1.62,1.85,32900,
AMCX,63.860001,65.089996,63.529999,64.75,275400,
AMD,4.19,4.19,4.06,4.08,17426100,
AME,41.439999,42.060001,41.330002,42,707900,
AMED,13.05,13.3,13,13.29,307700,
AMG,158.669998,161.130005,158.660004,161,453300,
AMGN,100.480003,100.620003,98.349998,98.989998,2998200,
AMJ,47.080002,47.860001,46.419998,47.77,2130900,
AMKR,4.16,4.29,4.1,4.18,1014500,
AMLP,17.719999,17.870001,17.700001,17.84,4010100,
AMP,80.989998,81.75,80.68,81.690002,1078400,
AMPE,5.61,5.72,5.61,5.72,156400,
AMRC,8.77,8.87,8.65,8.81,424900,
AMRI,11.67,12.24,11.67,12.22,507000,
AMRN,5.8,5.81,5.6,5.68,2510600,
AMRS,2.79,2.92,2.75,2.92,579500,
AMSC,2.29,2.5,2.25,2.34,140900,
AMSG,34.93,35.419998,34.759998,35.360001,50500,
AMSWA,8.26,8.42,8.26,8.42,47300,
AMT,74.080002,75.550003,73.910004,74.230003,3645900,
AMTD,24.16,24.5,24.139999,24.450001,3370100,
AMTG,16.59,16.860001,16.379999,16.450001,930700,
AMWD,34.810001,35.080002,34.369999,34.779999,69900,
AMX,20.1,21.25,20.1,21.030001,10551100,
AMZN,279.179993,280.200012,274.540009,277.549988,2519500,
AN,42.98,43.470001,42.889999,43.389999,912400,
ANAC,5.31,5.55,5.15,5.53,190700,
ANAD,2.15,2.2,2.13,2.2,371100,
ANDE,53.25,53.699999,51.310003,53.059994,150000,
ANEN,22.92,23.09,22.56,22.78,56600,
ANF,44.68,45.529999,44.349998,45.259998,1224600,
ANGI,27,27.66,26.08,26.68,797400,
ANGO,11.13,11.44,11.13,11.3,32800,
ANH,5.46,5.51,5.45,5.51,1486600,
ANIK,16.639999,16.870001,16.450001,16.809999,81000,
ANN,32.860001,32.98,32.52,32.799999,1007300,
ANR,5.01,5.18,4.9,5.06,10767200,
ANSS,72.720001,74.169998,72.510002,74.040001,200900,
ANV,5.62,5.68,5.4,5.55,3743000,
ANW,8.73,8.91,8.6,8.8,277600,
AOI,3.75,3.79,3.72,3.78,16000,
AOL,35.82,37.07,35.82,36.639999,870900,
AON,64.739998,65,64.610001,64.959999,764000,
AOS,36.5,37.290001,36.5,37.209999,1586800,
AOSL,7.7,7.75,7.45,7.65,40200,
APA,83.550003,84.220001,83.300003,84.059998,2605600,
APAM,49.57,50.790001,49.259998,50.25,119400,
APC,87.050003,87.489998,85.980003,86.029999,2146000,
APD,94.480001,94.769995,92.370001,92.779994,3111600,
APEI,37.689999,37.889999,37.41,37.709999,59100,
APH,77.959999,79.519997,77.870003,79.419998,1899800,
APL,38.14,38.84,38.04,38.66,586500,
APO,23.35,24.25,22.870001,23.5,1882000,
APOG,24.34,24.83,24.139999,24.790001,211600,
APOL,17.41,17.940001,16.889999,17.280001,5537900,
APP,2.02,2.02,1.97,2.02,847100,
APRI,2.27,2.35,2.25,2.29,380700,
APU,49.009998,50.450001,48.610001,50,150700,
ARAY,5.47,5.68,5.46,5.62,1412600,
ARB,45.95,46.31,45.89,46.23,510900,
ARCC,17.049999,17.190001,16.99,17.139999,1861200,
ARCO,11.84,11.85,11.56,11.59,664200,
ARCP,14.99,15.26,14.92,15.2,3001100,
ARE,64.779999,66.580002,64.68,65.860001,647000,
AREX,24.120001,24.43,23.98,24.280001,367300,
ARG,96.879997,96.919998,95.379997,95.830002,436500,
ARI,16.049999,16.110001,15.91,16.040001,209000,
ARIA,17.860001,18.049999,17.190001,17.549999,1703800,
ARII,32.16,33.16,32.029999,33.060001,480700,
ARLP,68.779999,69.940002,68.720001,69.68,84600,
ARMH,36.75,37.009998,36.709999,36.889999,3990600,
ARNA,8.13,8.48,8.06,8.47,4378200,
ARO,12.95,13.64,12.92,13.6,2257800,
ARP,21.870001,22.18,21.700001,22.030001,379600,
ARPI,17.959999,17.959999,17.51,17.700001,116400,
ARQL,2.34,2.4,2.33,2.4,204300,
ARR,4.58,4.69,4.56,4.67,824400,
ARRS,14.57,14.61,14.43,14.54,1088300,
ARRY,4.56,4.66,4.51,4.64,775900,
ARTC,35.02,35.02,34.62,34.72,120400,
ARUN,14.77,15.31,14.72,15.15,1980200,
ARW,38.669998,39.560001,38.52,39.450001,422700,
ARX,7.65,7.89,7.57,7.66,24500,
ASA,11.75,12.08,11.71,12,285700,
ASBC,15.43,15.64,15.35,15.59,552100,
ASCA,26.39,26.4,26.26,26.32,371600,
ASEI,55.73,56.439999,55.73,56,30100,
ASFI,8.84,8.97,8.64,8.73,38600,
ASGN,26.219999,26.93,26.030001,26.879999,261600,
ASH,84.690002,85.050003,84.029999,84.809998,483100,
ASIA,11.55,11.59,11.52,11.58,136500,
ASMI,33.689999,33.900002,33.59,33.59,14900,
ASML,77.93,78.419998,77.800003,78.050003,572400,
ASNA,17.02,17.32,16.99,17.309999,1076500,
ASPS,94.699997,95.779999,94.540001,94.949997,45300,
ASR,105.800003,109.279999,105.800003,108.279999,98700,
ASTE,33.740002,34.849998,33.419998,34.369999,94700,
ASTI,0.73,0.78,0.72,0.76,70400,
ASTX,4,4.16,4,4.09,1042300,
ASYS,7.12,7.16,6.2,6.26,110400,
AT,3.92,3.98,3.86,3.95,909700,
ATAX,6.69,6.75,6.6,6.68,52900,
ATHN,89.440002,89.959999,87.769997,87.900002,432600,
ATHX,1.67,1.72,1.65,1.68,196500,
ATI,26.940001,27.629999,26.879999,27.049999,1991600,
ATK,80.75,82.18,80.68,81.94,220100,
ATLC,3.77,3.77,3.67,3.76,600,
ATLS,13.85,14.05,13.74,13.79,488197,
ATMI,23.6,23.74,23.6,23.71,64800,
ATML,7.25,7.4,7.12,7.36,9876200,
ATNI,49.07,49.830002,48.599998,49.669998,21300,
ATO,40.290001,40.900002,40.150002,40.650002,364300,
ATPAQ,0.07,0.07,0.061,0.065,234400,
ATR,55.209999,55.73,55,55.41,90500,
ATRS,4.1,4.18,4.09,4.16,720400,
ATSG,6.43,6.63,6.36,6.62,131900,
ATU,32.48,33.310001,32.48,33.200001,600900,
ATVI,13.81,14.22,13.8,14.04,4232900,
ATW,52.259998,52.259998,51.709999,51.900002,666300,
AU,13.4,13.86,13.32,13.6,3588300,
AUDC,4.41,4.5,4.28,4.28,32300,
AUM,92.959999,93.309998,92.629997,92.75,0,
AUMN,1.35,1.43,1.33,1.39,409300,
AUO,3.47,3.52,3.47,3.51,910300,
AUQ,4.13,4.21,4.01,4.15,3333000,
AUXL,16.51,16.61,16.11,16.58,468100,
AUY,8.7,8.9,8.63,8.8,8285400,
AVA,26.85,27.049999,26.799999,26.959999,299000,
AVAV,19.99,20.18,19.879999,20.139999,402400,
AVB,136.360001,137.380005,135.800003,136.470001,1145200,
AVD,22.25,23.07,21.83,22.940001,888800,
AVEO,2.53,2.56,2.41,2.56,809000,
AVG,19.190001,19.959999,19.190001,19.629999,1214900,
AVGO,37.48,37.84,37.290001,37.32,2635900,
AVHI,17.15,17.52,17,17.25,48300,
AVID,6.1,6.12,6.03,6.06,68300,
AVIV,24.84,25.46,24.84,25.3,251500,
AVL,0.52,0.55,0.5,0.53,569500,
AVNR,4.47,4.58,4.44,4.56,1390500,
AVP,21.280001,21.690001,21.190001,21.200001,2797100,
AVSPY,124.98,124.98,122.77,122.9,0,
AVT,33.380001,34.130001,33.32,33.82,713100,
AVX,11.64,11.81,11.64,11.77,206600,
AVY,42.439999,43.009998,42.220001,42.73,519100,
AWAY,32.41,32.900002,30.309999,32.529999,1479000,
AWC,30.438,31.562,30.438,31.562,100,
AWH,90.380001,91.66,90.380001,91.320002,370500,
AWI,47.330002,48.259998,46.77,48.169998,287800,
AWK,40.48,40.75,40.43,40.459999,643900,
AWR,53.98,54.110001,53.490002,53.84,172800,
AWRE,4.93,5.03,4.73,4.74,154500,
AXAS,2.13,2.16,2.12,2.12,260400,
AXE,74.160004,75.93,74.160004,75.760002,134100,
AXL,17.9,18.51,17.889999,18.41,1316700,
AXLL,43.27,44.119999,43.040001,43.389999,1015600,
AXP,74.379997,75.43,74.379997,75.120003,4215300,
AXS,45.59,46.029999,45.560001,45.82,788000,
AXTI,2.54,2.61,2.52,2.58,228600,
AXU,0.92,0.94,0.91,0.91,257900,
AYI,75.379997,76.440002,75.199997,76.120003,271800,
AYR,15.62,16,15.53,16,862900,
AZC,2.07,2.15,2.04,2.07,46500,
AZN,48.169998,48.439999,47.41,47.990002,2427800,
AZO,415.649994,424.410004,415.649994,422.869995,221500,
AZPN,28.790001,29.07,28.59,29.02,793800,
AZZ,42.119999,43.25,42.07,43.099998,121500,
B,29.51,30.02,29.459999,30,220500,
BA,102.410004,103.519997,102.010002,103.150002,6577700,
BAA,0.63,0.69,0.63,0.66,398500,
BABY,13.45,13.73,13.41,13.68,48100,
BAC,12.84,13.03,12.78,13.01,124616300,
BAH,16.889999,17.75,16.73,17.49,850100,
BAK,15.1,15.59,14.96,15.2,301200,
BAL,53.580002,53.830002,53.450001,53.799999,5500,
BALT,3.51,3.7,3.5,3.62,76100,
BAM,35.899996,36.21,35.88,35.929994,857600,
BANR,33.349998,33.889999,33.25,33.830002,91800,
BAP,126.84,129.040004,125.540006,127.990001,317900,
BAS,12.42,12.53,12.24,12.28,451600,
BAX,70.199999,70.399996,69.639997,69.7,5137300,
BAXS,2.19,2.23,2.07,2.18,56400,
BBBY,69.550003,70.5,68.720001,70.150002,4093700,
BBCN,13.87,14.22,13.79,14.17,466500,
BBD,13.06,13.310001,13.04,13.170001,10853700,
BBEP,18.08,18.34,18.08,18.25,485200,
BBG,20.860001,21.09,20.43,20.440001,1263000,
BBH,69.050003,69.25,68.269997,68.730003,145100,
BBL,51.57,52.259998,51.57,51.93,791700,
BBOX,25.200001,25.360001,24.959999,25.209999,43700,
BBRG,17.91,17.99,17.799999,17.940001,46600,
BBRY,15.04,15.09,14.28,14.48,37407900,
BBT,33.970001,34.369999,33.91,34.119999,3120300,
BBVA,8.49,8.57,8.45,8.55,2446500,
BBW,6.28,6.67,6.28,6.5,105400,
BBX,12.9,13.17,12.9,13.14,36800,
BBY,27.4,27.92,27.360001,27.84,3220900,
BC,32.080002,33.09,31.98,32.5,722100,
BCC,25.26,25.639999,25.26,25.440001,415100,
BCE,40.07,40.549999,39.57,40.080002,1991900,
BCEI,35.900002,36.25,35.27,35.610001,455400,
BCO,25.719999,25.719999,25.540001,25.58,145300,
BCOR,18.25,18.65,18.25,18.6,319400,
BCOV,8.59,8.95,8.43,8.89,760500,
BCPC,44.490002,45.009998,44.25,44.880001,54400,
BCR,108.400002,109.07,107.599998,108.550003,668600,
BCRX,1.53,1.64,1.53,1.6,514500,
BCS,17.46,17.66,17.36,17.5,2776421,
BDBD,12.35,12.56,12.26,12.53,553500,
BDC,50.439999,50.93,50.189999,50.830002,220800,
BDE,9.49,9.6,9.39,9.49,197400,
BDN,13.62,13.93,13.6,13.74,1812600,
BDSI,3.98,4.07,3.93,4,279300,
BDX,99.639999,99.660004,98.709999,98.75,787200,
BEAM,62.83,63.49,62.71,63.11,381800,
BEAT,6.19,6.27,5.81,5.82,743600,
BEAV,63.440006,63.940001,63.169994,63.620006,1512600,
BEBE,5.29,5.58,5.27,5.58,67300,
BECN,37.990002,38.860001,37.689999,38.630001,440800,
BEE,8.9,9.01,8.88,8.98,1740600,
BEN,138.419998,139.460003,137.759995,138.930004,2818500,
BERY,22.16,22.34,21.84,22.120001,624700,
BF.B,68.470001,69,68.089996,68.43,186800,
BFAM,33.790001,34.970001,33.790001,34.110001,203200,
BG,70.419998,71.150002,70.239998,71.050003,460900,
BGC,30.469999,31.110001,30.25,30.99,508600,
BGCP,5.84,5.95,5.82,5.91,2185900,
BGFV,20.51,21.540001,20.51,21.49,282100,
BGG,19.219999,19.530001,19.15,19.530001,253600,
BGS,33.98,34.25,33.939999,34,206000,
BHE,20.200001,20.57,20.059999,20.16,544600,
BHI,45.52,46.169998,45.5,45.869999,3061700,
BHP,58.25,58.900002,58.16,58.439999,2216300,
BIB,92.300003,92.5,90.360001,91.800003,142800,
BID,38.299999,38.400002,37.880001,37.950001,1171700,
BIDU,94.989998,95.220001,93.760002,94.190002,2159100,
BIG,31.700001,31.99,31.360001,31.370001,1014400,
BIIB,209.800003,212.979996,207.820007,208.809998,1400700,
BIO,110.900002,112.410004,110.5,111.589996,20400,
BIOD,4.17,4.25,4.12,4.17,155600,
BIOL,3.750014,3.800018,3.620018,3.680011,248400,
BIOS,16.58,16.780001,16.41,16.74,395200,
BIP,36.029998,36.249999,35.819999,36.189998,499200,
BIRT,6.41,6.68,6.34,6.66,120400,
BITA,11.15,11.19,10.91,10.98,22900,
BIV,83.419998,83.559998,83.279999,83.519997,482400,
BJRI,37.09,37.450001,36.700001,37.279999,242300,
BK,28.58,28.799999,28.389999,28.719999,5526900,
BKCC,9.26,9.42,9.24,9.42,481000,
BKD,26.4,26.9,26.360001,26.690001,876300,
BKE,52.039997,52.290002,51.849998,51.919993,263300,
BKF,33.630001,34.060001,33.599998,33.93,56900,
BKH,48.110001,48.709999,48.060001,48.639999,150300,
BKI,37.23,37.24,36.97,37,377300,
BKLN,24.709999,24.74,24.690001,24.74,5090700,
BKMU,5.74,5.84,5.63,5.77,61800,
BKS,16.53,16.53,15.71,15.84,2031500,
BKU,26.57,27,26.5,26.700001,758900,
BKW,19.8,19.91,19.73,19.79,1026100,
BKX,61.2,61.92,61.2,61.8,0,
BLC,14,14.04,13.97,14.04,1039700,
BLDP,1.88,1.9,1.78,1.82,912400,
BLDR,6,6.06,5.91,6.05,177300,
BLK,257.350006,265.5,257.350006,264.059998,1042100,
BLKB,32.419998,33.119999,32.369999,32.889999,110200,
BLL,42.299999,42.349998,42.02,42.139999,971700,
BLMN,25.370001,25.48,24.530001,24.99,987300,
BLOX,29.73,30.040001,29.43,29.93,683500,
BLT,11.94,11.99,11.8,11.97,489700,
BLV,84.440002,84.949997,84.290001,84.949997,236500,
BLX,22.4,22.629999,22.379999,22.5,126000,
BMC,45.06,45.09,44.96,45.05,2106400,
BMI,43.240002,44.810001,43.080002,44.619999,108200,
BMO,58.16,58.419998,57.880001,58.130001,352400,
BMR,19.700001,20.280001,19.67,20.25,2091100,
BMRN,57.43,57.669998,56.240002,56.709999,787400,
BMS,39,39.16,38.849998,38.889999,371400,
BMY,46.57,46.849998,46.169998,46.299999,5895700,
BNCL,8.460002,8.489996,8.419999,8.439995,91700,
BND,80.68,80.839996,80.650002,80.839996,895100,
BNNY,42.5,43.51,42.33,43.25,195400,
BNO,77.769997,78.550003,77.769997,78.139999,2200,
BNS,53.790001,54.029999,53.360001,53.919998,565300,
BOBE,46.849998,47.400002,46.849998,47.259998,162500,
BODY,12.62,12.9,12.62,12.77,14700,
BOFI,47,47,45.59,45.66,785200,
BOH,50.169998,50.610001,49.950001,50.48,299200,
BOIL,39.18,39.57,35.959999,36.57,93200,
BOKF,63.66,64.529999,63.02,64.230003,59000,
BOLT,16.54,16.78,16.4,16.78,22600,
BONA,3.6,3.7,3.58,3.65,82200,
BOND,105.489998,105.75,105.389999,105.699997,651400,
BONT,18.190001,18.48,17.860001,18.389999,252500,
BOOM,16.5,16.700001,16.41,16.65,23200,
BORN,1.21,1.21,1.17,1.18,21100,
BOTA,3.2,3.22,3.12,3.14,23300,
BP,41.59,41.98,41.59,41.779999,5059500,
BPAX,1.08,1.08,0.91,0.96,483700,
BPFH,10.41,10.7,10.22,10.66,416800,
BPI,12.09,12.41,12.07,12.13,332800,
BPL,69.440002,70.230003,69.440002,69.709999,406900,
BPO,16.7,16.85,16.65,16.76,796300,
BPOP,29.74,30.389999,29.530001,30.290001,484900,
BPT,95.949997,97.07,95.5,95.629997,132600,
BPX,65.410004,65.779999,65.370003,65.540001,0,
BPY,20.440001,20.450001,20.1,20.219999,173500,
BPZ,1.8,1.8,1.72,1.75,682000,
BR,26.07,26.32,25.950001,26.27,612600,
BRC,29.940001,30.52,29.74,30.35,146400,
BRCD,5.69,5.84,5.62,5.77,8711800,
BRCM,34.200001,34.240002,33.599998,33.610001,5845500,
BRE,49.33,50.18,49.29,50.04,462400,
BREW,8.01,8.23,8.01,8.17,29100,
BRF,32.599998,32.880001,32.560001,32.57,63800,
BRFS,22.16,22.459999,22.02,22.059999,2532100,
BRK.B,113.629997,113.699997,112.949997,113,3209200,
BRKL,8.74,8.78,8.71,8.75,277100,
BRKR,16.290001,16.48,16.139999,16.42,372700,
BRKS,9.78,9.87,9.72,9.73,250800,
BRLI,28.64,29.05,28.64,28.91,171900,
BRO,31.629999,32.389999,31.48,32.209999,627600,
BRS,66.190002,66.269997,65.580002,65.870003,150100,
BRY,43.2,43.4,42.64,42.69,280300,
BSAC,23.48,24.18,23.469999,23.950001,357200,
BSBR,6.3,6.4,6.2,6.24,6094200,
BSDM,1.29,1.32,1.27,1.3,55600,
BSET,15.81,15.99,15.51,15.67,22200,
BSFT,27.889999,28.139999,27.299999,27.780001,286800,
BSMX,13.72,14.14,13.72,14.02,1451700,
BSRR,14.69,14.93,14.63,14.87,12000,
BSX,9.4,9.45,9.19,9.22,14998800,
BTE,35.990002,36.439999,35.939999,35.950001,150200,
BTH,13.86,13.91,13.74,13.88,91200,
BTI,105.330002,105.809998,104.699997,105.129997,183000,
BTN,4.12,4.19,4.12,4.18,42100,
BTU,14.640008,14.780007,14.500007,14.640008,443800,
BTX,3.85,3.97,3.8,3.95,184200,
BUD,89.559998,90.900002,89.5,90.040001,1574700,
BUSE,4.529996,4.549995,4.489995,4.509996,43400,
BV,9.1,9.44,8.99,9.39,779500,
BVN,13.62,14.02,13.55,13.69,2141700,
BWA,85.360001,86.760002,85.239998,86.43,1479200,
BWC,29.790001,30.190001,29.6,30.01,718600,
BWEN,4.46,4.86,4.46,4.62,85500,
BWLD,100.139999,100.940002,98.209999,98.309998,504500,
BWP,30.200001,30.5,30.190001,30.4,608000,
BWS,20.81,21.37,20.72,21.36,333300,
BWX,56.68,56.759998,56.43,56.669998,535600,
BX,20.709999,20.98,20.5,20.82,4951500,
BXP,104.449997,106.620003,104.440002,106.480003,1164300,
BXS,17.299999,17.709999,17.23,17.66,792000,
BYD,11.07,11.35,11.02,11.3,1677000,
BYI,55.28,56.43,55.28,56.33,520100,
BZ,8.22,8.39,8.2,8.32,607600,
BZF,17.92,18.07,17.860001,17.940001,27500,
BZH,17.33,17.92,17.24,17.76,907100,
BZQ,92.260002,92.389999,89.540001,91.75,23000,
C,48.139999,48.689999,47.810001,48.279999,29309200,
CA,27.690001,28.92,27.620001,28.799999,5844200,
CAAS,5.25,5.42,5.16,5.38,35400,
CAB,65.260002,66.190002,65.199997,66.010002,830500,
CACI,62,62.869999,61.889999,62.330002,476000,
CADX,7.13,7.24,6.86,6.99,694600,
CAG,34.32,35.539998,34.15,35.039999,12091100,
CAH,47.77,48.150002,47.66,47.720001,1900700,
CAJ,33.16,33.209999,32.900002,32.959999,614000,
CAK,0.54001,0.57,0.53001,0.55002,135600,
CAKE,41.509998,42.119999,40.619999,41.75,568200,
CALD,6.45,6.53,6.22,6.48,144700,
CALL,14.18,14.6,13.75,14.5,262829,
CALM,46.130001,47.669998,45.889999,47.470001,167000,
CALX,10.34,10.36,10.14,10.21,221200,
CAM,62.200001,62.490002,61.639999,61.740002,1408000,
CAMP,13.89,14.45,13.65,14.38,919900,
CAP,24.15,24.24,23.620001,23.82,386800,
CAR,29.5,29.85,29.299999,29.5,1834300,
CARB,12.38,12.8,12.38,12.64,44300,
CAS,15.85,16.07,15.76,15.98,144900,
CASY,59.509998,60.98,59.509998,60.720001,252500,
CAT,82.550003,83.169998,82.550003,82.959999,4658000,
CATM,27.440001,27.870001,27.440001,27.57,420800,
CATO,24.48,24.85,24.450001,24.82,56200,
CATY,20.030001,20.49,20.030001,20.459999,198100,
CAVM,35.330002,35.93,35.18,35.75,670200,
CB,88.769997,89.550003,88.529999,89.519997,1670900,
CBAK,1.1,1.12,1.03,1.09,86800,
CBB,3.01,3.1,2.97,3,314200,
CBD,45.43,46.040001,45.25,45.91,691400,
CBEY,7.6,7.99,7.6,7.95,119100,
CBF,18.549999,19.129999,18.540001,19.08,356400,
CBG,22.780001,23.27,22.719999,23.219999,3038000,
CBI,59.990002,60.200001,59.389999,59.720001,1113000,
CBK,6.09,6.75,6.02,6.73,693200,
CBL,21.5,21.790001,21.34,21.74,1117800,
CBLI,1.6,1.63,1.5,1.53,2300,
CBM,13.94,14.32,13.94,14.29,105300,
CBOE,45.779999,46.950001,45.529999,46.849998,1148700,
CBR,3.55,3.55,3.5,3.5,130700,
CBRL,94.019997,95.349998,94.019997,94.919998,106000,
CBS,48.66,49.150002,48.560001,48.799999,2767200,
CBS.A,48.709999,49.110001,48.700001,48.759998,4300,
CBSH,43.350127,43.770133,42.960135,43.750135,721600,
CBST,50.11,50.57,49.5779,49.96,539100,
CBT,37.790001,38.209999,37.790001,37.98,126700,
CBU,30.459999,30.639999,30.24,30.6,159200,
CBZ,6.67,6.72,6.67,6.71,77200,
CCC,16.629999,16.92,16.559999,16.860001,486000,
CCE,35.049999,35.529999,35.009998,35.369999,3277800,
CCG,11.61,11.67,11.43,11.63,696800,
CCI,70.540001,73.290001,70.480003,72.470001,4992600,
CCIX,18.47,18.47,18.14,18.15,87700,
CCJ,20.809999,20.889999,20.49,20.700001,880000,
CCK,40.77,41.07,40.650002,40.799999,570600,
CCL,34.490002,34.77,34.290001,34.290001,5002600,
CCM,4.030004,4.100004,3.999996,3.999996,2100,
CCMP,33.549999,33.799999,32.970001,33.02,160300,
CCO,7.46,7.57,7.43,7.51,77700,
CCOI,28.35,28.67,28.1,28.5,203100,
CCRN,4.97,5.24,4.96,5.22,45400,
CCUR,7.41,7.59,7.41,7.57,40200,
CDD,104.620003,105.040001,104.290001,104.769997,0,
CDE,11.71,12.16,11.69,12.14,1873000,
CDI,14.5,14.5,14.18,14.28,98300,
CDNS,14.48,14.63,14.41,14.6,1184400,
CDR,5.21,5.29,5.16,5.25,457800,
CDZI,4.82,4.84,4.65,4.65,194200,
CE,45,45.919998,44.639999,45.490002,829400,
CEB,62.639999,63.5,62.630001,63.110001,144000,
CEC,0.73081,0.73081,0.73081,0.73081,3947700,
CECE,12.6,12.6,12.36,12.58,69600,
CECO,2.88,3.04,2.86,3.01,657200,
CEL,9.32,9.38,9.16,9.23,46100,
CELG,119.419998,119.900002,117.629997,118.400002,4129800,
CENTA,7.2,7.2,6.89,7.04,326500,
CENX,9.25,9.5,9.21,9.46,833900,
CEO,165.410004,166.179993,164.259995,165.160004,109800,
CERN,97.18,97.660004,96.279999,96.790001,946600,
CERS,4.42,4.47,4.36,4.46,250600,
CETV,3.43,3.43,3.28,3.32,529000,
CEVA,18.5,18.67,18.389999,18.65,108100,
CF,177.999992,177.999992,174.300003,175.380001,6226500,
CFI,16.870001,17.299999,16.74,17.110001,24400,
CFN,36.58,37.48,36.56,37.12,1887000,
CFNL,14.77,15.1,14.77,15.01,184000,
CFR,66.379997,67.059998,66.239998,66.93,686500,
CFX,51.66,52.48,51.639999,52.310001,473600,
CG,24.950001,25.379999,24.65,25.17,612500,
CGA,2.86,2.88,2.82,2.88,25300,
CGEN,5.61,5.64,5.26,5.47,206700,
CGG,22.450001,22.459999,22.01,22.120001,400,
CGI,18.190001,18.559999,18.030001,18.52,99900,
CGNX,45.369999,46.48,44.880001,46.360001,326200,
CGX,46.46,48.02,46.29,46.89,91100,
CHCO,38.580002,39.18,38.25,38.990002,26100,
CHD,60.279999,61.389999,60.209999,61.049999,1183800,
CHDN,79.019997,79.690002,78.739998,79.489998,18500,
CHDX,15.13,15.79,15.13,15.7,32500,
CHE,74.580002,74.980003,73.010002,73.160004,294200,
CHEF,17.25,17.43,17.1,17.25,60700,
CHFC,26,26.35,26,26.24,30300,
CHH,39.919998,40.619999,39.849998,40.369999,65800,
CHIQ,13.38,13.5,13.38,13.44,75900,
CHK,20.460001,20.9,20.460001,20.580002,16456000,
CHKP,50.91,51.16,50.5,50.560001,1435900,
CHKR,14.92,15.24,14.92,15.13,81400,
CHL,50.389999,50.810001,50.279999,50.560001,746100,
CHLN,1.68,1.79,1.65,1.69,13900,
CHMT,21.040001,21.17,20.860001,20.9,596600,
CHOP,1.81,1.86,1.75,1.76,2700,
CHRW,55.43,56.119999,55.330002,55.73,1164600,
CHS,16.27,16.77,16.25,16.73,4025100,
CHSP,20.99,21.08,20.639999,20.93,574000,
CHT,31.84,32,31.82,31.870001,94400,
CHTP,2.3,2.31,2.15,2.25,873200,
CHTR,119.75,128.570007,118.93,123.809998,1620500,
CHU,13.08,13.2,13.03,13.16,586800,
CHUY,38.799999,39.880001,38.669998,39.110001,246700,
CI,71.669998,72.809998,71.639999,72.559998,1850700,
CIB,56.189999,56.849998,55.799999,55.889999,175900,
CIE,26.959999,27.040001,26.59,26.709999,1850600,
CIEN,19.450001,19.709999,19.360001,19.67,2064600,
CIG,8.859997,9.140007,8.859997,9.090004,4607700,
CIM,2.91,3.01,2.91,3.01,1232600,
CINF,45.740002,46.380001,45.740002,46.259998,339200,
CIS,1.7,1.71,1.68,1.71,15733,
CISG,6.28,6.28,6,6.05,91600,
CIT,46,47.38,45.77,46.99,1755069,
CJES,19.629999,19.73,18.940001,19.059999,773200,
CKEC,18.139999,18.35,18.139999,18.27,162900,
CKH,83,84.209999,82.669998,83.43,219600,
CKP,13.62,14.22,13.49,14.14,194200,
CKSW,8.34,8.44,8.19,8.28,42900,
CL,57.509998,57.830002,57.139999,57.389999,2983100,
CLB,153.440002,153.449997,151.380005,152.740005,101300,
CLC,52.23,52.990002,52.130001,52.740002,205500,
CLD,16.59,16.790001,16.17,16.370001,1060000,
CLDT,16.549999,16.74,16.469999,16.700001,140800,
CLDX,15.29,15.72,14.98,15.16,1960000,
CLF,15.89,16.379999,15.74,16.25,7412000,
CLGX,22.85,23.26,22.719999,23.110001,833000,
CLH,51.790001,51.790001,50.889999,51.099998,589600,
CLI,24.48,24.9,24.459999,24.809999,739500,
CLMS,10.49,10.55,10.47,10.5,108600,
CLMT,36,36.490002,35.82,35.98,273600,
CLNE,12.82,13.47,12.7,13.29,1463600,
CLNY,19.67,20,19.59,19.82,678600,
CLP,5600,5600,5600,5600,0,
CLR,85.940002,86.360001,84.790001,85.029999,1587400,
CLS,9.4,9.55,9.4,9.5,158200,
CLSN,1.099999,1.140001,1.05,1.05,776600,
CLW,47.060001,47.380001,46.810001,47.080002,158100,
CLWR,4.98,4.99,4.98,4.985,16476900,
CLX,83.919998,84.5,83.300003,83.910004,716900,
CM,71.75,72.769997,71.019997,71.889999,447000,
CMA,40.049999,40.200001,39.709999,40.029999,2011100,
CMC,13.84,14.64,13.8,14.53,1619700,
CMCO,21.549999,22.049999,21.280001,21.969999,58800,
CMCSA,40.549999,40.869999,40.259998,40.299999,26124200,
CMCSK,38.610001,38.990002,38.560001,38.57,1403500,
CME,76.599998,77.050003,76.18,76.519997,1955500,
CMG,364.950012,366.959991,361.190002,364.149994,336600,
CMI,108.290001,108.980003,107.910004,108.510002,1868900,
CMLP,22.32,22.690001,22.190001,22.35,835800,
CMN,33.12,33.99,33.010005,33.949994,101100,
CMO,11.97,12.15,11.94,12.02,912100,
CMP,83.209999,84.410004,83.07,83.589996,189000,
CMRE,17.299999,17.34,17.139999,17.200001,222000,
CMS,27.5,27.719999,27.450001,27.52,2085500,
CMTL,25.84,25.99,25.77,25.969999,37900,
CNA,32.040001,32.740002,32.040001,32.610001,210400,
CNC,50.080002,52.41,50.080002,51.959999,1411000,
CNDO,8,8.05,7.87,7.99,246800,
CNH,42.04,42.57,41.9,42.12,268800,
CNI,97.629997,97.910004,97.07,97.330002,880800,
CNIT,2.32,2.45,2.31,2.45,20800,
CNK,27.809999,28.26,27.780001,28.1,520800,
CNL,45.439999,46.290001,45.43,46.080002,347200,
CNMD,30.66,30.91,30.559999,30.889999,62600,
CNO,12.82,13,12.78,12.89,1089800,
CNP,23.379999,23.629999,23.309999,23.49,1907200,
CNQ,28.48,28.719999,28.35,28.530001,1997600,
CNQR,79.97,81.84,79.06,81.13,794800,
CNS,34.59,35.689999,34.419998,35.57,95700,
CNSI,29.1,29.49,28.959999,29.15,57800,
CNSL,17.01,17.549999,16.93,17.48,170000,
CNW,39.200001,39.830002,39.060001,39.720001,671300,
CNX,27.389999,27.860001,27.120001,27.35,3318600,
COCO,2.21,2.3,2.16,2.29,653100,
CODE,1.12,1.12,1.12,1.12,0,
CODI,17.25,17.549999,17.15,17.16,173600,
COF,62,63,61.84,62.689999,2650400,
COG,71.769997,72.120003,70.589996,70.800003,3439400,
COGO,1.97,2.1,1.96,1.97,42500,
COH,56.509998,56.68,56.09,56.380001,1837900,
COHR,55.099998,56.139999,54.970001,55.939999,50600,
COHU,12.4,12.93,12.39,12.77,190100,
COL,63,63.279999,62.630001,62.93,607400,
COLB,23.139999,23.59,23.139999,23.549999,271100,
COLM,60.919998,62.709999,60.43,61.950001,87600,
CONE,19.01,19.809999,18.98,19.709999,467900,
CONN,51.169998,51.91,50.610001,51.790001,269300,
COO,118.379997,118.489998,117.300003,117.800003,314400,
COP,60.619999,61.099998,60.310001,60.34,3704500,
COR,30.860001,31.35,30.860001,31.09,195900,
CORE,61.799999,62.73,61.799999,62.66,286800,
CORN,40.650002,40.650002,40.349998,40.48,40400,
CORR,7.1,7.11,7.05,7.1,20100,
CORT,1.8,1.8,1.75,1.79,112100,
COST,111.57,112.349998,111.239998,111.489998,922200,
COT,7.74,7.81,7.68,7.71,409300,
COTY,17.07,17.24,16.969999,17.24,1773800,
COV,57.1,57.54,56.91,57.44,2678500,
COW,27.25,27.469999,27.25,27.43,18900,
COWN,3.02,3.02,2.95,2.97,1385000,
CP,121.690002,122.470001,120.720001,120.739998,591300,
CPA,134.149994,135.570007,132.839996,133.509995,210100,
CPB,44.709999,45.060001,44.650002,44.880001,1480200,
CPE,3.45,3.49,3.41,3.44,123600,
CPF,18.129999,18.450001,18.049999,18.280001,161800,
CPHD,34.639999,35.240002,34.25,34.619999,363200,
CPIX,5.06,5.06,5.02,5.05,103400,
CPL,18.709939,18.849937,18.419947,18.569947,928600,
CPLA,41.360001,42,41.16,41.549999,51600,
CPLP,9.26,9.4,9.1,9.27,318600,
CPN,21.32,21.540001,21.200001,21.23,3873600,
CPRT,30.530001,30.879999,30.5,30.809999,548300,
CPSI,48.419998,48.849998,48.360001,48.700001,52700,
CPSS,7.1,7.56,6.98,7.5,189200,
CPT,68.279999,69.559998,68.279999,69.440002,633600,
CPWR,10.0255,10.1792,9.98712,10.0255,1300400,
CQB,11.04,11.05,10.93,10.94,441400,
CQP,28.9,29.200001,28.299999,28.299999,408300,
CQQQ,25.35,25.389999,25.309999,25.35,4400,
CR,58.360001,58.919998,58.119999,58.720001,130700,
CRAY,19.700001,20.110001,19.66,19.82,201600,
CREE,63.34,64.239998,62.419998,62.459999,1841400,
CRH,20.59,20.73,20.360001,20.5,84600,
CRI,73.279999,73.760002,72.779999,73.440002,394000,
CRIS,3.24,3.27,3.2,3.21,211000,
CRK,16.49,16.62,15.89,16,238500,
CRL,41.360001,41.740002,41.189999,41.349998,388100,
CRM,38.34,38.950001,38.299999,38.84,5187200,
CRME,1.99,2.01,1.91,1.91,12400,
CRMT,43.259998,43.5,43.040001,43.220001,31600,
CRNT,3.19,3.23,3.14,3.19,48000,
CROC,44.700001,45.349998,44.700001,45.25,16500,
CROX,15.75,16.280001,15.73,16.129999,1392000,
CRR,65.790001,66.93,64.910004,66.040001,250200,
CRRC,13.65,14.16,13.55,14.12,22600,
CRS,45.23,45.759998,44.900002,45.5,250000,
CRTX,8.64,8.77,7.94,8,119600,
CRUS,17.25,17.280001,16.91,16.92,1955500,
CRY,6.09,6.15,6.05,6.15,32300,
CRZO,28.73,29.110001,28.370001,28.719999,791400,
CS,26.48,26.809999,26.42,26.67,2036500,
CSC,44.249998,45.029996,44.249998,44.679999,2977400,
CSCO,24.469999,24.709999,24.459999,24.629999,27115400,
CSE,9.22,9.53,9.19,9.46,1642000,
CSGP,128.580002,130.75,128.449997,129.509995,195900,
CSGS,21.66,22.059999,21.57,21.91,226200,
CSH,46.039995,46.410005,45.649996,45.959988,248800,
CSII,20.690001,20.75,20.440001,20.67,78400,
CSIQ,10.23,11.34,10.2,11.06,8298400,
CSL,62.360001,63.009998,62.029999,62.790001,345400,
CSOD,44.400002,44.490002,43.66,44.290001,330000,
CST,31.469999,31.6,30.85,30.969999,1081400,
CSTE,26.93,28.23,26.690001,27.620001,63100,
CSTM,15.18,16,15.09,15.88,360200,
CSTR,59.5,59.94,58.76,59.08,266400,
CSU,23.629999,24.57,23.51,24.18,240100,
CSUN,1.88,1.97,1.88,1.9,104400,
CSV,17.200001,17.43,17.17,17.219999,78600,
CSX,23.360001,23.57,23.23,23.459999,6067300,
CTAS,45.470001,46.049999,45.470001,45.939999,339000,
CTB,32.93,33.049999,32.75,32.970001,841200,
CTCM,11.19,11.35,11.1,11.28,329600,
CTCT,15.96,16.139999,15.79,16.040001,182100,
CTGX,22.25,22.84,22.23,22.8,65200,
CTIC,1.12,1.14,1.08,1.11,1286500,
CTL,35,35.73,34.98,35.27,3755100,
CTRN,14.25,14.64,14.12,14.57,61700,
CTRP,32.240002,32.990002,31.639999,32.720001,2102500,
CTRX,50.490002,50.77,49.490002,49.639999,1359500,
CTS,13.79,14.1,13.79,13.95,126100,
CTSH,64.129997,64.290001,62.860001,63.099998,6733000,
CTXS,59.83,60.940002,59.81,60.790002,1916000,
CU,19.91,20.110001,19.91,20.059999,12100,
CUB,48.189999,48.689999,47.849998,48.59,84500,
CUBE,15.88,16.200001,15.85,16.18,957000,
CUI,5.67,5.7,5.43,5.52,34293,
CUK,35.16,35.509998,35.07,35.09,95600,
CURE,92.82,93.059998,91.199997,91.57,261600,
CUTR,8.84,8.87,8.64,8.73,129600,
CUZ,9.94,10.19,9.94,10.130001,1942000,
CVA,19.82,20.110001,19.82,19.93,640500,
CVBF,11.81,11.99,11.67,11.88,343100,
CVC,15.5,17.01,15.47,16.280001,9694700,
CVD,76.95,77.43,76.81,77.17,392900,
CVE,28.190001,28.5,28.1,28.450001,764500,
CVG,17.450001,17.58,17.34,17.549999,484600,
CVGI,7.4,7.61,7.39,7.49,79100,
CVGW,26.48,26.66,26.35,26.52,70400,
CVI,48.639999,48.82,46.93,47.07,555400,
CVLT,79.419998,80,78.959999,79.730003,451200,
CVO,2.15,2.17,2.09,2.1,20000,
CVRR,29.68,30.02,29.639999,30.02,1114100,
CVS,57.650002,57.959999,57.189999,57.259998,4081000,
CVU,10.21,11.11,10.13,10.87,131500,
CVX,118.519997,119.540001,118.489998,118.709999,4459400,
CVY,23.059999,23.17,23.030001,23.129999,452200,
CW,36.73,37.360001,36.650002,37.279999,142700,
CWCO,11,11.06,10.92,11.01,63200,
CWH,0.14,0.14,0.14,0.14,0,
CWST,4.08,4.39,4.08,4.21,601700,
CWT,19.450001,19.48,19.32,19.440001,172500,
CWTR,2.36,2.66,2.36,2.5,320900,
CX,10.55997,10.709966,10.419957,10.649959,15631700,
CXDC,4.06,4.06,4.03,4.04,10400,
CXO,86.690002,87.169998,84.800003,84.800003,754600,
CXPO,2.9,2.9,2.81,2.85,49500,
CXW,34.009998,34.669998,33.939999,34.189999,1617000,
CY,10.49,10.74,10.46,10.58,2123100,
CYB,25.879999,26,25.860001,25.93,177800,
CYBX,51.299999,52.099998,51.299999,51.740002,139500,
CYC,1187.77,1187.77,1187.77,1187.77,0,
CYCC,2.909999,2.989999,2.899999,2.929999,10300,
CYD,17.49,17.620001,17.34,17.4,22200,
CYH,46.560002,47.78,46.560002,47.710002,1098900,
CYN,62.509998,63.310001,62.310001,63.279999,286100,
CYNO,24.49,25.68,24.219999,25.6,535200,
CYOU,29.92,30.4,29.5,29.879999,109400,
CYS,9.12,9.29,9.1,9.25,2060300,
CYT,75.169998,75.349998,74.529999,74.830002,614000,
CYTR,2.03,2.13,2.03,2.08,11100,
CYTX,2.260001,2.310001,2.220001,2.250001,10500,
CZR,12.89,13.65,12.76,13.45,553300,
CZZ,16.1,16.52,16.1,16.35,1779300,
D,56.5,56.810001,56.290001,56.48,2011900,
DAKT,10.15,10.46,10.12,10.33,102800,
DAL,18.48,18.700001,18.25,18.690001,4852600,
DAN,17.870001,18.389999,17.860001,18.209999,2385900,
DANG,6.85,7.2,6.85,7.09,1929300,
DAR,18.6,19.209999,18.5,18.959999,1042000,
DATA,56.73,59.880001,55.360001,56.41,249900,
DATE,5.25,5.3,5.11,5.25,9200,
DAVE,15.16,15.3,14.8,15.28,7100,
DB,43.499999,43.700001,42.999998,43.28,1312400,
DBA,25.33,25.35,25.200001,25.25,423200,
DBB,16.1,16.190001,16.1,16.1,51300,
DBC,25.370001,25.389999,25.25,25.26,1182000,
DBD,33.139999,33.66,33.139999,33.5,498500,
DBE,27.379999,27.49,27.290001,27.360001,10300,
DBEF,23.879999,24,23.790001,23.950001,104200,
DBJP,32.950001,33.189999,32.799999,33.07,40300,
DBLE,3.95,3.95,3.9,3.91,21300,
DBO,25.860001,26.190001,25.84,26.030001,66400,
DBP,40.040001,40.18,39.02,39.049999,64700,
DBS,31.219999,31.620001,30.85,31.08,15800,
DBV,25.57,25.620001,25.48,25.52,42800,
DCI,35.52,35.919998,35.52,35.799999,394600,
DCIX,4.43,4.6,4.09,4.17,221300,
DCM,15,15.06,14.97,15.01,252900,
DCO,20.74,21.26,20.65,21.209999,87700,
DCT,7.17,7.27,7.07,7.25,1815200,
DCTH,0.41,0.41,0.4,0.41,1400,
DD,53.85,54.099999,53.39,53.57,4406300,
DDC,13.73,14.02,13.71,13.95,266700,
DDD,44.790001,44.959999,44.259998,44.66,2603100,
DDM,93.360001,94.300003,93.279999,93.660004,440600,
DDR,16.41,16.74,16.370001,16.74,4203600,
DDS,82.669998,82.989998,81.669998,81.910004,370300,
DE,82.68,83.150002,82.220001,82.949997,2564400,
DECK,48.279999,49.169998,48.080002,49.139999,568800,
DEI,25.110001,25.459999,25.049999,25.35,1689100,
DELL,13.38,13.44,13.34,13.34,8502800,
DEM,48.599998,48.599998,48.23,48.299999,1267800,
DENN,5.52,5.62,5.47,5.58,907400,
DEO,114.540001,115.959999,114.529999,115.040001,422300,
DEPO,5.64,5.72,5.61,5.71,175800,
DES,57.959999,58.639999,57.959999,58.549999,76000,
DEST,24,24.719999,23.98,24.620001,29600,
DF,10.11,10.29,10.03,10.1,890900,
DFJ,46.509998,46.889999,46.450001,46.700001,51500,
DFRG,21.34,21.75,21.129999,21.74,117100,
DFS,47.240002,47.580002,46.900002,47.459999,3228800,
DFT,23.67,24.379999,23.66,24.34,755200,
DG,51.279999,51.93,51.16,51.639999,2268900,
DGI,30.52,31.01,30.309999,30.83,756300,
DGII,9.39,9.73,9.29,9.51,50100,
DGIT,7.23,7.39,7.1689,7.27,505100,
DGL,41.639999,41.73,40.419998,40.490002,102100,
DGRW,24.309999,24.379999,24.24,24.309999,24700,
DGS,45.91,46.380001,45.810001,46.27,206400,
DGX,61.490002,61.93,61.299999,61.400002,916500,
DHI,21.08,21.77,20.83,21.709999,9363200,
DHR,63.77,63.900001,63.090002,63.639999,3338100,
DHT,4.34,4.4,4.32,4.38,5900,
DHX,8.88,9.17,8.86,9.12,272500,
DIA,149.690002,150.419998,149.550003,149.899994,6584600,
DIG,54.810001,55.450001,54.560001,54.580002,90500,
DIN,68.019997,68.82,67.849998,68.669998,94900,
DIOD,25.799999,26.219999,25.540001,26.040001,389900,
DIS,63.650002,63.970001,63.450001,63.720001,4875900,
DISCA,76.040004,77.040004,75.959997,76.680002,1531500,
DISCK,68.010002,68.959999,68.010002,68.540001,603200,
DISH,40.599998,42.110001,40.310001,41.439999,5100500,
DJP,36.950001,37.009998,36.639999,36.68,316700,
DJX,149.21,150.75,149.21,150.24,11364892672,
DK,30.27,30.450001,29.27,29.43,893600,
DKL,33.18,33.18,32.75,32.900002,6100,
DKS,50.939999,51.360001,50.810001,51.09,683300,
DLB,33.630001,34.040001,33.41,33.5,329200,
DLLR,14.03,14.54,13.7601,14.3,912300,
DLN,60.23,60.490002,60.130001,60.139999,226800,
DLPH,50.860001,51.509998,50.700001,51,1397000,
DLR,59.650002,60.799999,59.650002,60.27,1508300,
DLTR,50.220001,50.52,49.950001,50.330002,1025600,
DLX,33.98,34.779999,33.810001,34.59,287300,
DM,1.55,1.68,1.53,1.59,395900,
DMD,6.249998,6.340002,6.040002,6.14,433600,
DMLP,24.24,24.85,24.24,24.68,29200,
DMND,20.5,20.75,20.219999,20.51,169900,
DNB,96.779999,98.110001,96.330002,97.75,254400,
DNDN,4.06,4.12,3.98,4.08,2904218,
DNKN,43.029999,43.27,42.599998,43.16,975400,
DNN,1.17,1.19,1.17,1.18,450900,
DNO,36.349998,36.349998,35.93,36,7400,
DNR,17.34,17.620001,17.27,17.32,3966300,
DO,68.07,68.830002,67.870003,68.639999,992200,
DOG,29.42,29.440001,29.280001,29.389999,809600,
DOLE,12.85,12.89,12.76,12.76,1105600,
DOM,4.31,4.38,4.17,4.17,30900,
DORM,45.990002,46.349998,45.849998,46.009998,169000,
DOV,78.2,78.360002,77.740007,78.040007,1183500,
DOW,32.380001,32.639999,32.299999,32.349998,4302400,
DOX,36.41,36.77,36.299999,36.650002,887700,
DPK,14.32,14.33,14.1,14.26,14900,
DPM,53.009998,53.5,52.610001,53.02,463000,
DPS,45.900002,46.380001,45.73,46,1039100,
DPZ,58.27,58.880001,58.119999,58.799999,542900,
DRC,59.869999,60.43,59.720001,60.16,365400,
DRD,5.1,5.21,5.03,5.11,79500,
DRE,15.48,15.81,15.47,15.78,1551200,
DRH,9.11,9.41,9.11,9.31,2461900,
DRI,49.93,50.290001,49.32,49.41,1579400,
DRIV,18.72,18.94,18.67,18.88,214800,
DRN,43.810001,45.369999,43.52,45.310001,3596000,
DRQ,89.779999,89.940002,88.300003,89.32,439900,
DRRX,1.04,1.05,0.95,1.05,705900,
DRV,16.120001,16.17,15.5,15.56,93200,
DRWI,2.7,2.8,2.66,2.76,10000,
DRYS,1.759999,1.769999,1.729999,1.769999,200,
DSCI,13.2,13.27,12.99,13.06,18200,
DSCO,1.570001,1.580001,1.51,1.51,60800,
DSL,22.809999,22.99,22.459999,22.889999,332800,
DSS,2.26,2.28,1.99,2.08,101400,
DST,65.459999,66.290001,65.459999,65.769997,130300,
DSW,73.849998,74.830002,73.849998,74.370003,295800,
DSX,9.64,9.85,9.64,9.8,579900,
DTE,66.610001,67.269997,66.57,66.660004,756000,
DTLK,10.65,11.06,10.65,10.85,29400,
DTN,62.439999,62.799999,62.43,62.459999,59400,
DTSI,20.120001,20.48,20.030001,20.299999,38200,
DTV,58.57,61.189999,58.459999,60.73,7314800,
DUG,65.150002,65.739998,64.610001,65.709999,99600,
DUK,67.889999,68.190002,67.379997,67.519997,2371800,
DUST,158.869996,162.199996,148.199997,153.829997,40500,
DV,30.01,31.34,30.01,31.02,708100,
DVA,122.849998,123.93,122.129997,122.269997,1181600,
DVAX,1.02,1.09,0.98,1.08,1093900,
DVN,53.299999,53.650002,52.25,52.360001,3876300,
DVR,0.15,0.15,0.15,0.15,0,
DVY,63.82,64.419998,63.82,64.080002,1123300,
DW,39.75,40.040001,38.59,39.279999,221400,
DWA,25.299999,25.9,25.290001,25.719999,580600,
DWRE,40.439999,42.09,40,42.049999,357800,
DWSN,8.05992,8.319917,7.99992,8.199918,11000,
DWX,43.790001,44.189999,43.700001,44,342500,
DX,10.08,10.2,10.05,10.2,267700,
DXCM,22.139999,22.690001,21.82,22.57,572700,
DXD,34.900002,34.959999,34.560001,34.830002,1075400,
DXJ,44.919998,45.240002,44.849998,45.040001,8101600,
DXLG,6.25,6.48,6.2,6.41,406700,
DXM,17.33,17.92,17.139999,17.32,239000,
DXPE,66.610001,66.830002,66.110001,66.739998,68600,
DY,22.790001,23.17,22.790001,23.129999,145600,
DYAX,3.25,3.44,3.24,3.4,712500,
DYN,22.16,22.32,21.530001,22,1007400,
DZK,47.009998,47.669998,46.380001,47.139999,10200,
E,41.299999,41.470001,41.169998,41.25,199500,
EA,21.959999,22.59,21.940001,22.209999,2949100,
EAT,39.029999,39.700001,38.959999,38.98,1690100,
EBAY,51.77,52.289999,51.689999,52.139999,21476600,
EBF,17.52,17.52,17.09,17.32,37500,
EBIX,9.92,10.1,9.41,9.42,2629900,
EBR,2.11,2.17,2.1,2.13,1047800,
EBR.B,3.94,4.03,3.91,3.96,114600,
EBS,14.23,14.45,14.17,14.44,88700,
EC,40.599998,40.810001,40.220001,40.459999,295400,
ECA,17.26,17.33,16.91,16.98,4689200,
ECH,52.939999,53.709999,52.82,53.549999,240900,
ECHO,18.99,19.35,18.92,19.209999,88600,
ECL,86.489998,86.620003,85.160004,85.699997,1074400,
ECOL,27.93,28.25,27.43,27.85,88800,
ECPG,33.209999,33.73,33.139999,33.610001,239000,
ECT,9.32,9.4,9.21,9.27,58700,
ECYT,13.11,13.44,13.03,13.23,132500,
ED,58.25,58.720001,57.900002,58.040001,1796100,
EDAP,2.66,2.75,2.66,2.73,25000,
EDC,22.52,23.15,22.51,23,332400,
EDE,22.1,22.360001,22.1,22.309999,204800,
EDIV,38.59,38.73,38.5,38.650002,101400,
EDMC,5.57,5.76,5.55,5.67,83200,
EDR,10.099899,10.289898,10.089899,10.249898,159800,
EDU,21.719999,22.15,21.58,22.09,1376600,
EDZ,62.700001,62.700001,60.75,61.169998,1202500,
EE,35.66,35.849998,35.450001,35.57,108700,
EEB,30.450001,30.74,30.450001,30.620001,49600,
EEFT,31.09,31.6,30.709999,31.43,335400,
EEM,37.98,38.34,37.970001,38.279999,95787800,
EEMV,56.32,56.639999,56.150002,56.560001,372400,
EEP,30.049999,30.610001,29.93,30.450001,982300,
EEQ,29.700102,30.270091,29.620102,30.130091,206000,
EET,63.189999,64.379997,63.189999,63.98,31300,
EEV,26.719999,26.76,26.200001,26.35,499900,
EFA,57.330002,57.709999,57.330002,57.41,17753800,
EFAV,56.939999,57.099998,56.900002,56.990002,248200,
EFC,22.75,23.200001,22.559999,23.1,211600,
EFG,61.639999,62.02,61.639999,61.939999,85700,
EFII,27.950001,28.110001,27.690001,28.059999,220400,
EFU,59.889999,59.939999,59.240002,59.66,5400,
EFV,48.529999,48.779999,48.490002,48.610001,132600,
EFX,59.009998,59.310001,58.919998,59.200001,477300,
EFZ,39.740002,39.75,39.52,39.68,100500,
EGAN,8.82,9.52,8.76,9.4,422500,
EGBN,22.219999,22.67,21.940001,22.57,46600,
EGHT,8.25,8.31,8.19,8.25,400000,
EGLE,3.420006,3.660007,3.400006,3.450006,1200,
EGN,52.669998,53.049999,52.400002,52.470001,224500,
EGO,5.7,5.79,5.56,5.74,7431700,
EGOV,16.07,16.459999,16.030001,16.4,222800,
EGP,55.529999,56.580002,55.330002,56.560001,261500,
EGY,5.62,5.845,5.61,5.67,440500,
EHTH,22.709999,23.65,22.709999,23.559999,126700,
EIG,24.030001,24.42,23.9,24.4,184400,
EIX,47.349998,48.040001,47.310001,47.52,2651200,
EJ,4.259998,4.499997,4.230004,4.379998,335500,
EKDKQ,0.1315,0.135,0.1221,0.128,1596900,
EL,66.269997,67.029999,66.220001,66.470001,999400,
ELD,47.790001,48.16,47.740002,48.130001,593100,
ELGX,13.11,13.29,12.97,13.13,424800,
ELLI,22.379999,23.379999,22.379999,23.309999,436700,
ELN,14.01,14.8,13.91,14.17,10783500,
ELNK,6.18,6.26,6.16,6.26,606100,
ELON,2.14,2.34,2.1,2.15,53600,
ELOS,8.54,8.65,8.43,8.45,442600,
ELP,12.64,13.04,12.34,12.44,1195200,
ELRC,17.110001,17.290001,16.950001,17.129999,21700,
ELX,6.35,6.45,6.26,6.45,471400,
ELY,6.57,6.71,6.53,6.7,427300,
EMAN,3.66,3.69,3.55,3.61,28954,
EMB,108.309998,109.230003,108.169998,109.230003,966800,
EMC,24.030001,24.040001,23.57,23.57,24813600,
EME,40.150002,40.810001,39.93,40.720001,206500,
EMKR,3.5,3.67,3.5,3.63,277900,
EMLC,24.43,24.709999,24.43,24.700001,615500,
EMN,72.580002,72.830002,71.919998,72.019997,853300,
EMR,55.77,55.950001,55.27,55.389999,2730700,
ENB,42.349998,42.369999,41.700001,41.950001,817700,
END,3.24,3.4,3.22,3.37,280300,
ENDP,37.360001,37.619999,36.919998,37.310001,2248700,
ENG,0.98,1,0.96,1,21100,
ENH,50.450001,51.029999,50.299999,50.73,205200,
ENI,15.58,16.129999,15.49,16.059999,1064000,
ENOC,12.38,13.04,12.33,13,683400,
ENPH,7.04,7.92,6.94,7.57,933800,
ENR,99.449997,100.650002,98.720001,100.519997,304400,
ENS,48.59,49.560001,48.549999,49.41,224200,
ENSG,35.419991,36.449991,35.169991,35.950004,273800,
ENTG,9.41,9.59,9.37,9.56,786300,
ENTR,4.31,4.35,4.18,4.2,476800,
ENVI,2.04,2.08,2,2.04,180300,
ENZ,2.1,2.11,1.96,2.11,246700,
ENZN,1.65,1.73,1.64,1.73,347900,
EOC,42.93,44.169998,42.900002,43.919998,173400,
EOG,133.160004,134.080002,130.720001,131.009995,3610800,
EOPN,16.47,17.28,16.47,17.21,132800,
EOX,6.72,6.8,6.66,6.73,14700,
EPAM,27.01,27.52,26.85,27.52,370700,
EPAX,3.49,3.55,3.49,3.54,3200,
EPAY,24.959999,25.309999,24.780001,25.299999,176400,
EPB,43.79,44.99,43.67,44.39,1179700,
EPD,60.75,61.490002,60.689999,61.490002,5630400,
EPI,15.83,16.120001,15.82,16.049999,4405800,
EPIQ,13.09,13.32,12.96,13.32,123700,
EPL,29.19,29.24,29.025,29.13,189700,
EPM,10.74,10.975,10.51,10.79,99400,
EPP,43.619999,43.880001,43.580002,43.639999,2038600,
EPR,49.669998,50.630001,49.470001,50.52,304100,
EPU,33.48,33.950001,33.310001,33.830002,73000,
EPV,23.790001,23.790001,23.16,23.629999,31900,
EPX,412.39,415.35,407.52,407.67,0,
EQIX,184.380005,188.25,184.009995,186.919998,1409900,
EQM,49.990002,50.880001,49.990002,50.48,71800,
EQR,57.639999,58.799999,57.5,58.419998,3055200,
EQT,81.099998,82.010002,80.82,81,818200,
EQU,3.95,4.05,3.91,4.04,492600,
EQY,22.26,22.83,22.129999,22.82,664500,
ERF,14.29,15.04,14.28,14.65,994700,
ERIC,11.39,11.53,11.38,11.47,2968000,
ERII,4.17,4.4,4.14,4.3,196800,
ERJ,37.09,37.77,37.02,37.52,907500,
EROC,7.97,8.08,7.97,8.03,977900,
ERX,63.880001,65.050003,63.25,63.299999,617000,
ERY,30.91,31.18,30.280001,31.18,362800,
ESC,22.14,23.37,22.01,23.29,340800,
ESE,32.200001,33.279999,32.009998,33.080002,96100,
ESEA,1.03,1.03,1.01,1.02,2400,
ESI,24.120001,24.950001,24.030001,24.530001,484700,
ESIO,10.7,10.8,10.7,10.76,95500,
ESL,71.040001,72.260002,71.040001,72,135100,
ESRX,61.93,62.540001,61.82,62.110001,3034100,
ESS,156.789993,160.139999,156.789993,160.100006,182000,
ESV,58.169998,58.639999,57.98,58.310001,1628100,
ET,33.67,33.67,33.66,33.67,1219200,
ETE,59.299999,60.150002,59.07,59.759998,5825200,
ETFC,12.35,12.62,12.35,12.59,3300300,
ETH,28.620001,29.25,28.110001,29.139999,300900,
ETM,9.44,9.53,9.35,9.49,95100,
ETN,64.559998,65.57,64.559998,65.220001,2815800,
ETP,49.459999,50.470001,49.27,50.380001,1837000,
ETR,70.389999,71.589996,69.910004,70.050003,1333700,
ETRM,1.080001,1.180001,1.050001,1.170001,69700,
EUI,76.760002,76.919998,76.589996,76.68,0,
EUO,19.24,19.33,19.17,19.219999,1258700,
EUU,130.270004,130.570007,130.009995,130.419998,0,
EV,38.18,38.75,38.02,38.490002,497800,
EVC,5.82,6.2,5.82,6.14,1668200,
EVEP,36.919998,38.91,36.919998,38.110001,753900,
EVER,16.809999,16.809999,16.459999,16.690001,1027600,
EVR,37.93,39.439999,37.93,39.049999,806000,
EVTC,21.85,22.280001,21.6,21.91,311300,
EW,66.559998,67.459999,66.510002,66.82,962200,
EWA,23.09,23.24,23.049999,23.059999,1781700,
EWBC,27.030001,27.530001,27,27.389999,665800,
EWC,26.09,26.200001,26.01,26.1,1960800,
EWD,29.93,30.129999,29.9,30,298600,
EWG,24.83,24.969999,24.790001,24.860001,2224000,
EWH,18.360001,18.389999,18.25,18.309999,2059800,
EWI,12.01,12.07,11.94,11.97,568900,
EWJ,11.06,11.16,11.05,11.13,19192500,
EWL,28.52,28.76,28.52,28.6,399400,
EWM,15.42,15.55,15.42,15.49,579600,
EWP,27.959999,28.139999,27.889999,28,187900,
EWQ,23.48,23.66,23.469999,23.52,279200,
EWS,12.71,12.78,12.7,12.74,576200,
EWT,13.07,13.17,13.07,13.13,3093900,
EWU,17.68,17.82,17.68,17.709999,900800,
EWV,20.51,20.51,20.110001,20.200001,15300,
EWW,62.200001,63.709999,62.130001,63.43,5490400,
EWX,43.849998,44.200001,43.650002,43.959999,239200,
EWY,52.419998,52.900002,52.419998,52.799999,3023200,
EWZ,43.93,44.66,43.93,44.290001,13597900,
EXA,9.59,10.03,9.59,9.87,66900,
EXAM,20.870001,21.129999,20.66,21.1,135500,
EXAR,10.99,11.08,10.86,10.9,106900,
EXAS,13.55,14.05,13.5,13.87,1174500,
EXC,31.389999,31.49,31,31.09,6104200,
EXEL,4.52,4.53,4.44,4.47,933500,
EXH,28.1,28.41,27.940001,28.059999,843900,
EXK,3.03,3.05,2.9,2.99,1388100,
EXL,12.21,12.64,12.21,12.63,267000,
EXLP,29.790001,31.25,29.68,30.9,154900,
EXLS,29.780001,30.08,29.549999,29.709999,147400,
EXMCF,0.04,0.04,0.03,0.03,438000,
EXP,67.440002,68.559998,66.589996,68.43,856300,
EXPD,37.599998,37.880001,37.41,37.82,1222400,
EXPE,58.220001,60.09,58.220001,59.919998,2147600,
EXPO,58.310001,59.130001,58.310001,58.990002,57600,
EXPR,20.620001,20.99,20.620001,20.889999,612400,
EXR,42.220001,42.549999,42.07,42.27,890200,
EXTR,3.44,3.47,3.41,3.46,343400,
EXXI,24.15,24.34,22.73,22.92,2239800,
EZA,56.25,57.040001,56.25,56.889999,575500,
EZCH,26.84,27.280001,26.84,27.030001,64700,
EZJ,75.400002,77.349998,75.400002,76.900002,32100,
EZPW,17.450001,17.5,17.07,17.1,232600,
EZU,32.669998,32.900002,32.639999,32.720001,902600,
F,15.43,15.7,15.39,15.65,35859600,
FAF,21.549999,22.15,21.52,21.889999,1335500,
FALC,1.29,1.44,1.27,1.38,426500,
FARO,33.470001,34.060001,33.380001,33.990002,158000,
FAS,63.48,65.110001,63.380001,64.739998,32490800,
FAST,46.490002,47,46.060001,46.900002,1471100,
FAZ,33.799999,33.84,32.860001,33.029999,2157600,
FB,24.24,24.84,24.209999,24.66,34694100,
FBC,13.55,13.87,13.4,13.81,322800,
FBHS,38.450001,39.060001,38.150002,38.970001,1010700,
FBN,3.93,3.95,3.86,3.9,39111,
FBP,7.01,7.19,6.99,7.19,676600,
FBR,10.88,11.05,10.68,10.87,1819800,
FBRC,25.02,25.370001,24.610001,25.059999,87300,
FBT,58.349998,58.91,57.91,58.459999,1413200,
FCE.A,17.82,18.06,17.76,18,621900,
FCEL,1.299999,1.329999,1.269999,1.319999,789300,
FCFS,49.349998,49.380001,48.580002,48.900002,464300,
FCG,16.29,16.44,16.160001,16.17,56400,
FCH,5.74,5.97,5.73,5.94,595900,
FCN,33.099998,33.549999,32.82,33.380001,263500,
FCS,13.73,13.87,13.63,13.79,1023000,
FCSC,5.62,6.03,5.53,6.03,126500,
FCX,27.190001,27.549999,27.02,27.299999,12327200,
FDEF,22.530001,23.16,22.389999,23.07,22900,
FDN,45.16,45.599998,45.049999,45.490002,196800,
FDO,60.450001,61.849998,60.189999,61.639999,1340900,
FDP,27.33,27.959999,27.33,27.860001,175000,
FDS,101.199997,102.57,100.919998,102.220001,443000,
FDUS,18.200001,18.440001,18.01,18.24,62300,
FDX,99.150002,99.529999,98.730003,99.370003,1941500,
FE,37.23,37.669998,36.93,37.099998,2599600,
FEIC,72.760002,74.050003,72.68,73.949997,272200,
FET,31.35,31.4,30.93,31.02,360100,
FEZ,33.400002,33.619999,33.330002,33.41,1305900,
FF,13.83,14.05,13.79,14.01,107600,
FFBC,14.89,15.03,14.88,14.99,201600,
FFCH,20.8,21.09,20.7,20.99,79100,
FFG,43.009998,43.349998,42.830002,43.029999,29500,
FFIC,16.35,16.639999,16.34,16.540001,60200,
FFIN,56.150002,56.450001,55.830002,56.330002,162000,
FFIV,68.800003,70.150002,68.580002,70.050003,1397900,
FFNW,10.3,10.34,10.01,10.24,37000,
FGP,21.639999,21.969999,21.43,21.549999,116900,
FHCO,9.85,9.85,9.72,9.84,64600,
FHN,11.23,11.39,11.2,11.33,3873200,
FICO,45.220001,46.360001,45.18,46.27,130400,
FIG,6.48,6.61,6.45,6.58,749800,
FII,27.35,27.84,27.24,27.68,469600,
FINL,20.9,21.5,20.74,21.200001,1024200,
FIO,14.17,14.28,13.94,14.13,2392500,
FIRE,54.95,55.72,54.37,55.65,340400,
FIS,43.110001,43.150002,42.889999,43.009998,2139400,
FISV,87.010002,88.160004,86.739998,88.059998,972000,
FITB,18.059999,18.32,18,18.1,8335300,
FIVE,35.900002,36.650002,35.709999,36.41,1038700,
FIW,27.4,27.77,27.379999,27.77,20600,
FIX,14.82,15.35,14.71,15.33,141600,
FIZZ,17.200001,17.42,17.18,17.309999,19300,
FL,34.189999,34.43,34.040001,34.25,2410100,
FLDM,16.530001,17.450001,16.280001,17.309999,47100,
FLEX,7.5,7.78,7.49,7.71,8329100,
FLIR,26.709999,26.879999,26.48,26.790001,778100,
FLML,5.94,6.14,5.94,6.02,132100,
FLO,21.67,22.139999,21.549999,21.58,798200,
FLOW,3.61,3.71,3.6,3.71,215200,
FLR,59.349998,59.900002,58.970001,59.73,1326600,
FLS,54.240002,54.75,54.18,54.52,815800,
FLT,85.650002,85.690002,82.089996,83.169998,1285800,
FLTX,32.84,34.720001,32.77,33.990002,280000,
FLWS,5.8,6.22,5.8,6.18,127900,
FLY,16.75,16.809999,16.65,16.74,79600,
FMBI,13.41,13.75,13.35,13.73,260800,
FMC,62.68,62.919998,62.299999,62.389999,589200,
FMER,20.040001,20.48,20.02,20.35,1815500,
FMS,35.529999,35.799999,35.290001,35.34,157600,
FMX,98.580002,101.459999,97.599998,101.239998,1173000,
FN,14.1,14.16,13.99,14.14,132800,
FNB,11.9,12.05,11.86,12.03,1029100,
FNF,23.120003,23.749999,23.07,23.709993,5193800,
FNFG,9.98,10.03,9.93,10.02,3132700,
FNGN,46.369999,47.25,46.369999,47.209999,149600,
FNP,22.03,22.48,21.94,22.39,584400,
FNSR,16.200001,16.790001,16.110001,16.74,3636100,
FNV,32.59,33.779999,32.310001,33.09,1033800,
FOE,6.96,7.01,6.74,6.79,910400,
FOLD,2.18,2.34,2.1,2.31,226900,
FOR,20.110001,20.26,19.879999,20.209999,275800,
FORM,6.77,6.85,6.64,6.73,303900,
FORR,36.889999,37.310001,36.82,37.02,44800,
FOSL,101.949997,103.800003,101.949997,103.650002,550700,
FPO,13,13.22,12.93,13.18,282900,
FR,15.09,15.38,15.04,15.35,545500,
FRAK,25.58,25.77,25.43,25.43,2800,
FRAN,27.120001,27.360001,26.469999,27.110001,1248000,
FRC,38.119999,38.889999,38.009998,38.439999,2509300,
FRED,15.67,16,15.67,15.99,126300,
FRGI,34.52,34.52,33.580002,34.330002,300500,
FRM,6.91,6.98,6.78,6.94,55700,
FRME,17.09,17.280001,17.08,17.15,97300,
FRO,1.85,1.91,1.79,1.79,143100,
FRP,8.11,8.74,8.11,8.7,56000,
FRT,100.459999,103.379997,100.389999,103.110001,482900,
FRX,40.92,41.1,40.82,40.95,1221000,
FSA,11.13,11.13,11.13,11.13,0,
FSC,10.38,10.48,10.34,10.46,1351700,
FSG,1.8,1.8,1.8,1.8,15185700,
FSL,14.05,14.15,13.75,14,1129300,
FSLR,45.77,45.82,44.439999,44.5,4835000,
FSM,2.77,2.87,2.7,2.8,180900,
FSP,13.09,13.24,13.02,13.21,732700,
FSS,8.79,9.02,8.69,8.97,187400,
FST,4.08,4.19,4.08,4.11,1855292,
FSTR,43.610001,44.950001,42.580002,44.68,21100,
FSYS,16.65,17.84,16.24,17.6,350400,
FTE,0.015,0.015,0.015,0.015,0,
FTEK,3.9,3.9,3.78,3.79,32600,
FTI,56.43,56.790001,56.099998,56.290001,1574400,
FTK,16.950001,17.42,16.77,17.290001,1051400,
FTNT,17.18,17.540001,17.129999,17.309999,1998200,
FTR,3.97,4.03,3.95,4,6006600,
FU,3.67,3.67,3.6,3.61,49800,
FUBC,6.61,6.69,6.54,6.66,36100,
FUL,38.77,39.48,37.66,38.950001,458300,
FULT,11.43,11.6,11.38,11.54,601000,
FUN,39.5,40.799999,39.5,40.639999,155900,
FUR,11.58,12.04,11.55,12.02,111500,
FURX,33.74,34.27,33.59,34.16,30300,
FVE,5.21,5.56,5.17,5.56,750000,
FWLT,22.56,22.73,22.02,22.36,1516600,
FWM,23.040001,24.280001,23,23.969999,237400,
FWRD,38.259998,38.75,38.080002,38.689999,46300,
FXA,93.160004,93.389999,92.75,92.870003,90300,
FXB,150.490005,150.720001,150.119995,150.669998,71300,
FXC,95,95.110001,94.669998,94.93,149900,
FXCM,16.47,16.810001,16.17,16.24,54700,
FXD,27.07,27.23,26.93,27.16,240500,
FXE,129.080002,129.339996,128.800003,129.160004,544400,
FXEN,3.48,3.48,3.08,3.22,901800,
FXF,103.75,103.93,103.459999,103.900002,29200,
FXI,32.32,32.689999,32.32,32.490002,22896000,
FXO,18.639999,18.870001,18.639999,18.85,211000,
FXP,23.879999,23.92,23.4,23.75,95000,
FXS,147.529999,147.869995,147.25,147.679993,2000,
FXY,99.620003,99.75,99.300003,99.529999,665400,
FXZ,26.67,26.76,26.52,26.65,87100,
G,19.65,19.93,19.559999,19.92,1078100,
GA,7.8,7.9,7.73,7.88,974037,
GAGA,3.63,3.69,3.59,3.59,101800,
GAIA,4.45,4.61,4.45,4.55,45300,
GAIN,7.26,7.4,7.26,7.38,100800,
GALE,2.08,2.18,2.06,2.18,1509000,
GAME,3.9,3.93,3.85,3.87,320100,
GAS,42.560001,43.119999,42.560001,42.650002,339600,
GASL,20.600001,21.170001,20.110001,20.150001,400,
GASS,10.25,10.34,10.15,10.25,189100,
GASX,12.46,12.75,12.11,12.72,24400,
GAZ,2.51,2.52,2.4,2.45,102700,
GB,32.919998,33.049999,32.849998,32.950001,189800,
GBCI,22.25,22.530001,22.17,22.43,592800,
GBDC,17.51,17.58,17.48,17.49,453400,
GBP,152.869995,152.990005,152.029999,152.589996,0,
GBX,23.83,24.290001,23.83,24.16,203500,
GCA,6.16,6.21,6.13,6.18,355100,
GCC,25.92,25.98,25.76,25.780001,103000,
GCI,24.690001,24.969999,24.440001,24.66,2480400,
GCO,65.519997,67.239998,65.510002,66.900002,95900,
GCOM,12.6,12.67,12.45,12.47,127900,
GD,78.339996,79.010002,78.029999,78.669998,1848700,
GDI,0.19,0.19,0.19,0.19,0,
GDOT,19.32,19.440001,19.18,19.34,216100,
GDP,12.9,12.97,12.55,12.71,646300,
GDRZF,2.7,2.81,2.68,2.68,62400,
GDX,22.540001,23.040001,22.4,22.790001,49234300,
GDXJ,8.41,8.59,8.34,8.45,2042300,
GE,23.41,23.48,23.26,23.32,30867900,
GEF,51.619999,52.310001,51.549999,52.16,68200,
GEL,50.689999,52.330002,50.689999,51.700001,187200,
GENE,2.6,2.6,2.55,2.58,1100,
GEO,34.009998,34.169998,33.869999,33.990002,566300,
GEOS,66.989998,68.889999,66.599998,68.339996,150300,
GERN,1.36,1.46,1.35,1.46,1869100,
GES,30.75,30.99,30.700001,30.879999,712500,
GEVA,43.220001,43.220001,41.919998,42.959999,69700,
GEVO,1.989998,2.069998,1.969998,2.059998,2900,
GEX,15.169848,15.269848,15.089849,15.219848,6300,
GFA,2.64,2.73,2.64,2.7,1118400,
GFF,11.06,11.25,11,11.22,103300,
GFI,4.75,4.96,4.72,4.94,5293000,
GFIG,3.85,3.92,3.83,3.91,321300,
GG,22.65,23.040001,22.530001,22.790001,10636600,
GGB,5.68,5.82,5.64,5.81,5866900,
GGG,62.25,63.02,61.990002,62.82,90600,
GGP,19.860001,20.120001,19.82,20.040001,1833600,
GGS,0.01,0.01,0.01,0.01,0,
GHDX,32.169998,32.5,31.91,32.25,88200,
GHL,44.889999,46.040001,44.669998,45.799999,164400,
GHM,27.879999,29.389999,27.85,29.219999,54400,
GIFI,20.51,20.530001,19.370001,19.4,50800,
GIGM,0.95,0.95,0.93,0.93,14300,
GIII,47.57,47.849998,47.25,47.799999,218800,
GIL,39.68,40.029999,39.299999,39.43,1235000,
GILD,51.700001,51.950001,50.700001,51.009998,8249000,
GILT,5.45,5.59,5.43,5.53,14600,
GIS,48.389999,48.75,48.290001,48.34,4370600,
GIVN,13.5,13.71,13.18,13.7,346000,
GK,47.279999,48.18,47.169998,48.07,53000,
GLAD,8.01,8.25,7.97,8.23,67200,
GLD,119.099998,119.510002,115.650002,115.940002,30001900,
GLDD,8,8.04,7.92,8,343600,
GLF,44.419998,45.450001,44.169998,45.299999,100300,
GLL,106.889999,113.169998,106.620003,112.699997,336700,
GLNG,32.299999,32.560001,31.780001,31.91,480100,
GLOG,12.65,12.84,12.55,12.63,180100,
GLP,37.25,39.310001,37.240002,39.290001,89400,
GLPW,15.75,16.139999,15.66,16.1,46900,
GLRE,24.1,24.309999,23.860001,24.299999,98700,
GLT,25.209999,25.49,25.049999,25.26,183600,
GLUU,2.29,2.35,2.24,2.26,1160700,
GLW,14.42,14.49,14.28,14.3,7697400,
GM,32.919998,33.5,32.779999,33.099998,11000300,
GMAN,13.21,13.56,13.14,13.55,54000,
GMCR,76.519997,77.290001,73.260002,73.839996,4031500,
GME,40.5,41.07,40.389999,40.869999,2010600,
GMED,17.299999,17.370001,16.85,16.959999,552200,
GMLP,33.400002,33.91,32.650002,33.700001,82400,
GMO,1.86,1.91,1.8,1.84,213700,
GMT,47.470001,48.349998,47.240002,47.990002,288600,
GNC,46.900002,47.209999,44.299999,45.139999,4107400,
GNCMA,7.75,7.9,7.75,7.82,236600,
GNE,9.47,9.58,9.33,9.45,33900,
GNK,1.63,1.72,1.6,1.67,290800,
GNMK,10.4,10.51,10.11,10.43,331900,
GNRC,36.369999,37.400002,36.349998,37.099998,1406500,
GNTX,22.85,23.25,22.85,23.049999,1530200,
GNW,11.28,11.43,11.24,11.39,8617000,
GOL,3.45,3.49,3.42,3.47,149100,
GOLD,61.669998,62.799999,61.25,62.040001,1194200,
GOOGL,878.800019,884.689997,876.650011,877.07,3849100,
GORO,8.11,8.28,7.92,8.16,576600,
GOV,24.6,25.24,24.450001,25.209999,870800,
GPC,77.110001,77.650002,76.860001,77.349998,465500,
GPI,62.52,64.150002,62.240002,64,207600,
GPK,7.64,7.76,7.6,7.64,1546000,
GPL,0.67,0.7,0.66,0.67,303100,
GPN,46.57,47.110001,46.400002,46.939999,823000,
GPOR,46.73,47.93,45.98,46.439999,1803600,
GPRE,12.66,13.6,12.62,13.02,402700,
GPS,42.009998,42.209999,41.779999,41.950001,2961200,
GPT,9.29999,9.43999,8.909991,9.31999,1021400,
GPX,23.33,24.08,23.280001,24.01,23800,
GRA,84.849998,85.349998,84.129997,84.550003,1130300,
GRC,30.209999,31.570001,30.209999,31.459999,46800,
GREK,14.78,15,14.5,14.9,108500,
GRFS,27.43,28.610001,27.32,28.540001,1826800,
GRMN,35.700001,36.27,35.700001,36.209999,790300,
GROW,2.21,2.26,2.18,2.25,13000,
GRPN,8.48,8.54,8.31,8.39,13827500,
GRT,25,25.1,24.46,25.09,11078900,
GRU,6.75,6.75,6.7,6.71,2700,
GS,153.029999,154.990005,152.610001,153.509995,2654900,
GSG,30.870001,31.059999,30.83,30.969999,113900,
GSH,20.120001,20.24,19.98,20.15,11500,
GSI,1.01,1.02,0.99,1.02,6500,
GSK,50.18,50.48,49.959999,50.099998,1817100,
GSM,10.83,11.24,10.81,11.12,895700,
GSS,0.51,0.52,0.47,0.5,2792800,
GST,2.68,2.7,2.59,2.63,212100,
GSVC,7.93,7.93,7.82,7.87,66800,
GT,14.99,15.2,14.9,14.98,4596600,
GTAT,3.96,4.23,3.93,4.11,10410400,
GTE,5.8,5.9,5.76,5.8,376900,
GTI,7.43,7.68,6.97,7.03,4888400,
GTIV,11.08,11.44,10.99,11.42,270600,
GTLS,92.870003,95.769997,92.650002,95.339996,621800,
GTN,7.15,7.31,6.97,7.23,998100,
GTXI,6.64,6.88,6.64,6.83,427000,
GTY,19.98,20.639999,19.870001,20.58,62100,
GUID,8.45,8.79,8.35,8.77,122000,
GUR,36.41,36.790001,36.32,36.490002,8100,
GURE,1.12,1.15,1.12,1.12,30300,
GV,2.15,2.21,2.07,2.15,184000,
GVA,29.639999,29.93,29.360001,29.879999,172500,
GVZ,31.43,33.6,29.21,33.51,0,
GWAY,11.79,12.24,11.67,12.04,165500,
GWL,25.129999,25.290001,25.129999,25.219999,104900,
GWR,86.309998,86.580002,85.120003,85.690002,567500,
GWRE,43.040001,43.040001,41.810001,42.330002,488100,
GWW,255.5,257.029999,253.509995,254.669998,352200,
GXC,63.369999,64.199997,63.369999,63.869999,428800,
GXG,18,18.17,18,18.1,100700,
GXP,22.540001,22.790001,22.42,22.440001,1139400,
GY,16.17,16.62,16.1,16.52,627700,
GZT,13.29,13.45,13.09,13.35,5100,
H,39.950001,40.68,39.860001,40.610001,215400,
HA,5.88,6.12,5.82,6.12,839800,
HAE,41.259998,41.68,41.119999,41.560001,113400,
HAFC,17.209999,17.65,17.129999,17.629999,397100,
HAIN,65.559998,66.190002,65.389999,65.410004,500000,
HAL,41.669998,42.099998,41.610001,41.84,6787000,
HALO,6.52,6.67,6.32,6.37,821700,
HAO,22.09,22.25,22.07,22.17,98700,
HAR,51.880001,53.82,51.880001,53.619999,978800,
HAS,44.25,44.740002,44.16,44.630001,772500,
HASI,11.56,11.65,11.45,11.55,267600,
HAWK,22.280001,22.82,21.559999,22.440001,565200,
HAYN,47.259998,47.82,46.970001,47.369999,27200,
HBAN,7.91,7.92,7.84,7.88,12628000,
HBC,52.04,52.42,51.91,52.18,1073663,
HBHC,29.620001,30.120001,29.49,30.030001,470400,
HBI,51.240002,51.57,50.77,51.029999,2209600,
HBIO,4.749996,4.749996,4.710004,4.73,62200,
HBM,6.54,6.6,6.46,6.5,15000,
HCA,36.549999,36.959999,36.080002,36.389999,7830200,
HCBK,9.08,9.2,9.05,9.16,2278200,
HCC,42.560001,42.860001,42.279999,42.740002,576800,
HCI,30.25,31.08,30.25,31.030001,156600,
HCLP,22.129999,23.309999,22.129999,23.209999,99900,
HCN,65.660004,67.220001,65.660004,67.129997,2075200,
HCP,45.410003,45.730003,45.150004,45.68,3365000,
HCSG,23.860001,24.08,23.799999,24.08,333600,
HD,75.989998,76.82,75.800003,76.269997,6674500,
HDB,35.509998,36.450001,35.509998,35.849998,843100,
HDGE,16.219999,16.23,16.08,16.129999,415100,
HDV,66.949997,67.290001,66.809998,66.830002,397600,
HDY,0.46,0.46,0.43,0.44,34300,
HE,25,25.219999,24.969999,25.040001,364400,
HEDJ,48.259998,48.580002,48.200001,48.25,33300,
HEES,20.99,21.440001,20.9,21.41,130300,
HEI,50.700002,51.300001,50.430002,50.910001,106600,
HELE,38.740002,39.080002,38.34,38.990002,127200,
HEP,37.459999,37.98,37.43,37.880001,46300,
HERO,7.12,7.14,6.83,7.07,2092600,
HES,66.260002,67.5,66.209999,67.050003,3390500,
HF,17.899999,18.209999,17.669999,18.120004,158300,
HFC,43.02,43.5,42.389999,42.700001,3653100,
HGG,15.06,15.28,15,15.13,537600,
HGT,8.83,8.84,8.55,8.6,70100,
HGX,178.22,182.19,177.97,182.07,0,
HHC,111.370003,113.790001,109.68,113.400002,314100,
HHS,8.64,8.97,8.58,8.94,194200,
HI,23.27,23.57,23.15,23.5,147000,
HIBB,55.860001,56.549999,55.860001,56.200001,155000,
HIG,30.27,31.35,30.27,31.23,7679100,
HII,55.700001,56.82,55.700001,56.59,173600,
HIMX,5.52,5.63,5.2,5.34,4954400,
HITK,34.18,34.46,33.96,34.18,38600,
HITT,56.58,57.17,56.5,56.68,117900,
HIW,34.82,35.790001,34.810001,35.459999,1585900,
HK,5.59,5.6,5.45,5.54,15600,
HKTV,5.99,6.1,5.99,6.06,38400,
HL,2.74,2.78,2.65,2.73,10124400,
HLF,46.32,47.790001,45.009998,45.689999,2197600,
HLIT,6.23,6.3,6.23,6.28,670000,
HLS,28.549999,29.200001,28.549999,29.1,779200,
HLSS,24.030001,24.049999,23.35,23.91,1210800,
HLX,23.16,23.370001,22.98,23.209999,929400,
HMA,15.6,15.83,15.58,15.59,2963700,
HMC,37.060001,37.169998,36.84,37.040001,364500,
HME,64.410004,65.629997,64.239998,65.480003,439500,
HMIN,26.870001,27.139999,26.82,26.940001,152500,
HMN,24.65,24.889999,24.51,24.82,289100,
HMST,20.620001,21.24,20.219999,21.200001,154000,
HMSY,23.5,23.91,23.440001,23.82,505300,
HMY,3.4,3.55,3.33,3.53,3792600,
HNI,35.619999,36.580002,35.490002,36.419998,140100,
HNP,39.139999,39.849998,39.130001,39.240002,107100,
HNR,3.2,3.25,3.09,3.14,378800,
HNSN,1.52,1.64,1.46,1.49,42600,
HNT,31.17,31.84,31.01,31.700001,456600,
HOFT,15.74,15.94,15.6,15.69,20300,
HOG,52.669998,54.060001,52.669998,53.580002,2116300,
HOGS,13.41,13.41,13.41,13.41,0,
HOLI,12.3,12.71,12.3,12.48,192800,
HOLX,19.469999,19.549999,18.98,19.040001,6172000,
HOMB,25.83,26.48,25.57,26.32,785800,
HON,80.150002,81,80.150002,80.199997,3352000,
HOS,53.419998,54.16,52.869999,53.619999,484900,
HOT,63.720001,64.330002,63.5,63.77,2036200,
HOV,5.61,5.75,5.58,5.73,4337000,
HP,63.509998,63.630001,62.66,62.709999,805700,
HPP,20.57,21.209999,20.57,21.129999,112300,
HPQ,24.109998,24.77,24.09,24.77,34177000,
HPT,25.719999,26.35,25.6,26.190001,1101300,
HPY,36.240002,36.720001,35.889999,36.66,454300,
HR,25.35,25.68,25.200001,25.59,691100,
HRB,28.559999,28.59,28.17,28.290001,1960600,
HRC,33.450001,33.580002,33.240002,33.400002,122800,
HRG,7.55,7.58,7.48,7.51,202500,
HRL,38.759998,39.080002,38.580002,38.639999,873200,
HRS,49.080002,49.669998,49.049999,49.459999,432800,
HRZN,13.39,13.76,13.38,13.71,29900,
HSC,22.639999,23.17,22.639999,23.16,307000,
HSH,33,33.42,32.93,32.97,1115700,
HSIC,95.669998,95.940002,95.230003,95.239998,219100,
HSII,16.68,16.950001,16.5,16.91,44600,
HSNI,53.200001,54.34,52.959999,53.919998,260900,
HSOL,1.9,2.18,1.9,2.04,3172200,
HSP,35.540001,36.490002,35.490002,36.150002,1579200,
HST,16.610001,16.879999,16.530001,16.870001,5751400,
HSTM,24.76,25.49,24.309999,25.440001,113500,
HSY,88.419998,89.120003,88.230003,88.800003,981000,
HT,5.48,5.61,5.4,5.6,439600,
HTA,11.15,11.45,11.1,11.39,832200,
HTCH,4.78,5,4.78,4.87,385600,
HTGC,13.7,14.25,13.62,14.13,1995800,
HTH,16.440001,16.49,16.27,16.43,659600,
HTHT,15.91,16.1,15.59,16.08,36800,
HTLD,13.87,13.92,13.76,13.87,250300,
HTS,24.6,24.879999,24.530001,24.76,781100,
HTSI,47.73,48,47.15,47.17,258300,
HTWR,94.660004,94.800003,93.720001,94.440002,122600,
HTZ,24.15,24.799999,24.110001,24.77,6100300,
HUB.B,97.27,98.68,97.06,98.56,102400,
HUBG,36.310001,36.630001,36.09,36.619999,152100,
HUM,84.25,85.559998,84.110001,85.169998,1281500,
HUN,16.98,17.08,16.77,16.860001,2252600,
HURN,44.029999,44.919998,44.029999,44.779999,161300,
HUSA,0.29,0.29,0.26,0.28,215700,
HVT,22.1,23.219999,22.1,23.209999,83200,
HW,9.21,9.25,9.04,9.2,516500,
HWAY,17.02,17.08,16.66,17.059999,269300,
HWCC,13.84,14.05,13.84,14.03,70300,
HXL,34.349998,35.25,34.290001,34.880001,1246500,
HXM,3.21,3.58,3.21,3.55,1291300,
HY,62.27,64.360001,62.27,63.779999,31100,
HYD,30.49,30.9,30.24,30.43,1398800,
HYG,91.400002,91.940002,91.400002,91.5,5578600,
HYLD,49.919998,50.220001,49.610001,49.810001,109500,
HYS,102.639999,103.25,102.639999,103.220001,370100,
HZNP,2.48,2.49,2.38,2.42,281600,
HZO,11.2,11.48,11.16,11.48,97800,
I,20.42,20.620001,19.92,20.01,315000,
IACI,47.450001,48.470001,47.450001,47.599998,941100,
IAG,3.91,4.18,3.88,4.09,8604600,
IAI,30.860001,31,30.68,30.959999,196300,
IART,36.16,36.650002,35.779999,36.48,53200,
IAT,29.18,29.4,29.110001,29.360001,150000,
IAU,11.98,12,11.63,11.65,10556900,
IBB,174.949997,175.259995,173.130005,174.389999,564100,
IBCP,6.31,6.38,6.27,6.3,8600,
IBKC,53.150002,53.709999,52.790001,53.470001,193100,
IBKR,16.23,16.58,16.139999,16.540001,247000,
IBM,196.050003,196.899994,195.289993,195.649994,3514200,
IBN,37.67,37.869999,36.75,37.290001,13296000,
IBOC,22.290001,22.93,22.110001,22.780001,297800,
ICA,7.27,7.66,7.23,7.42,949800,
ICAD,5.45,5.6,5.45,5.51,11400,
ICE,179.810009,181.429996,178.220005,179.659996,3694500,
ICF,79.980003,81.110001,79.589996,81.019997,476000,
ICGE,11.36,11.49,11.21,11.42,133000,
ICLR,35.009998,35.98,35.009998,35.68,310300,
ICN,19.719999,19.85,19.66,19.83,18500,
ICON,29.440001,29.76,29.219999,29.629999,404900,
ICUI,72.43,73.07,71.349998,72.919998,104500,
IDA,47.830002,48.380001,47.34,47.93,207700,
IDCC,44.599998,44.759998,43.869999,44.189999,307800,
IDIX,3.56,3.56,3.44,3.48,848800,
IDSY,4.99,5,4.91,4.97,20500,
IDT,19.169993,19.219999,18.790003,18.990001,270700,
IDTI,7.89,7.97,7.8,7.97,1238200,
IDU,94.370003,95.129997,94.110001,94.220001,151600,
IDV,31.93,32.110001,31.91,31.98,454800,
IDXX,90.910004,91.940002,90.720001,90.720001,412000,
IEF,102.489998,102.660004,102.220001,102.620003,949000,
IEI,120.669998,120.830002,120.57,120.800003,171800,
IEMG,45.380001,45.740002,45.369999,45.639999,556300,
IEO,72.629997,72.980003,71.919998,71.959999,103500,
IEP,73.5,73.639999,70.32,70.529999,130900,
IEV,38.950001,39.259998,38.93,39.009998,1269600,
IEX,53.029999,53.889999,52.919998,53.799999,263300,
IEZ,56.84,57.139999,56.759998,56.900002,68600,
IFF,76.489998,76.529999,75.849998,75.900002,355100,
IFGL,30.93,31.17,30.93,31.1,101000,
IFN,18.620001,18.99,18.6,18.9,189500,
IFT,6.83,6.95,6.83,6.9,58600,
IGE,38.330002,38.540001,38.240002,38.259998,432000,
IGT,16.52,16.77,16.469999,16.74,2313500,
IGTE,15.65,16.59,15.51,16.52,351500,
IGV,67.470001,68.459999,67.459999,68.25,167700,
IHF,83.440002,84.669998,83.440002,84.459999,57200,
IHS,102.620003,105.029999,102.129997,104.370003,687000,
IIIN,17.98,17.98,17.700001,17.790001,36400,
IIJI,18.75,18.83,18.75,18.809999,1900,
IILG,20,20.15,19.959999,20.01,299100,
IIVI,16.049999,16.530001,16.040001,16.41,124500,
IJH,115.120003,116.269997,115.059998,116.010002,754700,
IJJ,100.669998,101.82,100.540001,101.510002,121000,
IJK,128.570007,129.520004,128.330002,129.220001,109100,
IJR,89.75,90.779999,89.620003,90.699997,1695000,
IJS,92.730003,93.849998,92.730003,93.760002,48400,
IJT,96.550003,97.57,96.389999,97.489998,61600,
IL,6.81,7.08,6.8,6.98,210000,
ILF,36.209999,36.830002,36.209999,36.73,504500,
ILMN,75.089996,75.860001,74.720001,74.949997,1137500,
IM,18.83,19.209999,18.799999,19.18,516400,
IMAX,24.41,24.84,24.41,24.83,1047000,
IMGN,16.48,17.1,16.24,16.91,968700,
IMH,10.32,10.47,10.16,10.44,38800,
IMKTA,25.68,27.1,25.41,25.469999,106700,
IMMR,13.17,13.32,13.04,13.28,160900,
IMMU,5.16,5.34,5.15,5.33,869600,
IMN,4.17,4.23,4.15,4.21,69500,
IMO,38.110001,38.32,38.009998,38.169998,154000,
IMOS,19.25,19.25,18.950001,19.07,104400,
IMPV,44.75,45,44.470001,44.790001,203400,
IMUC,2.05,2.12,2,2.01,12100,
IN,9.91,9.91,9.7999,9.87,1385824,
INAP,8.17,8.23,8.09,8.2,115900,
INCY,21.15,21.98,21.15,21.4,854000,
INDB,34.080002,34.450001,33.889999,34.349998,48900,
INDL,12.39,13.24,12.39,13.18,22700,
INFA,35.360001,35.810001,35.23,35.68,643800,
INFI,17,17.049999,16.49,16.77,1156700,
INFN,10.54,10.78,10.45,10.75,924900,
INFY,41.16,41.59,40.639999,41.389999,5503600,
ING,9.09,9.13,9.03,9.08,1968000,
INGR,64.959999,65.919998,64.959999,65.599998,385500,
ININ,52.099998,52.349998,51.5,51.880001,155600,
INN,9.48,9.62,9.48,9.6,286600,
INP,51.860001,52.990002,51.860001,52.740002,92300,
INSM,11.73,11.98,11.52,11.74,352400,
INT,39.400002,40.02,39.400002,39.75,148200,
INTC,24.1,24.35,24.01,24.049999,25564500,
INTL,17.58,17.77,17.469999,17.75,45000,
INTU,59.880001,61.369999,59.880001,60.790001,2831700,
INTX,8.93,9.02,8.76,8.96,53900,
INVE,0.82,0.9,0.79,0.87,32200,
INVN,13.84,14.57,13.81,14.56,3263000,
INWK,11.04,11.1,10.91,10.94,490600,
INXN,25.66,26.370001,25.48,26.33,204700,
IO,5.930003,5.990003,5.920003,5.960003,46500,
IOC,70.150002,71.809998,70,70.370003,233800,
IOO,68.059998,68.300003,67.889999,68.029999,105600,
IOSP,40.5,40.5,40.040001,40.349998,27700,
IP,44.360008,44.630005,43.870004,43.900009,3305500,
IPAR,29.35,29.549999,29.059999,29.33,108700,
IPCM,51.07,51.470001,50.619999,51.27,204200,
IPG,14.62,14.72,14.53,14.65,3193100,
IPGP,59.619999,60.310001,59.290001,60.049999,216800,
IPHI,10.71,10.9,10.71,10.81,167500,
IPHS,47.32,47.669998,47.119999,47.220001,58100,
IPI,19.219999,19.299999,18.969999,19.09,963800,
IPXL,18.91,19.530001,18.49,19.5,1397200,
IQNT,5.41,5.69,5.4,5.68,635300,
IR,55.130004,55.7,54.999996,55.490004,2642500,
IRBT,37.509998,39.639999,37.48,39.25,920600,
IRC,9.8,10.16,9.8,10.16,731700,
IRDM,7.39,7.85,7.37,7.85,889900,
IRE,8.59,8.77,8.53,8.62,378300,
IRET,8.41,8.59,8.33,8.59,455500,
IRF,20.95,21.09,20.71,20.92,335300,
IRM,26.580002,26.869998,26.399999,26.750005,1218500,
IRWD,10.76,10.94,10.19,10.22,991300,
ISBC,21.060001,21.390001,20.98,21.300001,316000,
ISCA,31.440001,31.92,31.280001,31.77,121100,
ISIL,7.8,7.88,7.73,7.88,1203100,
ISIS,28.4,28.66,27.040001,27.15,1910700,
ISLE,7.2,7.42,7.2,7.38,36600,
ISRG,506.420013,507.609985,500.98999,502.190002,156700,
ISS,5.12,5.21,5.12,5.12,290923,
ISSC,6.95,7.01,6.56,6.72,62800,
ISSI,10.9,11.1,10.82,11.07,66700,
IT,57.380001,58.799999,57.369999,58.169998,373100,
ITB,22.379999,22.799999,22.26,22.75,7238700,
ITC,90.540001,91.42,90.019999,90.35,703800,
ITG,14.09,14.31,14.04,14.08,313500,
ITMN,9.77,10.17,9.73,10.15,1386900,
ITOT,73.589996,73.839996,73.480003,73.589996,364800,
ITRI,41.959999,42.529999,41.959999,42.470001,413000,
ITT,29.360001,29.940001,29.18,29.82,612600,
ITUB,12.809994,13.080002,12.760001,13.009996,15702400,
ITW,68.940002,69.830002,68.709999,69.790001,2450400,
IVAC,5.39,5.84,5.29,5.66,353800,
IVAN,0.91,0.93,0.9,0.91,25500,
IVC,14.36,14.65,14.33,14.61,110100,
IVE,76.239998,76.580002,76.150002,76.300003,605000,
IVR,16.549999,16.860001,16.549999,16.690001,2227300,
IVV,161.960007,162.660004,161.800003,161.910004,5220100,
IVW,84.580002,84.860001,84.400002,84.419998,498700,
IVZ,32.259998,32.560001,32.09,32.509998,3414700,
IWB,89.849998,90.290001,89.82,89.889999,497700,
IWC,61.310001,61.889999,61.16,61.810001,66300,
IWD,83.900002,84.410004,83.830002,84.139999,1886600,
IWF,73.220001,73.5,73.129997,73.139999,1495200,
IWM,96.650002,97.739998,96.610001,97.559998,40852300,
IWN,85.190002,86.199997,85.190002,86.07,1322900,
IWO,111.099998,112.349998,110.940002,112.18,1177000,
IWP,71.800003,72.25,71.639999,72.099998,203400,
IWR,130,130.800003,129.710007,130.389999,207500,
IWS,57.93,58.360001,57.779999,58.139999,988700,
IWV,96.160004,96.599998,96.120003,96.269997,291600,
IXC,38.450001,38.68,38.43,38.459999,88600,
IXYS,11.07,11.51,11.07,11.23,61200,
IYE,44.849998,45.099998,44.709999,44.720001,252500,
IYF,71.379997,72.059998,71.379997,71.93,557600,
IYG,71.620003,72.139999,71.43,71.970001,43200,
IYH,101.040001,101.400002,100.809998,100.870003,41900,
IYJ,83.559998,83.860001,83.199997,83.699997,110000,
IYM,67.620003,67.800003,67.360001,67.410004,53400,
IYR,66.010002,66.839996,65.849998,66.720001,13893800,
IYT,110.25,110.669998,109.489998,110.440002,235800,
IYW,73.739998,74.18,73.739998,73.739998,120200,
IYZ,25.34,25.83,25.34,25.799999,293100,
JACK,39.060001,39.400002,38.950001,39.25,163100,
JAGGF,0.41,0.41,0.41,0.41,0,
JAH,43.669996,44.149996,43.660006,43.750005,1245200,
JAKK,10.08,10.47,10.07,10.47,139900,
JASO,6.99,7.23,6.91,7.11,3570600,
JAZZ,68.550003,69.5,67.690002,68.639999,626900,
JBHT,70.879997,71.839996,70.410004,71.360001,369900,
JBL,20.23,20.57,20.200001,20.370001,1832300,
JBLU,6.08,6.1,6,6.08,1995100,
JBT,21.200001,21.450001,21.08,21.33,89800,
JCI,32.290001,33.029999,32.279999,32.880001,5389200,
JCOM,40.900002,41.970001,40.490002,41.860001,540300,
JCP,16.24,17.09,16.23,16.99,9670500,
JDSU,13.85,14.32,13.79,14.23,2930900,
JE,6.07,6.1,5.87,5.93,1202800,
JEC,55.369999,55.790001,55.139999,55.700001,784600,
JIVE,17.48,17.98,17.27,17.950001,846300,
JJC,37.419998,37.580002,37.380001,37.400002,40500,
JJG,50.380001,50.509998,50.150002,50.169998,10400,
JKHY,47.150002,47.799999,47.119999,47.619999,168100,
JKS,8.22,9.3,8.22,9.12,1272200,
JLL,90.010002,92.589996,89.940002,92.209999,467000,
JMBA,15.39,15.55,15.3,15.48,223100,
JNJ,87.529999,87.82,86.489998,86.709999,8890300,
JNK,39.52,39.790001,39.509998,39.619999,8086600,
JNPR,18.59,19.110001,18.559999,19.049999,5317200,
JNS,8.46,8.7,8.46,8.61,2156300,
JNY,13.49,13.7,13.49,13.68,794800,
JO,25.48,25.639999,25.24,25.58,88000,
JOBS,63.810001,64.489998,60.560001,64.290001,78200,
JOE,20.940001,21.469999,20.82,21.41,297600,
JOSB,40.64,41.16,40.26,40.39,570600,
JOY,49.299999,49.66,48.93,49.439999,2470000,
JPM,53.029999,53.490002,52.880001,53.150002,17093600,
JRCC,1.82,1.92,1.75,1.77,883800,
JRN,7.55,7.63,7.47,7.6,204200,
JST,4.87,4.95,4.86,4.95,23300,
JW.A,39.720001,40.240002,39.720001,40.02,166500,
JWN,59.650002,59.919998,58.98,59.560001,954500,
JXI,41.849998,42.209999,41.849998,41.91,19800,
K,64.07,64.779999,64.010002,64.419998,1533400,
KAI,30.129999,30.85,30.059999,30.549999,68300,
KALU,62.419998,62.830002,62.279999,62.490002,99300,
KAMN,33.98,34.650002,33.880001,34.57,55100,
KAR,22.82,23.43,22.75,23.25,935400,
KB,29.629999,29.629999,29.370001,29.58,104900,
KBALB,9.96,10.1,9.87,10.02,46100,
KBE,28.6,28.879999,28.52,28.84,1117900,
KBH,20.120001,20.76,19.5,19.700001,11565500,
KBR,32.189999,32.939999,31.969999,32.650002,1353500,
KBWB,31.540001,31.870001,31.540001,31.870001,58800,
KCAP,10.77,11,10.63,10.9,418400,
KCE,39.82,40.380001,39.82,40.290001,11400,
KCG,3.53,3.53,3.24,3.5,1103800,
KDN,26.88,27.44,26.81,27.34,144600,
KEG,6.11,6.16,6.02,6.07,11100,
KELYA,17.16,17.43,17.16,17.299999,94000,
KEM,4.14,4.25,4.14,4.24,129800,
KEP,11.12,11.22,11.09,11.11,622400,
KERX,7.46,7.58,7.4,7.52,1309200,
KEX,78.839996,79.339996,78.559998,78.830002,170100,
KEY,10.98,11.09,10.91,11.08,9505900,
KEYN,19.77,19.78,19.74,19.76,589700,
KEYW,13.14,13.45,13.08,13.4,146200,
KFN,10.68,10.85,10.5,10.57,965400,
KFRC,14.49,14.82,14.41,14.74,106100,
KFY,17.559999,18.02,17.559999,17.959999,251000,
KGC,4.66,4.74,4.54,4.64,11897000,
KIE,53.529999,54.080002,53.349998,53.990002,34900,
KIM,21.209999,21.629999,21.17,21.629999,3631300,
KIOR,4.93,5.94,4.84,5.85,1229700,
KIRK,16.969999,17.09,16.75,16.799999,161200,
KKD,17.99,18.02,17.42,17.51,929900,
KKR,19.24,19.5,19.07,19.49,1272400,
KLAC,55.84,56.43,55.5,55.57,1766400,
KLIC,10.98,11.11,10.87,11.02,493300,
KMB,97.479995,98.189999,97.150007,97.320002,1758300,
KMI,37.709999,38.330002,37.650002,38.27,3735200,
KMP,84.92,85.88,84.61,85.2,1516800,
KMR,83.27,83.95,82.74,83.28,818900,
KMT,39.220001,39.689999,39.189999,39.52,529700,
KMX,46.259998,46.84,46.220001,46.700001,1482400,
KND,12.89,13.11,12.82,13.06,264600,
KNDI,6.1,6.42,6.03,6.06,1782700,
KNL,14.15,14.45,13.98,14.39,91200,
KNOP,21.75,22.370001,21.75,22.190001,20100,
KNX,16.639999,16.870001,16.58,16.82,328300,
KO,40.650002,40.880001,40.240002,40.259998,11459100,
KOF,133.350006,137.110001,133.289993,135.880005,153500,
KOG,8.7,8.77,8.56,8.64,3497500,
KOL,17.370001,17.620001,17.370001,17.5,85100,
KOLD,82.050001,88.120005,80.830004,87.339998,159600,
KONG,6.37,6.55,6.36,6.49,97800,
KOP,38.360001,38.880001,38.330002,38.490002,135900,
KOPN,3.56,3.68,3.55,3.66,114000,
KORS,59.869999,61.57,59.77,61.279999,3209900,
KOS,10.4,10.45,10.3,10.35,301200,
KR,34.52,34.939999,34.48,34.709999,6453600,
KRA,20.49,20.969999,20.309999,20.950001,146300,
KRC,52.139999,53.18,52.07,53.049999,445800,
KRE,33.630001,34.029999,33.5,33.970001,4125000,
KRFT,54.540001,55.75,54.540001,55.32,2224800,
KRG,5.59,5.86,5.59,5.85,111200,
KRO,16.360001,16.540001,16.23,16.469999,138000,
KS,40.5,41.25,40.450001,40.84,684800,
KSS,51.439999,51.720001,50.669998,50.68,2217500,
KSU,108.709999,109.110001,106.959999,107.68,781000,
KT,15.47,15.51,15.32,15.42,428600,
KTCC,10.8,10.94,10.48,10.73,75500,
KTOS,6.4,6.6,6.39,6.6,420500,
KUB,71.23,71.9,70.56,71.59,42200,
KVHI,12.92,13,12.73,12.98,31600,
KW,16.719999,16.83,16.6,16.799999,285400,
KWK,1.67,1.74,1.63,1.65,3183600,
KWR,61.93,63.240002,61.400002,62.970001,47400,
L,44.32,44.580002,44.200001,44.509998,517000,
LABL,29.35,30,29.280001,29.959999,31900,
LAD,53.080002,54.540001,52.91,53.959999,299100,
LAMR,42.860001,44.009998,42.860001,43.740002,1279000,
LANC,77.970001,79.489998,77.860001,78.809998,38000,
LAYN,19.42,19.57,19.33,19.49,82000,
LAZ,31.959999,32.959999,31.959999,32.889999,1028100,
LBAI,10.050001,10.200004,10.050001,10.109998,98800,
LBJ,21,21.959999,20.969999,21.73,3400,
LBTYA,72.859991,74.160009,72.45,73.809995,6287600,
LBTYK,68.519997,69.790001,68.190002,69.529999,2473200,
LBY,23.75,24.08,23.66,24.07,55100,
LCAV,3.04,3.09,3.01,3.03,23500,
LCC,16.29,16.34,16,16.31,3567900,
LCI,11.25,11.65,11.16,11.47,70300,
LDK,1.35,1.39,1.3,1.3,2607100,
LEA,59.09,59.869999,59.09,59.450001,721000,
LEAP,6.07,6.34,6.07,6.28,1709900,
LECO,56.27,57.169998,56.259998,57.049999,123500,
LEE,2.05,2.05,1.98,2,177000,
LEG,31.07,31.440001,30.82,31.190001,595300,
LEI,1.27,1.3,1.24,1.28,2200,
LEN,36.630001,37.5,36.360001,37.380001,8617700,
LF,9.75,9.79,9.52,9.73,1134700,
LFC,35.049989,35.240009,34.98,35.15001,657900,
LFL,16.129999,16.440001,16.09,16.370001,604400,
LFUS,74.470001,75.57,74.470001,75.459999,126400,
LFVN,2.27,2.3,2.24,2.3,1014805,
LG,45.799999,46.119999,45.450001,45.610001,174200,
LGCY,26.65,27,26.360001,26.709999,163900,
LGF,28.139999,28.629999,27.940001,28.16,1290400,
LGND,36.73,36.849998,36.009998,36.52,186300,
LH,100.040001,101.410004,100.040001,100.790001,485300,
LHCG,22.110001,22.66,21.77,22.530001,41800,
LHO,24.42,25.1,24.23,25.049999,1020500,
LIFE,74.11,74.15,74.02,74.02,1054100,
LII,63.919998,65.239998,63.34,65.019997,381800,
LINC,5.5,5.6,5.48,5.5,123400,
LINE,34.599998,34.849998,33.110001,33.130001,2346400,
LINTA,22.47,23.02,22.43,22.81,2141300,
LIOX,3.04,3.08,2.98,3.01,154300,
LIT,11.43,11.43,11.32,11.33,5400,
LIWA,4.88,5.14,4.87,5.09,25100,
LKQ,26.17,26.459999,25.969999,26.200001,1220700,
LL,78.889999,81.139999,78.610001,80.129997,605700,
LLEN,3.3,3.45,3.12,3.31,509100,
LLL,85.220001,86.400002,84.93,86.029999,355100,
LLNW,2.25,2.26,2.21,2.26,325400,
LLTC,36.860001,37.029999,36.73,36.779999,1178100,
LLY,50.110001,50.330002,49.720001,49.720001,3657300,
LM,31.08,31.49,30.870001,31.4,2056200,
LMCA,125.590043,127.790062,125.270048,127.130059,4218100,
LMNX,20.43,20.620001,20.139999,20.42,161600,
LMOS,16.66,17.200001,16.66,17.15,59100,
LMT,106.150002,107.629997,106.010002,107.360001,2536000,
LNC,36.200001,36.580002,36.060001,36.439999,1538000,
LNCE,28.02,28.360001,27.959999,28.280001,130800,
LNCO,37.110001,37.540001,36.5,36.580002,617900,
LNDC,13.61,13.61,13.27,13.39,153500,
LNG,28.5,28.67,27.51,27.52,3767100,
LNKD,180.789993,182.25,180,180.630005,1467800,
LNN,76.540001,76.910004,74.379997,76.510002,165800,
LNT,49.509998,50.169998,49.509998,49.970001,827200,
LO,43.779999,44.450001,43.439999,43.580002,3523600,
LOCK,11.82,11.88,11.73,11.8,810400,
LOCM,1.7,1.7,1.65,1.69,90500,
LODE,1.71,1.72,1.57,1.65,1032200,
LOGI,6.72,6.82,6.66,6.75,587600,
LOGM,24.530001,24.540001,24.07,24.389999,119400,
LOPE,31.549999,32.490002,31.530001,31.92,254900,
LORL,59.84,60.950001,59.110001,60.369999,57000,
LOW,40.75,41.380001,40.689999,41.150002,7787200,
LPHI,3.1,3.36,2.96,3.04,361900,
LPI,20.49,21.17,20.370001,20.65,1761300,
LPL,11.91,11.97,11.9,11.95,633200,
LPLA,37.66,38.009998,37.630001,38,642100,
LPNT,49.139999,49.540001,49.139999,49.32,307300,
LPR,0.36,0.36,0.36,0.36,700,
LPS,31.75,32.07,31.65,32.07,709800,
LPSN,8.84,8.99,8.79,8.97,320000,
LPX,14.97,15.17,14.86,15.12,2214300,
LQD,113.239998,113.790001,113.239998,113.720001,1544800,
LQDT,33.720001,33.98,33.310001,33.939999,202700,
LRCX,44.919998,45.150002,44.75,44.84,1611700,
LRE,14.82,14.86,14.67,14.67,84200,
LRN,26.66,26.780001,25.84,25.950001,267700,
LRY,16.08,16.08,16.08,16.08,0,
LSCC,4.85,4.91,4.8,4.86,632500,
LSE,8.48,8.53,8.46,8.5,568400,
LSI,64.580002,65.279999,64.449997,65.150002,158200,
LSTR,51.02,51.57,50.91,51.259998,203900,
LTBR,1.67,1.75,1.67,1.75,2100,
LTC,38.400002,39.419998,38.27,39.369999,140200,
LTD,36.87,36.87,36.87,36.87,0,
LTM,49.09,50.049999,48.779999,49.970001,294100,
LTPZ,60.07,61.240002,60.07,60.84,30500,
LTXC,5.93,6.02,5.89,6,290300,
LUB,8.39,8.44,8.22,8.41,25700,
LUFK,88.5,88.5,88.46,88.5,361900,
LUK,25.27,25.99,25.09,25.82,1759200,
LULU,64.400002,65.629997,64.110001,65.629997,4665800,
LUV,13.02,13.23,12.79,13.04,8318700,
LUX,50.259998,50.799999,50.029999,50.490002,34800,
LVLT,20.74,21.280001,20.690001,21.01,1092200,
LVS,51.900002,52.880001,51.849998,52.880001,8306400,
LXK,30.33,30.85,30.33,30.540001,436900,
LXP,11.59,11.78,11.57,11.72,1944100,
LXU,31.629999,31.83,31.24,31.57,68900,
LYB,67.699997,68.019997,67.07,67.5,4610100,
LYG,3.86,3.88,3.8,3.82,1352200,
LYV,15.5,15.73,15.44,15.63,1395300,
LZB,19.66,20.280001,19.450001,20.280001,414900,
M,48.16,48.68,48.029999,48.150002,4038200,
MA,571.529999,577.43,570,570.680008,5942000,
MAA,66.389999,67.410004,66.099998,67.410004,529100,
MAC,60.720001,61.369999,60.630001,61.009998,758600,
MACK,6.27,6.56,5.9,6.53,938100,
MAIN,27.09,27.76,27.02,27.610001,263600,
MAKO,12.03,12.27,11.8,12.14,474800,
MAN,55.209999,56.48,55.209999,55.720001,345800,
MANH,76.25,77.690002,75.989998,77.370003,572400,
MANT,25.02,25.65,25.02,25.65,112200,
MANU,16.27,16.27,16,16.07,10600,
MAR,39.73,40.41,39.630001,40.25,2152600,
MAS,19.46,20.08,19.229999,20.020001,5915300,
MASI,21.59,21.84,21.5,21.66,169300,
MAT,44.650002,45.169998,44.650002,44.970001,1145500,
MATW,37.459999,37.630001,37.18,37.310001,119100,
MATX,24.84,25.09,24.790001,24.99,422400,
MBB,104.639999,105,104.589996,104.910004,359700,
MBFI,26.67,27.129999,26.48,27.01,143400,
MBI,13.47,13.63,13.22,13.31,2552900,
MBLX,1.440029,1.49003,1.420028,1.440029,3600,
MBND,3.18,3.18,3.15,3.15,65300,
MBT,18.15,18.709999,18.15,18.48,2198700,
MCC,13.51,13.53,13.4,13.4,457800,
MCD,99.449997,99.82,99.129997,99.650002,4497100,
MCEP,21.870001,22.15,21.5,22.040001,35000,
MCF,34.299999,34.619999,33.509998,33.57,75600,
MCGC,5.04,5.15,5.02,5.13,252500,
MCHI,40.34,40.84,40.34,40.610001,413100,
MCHP,37.150002,37.400002,36.880001,37.09,3069600,
MCHX,5.94,6.04,5.92,5.99,40200,
MCK,115.830002,117.209999,115.370003,115.57,1215000,
MCO,59.299999,61.009998,58.82,60.830002,1672200,
MCP,5.43,5.66,5.41,5.61,4328300,
MCRI,16.6,17.139999,16.59,16.879999,46400,
MCRL,9.75,9.92,9.69,9.83,264900,
MCRS,42.1,43.29,41.99,43.06,853700,
MCY,43.02,43.75,42.830002,43.48,116100,
MD,89.309998,90.650002,89.309998,90.470001,286200,
MDAS,17.809999,18.040001,17.809999,17.93,268300,
MDC,32.580001,33.509996,32.179999,33.219999,945200,
MDCI,7.41,7.68,7.41,7.5,189200,
MDCO,31.25,31.58,31.23,31.450001,408000,
MDIV,21.08,21.200001,20.98,21.190001,257200,
MDLZ,29.059999,29.33,28.889999,29.15,7100200,
MDP,47.23,48.369999,47.060001,48.040001,366000,
MDR,8.63,8.69,8.38,8.4,4170300,
MDRX,12.8,13.08,12.75,13.05,1080100,
MDSO,73.57,76,73.480003,75.800003,247800,
MDT,52.130001,52.220001,51.709999,51.93,4382200,
MDU,25.99,26.370001,25.969999,26.120001,677100,
MDVN,48.869999,49.16,47.900002,48.970001,1828000,
MDXG,7.06,7.19,6.58,6.76,1136900,
MDY,209.820007,212.009995,209.800003,211.380005,1522900,
MEA,1.23,1.25,1.2,1.22,483000,
MEAS,45.46,46.3,45.06,45.96,23900,
MED,26.32,26.389999,25.889999,26,83900,
MEET,1.55,1.81,1.52,1.66,2048200,
MEG,10.68,11.2,10.58,10.7,571000,
MEI,16.34,17.07,16.34,16.99,268900,
MEIP,7.31,7.44,6.94,7.3,52000,
MELA,0.78,0.93,0.78,0.92,79400,
MELI,109.980003,110.669998,105.629997,109.169998,404700,
MEMP,19.450001,19.530001,19.280001,19.450001,271100,
MEMS,4.08,4.1,4.08,4.1,30200,
MENT,19.299999,19.700001,19.299999,19.6,604900,
MEOH,42.380001,42.830002,42.139999,42.610001,189000,
MERC,6.4,6.49,6.26,6.44,330000,
MERU,4.05,4.1,3.93,4.06,407000,
MET,45.740002,46.110001,45.52,46.099998,8263100,
MFA,8.38,8.55,8.36,8.47,2533300,
MFB,17.1,17.18,16.99,17.11,156000,
MFC,16.110001,16.190001,15.98,16,2062000,
MFG,4.03,4.07,4.03,4.07,1211800,
MFLX,14.27,14.65,14.27,14.64,43300,
MFRM,39.299999,40.119999,39.209999,39.959999,222500,
MG,16.99,17.549999,16.91,17.540001,720400,
MGA,70.07,71.18,70.010002,70.580002,1373600,
MGAM,24.96,25.82,24.64,25.71,166200,
MGC,55.110001,55.290001,55.029999,55.029999,35400,
MGI,21.639999,22.049999,21.450001,21.92,128600,
MGIC,5.37,5.4,5.32,5.32,51400,
MGK,60.75,61.009998,60.650002,60.650002,70600,
MGLN,55.09,56.240002,55.09,55.830002,112600,
MGM,14.54,14.69,14.42,14.47,5887700,
MGPI,5.57,5.6,5.31,5.55,14800,
MGV,49.299999,49.529999,49.299999,49.330002,52400,
MHFI,53.68,53.689999,52.91,53.27,1723500,
MHGC,7.95,7.99,7.84,7.97,377000,
MHK,111.730003,114.010002,110.610001,113.669998,486500,
MHLD,10.98,11.15,10.82,11.15,258700,
MHO,23.26,23.9,22.91,23.799999,361500,
MHR,3.52,3.76,3.5,3.67,3557400,
MIC,52.830002,53.169998,52.23,53.099998,201700,
MIDD,169.799995,173.949989,168.540001,173.210014,216600,
MIDU,53.790001,55.330002,53.790001,54.849998,528400,
MIDZ,30.969999,31.040001,30.18,30.26,6100,
MIG,7.77,7.9,7.7,7.81,267900,
MILL,4.28,4.299,4.051,4.07,125426,
MIND,16.690001,16.950001,16.690001,16.93,89700,
MINI,32.48,33.470001,32.299999,33.299999,275300,
MITK,5.86,6.1,5.51,5.77,1123432,
MITL,3.63,3.85,3.6,3.73,42300,
MITT,18.65,18.889999,18.639999,18.870001,364400,
MJN,79.239998,79.739998,78.75,78.760002,988300,
MKC,71,71.940002,69.599998,70.589996,1204100,
MKSI,26.65,27.290001,26.610001,26.9,225000,
MKTG,14.37,15.1,14.36,14.39,519200,
MKTX,46.57,47.509998,46.32,47.290001,169900,
MLHR,26.5,27.25,24.77,27.17,1004100,
MLI,49.459999,51,49.23,50.919998,309000,
MLM,100.279999,100.919998,99.510002,100.620003,262500,
MLNK,2.85,2.98,2.81,2.93,190000,
MLNX,49.630001,49.830002,48.720001,49.119999,310300,
MLPN,29.65,29.77,29.290001,29.75,485200,
MLR,15.63,15.89,15.55,15.83,15700,
MM,8.79,8.79,8.55,8.7,1329800,
MMC,40.09,40.330002,39.869999,40.290001,2262600,
MMLP,43.5,44.549999,43.310001,44.529999,90500,
MMM,110.540001,110.900002,109.970001,110.239998,2229600,
MMP,53.5,54.580002,53.110001,54.220001,579200,
MMS,74.5,75.769997,74.489998,75.489998,566200,
MMSI,10.77,11.09,10.75,11.08,260400,
MMYT,13.68,13.97,13.5,13.96,19000,
MN,17.82,17.93,17.52,17.57,121200,
MNI,2.34,2.38,2.32,2.35,28300,
MNKD,6.55,6.68,6.51,6.64,6271300,
MNR,9.76,9.99,9.76,9.96,138600,
MNRO,48.310001,48.970001,48.139999,48.330002,240900,
MNST,58.009998,59.710001,58.000002,59.65,3677400,
MNTA,14.47,14.8,14.24,14.73,194300,
MNTG,3.36,3.58,3.3,3.5,154700,
MNTX,10.49,10.81,10.41,10.77,157700,
MNX,2893.899902,2924.199951,2893.899902,2906.800049,1689800000,
MO,35.529999,35.77,35.389999,35.450001,6334000,
MOBI,2.91,3.1,2.81,2.93,106900,
MOD,10.66,10.96,10.66,10.92,125800,
MODN,22.23,22.799999,21.93,22.68,96400,
MOH,36.560001,37.43,36.43,37.389999,548900,
MOLX,29.16,29.52,29.04,29.17,670100,
MOLXA,24.62,24.97,24.6,24.61,232500,
MON,101.169998,101.169998,98.589996,98.75,3252600,
MOO,51.349998,51.549999,51.220001,51.32,190900,
MORN,74.669998,75.279999,74.519997,74.980003,111800,
MOS,55.060001,55.209999,53.759998,53.799999,4153500,
MOSY,4,4.03,3.97,4.02,118000,
MOV,32,34.130001,32,33.73,134400,
MOVE,12.26,12.99,12.16,12.85,901100,
MPAA,9.3,9.36,8.94,9.03,133400,
MPC,73.120003,73.709999,70.709999,71.050003,7349600,
MPEL,22.700001,22.969999,22.540001,22.700001,5270300,
MPG,3.11,3.12,3.11,3.12,1673700,
MPLX,37.220001,37.549999,36.700001,37.240002,66500,
MPO,5.79,5.81,5.45,5.49,52300,
MPW,14.31,14.65,14.28,14.63,1097700,
MPWR,24.27,24.41,23.91,24.25,187400,
MR,38.119999,38.299999,37.790001,38,419900,
MRC,27.940001,28.610001,27.790001,28.549999,1065600,
MRCY,9.19,9.47,9.17,9.2,151400,
MRGE,3.55,3.62,3.5,3.59,464700,
MRH,24.66,25.129999,24.450001,25.07,239500,
MRIN,10.26,10.26,9.95,10.11,82400,
MRK,47.029999,47.360001,46.869999,47.279999,11639800,
MRO,35.57,35.799999,34.919998,35.119999,5077900,
MRTN,15.11,15.16,14.91,15.05,140800,
MRVL,11.79,11.94,11.73,11.83,6850300,
MS,25.16,25.370001,24.98,25.040001,12139800,
MSA,46.099998,47,46.049999,46.740002,83400,
MSB,17.76,17.82,17.309999,17.379999,57900,
MSCC,22.24,22.610001,21.98,22.5,385800,
MSCI,32.93,32.990002,32.740002,32.799999,615800,
MSFT,34.52,34.779999,34.5,34.619999,28993100,
MSG,58.009998,59.09,57.759998,58.740002,863000,
MSI,57.68,58.200001,57.419998,57.84,1510500,
MSM,78.699997,79.190002,78.220001,78.699997,440100,
MSO,2.35,2.37,2.34,2.35,75600,
MSPD,3.3,3.33,3.2,3.28,560500,
MSTR,84.489998,86.019997,84.220001,85.580002,56700,
MSTX,0.44,0.4651,0.4316,0.46,828915,
MT,11.34,11.5,11.33,11.35,5840400,
MTB,110.209999,111.779999,110.190002,111.5,974300,
MTD,202.960007,203,201.5,202.300003,264800,
MTDR,12.07,12.07,11.8,11.89,540200,
MTG,6.1,6.37,6.08,6.29,10668600,
MTGE,17.610001,17.75,17.530001,17.709999,1247400,
MTH,43.439999,44.779999,43.060001,44.560001,555600,
MTL,2.88,2.92,2.85,2.9,704300,
MTN,61.27,61.990002,60.93,61.720001,402600,
MTOR,6.83,7.14,6.83,7.14,868200,
MTRN,26.98,27.360001,26.799999,27.25,59400,
MTRX,15.45,15.62,15.35,15.4,149600,
MTSC,56.32,57.259998,56.32,56.869999,46500,
MTSN,2.23,2.24,2.15,2.16,698800,
MTU,6.05,6.1,6.04,6.07,1685700,
MTW,18.180002,18.22,17.960001,17.99,12095000,
MTX,41.5,41.610001,41.209999,41.439999,158900,
MTZ,31.969999,32.630001,31.959999,32.549999,535600,
MU,14.3,14.53,14.27,14.34,38747100,
MUB,105.300003,106.089996,105.300003,105.889999,431600,
MUR,61.640003,62.050006,61.050004,61.550003,1727000,
MUX,1.69,1.75,1.66,1.69,3496200,
MVC,12.58,12.69,12.58,12.6,74500,
MVG,5.21,5.23,5.1,5.11,87000,
MVIS,2.48,2.54,2.44,2.51,94000,
MVO,31,31.5,30.950001,31.139999,65400,
MVV,94.330002,95.940002,94.110001,95.559998,110000,
MW,37.049999,38.009998,37.02,37.799999,1075800,
MWA,6.62,6.98,6.55,6.89,1733000,
MWE,66.980003,67.949997,66.529999,67.550003,594400,
MWIV,120.05,122.57,119.74,121.69,27000,
MWV,34.459999,34.669998,34.27,34.330002,850200,
MWW,4.74,4.91,4.74,4.86,1015700,
MX,17.700001,18.15,17.59,18.110001,396900,
MXIM,28.030001,28.17,27.84,27.969999,1522000,
MXL,6.85,6.99,6.82,6.95,60900,
MXWL,6.8,7.27,6.78,7.12,745000,
MY,1.6,1.66,1.58,1.58,1092000,
MYE,14.79,15.03,14.68,14.96,163100,
MYGN,26.52,27.469999,26.459999,26.540001,1313000,
MYL,30.719999,30.98,30.6,30.9,3778900,
MYRG,19.33,19.360001,19.07,19.360001,121200,
MZZ,18.83,18.85,18.540001,18.540001,6500,
N,89.720001,93.099998,89.449997,91.779999,354600,
NAFC,22.41,22.88,21.97,22.04,29800,
NAK,1.95,2.09,1.95,2.07,393400,
NANO,14.95,14.97,14.75,14.97,162000,
NAT,7.209997,7.330003,6.999997,7.159996,1036000,
NATI,27.870001,28.26,27.66,27.93,266600,
NATR,16.129999,16.129999,15.87,15.99,26500,
NAV,27.6,28.49,27.559999,27.99,1050200,
NAVB,2.55,2.67,2.52,2.66,770233,
NBG,2.95,3.39,2.94,3.14,20487800,
NBIX,12.83,13.04,12.77,13,406700,
NBL,60.900002,61.77,60.709999,60.880001,2378700,
NBR,15.84,15.86,15.49,15.64,3113900,
NBTB,21.129999,21.389999,21.040001,21.32,60500,
NCI,11.95,12.05,11.87,12.05,624000,
NCLH,29.700001,30.4,29.35,30.030001,451300,
NCMI,16.790001,17.15,16.77,17.040001,297300,
NCQ,1.73,1.75,1.7,1.75,100000,
NCR,32.889999,33.52,32.830002,33.080002,1197800,
NCS,15.57,15.84,15.37,15.78,111700,
NCT,5.22019,5.260196,5.200198,5.240193,4410400,
NCTY,3.7,3.7,3.58,3.59,25400,
NDAQ,32.669998,32.880001,32.43,32.860001,1185500,
NDO,78.139999,78.529999,77.739998,77.949997,0,
NDRO,15.87,16,15.64,15.96,28400,
NDSN,68.919998,69.949997,68.919998,69.779999,172700,
NDX,2909.879883,2924.340088,2905.300049,2906.840088,1689800000,
NDZ,7.4,7.41,7.26,7.38,124400,
NE,37.689998,38.239999,37.540007,38.069999,2806000,
NEE,80.220001,80.949997,79.919998,80.419998,1250000,
NEM,27.610001,28.23,27.32,27.709999,12906200,
NEO,3.97,4.03,3.9,4.03,128500,
NEOG,55.07,55.629999,54.540001,55.480001,90700,
NEON,5.6,6,5.59,6,790600,
NEPT,3.16,3.3,3.09,3.19,425600,
NES,2.92,2.96,2.89,2.92,289600,
NEU,271.480011,273.75,268.059998,271.059998,23400,
NEWP,13.32,13.72,13.32,13.65,80700,
NFBK,11.67,11.7,11.53,11.67,650000,
NFG,58.91,59.57,58.900002,58.950001,228700,
NFLX,212.91,216.729994,209.600004,214.969994,18326700,
NFP,25.3,25.32,25.28,25.3,1063900,
NFX,24.33,24.51,24.09,24.15,1416200,
NG,2,2,1.91,1.93,1794900,
NGD,5.81,5.99,5.7,5.96,5039500,
NGG,55.950001,56.450001,55.950001,56.209999,1298500,
NGL,30.5,30.5,29.799999,30.190001,64400,
NGLS,48.5,49.75,48.299999,49.529999,429800,
NGPC,6.13,6.16,6.06,6.09,100400,
NGS,23.120001,23.32,22.889999,23.15,18000,
NGVC,33.419998,33.669998,32.41,32.560001,84400,
NHI,58.27,59.950001,58.139999,59.830002,139400,
NI,28.24,28.560001,28.170002,28.43,4140700,
NIB,28.91,28.91,28.559999,28.65,12600,
NICE,36.419998,36.939999,36.389999,36.630001,140300,
NIHD,86.75,90.25,86.7,86.7,74800,
NILE,36.66,37.450001,36.630001,36.91,133600,
NKA,14.6,14.96,14.5,14.87,71500,
NKE,62.869999,63.25,62.130001,62.32,12282800,
NKTR,11.3,11.77,11.15,11.7,1571200,
NKY,16.059999,16.18,16.059999,16.15,924700,
NLNK,19.780001,20.16,18.469999,19.01,514100,
NLS,8.4,8.63,8.31,8.49,516300,
NLSN,33.98,34.259998,33.849998,34.099998,1243900,
NLST,0.95,0.95,0.92,0.94,34100,
NLY,12.67,12.8,12.64,12.71,10462900,
NM,5.2,5.35,5.18,5.26,352500,
NMFC,14.13,14.33,14.02,14.28,441200,
NMM,14.13,14.5,14.13,14.5,308900,
NMR,7.25,7.34,7.23,7.33,929200,
NMRX,11.06,11.06,10.76,10.85,90900,
NNBR,10.68,11.17,10.65,11.17,100700,
NNI,35.91,36.68,35.779999,36.66,90300,
NNN,34.130001,34.799999,34.080002,34.740002,1644600,
NOA,4.19,4.24,4.14,4.2,113700,
NOAH,8.69,9.2,8.61,9.07,122900,
NOC,82.449997,83.449997,82.370003,83.209999,951900,
NOG,13.28,13.28,12.79,12.9,518200,
NOK,3.91,3.92,3.78,3.81,23058200,
NOR,3.249997,3.389997,3.249997,3.259997,58000,
NOV,68.750002,68.979998,68.209996,68.459997,2414800,
NOW,41,41.400002,40.189999,40.93,2101700,
NP,31.49,31.77,31.34,31.639999,45400,
NPD,1.52,1.53,1.5,1.51,39500,
NPO,49.400002,50.98,49.259998,50.810001,152000,
NPSP,15.42,15.62,15.14,15.22,1295500,
NPTN,8.19,8.33,8.1,8.26,40500,
NQ,8.38,8.59,8.25,8.37,518500,
NR,10.7,11.11,10.7,10.9,594000,
NRF,8.879996,9.119995,8.860003,9.050004,2056200,
NRG,26.73,26.93,26.57,26.700001,3189400,
NRGM,22.32,22.69,22.19,22.35,835800,
NRGY,15.83,16.35,15.83,16.08,627800,
NRP,20.32,20.6,20.12,20.460001,22000,
NRT,24.75,24.75,24.200001,24.379999,43900,
NRZ,6.52,6.67,6.46,6.55,1258800,
NS,46.099998,46.68,45.709999,46.419998,381400,
NSC,73.919998,74.360001,72.989998,73.489998,2396500,
NSH,27.33,27.33,26.35,26.91,425900,
NSIT,17.139999,17.559999,17.059999,17.559999,119800,
NSM,38.290001,38.830002,37.369999,38.16,700300,
NSP,30.040001,30.27,29.98,30.17,97800,
NSPH,3.6,3.6,3.3,3.31,65600,
NSR,48.310001,48.700001,48.189999,48.48,213100,
NSU,2.84,2.84,2.71,2.72,639200,
NTAP,38,38.27,37.880001,37.959999,3139600,
NTCT,23.049999,23.709999,23.049999,23.610001,148900,
NTE,5.65,5.74,5.64,5.65,483700,
NTES,59.73,61.41,59.470001,61.040001,625000,
NTGR,30.690001,30.690001,29.879999,30.59,473300,
NTI,24.559999,24.629999,23.66,23.75,1159100,
NTLS,16,16.25,15.76,16.209999,85100,
NTRI,10.68,11.34,10.49,11.32,784200,
NTRS,57.740002,58.360001,57.650002,58.310001,1667200,
NTSP,15.98,15.99,15.96,15.99,486400,
NTT,25.83,25.950001,25.83,25.950001,142500,
NTWK,10.13,10.155,9.9,9.96,60040,
NU,41.5,42.26,41.45,41.74,1837000,
NUAN,18.27,18.68,18.17,18.629999,5568300,
NUE,43.950001,44.59,43.950001,44.080002,1353300,
NUS,61.439999,63.189999,61.439999,62.18,493300,
NUVA,24.200001,24.389999,24.08,24.32,180500,
NVAX,1.96,1.99,1.93,1.98,590900,
NVDA,14.18,14.2,13.86,14.01,20200900,
NVDQ,13.21,13.74,13.19,13.55,117400,
NVE,23.5,23.51,23.45,23.46,4170300,
NVMI,9.23,9.37,9.01,9.04,76400,
NVO,158.059998,159.209995,157.049999,158.000002,4195000,
NVS,70.300003,70.919998,70.25,70.419998,1166100,
NVTL,3.81,3.97,3.77,3.9,218700,
NWBI,13.21,13.32,13.21,13.23,563400,
NWBO,3.22,3.35,3.21,3.27,90700,
NWE,39.740002,39.98,39.619999,39.790001,188500,
NWL,25.719999,26.24,25.66,26.190001,1983500,
NWN,41.950001,42.240002,41.799999,42,118100,
NWPX,27.559999,28.219999,27.559999,28.08,50100,
NWS,14.78,15.74,14.66,15.37,3258000,
NWSA,15.34,15.87,14.85,15.5,12121700,
NWY,6.25,6.25,6.18,6.24,217100,
NX,16.51,16.709999,16.360001,16.700001,220200,
NXPI,30.6,31.33,30.42,31.120001,1860200,
NXST,35.529999,36.02,35.169998,35.459999,589500,
NXTM,14.24,14.48,14.09,14.43,326900,
NYCB,13.96,14.06,13.92,14.04,2213800,
NYMT,6.74,6.75,6.67,6.73,623800,
NYMX,4.91,5.27,4.91,5.11,60700,
NYT,10.9,11.07,10.82,10.88,1167800,
NYX,41.93,42,41.46,41.71,1566200,
O,42.009998,42.75,42.009998,42.279999,2190300,
OAK,52.700001,52.700001,52,52.369999,191800,
OAS,38.759998,39.16,38.25,38.310001,1537800,
OB,14.49,14.61,14.42,14.61,122600,
OC,41.169998,41.419998,40.049999,41.110001,2097300,
OCLR,1.26,1.28,1.24,1.24,796400,
OCN,42.32,42.599998,42.150002,42.470001,1477800,
OCR,48.290001,48.700001,47.950001,47.959999,791500,
OCZ,1.53,1.55,1.48,1.52,1058500,
ODFL,41.720001,42.380001,41.48,42.25,447100,
ODP,3.94,4.02,3.93,3.99,5520000,
OEF,72.540001,72.860001,72.470001,72.5,458700,
OEH,12.09,12.18,11.73,11.92,980000,
OEX,0.255,0.255,0.255,0.255,0,
OFC,25.09,25.719999,25.08,25.540001,523300,
OFG,17.85,18.25,17.83,18.09,325400,
OFIX,26.59,26.59,26.34,26.530001,170400,
OGE,67.800003,68.25,67.580002,67.900002,761000,
OGXI,9.63,9.85,9.6,9.8,28500,
OHI,31.030001,31.690001,30.959999,31.629999,1438600,
OI,27.07,28.219999,27.059999,28.16,1775300,
OIBR,1.79,1.84,1.79,1.82,215500,
OIH,42.959999,43.139999,42.830002,42.93,2023600,
OII,72.190002,72.330002,71.290001,72.010002,570100,
OIL,22.24,22.58,22.209999,22.49,221900,
OILT,50.35,50.8,50,50.6,68800,
OIS,92.830009,93.829998,92.410012,92.690012,1970500,
OKE,41.620002,42.510001,41.589998,41.78,2007800,
OKS,49.439999,50,49.25,49.52,778300,
OKSB,13.19,13.74,13,13.67,20900,
OLED,27.58,28.35,27.5,28.35,446600,
OLN,23.860001,24.139999,23.790001,24.01,712700,
OMC,62.869999,63.419998,62.700001,63.18,1069800,
OMCL,19.48,19.950001,19.41,19.860001,130900,
OME,9.22,9.4,9.13,9.19,91700,
OMER,5.1,5.12,4.97,5,118900,
OMEX,2.989999,3.029999,2.949999,3.019999,30000,
OMG,30.93,31.08,30.58,30.75,364500,
OMI,34.27,34.310001,33.889999,34.02,352200,
OMN,7.5,8.1,7.41,8.01,267200,
OMX,10.32,10.54,10.32,10.52,1150200,
ONB,13.74,13.92,13.69,13.89,329000,
ONCY,2.79,2.91,2.78,2.9,327900,
ONE,11.45,11.48,11.28,11.48,204300,
ONNN,7.79,8.15,7.79,7.98,6949200,
ONP,1.51,1.56,1.5,1.5,24400,
ONTY,1.68,1.71,1.65,1.66,634600,
ONXX,84.77,85.34,82.45,85.2,855000,
OPEN,64.54,65.6475,64.54,64.99,438700,
OPK,7.07,7.18,6.99,7.16,1370300,
OPLK,16.82,17.46,16.71,17.43,65000,
OPTR,13.1,14,13.05,13.87,825300,
ORA,23.02,23.84,23.02,23.49,122800,
ORB,17.3,17.42,17.24,17.33,418800,
ORBC,4.49,4.6,4.45,4.49,127100,
ORBK,12.41,12.6,12.41,12.44,82200,
ORCL,30.309999,31.139999,30.290001,30.450001,43014900,
OREX,6.03,6.15,5.87,6.02,269500,
ORI,12.72,12.85,12.63,12.79,1455200,
ORIG,17.09,18.07,16.969999,18.030001,297800,
ORIT,15.84,15.85,15.63,15.7,181600,
ORLY,111.050003,112.139999,111.050003,111.800003,554200,
ORN,11.24,11.98,11.23,11.9,145800,
OSGIQ,3.79,4.15,3.78,3.85,186100,
OSIR,10.68,10.68,10.23,10.28,53500,
OSIS,63.93,65.129997,63.68,65.040001,190300,
OSK,36.91,38.130001,36.810001,37.84,596900,
OSTK,27,28.299999,26.73,27.98,642200,
OSUR,3.88,4,3.81,3.82,298500,
OSX,252.97,254.38,252.43,253.42,0,
OTEX,68.5,69.949997,68.480003,69.07,528800,
OTTR,27.75,28.309999,27.75,28.23,93200,
OVTI,18.33,18.59,18.200001,18.42,531100,
OVX,22.82,23.3,21.94,23.17,0,
OWW,7.92,8.22,7.91,8.22,737400,
OXF,2.69,2.84,2.56,2.66,57500,
OXM,60.970001,61.540001,60.310001,61.43,105100,
OXY,89.910004,91.260004,89.520001,90.310008,3514400,
OZM,10.46,10.6,10.39,10.5,591100,
OZRK,43.790001,43.790001,43.310001,43.400002,965600,
P,17.82,18.4,17.43,18.16,6890200,
PAA,55.310001,55.779999,55.049999,55.77,997400,
PAAS,10.52,11.02,10.45,10.87,3323400,
PAC,49.209999,50.299999,47.509998,48.029999,171200,
PACB,2.5,2.58,2.45,2.57,161200,
PACD,9.47,9.56,9.47,9.48,13400,
PACR,6.35,6.39,6.28,6.34,298800,
PACT,6.69,6.76,6.69,6.75,135054,
PACW,30.07,30.870001,29.91,30.85,200300,
PAG,29.6,30.139999,29.540001,30.120001,239600,
PAL,0.95,0.98,0.95,0.95,496105,
PANW,42.509998,44.549999,42.419998,44.380001,1395900,
PATH,2.86,2.99,2.81,2.97,82500,
PAY,16.559999,17.07,16.540001,16.860001,1589000,
PAYX,36.970001,37,35.740002,36.599998,7255200,
PB,51.130001,52.380001,50.959999,52.169998,422000,
PBA,30.4,30.629999,29.809999,30.33,222300,
PBCT,14.9,14.95,14.78,14.95,2230500,
PBF,24.719999,25.370001,24.719999,25.139999,785700,
PBH,29.27,29.809999,29.25,29.76,192900,
PBI,14.81,15.19,14.74,15.19,2746600,
PBJ,24.27,24.540001,24.27,24.4,208200,
PBNY,9.36,9.4,9.26,9.29,181600,
PBR,13.73,13.85,13.6,13.74,13119400,
PBR.A,14.96,15.15,14.91,15.02,11403800,
PBT,13.25,13.29,13.04,13.2,73900,
PBTH,6.23,6.32,6.16,6.17,304900,
PBW,5.17,5.38,5.17,5.36,322200,
PBY,11.37,11.66,11.37,11.64,197200,
PCAR,52.959999,53.720001,52.860001,53.630001,1513900,
PCCC,15,15.19,14.7,15,24400,
PCEF,24.35,24.68,24.35,24.66,210400,
PCG,44.990002,45.25,44.540001,44.630001,1798900,
PCH,40.860001,41.299999,40.529999,41.09,335700,
PCL,46.299999,46.919998,46.25,46.639999,728100,
PCLN,825.5,828.059998,819.900024,822.390015,533400,
PCOM,21.99,22.15,21.709999,21.93,66900,
PCP,223.880005,226.940002,222.550003,225.639999,1113400,
PCRFY,7.62,7.71,7.61,7.62,523900,
PCRX,28.030001,28.52,27.76,28.52,244300,
PCS,0.08,0.08,0.08,0.08,0,
PCTI,7.64,8.07,7.64,8.03,25800,
PCXCQ,0.1735,0.178,0.166,0.1675,314700,
PCY,27.030001,27.299999,27.02,27.26,1226500,
PCYC,82.07,82.54,81.25,81.67,640300,
PDCE,52.689999,53.27,52.200001,53.139999,373800,
PDCO,37.419998,37.810001,37.23,37.580002,719000,
PDFS,18.389999,18.629999,18.16,18.540001,54600,
PDH,12.34,12.62,12.1452,12.55,199800,
PDLI,7.63,7.71,7.59,7.67,1214200,
PDM,17.6,17.889999,17.58,17.860001,684500,
PDP,31.190001,31.42,31.08,31.35,124900,
PDS,8.66,8.8,8.64,8.68,566900,
PEB,26.059999,26.540001,26.049999,26.49,623700,
PEG,33.009998,33.18,32.580002,32.650002,2485300,
PEGA,32.59,33.560001,32.59,33.330002,242000,
PEI,18.26,18.92,18.120001,18.9,415100,
PEIX,4.03,4.4,4,4.15,350700,
PENN,51.979996,52.789998,51.9,52.679999,4587900,
PEP,81.769997,82.540001,81.519997,81.739998,4464300,
PER,14.73,14.99,14.73,14.87,85200,
PERI,11.48,11.52,11.17,11.19,96500,
PERY,20.51,20.68,20.379999,20.549999,57000,
PES,6.58,6.74,6.57,6.61,342900,
PETM,67.36,67.72,66.83,66.88,1328700,
PETS,12.64,12.77,12.56,12.73,95000,
PF,23.950001,24.530001,23.91,24.4,541600,
PFE,28.389999,28.66,28.110001,28.18,154427500,
PFF,39.18,39.34,39.099998,39.200001,1605200,
PFG,37.709999,38.040001,37.619999,37.970001,834100,
PFMT,12,12.42,11.83,12.4,425500,
PFPT,24.6,24.6,24.08,24.34,299900,
PFS,15.61,15.82,15.54,15.79,115400,
PFSI,20.950001,21.16,20.73,21.030001,99400,
PFSW,3.92,3.95,3.85,3.88,23200,
PG,77.959999,78.379997,77.57,77.669998,14731500,
PGEM,20.059999,20.200001,19.85,19.99,523800,
PGF,17.809999,17.870001,17.809999,17.85,455700,
PGH,4.79,4.86,4.76,4.83,1046100,
PGI,11.81,12.19,11.79,12.12,121900,
PGJ,20.65,20.9,20.65,20.9,42900,
PGNX,4.44,4.64,4.4,4.57,464800,
PGR,25.059999,25.360001,25.030001,25.25,2289900,
PGTI,8.56,8.75,8.47,8.64,401600,
PGX,14.25,14.29,14.21,14.27,1393000,
PH,96.150002,96.660004,95.339996,96.370003,742800,
PHB,18.77,18.85,18.74,18.77,314700,
PHG,27.43,27.73,27.43,27.57,815100,
PHH,20.790001,20.889999,20.469999,20.52,825300,
PHM,19.299999,19.43,18.889999,19.379999,11912500,
PHMD,15.530001,15.9,15.480001,15.79,19900,
PHO,21.76,22.09,21.75,22.059999,111200,
PICO,20.809999,21.370001,20.77,21.1,90100,
PID,16.27,16.360001,16.27,16.34,194200,
PIE,18.02,18.280001,18.02,18.27,465400,
PII,94.349998,95.139999,93.919998,94.949997,425100,
PIKE,11.99,12.19,11.87,12.16,212600,
PIN,16.09,16.43,16.059999,16.379999,1621400,
PIP,1.57,1.59,1.55,1.58,216000,
PIR,23.440001,23.73,23.370001,23.49,1137000,
PJC,30.690001,32.080002,30.440001,31.99,187000,
PKD,5.08,5.12,4.95,4.98,389900,
PKE,24.08,24.459999,24.02,24.24,25500,
PKG,49.040001,49.380001,48.869999,48.919998,533500,
PKI,33.009998,33.119999,32.740002,32.869999,1880700,
PKT,14.38,14.38,14.05,14.19,139700,
PKW,35.400002,35.669998,35.34,35.52,244100,
PKX,64.260002,64.349998,63.779999,64.099998,311700,
PKY,16.43,16.959999,16.4,16.879999,542500,
PL,37.96,38.81,37.81,38.64,441800,
PLAB,8,8.07,7.94,7.98,512400,
PLCE,54.349998,54.939999,54.040001,54.560001,165300,
PLCM,10.22,10.5,10.22,10.47,1291000,
PLD,37.34,38.049999,37.279999,38.02,3332800,
PLL,65.959999,66.529999,65.870003,66.190002,305500,
PLOW,13.5,13.6,13.3,13.42,107600,
PLT,44.32,44.610001,44.130001,44.490002,184200,
PLTM,10.84,11,10.84,10.93,6000,
PLUG,0.4,0.41,0.36,0.39,2367700,
PLX,5,5.01,4.9,4.92,118700,
PLXS,29.110001,30.299999,29.110001,29.700001,188700,
PLXT,4.74,4.8,4.715,4.78,853200,
PM,88.370003,88.959999,87.690002,87.779999,5276500,
PMC,13.48,13.86,13.48,13.85,284400,
PMCS,6.15,6.33,6.15,6.32,1792100,
PMFG,6.43,6.79,6.43,6.7,60600,
PMT,20.82,21.16,20.620001,21.110001,987800,
PMTC,24.11,24.84,24.11,24.68,593800,
PNC,73.699997,74.129997,73.43,73.629997,2128900,
PNFP,25.4,25.68,25.200001,25.6,85600,
PNG,20.73,21.21,20.73,20.89,106700,
PNK,19.870001,20.18,19.540001,19.709999,631200,
PNM,21.98,22.290001,21.93,22.110001,465200,
PNNT,10.85,11.08,10.83,11,792700,
PNR,57.490002,58.52,57.490002,58.450001,809700,
PNRA,183.009995,185.169998,182.419998,185,336300,
PNW,54.950001,56.27,54.900002,55.130001,1657000,
PNY,33.43,33.779999,33.360001,33.490002,177900,
PODD,31.01,31.700001,30.950001,31.690001,277100,
POL,24.84,25.469999,24.799999,25.280001,566200,
POM,20.309999,20.450001,20.129999,20.209999,1552300,
POOL,51.880001,52.669998,51.810001,52.150002,143700,
POR,30.4,30.83,30.370001,30.610001,655700,
POST,44.029999,44.610001,43.959999,44.360001,208700,
POT,39.580002,39.599998,38.66,38.759998,3771300,
POWI,40.130001,41.209999,40.07,40.98,159700,
POWR,14.74,15.58,14.6,15.43,388200,
POZN,4.96,5.12,4.91,5.12,133600,
PPC,13.38,13.72,13.36,13.48,700300,
PPG,150.100006,150.520004,148.339996,149.029999,1559800,
PPH,45.889999,46.169998,45.860001,45.91,68400,
PPHM,1.19,1.25,1.11,1.2,10280400,
PPL,29.83,30.17,29.610001,29.690001,4537300,
PPO,39.599998,39.759998,39.119999,39.52,422800,
PPP,4.26,4.3,4.18,4.22,274700,
PPS,48.23,49.52,48.139999,49.41,466400,
PQ,4.21,4.37,4.13,4.13,143000,
PRA,50.68,51.490002,50.509998,51.360001,222600,
PRAA,155.51001,157.109997,154.919998,156.48999,128700,
PRCP,7.7,8.05,7.7,7.89,70900,
PRE,89.160004,90.870003,88.959999,90.290001,411200,
PRFT,12.92,13.37,12.92,13.29,125800,
PRGO,119.860001,120.940002,119.519997,120.879997,396700,
PRGS,23.76,23.91,23.07,23.18,924400,
PRI,37.080002,37.509998,37.060001,37.419998,332100,
PRIM,19.34,19.459999,19.129999,19.450001,158400,
PRKR,4.38,4.56,4.34,4.44,73000,
PRLB,66.010002,67.309998,65.32,66.379997,510000,
PRMW,1.74,1.79,1.72,1.77,28100,
PRSC,26.51,29.07,26.120001,28.139999,253600,
PRSS,6.3,6.34,6.13,6.28,61100,
PRU,71.760002,72.769997,71.519997,72.410004,2158900,
PRXL,46.380001,46.720001,46.099998,46.349998,829100,
PSA,152.490005,154.350006,151.470001,154.100006,702100,
PSB,68.300003,71.879997,68.300003,71.82,233900,
PSDV,3.89,3.89,3.72,3.84,80100,
PSE,25.255,25.255,25.255,25.255,0,
PSEC,10.73,10.8,10.7,10.77,2384400,
PSEM,7.02,7.15,6.99,7.09,61500,
PSMI,10.74,11.03,10.59,11,265700,
PSMT,88.599998,89.330002,88.099998,88.639999,85400,
PSO,17.5,17.780001,17.5,17.74,1027200,
PSQ,22.93,22.959999,22.790001,22.950001,155000,
PST,29.540001,29.67,29.370001,29.43,287500,
PSTB,5.63,5.73,5.59,5.62,48600,
PSTI,3.09,3.09,3,3.05,74000,
PSUN,3.2,3.36,3.2,3.33,643800,
PSX,60.32,60.41,58.450001,59.220001,3883300,
PT,3.87,3.95,3.86,3.89,331500,
PTEN,19.700001,19.870001,19.42,19.440001,2038800,
PTIE,2.3,2.37,2.25,2.25,273300,
PTM,14.79,14.97,14.79,14.86,12100,
PTP,56.4,56.54,56.11,56.51,240400,
PTR,103.110001,104.300003,102.900002,103.580002,117300,
PTRY,12.21,12.33,12.16,12.28,118500,
PUK,32.900002,33.41,32.860001,33.220001,220100,
PVA,4.73,4.81,4.63,4.73,771900,
PVG,5.84,6.2,5.8,6.13,551400,
PVH,124.300003,125.650002,124.239998,125.010002,616100,
PVR,27.07,27.42,27.03,27.3,330700,
PVTB,20.77,21.35,20.66,21.299999,569900,
PWE,10.54,10.69,10.35,10.37,3066300,
PWER,6.31,6.33,6.3,6.3,3842400,
PWR,26.450001,26.82,26.280001,26.700001,2265000,
PWRD,16.370001,16.780001,16.309999,16.549999,733300,
PX,116.389999,116.440002,114.589996,114.889999,1363200,
PXD,148.789993,149.929993,146.639999,146.710007,1102000,
PZA,23.860001,24.110001,23.860001,23.98,273200,
PZE,3.66,3.77,3.61,3.72,99400,
PZG,1.06,1.1,1.04,1.07,974000,
PZO,130.779999,130.839996,129.699997,130.210007,0,
PZZA,65.370003,65.959999,65.089996,65.470001,188800,
Q,42.169998,42.709999,41.5,42.330002,675800,
QCOM,61.630001,61.77,60.66,61.080002,14249000,
QCOR,45.13,46.81,45.13,46.46,1082900,
QDEL,25.809999,25.950001,25.559999,25.879999,205500,
QEP,28.280001,28.65,27.93,27.950001,884000,
QGEN,19.430001,19.76,19.400001,19.69,555700,
QID,23.719999,23.780001,23.459999,23.75,879800,
QIHU,44.98,46.970001,44.529999,46.709999,3176500,
QLD,65.309998,66.029999,65.139999,65.199997,4252400,
QLGC,9.53,9.64,9.51,9.59,750000,
QLIK,28.27,29.290001,28.1,29.09,1412600,
QLTI,8.26,8.41,8.05,8.19,187600,
QLTY,9.05,9.39,8.95,9.22,60500,
QLYS,15.45,15.83,15.45,15.77,72700,
QNST,8.18,8.4,8,8.36,113700,
QQEW,30.040001,30.209999,30.040001,30.17,33800,
QQQ,71.239998,71.620003,71.129997,71.169998,23545000,
QRE,16.65,17.15,16.65,17.13,251500,
QSII,18.35,18.9,18.23,18.85,524900,
QTM,1.36,1.41,1.35,1.36,1002500,
QTWW,0.53,0.59,0.53,0.54,41500,
QUAD,24.25,24.440001,24.18,24.18,106100,
QUIK,2.32,2.34,2.27,2.29,164500,
R,61.240002,61.619999,60.98,61.490002,284900,
RAD,2.8,2.86,2.79,2.82,20551400,
RAI,48.610001,49.299999,48.459999,48.57,2507000,
RAIL,17.33,17.74,16.969999,17.08,148700,
RAS,7.3,7.68,7.28,7.68,827900,
RATE,14.98,15.14,14.55,14.55,519700,
RAVN,29.65,30.17,29.280001,30.16,69300,
RAX,38.330002,38.869999,37.790001,38.119999,2040900,
RBA,19.379999,19.379999,19.18,19.299999,951500,
RBC,64.370003,65.709999,64.150002,65.589996,191700,
RBCAA,22.139999,22.719999,22.120001,22.629999,61900,
RBCN,8.25,8.5,8.1,8.3,419100,
RBS,8.47,8.55,8.38,8.44,1229200,
RBY,1.22,1.26,1.17,1.24,743800,
RCI,38.900002,39.18,38.41,38.540001,2240400,
RCII,37.490002,37.799999,37.459999,37.639999,378300,
RCL,33.439999,33.75,33.349998,33.470001,945700,
RDA,11.7,11.7,11.56,11.64,211500,
RDC,34.43,34.630001,34.07,34.189999,1181000,
RDEN,45.990002,46.77,45.990002,46.16,70100,
RDI,6.33,6.33,6.21,6.31,32400,
RDN,11.52,12.05,11.5,11.98,9784300,
RDNT,2.53,2.61,2.51,2.6,25500,
RDS.A,64.04,64.4,64.02,64.33,2086500,
RDS.B,66.52,67,66.47,66.78,1694600,
RDWR,14.01,14.14,13.96,14.01,151800,
RDY,35.93,36.740002,35.93,36.669998,168500,
RE,126.839996,128.990005,126.449997,128.699997,230200,
RECN,11.15,11.28,11.13,11.26,144300,
REDF,2.41,2.5,2.38,2.44,35900,
REE,1.72,1.77,1.71,1.76,655300,
REED,4.88,4.96,4.8,4.96,24200,
REFR,3.96,4.02,3.75,3.85,86200,
REG,49.68,50.790001,49.25,50.759998,678900,
REGI,14,14.76,14,14.67,1163400,
REGN,232.759995,236.050003,231.050003,234.570007,1064800,
RELL,11.9,11.9,11.72,11.8,41600,
REM,12.6,12.67,12.53,12.67,1578700,
REMX,9.44,9.59,9.44,9.51,11500,
REN,7.86,7.9,7.71,7.75,74600,
RENN,2.85,2.88,2.77,2.84,1688100,
RENT,20.08,20.469999,19.77,20.059999,72800,
RES,14.15,14.2,13.76,13.79,404100,
REV,22.450001,22.75,22.360001,22.620001,58700,
REW,32.029999,32.189999,31.99,32.189999,700,
REXI,8.15,8.16,8.07,8.16,139800,
REXX,17.860001,18.290001,17.68,17.879999,496300,
RF,9.6,9.71,9.54,9.71,20494800,
RFMD,5.23,5.285,5.2,5.23,3292100,
RFP,13.02,13.19,12.89,13.19,363800,
RGA,67.790001,68.900002,67.559998,68.57,499900,
RGC,18.09,18.690001,18.059999,18.6,1668000,
RGEN,7.82,7.97,7.8,7.92,194200,
RGLD,39.869999,40.830002,39.259998,40.290001,1211200,
RGP,26.610001,26.940001,26.540001,26.799999,360700,
RGR,47.98,48.790001,47.84,48.360001,169700,
RGS,16.309999,16.440001,16.18,16.35,1024500,
RH,74.110001,74.440002,73.099998,74.269997,283900,
RHI,32.880001,33.41,32.869999,33.07,775400,
RHP,35.919998,37.669998,35.919998,37.549999,2197900,
RHT,47.07,48.82,47,48.470001,3298300,
RIC,1.37,1.41,1.31,1.31,163000,
RICK,8.5,8.59,8.5,8.58,33800,
RIG,48.209999,48.470001,47.880001,48.439999,2058100,
RIGL,3.41,3.45,3.26,3.33,1684500,
RIMG,8.29,8.38,8.02,8.17,4000,
RIO,41.02,41.810001,41.02,41.43,4084900,
RIOM,1.72,1.77,1.68,1.72,141200,
RJA,8.45,8.46,8.41,8.42,137400,
RJET,11.04,11.46,10.87,11.41,310700,
RJF,42.68,43.310001,42.509998,43.220001,326900,
RJI,8,8.04,7.99,8.01,649100,
RJN,6.48,6.54,6.48,6.52,4600,
RKT,102.190002,102.900002,100.889999,101.5,913600,
RKUS,11.81,13.35,11.47,13.04,3711100,
RL,171.729996,174.190002,171.059998,173.649994,490500,
RLD,14.04,14.09,13.81,13.85,381500,
RLGY,48.73,49.82,48.59,49.029999,2180700,
RLH,6.18,6.29,6.1,6.25,96800,
RLI,74.730003,75.849998,74.459999,75.610001,86800,
RLJ,22.41,22.58,22.27,22.52,788600,
RLOC,12.51,12.92,12.5,12.72,75900,
RMBS,8.49,8.64,8.38,8.6,543600,
RMD,47.389999,47.48,46.73,46.740002,695500,
RMTI,3.63,3.7,3.55,3.6,439600,
RNDY,8.35,8.73,8.29,8.32,850700,
RNF,29.219999,29.23,28.42,28.719999,107400,
RNO,12.93,13.09,12.89,12.95,31900,
RNR,85.400002,86.330002,85.25,86.199997,253800,
RNST,24.16,24.4,23.940001,24.299999,68800,
ROC,64.25,65,64.09,64.53,484612,
ROCK,14.77,14.98,14.55,14.8,243300,
ROCM,14.22,14.45,14.21,14.33,16100,
ROG,46.450001,46.720001,46.27,46.560001,36900,
ROIC,13.39,13.87,13.35,13.86,316700,
ROK,84.309998,84.639999,83.959999,84.209999,880000,
ROL,25.360004,25.819994,25.319999,25.669996,178400,
ROLL,51.43,51.939999,51.169998,51.84,95100,
ROM,76.830002,77.449997,76.470001,76.480003,21600,
ROP,121.260002,124.110001,121.230003,124,497900,
ROSE,42.860001,43.509998,42.759998,42.830002,1012100,
ROSG,3.45,3.57,3.4,3.47,130800,
ROST,64.110001,65.230003,64.110001,64.800003,2249000,
ROVI,23.02,23.219999,22.950001,23.059999,824800,
ROYL,2.44,2.53,2.44,2.46,101300,
ROYT,18.120001,18.23,18.01,18.08,75100,
RP,18.18,18.75,18.030001,18.73,261400,
RPAI,14.2,14.55,14.18,14.45,1477100,
RPM,32.080002,32.279999,31.92,32.119999,414100,
RPRX,17.219999,18.540001,17.219999,18.129999,508400,
RPTP,9.88,9.92,9.31,9.37,2185300,
RPXC,16.33,16.67,16.25,16.639999,349700,
RRC,79.699997,81.129997,78.720001,78.940002,2433900,
RRD,14.16,14.35,14.01,14.04,1165700,
RRGB,54.490002,55.080002,54.060001,54.900002,141500,
RRMS,37,37,36.369999,36.93,5600,
RRTS,27.700001,28,27.6,27.98,168000,
RS,65.010002,66.269997,64.940002,65.660004,491600,
RSE,19.1,19.440001,19.01,19.42,109700,
RSG,33.950001,34.02,33.75,33.950001,1324200,
RSH,31.71,31.71,31.71,31.71,0,
RSO,6.08,6.17,6.06,6.17,216600,
RSOL,2.8,2.85,2.45,2.49,3585800,
RSP,61.380001,61.73,61.369999,61.560001,1529800,
RST,14.89,15,14.7,14.99,125800,
RSTI,24.77,25.23,24.34,25.209999,95200,
RSX,24.93,25.1,24.889999,25.040001,3450800,
RSYS,4.9,4.93,4.77,4.8,57200,
RT,9.2,9.28,9.09,9.17,339100,
RTEC,11.45,11.46,11.3,11.44,191900,
RTH,52.419998,52.439999,52.080002,52.09,28200,
RTI,27.889999,28.459999,27.879999,28.27,213400,
RTIX,4.09,4.09,3.98,4.04,128400,
RTK,2.08,2.12,2.08,2.1,126500,
RTN,66.5,66.790001,66.360001,66.440002,1730500,
RUE,41.7,41.74,41.6,41.61,143300,
RUSHA,24.49,24.83,24,24.809999,112700,
RUSL,19.650393,20.050401,19.550391,19.900398,1900,
RUSS,21.610001,21.65,21.15,21.4,8200,
RUT,968.950012,980.590027,968.950012,979.919983,33645400,
RUTH,11.96,12.03,11.88,11.99,128100,
RVBD,15.4,15.75,15.37,15.69,1749600,
RVLT,3.71,3.9,3.57,3.9,89200,
RVM,0.65,0.67,0.65,0.65,254700,
RWM,20.700001,20.709999,20.48,20.52,245400,
RWO,41.599998,42.060001,41.599998,42.040001,242800,
RWR,75.169998,76.379997,75.169998,76.300003,357200,
RWT,16.469999,17.059999,16.4,16.99,1819000,
RWX,39.330002,39.599998,39.279999,39.52,405700,
RXN,17.200001,17.52,17.08,17.469999,163700,
RY,58.549999,58.610001,57.869999,58.349998,611400,
RYAAY,50.350001,51.370001,50.070003,51.230002,385000,
RYL,39.419998,40.93,39.130001,40.849998,1938900,
RYN,54.169993,55.480005,54.090003,55.400001,1026900,
S,6.97,7.01,6.94,6.98,36923400,
SA,8.6,8.66,8.27,8.35,840200,
SAA,72.489998,73.360001,72.489998,73.110001,1800,
SAAS,7.98,8.1,7.83,7.95,221000,
SABA,9.48,9.99,9.48,9.87,39800,
SAFM,66.040001,66.550003,65.459999,66.279999,210900,
SAFT,48.970001,49.639999,48.970001,49.279999,23700,
SAH,21.040001,21.32,21.040001,21.190001,164300,
SAI,0.025,0.025,0.025,0.025,0,
SAIA,29.83,30.889999,29.83,30.67,114900,
SAM,172.25,173.190002,169.809998,171.75,46900,
SAN,6.54,6.57,6.45,6.53,11072800,
SAND,5.19,5.2,4.87,4.89,1269100,
SANM,14.2,14.52,14.14,14.48,598800,
SAP,75.550003,75.769997,75.089996,75.599998,1598500,
SAPE,13.1,13.59,13.07,13.49,953700,
SATS,38.639999,39.139999,38.5,39.049999,91000,
SAVE,31.01,31.34,30.51,31.25,723200,
SB,5.18,5.24,5.08,5.16,870000,
SBAC,72.349998,75.139999,72.010002,74.440002,3421500,
SBGI,30.030001,30.360001,29.42,29.530001,1035100,
SBGL,2.74,2.77,2.66,2.75,451500,
SBH,31.07,31.59,31.030001,31.57,947200,
SBNY,82.889999,84.379997,82.339996,83.879997,249600,
SBS,10.03,10.28,9.95,10.2,1549900,
SBSI,24.149999,24.229999,23.999995,24.149999,49800,
SBUX,66.269997,66.5,65.650002,65.690002,6296000,
SBY,16.33,16.860001,16.25,16.690001,599900,
SCCO,27.26,27.66,27,27.59,2061900,
SCG,49.049999,49.529999,48.740002,48.84,1024800,
SCHA,43.77,44.209999,43.75,44.139999,210600,
SCHB,38.959999,39.169998,38.900002,39.009998,612400,
SCHD,32.970001,33.060001,32.860001,32.880001,399300,
SCHE,22.969999,23.290001,22.940001,23.219999,278000,
SCHF,27.389999,27.459999,27.280001,27.34,387300,
SCHG,38.389999,38.439999,38.25,38.279999,142200,
SCHH,31.73,32.220001,31.73,32.200001,161700,
SCHL,28.969999,29.5,28.889999,29.290001,73900,
SCHM,31.84,32.080002,31.84,32.029999,162300,
SCHN,24.25,24.57,23.5,23.700001,592300,
SCHV,36.419998,36.580002,36.389999,36.450001,149400,
SCHW,21.129999,21.200001,20.91,20.940001,18327800,
SCHX,38.380001,38.540001,38.349998,38.389999,529800,
SCI,17.5,17.809999,17.459999,17.790001,1270400,
SCIF,6.91,7.07,6.9,7.06,135900,
SCLN,4.75,5.13,4.75,5.13,479600,
SCMP,6.59,6.83,6.59,6.79,98300,
SCO,36.779999,36.950001,35.740002,36.150002,1417500,
SCOK,1.43,1.51,1.41,1.44,15295,
SCOR,23.469999,23.99,23.42,23.940001,130700,
SCR,17.625,17.625,17.625,17.625,0,
SCS,14.38,14.52,14.26,14.5,485100,
SCSC,32.540001,33.59,31.959999,33.48,92800,
SCSS,24.65,25.110001,24.26,25.02,825200,
SCTY,38,38.880001,36.049999,36.380001,3316400,
SCVL,23.639999,23.9,23.639999,23.889999,35100,
SCZ,41.919998,42.119999,41.799999,41.970001,619400,
SD,4.83,4.89,4.76,4.77,5603700,
SDIV,21.5,21.6,21.42,21.540001,536500,
SDLP,28.790001,28.790001,28.370001,28.610001,25500,
SDOW,42.41,42.48,41.82,42.279999,358700,
SDR,12.45,12.59,12.27,12.36,181900,
SDRL,40.209999,40.740002,40.150002,40.560001,2533900,
SDS,40.48,40.580002,40.119999,40.48,11572600,
SDT,13.75,13.86,13.65,13.82,69800,
SDY,66.610001,66.970001,66.559998,66.790001,895300,
SE,34.599998,34.790001,34.240002,34.25,2723900,
SEA,17.030001,17.200001,17.030001,17.17,27400,
SEAC,11.4,11.65,11.35,11.63,90200,
SEAS,35.599998,35.900002,34.810001,35.099998,395300,
SEE,23.75,24.1,23.690001,24.040001,1994300,
SEED,1.41,1.43,1.39,1.39,47500,
SEF,23.68,23.68,23.469999,23.5,18100,
SEIC,28.5,28.73,28.32,28.49,843200,
SEM,8.19,8.33,8.14,8.29,883100,
SEMG,52.52,53.490002,52.290001,53.279999,294600,
SEP,45.439999,47.23,42.810001,46.459999,570800,
SF,34.599998,35.720001,34.419998,35.639999,384500,
SFC,94.550003,94.889999,94.389999,94.529999,0,
SFD,32.82,32.88,32.56,32.78,4679618,
SFE,15.55,15.84,15.45,15.72,94000,
SFG,48.529999,49,48.299999,48.959999,79200,
SFI,20500,20700,20500,20700,55000,
SFL,14.63,15.02,14.63,14.78,946300,
SFLY,56.459999,56.459999,55.299999,56.110001,735200,
SFUN,24.660001,24.84,24.41,24.749999,577500,
SFY,12.02,12.19,11.9,12.01,938700,
SGEN,31.129999,31.76,31.1,31.51,1075400,
SGG,60.349998,60.419998,59.130001,59.599998,10000,
SGI,13.53,13.97,13.51,13.52,382300,
SGMO,7.39,7.48,7.31,7.44,324900,
SGMS,11.14,11.23,10.98,11.22,293800,
SGOL,121.389999,121.599998,118,118.169998,107300,
SGU,4.92,4.97,4.9,4.96,33900,
SGY,22.05,22.22,21.749999,21.76,9500,
SGYP,4.66,4.66,4.459998,4.480004,650000,
SH,29.450001,29.49,29.32,29.459999,1957500,
SHEN,16.799999,17.139999,16.799999,17.059999,59600,
SHFL,17.52,17.69,17.37,17.69,1111600,
SHLD,43.729883,43.729883,42.629888,42.769884,1267700,
SHLM,26.129999,26.68,26.02,26.559999,104300,
SHO,11.72,12.05,11.61,12.03,1407100,
SHOO,47.069999,48.169996,46.900005,48.079994,222100,
SHOR,3.91,4.01,3.86,4,233100,
SHOS,41.110001,44.02,41.110001,43.459999,158900,
SHPG,95.849998,96.279999,95.400002,95.860001,273000,
SHW,179.139999,180.110001,176.869995,179.179993,700300,
SHY,84.269997,84.300003,84.25,84.290001,2783900,
SI,0.11,0.11,0.11,0.11,3000,
SIAL,81.150002,81.360001,80.75,80.989998,396800,
SID,2.91,2.93,2.86,2.88,4418800,
SIFY,1.78,1.85,1.76,1.77,16300,
SIG,67.510002,68.190002,67.349998,67.510002,383400,
SIGA,2.86,2.91,2.84,2.89,247000,
SIGM,4.99,5.05,4.95,5.05,100100,
SIL,10.719989,10.899989,10.649989,10.779989,82100,
SIM,11.56,12.48,11.56,12.03,61000,
SIMG,5.71,5.79,5.59,5.74,640900,
SIMO,10.68,10.75,10.63,10.7,93600,
SINA,56.709999,57.439999,56.310001,56.580002,1113000,
SIR,27.83,27.969999,27.32,27.690001,8713200,
SIRI,3.35,3.43,3.34,3.4,58801800,
SIRO,65.489998,66.389999,65.309998,65.75,517600,
SIVB,82.07,83.550003,81.709999,82.870003,368100,
SIVR,18.58,18.690001,18.190001,18.299999,264400,
SIX,35.830002,36.099998,35,35.48,1194500,
SJB,31.51,31.530001,31.200001,31.35,585200,
SJI,56.23,56.970001,56.130001,56.810001,162400,
SJM,102.220001,102.980003,101.870003,102.849998,542000,
SJR,22.290001,22.91,22.290001,22.879999,758600,
SJT,15.8,16.129999,15.59,16.07,158600,
SKF,23.129999,23.129999,22.68,22.75,176900,
SKH,6.86,6.96,6.86,6.9,80800,
SKM,19.67,19.75,19.52,19.610001,1042800,
SKS,13.87,14.03,13.65,13.8,1240000,
SKT,33.119999,33.720001,33.119999,33.709999,699500,
SKUL,5.23,5.41,5.23,5.33,315100,
SKX,23.450001,24.500001,23.319999,24.04,3433200,
SKYW,13.69,13.9,13.55,13.87,184500,
SKYY,21.040001,21.25,21.02,21.23,23700,
SLAB,40.959999,41.310001,40.439999,41.169998,83600,
SLB,72.120003,72.540001,71.849998,71.93,5951000,
SLCA,20.450001,20.940001,20.110001,20.15,1067700,
SLF,29.32,29.719999,29.23,29.440001,338100,
SLG,87.019997,88.93,86.959999,88.760002,844200,
SLGN,46.810001,47.099998,46.709999,46.919998,87000,
SLH,53.07,55.77,52.990002,54.84,493000,
SLM,23.109998,23.159998,22.980002,22.989993,6748800,
SLRC,22.969999,23.49,22.969999,23.32,342500,
SLT,35.21,35.21,35.21,35.21,0,
SLV,18.15,18.26,17.75,17.889999,18114700,
SLW,18.01,18.49,18.01,18.299999,9421900,
SLX,37.759998,38.360001,37.759998,38.209999,78400,
SLXP,64.7,66.26,64.7,66.03,346700,
SM,60.779999,61.110001,59.59,59.91,766500,
SMA,1.41,1.43,1.4,1.43,100,
SMFG,9.14,9.23,9,9.17,2251900,
SMG,48.07,48.380001,47.830002,48.27,269000,
SMH,37.549999,37.830002,37.48,37.5,1141800,
SMLP,34.5,34.650002,34.310001,34.490002,86800,
SMN,52.099998,52.720001,52.099998,52.639999,26800,
SMP,34.299999,34.73,34,34.630001,120500,
SMRT,13.45,14.31,13.4,14.25,241700,
SMS,0.5,0.5,0.5,0.5,0,
SMSI,1.16,1.19,1.14,1.16,24700,
SMT,1.36,1.4,1.34,1.35,40700,
SMTC,34.849998,35.369999,34.470001,35.119999,646800,
SN,22.66,22.84,22.65,22.74,596000,
SNA,89.610001,90.059998,89.120003,89.910004,220100,
SNAK,8.14,8.45,8.14,8.29,183400,
SNCR,29.870001,31.469999,29.700001,31.43,582500,
SNDK,59.84,60.869999,59.599998,60.470001,2516900,
SNE,20.950001,21.24,20.91,21.200001,2746500,
SNH,25.959999,26.049999,25.74,25.940001,2204300,
SNHY,31,31.99,30.92,31.77,71300,
SNI,65.760002,66.660004,65.639999,66.610001,743900,
SNP,90.229996,91.22999,89.739997,90.599995,171300,
SNPS,35.560001,35.889999,35.380001,35.68,716100,
SNSS,5.200011,5.320011,5.10001,5.21001,42800,
SNTA,4.76,4.79,4.65,4.75,1421100,
SNTS,19000,19000,19000,19000,200,
SNV,2.860057,2.900058,2.850057,2.900058,871500,
SNX,41.73,42.57,41.73,42.389999,396300,
SNY,52.060001,52.68,51.82,51.82,1607100,
SO,44.150002,44.490002,43.939999,44,2884300,
SODA,71.769997,73.449997,71.650002,72.349998,732200,
SOHU,61.139999,62.389999,60.880001,61.490002,662100,
SOL,2.17,2.24,2.11,2.12,1371400,
SON,34.419998,34.639999,34.330002,34.490002,124700,
SONC,14.79,14.92,14.45,14.61,860400,
SONS,3.08,3.14,2.96,3,453100,
SORL,2.67,2.7,2.64,2.68,8600,
SOX,467.88,470.85,466.66,466.74,0,
SOXL,47,47.48,46.209999,46.299999,756000,
SOXS,15.62,15.9,15.44,15.89,21100,
SOXX,63.549999,63.830002,63.299999,63.299999,572900,
SOYB,23.790001,24.200001,23.790001,24,1900,
SPAR,6.04,6.24,6,6.18,70200,
SPB,57.330002,58.259998,56.68,58.119999,306300,
SPF,8.27,8.54,8.17,8.46,7094200,
SPG,159.190003,160.869999,159.130005,160.679997,1796300,
SPH,45.619999,46.619999,45.389999,46.330002,194300,
SPIL,6.2,6.25,6.14,6.2,1255900,
SPLK,45.939999,47.110001,45.25,47.009998,1558900,
SPLS,15.82,15.99,15.67,15.74,6492300,
SPLV,31.120001,31.309999,31.09,31.16,1423700,
SPN,26.639999,26.85,26.379999,26.42,1499000,
SPNC,18.9,18.9,18.52,18.780001,167300,
SPP,1.88,2,1.85,1.9,3100,
SPPI,7.41,7.69,7.41,7.49,599900,
SPR,21.5,22.02,21.34,21.91,1249000,
SPRD,26.41,26.51,26.065,26.47,1037900,
SPRT,4.7,4.71,4.56,4.6,154700,
SPSC,53.57,55.040001,52.810001,54.5,51800,
SPTN,18.559999,18.93,18.469999,18.809999,40000,
SPU,2,2.06,2,2.04,2200,
SPW,72.830002,74.07,72.540001,73.599998,263300,
SPWR,20.52,20.99,20.280001,20.309999,4709800,
SPX,1606.439941,1620.069946,1606.439941,1613.199951,3364540000,
SPXL,42.110001,42.68,42.02,42.099998,3451700,
SPXS,10.73,10.77,10.6,10.75,851100,
SPXU,24.190001,24.26,23.85,24.209999,2525000,
SPY,161.100006,161.820007,160.949997,161.080002,129483700,
SQI,23.4,25.01,22.940001,24.860001,87000,
SQM,39.689996,40.439996,39.559999,40.049997,888600,
SQNM,4.34,4.38,4.27,4.32,1910500,
SQQQ,28.76,28.889999,28.290001,28.809999,846600,
SRC,17.639991,18.230004,17.540008,17.979998,2841700,
SRCL,110.330002,111.580002,110.330002,110.989998,297400,
SRDX,19.799999,20.1,19.780001,20.07,70800,
SRE,82.540001,83.459999,82.18,82.440002,869800,
SREV,9.23,9.37,8.99,9.34,916000,
SRI,11.15,11.36,11.06,11.27,287000,
SRPT,39.869999,39.950001,37.25,38.119999,3345400,
SRS,21.469999,21.5,20.93,20.969999,88300,
SRT,4.78,4.79,4.71,4.71,11100,
SRTY,20.27,20.290001,19.6,19.67,329600,
SSD,28.41,29.129999,28.190001,29.08,126300,
SSG,27.85,27.979999,27.5,27.9,2000,
SSH,5.45,5.45,5.41,5.45,16700,
SSI,23.620001,23.93,23.33,23.75,484900,
SSL,41.82,42.509998,41.82,42.080002,212500,
SSN,0.43,0.44,0.43,0.43,19000,
SSNC,33.18,33.360001,32.830002,33.279999,664200,
SSO,77.480003,78.139999,77.300003,77.400002,10719400,
SSP,15.760001,15.999997,15.7,15.730001,282400,
SSRI,5.7,5.9,5.57,5.78,1596100,
SSS,64.580002,65.279999,64.449997,65.150002,158200,
SSW,21.129999,21.129999,19.809999,20.209999,551400,
SSYS,83.980003,84.129997,81.599998,83.190002,585400,
ST,35.57,35.66,35.220001,35.43,1110200,
STAA,10.25,10.35,10.16,10.34,202000,
STAG,20.049999,20.1,19.879999,19.99,289200,
STB,6.09,6.16,6.07,6.12,151400,
STBA,19.610001,19.940001,19.610001,19.92,66400,
STBZ,15.07,15.21,15,15.03,94200,
STC,25.4,26.129999,25.389999,26.129999,103500,
STE,43.060001,43.52,42.880001,42.900002,329300,
STEC,6.76,6.8,6.72,6.73,2522700,
STEI,13.1,13.12,13.09,13.12,489900,
STEL,19.5,19.9,19.08,19.61,207100,
STFC,17.76,18.08,17.549999,17.76,21300,
STI,31.57,31.860001,31.379999,31.700001,4214800,
STJ,44.990002,45.759998,44.959999,45.650002,2047900,
STKL,7.61,7.74,7.6,7.7,305000,
STLD,14.68,15.17,14.68,15.05,3065000,
STM,9.08,9.2,9.06,9.09,1118500,
STMP,39.130001,40,38.549999,39.470001,130300,
STNG,8.92,8.99,8.85,8.97,760300,
STO,20.82,20.950001,20.799999,20.799999,2069500,
STON,25.049999,25.4,24.83,25.25,57600,
STP,0.38,0.385,0.365,0.375,875400,
STR,23.690001,24.16,23.690001,24,1421100,
STRA,47.939999,49.799999,47.709999,47.919998,143200,
STRI,2.229978,2.559974,2.229978,2.469975,208700,
STRL,8.98,9.07,8.52,9.07,113100,
STRM,6.1,6.42,6.07,6.3,42000,
STRZA,21.629999,21.799999,21.52,21.6,1173400,
STSA,23.22,23.785,22.99,23.75,314100,
STSI,1.21,1.29,1.21,1.29,791800,
STT,65.330002,65.68,64.919998,65.550003,2471700,
STV,1.5,1.51,1.47,1.51,37900,
STWD,23.519997,24.440001,23.340006,23.929996,7599500,
STX,43.380001,44.990002,43.209999,44.689999,4063500,
STZ,51.639999,52.41,51.59,51.869999,1032100,
SU,29.25,29.59,29.209999,29.5,5559000,
SUI,48.02,49.970001,48.02,49.959999,132500,
SUNE,8.26,8.42,8.14,8.15,3137600,
SUP,17.379999,17.59,17.219999,17.57,83400,
SUPN,6.27,6.38,6.16,6.37,201100,
SUPX,23.71,23.85,23.2,23.77,33100,
SURG,3.73,3.86,3.71,3.83,78400,
SUSP,29,30.15,29,30.07,12500,
SUSQ,12.67,12.95,12.62,12.91,1139600,
SUSS,47.85,48.4,47.58,48.26,191300,
SUTR,1.55,1.6,1.55,1.58,33400,
SVA,3.89,3.96,3.83,3.96,45900,
SVM,2.44,2.53,2.41,2.48,954200,
SVN,16.05,16.05,16.05,16.05,0,
SVNT,0.65,0.65,0.6,0.61,493700,
SVO,379.4341,384.0818,379.3228,383.4353,0,
SVU,6.3,6.45,6.17,6.21,3198300,
SVXY,76.919998,78.110001,76.25,78.029999,1868000,
SWC,10.13,10.45,10.03,10.29,2500700,
SWFT,15.88,16.030001,15.73,15.8,976400,
SWHC,9.85,10.1,9.81,10.1,3655200,
SWI,38.700001,39.259998,38.349998,39.139999,466200,
SWIR,12.42,13,12.42,12.98,111300,
SWK,77.529999,78.400002,77.440002,78.120003,973000,
SWKS,21.950001,22.16,21.450001,21.6,2758700,
SWM,49.900002,50.98,49.84,50.860001,135700,
SWN,36.259998,37.599998,36.25,36.349998,4531000,
SWSH,0.84,0.85,0.82,0.83,26500,
SWX,46.68,47.09,46.68,46.98,118400,
SWY,21.14,21.56,21.02,21.35,4166300,
SXC,14.26,14.26,14.08,14.18,926300,
SXCP,22.559999,22.559999,21.74,21.959999,72900,
SXE,23.15,23.32,22.98,23.15,25800,
SXI,53.110001,54.959999,52.830002,54.740002,34300,
SXL,63.48,64.330002,63.099998,64.010002,402200,
SXT,40.380001,40.970001,40.380001,40.830002,96000,
SYA,15.77,16.120001,15.72,16.1,441500,
SYK,64.93,65.059998,64.550003,64.720001,1302700,
SYKE,16.049999,16.25,15.91,16,296500,
SYMC,22.610001,22.73,22.41,22.5,9281400,
SYNA,39.119999,39.34,38.169998,38.549999,1200000,
SYNC,3.04,3.18,2.94,3.08,152100,
SYNT,63.25,64.709999,62.939999,63.869999,288200,
SYRG,7.6,7.71,7.51,7.6,316500,
SYT,78.18,78.660004,77.970001,78.309998,220200,
SYX,9.46,9.51,9.43,9.5,29200,
SYY,34.259998,34.59,34.209999,34.290001,1563300,
SZYM,11.13,11.28,10.99,11.11,668300,
T,35.529999,35.950001,35.5,35.630001,18251500,
TA,10.59,11,10.46,10.99,262600,
TAHO,12.18,12.47,11.94,12.1,93600,
TAL,10.06,10.56,10.06,10.5,118300,
TAM,20.49,20.6999,19.67,20.36,166600,
TAN,23.25,23.85,23.25,23.58,163400,
TAO,20.16,20.27,20.16,20.200001,12400,
TAOM,4.69,4.78,4.51,4.57,28800,
TAP,48.790001,49.150002,48.48,48.560001,1057100,
TASR,8.62,8.73,8.59,8.64,375200,
TAST,6.41,6.49,6.3,6.48,159800,
TAT,0.72,0.72,0.68,0.7,24700,
TAXI,13.95,14.3,13.95,14.27,66400,
TAYC,17.14,17.1899,16.81,17.04,70200,
TBBK,14.63,15.14,14.62,15.02,153100,
TBF,31.629999,31.809999,31.51,31.629999,1973100,
TBI,21.35,21.41,21.110001,21.24,306400,
TBT,73.620003,74.370003,73.029999,73.5,7613100,
TC,2.81,2.97,2.77,2.93,957900,
TCAP,27.459999,27.99,27.34,27.91,168400,
TCB,14.09,14.33,13.97,14.2,838100,
TCBI,44,44.779999,43.77,44.709999,413000,
TCK,21.059999,21.43,20.969999,21.27,2319400,
TCO,74.860001,75.760002,74.669998,75.580002,578300,
TCP,47.5,48.650002,47.490002,48.619999,176300,
TCPC,16.299999,16.549999,16.190001,16.51,409700,
TCRD,14.99,15.18,14.87,15.12,1049400,
TD,80.160004,80.440002,79.739998,80.099998,929600,
TDC,50.580002,51.57,50.09,51.110001,2332500,
TDG,158.350006,159.679993,156.880005,158.039993,769100,
TDIV,21.629999,21.85,21.629999,21.77,119500,
TDS,22.610001,23.15,22.530001,23.08,506000,
TDW,56.700001,57.669998,56.5,57.099998,206400,
TDY,75.800003,76.970001,75.669998,76.75,113100,
TE,17.049999,17.23,16.959999,16.99,1482900,
TEAR,10.08,10.19,9.89,10.010001,66600,
TECD,46.700001,47.599998,46.610001,47.459999,214900,
TECH,69.400002,69.510002,68.790001,69.019997,52800,
TECL,58,58.68,57.669998,57.709999,527600,
TECS,35.59,35.619999,35.060001,35.619999,11400,
TECUA,10.57,10.74,10.4,10.57,150100,
TEF,12.92,13.03,12.89,12.95,1343400,
TEG,58.419998,59,58.369999,58.439999,223100,
TEL,45.73,46.099998,45.720001,45.740002,1355400,
TEN,44.82,45.950001,44.82,45.470001,524000,
TEO,14.72,15.37,14.63,15.31,203900,
TEP,21.049999,21.43,20.809999,21.15,109800,
TER,17.379999,17.530001,17.309999,17.43,1688400,
TESO,12.87,12.91,12.47,12.82,548100,
TEU,3.97,3.98,3.71,3.82,169200,
TEVA,38.619999,39,38.619999,38.779999,2611800,
TEX,26.700001,27.209999,26.33,26.93,1845900,
TFM,51.57,52.400002,50.73,50.84,478500,
TFSL,11.2,11.28,11.12,11.14,102300,
TFX,77.07,77.660004,76.940002,77.510002,157200,
TG,24.9,25.639999,24.889999,25.540001,38700,
TGA,6.01,6.09,5.96,6.04,29800,
TGB,1.85,1.88,1.82,1.86,321400,
TGH,37.650002,38.630001,37.540001,38.59,186400,
TGI,78.160004,80,78.010002,79.650002,351100,
TGP,43.650002,44.400002,43.43,44.040001,174100,
TGT,69.559998,69.639999,68.57,68.790001,4950200,
THC,45.630001,47.169998,45.630001,46.799999,1792000,
THG,48.07,48.650002,48.049999,48.549999,155400,
THI,54.96,54.96,54.27,54.41,395800,
THLD,5.08,5.18,4.99,5.13,252600,
THM,0.53,0.55,0.5,0.52,441700,
THO,48.889999,50.139999,48.889999,49.380001,669300,
THOR,31.15,31.200001,30.85,30.940001,792500,
THRM,18.360001,18.799999,18.309999,18.610001,291000,
THRX,38.200004,39.190001,37.860008,39.010005,1512000,
THS,65.050003,66.610001,64.970001,65.970001,94000,
TI,7.14,7.16,7.05,7.05,125900,
TIBX,20.67,21.35,20.59,21.14,2426000,
TICC,9.48,9.6,9.42,9.59,425600,
TIF,72.82,73.18,72.5,72.57,834500,
TILE,16.879999,17.02,16.67,16.969999,305800,
TINY,3.13,3.17,3.1,3.11,197700,
TIP,111.260002,111.949997,111.260002,111.629997,1227000,
TISI,38.889999,38.889999,38.02,38.419998,114700,
TITN,19.49,19.799999,19.32,19.74,483800,
TIVO,23.02,23.219999,22.950001,23.059999,824800,
TJX,49.759998,50.470001,49.73,50.119999,2935600,
TK,39.98,40.549999,39.84,40.040001,292300,
TKC,14.42,14.57,14.36,14.44,394200,
TKR,55.819998,56.849991,55.819998,56.51999,546500,
TLAB,2.04,2.04,2,2.02,2963000,
TLH,126.489998,126.690002,126.029999,126.599998,57600,
TLK,43.209999,43.439999,42.700001,42.959999,384000,
TLLP,61.009998,62.060001,60.400002,61.139999,98200,
TLM,11.52,11.64,11.44,11.47,2819200,
TLP,41.75,42.540001,41.75,42.099998,41100,
TLT,109.540001,109.970001,108.949997,109.690002,12026000,
TLYS,15.61,15.92,15.54,15.88,27300,
TM,120.699997,122.040001,120.43,121.739998,641700,
TMF,52.889999,53.400002,52.200001,53.07,632000,
TMH,40.360001,40.82,40.27,40.77,937100,
TMHC,24.5,25.200001,24.23,25.139999,306200,
TMK,65.419996,65.830004,65.149996,65.719997,521400,
TMO,84.089996,85.760002,84,85.370003,3201200,
TMUS,23.73,24.629999,23.57,24.549999,5242800,
TMV,66.349998,67.260002,65.550003,66.080002,599300,
TNA,46.459999,48,46.439999,47.810001,10588000,
TNAV,5.21,5.34,5.18,5.33,191800,
TNC,47.389999,48.759998,47.310001,48.299999,99800,
TNGO,14.62,15.4,14.52,15.23,279400,
TNK,2.51,2.6,2.51,2.59,383200,
TNP,4.54,4.73,4.47,4.62,139100,
TOL,32.75,33.509998,32.41,33.41,4384600,
TOO,32.389999,32.849998,32.259998,32.5,174900,
TOT,48.130001,48.610001,48.099998,48.48,1490000,
TPC,17.23,17.959999,17.15,17.889999,131200,
TPH,14.82,15.38,14.82,15.34,97000,
TPLM,6.8,6.97,6.76,6.8,561300,
TPX,42.060001,44.790001,41.77,44.099998,1608300,
TQNT,6.95,7,6.91,7,1606200,
TQQQ,66.489998,67.559998,66.199997,66.199997,4736800,
TR,31.340082,31.670086,31.240089,31.420084,108600,
TRAK,34.849998,35.09,34.68,35.049999,134900,
TRC,28.490004,28.989999,28.490004,28.730001,41400,
TREX,48.619999,49.330002,47.889999,48.630001,411000,
TRGP,64.440002,64.870003,64.279999,64.669998,165800,
TRGT,4.38,4.38,4.3,4.33,1399300,
TRI,32.52,32.639999,32.32,32.43,1052500,
TRIB,17,17.08,16.700001,16.959999,58700,
TRIP,62.169998,62.720001,60.549999,60.84,2360100,
TRLA,30.95,31.02,30,30.24,467500,
TRLG,31.61,31.7,31.56,31.61,593700,
TRMB,25.77,26.219999,25.610001,25.98,2477700,
TRMK,24.67,24.799999,24.469999,24.76,594000,
TRN,38.16,39.189999,37.919998,38.75,3873800,
TRNX,17.040001,17.309999,16.950001,17.23,174600,
TROW,73.550003,74.139999,73.309998,73.660004,1147300,
TROX,19.799999,20.42,19.610001,20.26,1415100,
TRP,43.080002,43.450001,43.02,43.040001,425600,
TRQ,5.720004,5.770003,5.660003,5.670005,4540200,
TRS,36.040001,37.069998,35.779997,36.849999,237900,
TRV,80.050003,80.379997,79.809998,80.339996,1886400,
TRW,64.73,66.29,64.73,66.01,917100,
TRX,2.23,2.31,2.15,2.29,601400,
TS,39.950001,40.59,39.919998,40.540001,1018700,
TSCO,114.309998,117.050003,114.080002,116.489998,1473000,
TSL,5.7,5.97,5.67,5.85,3358700,
TSLA,106.75,110.25,106.129997,109.25,8744900,
TSM,17.889999,18.120001,17.82,17.93,12208300,
TSN,25.32,25.620001,25.209999,25.23,2250400,
TSO,54.580002,54.84,52.709999,52.790001,2727800,
TSPT,2.84,3.03,2.81,3.02,156000,
TSRA,20.790001,20.959999,20.59,20.879999,184100,
TSRX,7.95,7.95,7.67,7.73,985200,
TSS,23.860001,24.370001,23.790001,24.32,1717600,
TSU,18.139999,18.559999,18.110001,18.43,1056600,
TSYS,2.31,2.38,2.28,2.38,346700,
TTC,45.34,45.799999,45.279999,45.639999,461600,
TTCMY,4.96,4.98,4.56,4.87,210300,
TTEC,23.709999,23.76,23.5,23.68,139600,
TTEK,23.620001,23.959999,23.530001,23.67,558000,
TTI,10.29,10.35,9.9,10.01,708800,
TTM,22.809999,23.219999,22.780001,23.110001,1076000,
TTMI,8.12,8.18,8.09,8.17,326600,
TTS,29.379999,29.92,28.809999,29.41,232500,
TTT,85.949997,87.18,85,85.599998,113900,
TTWO,14.28,14.66,14.26,14.57,1814200,
TU,29.08,29.1,28.15,28.469999,1004100,
TUES,10.08,10.38,10.03,10.35,133500,
TUMI,24.17,24.24,23.65,23.74,635300,
TUP,75.699997,78.57,75.449997,78.309998,808100,
TUR,59.130001,59.490002,58.700001,59.290001,413400,
TV,24.02,24.74,23.940001,24.209999,1958000,
TVL,2.17,2.2,2.17,2.2,6000,
TW,81,82.550003,80.669998,81.949997,473000,
TWC,103.970001,112.440002,103.970001,108.220001,8367400,
TWER,2.23,2.64,2.22,2.52,70700,
TWGP,19.95,20.11,19.83,19.94,391100,
TWI,16.540001,17.15,16.360001,17.049999,944600,
TWIN,22.85,23.58,22.48,23.440001,27900,
TWM,18.200001,18.24,17.809999,17.85,845900,
TWO,10.26,10.62,10.26,10.51,7930100,
TWTC,27.97,28.365,27.97,28.2,1428500,
TWX,57.7,58.119995,57.400004,57.819999,3991500,
TX,22.040001,22.290001,21.940001,22.049999,226800,
TXCC,0.41,0.42,0.4,0.41,80800,
TXI,65.75,67.82,65.3,67.74,227100,
TXN,35.060001,35.189999,34.849998,34.849998,6720200,
TXRH,25.059999,25.370001,24.99,25.040001,553900,
TXT,26.01,26.450001,25.950001,26.379999,1062300,
TYC,32.290001,33.03,32.279997,32.880001,5146700,
TYD,37.709999,37.860001,37.450001,37.860001,19500,
TYL,68.650002,69.230003,68.480003,69.110001,225400,
TYO,25.15,25.299999,25.049999,25.059999,15100,
TYPE,24.799999,25.66,24.75,25.610001,131800,
TZA,32.369999,32.41,31.26,31.389999,4156000,
TZOO,26.4,26.57,26.299999,26.459999,32100,
UA,58.16,58.810001,57.66,58.459999,3809600,
UAL,30.93,31.42,30.469999,31.360001,2489300,
UAM,9.04,9.17,8.99,9,166300,
UAN,22.280001,22.58,21.93,22.030001,309000,
UBA,19.959999,20.25,19.950001,20.200001,124600,
UBNT,17.26,17.48,17.01,17.43,331000,
UBS,17.13,17.24,17.08,17.13,1182600,
UBSI,26.26,26.700001,26.030001,26.530001,242700,
UBT,57.040001,57.639999,56.669998,57.639999,38800,
UCO,29.810001,30.660001,29.7,30.35,382700,
UCTT,6.17,6.17,6.09,6.14,182700,
UDN,25.9,26.1,25.9,26.07,59400,
UDOW,82.839996,84.059998,82.75,83.059998,412400,
UDR,25.139999,25.549999,25.09,25.41,2818700,
UEC,1.72,1.73,1.61,1.68,1317400,
UEPS,6.96,7.31,6.95,7.21,100600,
UFCS,24.08,25.15,24.01,25.1,74300,
UFI,20.440001,21.290001,20.440001,20.959999,57700,
UFPI,40.509998,40.830002,39.66,40.5,107600,
UFS,66.75,66.940002,65.18,65.410004,1252400,
UGA,54.310001,54.779999,54.290001,54.380001,25200,
UGI,38.939999,39.569999,38.939999,39.169996,765900,
UGL,44.610001,44.799999,42.080002,42.220001,347900,
UGP,23.59,24.299999,23.549999,24.209999,474500,
UHAL,163.149994,164.449997,161.020004,162.820007,43400,
UHS,66.190002,67.110001,66.040001,66.940002,411100,
UIL,37.880001,38.169998,37.75,38.040001,185300,
UIS,21.639999,22.17,21.4,21.85,615300,
UL,39.950001,40.459999,39.950001,40.279999,1013000,
ULE,23.5,23.5,23.5,23.5,1200,
ULTA,98.910004,99.449997,98.339996,99.25,919100,
ULTI,116,118.150002,115.419998,117.650002,173900,
UMBF,54.98,56.07,54.82,55.860001,166200,
UMC,2.29,2.36,2.27,2.34,7316200,
UMDD,60.240002,61.75,60.099998,61.560001,28800,
UMPQ,14.74,15.28,14.74,15.2,732200,
UN,38.990002,39.529999,38.990002,39.259998,1229000,
UNFI,54.130001,54.700001,54.07,54.279999,117700,
UNG,19.66,19.76,18.85,19.049999,11938200,
UNH,65.059998,66.190002,64.959999,66.089996,4483600,
UNIS,3.04,3.09,2.97,3.02,48700,
UNL,17.84,17.889999,17.219999,17.32,22200,
UNM,29.459999,29.92,29.4,29.799999,1670900,
UNP,157.050003,157.639999,155.179993,155.339996,4045200,
UNS,43.81,45,43.81,44.84,402600,
UNT,43.290001,43.41,42.619999,42.959999,239800,
UNTD,7.320028,7.54003,7.310028,7.52003,514300,
UNXL,15.48,15.49,14.55,14.78,869000,
UPI,2.12,2.15,2,2,69000,
UPL,21.25,21.49,20.18,20.280001,3814200,
UPRO,63.59,64.410004,63.400002,63.610001,8446600,
UPS,87.019997,87.300003,86.620003,87.089996,3002700,
UQM,1.24,1.33,1.21,1.32,731700,
URA,16.58,16.65,16.48,16.549999,37800,
URBN,39.650002,40.490002,39.57,40.34,1422400,
URE,73.339996,75.209999,73.190002,74.959999,190300,
URI,49.48,51.009998,49.419998,50.57,2734500,
URRE,2.579999,2.599999,2.509999,2.519999,2500,
URS,46.83,47.55,46.6,47.49,387900,
URTY,52.200001,53.880001,52.139999,53.709999,196700,
URZ,1.14,1.17,1.12,1.12,409000,
USAC,23.17,23.33,23.059999,23.309999,23300,
USB,36.099998,36.32,35.900002,36.139999,10636800,
USD,41.66,41.849998,41.189999,41.27,21600,
USEG,1.960004,1.990004,1.910004,1.940004,17400,
USG,23.51,23.799999,23.16,23.690001,1712900,
USL,39.860001,40.32,39.830002,40.200001,45500,
USM,34.07,34.560001,34.029999,34.52,47300,
USMO,12.91,13.58,12.91,13.58,95700,
USNA,71.870003,73.360001,71.870003,72.220001,51800,
USO,34,34.5,33.919998,34.330002,6759900,
UST,52.130001,52.240002,51.849998,52.23,58100,
USTR,33.72,34.33,33.42,34.11,148000,
USU,0.31,0.32,0.28,0.29,47700,
UTEK,36.540001,36.700001,36.400002,36.68,239700,
UTHR,64.580002,64.910004,64.040001,64.440002,528900,
UTI,10.4,10.52,10.37,10.46,58500,
UTIW,15.98,16.280001,15.9,16.15,1225400,
UTSI,2.6,2.64,2.59,2.63,65800,
UTX,93.370003,93.589996,92.709999,93.510002,4417000,
UUP,22.51,22.57,22.469999,22.51,1745900,
UVE,7.22,7.26,7.13,7.14,196900,
UVV,58.869999,59.470001,58.779999,58.959999,78900,
UVXY,74.820004,76.120004,72.200003,72.400003,7900,
UWM,59.400002,60.73,59.400002,60.549999,522800,
UXI,70.720001,71.150002,70.669996,71.150002,24600,
UYG,92.889999,94.830002,92.889999,94.580002,1303800,
UYM,35.060001,35.060001,34.68,34.68,112900,
V,183.440002,185,182.5,184.259995,11102400,
VAC,43.02,43.759998,42.860001,43.470001,152100,
VAL,65.389999,65.720001,64.57,65.080002,470500,
VALE,13.23,13.35,13.1,13.13,17006300,
VALE.P,12.36,12.46,12.15,12.19,6722700,
VAR,66.059998,66.790001,65.940002,66.629997,1855900,
VASC,14.3,14.57,13.92,14.52,97000,
VAW,87.330002,87.330002,86.93,86.959999,31800,
VB,93.230003,94.120003,93.029999,94.010002,319600,
VBK,102.440002,103.400002,102.440002,103.32,77600,
VBR,83.220001,84.099998,83.209999,83.940002,153500,
VC,62.490002,63.220001,62.169998,62.75,275000,
VCBI,13.79,14,13.67,13.92,151800,
VCI,24.61,25.025,24.58,24.75,381300,
VCIT,83.160004,83.440002,83.010002,83.349998,270500,
VCLK,23.85,24.58,23.66,24.47,766900,
VCLT,82.57,83.089996,82.519997,82.879997,42900,
VCR,90.760002,91.07,90.379997,90.760002,149500,
VCRA,15.04,15.23,14.81,14.96,749200,
VDC,102.650002,103.370003,102.440002,102.459999,99400,
VDE,112.900002,113.550003,112.589996,112.639999,124200,
VDSI,8.27,8.35,8.27,8.31,36900,
VE,11.4,11.52,11.37,11.47,211900,
VEA,35.619999,35.810001,35.599998,35.68,2158600,
VECO,35.720001,35.880001,35.349998,35.68,571600,
VELT,1.4,1.44,1.38,1.38,811300,
VEU,44.169998,44.419998,44.130001,44.299999,1111100,
VFC,192,193,190.940002,192.080002,1516400,
VFH,39.84,40.16,39.73,40.110001,236600,
VG,2.82,2.88,2.81,2.86,694100,
VGK,48.349998,48.68,48.299999,48.450001,2074600,
VGR,16.280051,16.430057,16.230052,16.390047,837800,
VGT,74.269997,74.620003,74.199997,74.279999,174000,
VGZ,0.98,1.02,0.96,0.97,822900,
VHC,19.719999,20.17,19.719999,20.129999,369000,
VHS,20.75,20.9,20.71,20.72,2802100,
VHT,87.199997,87.5,86.900002,87.010002,144600,
VIAB,67.459999,68.220001,67.32,67.660004,1807800,
VICL,3.09,3.14,3.06,3.14,55200,
VICR,6.14,6.46,6.09,6.38,85600,
VIG,66.650002,66.82,66.470001,66.57,1413400,
VIIX,11.42,11.5,11.23,11.25,127600,
VIP,9.94,10.29,9.94,10.2,1147800,
VIPS,27.79,28.199999,27.37,28.169999,3930000,
VIS,82,82.18,81.510002,82.059998,61300,
VIV,22.559999,23.15,22.43,23.08,1180400,
VIVO,21.91,22.08,21.68,21.77,244500,
VIX,16.6,16.969999,16.34,16.860001,0,
VIXM,28.440001,28.690001,28.209999,28.27,29700,
VIXY,56.959998,57.459998,56.009998,56.159998,116300,
VLCCF,6.97,7.1,6.91,6.91,182500,
VLO,35.580002,35.75,34.880001,34.990002,5603400,
VLTR,14.08,14.15,13.92,14.08,127400,
VLY,9.32,9.42,9.31,9.36,767800,
VMC,49.540001,50.310001,49.029999,50.25,629500,
VMI,142.669998,143.5,141.399994,142.699997,175800,
VMW,67.32,68.300003,66.800003,67.650002,1278900,
VNDA,7.71,8.35,7.71,8.23,1064500,
VNET,11.32,11.5,11.06,11.45,280500,
VNO,81.179997,83.019994,81.099989,82.929996,1008300,
VNQ,68.339996,69.18,68.209999,69.150002,5114900,
VNQI,52.529999,53.029999,52.529999,52.959999,90100,
VNR,28.32,28.32,27.799999,27.82,296800,
VNTV,28.09,28.25,27.780001,28.07,1509600,
VO,95.089996,95.68,94.769997,95.440002,390500,
VOC,13.75,14.04,13.68,13.8,43100,
VOCS,10.34,10.72,10.23,10.47,377200,
VOD,28.200002,28.589999,28.189996,28.420002,13569300,
VOE,68.599998,69.07,68.519997,68.940002,75400,
VOLC,17.68,18.06,17.61,18.04,454800,
VOO,73.790001,74.120003,73.730003,73.800003,756100,
VOT,78.18,78.690002,78.169998,78.510002,72400,
VOX,78.290001,79.300003,78.290001,79.050003,36900,
VOXX,12.19,12.67,12.14,12.43,90600,
VOYA,26.5,27.02,26.25,26.959999,990800,
VPFG,20.22,20.69,20.1,20.67,187100,
VPG,15.27,15.79,15.11,15.3,53300,
VPHM,28.24,29.12,28.14,28.95,745100,
VPL,55.59,55.950001,55.57,55.799999,641400,
VPRT,47.44,48.6,47.05,48.29,191700,
VPU,81.889999,82.510002,81.709999,81.830002,106700,
VR,35.209999,35.580002,35.040001,35.470001,682400,
VRA,20.379999,20.860001,20.360001,20.85,387400,
VRML,2.6,2.69,2.57,2.6,32500,
VRNG,3,3.24,2.98,3.11,304600,
VRNM,2.28,2.28,2.2001,2.23,3700,
VRNT,34.509998,36,34.41,35.459999,555400,
VRS,1.07,1.15,1.07,1.15,30400,
VRSK,58.360001,58.849998,58.310001,58.650002,314100,
VRSN,44.720001,44.93,44.630001,44.669998,1020500,
VRTU,22.299999,22.799999,22.299999,22.66,83800,
VRTX,81.559998,81.769997,79.660004,80.529999,1074800,
VRX,85.800003,86.940002,84.860001,86.150002,2505400,
VSAT,71.379997,72.870003,71.379997,72.739998,159200,
VSH,13.84,14,13.8,13.84,1005700,
VSI,45.57,46.119999,45.27,45.450001,494700,
VSS,88.93,89.5,88.75,89.400002,230600,
VT,51.639999,51.860001,51.599998,51.720001,258800,
VTI,83.019997,83.400002,82.989998,83.099998,2211600,
VTR,69.300003,70.129997,69.169998,69.790001,1725800,
VTSS,2.8,2.8,2.62,2.77,775700,
VTUS,2.1,2.13,2.09,2.09,140800,
VTV,67.989998,68.360001,67.959999,68.110001,824200,
VUG,78.559998,78.839996,78.43,78.489998,474700,
VV,73.699997,74.029999,73.68,73.730003,216200,
VVC,33.580002,34,33.580002,33.630001,205300,
VVI,24.549999,25.09,24.440001,25.01,50900,
VVTV,5.08,5.12,4.97,5.04,368300,
VVUS,12.95,13,12.22,12.48,2864000,
VWO,38.27,38.639999,38.259998,38.57,43154000,
VXEEM,27.940001,28.309999,27.48,28.290001,0,
VXEWZ,34.66,34.66,32.74,32.9,0,
VXF,69.57,70.199997,69.519997,70.089996,479700,
VXUS,45.66,45.860001,45.560001,45.73,191400,
VXX,21.139999,21.33,20.780001,20.809999,2839000,
VXZ,23.25,23.379999,23.01,23.08,150400,
VYM,56.779999,57.029999,56.689999,56.720001,866200,
VZ,50.959999,51.5,50.93,51,8633500,
WAB,52.700001,53.830002,52.700001,53.310001,664200,
WABC,46.029999,46.169998,45.889999,45.950001,137500,
WAC,33.689999,33.990002,33.099998,33.450001,690000,
WAFD,18.15,18.379999,18.139999,18.309999,596600,
WAG,45.15,45.17,44.67,44.889,6970521,
WAGE,33.150002,34.77,33.060001,34.580002,550700,
WAIR,18.690001,18.950001,18.58,18.809999,309100,
WAL,15.43,16.26,15.33,16.17,855600,
WAT,99.849998,100.510002,99.410004,100.379997,312900,
WBC,74.279999,75.110001,74.25,74.690002,516500,
WBMD,26.48,28.1,26.25,27.73,507000,
WBS,25.43,25.84,25.389999,25.76,1056600,
WCC,68.080002,69.239998,67.879997,68.860001,345700,
WCG,53.48,55.98,53.470001,55.880001,534700,
WCN,40.369999,40.700001,40.299999,40.59,362000,
WCRX,19.51,19.88,19.51,19.82,4487600,
WD,17.4,17.65,17.360001,17.639999,65800,
WDAY,64.830002,65.93,64.07,64.330002,954900,
WDC,61.889999,63.130001,61.419998,62.619999,2618700,
WDFC,54.169998,55.360001,53.380001,55.07,63200,
WDR,43.75,44.189999,43.57,43.93,542100,
WEAT,17.65,17.67,17.5,17.66,6100,
WEC,40.900002,41.259998,40.84,40.98,1199600,
WEN,5.83,5.92,5.81,5.85,2184600,
WERN,23.860001,24.15,23.74,24.1,296900,
WES,64.220001,65.089996,64.089996,64.949997,279900,
WETF,11.04,11.86,11,11.85,2246600,
WEX,76.220001,77.639999,75.739998,77.540001,151300,
WFC,41.380001,41.740002,41.150002,41.560001,18800400,
WFM,53.040001,53.209999,52.200001,52.369999,2136600,
WFT,13.56,13.71,13.54,13.63,3387800,
WG,6.43,6.46,6.17,6.19,423900,
WGL,42.77,43.240002,42.400002,43.07,159700,
WGO,21.379999,21.559999,20.15,20.99,773800,
WHR,113.720001,116,112.529999,115.43,898000,
WHX,2.26,2.26,2.26,2.26,0,
WHZ,12.95,13.1,12.9,12.92,160400,
WIBC,6.7,6.73,6.66,6.69,274600,
WIFI,6.17,6.28,6.13,6.26,55800,
WILN,4.36,4.59,4.36,4.55,22500,
WIN,7.7,7.84,7.69,7.82,6660697,
WIRE,33.849998,34.650002,33.689999,34.619999,86700,
WIT,7.15,7.22,7.09,7.19,506800,
WLB,11.04,11.04,10.77,10.99,24600,
WLH,24.74,24.85,24.1,24.75,225000,
WLK,96.580002,99.239998,96.260002,97.839996,1155200,
WLL,45.119999,45.720001,44.689999,44.689999,1598200,
WLP,80.46,81.85,80.4,81.7,1817400,
WLT,10.1,10.62,9.94,10.07,11048400,
WM,40.23,40.400002,40.029999,40.209999,1540400,
WMAR,11.12,11.31,11.01,11.2,28400,
WMB,32.779999,33.139999,32.490002,32.580002,4815800,
WMC,17.68,17.950001,17.450001,17.540001,1079600,
WMGI,17.040001,17.309999,16.950001,17.23,174600,
WMS,25.5,25.59,25.46,25.5,369100,
WMT,75.480003,76.110001,75.239998,75.260002,7087800,
WNC,9.51,10.21,9.51,10.06,1865700,
WNR,28.709999,29.01,28.4,28.43,1335800,
WOOF,25.33,25.940001,25.33,25.75,634200,
WOR,32.599998,32.720001,30.27,32.360001,885400,
WPC,65,67.620003,64.610001,67.419998,831800,
WPP,11.51,11.56,11.42,11.51,117400,
WPPGY,84.900002,86.199997,84.709999,86.059998,46400,
WPRT,30.700001,33.75,30.610001,33.439999,2825000,
WPX,19.709999,19.91,19.290001,19.32,1972000,
WPZ,48.000002,48.740007,47.469999,48.169992,246800,
WR,31.620001,32.029999,31.469999,31.74,848000,
WRB,40.470001,40.75,40.290001,40.639999,332300,
WRE,26.67,27.190001,26.610001,27.17,568200,
WRES,2.54,2.57,2.49,2.5,2092700,
WRI,30.299999,30.940001,30.299999,30.93,614400,
WRLD,87.470001,87.849998,87.010002,87.5,68200,
WSH,40.959999,41.009998,40.650002,40.889999,1020300,
WSM,55.43,55.959999,55.130001,55.619999,776000,
WSO,82.379997,84.099998,82.199997,83.709999,110500,
WSR,15.54,15.75,15.54,15.7,80900,
WST,69.889999,70.699997,69.889999,70.269997,430000,
WSTC,21.370001,22.790001,21.129999,21.74,284500,
WTFC,38,38.43,37.919998,38.380001,241200,
WTI,14.53,14.58,14.16,14.17,804300,
WTR,31.199999,31.340001,31.010001,31.12,736600,
WTS,45.060001,45.84,44.84,45.77,114900,
WTSL,4.79,4.85,4.75,4.8,668300,
WTW,45.25,46.27,45.189999,45.84,292300,
WU,17,17.110001,16.92,16.950001,4904000,
WWAV,16.51,16.58,16.129999,16.18,1228100,
WWD,39.810001,40.189999,39.810001,40.099998,251600,
WWE,9.81,9.97,9.77,9.96,101300,
WWW,52.689999,53.75,52.549999,53.700001,738600,
WWWW,24.629999,25.639999,24.5,25.01,1361800,
WX,20.51,20.67,20.25,20.65,250600,
WY,27.85,28.540001,27.709999,28.200001,9039000,
WYN,57.16,57.759998,56.990002,57.419998,1252500,
WYNN,128.070007,129.699997,127.550003,128.600006,1011900,
X,17.620001,18.26,17.549999,18.059999,9346000,
XAU,82.99,85.11,82.99,84.35,0,
XBI,104.709995,105.349995,103.759998,104.640003,1059300,
XCO,7.559995,7.889996,7.449998,7.500002,3680600,
XDA,93.12,93.31,92.63,92.77,0,
XDB,152.89,152.92,152.02,152.58,0,
XDC,0.459,0.459,0.459,0.459,0,
XDE,130.36,130.57,130,130.36,0,
XDN,101.89,102.09,101.47,101.62,0,
XDS,105.83,105.97,105.4,105.78,0,
XEC,67.980003,68.599998,65.5,65.57,707300,
XEL,28.75,29.049999,28.65,28.700001,2986300,
XEO,722.02002,728.280029,722.02002,724.52002,0,
XES,39.389999,39.470001,39.23,39.25,21200,
XHB,29.49,29.85,29.129999,29.809999,7614500,
XIN,4.05,4.2,4.05,4.15,326600,
XL,30.299999,30.75,30.290001,30.440001,2096800,
XLB,38.830002,38.830002,38.529999,38.560001,4674000,
XLE,78.879997,79.339996,78.589996,78.629997,8163500,
XLF,19.45,19.6,19.419999,19.569999,52961700,
XLI,42.82,43.009998,42.689999,42.889999,9177300,
XLK,30.75,30.879999,30.700001,30.719999,6544300,
XLNX,39.669998,39.869999,39.470001,39.610001,1798400,
XLP,39.990002,40.290001,39.900002,39.919998,10033600,
XLS,13.61,13.99,13.61,13.96,733100,
XLU,37.59,37.900002,37.459999,37.540001,8178600,
XLV,48.119999,48.259998,47.91,47.98,5338200,
XLY,56.009998,56.43,56,56.200001,3948500,
XME,32.290001,32.82,32.259998,32.540001,2163900,
XNPT,4.88,5.04,4.84,4.91,207400,
XOM,90.239998,90.669998,90.029999,90.040001,12348000,
XOMA,3.66,3.71,3.46,3.59,1501500,
XOOM,22.66,22.940001,22.17,22.870001,71400,
XOP,58.889999,59.220001,58.330002,58.360001,3282500,
XOXO,10.77,11.26,10.72,11.18,57300,
XPO,17.67,18.049999,17.66,17.92,127600,
XPP,41.560001,42.32,41.560001,41.84,18800,
XRA,0.66,0.73,0.66,0.7,293500,
XRAY,40.599998,41.299999,40.599998,41.23,690600,
XRM,9.72,9.86,9.58,9.84,123300,
XRS,10.06,10.56,10.06,10.5,118300,
XRT,76.339996,76.790001,76.18,76.57,3973600,
XRTX,10.22,10.25,10.09,10.17,47700,
XRX,9.02,9.23,9.01,9.18,6208900,
XSD,53.259998,53.369999,52.84,53.169998,372800,
XSP,160.64,162.01,160.64,161.32,0,
XTEX,20.23,20.49,20.05,20.44,396300,
XTXI,20.07,20.41,19.91,19.96,253700,
XUE,3.21,3.22,3.18,3.21,142600,
XXIA,17.51,17.809999,16.9,17.799999,855800,
XYL,26.23,26.629999,26.129999,26.629999,1213800,
YANG,52.320002,52.570002,51.250001,51.38,4400,
YAO,22.299999,22.42,22.280001,22.370001,53200,
YCL,21.440001,21.440001,21.440001,21.440001,100,
YCS,62.93,63.299999,62.75,62.98,349400,
YELP,35.32,36.139999,34.209999,34.330002,2749300,
YGE,3.21,3.28,3.12,3.18,434300,
YHOO,25.469999,25.98,25.440001,25.469999,14489800,
YINN,15.14,15.44,15.01,15.41,133300,
YNDX,27.6,27.98,27.16,27.219999,1340300,
YOKU,18.99,19.459999,18.959999,19.219999,1330200,
YONG,5.4,5.43,5.28,5.31,309500,
YPF,14.58,14.93,14.43,14.46,1067100,
YRCW,26.809999,28.379999,25.530001,28.209999,734900,
YUK,98.18,98.57,98.029999,98.360001,0,
YUM,69.810002,69.990001,69.160003,69.600002,2542500,
YZC,7.25,7.39,7.25,7.32,439300,
Z,56.049999,58.27,55.84,57.84,579400,
ZAGG,5.29,5.4,5.15,5.26,703200,
ZAZA,1.28,1.29,1.26,1.28,11900,
ZBRA,43,43.369999,42.630001,43.209999,322400,
ZEP,16.719999,16.959999,16.52,16.639999,73100,
ZEUS,24.09,24.549999,24.09,24.41,60400,
ZINC,12.05,12.41,12.02,12.33,232500,
ZION,29.200001,29.41,29.030001,29.23,1713400,
ZIOP,2,2.31,1.98,2.3,2785100,
ZIXI,4.15,4.24,4.05,4.18,284500,
ZLC,8.71,9.21,8.71,9.15,763600,
ZLTQ,6.15,6.15,5.86,5.91,23900,
ZMH,75.559998,75.669998,74.839996,74.959999,1151300,
ZN,2.28,2.32,2.15,2.23,126000,
ZNGA,2.79,2.86,2.78,2.86,9307500,
ZNH,19.74,19.92,19.67,19.889999,22900,
ZOLT,13.4,13.5,13.34,13.45,167000,
ZQK,6.4,6.49,6.32,6.38,1714600,
ZROZ,94.089996,94.480003,93.050003,94.230003,20900,
ZSL,111.32,116.25,109.849998,114.949997,1212600,
ZTS,31.459999,31.51,30.790001,30.870001,16734600,
ZUMZ,28.139999,28.57,27.66,27.950001,311400,
ZX,2.47,2.55,2.47,2.54,3300,
ABCB,16.440001,16.85,16.290001,16.82,34300,
ACCL,8.2,8.44,8.18,8.41,114400,
ACPW,4.09,4.15,4.02,4.13,21700,
ACWX,40.57,40.790001,40.540001,40.68,224100,
AKR,24.450001,24.860001,24.389999,24.82,567200,
AONEQ,0.031,0.033,0.028,0.033,2158900,
ARSD,8.3,8.49,8.23,8.49,32400,
ASTM,15.65,14.75,14.75,14.75,500,
ASX,4.09,4.11,4.04,4.07,1109400,
ATEC,1.999999,2.039999,1.999999,2.039999,8000,
ATRC,9.44,9.52,9.36,9.45,99800,
AUX,0,0,0,107.78,0,
AVNW,2.719999,2.729999,2.629999,2.689999,19600,
BFIN,7.97,8.08,7.95,8,20500,
BFOR,24.68,24.870001,24.68,24.85,91000,
BFR,3.8,3.81,3.76,3.77,7100,
BIL,45.810001,45.810001,45.799999,45.799999,370500,
BIN,21.370001,21.42,20.799999,21.17,729700,
BIS,38.000001,38.29,37.669999,38.080002,800,
BKEP,8.51,8.66,8.5,8.65,12300,
BRB,218.910004,219.899994,217.570007,219.899994,0,
BSQR,2.66,2.72,2.58,2.72,33200,
CBRX,0.66,0.66,0.64,0.64,55600,
CCXI,13.9,14.07,13.74,13.93,234600,
CERP,0.02,0.02,0.02,0.02,10651200,
CHGS,0.139,0.149,0.1203,0.145,71200,
CIR,51,51.5,50.740002,51.09,144700,
CIU,107.440002,107.82,107.419998,107.690002,254900,
CLUB,10.79,11.04,10.6,10.73,92900,
CMLS,3.36,3.41,3.33,3.38,236400,
COBZ,8.24,8.38,8.24,8.31,196200,
COOL,0.570011,0.610012,0.570011,0.600012,3500,
CRAI,18.49,18.549999,18.110001,18.219999,16900,
CRDC,1.25,1.25,1.18,1.18,10900,
CREG,1,1.13,1,1.09,7400,
CROP,25.610001,25.709999,25.59,25.66,4200,
CSFL,8.61,8.61,8.54,8.58,304400,
CSHZ,0.07,0.08,0.06,0.08,187600,
CSJ,104.830002,105.040001,104.830002,105.010002,1915100,
CT,0,0,0,0.04,0,
CWB,42.450001,42.619999,42.27,42.560001,431300,
DCOM,15.15,15.5,15.15,15.4,110600,
DGT,58.93,59.32,58.880001,58.950001,3300,
DMB,12.66,13.19,12.35,13.14,96200,
DQ,9.4,9.65,9.07,9.1,34500,
DRCO,5.18,5.52,5.18,5.44,12100,
EGI,0.33,0.35,0.33,0.35,38700,
ELS,77.129997,78.830002,77.059998,78.400002,499000,
EUFX,37.900002,37.900002,37.900002,37.900002,0,
FCBC,15.41,15.69,15.29,15.57,69300,
FCF,7.24,7.4,7.23,7.34,530300,
FDML,10.14,10.48,10.05,10.34,260100,
FELE,33.509998,34.279999,33.360001,34.18,112400,
FMD,1.15,1.16,1.07,1.1,40900,
FOL,3.07,3.07,3.07,3.07,0,
FORX,46.860001,46.860001,46.560001,46.580002,4800,
FSCI,41.16,41.16,41.02,41.03,17800,
FTC,34.57,34.790001,34.57,34.700001,78900,
GBLI,23.889999,24.040001,23.82,23.940001,18500,
GGAL,5.14,5.23,5.11,5.14,67000,
GIB,30.17,30.59,30.139999,30.530001,108800,
GLDI,14.85,14.92,14.461,14.52,30800,
GLDX,11.75,11.9,11.73,11.84,22200,
GMXRQ,0.2,0.21,0.2,0.2,17700,
GSE,1.1,1.1,1.1,1.1,0,
GSIG,8.13,8.17,8.08,8.14,57400,
GSIT,6.06,6.18,6.05,6.06,38300,
GTS,21.860001,22.049999,21.5,21.780001,141900,
GUNR,31.49,31.629999,31.41,31.450001,197200,
HCKT,5.15,5.23,5.15,5.2,54200,
HDNG,14.42,14.83,14.42,14.58,39900,
HDSN,3.21,3.28,3.15,3.19,123388,
HGR,31.48,32.029999,31.41,31.969999,66400,
HSON,2.33,2.39,2.27,2.31,143900,
IBCA,6.57,6.68,6.41,6.65,102800,
ICFI,30.950001,31.209999,30.83,31.01,53600,
IEFA,51.610001,51.860001,51.52,51.66,243200,
INOD,3.18,3.26,3.09,3.22,162300,
IPCC,59.07,59.939999,58.209999,58.669998,33600,
ISIG,2.08,2.14,2.01,2.13,13100,
KIPO,6.37,6.63,6.37,6.61,11900,
KITDQ,0.4,0.41,0.4,0.41,31500,
KMPR,33.540001,34.080002,33.41,33.889999,94900,
LDL,14.5,14.75,14.48,14.61,41100,
LEDR,10.71,10.71,10.59,10.64,556700,
LEDS,1.72,1.84,1.67,1.71,154800,
LOJN,3.11,3.35,3.11,3.35,12500,
LPTN,4.530001,4.620002,4.500002,4.560002,1000,
LYTS,7.65,8.23,7.49,8.06,63500,
MCS,12.34,12.77,12.34,12.74,23300,
MGEE,54.940006,55.000008,54.379995,54.929998,49900,
MGRC,33.900002,34.59,33.860001,34.369999,36600,
MPX,7.39,8.15,7.39,7.81,34200,
NEWN,0.11,0.11,0.11,0.11,1500,
NJR,41.48,41.91,41.34,41.540001,207200,
NPBC,10.07,10.24,10.01,10.22,580400,
NZD,127.980003,128.639999,127.349998,128.289993,0,
PPBI,12.24,12.3,11.81,12.08,96900,
PRGX,5.53,5.59,5.45,5.48,55100,
PRO,30.4,30.48,30.120001,30.4,54200,
PWAVQ,0.013,0.013,0.012,0.012,23200,
PXLW,3.57,3.61,3.45,3.53,118000,
QRM,0.4799,0.49,0.45,0.46,56500,
QTEC,28.93,29.02,28.889999,28.92,17000,
RNWK,7.36,7.56,7.36,7.56,161900,
RPT,15.01,15.45,14.92,15.44,185600,
RWL,31.690001,31.690001,31.49,31.49,14700,
SCMR,0.49,0.5,0.49,0.49,46700,
SIGI,22.950001,22.98,22.85,22.969999,125800,
SIJ,20.32,20.4,20.32,20.4,100,
SKA,67.32,67.68,67,67.339996,0,
SMCI,10.56,10.75,10.52,10.58,105000,
SMTX,1.96,2.01,1.95,1.97,12000,
SNBC,3.13,3.17,3.1,3.15,8600,
SOCL,14.78,14.88,14.78,14.79,2400,
STAN,21.66,21.85,21.49,21.73,42400,
STL,9.36,9.4,9.26,9.29,181600,
STNR,50.48,52.209999,50.299999,51.689999,67100,
SWS,5.61,5.64,5.53,5.59,45700,
SYMX,0.97,1,0.96,0.97,11300,
SYPR,3.12,3.21,3.03,3.14,73100,
TACT,7.85,8.23,7.85,8.05,16400,
TFI,23.139999,23.15,22.950001,23.040001,295400,
TGE,7.29,7.29,7.29,7.29,0,
TGTX,6.18,6.33,6.12,6.3,70300,
THR,20.129999,20.860001,19.99,20.65,178000,
TMS,14.81,15.32,14.54,15.2,55500,
TPI,0.54,0.54,0.49,0.49,6100,
TRNO,17.809999,18.02,17.780001,17.92,140400,
TRST,5.45,5.49,5.43,5.47,231000,
TSTC,0.5,0.52,0.45,0.49,6700,
UAMY,1.2,1.28,1.18,1.27,204000,
UBNK,13.14,13.25,13.01,13.09,64700,
UCBI,12.67,12.94,12.41,12.5,552300,
ULBI,3.45,3.55,3.33,3.42,10900,
USMV,32.619999,32.779999,32.610001,32.669998,815000,
USPH,28.889999,29.26,28.540001,28.629999,28300,
UTY,0.02,0.02,0.02,0.02,5000,
WAVX,0.36,0.38,0.36,0.37,4100,
WOOD,45.099998,45.52,45.029999,45.41,44400,
WWAV.B,16.23,16.27,15.88,15.96,772600,
XDZ,78.29,78.53,77.73,77.87,0,
XIDEQ,0.16,0.17,0.14,0.14,5287000,
ZOOM,0.38,0.4,0.38,0.38,500,