{
  "1": {
    "MAE": 0.9467212368224871,
    "RMSE": 0.9467212368224871,
    "MSE": 0.8962811002506997,
    "R2": NaN
  },
  "2": {
    "MAE": 0.8071160024388497,
    "RMSE": 0.8071160024388497,
    "MSE": 0.6514362413928693,
    "R2": NaN
  },
  "3": {
    "MAE": 0.745932974225241,
    "RMSE": 0.745932974225241,
    "MSE": 0.556416002036514,
    "R2": NaN
  },
  "4": {
    "MAE": 0.7944264061530124,
    "RMSE": 0.7944264061530124,
    "MSE": 0.631113314793191,
    "R2": NaN
  },
  "5": {
    "MAE": 0.8877638618519862,
    "RMSE": 0.8877638618519862,
    "MSE": 0.7881246744103524,
    "R2": NaN
  },
  "6": {
    "MAE": 0.7870239159751986,
    "RMSE": 0.7870239159751986,
    "MSE": 0.6194066443169365,
    "R2": NaN
  },
  "7": {
    "MAE": 0.8167152177197818,
    "RMSE": 0.8167152177197818,
    "MSE": 0.6670237468550706,
    "R2": NaN
  },
  "8": {
    "MAE": 0.8400448810641086,
    "RMSE": 0.8400448810641086,
    "MSE": 0.7056754022020123,
    "R2": NaN
  }
}