{
  "1": {
    "MAE": 0.64328478531346,
    "RMSE": 0.64328478531346,
    "MSE": 0.41381531501578434,
    "R2": NaN
  },
  "2": {
    "MAE": 0.6336086208489716,
    "RMSE": 0.6336086208489716,
    "MSE": 0.4014598844141359,
    "R2": NaN
  },
  "3": {
    "MAE": 0.6410238906981449,
    "RMSE": 0.6410238906981449,
    "MSE": 0.4109116284457872,
    "R2": NaN
  },
  "4": {
    "MAE": 0.6403519440800826,
    "RMSE": 0.6403519440800826,
    "MSE": 0.4100506122871412,
    "R2": NaN
  },
  "5": {
    "MAE": 0.6395495608734677,
    "RMSE": 0.6395495608734677,
    "MSE": 0.4090236408134454,
    "R2": NaN
  },
  "6": {
    "MAE": 0.6404805177983812,
    "RMSE": 0.6404805177983812,
    "MSE": 0.4102152936792825,
    "R2": NaN
  },
  "7": {
    "MAE": 0.6425652177397659,
    "RMSE": 0.6425652177397659,
    "MSE": 0.4128900590489528,
    "R2": NaN
  },
  "8": {
    "MAE": 0.644529623654586,
    "RMSE": 0.644529623654586,
    "MSE": 0.41541843576832227,
    "R2": NaN
  }
}