{
  "1": {
    "MAE": 0.636702856707618,
    "RMSE": 0.636702856707618,
    "MSE": 0.40539052773964146,
    "R2": NaN
  },
  "2": {
    "MAE": 0.6405093296933136,
    "RMSE": 0.6405093296933136,
    "MSE": 0.41025220142417795,
    "R2": NaN
  },
  "3": {
    "MAE": 0.6459139739475752,
    "RMSE": 0.6459139739475752,
    "MSE": 0.4172048617407489,
    "R2": NaN
  },
  "4": {
    "MAE": 0.6419685323162564,
    "RMSE": 0.6419685323162564,
    "MSE": 0.4121235964842883,
    "R2": NaN
  },
  "5": {
    "MAE": 0.6434369887569918,
    "RMSE": 0.6434369887569918,
    "MSE": 0.4140111585006653,
    "R2": NaN
  },
  "6": {
    "MAE": 0.6359755127921788,
    "RMSE": 0.6359755127921788,
    "MSE": 0.40446485287127476,
    "R2": NaN
  },
  "7": {
    "MAE": 0.6447610322374548,
    "RMSE": 0.6447610322374548,
    "MSE": 0.4157167886919083,
    "R2": NaN
  },
  "8": {
    "MAE": 0.6346059783621599,
    "RMSE": 0.6346059783621599,
    "MSE": 0.4027247477729942,
    "R2": NaN
  }
}