{
  "1": {
    "MAE": 0.6381171479850064,
    "RMSE": 0.6381171479850064,
    "MSE": 0.4071934945525186,
    "R2": NaN
  },
  "2": {
    "MAE": 0.6424803992065842,
    "RMSE": 0.6424803992065842,
    "MSE": 0.41278106336465176,
    "R2": NaN
  },
  "3": {
    "MAE": 0.6416625583832548,
    "RMSE": 0.6416625583832548,
    "MSE": 0.4117308388309439,
    "R2": NaN
  },
  "4": {
    "MAE": 0.6435181648377316,
    "RMSE": 0.6435181648377316,
    "MSE": 0.41411562847612193,
    "R2": NaN
  },
  "5": {
    "MAE": 0.6435486822879368,
    "RMSE": 0.6435486822879368,
    "MSE": 0.41415490647453984,
    "R2": NaN
  },
  "6": {
    "MAE": 0.6437839824820655,
    "RMSE": 0.6437839824820655,
    "MSE": 0.4144578161004684,
    "R2": NaN
  },
  "7": {
    "MAE": 0.6496512575782368,
    "RMSE": 0.6496512575782368,
    "MSE": 0.4220467564729846,
    "R2": NaN
  },
  "8": {
    "MAE": 0.638078596261317,
    "RMSE": 0.638078596261317,
    "MSE": 0.4071442950068128,
    "R2": NaN
  }
}